# This file uses centimeters as units for non-parametric coordinates.

mtllib Kpst8_1_1-origo.mtl
g default
v  541877.37265 6588514.90637 52.265900
v  541877.37265 6588514.90637 24.473858
v  541888.059204 6588519.00891 24.473860
v  541885.438019 6588518.00256 52.265900
v  541888.059204 6588519.00891 26.669168
v  541877.37265 6588514.90637 26.584110
v  541888.929718 6588519.34302 24.473860
v  541888.929718 6588519.34302 26.669168
v  541888.67334 6588519.24463 52.265900
v  541888.985382 6588519.19824 26.669168
v  541888.115051 6588518.86438 26.669168
v  541888.115051 6588518.86438 24.473860
v  541888.985382 6588519.19824 24.473860
v  541888.67334 6588519.24463 28.092611
v  541885.438019 6588518.00256 28.092611
v  541877.37265 6588514.90637 27.471586
v  541888.67334 6588519.24463 29.816471
v  541885.438019 6588518.00256 29.816471
v  541877.37265 6588514.90637 29.816471
v  541891.276825 6588520.24335 52.265900
v  541891.638367 6588520.38214 29.816471
v  541891.638367 6588520.38214 28.092611
v  541891.009705 6588520.14111 26.631498
v  541890.987396 6588520.13281 24.473860
v  541899.492737 6588523.3971 52.265900
v  541899.492615 6588523.3974 29.767727
v  541899.492615 6588523.3974 28.043873
v  541899.492737 6588523.3971 26.584112
v  541899.492737 6588523.3971 24.473860
v  541878.148987 6588515.20483 52.265900
v  541878.148987 6588515.20483 29.816471
v  541878.148987 6588515.20483 28.092609
v  541878.148987 6588515.20483 26.584110
v  541878.148987 6588515.20483 24.473858
v  541885.57135 6588517.65521 29.816471
v  541878.282623 6588514.85693 29.816471
v  541878.282623 6588514.85693 28.092609
v  541885.57135 6588517.65521 28.092611
v  541898.269348 6588522.92786 52.265900
v  541898.269287 6588522.92798 29.767727
v  541898.269287 6588522.92798 28.043873
v  541898.599152 6588523.05444 26.756060
v  541898.599152 6588523.05444 24.473860
v  541896.967377 6588522.42786 52.265900
v  541896.967377 6588522.42786 29.816471
v  541896.967377 6588522.42786 28.092611
v  541897.785706 6588522.74213 26.756060
v  541897.785706 6588522.74213 24.473860
v  541890.453003 6588519.92725 52.265900
v  541890.02536 6588519.76288 29.816471
v  541890.02536 6588519.76288 28.092611
v  541890.052612 6588519.7738 26.631498
v  541890.052612 6588519.7738 24.473860
v  541877.37265 6588514.90637 25.562130
v  541878.148987 6588515.20483 25.562130
v  541888.059204 6588519.00891 25.562132
v  541888.115051 6588518.86438 25.562132
v  541888.985382 6588519.19824 25.562132
v  541888.929718 6588519.34302 25.562132
v  541890.052612 6588519.7738 25.601160
v  541891.009705 6588520.14111 25.601160
v  541897.785706 6588522.74213 25.562132
v  541898.599152 6588523.05444 25.562132
v  541899.492737 6588523.3971 25.562132
v  541891.057953 6588520.01575 26.631498
v  541891.057953 6588520.01575 25.601160
v  541890.100739 6588519.64844 26.631498
v  541890.100739 6588519.64844 25.601160
v  541893.537781 6588521.11145 52.265900
v  541893.47049 6588521.08575 29.816471
v  541893.47049 6588521.08575 28.092611
v  541893.295868 6588521.01898 26.545425
v  541893.295868 6588521.01898 25.527014
v  541893.354004 6588521.04102 24.473860
v  541893.017395 6588520.91144 52.265900
v  541893.017395 6588520.91144 29.816471
v  541893.017395 6588520.91144 28.092611
v  541893.017395 6588520.91144 26.548178
v  541893.017395 6588520.91144 25.529282
v  541892.97821 6588520.89679 24.473860
v  541893.340515 6588520.90149 26.545425
v  541893.340515 6588520.90149 25.527014
v  541893.062073 6588520.79486 26.548178
v  541893.062073 6588520.79486 25.529282
v  541898.672913 6588522.86212 26.756060
v  541898.672913 6588522.86212 25.562132
v  541897.85965 6588522.55017 26.756060
v  541897.85965 6588522.55017 25.562132
v  541898.672913 6588522.86212 24.473860
v  541897.85965 6588522.55017 24.473860
v  541888.806793 6588518.89716 29.816471
v  541888.806793 6588518.89716 28.092611
v  541891.771484 6588520.03485 29.816471
v  541891.771484 6588520.03485 28.092611
v  541890.15863 6588519.41553 29.816471
v  541890.15863 6588519.41553 28.092611
v  541877.37265 6588514.90637 31.554630
v  541878.148987 6588515.20483 31.554630
v  541885.438019 6588518.00256 31.554630
v  541888.67334 6588519.24463 31.554630
v  541890.505127 6588519.94745 31.554630
v  541891.255066 6588520.23511 31.554630
v  541893.017395 6588520.91144 31.554630
v  541893.537781 6588521.11145 31.554630
v  541896.967377 6588522.42786 31.554630
v  541898.269287 6588522.92798 31.575449
v  541899.492615 6588523.3974 31.575447
v  541877.37265 6588514.90637 32.829742
v  541878.148987 6588515.20483 32.829742
v  541885.438019 6588518.00256 32.829742
v  541888.67334 6588519.24463 32.829742
v  541890.505127 6588519.94745 32.829742
v  541891.255066 6588520.23511 32.829742
v  541893.017395 6588520.91144 32.829742
v  541893.537781 6588521.11145 32.829742
v  541896.967377 6588522.42786 32.829742
v  541898.269287 6588522.92798 32.850563
v  541899.492615 6588523.3974 32.850563
v  541877.37265 6588514.90637 34.140785
v  541878.148987 6588515.20483 34.140785
v  541885.438019 6588518.00256 34.140785
v  541888.67334 6588519.24463 34.140785
v  541890.453003 6588519.92725 34.140785
v  541891.276825 6588520.24335 34.140785
v  541893.017395 6588520.91144 34.574341
v  541893.537781 6588521.11145 34.574341
v  541896.967377 6588522.42786 34.574341
v  541898.269348 6588522.92786 34.161598
v  541899.492737 6588523.3971 34.161598
v  541877.37265 6588514.90637 35.824776
v  541878.148987 6588515.20483 35.824776
v  541885.438019 6588518.00256 35.824776
v  541888.67334 6588519.24463 35.824776
v  541890.453003 6588519.92725 35.824776
v  541891.276825 6588520.24335 35.824776
v  541893.017395 6588520.91144 35.824776
v  541893.537781 6588521.11145 35.824776
v  541896.967377 6588522.42786 35.824776
v  541898.269348 6588522.92786 35.845589
v  541899.492737 6588523.3971 35.845589
v  541877.37265 6588514.90637 37.132019
v  541878.148987 6588515.20483 37.132019
v  541885.438019 6588518.00256 37.132019
v  541888.67334 6588519.24463 37.132019
v  541890.453003 6588519.92725 37.132019
v  541891.276825 6588520.24335 37.132019
v  541893.017395 6588520.91144 37.565575
v  541893.537781 6588521.11145 37.565575
v  541896.967377 6588522.42786 37.565575
v  541898.269348 6588522.92786 37.152832
v  541899.492737 6588523.3971 37.152832
v  541890.558167 6588519.80963 32.829742
v  541891.308136 6588520.09778 32.829742
v  541890.558167 6588519.80963 31.554630
v  541891.308136 6588520.09778 31.554630
v  541878.336334 6588514.71649 35.824776
v  541885.625702 6588517.51428 35.824776
v  541878.336334 6588514.71649 34.140785
v  541885.625702 6588517.51428 34.140785
v  541888.860779 6588518.75653 35.824776
v  541888.860779 6588518.75653 34.140785
v  541890.640228 6588519.43933 35.824776
v  541890.640228 6588519.43933 34.140785
v  541891.464111 6588519.75543 35.824776
v  541891.464111 6588519.75543 34.140785
v  541878.936707 6588515.50671 24.473858
v  541878.936707 6588515.50671 25.562130
v  541878.936707 6588515.50671 26.584110
v  541878.936707 6588515.50671 28.092609
v  541879.070038 6588515.15955 28.092609
v  541879.070038 6588515.15955 29.816471
v  541878.936707 6588515.50671 29.816471
v  541878.936707 6588515.50671 31.554630
v  541878.936707 6588515.50671 32.829742
v  541878.936707 6588515.50671 34.140785
v  541879.124023 6588515.01892 34.140785
v  541879.124023 6588515.01892 35.824776
v  541878.936707 6588515.50671 35.824776
v  541878.936707 6588515.50671 37.132019
v  541878.936707 6588515.50671 52.265900
v  541878.250397 6588514.93957 32.829742
v  541879.038391 6588515.242 32.829742
v  541878.250397 6588514.93957 31.554630
v  541879.038391 6588515.242 31.554630
v  541899.492737 6588523.3971 38.813942
v  541898.269348 6588522.92786 38.813942
v  541896.967377 6588522.42786 38.793121
v  541893.537781 6588521.11145 38.793121
v  541893.017395 6588520.91144 38.793121
v  541891.276825 6588520.24335 38.793121
v  541890.453003 6588519.92725 38.793121
v  541888.67334 6588519.24463 38.793121
v  541885.438019 6588518.00256 38.793121
v  541878.936707 6588515.50671 38.793121
v  541878.148987 6588515.20483 38.793121
v  541877.37265 6588514.90637 38.793121
v  541899.492737 6588523.3971 40.133606
v  541898.269348 6588522.92786 40.133606
v  541896.967377 6588522.42786 40.546349
v  541893.537781 6588521.11145 40.546349
v  541893.017395 6588520.91144 40.546349
v  541891.276825 6588520.24335 40.112785
v  541890.453003 6588519.92725 40.112785
v  541888.67334 6588519.24463 40.112785
v  541885.438019 6588518.00256 40.112785
v  541878.936707 6588515.50671 40.112785
v  541878.148987 6588515.20483 40.112785
v  541877.37265 6588514.90637 40.112785
v  541899.492737 6588523.3971 41.828232
v  541898.269348 6588522.92786 41.828232
v  541896.967377 6588522.42786 41.807419
v  541893.537781 6588521.11145 41.807419
v  541893.017395 6588520.91144 41.807419
v  541891.276825 6588520.24335 41.807419
v  541890.453003 6588519.92725 41.807419
v  541888.67334 6588519.24463 41.807419
v  541885.438019 6588518.00256 41.807419
v  541878.936707 6588515.50671 41.807419
v  541878.148987 6588515.20483 41.807419
v  541877.37265 6588514.90637 41.807419
v  541899.492737 6588523.3971 43.142532
v  541898.269348 6588522.92786 43.142532
v  541896.967377 6588522.42786 43.555275
v  541893.537781 6588521.11145 43.555275
v  541893.017395 6588520.91144 43.555275
v  541891.276825 6588520.24335 43.121704
v  541890.453003 6588519.92725 43.121704
v  541888.67334 6588519.24463 43.121704
v  541885.438019 6588518.00256 43.121704
v  541878.936707 6588515.50671 43.121704
v  541878.148987 6588515.20483 43.121704
v  541877.37265 6588514.90637 43.121704
v  541899.492737 6588523.3971 44.840134
v  541898.269348 6588522.92786 44.840134
v  541896.967377 6588522.42786 44.819313
v  541893.537781 6588521.11145 44.819313
v  541893.017395 6588520.91144 44.819313
v  541891.276825 6588520.24335 44.819313
v  541890.453003 6588519.92725 44.819313
v  541888.67334 6588519.24463 44.819313
v  541885.438019 6588518.00256 44.819313
v  541878.936707 6588515.50671 44.819313
v  541878.148987 6588515.20483 44.819313
v  541877.37265 6588514.90637 44.819313
v  541877.37265 6588514.90637 46.072685
v  541878.148987 6588515.20483 46.072685
v  541878.936707 6588515.50671 46.072685
v  541885.438019 6588518.00256 46.072685
v  541888.67334 6588519.24463 46.072685
v  541890.453003 6588519.92725 46.072685
v  541891.276825 6588520.24335 46.072685
v  541893.017395 6588520.91144 46.506248
v  541893.537781 6588521.11145 46.506248
v  541896.967377 6588522.42786 46.506248
v  541898.269348 6588522.92786 46.093506
v  541899.492737 6588523.3971 46.093506
v  541888.789093 6588518.94311 38.793121
v  541885.554047 6588517.70081 38.793121
v  541885.554047 6588517.70081 37.132019
v  541888.789093 6588518.94311 37.132019
v  541879.052338 6588515.20532 38.793121
v  541878.264587 6588514.90295 38.793121
v  541878.264587 6588514.90295 37.132019
v  541879.052338 6588515.20532 37.132019
v  541891.392395 6588519.94196 38.793121
v  541890.568634 6588519.62585 38.793121
v  541890.568634 6588519.62585 37.132019
v  541891.392395 6588519.94196 37.132019
v  541891.389893 6588519.94873 41.807419
v  541890.565887 6588519.63263 41.807419
v  541890.565887 6588519.63263 40.112785
v  541891.389893 6588519.94873 40.112785
v  541888.78656 6588518.94989 41.807419
v  541888.78656 6588518.94989 40.112785
v  541885.5513 6588517.70776 41.807419
v  541885.5513 6588517.70776 40.112785
v  541879.049713 6588515.2121 41.807419
v  541879.049713 6588515.2121 40.112785
v  541878.261932 6588514.91003 41.807419
v  541878.261932 6588514.91003 40.112785
v  541891.383301 6588519.96594 44.819313
v  541890.559448 6588519.64972 44.819313
v  541890.559448 6588519.64972 43.121704
v  541891.383301 6588519.96594 43.121704
v  541888.779846 6588518.96716 44.819313
v  541888.779846 6588518.96716 43.121704
v  541885.544708 6588517.72491 44.819313
v  541885.544708 6588517.72491 43.121704
v  541879.043121 6588515.22961 44.819313
v  541879.043121 6588515.22961 43.121704
v  541878.255554 6588514.92706 44.819313
v  541878.255554 6588514.92706 43.121704
v  541899.492737 6588523.3971 51.306015
v  541898.269348 6588522.92786 51.306015
v  541896.967377 6588522.42786 51.313553
v  541893.537781 6588521.11145 51.313553
v  541893.017395 6588520.91144 51.313553
v  541891.276825 6588520.24335 51.313553
v  541890.453003 6588519.92725 51.313553
v  541888.67334 6588519.24463 51.313553
v  541885.438019 6588518.00256 51.313553
v  541878.936707 6588515.50671 51.313553
v  541878.148987 6588515.20483 51.313553
v  541877.372559 6588514.90649 51.309784
v  541891.45578 6588519.77747 51.313553
v  541890.631775 6588519.46137 51.313553
v  541890.631775 6588519.46137 46.072685
v  541891.45578 6588519.77747 46.072685
v  541888.852173 6588518.77863 51.313553
v  541888.852173 6588518.77863 46.072685
v  541885.616913 6588517.53619 51.313553
v  541885.616913 6588517.53619 46.072685
v  541879.115173 6588515.0412 51.313553
v  541879.115173 6588515.0412 46.072685
v  541878.327789 6588514.73871 51.313553
v  541878.327789 6588514.73871 46.072685
v  541877.988098 6588514.60785 51.313553
v  541877.988098 6588514.60785 46.072685
v  541877.988098 6588514.60785 47.517059
v  541878.327789 6588514.73871 47.517059
v  541879.115173 6588515.0412 47.517059
v  541885.616913 6588517.53619 47.517059
v  541888.852173 6588518.77863 47.517059
v  541890.631775 6588519.46137 47.517059
v  541891.45578 6588519.77747 47.517059
v  541891.276825 6588520.24335 47.517059
v  541893.017395 6588520.91144 47.831627
v  541893.537781 6588521.11145 47.831627
v  541896.967377 6588522.42786 47.831627
v  541898.269348 6588522.92786 47.537880
v  541897.086365 6588522.11804 38.793121
v  541893.656494 6588520.80164 38.793121
v  541893.656494 6588520.80164 37.565575
v  541897.086365 6588522.11804 37.565575
v  541893.136261 6588520.60175 38.793121
v  541893.136261 6588520.60175 37.565575
v  541893.136261 6588520.60175 35.824776
v  541893.656494 6588520.80164 35.824776
v  541893.136261 6588520.60175 34.574341
v  541893.656494 6588520.80164 34.574341
v  541897.086365 6588522.11804 35.824776
v  541897.086365 6588522.11804 34.574341
v  541897.086365 6588522.11804 41.807419
v  541893.656494 6588520.80164 41.807419
v  541893.656494 6588520.80164 40.546349
v  541897.086365 6588522.11804 40.546349
v  541893.136261 6588520.60175 41.807419
v  541893.136261 6588520.60175 40.546349
v  541897.086365 6588522.11804 44.819313
v  541893.656494 6588520.80164 44.819313
v  541893.656494 6588520.80164 43.555275
v  541897.086365 6588522.11804 43.555275
v  541893.135803 6588520.60175 44.819313
v  541893.135803 6588520.60175 43.555275
v  541893.136261 6588520.60175 47.831627
v  541893.656494 6588520.80164 47.831627
v  541893.136261 6588520.60175 46.506248
v  541893.656494 6588520.80164 46.506248
v  541897.086365 6588522.11804 47.831627
v  541897.086365 6588522.11804 46.506248
v  541893.139008 6588520.59473 32.829742
v  541893.659302 6588520.79413 32.829742
v  541893.139008 6588520.59473 31.554630
v  541893.659302 6588520.79413 31.554630
v  541897.089111 6588522.1109 32.829742
v  541897.089111 6588522.1109 31.554630
v  541877.988098 6588514.60785 49.333420
v  541878.327789 6588514.73871 49.333420
v  541879.115173 6588515.0412 49.333420
v  541885.616913 6588517.53619 49.333420
v  541888.852173 6588518.77863 49.333420
v  541890.631775 6588519.46137 49.333420
v  541891.45578 6588519.77747 49.333420
v  541891.276825 6588520.24335 49.333420
v  541893.017395 6588520.91144 49.192772
v  541893.537781 6588521.11145 49.192772
v  541896.967377 6588522.42786 49.192772
v  541898.269348 6588522.92786 49.021225
v  541897.094482 6588522.09674 51.313553
v  541893.664917 6588520.78003 51.313553
v  541893.664917 6588520.78003 49.192772
v  541897.094482 6588522.09674 49.192772
v  541893.144226 6588520.58063 51.313553
v  541893.144226 6588520.58063 49.192772
v  541899.626587 6588523.04822 38.813942
v  541899.626587 6588523.04822 37.152832
v  541899.626587 6588523.04822 35.845589
v  541899.626587 6588523.04822 34.161598
v  541899.626587 6588523.04822 41.828232
v  541899.626587 6588523.04822 40.133606
v  541899.626587 6588523.04822 44.840134
v  541899.626587 6588523.04822 43.142532
v  541899.626587 6588523.04822 51.306015
v  541899.626587 6588523.04822 49.021225
v  541899.626587 6588523.04822 47.537880
v  541899.626587 6588523.04822 46.093506
v  541899.626648 6588523.04822 29.767727
v  541899.626648 6588523.04822 28.043873
v  541899.626648 6588523.04822 32.850563
v  541899.626648 6588523.04822 31.575447
v  541899.492767 6588523.39697 49.021225
v  541899.492767 6588523.39697 47.537888
v  541934.478973 6588536.82721 52.265900
v  541934.478973 6588536.82721 24.473860
v  541926.340637 6588533.70337 24.473860
v  541926.340637 6588533.70337 52.265900
v  541926.340637 6588533.70337 26.584112
v  541934.478973 6588536.82721 26.584112
v  541923.105164 6588532.46143 24.473860
v  541923.105164 6588532.46143 26.584112
v  541923.105164 6588532.46143 52.265900
v  541923.278656 6588532.00964 26.584112
v  541926.513794 6588533.25159 26.584112
v  541926.513794 6588533.25159 24.473860
v  541923.278656 6588532.00964 24.473860
v  541923.105164 6588532.46143 27.972618
v  541926.340637 6588533.70337 27.972618
v  541934.478973 6588536.82721 27.972618
v  541923.105164 6588532.46143 29.696476
v  541926.340637 6588533.70337 29.696476
v  541934.478973 6588536.82721 29.696476
v  541920.502197 6588531.46191 52.265900
v  541920.502197 6588531.46191 29.696476
v  541920.502197 6588531.46191 27.972618
v  541920.769257 6588531.56451 26.631498
v  541920.791382 6588531.57312 24.473860
v  541912.695221 6588528.46521 52.265900
v  541912.69519 6588528.46533 29.767727
v  541912.69519 6588528.46533 28.043873
v  541912.695221 6588528.46521 26.584112
v  541912.695221 6588528.46521 24.473860
v  541899.492737 6588523.3971 29.767727
v  541899.492737 6588523.3971 28.043873
v  541933.702454 6588536.52942 52.265900
v  541933.702454 6588536.52942 29.696476
v  541933.702454 6588536.52942 27.972618
v  541933.702454 6588536.52942 26.584112
v  541933.702454 6588536.52942 24.473860
v  541926.473969 6588533.3559 29.696476
v  541933.835754 6588536.18164 29.696476
v  541933.835754 6588536.18164 27.972618
v  541926.473969 6588533.3559 27.972618
v  541913.509552 6588528.77777 52.265900
v  541913.509399 6588528.7782 29.767727
v  541913.509399 6588528.7782 28.043873
v  541913.509552 6588528.77777 26.584112
v  541913.509552 6588528.77777 24.473860
v  541914.811523 6588529.27771 52.265900
v  541914.811523 6588529.27771 29.696476
v  541914.811523 6588529.27771 27.972618
v  541914.322845 6588529.08997 26.584112
v  541914.322845 6588529.08997 24.473860
v  541921.325989 6588531.77808 52.265900
v  541921.325989 6588531.77808 29.696476
v  541921.325989 6588531.77808 27.972618
v  541921.726288 6588531.93195 26.631498
v  541921.726288 6588531.93195 24.473860
v  541934.478973 6588536.82721 25.562132
v  541933.702454 6588536.52942 25.562132
v  541926.340637 6588533.70337 25.562132
v  541926.513794 6588533.25159 25.562132
v  541923.278656 6588532.00964 25.562132
v  541923.105164 6588532.46143 25.562132
v  541921.726288 6588531.93195 25.601160
v  541920.769257 6588531.56451 25.601160
v  541914.322845 6588529.08997 25.562132
v  541913.509552 6588528.77777 25.562132
v  541912.695221 6588528.46521 25.562132
v  541920.817078 6588531.43921 26.631498
v  541920.817078 6588531.43921 25.601160
v  541921.774261 6588531.80676 26.631498
v  541921.774261 6588531.80676 25.601160
v  541918.24118 6588530.59399 52.265900
v  541918.24118 6588530.59399 29.696476
v  541918.24118 6588530.59399 27.972618
v  541918.482849 6588530.68695 26.545425
v  541918.482849 6588530.68695 25.527014
v  541918.424835 6588530.66467 24.473860
v  541918.761566 6588530.79388 52.265900
v  541918.761566 6588530.79388 29.696476
v  541918.761566 6588530.79388 27.972618
v  541918.761566 6588530.79388 26.548178
v  541918.761566 6588530.79388 25.529282
v  541918.800507 6588530.8092 24.473860
v  541918.498383 6588530.64764 26.545425
v  541918.498383 6588530.64764 25.527014
v  541918.77655 6588530.75482 26.548178
v  541918.77655 6588530.75482 25.529282
v  541913.583344 6588528.58569 26.584112
v  541913.583344 6588528.58569 25.562132
v  541914.396515 6588528.89789 26.584112
v  541914.396515 6588528.89789 25.562132
v  541913.583344 6588528.58569 24.473860
v  541914.396515 6588528.89789 24.473860
v  541905.32605 6588525.63635 52.265900
v  541905.32605 6588525.63635 29.767727
v  541905.32605 6588525.63635 28.043873
v  541905.32605 6588525.63635 26.678930
v  541905.32605 6588525.63635 25.562132
v  541905.32605 6588525.63635 24.473860
v  541904.385284 6588525.27527 52.265900
v  541904.385284 6588525.27527 29.767727
v  541904.385284 6588525.27527 28.043873
v  541904.385284 6588525.27527 26.678930
v  541904.385284 6588525.27527 25.562132
v  541904.385284 6588525.27527 24.473860
v  541904.407837 6588525.21582 26.678930
v  541904.407837 6588525.21582 25.562132
v  541905.348663 6588525.57727 26.678930
v  541905.348663 6588525.57727 25.562132
v  541923.238556 6588532.11414 29.696476
v  541923.238556 6588532.11414 27.972618
v  541920.635712 6588531.11462 29.696476
v  541920.635712 6588531.11462 27.972618
v  541921.45929 6588531.43072 29.696476
v  541921.45932 6588531.43079 27.972618
v  541934.478973 6588536.82721 31.434635
v  541933.702454 6588536.52942 31.434635
v  541926.340637 6588533.70337 31.434635
v  541923.105164 6588532.46143 31.434635
v  541921.273712 6588531.7583 31.434635
v  541920.523865 6588531.47022 31.434635
v  541918.761566 6588530.79388 31.434635
v  541918.24118 6588530.59399 31.434635
v  541914.811523 6588529.27771 31.434635
v  541913.509399 6588528.7782 31.575449
v  541912.69519 6588528.46533 31.575447
v  541905.32605 6588525.63635 31.575447
v  541904.385284 6588525.27527 31.575447
v  541899.492737 6588523.3971 31.575447
v  541934.478973 6588536.82721 32.709747
v  541933.702454 6588536.52942 32.709747
v  541926.340637 6588533.70337 32.709747
v  541923.105164 6588532.46143 32.709747
v  541921.273712 6588531.7583 32.709747
v  541920.523865 6588531.47022 32.709747
v  541918.761566 6588530.79388 32.709747
v  541918.24118 6588530.59399 32.709747
v  541914.811523 6588529.27771 32.709747
v  541913.509399 6588528.7782 32.850563
v  541912.69519 6588528.46533 32.850563
v  541905.32605 6588525.63635 32.850563
v  541904.385284 6588525.27527 32.850563
v  541899.492737 6588523.3971 32.850563
v  541934.478973 6588536.82721 34.020790
v  541933.702454 6588536.52942 34.020790
v  541926.340637 6588533.70337 34.020790
v  541923.105164 6588532.46143 34.020790
v  541921.325989 6588531.77808 34.020790
v  541920.502197 6588531.46191 34.020790
v  541918.761566 6588530.79388 34.454346
v  541918.24118 6588530.59399 34.454346
v  541914.811523 6588529.27771 34.454346
v  541913.509552 6588528.77777 34.161598
v  541912.695343 6588528.46491 34.161598
v  541905.32605 6588525.63635 34.161598
v  541904.385284 6588525.27527 34.161598
v  541934.478973 6588536.82721 35.704781
v  541933.702454 6588536.52942 35.704781
v  541926.340637 6588533.70337 35.704781
v  541923.105164 6588532.46143 35.704781
v  541921.325989 6588531.77808 35.704781
v  541920.502197 6588531.46191 35.704781
v  541918.761566 6588530.79388 35.704781
v  541918.24118 6588530.59399 35.704781
v  541914.811523 6588529.27771 35.704781
v  541913.509552 6588528.77777 35.845589
v  541912.695343 6588528.46491 35.845589
v  541905.32605 6588525.63635 35.845589
v  541904.385284 6588525.27527 35.845589
v  541934.478973 6588536.82721 37.012024
v  541933.702454 6588536.52942 37.012024
v  541926.340637 6588533.70337 37.012024
v  541923.105164 6588532.46143 37.012024
v  541921.325989 6588531.77808 37.012024
v  541920.502197 6588531.46191 37.012024
v  541918.761566 6588530.79388 37.445580
v  541918.24118 6588530.59399 37.445580
v  541914.811523 6588529.27771 37.445580
v  541913.509552 6588528.77777 37.152832
v  541912.695343 6588528.46491 37.152832
v  541905.32605 6588525.63635 37.152832
v  541904.385284 6588525.27527 37.152832
v  541921.326538 6588531.62048 32.709747
v  541920.576447 6588531.33252 32.709747
v  541921.326538 6588531.62048 31.434635
v  541920.576447 6588531.33252 31.434635
v  541933.889709 6588536.04144 35.704781
v  541926.527863 6588533.21527 35.704781
v  541933.889709 6588536.04144 34.020790
v  541926.527863 6588533.21527 34.020790
v  541923.29248 6588531.97376 35.704781
v  541923.29248 6588531.97376 34.020790
v  541921.513367 6588531.29016 35.704781
v  541921.513367 6588531.29016 34.020790
v  541920.689514 6588530.974 35.704781
v  541920.689514 6588530.974 34.020790
v  541932.914825 6588536.22699 24.473860
v  541932.914825 6588536.22699 25.562132
v  541932.914825 6588536.22699 26.584112
v  541932.914825 6588536.22699 27.972618
v  541933.048157 6588535.87933 27.972618
v  541933.048157 6588535.87933 29.696476
v  541932.914825 6588536.22699 29.696476
v  541932.914825 6588536.22699 31.434635
v  541932.914825 6588536.22699 32.709747
v  541932.914825 6588536.22699 34.020790
v  541933.102203 6588535.73871 34.020790
v  541933.102203 6588535.73871 35.704781
v  541932.914825 6588536.22699 35.704781
v  541932.914825 6588536.22699 37.012024
v  541932.914825 6588536.22699 52.265900
v  541933.80423 6588536.26465 32.709747
v  541933.016479 6588535.96204 32.709747
v  541933.80423 6588536.26465 31.434635
v  541933.016479 6588535.96204 31.434635
v  541904.385284 6588525.27527 38.813942
v  541905.32605 6588525.63635 38.813942
v  541912.695343 6588528.46491 38.813942
v  541913.509552 6588528.77777 38.813942
v  541914.811523 6588529.27771 38.673126
v  541918.24118 6588530.59399 38.673126
v  541918.761566 6588530.79388 38.673126
v  541920.502197 6588531.46191 38.673126
v  541921.325989 6588531.77808 38.673126
v  541923.105164 6588532.46143 38.673126
v  541926.340637 6588533.70337 38.673126
v  541932.914825 6588536.22699 38.673126
v  541933.702454 6588536.52942 38.673126
v  541934.478973 6588536.82721 38.673126
v  541904.385284 6588525.27527 40.133606
v  541905.32605 6588525.63635 40.133606
v  541912.695343 6588528.46491 40.133606
v  541913.509552 6588528.77777 40.133606
v  541914.811523 6588529.27771 40.426353
v  541918.24118 6588530.59399 40.426353
v  541918.761566 6588530.79388 40.426353
v  541920.502197 6588531.46191 39.992790
v  541921.325989 6588531.77808 39.992790
v  541923.105164 6588532.46143 39.992790
v  541926.340637 6588533.70337 39.992790
v  541932.914825 6588536.22699 39.992790
v  541933.702454 6588536.52942 39.992790
v  541934.478973 6588536.82721 39.992790
v  541904.385284 6588525.27527 41.828232
v  541905.32605 6588525.63635 41.828232
v  541912.695343 6588528.46491 41.828232
v  541913.509552 6588528.77777 41.828232
v  541914.811523 6588529.27771 41.687424
v  541918.24118 6588530.59399 41.687424
v  541918.761566 6588530.79388 41.687424
v  541920.502197 6588531.46191 41.687424
v  541921.325989 6588531.77808 41.687424
v  541923.105164 6588532.46143 41.687424
v  541926.340637 6588533.70337 41.687424
v  541932.914825 6588536.22699 41.687424
v  541933.702454 6588536.52942 41.687424
v  541934.478973 6588536.82721 41.687424
v  541904.385284 6588525.27527 43.142532
v  541905.32605 6588525.63635 43.142532
v  541912.695343 6588528.46491 43.142532
v  541913.509552 6588528.77777 43.142532
v  541914.811523 6588529.27771 43.435280
v  541918.24118 6588530.59399 43.435280
v  541918.761566 6588530.79388 43.435280
v  541920.502197 6588531.46191 43.001709
v  541921.325989 6588531.77808 43.001709
v  541923.105164 6588532.46143 43.001709
v  541926.340637 6588533.70337 43.001709
v  541932.914825 6588536.22699 43.001709
v  541933.702454 6588536.52942 43.001709
v  541934.478973 6588536.82721 43.001709
v  541904.385284 6588525.27527 44.840134
v  541905.32605 6588525.63635 44.840134
v  541912.695343 6588528.46491 44.840134
v  541913.509552 6588528.77777 44.840134
v  541914.811523 6588529.27771 44.699318
v  541918.24118 6588530.59399 44.699318
v  541918.761566 6588530.79388 44.699318
v  541920.502197 6588531.46191 44.699318
v  541921.325989 6588531.77808 44.699318
v  541923.105164 6588532.46143 44.699318
v  541926.340637 6588533.70337 44.699318
v  541932.914825 6588536.22699 44.699318
v  541933.702454 6588536.52942 44.699318
v  541934.478973 6588536.82721 44.699318
v  541934.478973 6588536.82721 45.952690
v  541933.702454 6588536.52942 45.952690
v  541932.914825 6588536.22699 45.952690
v  541926.340637 6588533.70337 45.952690
v  541923.105164 6588532.46143 45.952690
v  541921.325989 6588531.77808 45.952690
v  541920.502197 6588531.46191 45.952690
v  541918.761566 6588530.79388 46.386253
v  541918.24118 6588530.59399 46.386253
v  541914.811523 6588529.27771 46.386253
v  541913.509552 6588528.77777 46.093506
v  541912.695343 6588528.46491 46.093506
v  541905.32605 6588525.63635 46.093506
v  541904.385284 6588525.27527 46.093506
v  541923.220978 6588532.16003 38.673126
v  541926.456238 6588533.40186 38.673126
v  541926.456238 6588533.40186 37.012024
v  541923.220978 6588532.16003 37.012024
v  541933.030579 6588535.92566 38.673126
v  541933.818237 6588536.22803 38.673126
v  541933.818237 6588536.22803 37.012024
v  541933.030579 6588535.92566 37.012024
v  541920.618011 6588531.16052 38.673126
v  541921.441772 6588531.47668 38.673126
v  541921.441772 6588531.47668 37.012024
v  541920.618011 6588531.16052 37.012024
v  541920.615326 6588531.16742 41.687424
v  541921.439178 6588531.48376 41.687424
v  541921.439178 6588531.48376 39.992790
v  541920.615326 6588531.16742 39.992790
v  541923.218353 6588532.16693 41.687424
v  541923.218353 6588532.16693 39.992790
v  541926.453735 6588533.40869 41.687424
v  541926.453735 6588533.40869 39.992790
v  541933.027954 6588535.93231 41.687424
v  541933.027954 6588535.93231 39.992790
v  541933.815643 6588536.23486 41.687424
v  541933.815643 6588536.23486 39.992790
v  541920.608643 6588531.18463 44.699318
v  541921.432434 6588531.50079 44.699318
v  541921.432434 6588531.50079 43.001709
v  541920.608643 6588531.18463 43.001709
v  541923.211731 6588532.1842 44.699318
v  541923.211731 6588532.1842 43.001709
v  541926.44696 6588533.42621 44.699318
v  541926.44696 6588533.42621 43.001709
v  541933.021393 6588535.94959 44.699318
v  541933.021393 6588535.94959 43.001709
v  541933.809021 6588536.25195 44.699318
v  541933.809021 6588536.25195 43.001709
v  541904.385284 6588525.27527 51.306015
v  541905.32605 6588525.63635 51.306015
v  541912.695343 6588528.46491 51.306015
v  541913.509552 6588528.77777 51.306015
v  541914.811523 6588529.27771 51.306015
v  541918.24118 6588530.59399 51.306015
v  541918.761566 6588530.79388 51.306015
v  541920.502197 6588531.46191 51.306015
v  541921.325989 6588531.77808 51.306015
v  541923.105164 6588532.46143 51.306015
v  541926.340637 6588533.70337 51.306015
v  541932.914825 6588536.22699 51.306015
v  541933.702454 6588536.52942 51.306015
v  541934.478973 6588536.82721 51.306015
v  541920.680969 6588530.99603 51.306015
v  541921.504852 6588531.31213 51.306015
v  541921.504852 6588531.31213 45.952690
v  541920.680969 6588530.99603 45.952690
v  541923.284149 6588531.99554 51.306015
v  541923.284149 6588531.99554 45.952690
v  541926.519592 6588533.23731 51.306015
v  541926.519592 6588533.23731 45.952690
v  541933.093658 6588535.76111 51.306015
v  541933.093658 6588535.76111 45.952690
v  541933.881134 6588536.06348 51.306015
v  541933.881134 6588536.06348 45.952690
v  541934.221252 6588536.19366 51.306015
v  541934.221252 6588536.19366 45.952690
v  541934.221252 6588536.19366 47.397064
v  541933.881134 6588536.06348 47.397064
v  541933.093658 6588535.76111 47.397064
v  541926.519592 6588533.23731 47.397064
v  541923.284149 6588531.99554 47.397064
v  541921.504852 6588531.31213 47.397064
v  541920.680969 6588530.99603 47.397064
v  541920.502197 6588531.46191 47.397064
v  541918.761566 6588530.79388 47.711632
v  541918.24118 6588530.59399 47.711632
v  541914.811523 6588529.27771 47.711632
v  541913.509552 6588528.77777 47.537880
v  541914.93045 6588528.96771 38.673126
v  541918.360077 6588530.28442 38.673126
v  541918.360077 6588530.28442 37.445580
v  541914.93045 6588528.96771 37.445580
v  541918.880524 6588530.48413 38.673126
v  541918.880524 6588530.48413 37.445580
v  541918.880524 6588530.48413 35.704781
v  541918.360077 6588530.28442 35.704781
v  541918.880524 6588530.48413 34.454346
v  541918.360077 6588530.28442 34.454346
v  541914.93045 6588528.96771 35.704781
v  541914.93045 6588528.96771 34.454346
v  541914.93045 6588528.96771 41.687424
v  541918.360077 6588530.28442 41.687424
v  541918.360077 6588530.28442 40.426353
v  541914.93045 6588528.96771 40.426353
v  541918.880524 6588530.48413 41.687424
v  541918.880524 6588530.48413 40.426353
v  541914.93045 6588528.96771 44.699318
v  541918.360077 6588530.28442 44.699318
v  541918.360077 6588530.28442 43.435280
v  541914.93045 6588528.96771 43.435280
v  541918.88089 6588530.48438 44.699318
v  541918.88089 6588530.48438 43.435280
v  541918.880524 6588530.48413 47.711632
v  541918.360077 6588530.28442 47.711632
v  541918.880524 6588530.48413 46.386253
v  541918.360077 6588530.28442 46.386253
v  541914.93045 6588528.96771 47.711632
v  541914.93045 6588528.96771 46.386253
v  541918.883209 6588530.47693 32.709747
v  541918.362976 6588530.27704 32.709747
v  541918.883209 6588530.47693 31.434635
v  541918.362976 6588530.27704 31.434635
v  541914.933167 6588528.96063 32.709747
v  541914.933167 6588528.96063 31.434635
v  541934.221252 6588536.19366 49.213425
v  541933.881134 6588536.06348 49.213425
v  541933.093658 6588535.76111 49.213425
v  541926.519592 6588533.23731 49.213425
v  541923.284149 6588531.99554 49.213425
v  541921.504852 6588531.31213 49.213425
v  541920.680969 6588530.99603 49.213425
v  541920.502197 6588531.46191 49.213425
v  541918.761566 6588530.79388 49.072777
v  541918.24118 6588530.59399 49.072777
v  541914.811523 6588529.27771 49.072777
v  541913.509552 6588528.77777 49.021225
v  541914.938599 6588528.94635 51.306015
v  541918.368317 6588530.26282 51.306015
v  541918.368317 6588530.26282 49.072777
v  541914.938599 6588528.94635 49.072777
v  541918.888855 6588530.46259 51.306015
v  541918.888855 6588530.46259 49.072777
v  541912.829163 6588528.11615 38.813942
v  541912.829163 6588528.11615 37.152832
v  541904.519257 6588524.92658 38.813942
v  541904.519257 6588524.92658 37.152832
v  541905.459869 6588525.2876 38.813942
v  541905.459869 6588525.2876 37.152832
v  541912.829163 6588528.11615 35.845589
v  541912.829163 6588528.11615 34.161598
v  541905.459869 6588525.2876 35.845589
v  541905.459869 6588525.2876 34.161598
v  541904.519257 6588524.92658 35.845589
v  541904.519257 6588524.92658 34.161598
v  541904.519257 6588524.92658 41.828232
v  541904.519257 6588524.92658 40.133606
v  541905.459869 6588525.2876 41.828232
v  541905.459869 6588525.2876 40.133606
v  541912.829163 6588528.11615 41.828232
v  541912.829163 6588528.11615 40.133606
v  541904.519257 6588524.92658 44.840134
v  541904.519257 6588524.92658 43.142532
v  541905.459869 6588525.2876 44.840134
v  541905.459869 6588525.2876 43.142532
v  541912.829163 6588528.11615 44.840134
v  541912.829163 6588528.11615 43.142532
v  541904.519257 6588524.92658 51.306015
v  541904.519257 6588524.92658 49.021225
v  541905.459869 6588525.2876 51.306015
v  541905.459869 6588525.2876 49.021225
v  541912.829163 6588528.11615 51.306015
v  541912.829376 6588528.11609 49.021225
v  541912.829376 6588528.11609 47.537880
v  541912.829163 6588528.11615 46.093506
v  541905.459869 6588525.2876 47.537880
v  541905.459869 6588525.2876 46.093506
v  541904.519257 6588524.92658 47.537880
v  541904.519257 6588524.92658 46.093506
v  541912.829376 6588528.11609 29.767727
v  541912.829376 6588528.11609 28.043873
v  541904.519226 6588524.92633 29.767727
v  541904.519226 6588524.92633 28.043873
v  541905.459991 6588525.28723 29.767727
v  541905.459991 6588525.28723 28.043873
v  541912.829376 6588528.11609 32.850563
v  541912.829376 6588528.11609 31.575447
v  541905.459991 6588525.28723 32.850563
v  541905.459991 6588525.28723 31.575447
v  541904.519226 6588524.92633 32.850563
v  541904.519226 6588524.92633 31.575447
v  541912.695435 6588528.46503 49.021225
v  541912.695435 6588528.46503 47.537888
v  541939.672913 6588523.29651 52.265900
v  541939.672913 6588523.29651 51.222549
v  541939.672913 6588523.29651 26.584112
v  541939.672913 6588523.29651 25.562132
v  541939.672913 6588523.29651 27.776054
v  541939.672913 6588523.29651 30.353468
v  541939.672913 6588523.29651 24.473860
v  541939.672913 6588523.29651 31.565624
v  541939.672913 6588523.29651 32.709747
v  541939.672913 6588523.29651 34.810455
v  541939.672913 6588523.29651 35.704781
v  541939.672913 6588523.29651 37.801689
v  541939.672913 6588523.29651 38.673126
v  541939.672913 6588523.29651 40.782455
v  541939.672913 6588523.29651 41.687424
v  541939.672913 6588523.29651 43.791374
v  541939.672913 6588523.29651 44.699318
v  541939.672913 6588523.29651 46.721863
v  541939.672913 6588523.29651 49.213425
v  541939.672913 6588523.29651 47.397064
v  541941.421112 6588518.74231 26.584112
v  541941.421112 6588518.74231 25.562132
v  541941.421112 6588518.74231 27.776054
v  541941.421112 6588518.74231 30.353466
v  541941.421112 6588518.74231 24.473860
v  541941.421112 6588518.74231 32.137756
v  541941.421112 6588518.74231 33.823929
v  541941.421112 6588518.74231 36.588272
v  541941.421112 6588518.74231 39.641739
v  541941.421112 6588518.74231 42.583199
v  541941.421112 6588518.74231 45.676743
v  541941.421112 6588518.74231 49.213425
v  541935.599304 6588533.90863 52.265900
v  541935.599304 6588533.90863 51.306015
v  541935.599304 6588533.90863 49.213425
v  541935.599304 6588533.90863 47.397064
v  541935.599304 6588533.90863 45.952690
v  541935.599304 6588533.90863 44.699318
v  541935.599304 6588533.90863 43.791374
v  541935.599304 6588533.90863 41.687424
v  541935.599304 6588533.90863 40.782455
v  541935.599304 6588533.90863 38.673126
v  541935.599304 6588533.90863 37.801689
v  541935.599304 6588533.90863 35.704781
v  541935.599304 6588533.90863 34.810455
v  541935.599304 6588533.90863 32.709747
v  541935.599304 6588533.90863 31.565624
v  541935.599304 6588533.90863 29.696476
v  541935.599304 6588533.90863 27.972618
v  541935.599304 6588533.90863 26.584112
v  541935.599304 6588533.90863 25.562132
v  541935.599304 6588533.90863 24.473860
v  541934.22113 6588536.19397 51.306015
v  541934.22113 6588536.19397 49.213425
v  541935.162659 6588533.74121 51.306015
v  541935.162659 6588533.74121 49.213425
v  541934.22113 6588536.19397 47.397064
v  541934.22113 6588536.19397 45.952690
v  541935.162659 6588533.74121 47.397064
v  541935.162659 6588533.74121 45.952690
v  541936.620697 6588531.24786 52.265900
v  541936.620697 6588531.24786 51.306015
v  541936.620697 6588531.24786 49.213425
v  541936.620697 6588531.24786 47.397064
v  541936.620697 6588531.24786 46.721863
v  541936.620697 6588531.24786 44.699318
v  541936.620697 6588531.24786 43.791374
v  541936.620697 6588531.24786 41.687424
v  541936.620697 6588531.24786 40.782455
v  541936.620697 6588531.24786 38.673126
v  541936.620697 6588531.24786 37.801689
v  541936.620697 6588531.24786 35.704781
v  541936.620697 6588531.24786 34.810455
v  541936.620697 6588531.24786 32.709747
v  541936.620697 6588531.24786 31.565624
v  541936.648804 6588531.17462 30.353468
v  541936.648804 6588531.17462 27.776054
v  541936.620697 6588531.24786 26.584112
v  541936.620697 6588531.24786 25.562132
v  541936.620697 6588531.24786 24.473860
v  541937.503235 6588528.94873 52.265900
v  541937.503235 6588528.94873 51.306015
v  541937.503235 6588528.94873 49.213425
v  541937.503235 6588528.94873 47.397064
v  541937.503235 6588528.94873 46.721863
v  541937.503235 6588528.94873 44.699318
v  541937.503235 6588528.94873 43.791374
v  541937.503235 6588528.94873 41.687424
v  541937.503235 6588528.94873 40.782455
v  541937.503235 6588528.94873 38.673126
v  541937.503235 6588528.94873 37.801689
v  541937.503235 6588528.94873 35.704781
v  541937.503235 6588528.94873 34.810455
v  541937.503235 6588528.94873 32.709747
v  541937.503235 6588528.94873 31.565624
v  541937.503235 6588528.94873 30.353468
v  541937.503235 6588528.94873 27.776054
v  541937.503235 6588528.94873 26.584112
v  541937.503235 6588528.94873 25.562132
v  541937.503235 6588528.94873 24.473860
v  541938.114532 6588527.35626 52.265900
v  541938.114532 6588527.35626 51.306015
v  541938.114532 6588527.35626 49.213425
v  541938.114532 6588527.35626 47.397064
v  541938.114532 6588527.35626 46.721863
v  541938.114532 6588527.35626 44.699318
v  541938.114532 6588527.35626 43.791374
v  541938.114532 6588527.35626 41.687424
v  541938.114532 6588527.35626 40.782455
v  541938.114532 6588527.35626 38.673126
v  541938.114532 6588527.35626 37.801689
v  541938.114532 6588527.35626 35.704781
v  541938.114532 6588527.35626 34.810455
v  541938.114532 6588527.35626 32.709747
v  541938.114532 6588527.35626 31.565624
v  541938.114532 6588527.35626 30.353468
v  541938.114532 6588527.35626 27.776054
v  541938.114532 6588527.35626 26.584112
v  541938.114532 6588527.35626 25.562132
v  541938.114532 6588527.35626 24.473860
v  541940.082275 6588522.2301 49.213425
v  541940.082275 6588522.2301 47.397064
v  541940.082275 6588522.2301 46.721863
v  541940.082275 6588522.2301 44.699318
v  541940.082275 6588522.2301 43.791374
v  541940.082275 6588522.2301 41.687424
v  541940.082275 6588522.2301 40.782455
v  541940.082275 6588522.2301 38.673126
v  541940.082275 6588522.2301 37.801689
v  541940.082275 6588522.2301 35.704781
v  541940.082275 6588522.2301 34.810455
v  541940.864685 6588520.19189 32.709747
v  541940.864685 6588520.19189 31.565624
v  541940.829987 6588520.28229 30.353466
v  541940.829987 6588520.28229 27.776054
v  541940.829987 6588520.28229 26.584112
v  541940.829987 6588520.28229 25.562132
v  541940.83017 6588520.28198 24.473860
v  541939.518799 6588523.23749 47.397064
v  541939.518799 6588523.23749 46.721863
v  541939.928101 6588522.17108 47.397064
v  541939.928101 6588522.17108 46.721863
v  541937.96048 6588527.29718 47.397064
v  541937.96048 6588527.29718 46.721863
v  541936.466644 6588531.18878 47.397064
v  541936.466644 6588531.18878 46.721863
v  541937.349152 6588528.88965 47.397064
v  541937.349152 6588528.88965 46.721863
v  541935.010223 6588535.4433 52.265907
v  541935.010223 6588535.4433 51.306015
v  541934.667633 6588535.03082 51.306015
v  541934.667633 6588535.03082 49.213425
v  541934.667633 6588535.03082 47.397064
v  541934.667633 6588535.03082 45.952690
v  541935.010223 6588535.4433 45.952690
v  541935.010223 6588535.4433 44.699326
v  541935.010223 6588535.4433 43.791374
v  541935.010223 6588535.4433 41.687424
v  541935.010223 6588535.4433 40.782455
v  541935.010223 6588535.4433 38.673126
v  541935.010223 6588535.4433 37.801689
v  541935.010223 6588535.4433 35.704781
v  541935.010223 6588535.4433 34.810455
v  541935.010223 6588535.4433 32.709747
v  541935.010223 6588535.4433 31.565624
v  541935.010223 6588535.4433 29.696476
v  541935.010223 6588535.4433 27.972618
v  541935.010223 6588535.4433 26.584112
v  541935.010223 6588535.4433 25.562132
v  541935.010223 6588535.4433 24.473860
v  541939.389404 6588523.18762 35.704781
v  541939.389404 6588523.18762 34.810455
v  541939.798737 6588522.12116 35.704781
v  541939.798737 6588522.12116 34.810455
v  541935.315796 6588533.79974 35.704781
v  541935.315796 6588533.79974 34.810455
v  541936.337189 6588531.13898 35.704781
v  541936.337189 6588531.13898 34.810455
v  541937.219727 6588528.83984 35.704781
v  541937.219727 6588528.83984 34.810455
v  541937.831024 6588527.24738 35.704781
v  541937.831024 6588527.24738 34.810455
v  541934.726685 6588535.33441 35.704781
v  541934.726685 6588535.33441 34.810455
v  541939.389404 6588523.18762 38.673126
v  541939.389404 6588523.18762 37.801689
v  541939.798737 6588522.12116 38.673126
v  541939.798737 6588522.12116 37.801689
v  541935.315765 6588533.79981 38.673126
v  541935.315765 6588533.79981 37.801689
v  541936.337189 6588531.13898 38.673126
v  541936.337189 6588531.13898 37.801689
v  541937.219727 6588528.83984 38.673126
v  541937.219727 6588528.83984 37.801689
v  541937.831024 6588527.24738 38.673126
v  541937.831024 6588527.24738 37.801689
v  541934.726624 6588535.33472 38.673126
v  541934.726624 6588535.33472 37.801689
v  541939.389404 6588523.18762 41.687424
v  541939.389404 6588523.18762 40.782455
v  541939.798737 6588522.12116 41.687424
v  541939.798737 6588522.12116 40.782455
v  541935.315796 6588533.79974 41.687424
v  541935.315796 6588533.79974 40.782455
v  541936.337189 6588531.13898 41.687424
v  541936.337189 6588531.13898 40.782455
v  541937.219727 6588528.83984 41.687424
v  541937.219727 6588528.83984 40.782455
v  541937.831024 6588527.24738 41.687424
v  541937.831024 6588527.24738 40.782455
v  541934.726685 6588535.33441 41.687424
v  541934.726685 6588535.33441 40.782455
v  541939.389404 6588523.18762 44.699318
v  541939.389404 6588523.18762 43.791374
v  541939.798737 6588522.12116 44.699318
v  541939.798737 6588522.12116 43.791374
v  541935.315796 6588533.79974 44.699318
v  541935.315796 6588533.79974 43.791374
v  541936.337189 6588531.13898 44.699318
v  541936.337189 6588531.13898 43.791374
v  541937.219727 6588528.83984 44.699318
v  541937.219727 6588528.83984 43.791374
v  541937.831024 6588527.24738 44.699318
v  541937.831024 6588527.24738 43.791374
v  541934.726685 6588535.33441 44.699326
v  541934.726685 6588535.33441 43.791374
v  541940.138977 6588522.08221 52.265900
v  541940.138977 6588522.08221 51.222549
v  541882.566559 6588501.37567 51.222549
v  541882.566559 6588501.37567 49.213425
v  541884.314636 6588496.82172 27.471586
v  541884.314636 6588496.82172 32.137756
v  541884.314636 6588496.82172 30.353466
v  541884.314636 6588496.82172 33.823929
v  541884.314636 6588496.82172 36.588272
v  541884.314636 6588496.82172 39.641739
v  541884.314636 6588496.82172 42.583199
v  541884.314636 6588496.82172 45.676743
v  541882.975952 6588500.30908 49.213425
v  541884.31488 6588496.82117 49.213425
v  541883.723511 6588498.36163 30.353466
v  541883.723511 6588498.36163 27.471586
v  541882.877075 6588500.56677 51.222549
v  541882.877075 6588500.56677 52.265900
v  541883.287354 6588500.72259 52.265900
v  541883.287354 6588500.72259 51.222549
v  541882.976227 6588501.53314 51.222549
v  541882.976227 6588501.53314 49.213425
v  541883.385773 6588500.46625 49.213425
v  541884.72467 6588496.97845 49.213425
v  541884.724365 6588496.97888 45.676743
v  541884.724365 6588496.97888 42.583199
v  541884.724365 6588496.97888 39.641739
v  541884.724365 6588496.97888 36.588272
v  541884.724365 6588496.97888 33.823929
v  541884.724365 6588496.97888 32.137756
v  541884.724365 6588496.97888 30.353466
v  541939.508392 6588521.84534 52.265900
v  541939.508392 6588521.84534 51.222549
v  541939.044006 6588523.05512 51.222549
v  541939.044006 6588523.05512 49.213425
v  541939.4534 6588521.98865 49.213425
v  541940.792145 6588518.5011 49.213425
v  541940.792145 6588518.5011 45.676743
v  541940.792145 6588518.5011 42.583199
v  541940.792145 6588518.5011 39.641739
v  541940.792145 6588518.5011 36.588272
v  541940.792145 6588518.5011 33.823929
v  541940.792145 6588518.5011 32.137756
v  541940.792145 6588518.5011 30.353466
v  541941.44873 6588518.67041 32.137756
v  541941.44873 6588518.67041 30.353466
v  541940.819855 6588518.42895 32.137756
v  541940.819855 6588518.42895 30.353466
v  541941.44873 6588518.67041 33.823929
v  541940.819855 6588518.42895 33.823929
v  541941.44873 6588518.67041 36.588272
v  541940.819855 6588518.42895 36.588272
v  541941.44873 6588518.67041 39.641739
v  541940.819855 6588518.42895 39.641739
v  541941.44873 6588518.67041 42.583199
v  541940.819855 6588518.42895 42.583199
v  541941.44873 6588518.67041 45.676743
v  541940.819855 6588518.42895 45.676743
v  541941.448761 6588518.67029 49.213417
v  541940.819855 6588518.42895 49.213417
v  541877.372559 6588514.90649 27.471586
v  541877.372559 6588514.90649 29.696476
v  541877.372559 6588514.90649 31.434635
v  541877.372559 6588514.90649 32.709747
v  541877.372559 6588514.90649 34.020790
v  541877.372559 6588514.90649 35.704781
v  541877.372559 6588514.90649 37.012024
v  541877.372559 6588514.90649 38.673126
v  541877.372559 6588514.90649 39.992790
v  541877.372559 6588514.90649 41.687424
v  541877.372559 6588514.90649 43.001709
v  541877.372559 6588514.90649 44.699318
v  541882.566559 6588501.37567 52.265900
v  541882.566559 6588501.37567 26.584112
v  541882.566559 6588501.37567 25.224464
v  541882.566559 6588501.37567 27.471586
v  541882.566559 6588501.37567 30.353468
v  541882.566559 6588501.37567 31.565624
v  541882.566559 6588501.37567 32.709747
v  541882.566559 6588501.37567 34.810455
v  541882.566559 6588501.37567 35.704781
v  541882.566559 6588501.37567 37.801689
v  541882.566559 6588501.37567 38.673126
v  541882.566559 6588501.37567 40.782455
v  541882.566559 6588501.37567 41.687424
v  541882.566559 6588501.37567 43.791374
v  541882.566559 6588501.37567 44.699318
v  541882.566559 6588501.37567 46.721863
v  541882.566559 6588501.37567 47.397064
v  541884.314697 6588496.82159 26.584112
v  541884.314697 6588496.82159 26.543510
v  541884.314697 6588496.82159 27.471586
v  541884.314697 6588496.82159 33.823929
v  541884.314697 6588496.82159 36.588272
v  541884.314697 6588496.82159 39.641739
v  541884.314697 6588496.82159 42.583199
v  541878.49292 6588511.98779 52.265900
v  541878.49292 6588511.98779 51.306015
v  541878.49292 6588511.98779 49.213425
v  541878.49292 6588511.98779 47.397064
v  541878.49292 6588511.98779 46.072685
v  541878.49292 6588511.98779 44.699318
v  541878.49292 6588511.98779 43.791374
v  541878.49292 6588511.98779 41.687424
v  541878.49292 6588511.98779 40.782455
v  541878.49292 6588511.98779 38.673126
v  541878.49292 6588511.98779 37.801689
v  541878.49292 6588511.98779 35.704781
v  541878.49292 6588511.98779 34.810455
v  541878.49292 6588511.98779 32.709747
v  541878.49292 6588511.98779 31.565624
v  541878.49292 6588511.98779 29.696476
v  541878.49292 6588511.98779 27.471586
v  541878.49292 6588511.98779 26.584112
v  541878.49292 6588511.98779 25.562132
v  541878.49292 6588511.98779 24.473860
v  541877.988098 6588514.60785 51.306015
v  541877.988098 6588514.60785 49.213425
v  541878.929596 6588512.15515 51.306015
v  541878.929596 6588512.15515 49.213425
v  541877.988098 6588514.60785 47.397064
v  541878.929596 6588512.15515 47.397064
v  541878.929596 6588512.15515 46.072685
v  541879.514404 6588509.32672 52.265900
v  541879.514404 6588509.32672 51.306015
v  541879.514404 6588509.32672 49.213425
v  541879.514404 6588509.32672 47.397064
v  541879.514404 6588509.32672 46.721863
v  541879.514404 6588509.32672 44.699318
v  541879.514404 6588509.32672 43.791374
v  541879.514404 6588509.32672 41.687424
v  541879.514404 6588509.32672 40.782455
v  541879.514404 6588509.32672 38.673126
v  541879.514404 6588509.32672 37.801689
v  541879.514404 6588509.32672 35.704781
v  541879.514404 6588509.32672 34.810455
v  541879.514404 6588509.32672 32.709747
v  541879.514404 6588509.32672 31.565624
v  541879.54245 6588509.25372 30.353468
v  541879.54245 6588509.25372 27.471586
v  541879.514404 6588509.32672 26.584112
v  541879.514404 6588509.32672 25.562132
v  541879.514404 6588509.32672 24.473860
v  541880.396973 6588507.02759 52.265900
v  541880.396973 6588507.02759 51.306015
v  541880.396973 6588507.02759 49.213425
v  541880.396973 6588507.02759 47.397064
v  541880.396973 6588507.02759 46.721863
v  541880.396973 6588507.02759 44.699318
v  541880.396973 6588507.02759 43.791374
v  541880.396973 6588507.02759 41.687424
v  541880.396973 6588507.02759 40.782455
v  541880.396973 6588507.02759 38.673126
v  541880.396973 6588507.02759 37.801689
v  541880.396973 6588507.02759 35.704781
v  541880.396973 6588507.02759 34.810455
v  541880.396973 6588507.02759 32.709747
v  541880.396973 6588507.02759 31.565624
v  541880.396973 6588507.02759 30.353468
v  541880.396973 6588507.02759 27.471586
v  541879.935211 6588508.23053 26.668943
v  541879.935211 6588508.23053 25.562132
v  541879.935211 6588508.23053 24.473860
v  541881.008209 6588505.4353 52.265900
v  541881.008209 6588505.4353 51.306015
v  541881.008209 6588505.4353 49.213425
v  541881.008209 6588505.4353 47.397064
v  541881.008209 6588505.4353 46.721863
v  541881.008209 6588505.4353 44.699318
v  541881.008209 6588505.4353 43.791374
v  541881.008209 6588505.4353 41.687424
v  541881.008209 6588505.4353 40.782455
v  541881.008209 6588505.4353 38.673126
v  541881.008209 6588505.4353 37.801689
v  541881.008209 6588505.4353 35.704781
v  541881.008209 6588505.4353 34.810455
v  541881.008209 6588505.4353 32.709747
v  541881.008209 6588505.4353 31.565624
v  541881.008209 6588505.4353 30.353468
v  541881.008209 6588505.4353 27.471586
v  541881.216492 6588504.8927 26.668943
v  541881.216492 6588504.8927 25.562132
v  541881.216492 6588504.8927 24.473860
v  541882.975952 6588500.30908 47.397064
v  541882.975952 6588500.30908 46.721863
v  541882.976013 6588500.30908 44.699318
v  541882.976013 6588500.30908 43.791374
v  541882.976013 6588500.30908 41.687424
v  541882.976013 6588500.30908 40.782455
v  541882.976013 6588500.30908 38.673126
v  541882.976013 6588500.30908 37.801689
v  541882.976013 6588500.30908 35.704781
v  541882.976013 6588500.30908 34.810455
v  541883.616882 6588498.6394 32.709747
v  541883.616882 6588498.6394 31.565624
v  541883.723511 6588498.36163 26.584112
v  541883.723511 6588498.36163 26.048656
v  541881.162048 6588505.49463 47.397064
v  541881.162048 6588505.49463 46.721863
v  541879.668304 6588509.38605 47.397064
v  541879.668304 6588509.38605 46.721863
v  541880.550903 6588507.08716 47.397064
v  541880.550903 6588507.08716 46.721863
v  541877.90387 6588513.5224 52.265907
v  541877.90387 6588513.5224 51.306015
v  541878.434296 6588513.44531 51.306015
v  541878.434296 6588513.44531 49.213425
v  541878.434296 6588513.44531 47.397064
v  541878.434296 6588513.44531 46.072685
v  541877.90387 6588513.5224 46.072685
v  541877.90387 6588513.5224 44.699326
v  541877.90387 6588513.5224 43.791374
v  541877.90387 6588513.5224 41.687424
v  541877.90387 6588513.5224 40.782455
v  541877.90387 6588513.5224 38.673126
v  541877.90387 6588513.5224 37.801689
v  541877.90387 6588513.5224 35.704781
v  541877.90387 6588513.5224 34.810455
v  541877.90387 6588513.5224 32.709747
v  541877.90387 6588513.5224 31.565624
v  541877.90387 6588513.5224 29.696476
v  541877.90387 6588513.5224 27.471586
v  541877.90387 6588513.5224 26.584112
v  541877.90387 6588513.5224 25.562132
v  541877.90387 6588513.5224 24.473860
v  541878.77655 6588512.09637 35.704781
v  541878.77655 6588512.09637 34.810455
v  541879.797821 6588509.43591 35.704781
v  541879.797821 6588509.43591 34.810455
v  541880.680481 6588507.13654 35.704781
v  541880.680481 6588507.13654 34.810455
v  541881.291687 6588505.54425 35.704781
v  541881.291687 6588505.54425 34.810455
v  541878.187469 6588513.63104 35.704781
v  541878.187469 6588513.63104 34.810455
v  541878.77652 6588512.09656 38.673126
v  541878.77652 6588512.09656 37.801689
v  541879.797821 6588509.43591 38.673126
v  541879.797821 6588509.43591 37.801689
v  541880.680481 6588507.13654 38.673126
v  541880.680481 6588507.13654 37.801689
v  541881.291687 6588505.54425 38.673126
v  541881.291687 6588505.54425 37.801689
v  541878.187317 6588513.6311 38.673126
v  541878.187317 6588513.6311 37.801689
v  541878.77655 6588512.09637 41.687424
v  541878.77655 6588512.09637 40.782455
v  541879.797821 6588509.43591 41.687424
v  541879.797821 6588509.43591 40.782455
v  541880.680481 6588507.13654 41.687424
v  541880.680481 6588507.13654 40.782455
v  541881.291687 6588505.54425 41.687424
v  541881.291687 6588505.54425 40.782455
v  541878.187469 6588513.63104 41.687424
v  541878.187469 6588513.63104 40.782455
v  541878.77655 6588512.09637 44.699318
v  541878.77655 6588512.09637 43.791374
v  541879.797821 6588509.43591 44.699318
v  541879.797821 6588509.43591 43.791374
v  541880.680481 6588507.13654 44.699318
v  541880.680481 6588507.13654 43.791374
v  541881.291687 6588505.54425 44.699318
v  541881.291687 6588505.54425 43.791374
v  541878.187469 6588513.63104 44.699326
v  541878.187469 6588513.63104 43.791374
v  541881.698669 6588503.63654 52.265900
v  541881.698669 6588503.63654 51.274078
v  541881.698669 6588503.63654 49.213425
v  541881.698669 6588503.63654 47.397064
v  541881.852814 6588503.6955 47.397064
v  541881.852814 6588503.6955 46.721863
v  541881.698669 6588503.63654 46.721863
v  541881.698669 6588503.63654 44.699318
v  541881.982239 6588503.74536 44.699318
v  541881.982239 6588503.74536 43.791374
v  541881.698669 6588503.63654 43.791374
v  541881.698669 6588503.63654 41.687424
v  541881.982239 6588503.74536 41.687424
v  541881.982239 6588503.74536 40.782455
v  541881.698669 6588503.63654 40.782455
v  541881.698669 6588503.63654 38.673126
v  541881.982239 6588503.74536 38.673126
v  541881.982239 6588503.74536 37.801689
v  541881.698669 6588503.63654 37.801689
v  541881.698669 6588503.63654 35.704781
v  541881.982239 6588503.74536 35.704781
v  541881.982239 6588503.74536 34.810455
v  541881.698669 6588503.63654 34.810455
v  541881.698669 6588503.63654 32.709747
v  541881.698669 6588503.63654 31.565624
v  541881.698669 6588503.63654 30.353468
v  541881.698669 6588503.63654 27.471586
v  541881.698669 6588503.63654 26.584112
v  541881.698669 6588503.63654 25.562132
v  541881.698669 6588503.63654 24.684923
v  541884.756073 6588496.8963 49.213409
v  541884.755981 6588496.89691 45.676743
v  541884.346375 6588496.73938 49.213409
v  541884.346191 6588496.73956 45.676743
v  541884.755981 6588496.89691 42.583199
v  541884.346191 6588496.73956 42.583199
v  541884.755981 6588496.89691 39.641739
v  541884.346191 6588496.73956 39.641739
v  541884.755981 6588496.89691 36.588272
v  541884.346191 6588496.73956 36.588272
v  541884.755981 6588496.89691 33.823929
v  541884.346191 6588496.73956 33.823929
v  541884.755981 6588496.89691 32.137756
v  541884.346191 6588496.73956 32.137756
v  541884.755981 6588496.89691 30.353466
v  541884.346191 6588496.73956 30.353466
v  541877.988098 6588514.60785 48.758514
v  541878.434296 6588513.44531 48.758514
v  541878.929596 6588512.15515 48.758514
v  541878.49292 6588511.98779 48.758514
v  541879.514404 6588509.32672 48.758514
v  541880.396973 6588507.02759 48.758514
v  541881.008209 6588505.4353 48.758514
v  541881.698669 6588503.63654 48.758514
v  541882.566559 6588501.37567 48.758514
v  541882.975952 6588500.30908 48.758514
v  541884.31485 6588496.82117 48.758514
v  541884.346405 6588496.73914 48.758514
v  541884.756165 6588496.89648 48.758507
v  541884.724579 6588496.97852 48.758514
v  541940.792145 6588518.5011 48.758514
v  541940.819855 6588518.42895 48.758514
v  541941.448761 6588518.67029 48.758514
v  541941.421112 6588518.74231 48.758514
v  541940.082275 6588522.2301 48.758514
v  541939.672913 6588523.29651 48.758514
v  541938.114532 6588527.35626 48.758514
v  541937.503235 6588528.94873 48.758514
v  541936.620697 6588531.24786 48.758514
v  541935.599304 6588533.90863 48.758514
v  541935.162659 6588533.74121 48.758514
v  541934.667633 6588535.03082 48.758514
v  541934.22113 6588536.19397 48.758514
v  541940.823761 6588518.4187 49.213409
v  541940.82373 6588518.41876 48.758499
v  541884.346191 6588496.73956 30.640692
v  541884.755981 6588496.89691 30.640692
v  541884.724365 6588496.97888 30.640692
v  541940.792145 6588518.5011 30.640692
v  541940.819855 6588518.42895 30.640692
v  541941.44873 6588518.67041 30.640692
v  541940.823578 6588518.41888 30.640692
v  541940.823578 6588518.41888 30.353466
v  541884.755981 6588496.89661 30.640692
v  541884.755981 6588496.89661 30.353466
v  541880.570679 6588508.47516 25.562132
v  541881.852051 6588505.13702 25.562132
v  541881.852051 6588505.13702 26.668943
v  541880.570679 6588508.47516 26.668943
v  541880.570679 6588508.47516 24.473860
v  541881.852051 6588505.13702 24.473860
v  541878.562988 6588516.48004 24.473858
v  541888.299896 6588520.21765 24.473860
v  541890.613892 6588521.10584 24.473860
v  541889.679047 6588520.74701 24.473860
v  541899.119019 6588524.37067 24.473860
v  541897.895721 6588523.90112 24.473860
v  541877.775421 6588516.17761 24.473858
v  541876.999054 6588515.87964 24.473858
v  541897.082245 6588523.58887 24.473860
v  541892.980377 6588522.0144 24.473860
v  541892.604584 6588521.87012 24.473860
v  541920.417725 6588532.54651 24.473860
v  541921.352631 6588532.90533 24.473860
v  541912.321564 6588529.43866 24.473860
v  541904.011566 6588526.24878 24.473860
v  541918.051117 6588531.63806 24.473860
v  541918.426971 6588531.78229 24.473860
v  541904.952301 6588526.60999 24.473860
v  541878.562988 6588516.48004 25.546482
v  541888.556213 6588520.31616 25.546484
v  541890.613892 6588521.10584 25.546484
v  541889.679047 6588520.74701 25.546484
v  541899.119019 6588524.37067 25.546484
v  541897.895721 6588523.90112 25.546484
v  541877.775421 6588516.17761 25.546482
v  541876.999054 6588515.87964 25.546482
v  541897.082245 6588523.58887 25.546484
v  541892.980377 6588522.0144 25.546484
v  541892.604584 6588521.87012 25.546484
v  541920.417725 6588532.54651 25.546484
v  541921.352631 6588532.90533 25.546484
v  541912.321564 6588529.43866 25.546484
v  541918.051117 6588531.63806 25.546484
v  541904.011566 6588526.24878 25.546484
v  541918.426971 6588531.78229 25.546484
v  541904.952301 6588526.60999 25.546484
v  541878.470978 6588516.71991 25.546482
v  541888.46405 6588520.55634 25.546484
v  541890.521729 6588521.34589 25.546484
v  541889.586975 6588520.98688 25.546484
v  541899.026917 6588524.6106 25.546484
v  541897.803497 6588524.14136 25.546484
v  541877.683289 6588516.41766 25.546482
v  541876.906982 6588516.11951 25.546482
v  541896.990173 6588523.8288 25.546484
v  541892.888306 6588522.25421 25.546484
v  541892.512573 6588522.11005 25.546484
v  541920.325562 6588532.78644 25.546484
v  541921.260468 6588533.14539 25.546484
v  541912.229401 6588529.67877 25.546484
v  541917.959106 6588531.87805 25.546484
v  541903.919495 6588526.48871 25.546484
v  541918.334869 6588532.02228 25.546484
v  541904.860229 6588526.84985 25.546484
v  541878.470978 6588516.71991 21.713171
v  541888.207764 6588520.45752 21.713173
v  541890.521729 6588521.34589 21.713173
v  541889.586975 6588520.98688 21.713173
v  541877.683289 6588516.41766 21.713171
v  541876.906982 6588516.11951 21.713171
v  541891.585266 6588521.75415 21.713173
v  541912.229401 6588529.67877 22.889645
v  541917.959106 6588531.87805 23.626213
v  541902.948242 6588526.11585 21.713175
v  541918.334869 6588532.02228 23.675156
v  541904.860229 6588526.84985 21.888817
v  541921.260468 6588533.14539 24.219446
v  541920.325562 6588532.78644 24.282196
v  541918.334869 6588532.02228 24.282196
v  541917.959106 6588531.87805 24.282194
v  541912.229401 6588529.67877 24.282194
v  541904.860229 6588526.84985 24.282196
v  541902.948242 6588526.11585 24.282196
v  541899.026917 6588524.6106 24.282196
v  541897.803497 6588524.14136 24.282194
v  541896.990173 6588523.8288 24.282194
v  541892.888306 6588522.25421 24.282194
v  541891.585266 6588521.75415 24.282194
v  541890.521729 6588521.34589 24.282194
v  541889.586975 6588520.98688 24.282194
v  541888.207764 6588520.45752 24.282194
v  541878.470978 6588516.71991 24.282192
v  541877.683289 6588516.41766 24.282192
v  541876.906982 6588516.11951 24.282192
v  541903.443542 6588524.82556 24.282196
v  541899.522186 6588523.32031 24.282196
v  541903.443542 6588524.82556 21.713175
v  541899.522186 6588523.32031 21.713175
v  541898.656006 6588522.98804 24.282194
v  541898.656006 6588522.98804 21.713173
v  541897.7854 6588522.65369 24.282194
v  541897.7854 6588522.65369 21.713173
v  541893.383545 6588520.96393 24.282194
v  541893.383545 6588520.96393 21.713173
v  541892.080505 6588520.46393 24.282194
v  541892.080505 6588520.46393 21.713173
v  541920.325562 6588532.78644 24.026491
v  541918.334869 6588532.02228 23.890818
v  541917.959106 6588531.87805 23.890816
v  541912.229401 6588529.67877 23.890816
v  541904.860229 6588526.84985 23.890818
v  541902.948242 6588526.11585 23.890818
v  541903.443542 6588524.82556 23.890818
v  541899.522186 6588523.32031 23.890818
v  541898.656006 6588522.98804 23.890816
v  541897.7854 6588522.65369 23.890816
v  541893.383545 6588520.96393 23.890816
v  541892.080505 6588520.46393 23.890816
v  541891.585266 6588521.75415 23.890816
v  541890.521729 6588521.34589 23.890816
v  541889.586975 6588520.98688 23.890816
v  541888.207764 6588520.45752 23.890816
v  541878.470978 6588516.71991 23.890814
v  541877.683289 6588516.41766 23.890814
v  541876.906982 6588516.11951 23.890814
v  541898.701233 6588522.86993 23.890816
v  541897.830627 6588522.53589 23.890816
v  541898.701233 6588522.86993 21.713173
v  541897.830627 6588522.53589 21.713173
v  541938.014648 6588527.31793 51.306015
v  541938.014648 6588527.31793 49.213425
v  541939.573029 6588523.25818 51.222549
v  541939.573029 6588523.25818 49.213425
v  541881.798401 6588503.67511 49.213425
v  541882.666473 6588501.4137 49.213425
v  541882.666473 6588501.4137 51.222549
v  541881.798401 6588503.67511 51.274078
v  541899.536591 6588504.43127 30.353466
v  541899.536591 6588504.43127 27.776054
v  541900.127686 6588502.8916 27.776054
v  541896.489929 6588503.26184 30.353466
v  541896.489929 6588503.26184 27.471586
v  541897.080933 6588501.72229 27.471586
v  541882.703735 6588501.42835 27.471586
v  541883.86084 6588498.414 27.471586
v  541883.86084 6588498.414 30.353466
v  541882.703735 6588501.42835 30.353468
v  541879.679687 6588509.30634 27.471586
v  541880.534088 6588507.08051 27.471586
v  541880.534088 6588507.08051 30.353468
v  541879.679687 6588509.30634 30.353468
v  541881.145325 6588505.48822 27.471586
v  541881.145325 6588505.48822 30.353468
v  541881.835785 6588503.68964 27.471586
v  541881.835785 6588503.68964 30.353468
v  541889.55899 6588500.60126 30.353466
v  541889.55899 6588500.60126 27.471586
v  541890.149963 6588499.06177 27.471586
v  541891.416138 6588501.31427 30.353466
v  541891.416138 6588501.31427 27.471586
v  541892.007141 6588499.77484 27.471586
v  541894.364075 6588502.4458 30.353466
v  541894.364075 6588502.4458 27.471586
v  541894.955078 6588500.90625 27.471586
v  541939.452545 6588523.21204 30.353468
v  541939.452545 6588523.21204 27.776054
v  541940.60968 6588520.19775 30.353466
v  541940.60968 6588520.19775 27.776054
v  541936.428528 6588531.09003 30.353468
v  541936.428528 6588531.09003 27.776054
v  541937.282898 6588528.86414 30.353468
v  541937.282898 6588528.86414 27.776054
v  541937.894257 6588527.27167 30.353468
v  541937.894257 6588527.27167 27.776054
v  541935.599304 6588533.90863 27.598063
v  541935.010223 6588535.4433 27.505690
v  541934.478973 6588536.82721 27.471609
v  541933.702454 6588536.52942 27.471609
v  541932.914825 6588536.22699 27.471609
v  541926.340637 6588533.70337 27.471609
v  541923.105164 6588532.46143 27.471609
v  541921.512299 6588531.84973 27.471609
v  541920.626434 6588531.50977 27.471609
v  541918.761566 6588530.79388 27.471609
v  541918.353607 6588530.63733 27.471609
v  541914.584137 6588529.19037 27.471609
v  541913.509399 6588528.7782 27.471609
v  541912.69519 6588528.46527 27.471609
v  541905.32605 6588525.63635 27.471609
v  541904.385223 6588525.27527 27.471609
v  541899.492737 6588523.3971 27.471609
v  541885.437988 6588518.00262 27.471563
v  541888.67334 6588519.24463 27.471563
v  541891.298157 6588520.25165 27.471563
v  541899.492615 6588523.39734 27.471563
v  541878.148987 6588515.20483 27.471563
v  541898.269318 6588522.92792 27.471563
v  541897.223419 6588522.52624 27.471563
v  541890.0401 6588519.7688 27.471563
v  541893.414093 6588521.06421 27.471563
v  541893.017395 6588520.91144 27.471563
v  541878.936707 6588515.50671 27.471563
v  541896.529938 6588522.25995 29.816471
v  541896.529938 6588522.25995 28.092611
v  541915.322479 6588529.47388 29.696476
v  541915.321686 6588529.47351 27.972618
v  541893.487823 6588521.04059 28.092611
v  541893.03476 6588520.86621 28.092611
v  541893.03476 6588520.86621 29.816471
v  541893.487823 6588521.04059 29.816471
v  541914.828918 6588529.23261 29.696476
v  541914.828918 6588529.23261 27.972618
v  541915.339844 6588529.42859 29.696476
v  541915.339081 6588529.42822 27.972618
v  541918.258575 6588530.54871 29.696476
v  541918.258575 6588530.54871 27.972618
v  541918.778931 6588530.7486 29.696476
v  541918.778931 6588530.7486 27.972618
v  541896.984772 6588522.38257 28.092611
v  541896.547302 6588522.21472 28.092611
v  541896.547302 6588522.21472 29.816471
v  541896.984772 6588522.38257 29.816471
v  541931.983185 6588516.88635 30.353466
v  541931.983185 6588516.88635 27.776054
v  541932.574371 6588515.34644 27.776054
v  541930.093353 6588516.16107 30.353466
v  541930.093353 6588516.16107 27.776054
v  541930.684479 6588514.62109 27.776054
v  541884.769928 6588496.84503 34.000927
v  541941.01828 6588518.43677 34.000927
v  541884.41153 6588497.77856 34.000927
v  541940.659943 6588519.3703 34.000927
v  541884.41153 6588497.77856 33.710011
v  541940.659943 6588519.3703 33.710011
v  541884.769928 6588496.84503 33.710011
v  541941.01828 6588518.43677 33.710011
v  541884.769928 6588496.84503 36.694389
v  541941.01828 6588518.43677 36.694389
v  541884.41153 6588497.77856 36.694389
v  541940.659943 6588519.3703 36.694389
v  541884.41153 6588497.77856 36.403473
v  541940.659943 6588519.3703 36.403469
v  541884.769928 6588496.84503 36.403473
v  541941.01828 6588518.43677 36.403469
v  541884.769928 6588496.84503 39.725204
v  541941.01828 6588518.43677 39.725204
v  541884.41153 6588497.77856 39.725204
v  541940.659943 6588519.3703 39.725204
v  541884.41153 6588497.77856 39.434284
v  541940.659943 6588519.3703 39.434284
v  541884.769928 6588496.84503 39.434284
v  541941.01828 6588518.43677 39.434284
v  541884.769928 6588496.84503 42.756023
v  541941.01828 6588518.43677 42.756023
v  541884.41153 6588497.77856 42.756023
v  541940.659943 6588519.3703 42.756023
v  541884.41153 6588497.77856 42.465107
v  541940.659943 6588519.3703 42.465107
v  541884.769928 6588496.84503 42.465107
v  541941.01828 6588518.43677 42.465107
v  541884.769928 6588496.84503 45.786839
v  541941.01828 6588518.43677 45.786839
v  541884.41153 6588497.77856 45.786839
v  541940.659943 6588519.3703 45.786839
v  541884.41153 6588497.77856 45.495918
v  541940.659943 6588519.3703 45.495918
v  541884.769928 6588496.84503 45.495918
v  541941.01828 6588518.43677 45.495918
vt -67.083069 2.669838
vt -66.868195 2.669838
vt -66.868195 2.847230
vt -67.083069 2.847230
vt -67.083069 1.216330
vt -66.868195 1.216330
vt -66.639381 2.669838
vt -66.639381 2.847230
vt -66.868195 3.022080
vt -67.083069 3.022080
vt -67.400238 2.669838
vt -67.400238 2.847230
vt -66.639381 1.216330
vt -67.400238 1.216330
vt -66.639381 3.022080
vt -67.369904 3.022080
vt -67.400238 0.487656
vt -67.083069 0.487656
vt -67.762695 3.022080
vt -67.762695 2.847230
vt -67.093025 0.177058
vt -67.400238 0.183230
vt -68.128159 2.847230
vt -68.128159 3.022080
vt -66.876404 0.177058
vt -66.868195 0.487656
vt -67.093025 -0.038485
vt -67.400238 -0.180047
vt -68.128159 2.669838
vt -67.762695 2.669838
vt -68.396225 2.847230
vt -68.396225 3.022080
vt -66.639381 0.177058
vt -66.639381 0.487656
vt -67.075516 -0.490620
vt -67.400238 -0.490620
vt -68.128159 1.216330
vt -67.762695 1.216330
vt -68.671883 2.847230
vt -68.671883 3.022080
vt -66.639381 -0.033481
vt -66.876404 -0.038485
vt -66.861282 -0.490620
vt -67.762695 -0.180047
vt -67.762695 -0.490620
vt -67.074944 -0.553385
vt -67.400238 -0.607836
vt -68.128159 0.487656
vt -67.762695 0.487656
vt -68.396225 1.216330
vt -68.396225 2.669838
vt -68.671883 2.669838
vt -69.025955 2.847230
vt -69.025955 3.022080
vt -66.639381 -0.481829
vt -68.128159 -0.490620
vt -68.128159 -0.093732
vt -67.762695 -0.607836
vt -67.083069 -1.490262
vt -67.400238 -1.380231
vt -68.128159 0.075149
vt -67.762695 0.183230
vt -68.396225 0.487656
vt -68.671883 1.216330
vt -69.300812 2.847230
vt -69.300812 3.022080
vt -66.639381 -0.566463
vt -66.860809 -0.553385
vt -68.128159 -0.607836
vt -68.396225 -0.490620
vt -68.396225 -0.093732
vt -67.762695 -1.380231
vt -66.868195 -1.490262
vt -67.083069 -1.673468
vt -67.389992 -1.673455
vt -68.396225 0.075149
vt -68.671883 0.487656
vt -69.300812 2.669838
vt -69.025955 2.669838
vt -69.650055 2.847230
vt -69.650055 3.022080
vt -66.639381 -1.490262
vt -68.128159 -1.380231
vt -68.763046 -0.490620
vt -68.671883 -0.098622
vt -67.752441 -1.673455
vt -67.083069 -1.948966
vt -67.389992 -1.948966
vt -68.671883 0.086904
vt -69.300812 1.216330
vt -69.025955 1.216330
vt -69.927528 2.847230
vt -69.927528 3.022080
vt -68.132530 -1.673455
vt -68.763046 -0.607836
vt -68.396225 -0.607836
vt -69.025955 -0.490620
vt -69.025955 -0.098622
vt -67.752441 -1.948966
vt -66.868195 -1.948966
vt -66.868195 -1.673468
vt -69.300812 0.487656
vt -69.025955 0.487656
vt -69.927528 2.669838
vt -69.650055 2.669838
vt -70.283844 2.847230
vt -70.283844 3.022080
vt -68.132530 -1.948966
vt -68.400604 -1.673455
vt -68.396225 -1.380231
vt -68.763046 -1.380231
vt -69.391968 -0.490620
vt -69.300812 -0.098622
vt -66.639381 -1.948966
vt -66.639381 -1.673468
vt -67.103004 -3.050851
vt -66.868195 -3.050851
vt -69.300812 0.086904
vt -69.025955 0.086904
vt -69.927528 1.216330
vt -69.650055 1.216330
vt -70.560181 2.847230
vt -70.560181 3.022080
vt -68.400604 -1.948966
vt -68.676270 -1.673468
vt -69.391968 -0.607836
vt -69.025955 -0.607836
vt -69.650055 -0.490620
vt -69.650055 -0.098622
vt -66.639381 -3.050851
vt -69.927528 0.487656
vt -69.650055 0.487656
vt -70.560181 2.669838
vt -70.283844 2.669838
vt -70.917114 2.847230
vt -70.917114 3.022080
vt -68.676270 -1.948966
vt -69.030319 -1.673468
vt -69.025955 -1.380231
vt -69.391968 -1.380231
vt -70.018692 -0.490620
vt -69.927528 -0.098622
vt -66.868195 -3.262724
vt -66.639381 -3.262724
vt -69.927528 0.086904
vt -69.650055 0.086904
vt -70.560181 1.216330
vt -70.283844 1.216330
vt -71.180649 2.847230
vt -71.180649 3.022080
vt -69.030319 -1.948966
vt -69.305183 -1.673468
vt -70.018692 -0.607836
vt -69.650055 -0.607836
vt -70.283844 -0.490620
vt -70.283844 -0.098622
vt -66.868195 -4.922383
vt -66.639381 -4.922383
vt -70.560181 0.487656
vt -70.283844 0.487656
vt -71.180649 2.669838
vt -70.917114 2.669838
vt -69.305183 -1.948966
vt -69.654449 -1.673468
vt -69.650055 -1.380231
vt -70.018692 -1.380231
vt -70.651344 -0.490620
vt -70.560181 -0.098622
vt -67.103004 -3.262724
vt -67.083069 -4.922383
vt -66.868195 -5.105781
vt -66.639381 -5.105781
vt -70.560181 0.086904
vt -70.283844 0.086904
vt -71.180649 1.216330
vt -70.917114 1.216330
vt -69.305183 -3.050851
vt -69.030319 -3.050851
vt -69.654449 -1.948966
vt -69.931915 -1.673468
vt -70.651344 -0.607836
vt -70.283844 -0.607836
vt -70.917114 -0.490620
vt -70.917114 -0.098622
vt -67.389992 -3.262724
vt -67.389992 -4.922383
vt -67.083069 -5.105781
vt -71.180649 0.487656
vt -70.917114 0.487656
vt -69.305183 -3.262724
vt -69.030319 -3.262724
vt -69.931915 -1.948966
vt -70.288223 -1.673468
vt -70.283844 -1.380231
vt -70.651344 -1.380231
vt -71.271805 -0.490620
vt -71.180649 -0.098622
vt -67.389992 -3.050851
vt -67.389992 -5.105781
vt -71.180649 0.086904
vt -70.917114 0.086904
vt -69.305183 -4.922383
vt -69.030319 -4.922383
vt -69.931915 -3.050851
vt -69.654449 -3.050851
vt -70.288223 -1.948966
vt -70.564560 -1.673468
vt -71.271805 -0.607836
vt -70.917114 -0.607836
vt -71.550468 -0.490620
vt -71.484329 -0.098622
vt -67.752441 -4.922383
vt -67.752441 -5.105781
vt -67.375015 -5.399016
vt -67.083069 -5.288947
vt -69.305183 -5.105781
vt -69.030319 -5.105781
vt -69.931915 -3.262724
vt -69.654449 -3.262724
vt -70.564560 -1.948966
vt -70.921494 -1.673468
vt -70.917114 -1.380231
vt -71.271805 -1.380231
vt -71.836655 -0.490620
vt -71.866226 -0.098622
vt -68.132530 -4.922383
vt -68.132530 -5.105781
vt -67.737465 -5.399016
vt -67.375015 -6.171411
vt -67.074944 -6.225849
vt -69.654449 -4.922383
vt -69.654449 -5.105781
vt -69.366745 -5.399016
vt -69.000732 -5.399016
vt -68.676270 -5.105781
vt -68.676270 -4.922383
vt -69.931915 -4.922383
vt -70.564560 -3.050851
vt -70.288223 -3.050851
vt -70.921494 -1.948966
vt -71.185028 -1.673468
vt -71.836655 -0.607836
vt -71.550468 -0.607836
vt -72.282570 -0.490620
vt -72.282570 -0.098622
vt -68.400604 -4.922383
vt -68.400604 -5.105781
vt -68.102928 -5.399016
vt -68.132530 -3.262724
vt -67.752441 -3.262724
vt -67.737465 -6.171411
vt -67.375015 -6.288615
vt -67.075516 -6.288615
vt -66.868195 -5.288947
vt -66.860809 -6.225849
vt -69.931915 -5.105781
vt -69.624840 -5.399016
vt -69.366745 -6.171411
vt -69.000732 -6.171411
vt -68.737816 -5.399016
vt -70.564560 -3.262724
vt -70.288223 -3.262724
vt -71.185028 -1.948966
vt -71.488708 -1.673468
vt -71.550468 -1.380231
vt -71.836655 -1.380231
vt -72.482811 -0.490620
vt -72.482811 -0.098622
vt -68.370987 -5.399016
vt -68.102928 -6.171411
vt -68.132530 -3.050851
vt -67.752441 -3.050851
vt -67.737465 -6.288615
vt -67.375015 -6.680626
vt -67.093025 -6.740775
vt -66.639381 -5.288947
vt -66.639381 -6.212784
vt -70.288223 -4.922383
vt -70.288223 -5.105781
vt -69.993462 -5.399016
vt -69.366745 -6.288615
vt -69.000732 -6.288615
vt -68.676270 -3.262724
vt -68.400604 -3.262724
vt -70.564560 -4.922383
vt -71.185028 -3.050851
vt -70.921494 -3.050851
vt -71.488708 -1.948966
vt -71.800598 -1.673468
vt -72.482811 -0.607836
vt -72.282570 -0.607836
vt -72.282570 0.086904
vt -72.482811 0.086904
vt -68.102928 -6.288615
vt -67.737465 -6.680626
vt -67.375015 -6.866153
vt -67.093025 -6.956318
vt -66.861282 -6.288615
vt -66.876404 -6.740775
vt -66.639381 -6.297419
vt -70.564560 -5.105781
vt -70.258606 -5.399016
vt -69.993462 -6.171411
vt -69.624840 -6.171411
vt -69.275581 -6.680626
vt -69.000732 -6.680626
vt -68.737816 -6.171411
vt -68.370987 -6.171411
vt -68.676270 -3.050851
vt -68.400604 -3.050851
vt -71.185028 -3.262724
vt -70.921494 -3.262724
vt -71.800598 -1.948966
vt -72.280983 -1.673468
vt -72.282570 -1.380231
vt -72.482811 -1.380231
vt -72.282570 0.487656
vt -72.482811 0.487656
vt -68.102928 -6.685503
vt -67.375015 -7.266879
vt -67.083069 -7.266879
vt -66.639381 -6.745767
vt -70.921494 -4.922383
vt -70.921494 -5.105781
vt -70.626114 -5.399016
vt -69.993462 -6.288615
vt -69.624840 -6.288615
vt -69.624840 -6.680626
vt -69.275581 -6.866153
vt -69.000732 -6.866153
vt -68.646652 -6.680626
vt -68.737816 -6.288615
vt -68.370987 -6.288615
vt -71.185028 -4.922383
vt -72.280983 -1.948966
vt -72.482811 -1.673468
vt -72.282570 1.216330
vt -72.482811 1.216330
vt -68.370987 -6.685503
vt -68.102928 -6.854398
vt -67.737465 -6.866153
vt -67.375015 -7.995550
vt -67.083069 -7.995550
vt -66.876404 -6.956318
vt -66.868195 -7.266879
vt -66.639381 -6.956318
vt -71.185028 -5.105781
vt -70.891876 -5.399016
vt -70.626114 -6.171411
vt -70.258606 -6.171411
vt -69.902298 -6.680626
vt -69.275581 -7.266879
vt -69.000732 -7.266879
vt -72.482811 -1.948966
vt -72.282570 2.669838
vt -72.482811 2.669838
vt -68.102928 -7.266879
vt -67.737465 -7.266879
vt -67.375015 -9.476163
vt -67.083069 -9.476163
vt -66.639381 -7.266879
vt -71.488708 -4.922410
vt -71.488708 -5.105781
vt -71.246574 -5.399016
vt -70.626114 -6.288615
vt -70.258606 -6.288615
vt -70.258606 -6.680626
vt -69.902298 -6.866153
vt -69.624840 -6.866153
vt -69.275581 -7.995550
vt -69.000732 -7.995550
vt -68.646652 -6.866153
vt -68.370987 -6.854398
vt -72.482811 -3.050851
vt -72.280983 -3.050851
vt -72.282570 2.847230
vt -72.482811 2.847230
vt -68.370987 -7.266879
vt -68.102928 -7.995550
vt -67.737465 -7.995550
vt -67.375015 -9.653555
vt -67.083069 -9.653555
vt -66.868195 -9.476163
vt -66.868195 -7.995550
vt -71.800598 -4.922410
vt -71.800598 -5.105781
vt -71.525238 -5.399016
vt -71.246574 -6.171411
vt -70.891876 -6.171411
vt -70.534950 -6.680626
vt -69.902298 -7.266879
vt -69.624840 -7.266879
vt -69.275581 -9.476163
vt -69.000732 -9.476163
vt -68.646652 -7.266879
vt -72.482811 -3.262724
vt -72.280983 -3.262724
vt -72.281769 3.022093
vt -72.482811 3.022080
vt -68.370987 -7.995550
vt -68.102928 -9.476163
vt -67.737465 -9.476163
vt -67.375015 -9.828418
vt -67.083069 -9.828418
vt -66.868195 -9.653555
vt -66.639381 -9.476163
vt -66.639381 -7.995550
vt -72.280983 -4.922383
vt -72.280983 -5.105781
vt -71.811424 -5.399016
vt -71.246574 -6.288615
vt -70.891876 -6.288615
vt -70.891876 -6.680626
vt -70.534950 -6.866153
vt -70.258606 -6.866153
vt -69.902298 -7.995550
vt -69.624840 -7.995550
vt -69.275581 -9.653555
vt -69.000732 -9.653555
vt -68.646652 -7.995550
vt -72.482811 -4.922383
vt -68.370987 -9.476163
vt -68.102928 -9.653555
vt -67.737465 -9.653555
vt -67.737465 -9.828418
vt -66.868195 -9.828418
vt -66.639381 -9.653555
vt -72.482811 -5.105781
vt -72.280983 -5.399016
vt -71.811424 -6.171411
vt -71.525238 -6.171411
vt -71.155411 -6.680626
vt -70.534950 -7.266879
vt -70.258606 -7.266879
vt -69.902298 -9.476163
vt -69.624840 -9.476163
vt -69.275581 -9.828418
vt -69.000732 -9.828418
vt -68.646652 -9.476163
vt -68.102928 -9.828418
vt -66.639381 -9.828418
vt -72.482811 -5.399016
vt -71.811424 -6.288615
vt -71.525238 -6.288615
vt -71.459099 -6.680626
vt -71.155411 -6.866153
vt -70.891876 -6.866153
vt -70.534950 -7.995550
vt -70.258606 -7.995550
vt -69.902298 -9.653555
vt -69.624840 -9.653555
vt -69.624840 -9.828418
vt -68.646652 -9.828418
vt -68.646652 -9.653555
vt -68.370987 -9.653555
vt -68.370987 -9.828418
vt -72.482811 -6.171411
vt -72.280983 -6.171411
vt -71.840996 -6.680626
vt -71.155411 -7.266879
vt -70.891876 -7.266879
vt -70.534950 -9.476163
vt -70.258606 -9.476163
vt -69.902298 -9.828418
vt -72.482811 -6.288615
vt -72.280983 -6.288615
vt -72.280983 -6.680626
vt -71.155411 -7.995550
vt -70.891876 -7.995550
vt -70.534950 -9.653555
vt -70.258606 -9.653555
vt -70.258606 -9.828418
vt -72.482811 -6.680626
vt -71.155411 -9.476163
vt -70.891876 -9.476163
vt -70.534950 -9.828418
vt -72.482811 -6.866153
vt -72.280983 -6.866153
vt -71.155411 -9.653555
vt -70.891876 -9.653555
vt -70.891876 -9.828418
vt -72.482811 -7.266879
vt -72.280983 -7.266879
vt -71.155411 -9.828418
vt -72.482811 -7.995550
vt -72.280983 -7.995550
vt -72.482811 -9.476163
vt -72.280983 -9.476163
vt -72.482811 -9.653555
vt -72.280983 -9.653555
vt -72.482811 -9.828418
vt -72.280983 -9.828418
vt -0.000031 1.000000
vt -0.000031 0.495726
vt 0.999985 0.495726
vt 0.999985 1.000000
vt -0.000031 0.000000
vt 0.999985 0.000000
vt -63.852951 9.391307
vt -63.751137 9.391307
vt -63.751202 10.119905
vt -63.852928 10.119982
vt -51.285942 10.431849
vt -51.387665 10.431849
vt -51.387665 10.216969
vt -51.285942 10.216969
vt -51.387665 9.988153
vt -51.285942 9.988153
vt -61.048851 10.246601
vt -61.150661 10.246601
vt -61.150661 10.031723
vt -61.048851 10.031723
vt -61.048851 10.475416
vt -61.150661 10.475416
vt 0.220556 0.999996
vt 0.220556 -0.000002
vt 0.461264 -0.000002
vt 0.461264 0.999996
vt 0.941408 0.999996
vt 0.941408 -0.000004
vt 1.000000 -0.000004
vt 1.000000 0.999996
vt -0.000000 -0.000002
vt 0.119996 -0.000002
vt 0.119996 0.999996
vt -0.000000 0.999996
vt -1.199099 1.000014
vt -1.199099 -0.004041
vt -1.446435 -0.004041
vt -1.446435 1.000014
vt -1.939863 1.000014
vt -1.939863 -0.004041
vt -2.000085 -0.004041
vt -2.000085 1.000014
vt -1.000084 1.000014
vt -1.000084 -0.004041
vt -1.063058 -0.004041
vt -1.063058 1.000014
vt -69.913635 10.700833
vt -70.129211 10.700833
vt -70.129211 10.484197
vt -69.913635 10.484197
vt -50.341591 1.012002
vt -50.263340 1.011989
vt -50.263321 1.189357
vt -50.341591 1.189396
vt -50.341610 -0.441507
vt -50.263340 -0.441520
vt -50.341633 -1.170179
vt -50.263405 -1.170179
vt -50.341526 -1.474605
vt -50.263298 -1.474592
vt -50.341537 -1.837882
vt -50.263329 -1.837830
vt -59.459717 10.446524
vt -59.537998 10.446524
vt -59.537998 10.084071
vt -59.459717 10.084071
vt -50.263340 4.413045
vt -50.341610 4.413007
vt -50.341599 4.235643
vt -50.263340 4.235656
vt -50.341591 2.782134
vt -50.263321 2.782146
vt -50.341526 2.053473
vt -50.263298 2.053473
vt -50.341633 1.749061
vt -50.263405 1.749049
vt -50.341610 1.385822
vt -50.263393 1.385770
vt 0.000000 0.476851
vt 1.000000 0.476851
vt 1.000000 0.999999
vt 0.000000 0.999999
vt 0.000000 -0.000001
vt 1.000000 -0.000001
vt 0.000006 1.000005
vt 0.000006 0.000005
vt 0.868288 0.000005
vt 0.868288 1.000005
vt 1.000002 0.000005
vt 1.000002 1.000005
vt -51.185150 10.747279
vt -51.213329 10.747279
vt -51.213329 10.530643
vt -51.185150 10.530643
vt -68.080627 10.570024
vt -68.052444 10.569999
vt -68.052475 10.785566
vt -68.080719 10.785566
vt -55.456383 10.703732
vt -55.484612 10.703732
vt -55.484612 10.487097
vt -55.456383 10.487097
vt -68.226791 10.746798
vt -68.255020 10.746798
vt -68.255043 10.531227
vt -68.226875 10.531253
vt 0.999939 1.000002
vt 0.000000 0.997782
vt 0.000000 0.000002
vt 0.999939 0.002697
vt -58.334774 10.584976
vt -58.361198 10.584976
vt -58.361198 10.370848
vt -58.334774 10.370848
vt -58.535534 10.645431
vt -58.509109 10.645516
vt -58.509163 10.708209
vt -58.535408 10.708197
vt -67.880135 10.747046
vt -67.906372 10.747046
vt -67.906372 10.532815
vt -67.880135 10.532815
vt -51.012688 10.714926
vt -51.038940 10.714938
vt -51.038982 10.652249
vt -51.012558 10.652160
vt -71.349884 10.232215
vt -71.393181 10.232215
vt -71.393181 10.017336
vt -71.349884 10.017336
vt -71.349884 10.461033
vt -71.393181 10.461033
vt -61.237823 10.637300
vt -61.194530 10.637326
vt -61.194530 10.820456
vt -61.237801 10.820507
vt -55.354179 10.330268
vt -55.397449 10.330268
vt -55.397449 10.115388
vt -55.354179 10.115388
vt -55.397449 9.886570
vt -55.354179 9.886570
vt -60.636597 10.446498
vt -60.714802 10.446498
vt -60.714802 10.084043
vt -60.636597 10.084043
vt 1.000015 -0.000004
vt 1.000015 0.999998
vt 0.000031 0.999998
vt 0.000031 -0.000004
vt 0.999954 -0.000004
vt 0.999954 0.999998
vt -0.000061 0.999998
vt -0.000061 -0.000004
vt 0.131693 1.000005
vt 0.131693 0.000003
vt 0.000006 0.000003
vt 0.000006 1.000005
vt 1.000006 1.000007
vt 1.000006 0.000005
vt -1.939855 1.000014
vt -1.939855 -0.004041
vt -2.000077 -0.004041
vt -2.000077 1.000014
vt -1.199095 1.000014
vt -1.199095 -0.004041
vt -1.446432 -0.004041
vt -1.446432 1.000014
vt -1.063060 1.000014
vt -1.063060 -0.004041
vt -1.000076 1.000014
vt -1.000076 -0.004041
vt 0.131704 1.000003
vt 0.131704 0.000003
vt -0.000009 0.000003
vt -0.000010 1.000003
vt 0.999987 1.000003
vt 0.999987 0.000004
vt -69.649719 10.590407
vt -69.618721 10.590343
vt -69.618721 10.759263
vt -69.649765 10.759290
vt -70.054573 10.335777
vt -70.085617 10.335777
vt -70.085617 10.067703
vt -70.054573 10.067703
vt -62.427170 10.755241
vt -62.458218 10.755216
vt -62.458218 10.586296
vt -62.427212 10.586359
vt -63.821941 10.553672
vt -63.852951 10.553672
vt -63.852951 10.285601
vt -63.821941 10.285601
vt -63.852898 9.093946
vt -63.742981 9.093932
vt -63.742989 9.271336
vt -63.852905 9.271336
vt -63.852928 7.640436
vt -63.742970 7.640384
vt -63.852951 6.911761
vt -63.743053 6.911761
vt -63.852875 6.511009
vt -63.742989 6.511023
vt -63.852852 6.325481
vt -63.742958 6.325481
vt -54.503010 10.557264
vt -54.612926 10.557264
vt -54.612926 10.203197
vt -54.503010 10.203197
vt -62.827702 9.281633
vt -62.937630 9.281633
vt -62.937630 9.104229
vt -62.827721 9.104242
vt -62.937649 7.650680
vt -62.827690 7.650732
vt -62.937561 6.922059
vt -62.827667 6.922059
vt -62.937630 6.521321
vt -62.827744 6.521308
vt -62.937649 6.335781
vt -62.827766 6.335781
vt -53.239086 10.513638
vt -53.348972 10.513638
vt -53.348972 10.159568
vt -53.239086 10.159568
vt -70.259949 10.648345
vt -70.200333 10.648332
vt -70.200348 10.825786
vt -70.259972 10.825738
vt -56.209515 10.582981
vt -56.269150 10.582981
vt -56.269150 10.314909
vt -56.209515 10.314909
vt -52.417652 10.842731
vt -52.477272 10.842782
vt -52.477272 10.665328
vt -52.417664 10.665340
vt -63.270302 10.626571
vt -63.329918 10.626571
vt -63.329918 10.358500
vt -63.270302 10.358500
vt 0.000006 1.000003
vt 0.000006 0.000003
vt 0.868288 0.000003
vt 0.868288 1.000003
vt 1.000002 0.000003
vt 1.000002 1.000003
vt -1.000100 1.000014
vt -1.000100 -0.004041
vt -1.063092 -0.004041
vt -1.063092 1.000014
vt -1.199116 -0.004041
vt -1.199116 1.000014
vt -1.446463 -0.004041
vt -1.446463 1.000014
vt -1.939884 -0.004041
vt -1.939884 1.000014
vt -2.000099 -0.004041
vt -2.000099 1.000014
vt 0.000013 1.000003
vt 0.000013 0.000003
vt 0.868204 0.000003
vt 0.868204 1.000003
vt 1.000010 0.000003
vt 1.000010 1.000003
vt -1.000121 1.000014
vt -1.000121 -0.004041
vt -1.064162 -0.004041
vt -1.064162 1.000014
vt -1.200201 -0.004041
vt -1.200201 1.000014
vt -1.447543 -0.004041
vt -1.447543 1.000014
vt -1.940962 -0.004041
vt -1.940962 1.000014
vt -2.002578 -0.004041
vt -2.002578 1.000014
vt -0.000004 1.000006
vt -0.000004 0.000006
vt 0.868221 0.000006
vt 0.868221 1.000006
vt 1.000000 0.000006
vt 1.000000 1.000006
vt 1.000000 1.000001
vt 1.000000 0.622176
vt 0.938605 0.622176
vt 0.938605 1.000001
vt 0.806007 0.622176
vt 0.806007 1.000001
vt 0.564918 0.622176
vt 0.564918 1.000001
vt 0.084003 0.622175
vt 0.084003 1.000000
vt 0.025326 0.622175
vt 0.025326 1.000000
vt 0.000001 0.622175
vt 0.000001 1.000000
vt 0.025326 0.275599
vt 0.025326 0.000000
vt 0.000001 0.000000
vt 0.000001 0.275599
vt 0.084003 0.275599
vt 0.084003 0.000000
vt 0.564918 0.275599
vt 0.564918 0.000001
vt 0.806007 0.275599
vt 0.806007 0.000001
vt 0.938605 0.275599
vt 0.938605 0.000001
vt 1.000000 0.275600
vt 1.000000 0.000001
vt -63.591427 6.280540
vt -63.523560 6.280552
vt -63.523464 7.009175
vt -63.591415 7.009214
vt -63.591362 5.879789
vt -63.523499 5.879800
vt -63.523518 8.462734
vt -63.591385 8.462723
vt -63.591343 5.694261
vt -63.523464 5.694286
vt -63.523529 8.640140
vt -63.591396 8.640114
vt -72.240524 7.584561
vt -72.308472 7.584521
vt -72.308365 6.855900
vt -72.240494 6.855888
vt -72.240540 9.038071
vt -72.308418 9.038081
vt -72.308441 6.455150
vt -72.240562 6.455136
vt -72.240540 9.215463
vt -72.308411 9.215487
vt -72.308472 6.269636
vt -72.240593 6.269609
vt -51.755650 10.575882
vt -51.823517 10.575882
vt -51.823517 10.226624
vt -51.755650 10.226624
vt -63.610733 10.575813
vt -63.678612 10.575813
vt -63.678612 10.226555
vt -63.610733 10.226555
vt -65.770607 6.303677
vt -65.704262 6.303677
vt -65.704300 6.489244
vt -65.770645 6.489204
vt -65.704361 6.889956
vt -65.770706 6.889956
vt -65.704300 7.618605
vt -65.770683 7.618630
vt -65.704330 9.072150
vt -65.770660 9.072140
vt -65.704391 9.249543
vt -65.770660 9.249531
vt -65.486404 6.499454
vt -65.552742 6.499493
vt -65.552780 6.313929
vt -65.486427 6.313929
vt -65.486328 6.900206
vt -65.552681 6.900206
vt -65.486359 7.628880
vt -65.552719 7.628853
vt -65.486389 9.082388
vt -65.552719 9.082399
vt -65.486366 9.259779
vt -65.552658 9.259792
vt -58.948620 10.492943
vt -59.014977 10.492943
vt -59.014977 10.136635
vt -58.948620 10.136635
vt -60.125484 10.493034
vt -60.191780 10.493034
vt -60.191780 10.136725
vt -60.125484 10.136725
vt -71.175156 6.301772
vt -71.112686 6.301772
vt -71.112686 6.487313
vt -71.175179 6.487300
vt -71.112762 6.888064
vt -71.175247 6.888052
vt -71.112724 7.616701
vt -71.175240 7.616726
vt -71.112732 9.070235
vt -71.175209 9.070235
vt -71.112732 9.247640
vt -71.175217 9.247625
vt -69.238594 6.501404
vt -69.301086 6.501417
vt -69.301086 6.315878
vt -69.238625 6.315878
vt -69.238518 6.902156
vt -69.301003 6.902169
vt -69.238541 7.630829
vt -69.301048 7.630803
vt -69.238564 9.084338
vt -69.301048 9.084338
vt -69.238564 9.261728
vt -69.301048 9.261742
vt -59.911373 10.495183
vt -59.973846 10.495183
vt -59.973846 10.138249
vt -59.911373 10.138249
vt -57.819283 10.495236
vt -57.881767 10.495236
vt -57.881767 10.138303
vt -57.819283 10.138303
vt -56.835636 2.923127
vt -56.730709 2.923114
vt -56.730751 3.108665
vt -56.835667 3.108651
vt -56.730812 3.509429
vt -56.835743 3.509402
vt -56.730721 4.238100
vt -56.835720 4.238074
vt -56.730774 5.691609
vt -56.835701 5.691583
vt -56.730774 5.868977
vt -56.835701 5.868977
vt -56.730740 5.945512
vt -56.835701 6.043839
vt -57.006538 3.109235
vt -57.111454 3.109248
vt -57.111488 2.923694
vt -57.006557 2.923707
vt -57.006454 3.509984
vt -57.111382 3.510010
vt -57.006474 4.238658
vt -57.111488 4.238684
vt -57.006508 5.692166
vt -57.111423 5.692194
vt -57.006493 5.869558
vt -57.111423 5.869558
vt -57.006493 6.044407
vt -57.111465 5.946095
vt -57.318172 6.044421
vt -57.373295 5.946108
vt -57.663803 6.044421
vt -57.663849 5.946095
vt -65.229919 9.114821
vt -65.334846 9.114821
vt -65.334846 8.698484
vt -65.229919 8.698484
vt -65.229919 9.496723
vt -65.334846 9.496723
vt -65.229919 9.800413
vt -65.334846 9.800413
vt 0.131704 0.000003
vt 0.131704 1.000003
vt -0.000010 1.000003
vt -0.000010 0.000003
vt 0.999987 0.000003
vt 0.999987 1.000003
vt -59.102139 9.076996
vt -59.032356 9.076983
vt -59.032368 9.849430
vt -59.102119 9.849391
vt -59.032356 9.966608
vt -59.102097 9.966608
vt -57.288994 10.074085
vt -57.358742 10.074125
vt -57.358742 9.301680
vt -57.288963 9.301690
vt -57.289005 10.191302
vt -57.358757 10.191302
vt -65.875275 10.660031
vt -65.945053 10.660031
vt -65.945053 10.401932
vt -65.875275 10.401932
vt -62.519226 10.699565
vt -62.588974 10.699565
vt -62.588974 10.441463
vt -62.519226 10.441463
vt -58.927769 9.849391
vt -58.858032 9.849430
vt -58.858009 9.966608
vt -58.927761 9.966608
vt -58.927792 9.076996
vt -58.858021 9.076983
vt -72.238724 10.662456
vt -72.308472 10.662456
vt -72.308472 10.399544
vt -72.238724 10.399544
vt -57.114670 10.191304
vt -57.184418 10.191304
vt -57.184395 10.074126
vt -57.114655 10.074088
vt -57.184418 9.301681
vt -57.114635 9.301693
vt -66.093185 10.662456
vt -66.162971 10.662456
vt -66.162971 10.399543
vt -66.093185 10.399543
vt -58.753464 9.076996
vt -58.683685 9.076983
vt -58.683685 9.849430
vt -58.753433 9.849391
vt -58.683670 9.966608
vt -58.753422 9.966608
vt -56.940308 10.074089
vt -57.010071 10.074127
vt -57.010071 9.301682
vt -56.940285 9.301694
vt -56.940331 10.191306
vt -57.010078 10.191306
vt -57.114635 10.620015
vt -57.184418 10.620015
vt -57.184418 10.354869
vt -57.114635 10.354869
vt -56.940331 10.619996
vt -57.010078 10.619996
vt -57.010078 10.354847
vt -56.940331 10.354847
vt -63.635021 8.815419
vt -63.565239 8.815406
vt -63.565247 9.587853
vt -63.634998 9.587814
vt -63.565269 9.705121
vt -63.634979 9.705031
vt -52.886955 9.681775
vt -52.956703 9.681816
vt -52.956703 8.909368
vt -52.886925 8.909381
vt -52.886967 9.798994
vt -52.956684 9.799082
vt -62.257683 10.620320
vt -62.327461 10.620320
vt -62.327461 10.354548
vt -62.257683 10.354548
vt -71.149139 10.620314
vt -71.218834 10.620314
vt -71.218834 10.354541
vt -71.149139 10.354541
vt -58.579094 9.849391
vt -58.509354 9.849430
vt -58.509335 9.966608
vt -58.579075 9.966608
vt -58.579117 9.076996
vt -58.509335 9.076983
vt -66.790581 10.539539
vt -66.860336 10.539539
vt -66.860336 10.260871
vt -66.790581 10.260871
vt -66.136803 10.234859
vt -66.206558 10.234859
vt -66.206543 10.117682
vt -66.136795 10.117643
vt -66.206543 9.345237
vt -66.136765 9.345247
vt -62.867867 10.539594
vt -62.937649 10.539594
vt -62.937649 10.260924
vt -62.867867 10.260924
vt -58.404758 9.850215
vt -58.333351 9.850267
vt -58.333359 9.967419
vt -58.404747 9.967432
vt -58.404789 9.077820
vt -58.333389 9.077807
vt -64.304581 10.577030
vt -64.375977 10.577030
vt -64.375977 10.308958
vt -64.304581 10.308958
vt -62.212482 10.190475
vt -62.283871 10.190462
vt -62.283871 10.073310
vt -62.212471 10.073258
vt -62.283829 9.300852
vt -62.212452 9.300863
vt -71.496132 10.533476
vt -71.567520 10.533476
vt -71.567520 10.265404
vt -71.496132 10.265404
vt -60.584045 9.035814
vt -60.509434 9.035814
vt -60.509415 9.808222
vt -60.584023 9.808208
vt -60.509506 9.925451
vt -60.584003 9.925426
vt -60.335106 9.810135
vt -60.409698 9.810148
vt -60.409676 9.037741
vt -60.335075 9.037741
vt -60.335106 9.927354
vt -60.409615 9.927379
vt -62.034935 10.446458
vt -62.109531 10.446458
vt -62.109531 10.000548
vt -62.034935 10.000548
vt -67.831879 10.402906
vt -67.906372 10.402906
vt -67.906372 9.956999
vt -67.831879 9.956999
vt -52.041435 10.221210
vt -51.962868 10.221210
vt -51.962868 10.570471
vt -52.041435 10.570471
vt -65.552780 10.175185
vt -65.474213 10.175185
vt -65.474213 10.529255
vt -65.552780 10.529255
vt -58.666290 10.130518
vt -58.587723 10.130518
vt -58.587723 10.486825
vt -58.666290 10.486825
vt -52.259354 10.130203
vt -52.180786 10.130203
vt -52.180786 10.487133
vt -52.259354 10.487133
vt -67.514099 9.286636
vt -67.435555 9.286636
vt -67.435532 9.767029
vt -67.514099 9.767029
vt -67.514099 8.974752
vt -67.435555 8.974754
vt -67.514099 8.671064
vt -67.435532 8.671064
vt -58.230442 10.083895
vt -58.151810 10.083895
vt -58.151810 10.446346
vt -58.230442 10.446346
vt -56.792152 10.305408
vt -56.713516 10.305408
vt -56.713516 10.573480
vt -56.792152 10.573480
vt 1.000003 1.000006
vt -0.000001 1.000006
vt -0.000001 0.515713
vt 1.000003 0.515713
vt -0.000001 0.000006
vt 1.000003 0.000006
vt -64.550308 10.163574
vt -64.550308 9.434903
vt -64.448578 9.434955
vt -64.448547 10.163562
vt -60.831005 10.031723
vt -60.831005 10.246601
vt -60.932720 10.246601
vt -60.932720 10.031723
vt -60.831005 10.475416
vt -60.932720 10.475416
vt -70.506882 10.304110
vt -70.506882 10.518989
vt -70.608643 10.518989
vt -70.608643 10.304110
vt -70.506882 10.075294
vt -70.608643 10.075294
vt -1.802884 1.000014
vt -1.557782 1.000014
vt -1.557782 -0.004041
vt -1.802884 -0.004041
vt -1.059745 1.000014
vt -1.000078 1.000014
vt -1.000078 -0.004041
vt -1.059745 -0.004041
vt -1.802890 1.000014
vt -1.557802 1.000014
vt -1.557802 -0.004041
vt -1.802890 -0.004041
vt -1.059756 1.000014
vt -1.000086 1.000014
vt -1.000086 -0.004041
vt -1.059755 -0.004041
vt -2.000088 1.000014
vt -1.937684 1.000014
vt -1.937684 -0.004041
vt -2.000088 -0.004041
vt -2.000078 -0.004041
vt -2.000078 1.000014
vt -1.937688 1.000014
vt -1.937684 -0.004041
vt -61.542927 10.700840
vt -61.542927 10.484203
vt -61.327339 10.484203
vt -61.327339 10.700840
vt -2.000077 1.000014
vt -1.629485 1.000014
vt -1.629485 -0.004041
vt -2.000077 -0.004041
vt -2.000077 -0.004041
vt -2.000077 1.000014
vt -1.629502 1.000014
vt -1.629502 -0.004041
vt -1.558243 1.000014
vt -1.000076 1.000014
vt -1.000076 -0.004041
vt -1.558243 -0.004041
vt -1.558252 -0.004041
vt -1.558252 1.000014
vt -1.000077 1.000014
vt -1.000077 -0.004041
vt -54.306004 10.019942
vt -54.612926 10.019942
vt -54.612926 8.918059
vt -54.325939 8.918059
vt -66.555222 6.386364
vt -66.555237 6.208969
vt -66.476929 6.209008
vt -66.476929 6.386389
vt -66.555222 7.866976
vt -66.476967 7.866988
vt -66.555222 8.595646
vt -66.477013 8.595634
vt -66.555145 8.996371
vt -66.476906 8.996385
vt -66.555153 9.181899
vt -66.476929 9.181861
vt -54.752544 9.953315
vt -54.752544 10.315768
vt -54.830856 10.315768
vt -54.830856 9.953315
vt -62.118393 6.250894
vt -62.118416 6.428286
vt -62.196697 6.428309
vt -62.196709 6.250932
vt -62.118416 7.908898
vt -62.196663 7.908911
vt -62.118416 8.637569
vt -62.196621 8.637558
vt -62.118477 9.038296
vt -62.196709 9.038296
vt -62.118477 9.223824
vt -62.196709 9.223784
vt 1.000000 0.515707
vt 1.000000 1.000000
vt -0.000031 1.000000
vt -0.000031 0.515707
vt 1.000000 0.000000
vt -0.000031 0.000000
vt 0.000006 1.000003
vt 0.868266 1.000003
vt 0.868266 0.000003
vt 0.000006 0.000003
vt 1.000006 1.000003
vt 1.000006 0.000003
vt -50.574944 10.487062
vt -50.574944 10.703698
vt -50.603142 10.703698
vt -50.603142 10.487062
vt -67.557678 10.741966
vt -67.557693 10.526423
vt -67.529503 10.526437
vt -67.529480 10.742016
vt -65.088737 10.530674
vt -65.088737 10.747310
vt -65.116928 10.747310
vt -65.116928 10.530674
vt -67.703819 10.574769
vt -67.703827 10.790314
vt -67.732025 10.790365
vt -67.731995 10.574782
vt 0.000183 1.000000
vt 0.000183 0.002695
vt 1.000122 0.000000
vt 1.000122 0.997780
vt -71.671921 10.576417
vt -71.671921 10.790546
vt -71.698273 10.790546
vt -71.698273 10.576417
vt -54.743671 10.708239
vt -54.743671 10.645470
vt -54.717377 10.645470
vt -54.717331 10.708149
vt -59.642460 10.370735
vt -59.642460 10.584966
vt -59.668755 10.584966
vt -59.668755 10.370735
vt -66.921173 10.695672
vt -66.921143 10.758438
vt -66.947510 10.758348
vt -66.947441 10.695672
vt -50.559891 10.115376
vt -50.559891 10.330256
vt -50.603142 10.330256
vt -50.603142 10.115376
vt -50.559891 9.886559
vt -50.603142 9.886559
vt -60.932720 10.820502
vt -60.932720 10.637340
vt -60.889469 10.637352
vt -60.889458 10.820491
vt -72.439545 9.973748
vt -72.439545 10.188627
vt -72.482811 10.188627
vt -72.482811 9.973748
vt -72.439545 10.417443
vt -72.482811 10.417443
vt -67.296181 10.709009
vt -67.296181 10.474195
vt -67.084259 10.474195
vt -67.084259 10.709009
vt -54.904659 10.441809
vt -54.904659 10.676622
vt -54.918018 10.676622
vt -54.918018 10.441809
vt -64.942581 10.776301
vt -64.942581 10.564427
vt -64.929283 10.564441
vt -64.929214 10.776349
vt -65.713821 10.398207
vt -65.713821 10.633023
vt -65.727112 10.633023
vt -65.727112 10.398207
vt -62.139763 10.627583
vt -62.139755 10.839456
vt -62.153114 10.839506
vt -62.153061 10.627595
vt -59.285423 10.084035
vt -59.285423 10.446488
vt -59.363651 10.446488
vt -59.363651 10.084035
vt -53.753410 10.054921
vt -54.133495 10.054921
vt -54.133495 8.953035
vt -53.753410 8.953035
vt 1.000000 1.000000
vt 0.000000 1.000000
vt 0.000000 -0.000002
vt 1.000000 -0.000002
vt -0.000107 -0.000004
vt 0.999893 -0.000004
vt 0.999893 0.999998
vt -0.000107 0.999998
vt 0.131735 1.000007
vt 0.000013 1.000007
vt 0.000013 0.000005
vt 0.131735 0.000005
vt 1.000010 1.000007
vt 1.000010 0.000005
vt -1.558262 1.000014
vt -1.000088 1.000014
vt -1.000088 -0.004041
vt -1.558262 -0.004041
vt -1.629513 1.000014
vt -1.629513 -0.004041
vt -2.000088 1.000014
vt -2.000088 -0.004041
vt -53.610481 10.025601
vt -53.610481 8.923717
vt -53.334824 8.923717
vt -53.334824 10.025601
vt -1.059752 1.000014
vt -1.000083 1.000014
vt -1.000083 -0.004041
vt -1.059752 -0.004041
vt -1.802877 1.000014
vt -1.557791 1.000014
vt -1.557791 -0.004041
vt -1.802877 -0.004041
vt -1.937672 1.000014
vt -1.937672 -0.004041
vt -2.000082 1.000014
vt -2.000082 -0.004041
vt 0.131739 1.000005
vt -0.000005 1.000005
vt -0.000005 0.000005
vt 0.131739 0.000005
vt 0.999998 1.000005
vt 0.999998 0.000005
vt -1.558252 1.000014
vt -1.000085 1.000014
vt -1.000085 -0.004041
vt -1.558252 -0.004041
vt -1.629495 1.000014
vt -1.629495 -0.004041
vt -2.000085 1.000014
vt -2.000085 -0.004041
vt -60.191734 10.763622
vt -60.191780 10.594726
vt -60.160736 10.594739
vt -60.160736 10.763672
vt -61.947746 10.273303
vt -61.947746 10.541376
vt -61.978775 10.541376
vt -61.978775 10.273303
vt -61.032448 10.640282
vt -61.032490 10.809176
vt -61.063477 10.809229
vt -61.063477 10.640293
vt -53.492321 10.198428
vt -53.492321 10.466502
vt -53.523308 10.466502
vt -53.523308 10.198428
vt -57.010071 6.358614
vt -57.010078 6.181220
vt -56.900185 6.181233
vt -56.900101 6.358626
vt -57.010056 7.839226
vt -56.900143 7.839252
vt -57.010071 8.567897
vt -56.900227 8.567871
vt -57.009983 8.968622
vt -56.900101 8.968610
vt -57.010006 9.154150
vt -56.900108 9.154150
vt -53.892845 10.203214
vt -53.892845 10.557283
vt -54.002739 10.557283
vt -54.002739 10.203214
vt -64.963364 6.235060
vt -64.963371 6.412451
vt -65.073334 6.412464
vt -65.073250 6.235074
vt -64.963379 7.893064
vt -65.073303 7.893089
vt -64.963371 8.621737
vt -65.073204 8.621712
vt -64.963448 9.022461
vt -65.073334 9.022449
vt -64.963440 9.207989
vt -65.073334 9.207989
vt -50.318909 10.159554
vt -50.318909 10.513624
vt -50.428806 10.513624
vt -50.428806 10.159554
vt -52.259346 10.825773
vt -52.259354 10.648379
vt -52.199722 10.648357
vt -52.199677 10.825786
vt -63.095947 10.358520
vt -63.095947 10.626589
vt -63.155590 10.626589
vt -63.155590 10.358520
vt -53.463623 10.665359
vt -53.463646 10.842751
vt -53.523308 10.842763
vt -53.523266 10.665334
vt -62.703644 10.358483
vt -62.703644 10.626555
vt -62.763313 10.626555
vt -62.763313 10.358483
vt -2.000077 1.000014
vt -1.629485 1.000014
vt -1.629485 -0.004041
vt -2.000077 -0.004041
vt -1.558243 1.000014
vt -1.558243 -0.004041
vt -1.000076 1.000014
vt -1.000076 -0.004041
vt 0.000006 1.000003
vt 0.868266 1.000003
vt 0.868266 0.000003
vt 0.000006 0.000003
vt 1.000006 1.000003
vt 1.000006 0.000003
vt -2.000080 1.000014
vt -1.937667 1.000014
vt -1.937667 -0.004041
vt -2.000080 -0.004041
vt -1.802880 1.000014
vt -1.802880 -0.004041
vt -1.557788 1.000014
vt -1.557788 -0.004041
vt -1.059758 1.000014
vt -1.059758 -0.004041
vt -1.000081 1.000014
vt -1.000081 -0.004041
vt -2.000077 1.000014
vt -1.629485 1.000014
vt -1.629485 -0.004041
vt -2.000077 -0.004041
vt -1.558243 1.000014
vt -1.558243 -0.004041
vt -1.000076 1.000014
vt -1.000076 -0.004041
vt -0.000002 0.999998
vt 0.868170 0.999998
vt 0.868170 -0.000002
vt -0.000002 -0.000002
vt 1.000006 0.999998
vt 1.000006 -0.000002
vt -2.000080 1.000014
vt -1.937675 1.000014
vt -1.937675 -0.004041
vt -2.000080 -0.004041
vt -1.802873 1.000014
vt -1.802873 -0.004041
vt -1.557787 1.000014
vt -1.557787 -0.004041
vt -1.059748 1.000014
vt -1.059748 -0.004041
vt -1.000080 1.000014
vt -1.000080 -0.004041
vt 0.999997 1.000004
vt 0.629411 1.000004
vt 0.629411 0.561676
vt 0.999998 0.561676
vt 0.558167 1.000003
vt 0.558167 0.561675
vt 0.000009 1.000004
vt -0.000002 0.561676
vt 0.558167 0.277100
vt -0.000002 0.277101
vt 0.000009 0.000004
vt 0.558167 0.000004
vt 0.629411 0.277101
vt 0.629411 0.000004
vt 0.999997 0.277101
vt 0.999998 0.000004
vt 1.000000 1.000006
vt 0.131775 1.000006
vt 0.131775 0.000006
vt 1.000000 0.000006
vt 0.000004 1.000006
vt 0.000004 0.000006
vt -1.000081 1.000014
vt -1.060925 1.000014
vt -1.060925 0.609107
vt -1.000081 0.609107
vt -1.192342 1.000014
vt -1.192342 0.609107
vt -1.431286 1.000014
vt -1.431286 0.609107
vt -1.916811 1.000014
vt -1.916811 0.609107
vt -1.974973 1.000014
vt -1.974973 0.609107
vt -2.000081 1.000014
vt -2.000081 0.609107
vt -1.974973 0.269811
vt -2.000081 0.269811
vt -2.000081 -0.004041
vt -1.974973 -0.004041
vt -1.916811 0.269811
vt -1.916811 -0.004041
vt -1.431286 0.269811
vt -1.431286 -0.004041
vt -1.192342 0.269811
vt -1.192342 -0.004041
vt -1.060925 0.269811
vt -1.060925 -0.004041
vt -1.000081 0.269811
vt -1.000081 -0.004041
vt -57.184395 8.590486
vt -57.184395 7.861814
vt -57.116508 7.861839
vt -57.116508 8.590459
vt -57.184395 6.381202
vt -57.116531 6.381188
vt -57.184334 8.991211
vt -57.116444 8.991198
vt -57.184418 6.203808
vt -57.116531 6.203798
vt -57.184334 9.176738
vt -57.116444 9.176713
vt -50.273682 6.257833
vt -50.273670 6.986506
vt -50.341557 6.986479
vt -50.341568 6.257859
vt -50.273743 7.387231
vt -50.341633 7.387218
vt -50.273670 4.777222
vt -50.341545 4.777208
vt -50.273743 7.572759
vt -50.341621 7.572732
vt -50.273659 4.599830
vt -50.341545 4.599817
vt -53.673351 10.226640
vt -53.673351 10.575898
vt -53.741241 10.575898
vt -53.741241 10.226640
vt -51.537708 10.226557
vt -51.537708 10.575816
vt -51.605598 10.575816
vt -51.605598 10.226557
vt -65.291191 6.168581
vt -65.291168 5.983054
vt -65.224876 5.983015
vt -65.224854 6.168568
vt -65.291252 5.582328
vt -65.224915 5.582302
vt -65.291252 4.853656
vt -65.224876 4.853656
vt -65.291252 3.373044
vt -65.224884 3.373044
vt -65.291275 3.195651
vt -65.224915 3.195628
vt -65.442879 5.993300
vt -65.442856 6.178826
vt -65.509193 6.178813
vt -65.509171 5.993261
vt -65.442795 5.592574
vt -65.509125 5.592549
vt -65.442795 4.863901
vt -65.509171 4.863901
vt -65.442795 3.383289
vt -65.509163 3.383289
vt -65.442780 3.205898
vt -65.509125 3.205873
vt -59.122971 10.136641
vt -59.122971 10.492949
vt -59.189304 10.492949
vt -59.189304 10.136641
vt -58.774281 10.136713
vt -58.774281 10.493019
vt -58.840630 10.493019
vt -58.840630 10.136713
vt -71.523849 6.297395
vt -71.523849 6.111866
vt -71.461395 6.111866
vt -71.461411 6.297395
vt -71.523911 5.711141
vt -71.461472 5.711116
vt -71.523911 4.982469
vt -71.461494 4.982482
vt -71.523911 3.501859
vt -71.461433 3.501845
vt -71.523933 3.324464
vt -71.461441 3.324452
vt -55.073498 8.915442
vt -55.073475 9.100968
vt -55.135929 9.100968
vt -55.135941 8.915442
vt -55.073410 8.514717
vt -55.135864 8.514691
vt -55.073421 7.786044
vt -55.135834 7.786055
vt -55.073410 6.305431
vt -55.135895 6.305418
vt -55.073410 6.128041
vt -55.135895 6.128027
vt -60.478012 10.094687
vt -60.478012 10.451622
vt -60.540451 10.451622
vt -60.540451 10.094687
vt -59.737015 10.138316
vt -59.737015 10.495250
vt -59.799511 10.495250
vt -59.799511 10.138316
vt -54.830772 9.108070
vt -54.830750 8.922542
vt -54.725822 8.922542
vt -54.725845 9.108083
vt -54.830833 8.521816
vt -54.725899 8.521791
vt -54.830833 7.793145
vt -54.725845 7.793119
vt -54.830833 6.312533
vt -54.725906 6.312533
vt -54.830856 6.135140
vt -54.725929 6.135178
vt -71.418999 2.966861
vt -71.418991 3.152386
vt -71.523911 3.152399
vt -71.523933 2.966861
vt -71.418922 2.566135
vt -71.523849 2.566108
vt -71.418922 1.837461
vt -71.523911 1.837435
vt -71.418922 0.356850
vt -71.523849 0.356850
vt -71.418900 0.179458
vt -71.523834 0.179496
vt -71.418968 0.004594
vt -71.523903 0.102922
vt -64.706909 9.328679
vt -64.706909 9.768661
vt -64.811821 9.768661
vt -64.811821 9.328679
vt -64.706909 8.946777
vt -64.811821 8.946777
vt -64.706909 8.643087
vt -64.811821 8.643087
vt -60.409698 10.803555
vt -60.409653 10.628692
vt -60.304707 10.727018
vt -60.304771 10.803594
vt 0.131739 1.000003
vt -0.000005 1.000003
vt -0.000005 0.000003
vt 0.131739 0.000003
vt 0.999999 1.000003
vt 0.999999 0.000003
vt -57.881767 9.966583
vt -57.881725 9.194188
vt -57.811996 9.194175
vt -57.811966 9.966598
vt -57.881744 9.076982
vt -57.811985 9.076972
vt -55.545609 9.375303
vt -55.545567 10.147699
vt -55.615372 10.147711
vt -55.615326 9.375290
vt -55.545586 9.258101
vt -55.615349 9.258087
vt -69.144104 10.445532
vt -69.144104 10.703632
vt -69.213928 10.703632
vt -69.213928 10.445532
vt -68.969818 10.445532
vt -68.969818 10.703632
vt -69.039581 10.703632
vt -69.039581 10.445532
vt -50.428753 9.237768
vt -50.428772 9.120562
vt -50.359016 9.120552
vt -50.359035 9.237755
vt -50.428806 10.010163
vt -50.358994 10.010176
vt -70.800400 10.399567
vt -70.800400 10.662479
vt -70.870155 10.662479
vt -70.870155 10.399567
vt -66.354691 9.258112
vt -66.354721 9.375318
vt -66.424438 9.375304
vt -66.424454 9.258101
vt -66.354668 10.147711
vt -66.424484 10.147724
vt -69.710716 10.399549
vt -69.710716 10.662461
vt -69.780518 10.662461
vt -69.780518 10.399549
vt -55.833290 10.140903
vt -55.833244 9.368507
vt -55.763519 9.368494
vt -55.763485 10.140916
vt -55.833267 9.251300
vt -55.763508 9.251290
vt -57.637669 9.418909
vt -57.637615 10.191302
vt -57.707428 10.191316
vt -57.707397 9.418896
vt -57.637638 9.301702
vt -57.707397 9.301693
vt -57.463287 10.354873
vt -57.463287 10.620022
vt -57.533092 10.620022
vt -57.533092 10.354873
vt -57.288982 10.354875
vt -57.288982 10.620022
vt -57.358757 10.620022
vt -57.358757 10.354875
vt -50.646725 9.748699
vt -50.646671 8.976305
vt -50.576954 8.976292
vt -50.576912 9.748713
vt -50.646694 8.859097
vt -50.576954 8.858996
vt -53.104874 9.026683
vt -53.104820 9.799078
vt -53.174637 9.799091
vt -53.174603 9.026670
vt -53.104843 8.909479
vt -53.174583 8.909377
vt -70.974686 10.354555
vt -70.974686 10.620328
vt -71.044510 10.620328
vt -71.044510 10.354555
vt -57.637688 10.354573
vt -57.637688 10.620346
vt -57.707428 10.620346
vt -57.707428 10.354573
vt -66.729523 9.412073
vt -66.729546 9.294866
vt -66.659790 9.294856
vt -66.659805 9.412060
vt -66.729568 10.184468
vt -66.659760 10.184481
vt -56.417305 10.260914
vt -56.417305 10.539583
vt -56.487068 10.539583
vt -56.487068 10.260914
vt -57.463310 9.301702
vt -57.463333 9.418909
vt -57.533051 9.418896
vt -57.533070 9.301693
vt -57.463280 10.191302
vt -57.533092 10.191316
vt -55.937820 10.260923
vt -55.937820 10.539593
vt -56.007637 10.539593
vt -56.007637 10.260923
vt -65.073288 9.456508
vt -65.073311 9.339304
vt -65.001938 9.339304
vt -65.001892 9.456482
vt -65.073334 10.228900
vt -65.001938 10.228911
vt -64.566109 10.352594
vt -64.566109 10.620667
vt -64.637482 10.620667
vt -64.637482 10.352594
vt -72.237045 9.344464
vt -72.237076 9.461667
vt -72.308472 9.461642
vt -72.308426 9.344464
vt -72.237030 10.234063
vt -72.308426 10.234076
vt -64.086647 10.352603
vt -64.086647 10.620675
vt -64.158043 10.620675
vt -64.158043 10.352603
vt -52.738785 9.838246
vt -52.738743 9.065852
vt -52.664154 9.065852
vt -52.664162 9.838271
vt -52.738762 8.948649
vt -52.664131 8.948624
vt -50.877228 9.024220
vt -50.877167 9.796615
vt -50.951797 9.796641
vt -50.951809 9.024220
vt -50.877197 8.907016
vt -50.951820 8.906990
vt -69.880249 9.814411
vt -69.880249 10.283964
vt -69.954865 10.283964
vt -69.954865 9.814411
vt -62.383587 9.810314
vt -62.383587 10.279868
vt -62.458218 10.279868
vt -62.458218 9.810314
vt -67.209000 6.174945
vt -67.209007 5.073061
vt -67.130470 5.073035
vt -67.130432 6.174959
vt -67.209000 4.861190
vt -67.130463 4.861201
vt -67.208954 3.201530
vt -67.130394 3.201543
vt -68.220024 5.071002
vt -68.220047 6.172886
vt -68.298615 6.172898
vt -68.298553 5.070975
vt -68.220024 4.859128
vt -68.298569 4.859141
vt -68.220078 3.199469
vt -68.298630 3.199481
vt -66.991074 4.861190
vt -66.991028 3.201530
vt -66.912468 3.201543
vt -66.912529 4.861201
vt -66.991074 5.073061
vt -66.912552 5.073035
vt -66.991066 6.174945
vt -66.912491 6.174959
vt -68.002151 3.199469
vt -68.002106 4.859128
vt -68.080650 4.859141
vt -68.080719 3.199481
vt -68.002090 5.071002
vt -68.080627 5.070975
vt -68.002106 6.172886
vt -68.080688 6.172898
vt -66.773132 6.174945
vt -66.773163 5.073061
vt -66.694626 5.073035
vt -66.694565 6.174959
vt -66.773148 4.861190
vt -66.694611 4.861201
vt -66.773094 3.201530
vt -66.694550 3.201543
vt -67.784164 5.071002
vt -67.784187 6.172886
vt -67.862755 6.172898
vt -67.862709 5.070975
vt -67.784187 4.859128
vt -67.862717 4.859141
vt -67.784225 3.199469
vt -67.862785 3.199481
vt -65.945030 6.174947
vt -65.945053 5.073063
vt -65.866501 5.073037
vt -65.866463 6.174960
vt -65.945030 4.861193
vt -65.866493 4.861202
vt -65.944992 3.201531
vt -65.866432 3.201544
vt -67.566246 5.071002
vt -67.566269 6.172886
vt -67.644836 6.172898
vt -67.644783 5.070975
vt -67.566254 4.859128
vt -67.644791 4.859141
vt -67.566307 3.199469
vt -67.644852 3.199481
vt -65.727097 6.174947
vt -65.727112 5.073063
vt -65.648590 5.073037
vt -65.648529 6.174960
vt -65.727112 4.861193
vt -65.648567 4.861202
vt -65.727066 3.201531
vt -65.648499 3.201544
vt -67.348373 3.199469
vt -67.348328 4.859128
vt -67.426872 4.859141
vt -67.426941 3.199481
vt -67.348328 5.071002
vt -67.426849 5.070975
vt -67.348335 6.172886
vt -67.426918 6.172898
vt -68.734428 6.174974
vt -68.734451 5.073090
vt -68.655861 5.073090
vt -68.655861 6.174974
vt -68.734428 4.861219
vt -68.655823 4.861229
vt -68.734482 3.201559
vt -68.655823 3.201534
vt -61.943726 5.071025
vt -61.943748 6.172908
vt -62.022316 6.172908
vt -62.022316 5.071025
vt -61.943748 4.859150
vt -62.022358 4.859163
vt -61.943695 3.199491
vt -62.022358 3.199466
vt -68.516510 4.861219
vt -68.516556 3.201559
vt -68.437889 3.201534
vt -68.437889 4.861229
vt -68.516525 5.073090
vt -68.437943 5.073090
vt -68.516502 6.174974
vt -68.437927 6.174974
vt -68.830154 3.199495
vt -68.830215 4.859154
vt -68.908821 4.859166
vt -68.908821 3.199469
vt -68.830185 5.071027
vt -68.908783 5.071027
vt -68.830215 6.172912
vt -68.908783 6.172912
vt -68.472977 10.541373
vt -68.472977 10.192115
vt -68.394409 10.192115
vt -68.394409 10.541373
vt -54.220669 10.572827
vt -54.220669 10.218757
vt -54.142101 10.218757
vt -54.142101 10.572827
vt -58.491951 10.486793
vt -58.491951 10.130486
vt -58.413395 10.130486
vt -58.413395 10.486793
vt -60.366116 10.487105
vt -60.366116 10.130173
vt -60.287560 10.130173
vt -60.287560 10.487105
vt -72.482811 9.195006
vt -72.482803 8.714613
vt -72.404236 8.714613
vt -72.404221 9.195006
vt -72.482811 9.506887
vt -72.404221 9.506887
vt -72.482803 9.810579
vt -72.404236 9.810579
vt -58.056107 10.446320
vt -58.056107 10.083869
vt -57.977440 10.083869
vt -57.977440 10.446320
vt -63.504265 10.617048
vt -63.504265 10.348976
vt -63.425598 10.348976
vt -63.425598 10.617048
vt -57.758797 8.713258
vt -57.758797 8.915080
vt -58.070477 8.915080
vt -58.070477 8.713258
vt -58.416107 8.915080
vt -58.416107 8.713258
vt -59.015358 8.915080
vt -59.015358 8.713258
vt -59.533150 8.915080
vt -59.533150 8.713258
vt -58.416107 8.273277
vt -59.015358 8.273277
vt -59.891800 8.915080
vt -59.891800 8.713258
vt -59.533150 8.273277
vt -58.416107 8.177629
vt -59.015358 8.177629
vt -60.806114 8.915080
vt -60.806114 8.695709
vt -59.891800 8.273277
vt -59.533150 8.177629
vt -58.416107 7.891375
vt -59.015358 7.891375
vt -61.079590 8.915080
vt -61.079590 8.695709
vt -60.806114 8.273277
vt -59.891800 8.177629
vt -59.533150 7.891375
vt -58.416107 7.587686
vt -59.015358 7.749409
vt -60.806114 8.177629
vt -59.891800 7.891375
vt -58.416107 7.324158
vt -59.015358 7.324158
vt -61.046288 8.273277
vt -61.046288 8.177629
vt -60.806114 7.891375
vt -59.533150 7.749409
vt -59.891800 7.749409
vt -58.070477 7.324158
vt -58.070477 7.587686
vt -59.533150 7.324158
vt -61.831821 8.273277
vt -61.831799 8.177629
vt -61.046288 7.891375
vt -59.891800 7.324158
vt -57.758797 7.324158
vt -57.758797 7.587686
vt -61.848022 8.273276
vt -61.848022 8.177629
vt -61.831799 7.529665
vt -60.806114 7.749409
vt -60.806114 7.324158
vt -57.758797 6.967222
vt -58.070477 7.133255
vt -61.847988 7.529665
vt -61.046288 7.749409
vt -61.046288 7.324156
vt -57.758797 6.690886
vt -58.070477 6.690886
vt -61.831799 6.879228
vt -61.847988 6.879228
vt -58.416107 7.133255
vt -58.416107 6.690886
vt -57.758797 6.334578
vt -58.070477 6.500608
vt -61.831799 6.260766
vt -61.847988 6.260766
vt -61.046288 7.133255
vt -59.015358 7.133255
vt -59.015358 6.690886
vt -57.758797 6.057110
vt -58.070477 6.057110
vt -61.046288 6.690886
vt -61.831799 5.618754
vt -61.847988 5.618754
vt -59.533150 7.133255
vt -59.533150 6.690886
vt -58.416107 6.500608
vt -58.416107 6.057110
vt -57.758797 5.707851
vt -58.070477 5.873885
vt -60.806114 6.690886
vt -60.806114 7.133255
vt -61.046288 6.500608
vt -61.046288 6.057110
vt -61.831799 5.037532
vt -61.847988 5.037532
vt -59.891800 7.133255
vt -59.891800 6.690886
vt -59.015358 6.500608
vt -59.015358 6.057110
vt -57.758797 5.432995
vt -58.070477 5.432995
vt -60.806114 6.057110
vt -60.806114 6.500608
vt -61.046288 5.873885
vt -61.046288 5.432995
vt -61.831799 4.683004
vt -61.847988 4.683004
vt -59.533150 6.500608
vt -59.533150 6.057110
vt -58.416107 5.873885
vt -58.416107 5.432995
vt -57.758797 5.078924
vt -58.070477 5.244956
vt -59.891800 6.057110
vt -59.891800 6.500608
vt -60.806114 5.432995
vt -60.806114 5.873885
vt -61.046288 5.244956
vt -61.422340 4.803270
vt -61.847988 4.386372
vt -61.847988 4.325980
vt -61.831799 4.325980
vt -59.015358 5.873885
vt -59.015358 5.432995
vt -57.758797 4.803270
vt -58.070477 4.803270
vt -59.891800 5.432995
vt -59.891800 5.873885
vt -60.806114 4.803270
vt -60.806114 5.244956
vt -61.422340 4.562739
vt -61.422340 4.325980
vt -59.533150 5.873885
vt -59.533150 5.432995
vt -58.416107 5.244956
vt -58.416107 4.803270
vt -57.758797 4.535198
vt -58.070477 4.562739
vt -59.891800 4.803270
vt -59.891800 5.244956
vt -60.806114 4.562739
vt -60.806114 4.267779
vt -59.015358 5.244956
vt -59.015358 4.803270
vt -58.416107 4.562739
vt -58.070477 4.169739
vt -57.758797 4.169739
vt -59.533150 4.803270
vt -59.533150 5.244956
vt -59.891800 4.562739
vt -60.806114 3.765956
vt -61.422340 3.765956
vt -59.891800 4.267779
vt -59.015358 4.562739
vt -58.416107 4.169739
vt -57.758797 3.807287
vt -58.070477 3.807287
vt -59.533150 4.562739
vt -59.891800 3.807287
vt -60.806114 3.515344
vt -61.422340 3.515344
vt -59.533150 4.267779
vt -59.015358 4.169739
vt -58.416107 3.807287
vt -57.758797 3.515344
vt -58.070477 3.515344
vt -59.533150 3.807287
vt -59.891800 3.515344
vt -61.831799 3.765956
vt -61.831799 3.515344
vt -60.806114 3.300466
vt -61.422340 3.300466
vt -59.015358 3.739360
vt -58.416107 3.515344
vt -57.758797 3.300466
vt -58.070477 3.300466
vt -59.533150 3.515344
vt -59.891800 3.300466
vt -61.831799 3.300466
vt -60.806114 3.071649
vt -61.422424 3.071649
vt -59.015358 3.515344
vt -58.416107 3.300466
vt -57.758797 3.071649
vt -58.070477 3.071649
vt -59.533150 3.300466
vt -59.891800 3.071649
vt -61.831821 3.071649
vt -59.015358 3.300466
vt -58.416107 3.071649
vt -59.533150 3.071649
vt -59.015358 3.071649
vt -1.000121 0.609105
vt -1.000121 1.000014
vt -1.475371 1.000014
vt -1.475371 0.609105
vt -1.000121 -0.004041
vt -1.000121 0.269809
vt -1.475371 0.269809
vt -1.475371 -0.004041
vt -1.000121 0.524128
vt -1.475371 0.524128
vt -2.002578 1.000014
vt -2.002578 0.609105
vt -2.002578 0.524128
vt -2.002578 0.269809
vt -2.002578 -0.004041
vt -1.921058 -0.004041
vt -1.921058 1.000014
vt -2.002578 1.000014
vt -2.002578 -0.004041
vt -1.921058 -0.004041
vt -1.921058 1.000014
vt -2.002578 1.000014
vt -2.002578 -0.004041
vt -1.921058 -0.004041
vt -1.921058 1.000014
vt -2.002578 1.000014
vt -2.002578 -0.004041
vt -1.921058 -0.004041
vt -1.921058 1.000014
vt -2.002578 1.000014
vt -2.002578 -0.004041
vt -1.118644 -0.004041
vt -1.118644 1.000014
vt -1.319831 1.000014
vt -1.319831 -0.004041
vt -1.118644 -0.004041
vt -1.118644 1.000014
vt -1.319831 1.000014
vt -1.319831 -0.004041
vt -1.118636 -0.004041
vt -1.118636 1.000014
vt -1.319831 1.000014
vt -1.319831 -0.004041
vt -1.118644 -0.004041
vt -1.118644 1.000014
vt -1.319831 1.000014
vt -1.319831 -0.004041
vt -1.493674 1.000014
vt -1.493674 -0.004041
vt -1.493674 1.000014
vt -1.493674 -0.004041
vt -1.493674 1.000014
vt -1.493674 -0.004041
vt -1.493674 1.000014
vt -1.493674 -0.004041
vt -1.614089 1.000014
vt -1.614089 -0.004041
vt -1.614089 1.000014
vt -1.614089 -0.004041
vt -1.614089 1.000014
vt -1.614089 -0.004041
vt -1.614089 1.000014
vt -1.614089 -0.004041
vt -1.000121 -0.004041
vt -1.000121 1.000014
vt -1.000121 -0.004041
vt -1.000121 1.000014
vt -1.000121 -0.004041
vt -1.000121 1.000014
vt -1.000121 -0.004041
vt -1.000121 1.000014
vt -1.793140 -0.004041
vt -1.793140 1.000014
vt -2.002578 1.000014
vt -2.002578 -0.004041
vt -1.000121 -0.004041
vt -1.000121 1.000014
vt -65.454453 9.399693
vt -65.454453 9.711378
vt -65.552780 9.766527
vt -65.552780 9.504567
vt -65.454453 10.057002
vt -65.552780 10.056964
vt -71.294846 8.739471
vt -71.294846 9.179453
vt -71.393181 9.179453
vt -71.393181 8.739471
vt -71.294846 9.275100
vt -71.393181 9.275100
vt -71.294846 9.561356
vt -71.393181 9.561356
vt -71.294846 9.865045
vt -71.393181 9.865045
vt -52.378952 10.167062
vt -52.378952 10.478744
vt -52.477272 10.373873
vt -52.477272 10.111910
vt -52.378952 9.821435
vt -52.477272 9.821474
vt -1.000121 -0.004041
vt -1.000121 1.000014
vt -2.002578 1.000014
vt -2.002578 -0.004041
vt -52.486145 9.396091
vt -52.486145 9.636262
vt -52.520866 9.636229
vt -52.520844 9.396067
vt -52.486145 8.481776
vt -52.520844 8.481763
vt -59.154602 10.650991
vt -59.154602 10.792955
vt -59.189304 10.792955
vt -59.189304 10.650991
vt -61.246696 8.411638
vt -61.246696 8.651808
vt -61.281395 8.651834
vt -61.281418 8.411672
vt -61.246696 9.566123
vt -61.281387 9.566136
vt -59.023869 10.600278
vt -59.023869 10.742244
vt -59.058548 10.742244
vt -59.058548 10.600278
vt -58.893112 10.600278
vt -58.893112 10.742244
vt -58.927792 10.742244
vt -58.927792 10.600278
vt -55.362751 9.261550
vt -55.362751 9.779344
vt -55.397449 9.779331
vt -55.397430 9.261539
vt -58.762337 10.650991
vt -58.762337 10.792955
vt -58.797047 10.792955
vt -58.797047 10.650991
vt -54.752563 9.270992
vt -54.752563 9.788788
vt -54.787254 9.788800
vt -54.787262 9.271006
vt -72.418930 5.909280
vt -72.418930 6.149450
vt -72.482811 6.149468
vt -72.482803 5.909293
vt -72.418930 4.994964
vt -72.482803 4.994976
vt -72.418930 4.636312
vt -72.482803 4.636326
vt -72.418930 4.118519
vt -72.482803 4.118526
vt -72.418930 3.519267
vt -72.482803 3.519279
vt -72.418930 3.173642
vt -72.482803 3.173648
vt -68.801361 10.624998
vt -68.801361 10.813037
vt -68.865242 10.813037
vt -68.865242 10.624998
vt -62.132839 3.137829
vt -62.132839 3.377999
vt -62.196686 3.377985
vt -62.196709 3.137809
vt -62.132839 4.292315
vt -62.196686 4.292303
vt -62.132839 4.650966
vt -62.196686 4.650952
vt -62.132839 5.168761
vt -62.196686 5.168754
vt -62.132839 5.768013
vt -62.196686 5.768000
vt -62.132839 6.113639
vt -62.196686 6.113632
vt -59.953583 10.580170
vt -59.953583 10.768208
vt -60.017429 10.768208
vt -60.017429 10.580170
vt -66.055511 5.822111
vt -66.055511 6.062280
vt -66.119385 6.062300
vt -66.119385 5.822123
vt -66.055511 4.907794
vt -66.119385 4.907807
vt -66.055511 4.549144
vt -66.119385 4.549157
vt -66.055511 4.031351
vt -66.119385 4.031357
vt -66.055511 3.432097
vt -66.119385 3.432097
vt -66.055511 3.086472
vt -66.119354 3.086415
vt -71.329315 10.654666
vt -71.329315 10.837892
vt -71.393181 10.837892
vt -71.393181 10.654666
vt -54.723396 2.919912
vt -54.723396 3.160082
vt -54.787254 3.160069
vt -54.787262 2.919892
vt -54.723396 4.074398
vt -54.787254 4.074386
vt -54.723396 4.433049
vt -54.787254 4.433036
vt -54.723396 4.950844
vt -54.787254 4.950837
vt -54.723396 5.550096
vt -54.787254 5.550096
vt -54.723396 5.895722
vt -54.787243 5.895778
vt -54.287579 10.598898
vt -54.287579 10.782124
vt -54.351425 10.782124
vt -54.351425 10.598898
vt -64.791550 5.909280
vt -64.791550 6.149450
vt -64.855415 6.149468
vt -64.855392 5.909293
vt -64.791550 4.994964
vt -64.855392 4.994976
vt -64.791550 4.636312
vt -64.855392 4.636326
vt -64.791550 4.118519
vt -64.855392 4.118526
vt -64.791550 3.519267
vt -64.855392 3.519279
vt -64.791550 3.173642
vt -64.855392 3.173648
vt -2.002578 1.000014
vt -2.002578 -0.004041
vt -2.002578 -0.004041
vt -2.002578 1.000014
vt -72.244606 3.137830
vt -72.244606 3.378000
vt -72.308449 3.377988
vt -72.308472 3.137811
vt -72.244606 4.292317
vt -72.308449 4.292304
vt -72.244606 4.650968
vt -72.308449 4.650955
vt -72.244606 5.168762
vt -72.308449 5.168756
vt -72.244606 5.768014
vt -72.308449 5.768001
vt -72.244606 6.113640
vt -72.308449 6.113633
vt -58.035839 10.528275
vt -58.035839 10.718554
vt -58.099686 10.718554
vt -58.099686 10.528275
vt -64.573608 5.909280
vt -64.573608 6.149450
vt -64.637482 6.149468
vt -64.637474 5.909293
vt -64.573608 4.994964
vt -64.637474 4.994976
vt -64.573608 4.636312
vt -64.637474 4.636326
vt -64.573608 4.118519
vt -64.637474 4.118526
vt -64.573608 3.519267
vt -64.637474 3.519279
vt -64.573608 3.173642
vt -64.637474 3.173648
vt -59.474133 10.608015
vt -59.474133 10.798917
vt -59.537998 10.798917
vt -59.537998 10.608015
vt -65.009468 3.137831
vt -65.009468 3.378001
vt -65.073334 3.377988
vt -65.073334 3.137811
vt -65.009468 4.292318
vt -65.073334 4.292305
vt -65.009468 4.650968
vt -65.073334 4.650955
vt -65.009468 5.168762
vt -65.073334 5.168756
vt -65.009468 5.768015
vt -65.073334 5.768003
vt -65.009468 6.113640
vt -65.073334 6.113633
vt -65.270996 10.550732
vt -65.270996 10.741633
vt -65.334846 10.741633
vt -65.334846 10.550732
vt -66.468063 -9.908845
vt -66.045639 -9.908845
vt -66.045639 -9.767205
vt -66.468063 -9.767205
vt -66.045639 2.849383
vt -66.468063 2.849383
vt -66.045639 2.941666
vt -66.468063 2.941666
vt -71.948898 0.045692
vt -71.948898 0.342325
vt -72.090546 0.342325
vt -72.090546 0.045692
vt -71.948898 0.696854
vt -72.090546 0.696854
vt -71.948898 -0.014699
vt -72.090546 -0.014699
vt -71.948898 1.278075
vt -72.090546 1.278075
vt -71.948898 1.920087
vt -72.090546 1.920087
vt -71.948898 2.538548
vt -72.090546 2.538548
vt -71.948898 3.188987
vt -72.090546 3.188987
vt -71.948898 3.836950
vt -72.090546 3.836950
vt -71.948898 3.932596
vt -72.090546 3.932596
vt -64.269310 -9.889152
vt -64.029137 -9.889152
vt -64.029137 -9.747514
vt -64.269333 -9.747514
vt -64.029053 2.869077
vt -64.269341 2.869077
vt -65.054848 -9.889152
vt -65.054779 -9.747514
vt -64.029099 2.961358
vt -64.269310 2.961358
vt -65.054848 2.869077
vt -65.071014 -9.747514
vt -65.071045 -9.889152
vt -65.054848 2.961358
vt -65.073334 2.869090
vt -65.073334 -9.747514
vt -63.852940 -9.841143
vt -63.443481 -9.841143
vt -63.443512 -9.699503
vt -63.427280 -9.841143
vt -63.427292 -9.699503
vt -63.443558 2.917097
vt -63.425014 -9.699478
vt -63.425014 2.917097
vt -63.443565 3.009368
vt -63.852951 3.009368
vt -63.425014 2.917084
vt -63.425003 3.009368
vt -63.329918 -9.882944
vt -62.920460 -9.882944
vt -62.920460 2.967567
vt -63.329830 2.967567
vt -62.153030 -9.837265
vt -61.879562 -9.837254
vt -61.880562 -9.695627
vt -62.153030 -9.695627
vt -61.970577 2.920960
vt -62.153114 2.920960
vt -61.970840 3.013244
vt -62.153072 3.013244
vt -58.317604 -9.893032
vt -58.098240 -9.893032
vt -58.098240 -9.751408
vt -58.317604 -9.751408
vt -58.098240 2.865182
vt -58.317604 2.865182
vt -58.098240 2.957465
vt -58.317604 2.957465
vt -71.693161 3.836950
vt -71.693176 3.932594
vt -71.785431 3.932594
vt -71.785431 3.836950
vt -71.693161 3.188987
vt -71.785446 3.188987
vt -71.693161 2.538548
vt -71.785446 2.538548
vt -71.693161 1.920087
vt -71.785446 1.920087
vt -71.693161 1.278075
vt -71.785446 1.278075
vt -71.693161 0.696854
vt -71.785446 0.696854
vt -71.693161 0.342325
vt -71.785446 0.342325
vt -71.693161 0.045692
vt -71.785446 0.045692
vt -71.693161 -0.014699
vt -71.785446 -0.014699
vt -0.000003 -0.000002
vt -0.000003 0.999998
vt 0.999997 0.999998
vt 0.999995 0.000013
vt 7.414688 3.988289
vt 7.414688 4.975053
vt 0.032578 4.975056
vt 0.032578 3.988292
vt 7.414688 6.000190
vt 0.032585 6.000188
vt 7.414688 2.992926
vt 0.032578 2.992927
vt 7.414688 1.994118
vt 0.032578 1.994121
vt 7.414688 0.981585
vt 0.032578 0.981586
vt 7.414692 0.471437
vt 0.032578 0.471439
vt 7.414688 0.002140
vt 0.032578 0.002137
vt -50.325401 -2.363215
vt -50.325401 -2.066583
vt -50.341621 -2.066583
vt -50.341621 -2.363215
vt -50.325401 -2.006192
vt -50.341621 -2.006192
vt -50.325401 -2.717744
vt -50.341621 -2.717744
vt -50.325401 -3.298966
vt -50.341621 -3.298966
vt -50.325401 -3.940978
vt -50.341621 -3.940978
vt -50.325401 -4.559439
vt -50.341621 -4.559439
vt -50.325401 -5.209877
vt -50.341621 -5.209877
vt -50.341633 -5.857840
vt -50.325401 -5.857840
vt -50.477772 3.140790
vt -50.789471 3.141582
vt -50.789471 2.939759
vt -50.477772 2.939759
vt -51.135078 3.141582
vt -51.135078 2.939759
vt -51.734398 3.141582
vt -51.734398 2.939759
vt -51.135078 3.581563
vt -51.734398 3.581563
vt -52.252186 3.141582
vt -52.252186 2.939760
vt -51.135078 3.677211
vt -51.734398 3.677211
vt -52.252186 3.581563
vt -52.610806 3.141582
vt -52.610806 2.939759
vt -51.135078 3.963465
vt -51.734398 3.963465
vt -52.252186 3.677211
vt -52.610806 3.581563
vt -53.015915 3.148297
vt -53.015915 2.939759
vt -51.135078 4.241925
vt -51.734398 4.105431
vt -52.252186 3.963465
vt -52.610806 3.677211
vt -53.015915 3.581563
vt -53.525150 3.159131
vt -53.525150 2.939759
vt -51.135078 4.530684
vt -51.734398 4.530684
vt -52.610806 3.963465
vt -53.015915 3.677211
vt -53.525150 3.581563
vt -53.707329 3.159131
vt -53.707329 2.939759
vt -52.252186 4.530684
vt -52.252186 4.105431
vt -50.789471 4.530681
vt -50.789471 4.241925
vt -53.015900 3.963645
vt -53.525150 3.677211
vt -52.610806 4.530684
vt -52.610806 4.105431
vt -50.477772 4.530684
vt -50.477772 4.241925
vt -53.525105 3.963437
vt -53.765301 3.677211
vt -53.765301 3.581563
vt -53.015850 4.530969
vt -53.015957 4.105612
vt -50.477772 4.887618
vt -50.789471 4.721585
vt -53.765289 3.963339
vt -54.550835 3.677211
vt -54.550835 3.581563
vt -53.525089 4.530640
vt -53.525162 4.105404
vt -50.477772 5.163955
vt -50.789471 5.163955
vt -54.550709 4.325173
vt -54.569324 3.677211
vt -54.569344 3.581566
vt -53.765240 4.530485
vt -53.765350 4.105306
vt -50.477772 5.520261
vt -50.789471 5.354230
vt -51.135078 5.163955
vt -51.135078 4.721585
vt -54.569283 4.325173
vt -54.550812 4.975611
vt -50.477772 5.797730
vt -50.789471 5.797730
vt -51.734398 5.163955
vt -51.734398 4.721585
vt -53.765366 4.721387
vt -50.477772 6.146988
vt -50.789471 5.980957
vt -51.135078 5.797730
vt -51.135078 5.354230
vt -52.252186 5.163955
vt -52.252186 4.721585
vt -53.765259 5.163827
vt -54.550812 5.594073
vt -50.477772 6.421846
vt -50.789471 6.421846
vt -51.734398 5.797730
vt -51.734398 5.354230
vt -52.610806 5.163955
vt -52.610806 4.721585
vt -53.765343 5.354095
vt -53.525108 5.163930
vt -53.525215 4.721542
vt -50.477772 6.775916
vt -50.789471 6.609882
vt -51.135078 6.421846
vt -51.135078 5.980957
vt -52.252186 5.797730
vt -52.252186 5.354230
vt -53.015869 5.164147
vt -53.015972 4.721870
vt -53.765259 5.797598
vt -54.550812 6.236085
vt -50.477772 7.051571
vt -50.789471 7.051571
vt -51.734398 6.421846
vt -51.734398 5.980957
vt -52.610806 5.797730
vt -52.610806 5.354230
vt -53.765343 5.980821
vt -53.525112 5.797702
vt -53.525192 5.354198
vt -50.477772 7.319641
vt -50.789471 7.292100
vt -51.135078 7.051571
vt -51.135078 6.609882
vt -52.252186 6.421846
vt -52.252186 5.980957
vt -53.015869 5.797924
vt -53.015953 5.354416
vt -53.765266 6.421740
vt -54.550812 6.817306
vt -50.477772 7.685100
vt -50.789471 7.685100
vt -51.135078 7.292100
vt -51.734398 7.051571
vt -51.734398 6.609882
vt -52.610806 6.421846
vt -52.610806 5.980957
vt -53.765335 6.609776
vt -53.525120 6.421823
vt -53.525192 5.980926
vt -50.477772 8.047553
vt -50.789471 8.047553
vt -51.135078 7.685100
vt -51.734398 7.292100
vt -52.252186 7.051571
vt -52.252186 6.609882
vt -53.015877 6.421999
vt -53.015949 5.981148
vt -54.141335 7.051571
vt -54.550709 7.171835
vt -50.477772 8.339496
vt -50.789471 8.339496
vt -51.135078 8.047553
vt -51.734398 7.685100
vt -52.252186 7.292100
vt -52.610806 7.051571
vt -52.610806 6.609882
vt -54.141335 7.292100
vt -53.525150 7.051571
vt -53.525185 6.609859
vt -50.477772 8.554374
vt -50.789471 8.554374
vt -51.135078 8.339496
vt -51.734398 8.047553
vt -52.252186 7.587061
vt -52.610806 7.292100
vt -53.015915 7.051571
vt -53.015945 6.610035
vt -54.141335 7.528858
vt -54.550709 7.528858
vt -53.525150 7.292100
vt -50.477772 8.783193
vt -50.789471 8.783191
vt -51.135078 8.554374
vt -51.734398 8.339496
vt -52.252186 8.047553
vt -52.610806 7.587061
vt -53.015915 7.292100
vt -53.525150 7.587061
vt -54.569283 7.468468
vt -54.569283 7.171835
vt -54.569283 7.528858
vt -51.135078 8.783191
vt -51.734398 8.554374
vt -51.981270 8.321660
vt -52.610806 8.047553
vt -53.015915 7.587061
vt -53.525150 8.088882
vt -54.141335 8.088882
vt -51.734398 8.783191
vt -51.981270 8.554374
vt -52.732998 8.321660
vt -53.015915 8.063366
vt -53.525150 8.339496
vt -54.141335 8.339496
vt -51.981270 8.783191
vt -53.015915 8.339496
vt -53.525150 8.554374
vt -54.141335 8.554374
vt -54.550812 8.339496
vt -54.550812 8.088882
vt -52.732998 8.554374
vt -53.015915 8.554374
vt -54.550812 8.554374
vt -52.732998 8.783191
vt -53.015915 8.783191
vt 0.999985 0.584827
vt 0.525986 0.584826
vt 0.525986 0.984685
vt 0.999985 0.984685
vt 0.999985 -0.015315
vt 0.525986 -0.015315
vt 0.525986 0.237751
vt 0.999985 0.237751
vt 0.999985 0.497901
vt 0.525986 0.497901
vt -0.000015 0.584827
vt -0.000015 0.984685
vt -0.000015 0.497901
vt -0.000015 -0.015315
vt -0.000015 0.237751
vt 0.997298 0.993783
vt 0.014630 0.993784
vt -0.002701 0.018790
vt 0.979523 -0.006217
vt -63.329899 -7.603032
vt -4.066534 0.010940
vt -62.920464 -7.603032
vt -63.852936 -7.561230
vt -3.697793 0.010940
vt -63.329903 -8.029259
vt 0.000001 0.000003
vt -62.920464 -8.029259
vt -63.852936 -7.987457
vt 0.000001 1.000003
vt 0.514284 1.000001
vt 0.514284 0.000001
vt 0.349165 1.000001
vt 0.349165 0.000001
vt -0.001356 1.000001
vt 0.202986 1.000001
vt 0.202986 0.000001
vt -0.001356 0.000001
vt -1.849828 -0.004041
vt -1.580713 -0.004041
vt -1.580713 1.000014
vt -1.849828 1.000014
vt -1.849828 -0.004041
vt -1.580712 -0.004041
vt -1.580712 1.000014
vt -1.849828 1.000014
vt -1.849839 -0.004041
vt -1.580712 -0.004041
vt -1.580712 1.000014
vt -1.849839 1.000014
vt -1.849828 -0.004041
vt -1.580712 -0.004041
vt -1.580712 1.000014
vt -1.849828 1.000014
vt -1.348119 -0.004041
vt -1.348119 1.000014
vt -1.348119 -0.004041
vt -1.348119 1.000014
vt -1.348119 -0.004041
vt -1.348119 1.000014
vt -1.348119 -0.004041
vt -1.348119 1.000014
vt -1.187051 -0.004041
vt -1.187051 1.000014
vt -1.187051 -0.004041
vt -1.187051 1.000014
vt -1.187051 -0.004041
vt -1.187051 1.000014
vt -1.187051 -0.004041
vt -1.187051 1.000014
vt -1.005082 -0.004041
vt -1.005082 1.000014
vt -1.005082 -0.004041
vt -1.005082 1.000014
vt -1.005082 -0.004041
vt -1.005082 1.000014
vt -1.005082 -0.004041
vt -1.005082 1.000014
vt -2.005067 -0.004041
vt -2.005067 1.000014
vt -2.005067 -0.004041
vt -2.005067 1.000014
vt -2.005071 -0.004041
vt -2.005071 1.000014
vt -2.005067 -0.004041
vt -2.005067 1.000014
vt -62.937649 9.486855
vt -62.839325 9.591822
vt -62.839336 9.853656
vt -62.937649 9.798545
vt -62.839325 10.144208
vt -62.937649 10.144163
vt -62.065948 8.739470
vt -61.967621 8.739470
vt -61.967621 9.179450
vt -62.065948 9.179450
vt -61.967621 9.275099
vt -62.065948 9.275099
vt -61.967621 9.561354
vt -62.065948 9.561354
vt -61.967621 9.839812
vt -62.065948 9.839812
vt 0.999996 0.000004
vt 0.596004 0.000004
vt 0.596004 1.000004
vt 0.999996 1.000004
vt 0.316158 0.000004
vt 0.316158 1.000004
vt -0.000012 0.000004
vt -0.000011 1.000004
vt 0.999985 0.495777
vt 0.000015 0.495777
vt 0.000015 1.000000
vt 0.999985 1.000000
vt 0.999985 0.000000
vt 0.000015 0.000000
vt -69.911270 9.309878
vt -69.876602 9.309820
vt -69.876595 9.715015
vt -69.911270 9.714977
vt -69.911270 8.951260
vt -69.876572 8.951169
vt -69.911270 8.433459
vt -69.876602 8.433407
vt -50.341633 7.722722
vt -50.306942 7.722685
vt -50.306953 8.127881
vt -50.341633 8.127823
vt -50.306931 8.486532
vt -50.341633 8.486441
vt -50.306953 9.004295
vt -50.341633 9.004243
vt -50.777481 10.556697
vt -50.742813 10.556697
vt -50.742813 10.698663
vt -50.777481 10.698663
vt -64.811821 6.657360
vt -64.747971 6.657412
vt -64.747971 7.256593
vt -64.811821 7.256664
vt -64.811821 6.311741
vt -64.747971 6.311780
vt -64.747971 7.774439
vt -64.811821 7.774464
vt -64.747971 8.133051
vt -64.811821 8.133082
vt -64.747971 8.538241
vt -64.811821 8.538182
vt -62.022358 7.609517
vt -61.958504 7.609586
vt -61.958504 8.208768
vt -62.022358 8.208820
vt -62.022358 7.091715
vt -61.958504 7.091741
vt -61.958504 8.554400
vt -62.022358 8.554440
vt -62.022358 6.733097
vt -61.958504 6.733129
vt -62.022358 6.327996
vt -61.958504 6.327939
vt -59.843094 10.580170
vt -59.779236 10.580170
vt -59.779236 10.768208
vt -59.843094 10.768208
vt -68.211472 6.657366
vt -68.147606 6.657405
vt -68.147606 7.256600
vt -68.211472 7.256671
vt -68.211472 6.311748
vt -68.147629 6.311774
vt -68.147606 7.774445
vt -68.211472 7.774470
vt -68.147606 8.133058
vt -68.211472 8.133089
vt -68.147606 8.538247
vt -68.211472 8.538189
vt -1.580678 -0.004041
vt -1.849855 -0.004041
vt -1.348107 -0.004041
vt -2.005086 -0.004041
vt -71.393181 7.091718
vt -71.329315 7.091745
vt 1.000000 0.000000
vt 0.000000 0.000000
vt -71.393181 6.733099
vt -71.329315 6.733130
vt -71.393181 6.327997
vt -71.329315 6.327939
vt -66.729568 10.598874
vt -66.665741 10.598874
vt -66.665741 10.782101
vt -66.729568 10.782101
vt -67.993530 6.657366
vt -67.929688 6.657418
vt -67.929688 7.256600
vt -67.993530 7.256671
vt -67.993530 6.311748
vt -67.929688 6.311787
vt -67.929688 7.774445
vt -67.993530 7.774470
vt -67.929688 8.133058
vt -67.993530 8.133089
vt -67.929688 8.538247
vt -67.993530 8.538189
vt -65.334846 7.609518
vt -65.270996 7.609590
vt -65.270996 8.208771
vt -65.334846 8.208821
vt -65.334846 7.091718
vt -65.270996 7.091745
vt -65.270996 8.554403
vt -65.334846 8.554441
vt -65.334846 6.733099
vt -65.270996 6.733130
vt -65.334846 6.327997
vt -65.270996 6.327939
vt -60.584045 10.528278
vt -60.520187 10.528278
vt -60.520187 10.718554
vt -60.584045 10.718554
vt -67.775612 6.657366
vt -67.711754 6.657418
vt -67.711754 7.256600
vt -67.775612 7.256671
vt -67.775612 6.311748
vt -67.711754 6.311787
vt -67.711754 7.774445
vt -67.775612 7.774470
vt -67.711754 8.133058
vt -67.775612 8.133089
vt -67.711754 8.538247
vt -67.775612 8.538189
vt -72.482811 7.609519
vt -72.418953 7.609590
vt -72.418953 8.208773
vt -72.482811 8.208824
vt -72.482811 7.091718
vt -72.418953 7.091745
vt -72.418953 8.554404
vt -72.482811 8.554443
vt -72.482811 6.733100
vt -72.418953 6.733131
vt -72.482811 6.327999
vt -72.418953 6.327943
vt -51.431252 10.550727
vt -51.367393 10.550727
vt -51.367393 10.741631
vt -51.431252 10.741631
vt -68.627029 10.813037
vt -68.690903 10.813037
vt -68.690903 10.624998
vt -68.627029 10.624998
vt -57.861492 10.837894
vt -57.925362 10.837894
vt -57.925362 10.654667
vt -57.861492 10.654667
vt -58.210167 10.777783
vt -58.274033 10.777783
vt -58.274033 10.587507
vt -58.210167 10.587507
vt -60.694527 10.798917
vt -60.758392 10.798917
vt -60.758392 10.608014
vt -60.694527 10.608014
vt -70.704712 10.759305
vt -70.739403 10.759305
vt -70.739403 10.617339
vt -70.704712 10.617339
vt -58.647774 10.665260
vt -58.647793 10.757545
vt -58.666290 10.757531
vt -58.666283 10.665274
vt -50.323048 -7.315562
vt -50.323048 -6.665125
vt -50.341591 -6.665125
vt -50.341591 -7.315562
vt -50.323135 -6.017161
vt -50.341633 -6.017161
vt -50.323048 -7.934025
vt -50.341591 -7.934025
vt -50.323048 -8.576036
vt -50.341591 -8.576036
vt -50.323048 -9.157257
vt -50.341591 -9.157257
vt -50.323048 -9.511786
vt -50.341591 -9.511786
vt -50.323048 -9.808419
vt -50.341591 -9.808419
vt -50.323048 -9.868811
vt -50.341591 -9.868811
vt -66.710999 6.280744
vt -66.710999 6.931183
vt -66.729568 6.931183
vt -66.729568 6.280744
vt -66.710999 7.549644
vt -66.729568 7.549644
vt -66.710999 8.191657
vt -66.729568 8.191657
vt -66.710999 8.772878
vt -66.729568 8.772878
vt -66.710999 9.127406
vt -66.729568 9.127406
vt -53.654011 2.748465
vt -53.654064 -9.868126
vt -53.635525 -9.868126
vt -53.635513 2.748465
vt 0.000004 0.000004
vt 0.000004 1.000004
vt 1.000004 0.999997
vt 1.000004 -0.000003
vt -65.534271 10.681232
vt -65.534271 10.741624
vt -65.552780 10.741624
vt -65.552780 10.681232
vt -57.950443 -9.849160
vt -57.950401 2.767442
vt -57.968929 2.767442
vt -57.968929 -9.849135
vt -70.502930 10.637698
vt -70.502930 10.698089
vt -70.521484 10.698089
vt -70.521484 10.637698
vt 2.979256 0.955136
vt 2.980018 0.968913
vt 2.980623 0.982497
vt 2.736844 0.982617
vt 2.466536 0.982750
vt 1.997782 0.982980
vt 1.592803 0.983179
vt 1.312314 0.983316
vt 0.995477 0.983471
vt 0.597219 0.983667
vt 0.454733 0.983737
vt 0.454131 0.976569
vt 0.335007 -0.003402
vt 0.333660 -0.014402
vt 0.547554 -0.014508
vt 1.262668 -0.014859
vt 1.543185 -0.014997
vt 1.948165 -0.015195
vt 2.416849 -0.015425
vt 2.687179 -0.015558
vt 2.930958 -0.015677
vt 2.931677 -0.002095
vt 2.932353 0.011684
vt 2.938064 0.126692
vt 2.940881 0.183293
vt 2.942369 0.214420
vt 2.943094 0.228830
vt 2.944634 0.259280
vt 2.945060 0.268384
vt 2.948081 0.328380
vt 2.949198 0.351158
vt 2.949911 0.365404
vt 2.956304 0.494319
vt 2.957124 0.510776
vt 2.961363 0.596366
vt 2.962484 0.617765
vt 2.963582 0.640543
vt 2.966582 0.700539
vt 2.966997 0.709644
vt 2.968519 0.740093
vt 2.969254 0.754504
vt 2.970887 0.785634
vt 2.973686 0.842233
vt -64.942581 10.186021
vt -64.942581 9.953306
vt -64.799423 9.953306
vt -64.799423 10.186021
vt -64.942581 10.414836
vt -64.799423 10.414836
vt -69.431847 10.173000
vt -69.431847 9.421268
vt -69.288681 9.421223
vt -69.288681 10.173006
vt -67.601273 10.350303
vt -67.601273 10.117588
vt -67.458130 10.117588
vt -67.458130 10.350303
vt -67.601273 9.888771
vt -67.458130 9.888771
vt -53.160049 -0.254671
vt -53.160019 -1.708181
vt -52.940811 -0.254659
vt -52.940834 -2.436854
vt -53.261745 -1.708258
vt -53.261810 -2.436854
vt -53.159996 -2.436854
vt -53.160030 -0.077280
vt -52.940842 -0.077280
vt -53.160019 -2.747452
vt -52.940842 -2.747452
vt -53.160030 0.097570
vt -52.940857 0.097570
vt -53.160072 -2.957992
vt -52.940842 -2.957992
vt -53.160030 -3.406340
vt -52.940811 -3.406340
vt -53.160030 -3.490973
vt -52.940811 -3.490973
vt -53.160049 -4.414773
vt -52.940834 -4.414773
vt -52.940834 -4.597977
vt -53.203323 -4.414824
vt -53.203346 -4.597951
vt -53.160049 -4.597977
vt -53.160103 -4.873477
vt -52.940842 -4.873477
vt -53.160080 -5.975361
vt -52.940834 -5.975361
vt -53.160091 -6.187234
vt -52.940811 -6.187234
vt -53.160072 -7.846893
vt -52.940834 -7.846893
vt -52.940834 -9.137281
vt -53.160080 -8.030290
vt -53.203346 -8.030303
vt -53.203323 -8.213443
vt -53.160072 -8.213456
vt -53.160049 -9.137295
vt -53.159988 -9.221928
vt -52.940842 -9.221928
vt -53.160049 -9.670276
vt -52.940834 -9.670276
vt -53.160072 -9.880828
vt -52.940842 -9.880828
vt -52.782379 -0.267622
vt -52.556843 -0.267622
vt -52.782379 -2.449816
vt -52.556843 -2.449816
vt -52.782379 -0.090243
vt -52.556843 -0.090243
vt -52.782379 -2.760414
vt -52.556843 -2.760414
vt -52.782379 0.084607
vt -52.556843 0.084607
vt -52.782379 -2.970953
vt -52.556843 -2.970953
vt -52.782379 -3.419301
vt -52.556843 -3.419301
vt -52.782379 -3.503935
vt -52.556843 -3.503935
vt -52.782379 -4.427734
vt -52.556843 -4.427734
vt -52.782379 -4.610940
vt -52.556843 -4.610940
vt -52.782379 -4.886439
vt -52.556843 -4.886439
vt -52.782379 -5.988323
vt -52.556843 -5.988323
vt -52.782379 -6.200196
vt -52.556843 -6.200196
vt -52.782379 -7.859855
vt -52.556843 -7.859855
vt -52.782379 -9.150244
vt -52.556843 -9.150244
vt -52.782379 -9.234890
vt -52.556843 -9.234890
vt -52.782379 -9.683238
vt -52.556843 -9.683238
vt -52.782379 -9.893789
vt -52.556843 -9.893789
vt -52.390079 -0.241513
vt -52.336071 -0.241525
vt -52.390091 -2.423707
vt -52.336071 -2.423695
vt -52.390110 -0.064134
vt -52.336071 -0.064134
vt -52.390110 -2.734306
vt -52.336071 -2.734306
vt -52.390110 0.110716
vt -52.336071 0.110716
vt -52.390110 -2.944845
vt -52.336052 -2.944845
vt -52.390079 -3.393193
vt -52.336052 -3.393206
vt -52.390068 -3.477827
vt -52.336071 -3.477827
vt -52.390091 -4.401626
vt -52.336052 -4.401626
vt -52.390091 -4.584831
vt -52.336052 -4.584831
vt -52.390110 -4.860330
vt -52.336071 -4.860330
vt -52.390091 -5.962214
vt -52.336071 -5.962214
vt -52.390079 -6.174088
vt -52.336052 -6.174088
vt -52.390099 -7.833747
vt -52.336029 -7.833747
vt -52.390091 -9.124135
vt -52.336052 -9.124161
vt -52.390110 -9.208782
vt -52.336071 -9.208782
vt -52.390091 -9.657130
vt -52.336052 -9.657117
vt -52.390110 -9.867682
vt -52.336071 -9.867682
vt -52.172192 -0.243469
vt -51.906361 -0.243469
vt -52.172192 -2.425639
vt -51.906361 -2.425639
vt -51.824070 -0.243469
vt -52.172192 -0.066077
vt -51.906361 -0.066077
vt -52.172192 -2.736250
vt -51.906361 -2.736250
vt -51.824070 -2.425639
vt -51.366211 -0.243469
vt -51.824070 -0.066077
vt -52.172192 0.108772
vt -51.906361 0.108772
vt -52.172192 -2.946788
vt -51.906361 -2.946788
vt -51.824070 -2.736250
vt -51.366211 -2.425639
vt -51.366211 -0.066077
vt -51.824070 0.108772
vt -52.172192 -3.395149
vt -51.906361 -3.186317
vt -51.824070 -2.946788
vt -51.366211 -2.736250
vt -51.366211 0.108772
vt -52.172192 -3.479771
vt -51.906361 -3.479771
vt -51.824070 -3.186317
vt -51.366211 -2.946788
vt -52.172192 -4.403569
vt -51.906361 -4.403569
vt -51.366211 -3.186317
vt -52.172192 -4.586775
vt -51.906361 -4.586775
vt -52.172192 -4.862274
vt -51.906361 -4.862274
vt -52.172192 -5.964158
vt -51.906361 -5.745419
vt -52.172192 -6.176032
vt -51.906361 -6.176032
vt -52.172192 -7.835690
vt -51.906361 -7.835690
vt -51.824070 -6.176032
vt -51.824070 -5.745419
vt -52.172192 -9.126104
vt -51.906361 -9.126104
vt -51.824070 -7.835690
vt -51.403145 -6.176032
vt -51.366211 -5.745419
vt -52.172192 -9.210727
vt -51.906361 -9.210727
vt -51.824070 -9.126104
vt -51.613575 -7.835690
vt -52.172192 -9.659061
vt -51.906361 -9.659061
vt -51.824070 -9.210727
vt -51.768436 -9.126104
vt -52.172192 -9.869626
vt -51.893169 -9.869626
vt -51.852600 -9.659061
vt -51.778732 -9.210727
vt -70.521469 7.190667
vt -70.521469 6.307523
vt -70.439194 6.307523
vt -70.439194 7.190667
vt -69.981323 6.307523
vt -69.981323 7.190667
vt -70.521469 7.385742
vt -70.439194 7.385742
vt -69.981323 7.385742
vt -70.521469 7.581818
vt -70.439194 7.581818
vt -70.521469 8.573184
vt -70.439194 8.573184
vt -69.981323 7.581818
vt -69.981323 8.573184
vt -70.521469 8.866637
vt -70.439194 8.866637
vt -69.981323 8.866637
vt -68.647293 7.219087
vt -68.647293 6.335940
vt -68.356689 6.335940
vt -68.356689 7.219087
vt -68.647301 7.494584
vt -68.356712 7.414162
vt -68.647293 7.677791
vt -68.356712 7.610236
vt -68.647293 8.601589
vt -68.356689 8.601603
vt -68.647308 8.895041
vt -68.356735 8.895055
vt -61.252335 9.813612
vt -61.252335 9.895904
vt -61.542927 9.895904
vt -61.542927 9.813612
vt -61.252335 10.353768
vt -61.542927 10.353768
vt -50.748409 10.402268
vt -50.748409 10.484558
vt -51.038982 10.484558
vt -51.038982 10.402268
vt -50.748409 9.944405
vt -51.038982 9.944405
vt 1.000000 1.000000
vt 0.000000 1.000000
vt 0.000000 0.000000
vt 1.000000 0.000000
vt -72.439224 10.748742
vt -72.439224 10.552664
vt -72.412666 10.552676
vt -72.412674 10.748742
vt -68.751511 9.391071
vt -68.751511 9.848935
vt -68.778069 9.848935
vt -68.778069 9.391071
vt -71.497383 9.609012
vt -71.497383 10.066874
vt -71.523933 10.066874
vt -71.523933 9.609012
vt -59.891800 8.273277
vt -59.891800 8.713258
vt -60.806114 8.695709
vt -60.806114 8.273277
vt -53.015915 3.581563
vt -53.525150 3.581563
vt -53.525150 3.159131
vt -53.015915 3.148297
vt -1.000121 -0.004041
vt -1.000121 1.000014
vt -3.697793 1.010940
vt -63.852928 -1.188848
vt -62.920483 -1.230649
vt -4.066534 1.010940
vt -63.329849 -1.230649
vt -4.323826 0.010940
vt -63.852932 -0.573434
vt -62.920479 -0.615236
vt -4.323826 1.010940
vt -63.329845 -0.615236
vt -53.525150 8.088882
vt -54.141335 8.088882
vt -54.141335 7.528858
vt -53.525150 7.587061
vt -51.734398 8.047553
vt -52.252186 8.047553
vt -52.252186 7.587061
vt -51.734398 7.685100
vt -52.610806 8.047553
vt -52.610806 7.587061
vt -53.015915 8.063366
vt -53.015915 7.587061
vt 0.000031 0.000000
vt -63.852943 1.378974
vt -62.920471 1.337173
vt 1.000015 0.000000
vt -63.329838 1.337173
vt -5.015603 0.010940
vt -63.852943 0.855819
vt -62.920475 0.814018
vt 0.000545 1.010940
vt -63.329842 0.814018
vt 0.000545 0.010940
vt -63.852936 0.025411
vt -62.920479 -0.016390
vt -5.015603 1.010940
vt -63.329842 -0.016390
vt -67.233971 -0.103431
vt -67.233978 0.487656
vt -67.233978 1.216330
vt -54.470104 10.019942
vt -67.256447 -3.050851
vt -54.479378 8.918060
vt -67.256447 -3.262724
vt -67.247169 -4.922383
vt -67.247169 -5.105781
vt -67.239166 -5.347795
vt -67.235382 -6.196743
vt -67.235649 -6.288615
vt -67.243797 -6.708616
vt -67.243797 -6.908111
vt -67.239159 -7.266879
vt -67.239159 -7.995550
vt -67.239159 -9.476163
vt -67.239166 -9.653555
vt -57.758797 3.671433
vt -67.239166 -9.828418
vt -58.070480 3.671433
vt -58.416107 3.671433
vt -67.233978 -1.948966
vt -67.233971 2.847230
vt -67.233978 -1.673462
vt -67.233978 -1.437911
vt -67.233971 0.179890
vt -67.233978 -0.580006
vt -67.233978 -0.490620
vt -67.233963 2.669838
vt -59.891800 3.807287
vt -59.891800 4.267779
vt -59.533150 3.807287
vt -59.533150 4.267779
vt -59.015358 4.169739
vt -59.015358 3.807287
vt -60.806114 3.765956
vt -61.422340 3.765956
vt -61.422340 4.325980
vt -60.806114 4.267779
vt -67.762695 -1.284680
vt -67.400238 -1.297100
vt 1.000000 1.000000
vt 0.000000 1.000000
vt 0.000000 0.000000
vt 1.000000 0.000000
vt 1.000000 1.000000
vt 0.000000 1.000000
vt 0.000000 0.000000
vt 1.000000 0.000000
vt -67.737465 -5.496240
vt -67.375015 -5.496055
vt 0.000000 1.000000
vt 0.000000 0.000000
vt 1.000000 0.000000
vt 0.998045 1.000000
vt 0.000000 1.000000
vt 0.000000 0.000000
vt 1.000000 0.000000
vt 1.000000 1.000000
vt 1.000000 1.000000
vt 0.000000 1.000000
vt 0.000000 0.000000
vt 1.000000 0.000000
vt 0.000000 1.000000
vt 0.000000 0.000000
vt 1.000000 0.000000
vt 0.998045 1.000000
vt 0.000000 1.000000
vt 0.000000 0.000000
vt 1.000000 0.000000
vt 1.000000 1.000000
vt 1.000000 1.000000
vt 0.000000 1.000000
vt 0.724684 -0.004041
vt 0.724684 1.000014
vt 1.001414 1.000014
vt 1.001414 -0.004040
vt 0.001452 -0.004041
vt 0.001452 1.000014
vt 0.205802 1.000014
vt 0.205802 -0.004041
vt 0.351996 1.000014
vt 0.351996 -0.004041
vt 0.721884 0.000001
vt 0.998613 0.000001
vt 0.998613 1.000000
vt 0.721884 1.000001
vt -62.920460 2.928596
vt 0.000004 0.000004
vt 0.999996 0.000004
vt -63.852951 2.969025
vt 0.999996 1.000004
vt 0.000004 1.000004
vt 1.000015 1.000000
vt 0.000031 1.000000
vt -0.000015 0.000000
vt -0.000015 1.000000
vt 0.999985 1.000000
vt 0.999985 0.000000
vt 0.999999 1.000003
vt -63.852940 -9.793977
vt -62.920464 -9.835777
vt 0.999999 0.000003
vt 0.671740 0.328475
vt 0.671750 0.002197
vt 0.998008 0.002197
vt 0.997998 0.328475
vt 0.001992 0.328383
vt 0.001992 0.002103
vt 0.328265 0.002103
vt 0.328265 0.328383
vt 0.336879 0.328266
vt 0.336866 0.001986
vt 0.663124 0.001986
vt 0.663133 0.328266
vt 0.991941 0.021933
vt 0.002118 0.021933
vt 0.002118 1.008990
vt 0.991941 1.008990
vt 0.667448 0.661214
vt 0.667448 0.334941
vt 0.993706 0.334941
vt 0.993706 0.661214
vt 0.001993 0.993919
vt 0.001993 0.667646
vt 0.328251 0.667646
vt 0.328251 0.993919
vt 0.333392 0.330089
vt 0.333402 0.001992
vt 0.661480 0.001992
vt 0.661470 0.330089
vt 0.001331 0.337168
vt 0.329429 0.337170
vt 0.329429 0.665266
vt 0.001331 0.665263
vt 0.001344 0.330672
vt 0.001331 0.002573
vt 0.329409 0.002573
vt 0.329417 0.330672
vt 0.991941 0.013944
vt 0.002118 0.013937
vt 0.002118 1.006505
vt 0.991941 1.006512
vt 0.006897 0.997973
vt 0.006897 0.669878
vt 0.334974 0.669878
vt 0.334974 0.997973
vt 0.338958 0.998008
vt 0.338958 0.669913
vt 0.667036 0.669913
vt 0.667036 0.998008
vt 0.333377 0.330086
vt 0.333387 0.001992
vt 0.661461 0.001992
vt 0.661451 0.330086
vt 0.001320 0.337169
vt 0.329414 0.337169
vt 0.329414 0.665262
vt 0.001320 0.665262
vt 0.001333 0.330673
vt 0.001320 0.002577
vt 0.329394 0.002577
vt 0.329403 0.330673
vt 0.991941 0.013994
vt 0.002118 0.013994
vt 0.002118 1.006557
vt 0.991941 1.006557
vt 0.001320 0.998008
vt 0.001320 0.669914
vt 0.329393 0.669914
vt 0.329393 0.998008
vt 0.333377 0.997998
vt 0.333377 0.669905
vt 0.661451 0.669905
vt 0.661451 0.997998
vt 0.669928 0.330081
vt 0.669937 0.002894
vt 0.997104 0.002894
vt 0.997095 0.330081
vt 0.001991 0.329675
vt 0.001991 0.002486
vt 0.329173 0.002486
vt 0.329173 0.329675
vt 0.334946 0.329181
vt 0.334933 0.001992
vt 0.662100 0.001992
vt 0.662108 0.329181
vt 0.991941 0.018263
vt 0.002118 0.018263
vt 0.002118 1.008069
vt 0.991941 1.008069
vt 0.667870 0.665088
vt 0.667870 0.337905
vt 0.995037 0.337905
vt 0.995037 0.665088
vt 0.001990 0.998008
vt 0.001990 0.670826
vt 0.329157 0.670826
vt 0.329157 0.998008
vt 0.333377 0.330086
vt 0.333387 0.001992
vt 0.661461 0.001992
vt 0.661451 0.330086
vt 0.001320 0.337169
vt 0.329414 0.337169
vt 0.329414 0.665262
vt 0.001320 0.665262
vt 0.001333 0.330673
vt 0.001320 0.002577
vt 0.329394 0.002577
vt 0.329403 0.330673
vt 0.991941 0.013994
vt 0.002118 0.013994
vt 0.002118 1.006557
vt 0.991941 1.006557
vt 0.001320 0.998008
vt 0.001320 0.669914
vt 0.329393 0.669914
vt 0.329393 0.998008
vt 0.333377 0.997998
vt 0.333377 0.669905
vt 0.661451 0.669905
vt 0.661451 0.997998
vn -0.357858 0.933776 0.000000
vn -0.357858 0.933776 0.000000
vn -0.357858 0.933776 0.000000
vn -0.357858 0.933776 0.000000
vn -0.358162 0.933660 0.000000
vn -0.358162 0.933660 0.000000
vn -0.358162 0.933660 0.000000
vn -0.358162 0.933660 0.000000
vn -0.358393 0.933571 0.000057
vn -0.358383 0.933575 0.000028
vn -0.358383 0.933575 0.000028
vn -0.358393 0.933571 0.000057
vn -0.357852 0.933778 0.000000
vn -0.357853 0.933778 0.000000
vn -0.357853 0.933778 0.000000
vn -0.357852 0.933778 0.000000
vn -0.000007 0.000000 -1.000000
vn -0.000007 0.000000 -1.000000
vn -0.000007 0.000000 -1.000000
vn -0.000007 0.000000 -1.000000
vn 0.932779 0.360450 0.000000
vn 0.932779 0.360450 0.000000
vn 0.932779 0.360450 0.000000
vn 0.932779 0.360450 0.000000
vn -0.933400 -0.358837 0.000000
vn -0.933400 -0.358837 0.000000
vn -0.933400 -0.358837 0.000000
vn -0.933400 -0.358837 0.000000
vn -0.358365 0.933582 0.000000
vn -0.358365 0.933582 0.000000
vn -0.358365 0.933582 0.000000
vn -0.358365 0.933582 0.000000
vn -0.358725 0.933443 0.000000
vn -0.358725 0.933443 0.000000
vn -0.358725 0.933443 0.000000
vn -0.358725 0.933443 0.000000
vn -0.358493 0.933533 0.000000
vn -0.358493 0.933533 0.000000
vn -0.358493 0.933533 0.000000
vn -0.358493 0.933533 0.000000
vn -0.358347 0.933588 0.000000
vn -0.358347 0.933588 0.000000
vn -0.358347 0.933588 0.000000
vn -0.358347 0.933588 0.000000
vn -0.358259 0.933622 0.000000
vn -0.358259 0.933622 0.000000
vn -0.358259 0.933622 0.000000
vn -0.358259 0.933622 0.000000
vn -0.358472 0.933540 0.000000
vn -0.358472 0.933540 0.000000
vn -0.358472 0.933540 0.000000
vn -0.358472 0.933540 0.000000
vn -0.358305 0.933605 0.000199
vn -0.358305 0.933605 0.000199
vn -0.358337 0.933592 0.000235
vn -0.358337 0.933592 0.000235
vn -0.358263 0.933621 0.000000
vn -0.358263 0.933621 0.000000
vn -0.358263 0.933621 0.000000
vn -0.358263 0.933621 0.000000
vn -0.358120 0.933675 0.000000
vn -0.358120 0.933675 0.000000
vn -0.358120 0.933675 0.000000
vn -0.358120 0.933675 0.000000
vn -0.358257 0.933623 0.000000
vn -0.358257 0.933623 0.000000
vn -0.358257 0.933623 0.000000
vn -0.358257 0.933623 0.000000
vn -0.358179 0.933653 -0.000123
vn -0.358179 0.933653 -0.000123
vn -0.358214 0.933640 -0.000183
vn -0.358214 0.933640 -0.000183
vn -0.358046 0.933704 0.000000
vn -0.358046 0.933704 0.000000
vn -0.358046 0.933704 0.000000
vn -0.358046 0.933704 0.000000
vn -0.358849 0.933396 0.000000
vn -0.358849 0.933396 0.000000
vn -0.358849 0.933396 0.000000
vn -0.358849 0.933396 0.000000
vn -0.358835 0.933401 0.000000
vn -0.358835 0.933401 0.000000
vn -0.358835 0.933401 0.000000
vn -0.358835 0.933401 0.000000
vn -0.358833 0.933402 0.000000
vn -0.358833 0.933402 0.000000
vn -0.358826 0.933404 0.000000
vn -0.358826 0.933404 0.000000
vn -0.358834 0.933401 0.000000
vn -0.358834 0.933401 0.000000
vn -0.358834 0.933401 0.000000
vn -0.358834 0.933401 0.000000
vn 0.000000 0.000000 -1.000000
vn 0.000000 0.000000 -1.000000
vn 0.000000 0.000000 -1.000000
vn 0.000000 0.000000 -1.000000
vn 0.933512 0.358546 0.000000
vn 0.933512 0.358546 0.000000
vn 0.933512 0.358546 0.000000
vn 0.933512 0.358546 0.000000
vn 0.000000 0.000000 1.000000
vn 0.000000 0.000000 1.000000
vn 0.000000 0.000000 1.000000
vn 0.000000 0.000000 1.000000
vn -0.358502 0.933529 0.000000
vn -0.358502 0.933529 0.000000
vn -0.358502 0.933529 0.000000
vn -0.358502 0.933529 0.000000
vn -0.358602 0.933490 0.000000
vn -0.358602 0.933490 0.000000
vn -0.358602 0.933490 0.000000
vn -0.358602 0.933490 0.000000
vn -0.358489 0.933534 -0.000128
vn -0.358489 0.933534 -0.000128
vn -0.358527 0.933519 -0.000083
vn -0.358527 0.933519 -0.000083
vn -0.358136 0.933670 0.000000
vn -0.358136 0.933670 0.000000
vn -0.358136 0.933670 0.000000
vn -0.358136 0.933670 0.000000
vn -0.358321 0.933598 0.000000
vn -0.358321 0.933598 0.000000
vn -0.358321 0.933598 0.000000
vn -0.358321 0.933598 0.000000
vn -0.358310 0.933603 0.000000
vn -0.358310 0.933603 0.000000
vn -0.358310 0.933603 0.000000
vn -0.358310 0.933603 0.000000
vn -0.358313 0.933602 0.000133
vn -0.358313 0.933602 0.000133
vn -0.358314 0.933601 0.000173
vn -0.358314 0.933601 0.000173
vn -0.358306 0.933604 0.000000
vn -0.358306 0.933604 0.000000
vn -0.358306 0.933604 0.000000
vn -0.358306 0.933604 0.000000
vn -0.358203 0.933644 0.000000
vn -0.358203 0.933644 0.000000
vn -0.358203 0.933644 0.000000
vn -0.358203 0.933644 0.000000
vn -0.358036 0.933708 0.000000
vn -0.358036 0.933708 0.000000
vn -0.358036 0.933708 0.000000
vn -0.358036 0.933708 0.000000
vn -0.358131 0.933671 0.000161
vn -0.358131 0.933671 0.000161
vn -0.358068 0.933696 0.000167
vn -0.358068 0.933696 0.000167
vn -0.358180 0.933653 0.000000
vn -0.358180 0.933653 0.000000
vn -0.358180 0.933653 0.000000
vn -0.358180 0.933653 0.000000
vn -0.358850 0.933395 0.000000
vn -0.358850 0.933395 0.000000
vn -0.358850 0.933395 0.000000
vn -0.358850 0.933395 0.000000
vn -0.357848 0.933780 0.000000
vn -0.357848 0.933780 0.000000
vn -0.357848 0.933780 0.000000
vn -0.357848 0.933780 0.000000
vn 0.932819 0.360346 0.000000
vn 0.932819 0.360346 0.000000
vn 0.932819 0.360346 0.000000
vn 0.932819 0.360346 0.000000
vn -0.358150 0.933664 0.000000
vn -0.358150 0.933664 0.000000
vn -0.358150 0.933664 0.000000
vn -0.358150 0.933664 0.000000
vn -0.933387 -0.358873 0.000000
vn -0.933387 -0.358873 0.000000
vn -0.933387 -0.358873 0.000000
vn -0.933387 -0.358873 0.000000
vn -0.358192 0.933648 0.000000
vn -0.358192 0.933648 0.000000
vn -0.358192 0.933648 0.000000
vn -0.358192 0.933648 0.000000
vn -0.358412 0.933564 0.000110
vn -0.358412 0.933564 0.000110
vn -0.358412 0.933564 0.000110
vn -0.358412 0.933564 0.000110
vn -0.358331 0.933595 -0.000095
vn -0.358331 0.933595 -0.000095
vn -0.358331 0.933595 -0.000095
vn -0.358331 0.933595 -0.000095
vn -0.358140 0.933668 0.000000
vn -0.358140 0.933668 0.000000
vn -0.358140 0.933668 0.000000
vn -0.358140 0.933668 0.000000
vn -0.358044 0.933705 0.000000
vn -0.358044 0.933705 0.000000
vn -0.358044 0.933705 0.000000
vn -0.358044 0.933705 0.000000
vn -0.933267 -0.359184 0.000000
vn -0.933267 -0.359184 0.000000
vn -0.933267 -0.359184 0.000000
vn -0.933267 -0.359184 0.000000
vn 0.000000 0.000000 -1.000000
vn 0.000000 0.000000 -1.000000
vn 0.000000 0.000000 -1.000000
vn 0.000000 0.000000 -1.000000
vn 0.933562 0.358415 0.000000
vn 0.933562 0.358415 0.000000
vn 0.933562 0.358415 0.000000
vn 0.933562 0.358415 0.000000
vn 0.000000 0.000000 1.000000
vn 0.000000 0.000000 1.000000
vn 0.000000 0.000000 1.000000
vn 0.000000 0.000000 1.000000
vn -0.358667 0.933466 0.000000
vn -0.358667 0.933466 0.000000
vn -0.358667 0.933466 0.000000
vn -0.358667 0.933466 0.000000
vn -0.359203 0.933259 0.000000
vn -0.359203 0.933259 0.000000
vn -0.359203 0.933259 0.000000
vn -0.359203 0.933259 0.000000
vn -0.359752 0.933048 0.000205
vn -0.359752 0.933048 0.000205
vn -0.359480 0.933153 0.000157
vn -0.359480 0.933153 0.000157
vn -0.357594 0.933877 0.000000
vn -0.357594 0.933877 0.000000
vn -0.357594 0.933877 0.000000
vn -0.357594 0.933877 0.000000
vn -0.359142 0.933283 -0.000015
vn -0.359142 0.933283 -0.000015
vn -0.359142 0.933283 -0.000015
vn -0.359142 0.933283 -0.000015
vn -0.358340 0.933591 0.000000
vn -0.358340 0.933591 0.000000
vn -0.358340 0.933591 0.000000
vn -0.358340 0.933591 0.000000
vn -0.358330 0.933595 0.000000
vn -0.358330 0.933595 0.000000
vn -0.358330 0.933595 0.000000
vn -0.358330 0.933595 0.000000
vn -0.358257 0.933623 0.000035
vn -0.358257 0.933623 0.000035
vn -0.358283 0.933613 0.000047
vn -0.358283 0.933613 0.000047
vn -0.358222 0.933636 0.000000
vn -0.358222 0.933636 0.000000
vn -0.358222 0.933636 0.000000
vn -0.358222 0.933636 0.000000
vn -0.358240 0.933630 0.000272
vn -0.358240 0.933630 0.000272
vn -0.358240 0.933630 0.000272
vn -0.358240 0.933630 0.000272
vn -0.934779 -0.355231 0.000000
vn -0.934779 -0.355231 0.000000
vn -0.934779 -0.355231 0.000000
vn -0.934779 -0.355231 0.000000
vn -0.008613 -0.003289 -0.999958
vn -0.008613 -0.003289 -0.999958
vn -0.008613 -0.003289 -0.999958
vn -0.008613 -0.003289 -0.999958
vn 0.933746 0.357936 0.000000
vn 0.933746 0.357936 0.000000
vn 0.933746 0.357936 0.000000
vn 0.933746 0.357936 0.000000
vn 0.007107 0.002711 0.999971
vn 0.007107 0.002711 0.999971
vn 0.007107 0.002711 0.999971
vn 0.007107 0.002711 0.999971
vn -0.933715 -0.358017 0.000000
vn -0.933715 -0.358017 0.000000
vn -0.933715 -0.358017 0.000000
vn -0.933715 -0.358017 0.000000
vn 0.000000 0.000000 -1.000000
vn 0.000000 0.000000 -1.000000
vn 0.000000 0.000000 -1.000000
vn 0.000000 0.000000 -1.000000
vn 0.933153 0.359479 0.000000
vn 0.933153 0.359479 0.000000
vn 0.933153 0.359479 0.000000
vn 0.933153 0.359479 0.000000
vn -0.933701 -0.358053 0.000000
vn -0.933701 -0.358053 0.000000
vn -0.933701 -0.358053 0.000000
vn -0.933701 -0.358053 0.000000
vn 0.933153 0.359480 0.000000
vn 0.933153 0.359480 0.000000
vn 0.933153 0.359480 0.000000
vn 0.933153 0.359480 0.000000
vn 0.000003 0.000000 -1.000000
vn 0.000003 0.000000 -1.000000
vn 0.000003 0.000000 -1.000000
vn 0.000003 0.000000 -1.000000
vn 0.000000 0.000000 1.000000
vn 0.000000 0.000000 1.000000
vn 0.000000 0.000000 1.000000
vn 0.000000 0.000000 1.000000
vn -0.933779 -0.357851 0.000000
vn -0.933779 -0.357851 0.000000
vn -0.933779 -0.357851 0.000000
vn -0.933779 -0.357851 0.000000
vn 0.000000 0.000000 -1.000000
vn 0.000000 0.000000 -1.000000
vn 0.000000 0.000000 -1.000000
vn 0.000000 0.000000 -1.000000
vn 0.000000 0.000000 1.000000
vn 0.000000 0.000000 1.000000
vn 0.000000 0.000000 1.000000
vn 0.000000 0.000000 1.000000
vn -0.000002 0.000000 -1.000000
vn -0.000002 0.000000 -1.000000
vn -0.000002 0.000000 -1.000000
vn -0.000002 0.000000 -1.000000
vn 0.000000 0.000000 1.000000
vn 0.000000 0.000000 1.000000
vn 0.000000 0.000000 1.000000
vn 0.000000 0.000000 1.000000
vn -0.358837 0.933400 0.000000
vn -0.358837 0.933400 0.000000
vn -0.358837 0.933400 0.000000
vn -0.358837 0.933400 0.000000
vn -0.357850 0.933779 0.000000
vn -0.357850 0.933779 0.000000
vn -0.357850 0.933779 0.000000
vn -0.357850 0.933779 0.000000
vn -0.358405 0.933566 0.000000
vn -0.358405 0.933566 0.000000
vn -0.358405 0.933566 0.000000
vn -0.358405 0.933566 0.000000
vn -0.358087 0.933688 -0.000144
vn -0.358087 0.933688 -0.000144
vn -0.358087 0.933688 -0.000144
vn -0.358087 0.933688 -0.000144
vn -0.358324 0.933598 -0.000153
vn -0.358324 0.933598 -0.000153
vn -0.358324 0.933598 -0.000153
vn -0.358324 0.933598 -0.000153
vn -0.358314 0.933601 0.000000
vn -0.358314 0.933601 0.000000
vn -0.358314 0.933601 0.000000
vn -0.358314 0.933601 0.000000
vn -0.358893 0.933379 0.000000
vn -0.358893 0.933379 0.000000
vn -0.358893 0.933379 0.000000
vn -0.358893 0.933379 0.000000
vn -0.358331 0.933595 0.000040
vn -0.358331 0.933595 0.000040
vn -0.358331 0.933595 0.000040
vn -0.358331 0.933595 0.000040
vn -0.358590 0.933495 0.000000
vn -0.358590 0.933495 0.000000
vn -0.358590 0.933495 0.000000
vn -0.358590 0.933495 0.000000
vn -0.358256 0.933623 0.000000
vn -0.358256 0.933623 0.000000
vn -0.358256 0.933623 0.000000
vn -0.358256 0.933623 0.000000
vn -0.358859 0.933392 0.000000
vn -0.358859 0.933392 0.000000
vn -0.358859 0.933392 0.000000
vn -0.358859 0.933392 0.000000
vn -0.358319 0.933599 0.000000
vn -0.358319 0.933599 0.000000
vn -0.358319 0.933599 0.000000
vn -0.358319 0.933599 0.000000
vn -0.358403 0.933567 0.000000
vn -0.358403 0.933567 0.000000
vn -0.358403 0.933567 0.000000
vn -0.358403 0.933567 0.000000
vn -0.358219 0.933637 0.000000
vn -0.358219 0.933637 0.000000
vn -0.358219 0.933637 0.000000
vn -0.358219 0.933637 0.000000
vn -0.358650 0.933472 0.000000
vn -0.358650 0.933472 0.000000
vn -0.358650 0.933472 0.000000
vn -0.358650 0.933472 0.000000
vn -0.358293 0.933609 0.000000
vn -0.358293 0.933609 0.000000
vn -0.358293 0.933609 0.000000
vn -0.358293 0.933609 0.000000
vn -0.357858 0.933776 0.000000
vn -0.357858 0.933776 0.000000
vn -0.357858 0.933776 0.000000
vn -0.357858 0.933776 0.000000
vn -0.358415 0.933563 0.000000
vn -0.358415 0.933563 0.000000
vn -0.358415 0.933563 0.000000
vn -0.358415 0.933563 0.000000
vn -0.358593 0.933494 0.000000
vn -0.358593 0.933494 0.000000
vn -0.358593 0.933494 0.000000
vn -0.358593 0.933494 0.000000
vn -0.358257 0.933623 0.000000
vn -0.358257 0.933623 0.000000
vn -0.358257 0.933623 0.000000
vn -0.358257 0.933623 0.000000
vn -0.358859 0.933392 0.000000
vn -0.358859 0.933392 0.000000
vn -0.358859 0.933392 0.000000
vn -0.358859 0.933392 0.000000
vn -0.357842 0.933782 0.000000
vn -0.357842 0.933782 0.000000
vn -0.357842 0.933782 0.000000
vn -0.357842 0.933782 0.000000
vn -0.358404 0.933566 0.000000
vn -0.358404 0.933566 0.000000
vn -0.358404 0.933566 0.000000
vn -0.358404 0.933566 0.000000
vn -0.358174 0.933655 0.000072
vn -0.358174 0.933655 0.000072
vn -0.358174 0.933655 0.000072
vn -0.358174 0.933655 0.000072
vn -0.358192 0.933648 0.000138
vn -0.358192 0.933648 0.000138
vn -0.358192 0.933648 0.000138
vn -0.358192 0.933648 0.000138
vn -0.358320 0.933599 0.000021
vn -0.358320 0.933599 0.000021
vn -0.358320 0.933599 0.000021
vn -0.358320 0.933599 0.000021
vn -0.358755 0.933432 0.000000
vn -0.358755 0.933432 0.000000
vn -0.358755 0.933432 0.000000
vn -0.358755 0.933432 0.000000
vn -0.358346 0.933589 0.000000
vn -0.358346 0.933589 0.000000
vn -0.358346 0.933589 0.000000
vn -0.358346 0.933589 0.000000
vn -0.358554 0.933509 0.000029
vn -0.358554 0.933509 0.000029
vn -0.358554 0.933509 0.000029
vn -0.358554 0.933509 0.000029
vn -0.358189 0.933649 0.000178
vn -0.358189 0.933649 0.000178
vn -0.358189 0.933649 0.000178
vn -0.358189 0.933649 0.000178
vn -0.358852 0.933395 0.000000
vn -0.358852 0.933395 0.000000
vn -0.358852 0.933395 0.000000
vn -0.358852 0.933395 0.000000
vn -0.358430 0.933557 0.000000
vn -0.358430 0.933557 0.000000
vn -0.358430 0.933557 0.000000
vn -0.358430 0.933557 0.000000
vn -0.358472 0.933541 0.000000
vn -0.358472 0.933541 0.000000
vn -0.358472 0.933541 0.000000
vn -0.358472 0.933541 0.000000
vn -0.358246 0.933627 0.000000
vn -0.358246 0.933627 0.000000
vn -0.358246 0.933627 0.000000
vn -0.358246 0.933627 0.000000
vn -0.358217 0.933638 0.000000
vn -0.358217 0.933638 0.000000
vn -0.358217 0.933638 0.000000
vn -0.358217 0.933638 0.000000
vn -0.358346 0.933589 0.000000
vn -0.358346 0.933589 0.000000
vn -0.358346 0.933589 0.000000
vn -0.358346 0.933589 0.000000
vn -0.358669 0.933465 0.000000
vn -0.358669 0.933465 0.000000
vn -0.358669 0.933465 0.000000
vn -0.358669 0.933465 0.000000
vn -0.358320 0.933599 0.000000
vn -0.358320 0.933599 0.000000
vn -0.358320 0.933599 0.000000
vn -0.358320 0.933599 0.000000
vn -0.358503 0.933529 0.000000
vn -0.358503 0.933529 0.000000
vn -0.358503 0.933529 0.000000
vn -0.358503 0.933529 0.000000
vn -0.358116 0.933677 0.000000
vn -0.358116 0.933677 0.000000
vn -0.358116 0.933677 0.000000
vn -0.358116 0.933677 0.000000
vn -0.358834 0.933401 0.000000
vn -0.358834 0.933401 0.000000
vn -0.358834 0.933401 0.000000
vn -0.358834 0.933401 0.000000
vn -0.357859 0.933776 0.000000
vn -0.357859 0.933776 0.000000
vn -0.357859 0.933776 0.000000
vn -0.357859 0.933776 0.000000
vn -0.358402 0.933567 0.000000
vn -0.358402 0.933567 0.000000
vn -0.358402 0.933567 0.000000
vn -0.358402 0.933567 0.000000
vn -0.358122 0.933675 0.000000
vn -0.358122 0.933675 0.000000
vn -0.358122 0.933675 0.000000
vn -0.358122 0.933675 0.000000
vn -0.358244 0.933628 0.000000
vn -0.358244 0.933628 0.000000
vn -0.358244 0.933628 0.000000
vn -0.358244 0.933628 0.000000
vn -0.358342 0.933590 0.000000
vn -0.358342 0.933590 0.000000
vn -0.358342 0.933590 0.000000
vn -0.358342 0.933590 0.000000
vn -0.358768 0.933427 0.000000
vn -0.358768 0.933427 0.000000
vn -0.358768 0.933427 0.000000
vn -0.358768 0.933427 0.000000
vn -0.358344 0.933590 0.000000
vn -0.358344 0.933590 0.000000
vn -0.358344 0.933590 0.000000
vn -0.358344 0.933590 0.000000
vn -0.358512 0.933525 0.000000
vn -0.358512 0.933525 0.000000
vn -0.358512 0.933525 0.000000
vn -0.358512 0.933525 0.000000
vn -0.358116 0.933677 0.000000
vn -0.358116 0.933677 0.000000
vn -0.358116 0.933677 0.000000
vn -0.358116 0.933677 0.000000
vn 0.000008 0.000000 -1.000000
vn 0.000008 0.000000 -1.000000
vn 0.000008 0.000000 -1.000000
vn 0.000008 0.000000 -1.000000
vn 0.933279 0.359153 0.000000
vn 0.933279 0.359153 0.000000
vn 0.933279 0.359153 0.000000
vn 0.933279 0.359153 0.000000
vn 0.000000 0.000000 1.000000
vn 0.000000 0.000000 1.000000
vn 0.000000 0.000000 1.000000
vn 0.000000 0.000000 1.000000
vn -0.932796 -0.360406 0.000000
vn -0.932796 -0.360406 0.000000
vn -0.932796 -0.360406 0.000000
vn -0.932796 -0.360406 0.000000
vn 0.000000 0.000000 -1.000000
vn 0.000000 0.000000 -1.000000
vn 0.000000 0.000000 -1.000000
vn 0.000000 0.000000 -1.000000
vn 0.933651 0.358185 0.000000
vn 0.933651 0.358185 0.000000
vn 0.933651 0.358185 0.000000
vn 0.933651 0.358185 0.000000
vn 0.000002 0.000000 1.000000
vn 0.000002 0.000000 1.000000
vn 0.000002 0.000000 1.000000
vn 0.000002 0.000000 1.000000
vn -0.000002 0.000000 -1.000000
vn -0.000002 0.000000 -1.000000
vn -0.000002 0.000000 -1.000000
vn -0.000002 0.000000 -1.000000
vn 0.000000 0.000000 1.000000
vn 0.000000 0.000000 1.000000
vn 0.000000 0.000000 1.000000
vn 0.000000 0.000000 1.000000
vn 0.000000 0.000000 -1.000000
vn 0.000000 0.000000 -1.000000
vn 0.000000 0.000000 -1.000000
vn 0.000000 0.000000 -1.000000
vn 0.000000 0.000000 1.000000
vn 0.000000 0.000000 1.000000
vn 0.000000 0.000000 1.000000
vn 0.000000 0.000000 1.000000
vn -0.000002 0.000000 -1.000000
vn -0.000002 0.000000 -1.000000
vn -0.000002 0.000000 -1.000000
vn -0.000002 0.000000 -1.000000
vn 0.000000 0.000000 1.000000
vn 0.000000 0.000000 1.000000
vn 0.000000 0.000000 1.000000
vn 0.000000 0.000000 1.000000
vn -0.933592 -0.358337 0.000000
vn -0.933592 -0.358337 0.000000
vn -0.933592 -0.358337 0.000000
vn -0.933592 -0.358337 0.000000
vn -0.358403 0.933567 0.000000
vn -0.358403 0.933567 0.000000
vn -0.358403 0.933567 0.000000
vn -0.358403 0.933567 0.000000
vn -0.358404 0.933567 0.000000
vn -0.358404 0.933567 0.000000
vn -0.358404 0.933567 0.000000
vn -0.358404 0.933567 0.000000
vn -0.358401 0.933568 0.000000
vn -0.358403 0.933567 0.000034
vn -0.358403 0.933567 0.000034
vn -0.358401 0.933568 0.000000
vn 0.000000 -0.000000 1.000000
vn 0.000000 -0.000000 1.000000
vn 0.000000 -0.000000 1.000000
vn 0.000000 -0.000000 1.000000
vn -0.358374 0.933578 0.000000
vn -0.358374 0.933578 0.000000
vn -0.358374 0.933578 0.000000
vn -0.358374 0.933578 0.000000
vn -0.000003 0.000000 -1.000000
vn -0.000003 0.000000 -1.000000
vn -0.000003 0.000000 -1.000000
vn -0.000003 0.000000 -1.000000
vn -0.358398 0.933569 0.000000
vn -0.358398 0.933569 0.000000
vn -0.358398 0.933569 0.000000
vn -0.358398 0.933569 0.000000
vn -0.358396 0.933570 0.000000
vn -0.358396 0.933570 0.000000
vn -0.358396 0.933570 0.000000
vn -0.358396 0.933570 0.000000
vn -0.358396 0.933569 0.000000
vn -0.358396 0.933569 0.000000
vn -0.358396 0.933569 0.000000
vn -0.358396 0.933569 0.000000
vn 0.000001 0.000000 1.000000
vn 0.000001 0.000000 1.000000
vn 0.000001 0.000000 1.000000
vn 0.000001 0.000000 1.000000
vn -0.358319 0.933599 0.000000
vn -0.358319 0.933599 0.000000
vn -0.358319 0.933599 0.000000
vn -0.358319 0.933599 0.000000
vn 0.000000 0.000000 -1.000000
vn 0.000000 0.000000 -1.000000
vn 0.000000 0.000000 -1.000000
vn 0.000000 0.000000 -1.000000
vn -0.358397 0.933569 0.000000
vn -0.358397 0.933569 0.000000
vn -0.358397 0.933569 0.000000
vn -0.358397 0.933569 0.000000
vn -0.358330 0.933595 0.000000
vn -0.358330 0.933595 0.000000
vn -0.358330 0.933595 0.000000
vn -0.358330 0.933595 0.000000
vn 0.000000 0.000000 -1.000000
vn 0.000000 0.000000 -1.000000
vn 0.000000 0.000000 -1.000000
vn 0.000000 0.000000 -1.000000
vn 0.934044 0.357158 0.000000
vn 0.934044 0.357158 0.000000
vn 0.934044 0.357158 0.000000
vn 0.934044 0.357158 0.000000
vn 0.000000 0.000000 1.000000
vn 0.000000 0.000000 1.000000
vn 0.000000 0.000000 1.000000
vn 0.000000 0.000000 1.000000
vn -0.933514 -0.358540 0.000000
vn -0.933514 -0.358540 0.000000
vn -0.933514 -0.358540 0.000000
vn -0.933514 -0.358540 0.000000
vn -0.358115 0.933677 0.000000
vn -0.358115 0.933677 0.000000
vn -0.358115 0.933677 0.000000
vn -0.358115 0.933677 0.000000
vn -0.358502 0.933529 0.000000
vn -0.358502 0.933529 0.000000
vn -0.358502 0.933529 0.000000
vn -0.358502 0.933529 0.000000
vn -0.358348 0.933588 0.000000
vn -0.358348 0.933588 0.000000
vn -0.358348 0.933588 0.000000
vn -0.358348 0.933588 0.000000
vn -0.358767 0.933427 0.000000
vn -0.358767 0.933427 0.000000
vn -0.358767 0.933427 0.000000
vn -0.358767 0.933427 0.000000
vn -0.358345 0.933589 0.000000
vn -0.358345 0.933589 0.000000
vn -0.358345 0.933589 0.000000
vn -0.358345 0.933589 0.000000
vn -0.358220 0.933637 0.000000
vn -0.358220 0.933637 0.000000
vn -0.358220 0.933637 0.000000
vn -0.358220 0.933637 0.000000
vn -0.358131 0.933671 0.000000
vn -0.358131 0.933671 0.000000
vn -0.358131 0.933671 0.000000
vn -0.358131 0.933671 0.000000
vn -0.358404 0.933567 0.000000
vn -0.358404 0.933567 0.000000
vn -0.358404 0.933567 0.000000
vn -0.358404 0.933567 0.000000
vn -0.358395 0.933570 0.000000
vn -0.358395 0.933570 0.000000
vn -0.358395 0.933570 0.000000
vn -0.358395 0.933570 0.000000
vn -0.357865 0.933773 0.000000
vn -0.357865 0.933773 0.000000
vn -0.357865 0.933773 0.000000
vn -0.357865 0.933773 0.000000
vn -0.358834 0.933401 0.000000
vn -0.358834 0.933401 0.000000
vn -0.358834 0.933401 0.000000
vn -0.358834 0.933401 0.000000
vn -0.358118 0.933676 0.000000
vn -0.358118 0.933676 0.000000
vn -0.358118 0.933676 0.000000
vn -0.358118 0.933676 0.000000
vn -0.358506 0.933527 0.000000
vn -0.358506 0.933527 0.000000
vn -0.358506 0.933527 0.000000
vn -0.358506 0.933527 0.000000
vn -0.358321 0.933599 0.000000
vn -0.358321 0.933599 0.000000
vn -0.358321 0.933599 0.000000
vn -0.358321 0.933599 0.000000
vn -0.358674 0.933463 0.000000
vn -0.358674 0.933463 0.000000
vn -0.358674 0.933463 0.000000
vn -0.358674 0.933463 0.000000
vn -0.358341 0.933591 0.000000
vn -0.358341 0.933591 0.000000
vn -0.358341 0.933591 0.000000
vn -0.358341 0.933591 0.000000
vn -0.358158 0.933661 0.000000
vn -0.358158 0.933661 0.000000
vn -0.358158 0.933661 0.000000
vn -0.358158 0.933661 0.000000
vn -0.358238 0.933630 0.000000
vn -0.358238 0.933630 0.000000
vn -0.358238 0.933630 0.000000
vn -0.358238 0.933630 0.000000
vn -0.358427 0.933558 0.000000
vn -0.358427 0.933558 0.000000
vn -0.358427 0.933558 0.000000
vn -0.358427 0.933558 0.000000
vn -0.358360 0.933583 0.000000
vn -0.358360 0.933583 0.000000
vn -0.358360 0.933583 0.000000
vn -0.358360 0.933583 0.000000
vn -0.358014 0.933716 0.000000
vn -0.358014 0.933716 0.000000
vn -0.358014 0.933716 0.000000
vn -0.358014 0.933716 0.000000
vn -0.358857 0.933393 0.000000
vn -0.358857 0.933393 0.000000
vn -0.358857 0.933393 0.000000
vn -0.358857 0.933393 0.000000
vn -0.358116 0.933677 0.000000
vn -0.358116 0.933677 0.000000
vn -0.358116 0.933677 0.000000
vn -0.358116 0.933677 0.000000
vn -0.358507 0.933527 0.000000
vn -0.358507 0.933527 0.000000
vn -0.358507 0.933527 0.000000
vn -0.358507 0.933527 0.000000
vn -0.358346 0.933589 0.000000
vn -0.358346 0.933589 0.000000
vn -0.358346 0.933589 0.000000
vn -0.358346 0.933589 0.000000
vn -0.358772 0.933425 0.000000
vn -0.358772 0.933425 0.000000
vn -0.358772 0.933425 0.000000
vn -0.358772 0.933425 0.000000
vn -0.358341 0.933591 0.000000
vn -0.358341 0.933591 0.000000
vn -0.358341 0.933591 0.000000
vn -0.358341 0.933591 0.000000
vn -0.358245 0.933628 0.000000
vn -0.358245 0.933628 0.000000
vn -0.358245 0.933628 0.000000
vn -0.358245 0.933628 0.000000
vn -0.358124 0.933674 0.000000
vn -0.358124 0.933674 0.000000
vn -0.358124 0.933674 0.000000
vn -0.358124 0.933674 0.000000
vn -0.358403 0.933567 0.000000
vn -0.358403 0.933567 0.000000
vn -0.358403 0.933567 0.000000
vn -0.358403 0.933567 0.000000
vn -0.358398 0.933569 0.000000
vn -0.358398 0.933569 0.000000
vn -0.358398 0.933569 0.000000
vn -0.358398 0.933569 0.000000
vn -0.357839 0.933784 0.000000
vn -0.357839 0.933784 0.000000
vn -0.357839 0.933784 0.000000
vn -0.357839 0.933784 0.000000
vn -0.358845 0.933397 0.000000
vn -0.358845 0.933397 0.000000
vn -0.358845 0.933397 0.000000
vn -0.358845 0.933397 0.000000
vn -0.358115 0.933678 0.000000
vn -0.358115 0.933678 0.000000
vn -0.358115 0.933678 0.000000
vn -0.358115 0.933678 0.000000
vn -0.358506 0.933527 0.000000
vn -0.358506 0.933527 0.000000
vn -0.358506 0.933527 0.000000
vn -0.358506 0.933527 0.000000
vn -0.358321 0.933598 0.000000
vn -0.358321 0.933598 0.000000
vn -0.358321 0.933598 0.000000
vn -0.358321 0.933598 0.000000
vn -0.358392 0.933571 0.000000
vn -0.358392 0.933571 0.000000
vn -0.358392 0.933571 0.000000
vn -0.358392 0.933571 0.000000
vn -0.358339 0.933591 0.000000
vn -0.358339 0.933591 0.000000
vn -0.358339 0.933591 0.000000
vn -0.358339 0.933591 0.000000
vn -0.358335 0.933593 0.000000
vn -0.358335 0.933593 0.000000
vn -0.358335 0.933593 0.000000
vn -0.358335 0.933593 0.000000
vn -0.358109 0.933680 0.000000
vn -0.358109 0.933680 0.000000
vn -0.358109 0.933680 0.000000
vn -0.358109 0.933680 0.000000
vn -0.358467 0.933542 0.000000
vn -0.358467 0.933542 0.000000
vn -0.358467 0.933542 0.000000
vn -0.358467 0.933542 0.000000
vn -0.358316 0.933600 0.000000
vn -0.358316 0.933600 0.000000
vn -0.358316 0.933600 0.000000
vn -0.358316 0.933600 0.000000
vn -0.358610 0.933488 0.000000
vn -0.358610 0.933488 0.000000
vn -0.358610 0.933488 0.000000
vn -0.358610 0.933488 0.000000
vn -0.358854 0.933394 0.000000
vn -0.358854 0.933394 0.000000
vn -0.358854 0.933394 0.000000
vn -0.358854 0.933394 0.000000
vn -0.358080 0.933691 -0.000041
vn -0.358080 0.933691 -0.000041
vn -0.358080 0.933691 -0.000041
vn -0.358080 0.933691 -0.000041
vn -0.358501 0.933529 0.000000
vn -0.358501 0.933529 0.000000
vn -0.358501 0.933529 0.000000
vn -0.358501 0.933529 0.000000
vn -0.358423 0.933559 0.000000
vn -0.358423 0.933559 0.000000
vn -0.358423 0.933559 0.000000
vn -0.358423 0.933559 0.000000
vn -0.357618 0.933868 0.000000
vn -0.357618 0.933868 0.000000
vn -0.357618 0.933868 0.000000
vn -0.357618 0.933868 0.000000
vn -0.358348 0.933588 0.000000
vn -0.358348 0.933588 0.000000
vn -0.358348 0.933588 0.000000
vn -0.358348 0.933588 0.000000
vn -0.358163 0.933659 0.000000
vn -0.358163 0.933659 0.000000
vn -0.358163 0.933659 0.000000
vn -0.358163 0.933659 0.000000
vn -0.358190 0.933649 0.000000
vn -0.358190 0.933649 0.000000
vn -0.358190 0.933649 0.000000
vn -0.358190 0.933649 0.000000
vn -0.358502 0.933529 0.000000
vn -0.358502 0.933529 0.000000
vn -0.358502 0.933529 0.000000
vn -0.358502 0.933529 0.000000
vn -0.358271 0.933618 0.000000
vn -0.358271 0.933618 0.000000
vn -0.358271 0.933618 0.000000
vn -0.358271 0.933618 0.000000
vn -0.358614 0.933486 0.000000
vn -0.358614 0.933486 0.000000
vn -0.358614 0.933486 0.000000
vn -0.358614 0.933486 0.000000
vn -0.359463 0.933159 0.000000
vn -0.359463 0.933159 0.000000
vn -0.359463 0.933159 0.000000
vn -0.359463 0.933159 0.000000
vn -0.358850 0.933395 0.000000
vn -0.358850 0.933395 0.000000
vn -0.358850 0.933395 0.000000
vn -0.358850 0.933395 0.000000
vn -0.357844 0.933781 0.000000
vn -0.357844 0.933781 0.000000
vn -0.357844 0.933781 0.000000
vn -0.357844 0.933781 0.000000
vn -0.358397 0.933569 0.000000
vn -0.358397 0.933569 0.000000
vn -0.358397 0.933569 0.000000
vn -0.358397 0.933569 0.000000
vn -0.358404 0.933566 0.000000
vn -0.358404 0.933566 0.000000
vn -0.358404 0.933566 0.000000
vn -0.358404 0.933566 0.000000
vn -0.358124 0.933674 0.000000
vn -0.358124 0.933674 0.000000
vn -0.358124 0.933674 0.000000
vn -0.358124 0.933674 0.000000
vn -0.358242 0.933629 0.000000
vn -0.358242 0.933629 0.000000
vn -0.358242 0.933629 0.000000
vn -0.358242 0.933629 0.000000
vn -0.358341 0.933591 0.000000
vn -0.358341 0.933591 0.000000
vn -0.358341 0.933591 0.000000
vn -0.358341 0.933591 0.000000
vn -0.358762 0.933429 0.000000
vn -0.358762 0.933429 0.000000
vn -0.358762 0.933429 0.000000
vn -0.358762 0.933429 0.000000
vn -0.358348 0.933588 0.000000
vn -0.358348 0.933588 0.000000
vn -0.358348 0.933588 0.000000
vn -0.358348 0.933588 0.000000
vn -0.358501 0.933529 0.000000
vn -0.358501 0.933529 0.000000
vn -0.358501 0.933529 0.000000
vn -0.358501 0.933529 0.000000
vn -0.358119 0.933676 0.000000
vn -0.358119 0.933676 0.000000
vn -0.358119 0.933676 0.000000
vn -0.358119 0.933676 0.000000
vn 0.000000 0.000000 -1.000000
vn 0.000000 0.000000 -1.000000
vn 0.000000 0.000000 -1.000000
vn 0.000000 0.000000 -1.000000
vn -0.000003 0.000000 1.000000
vn -0.000003 0.000000 1.000000
vn -0.000003 0.000000 1.000000
vn -0.000003 0.000000 1.000000
vn 0.000000 0.000000 -1.000000
vn 0.000000 0.000000 -1.000000
vn 0.000000 0.000000 -1.000000
vn 0.000000 0.000000 -1.000000
vn 0.933875 0.357600 0.000000
vn 0.933875 0.357600 0.000000
vn 0.933875 0.357600 0.000000
vn 0.933875 0.357600 0.000000
vn 0.000003 0.000000 1.000000
vn 0.000003 0.000000 1.000000
vn 0.000003 0.000000 1.000000
vn 0.000003 0.000000 1.000000
vn -0.000003 0.000000 -1.000000
vn -0.000003 0.000000 -1.000000
vn -0.000003 0.000000 -1.000000
vn -0.000003 0.000000 -1.000000
vn 0.000000 0.000000 1.000000
vn 0.000000 0.000000 1.000000
vn 0.000000 0.000000 1.000000
vn 0.000000 0.000000 1.000000
vn -0.933720 -0.358005 0.000000
vn -0.933720 -0.358005 0.000000
vn -0.933720 -0.358005 0.000000
vn -0.933720 -0.358005 0.000000
vn -0.000003 0.000000 -1.000000
vn -0.000003 0.000000 -1.000000
vn -0.000003 0.000000 -1.000000
vn -0.000003 0.000000 -1.000000
vn 0.000000 0.000000 1.000000
vn 0.000000 0.000000 1.000000
vn 0.000000 0.000000 1.000000
vn 0.000000 0.000000 1.000000
vn -0.000003 0.000000 -1.000000
vn -0.000003 0.000000 -1.000000
vn -0.000003 0.000000 -1.000000
vn -0.000003 0.000000 -1.000000
vn -0.000003 0.000000 1.000000
vn -0.000003 0.000000 1.000000
vn -0.000003 0.000000 1.000000
vn -0.000003 0.000000 1.000000
vn 0.000000 0.000000 -1.000000
vn 0.000000 0.000000 -1.000000
vn 0.000000 0.000000 -1.000000
vn 0.000000 0.000000 -1.000000
vn 0.000000 0.000000 1.000000
vn 0.000000 0.000000 1.000000
vn 0.000000 0.000000 1.000000
vn 0.000000 0.000000 1.000000
vn -0.933581 -0.358368 0.000000
vn -0.933581 -0.358368 0.000000
vn -0.933581 -0.358368 0.000000
vn -0.933581 -0.358368 0.000000
vn -0.000003 0.000000 -1.000000
vn -0.000003 0.000000 -1.000000
vn -0.000003 0.000000 -1.000000
vn -0.000003 0.000000 -1.000000
vn 0.000000 0.000000 1.000000
vn 0.000000 0.000000 1.000000
vn 0.000000 0.000000 1.000000
vn 0.000000 0.000000 1.000000
vn -0.000003 0.000000 -1.000000
vn -0.000003 0.000000 -1.000000
vn -0.000003 0.000000 -1.000000
vn -0.000003 0.000000 -1.000000
vn 0.000000 0.000000 1.000000
vn 0.000000 0.000000 1.000000
vn 0.000000 0.000000 1.000000
vn 0.000000 0.000000 1.000000
vn 0.000000 0.000000 -1.000000
vn 0.000000 0.000000 -1.000000
vn 0.000000 0.000000 -1.000000
vn 0.000000 0.000000 -1.000000
vn 0.000000 0.000000 1.000000
vn 0.000000 0.000000 1.000000
vn 0.000000 0.000000 1.000000
vn 0.000000 0.000000 1.000000
vn -0.000004 0.000000 -1.000000
vn -0.000004 0.000000 -1.000000
vn -0.000004 0.000000 -1.000000
vn -0.000004 0.000000 -1.000000
vn 0.933808 0.357776 0.000000
vn 0.933808 0.357776 0.000000
vn 0.933808 0.357776 0.000000
vn 0.933808 0.357776 0.000000
vn 0.000000 0.000000 1.000000
vn 0.000000 0.000000 1.000000
vn 0.000000 0.000000 1.000000
vn 0.000000 0.000000 1.000000
vn -0.000004 0.000000 -1.000000
vn -0.000004 0.000000 -1.000000
vn -0.000004 0.000000 -1.000000
vn -0.000004 0.000000 -1.000000
vn 0.000004 0.000000 1.000000
vn 0.000004 0.000000 1.000000
vn 0.000004 0.000000 1.000000
vn 0.000004 0.000000 1.000000
vn -0.933571 -0.358394 0.000000
vn -0.933571 -0.358394 0.000000
vn -0.933571 -0.358394 0.000000
vn -0.933571 -0.358394 0.000000
vn 0.000003 0.000000 -1.000000
vn 0.000003 0.000000 -1.000000
vn 0.000003 0.000000 -1.000000
vn 0.000003 0.000000 -1.000000
vn 0.000000 0.000000 1.000000
vn 0.000000 0.000000 1.000000
vn 0.000000 0.000000 1.000000
vn 0.000000 0.000000 1.000000
vn 0.000004 0.000000 -1.000000
vn 0.000004 0.000000 -1.000000
vn 0.000004 0.000000 -1.000000
vn 0.000004 0.000000 -1.000000
vn 0.000000 0.000000 1.000000
vn 0.000000 0.000000 1.000000
vn 0.000000 0.000000 1.000000
vn 0.000000 0.000000 1.000000
vn -0.000004 0.000000 -1.000000
vn -0.000004 0.000000 -1.000000
vn -0.000004 0.000000 -1.000000
vn -0.000004 0.000000 -1.000000
vn 0.000000 0.000000 1.000000
vn 0.000000 0.000000 1.000000
vn 0.000000 0.000000 1.000000
vn 0.000000 0.000000 1.000000
vn -0.000004 0.000000 -1.000000
vn -0.000004 0.000000 -1.000000
vn -0.000004 0.000000 -1.000000
vn -0.000004 0.000000 -1.000000
vn 0.933607 0.358298 0.000000
vn 0.933607 0.358298 0.000000
vn 0.933607 0.358298 0.000000
vn 0.933607 0.358298 0.000000
vn 0.000004 0.000000 1.000000
vn 0.000004 0.000000 1.000000
vn 0.000004 0.000000 1.000000
vn 0.000004 0.000000 1.000000
vn -0.358116 0.933677 0.000000
vn -0.358116 0.933677 0.000000
vn -0.358116 0.933677 0.000000
vn -0.358116 0.933677 0.000000
vn -0.358511 0.933525 0.000000
vn -0.358511 0.933525 0.000000
vn -0.358511 0.933525 0.000000
vn -0.358511 0.933525 0.000000
vn -0.358344 0.933590 0.000000
vn -0.358344 0.933590 0.000000
vn -0.358344 0.933590 0.000000
vn -0.358344 0.933590 0.000000
vn -0.358775 0.933424 0.000000
vn -0.358775 0.933424 0.000000
vn -0.358775 0.933424 0.000000
vn -0.358775 0.933424 0.000000
vn -0.358346 0.933589 0.000000
vn -0.358346 0.933589 0.000000
vn -0.358346 0.933589 0.000000
vn -0.358346 0.933589 0.000000
vn -0.358231 0.933633 0.000000
vn -0.358231 0.933633 0.000000
vn -0.358231 0.933633 0.000000
vn -0.358231 0.933633 0.000000
vn -0.358126 0.933673 0.000000
vn -0.358126 0.933673 0.000000
vn -0.358126 0.933673 0.000000
vn -0.358126 0.933673 0.000000
vn -0.358403 0.933567 0.000000
vn -0.358403 0.933567 0.000000
vn -0.358403 0.933567 0.000000
vn -0.358403 0.933567 0.000000
vn -0.358398 0.933569 0.000000
vn -0.358398 0.933569 0.000000
vn -0.358398 0.933569 0.000000
vn -0.358398 0.933569 0.000000
vn -0.357854 0.933778 0.000000
vn -0.357854 0.933778 0.000000
vn -0.357854 0.933778 0.000000
vn -0.357854 0.933778 0.000000
vn -0.358763 0.933429 0.000077
vn -0.358763 0.933429 0.000077
vn -0.358763 0.933429 0.000077
vn -0.358763 0.933429 0.000077
vn 0.000004 0.000000 -1.000000
vn 0.000004 0.000000 -1.000000
vn 0.000004 0.000000 -1.000000
vn 0.000004 0.000000 -1.000000
vn 0.000000 0.000000 1.000000
vn 0.000000 0.000000 1.000000
vn 0.000000 0.000000 1.000000
vn 0.000000 0.000000 1.000000
vn -0.933495 -0.358591 0.000000
vn -0.933495 -0.358591 0.000000
vn -0.933495 -0.358591 0.000000
vn -0.933495 -0.358591 0.000000
vn 0.000000 0.000000 -1.000000
vn 0.000000 0.000000 -1.000000
vn 0.000000 0.000000 -1.000000
vn 0.000000 0.000000 -1.000000
vn -0.000002 0.000000 1.000000
vn -0.000002 0.000000 1.000000
vn -0.000002 0.000000 1.000000
vn -0.000002 0.000000 1.000000
vn -0.000002 0.000000 -1.000000
vn -0.000002 0.000000 -1.000000
vn -0.000002 0.000000 -1.000000
vn -0.000002 0.000000 -1.000000
vn 0.000000 0.000000 1.000000
vn 0.000000 0.000000 1.000000
vn 0.000000 0.000000 1.000000
vn 0.000000 0.000000 1.000000
vn 0.000000 0.000000 -1.000000
vn 0.000000 0.000000 -1.000000
vn 0.000000 0.000000 -1.000000
vn 0.000000 0.000000 -1.000000
vn 0.000000 0.000000 1.000000
vn 0.000000 0.000000 1.000000
vn 0.000000 0.000000 1.000000
vn 0.000000 0.000000 1.000000
vn 0.000002 0.000000 -1.000000
vn 0.000002 0.000000 -1.000000
vn 0.000002 0.000000 -1.000000
vn 0.000002 0.000000 -1.000000
vn -0.000002 0.000000 1.000000
vn -0.000002 0.000000 1.000000
vn -0.000002 0.000000 1.000000
vn -0.000002 0.000000 1.000000
vn 0.003762 -0.001016 -0.999992
vn 0.003762 -0.001016 -0.999992
vn 0.003762 -0.001016 -0.999992
vn 0.003762 -0.001016 -0.999992
vn 0.000000 0.000000 1.000000
vn 0.000000 0.000000 1.000000
vn 0.000000 0.000000 1.000000
vn 0.000000 0.000000 1.000000
vn -0.359466 0.933158 0.000000
vn -0.359466 0.933158 0.000000
vn -0.359466 0.933158 0.000000
vn -0.359466 0.933158 0.000000
vn -0.358620 0.933484 0.000000
vn -0.358620 0.933484 0.000000
vn -0.358620 0.933484 0.000000
vn -0.358620 0.933484 0.000000
vn -0.358270 0.933618 0.000000
vn -0.358270 0.933618 0.000000
vn -0.358270 0.933618 0.000000
vn -0.358270 0.933618 0.000000
vn -0.358503 0.933529 0.000000
vn -0.358503 0.933529 0.000000
vn -0.358503 0.933529 0.000000
vn -0.358503 0.933529 0.000000
vn -0.358188 0.933649 0.000000
vn -0.358188 0.933649 0.000000
vn -0.358188 0.933649 0.000000
vn -0.358188 0.933649 0.000000
vn -0.358162 0.933660 0.000000
vn -0.358162 0.933660 0.000000
vn -0.358162 0.933660 0.000000
vn -0.358162 0.933660 0.000000
vn -0.933497 -0.358585 0.000000
vn -0.933497 -0.358585 0.000000
vn -0.933497 -0.358585 0.000000
vn -0.933497 -0.358585 0.000000
vn -0.358340 0.933591 0.000000
vn -0.358340 0.933591 0.000000
vn -0.358340 0.933591 0.000000
vn -0.358340 0.933591 0.000000
vn -0.358663 0.933467 0.000000
vn -0.358663 0.933467 0.000000
vn -0.358663 0.933467 0.000000
vn -0.358663 0.933467 0.000000
vn -0.358324 0.933598 0.000000
vn -0.358324 0.933598 0.000000
vn -0.358324 0.933598 0.000000
vn -0.358324 0.933598 0.000000
vn -0.358511 0.933526 0.000000
vn -0.358511 0.933526 0.000000
vn -0.358511 0.933526 0.000000
vn -0.358511 0.933526 0.000000
vn -0.358075 0.933693 0.000065
vn -0.358075 0.933693 0.000065
vn -0.358075 0.933693 0.000065
vn -0.358075 0.933693 0.000065
vn 0.000000 0.000000 -1.000000
vn 0.000000 0.000000 -1.000000
vn 0.000000 0.000000 -1.000000
vn 0.000000 0.000000 -1.000000
vn 0.000000 0.000000 1.000000
vn 0.000000 0.000000 1.000000
vn 0.000000 0.000000 1.000000
vn 0.000000 0.000000 1.000000
vn -0.933524 -0.358516 0.000000
vn -0.933524 -0.358516 0.000000
vn -0.933524 -0.358516 0.000000
vn -0.933524 -0.358516 0.000000
vn 0.000005 0.000000 -1.000000
vn 0.000005 0.000000 -1.000000
vn 0.000005 0.000000 -1.000000
vn 0.000005 0.000000 -1.000000
vn 0.933602 0.358312 0.000000
vn 0.933602 0.358312 0.000000
vn 0.933602 0.358312 0.000000
vn 0.933602 0.358312 0.000000
vn -0.000003 0.000000 1.000000
vn -0.000003 0.000000 1.000000
vn -0.000003 0.000000 1.000000
vn -0.000003 0.000000 1.000000
vn -0.000003 0.000000 -1.000000
vn -0.000003 0.000000 -1.000000
vn -0.000003 0.000000 -1.000000
vn -0.000003 0.000000 -1.000000
vn 0.933605 0.358303 0.000000
vn 0.933605 0.358303 0.000000
vn 0.933605 0.358303 0.000000
vn 0.933605 0.358303 0.000000
vn -0.000003 0.000000 1.000000
vn -0.000003 0.000000 1.000000
vn -0.000003 0.000000 1.000000
vn -0.000003 0.000000 1.000000
vn 0.000000 0.000000 -1.000000
vn 0.000000 0.000000 -1.000000
vn 0.000000 0.000000 -1.000000
vn 0.000000 0.000000 -1.000000
vn 0.000000 0.000000 1.000000
vn 0.000000 0.000000 1.000000
vn 0.000000 0.000000 1.000000
vn 0.000000 0.000000 1.000000
vn -0.933505 -0.358565 0.000000
vn -0.933505 -0.358565 0.000000
vn -0.933505 -0.358565 0.000000
vn -0.933505 -0.358565 0.000000
vn 0.000000 0.000000 -1.000000
vn 0.000000 0.000000 -1.000000
vn 0.000000 0.000000 -1.000000
vn 0.000000 0.000000 -1.000000
vn 0.000000 0.000000 1.000000
vn 0.000000 0.000000 1.000000
vn 0.000000 0.000000 1.000000
vn 0.000000 0.000000 1.000000
vn -0.933516 -0.358535 0.000000
vn -0.933516 -0.358535 0.000000
vn -0.933516 -0.358535 0.000000
vn -0.933516 -0.358535 0.000000
vn 0.000000 0.000000 -1.000000
vn 0.000000 0.000000 -1.000000
vn 0.000000 0.000000 -1.000000
vn 0.000000 0.000000 -1.000000
vn 0.933591 0.358340 0.000000
vn 0.933591 0.358340 0.000000
vn 0.933591 0.358340 0.000000
vn 0.933591 0.358340 0.000000
vn 0.000000 0.000000 1.000000
vn 0.000000 0.000000 1.000000
vn 0.000000 0.000000 1.000000
vn 0.000000 0.000000 1.000000
vn 0.000000 0.000000 -1.000000
vn 0.000000 0.000000 -1.000000
vn 0.000000 0.000000 -1.000000
vn 0.000000 0.000000 -1.000000
vn 0.000000 0.000000 1.000000
vn 0.000000 0.000000 1.000000
vn 0.000000 0.000000 1.000000
vn 0.000000 0.000000 1.000000
vn -0.933530 -0.358499 0.000000
vn -0.933530 -0.358499 0.000000
vn -0.933530 -0.358499 0.000000
vn -0.933530 -0.358499 0.000000
vn -0.000005 0.000000 -1.000000
vn -0.000005 0.000000 -1.000000
vn -0.000005 0.000000 -1.000000
vn -0.000005 0.000000 -1.000000
vn 0.934067 0.357099 0.000000
vn 0.934067 0.357099 0.000000
vn 0.934067 0.357099 0.000000
vn 0.934067 0.357099 0.000000
vn 0.000000 0.000000 1.000000
vn 0.000000 0.000000 1.000000
vn 0.000000 0.000000 1.000000
vn 0.000000 0.000000 1.000000
vn 0.000010 0.000000 -1.000000
vn 0.000010 0.000000 -1.000000
vn 0.000010 0.000000 -1.000000
vn 0.000010 0.000000 -1.000000
vn 0.933602 0.358311 0.000000
vn 0.933602 0.358311 0.000000
vn 0.933602 0.358311 0.000000
vn 0.933602 0.358311 0.000000
vn -0.000005 0.000000 1.000000
vn -0.000005 0.000000 1.000000
vn -0.000005 0.000000 1.000000
vn -0.000005 0.000000 1.000000
vn 0.000000 0.000000 -1.000000
vn 0.000000 0.000000 -1.000000
vn 0.000000 0.000000 -1.000000
vn 0.000000 0.000000 -1.000000
vn 0.000000 0.000000 1.000000
vn 0.000000 0.000000 1.000000
vn 0.000000 0.000000 1.000000
vn 0.000000 0.000000 1.000000
vn -0.933557 -0.358429 0.000000
vn -0.933557 -0.358429 0.000000
vn -0.933557 -0.358429 0.000000
vn -0.933557 -0.358429 0.000000
vn 0.000000 0.000000 -1.000000
vn 0.000000 0.000000 -1.000000
vn 0.000000 0.000000 -1.000000
vn 0.000000 0.000000 -1.000000
vn 0.933550 0.358447 0.000000
vn 0.933550 0.358447 0.000000
vn 0.933550 0.358447 0.000000
vn 0.933550 0.358447 0.000000
vn 0.000000 0.000000 1.000000
vn 0.000000 0.000000 1.000000
vn 0.000000 0.000000 1.000000
vn 0.000000 0.000000 1.000000
vn 0.000003 0.000000 -1.000000
vn 0.000003 0.000000 -1.000000
vn 0.000003 0.000000 -1.000000
vn 0.000003 0.000000 -1.000000
vn 0.000000 0.000000 1.000000
vn 0.000000 0.000000 1.000000
vn 0.000000 0.000000 1.000000
vn 0.000000 0.000000 1.000000
vn -0.933501 -0.358574 0.000000
vn -0.933501 -0.358574 0.000000
vn -0.933501 -0.358574 0.000000
vn -0.933501 -0.358574 0.000000
vn -0.359477 0.933154 0.000000
vn -0.359477 0.933154 0.000000
vn -0.359477 0.933154 0.000000
vn -0.359477 0.933154 0.000000
vn -0.358617 0.933485 0.000000
vn -0.358617 0.933485 0.000000
vn -0.358617 0.933485 0.000000
vn -0.358617 0.933485 0.000000
vn -0.358269 0.933618 0.000000
vn -0.358269 0.933618 0.000000
vn -0.358269 0.933618 0.000000
vn -0.358269 0.933618 0.000000
vn -0.358501 0.933529 0.000000
vn -0.358501 0.933529 0.000000
vn -0.358501 0.933529 0.000000
vn -0.358501 0.933529 0.000000
vn -0.358195 0.933647 0.000000
vn -0.358195 0.933647 0.000000
vn -0.358195 0.933647 0.000000
vn -0.358195 0.933647 0.000000
vn -0.358163 0.933659 0.000000
vn -0.358163 0.933659 0.000000
vn -0.358163 0.933659 0.000000
vn -0.358163 0.933659 0.000000
vn -0.933513 -0.358544 0.000000
vn -0.933513 -0.358544 0.000000
vn -0.933513 -0.358544 0.000000
vn -0.933513 -0.358544 0.000000
vn -0.358349 0.933588 0.000000
vn -0.358349 0.933588 0.000000
vn -0.358349 0.933588 0.000000
vn -0.358349 0.933588 0.000000
vn -0.358770 0.933426 0.000000
vn -0.358770 0.933426 0.000000
vn -0.358770 0.933426 0.000000
vn -0.358770 0.933426 0.000000
vn -0.358349 0.933588 0.000000
vn -0.358349 0.933588 0.000000
vn -0.358349 0.933588 0.000000
vn -0.358349 0.933588 0.000000
vn -0.358496 0.933531 0.000000
vn -0.358496 0.933531 0.000000
vn -0.358496 0.933531 0.000000
vn -0.358496 0.933531 0.000000
vn -0.358026 0.933712 0.000000
vn -0.358026 0.933712 0.000000
vn -0.358026 0.933712 0.000000
vn -0.358026 0.933712 0.000000
vn -0.000006 0.000000 -1.000000
vn -0.000006 0.000000 -1.000000
vn -0.000006 0.000000 -1.000000
vn -0.000006 0.000000 -1.000000
vn 0.000006 0.000000 1.000000
vn 0.000006 0.000000 1.000000
vn 0.000006 0.000000 1.000000
vn 0.000006 0.000000 1.000000
vn -0.933593 -0.358336 0.000000
vn -0.933593 -0.358336 0.000000
vn -0.933593 -0.358336 0.000000
vn -0.933593 -0.358336 0.000000
vn -0.000005 0.000000 -1.000000
vn -0.000005 0.000000 -1.000000
vn -0.000005 0.000000 -1.000000
vn -0.000005 0.000000 -1.000000
vn 0.933727 0.357987 0.000000
vn 0.933727 0.357987 0.000000
vn 0.933727 0.357987 0.000000
vn 0.933727 0.357987 0.000000
vn 0.000000 0.000000 1.000000
vn 0.000000 0.000000 1.000000
vn 0.000000 0.000000 1.000000
vn 0.000000 0.000000 1.000000
vn 0.933638 0.358218 0.000000
vn 0.933638 0.358218 0.000000
vn 0.933638 0.358218 0.000000
vn 0.933638 0.358218 0.000000
vn 0.933644 0.358203 0.000000
vn 0.933644 0.358203 0.000000
vn 0.933644 0.358203 0.000000
vn 0.933644 0.358203 0.000000
vn 0.933622 0.358259 0.000000
vn 0.933622 0.358259 0.000000
vn 0.933622 0.358259 0.000000
vn 0.933622 0.358259 0.000000
vn 0.933639 0.358215 0.000000
vn 0.933639 0.358215 0.000000
vn 0.933639 0.358215 0.000000
vn 0.933639 0.358215 0.000000
vn 0.933613 0.358284 0.000000
vn 0.933613 0.358284 0.000000
vn 0.933613 0.358284 0.000000
vn 0.933613 0.358284 0.000000
vn 0.933605 0.358304 0.000000
vn 0.933605 0.358304 0.000000
vn 0.933605 0.358304 0.000000
vn 0.933605 0.358304 0.000000
vn 0.933638 0.358218 0.000000
vn 0.933638 0.358218 0.000000
vn 0.933638 0.358218 0.000000
vn 0.933638 0.358218 0.000000
vn 0.933572 0.358390 0.000000
vn 0.933572 0.358390 0.000000
vn 0.933572 0.358390 0.000000
vn 0.933572 0.358390 0.000000
vn 0.933592 0.358338 0.000000
vn 0.933592 0.358338 0.000000
vn 0.933592 0.358338 0.000000
vn 0.933592 0.358338 0.000000
vn -0.358461 0.933545 0.000000
vn -0.358461 0.933545 0.000000
vn -0.358461 0.933545 0.000000
vn -0.358461 0.933545 0.000000
vn -0.358391 0.933572 0.000000
vn -0.358391 0.933572 0.000000
vn -0.358391 0.933572 0.000000
vn -0.358391 0.933572 0.000000
vn -0.358357 0.933585 0.000000
vn -0.358357 0.933585 0.000000
vn -0.358357 0.933585 0.000000
vn -0.358357 0.933585 0.000000
vn -0.358459 0.933545 0.000000
vn -0.358459 0.933545 0.000000
vn -0.358461 0.933545 0.000000
vn -0.358461 0.933545 0.000000
vn 0.000000 0.000000 -1.000000
vn 0.000000 0.000000 -1.000000
vn 0.000000 0.000000 -1.000000
vn 0.000000 0.000000 -1.000000
vn -0.933779 -0.357850 0.000000
vn -0.933779 -0.357850 0.000000
vn -0.933779 -0.357850 0.000000
vn -0.933779 -0.357850 0.000000
vn 0.933531 0.358496 0.000000
vn 0.933531 0.358496 0.000000
vn 0.933531 0.358496 0.000000
vn 0.933531 0.358496 0.000000
vn -0.358318 0.933600 0.000000
vn -0.358318 0.933600 0.000000
vn -0.358318 0.933600 0.000000
vn -0.358318 0.933600 0.000000
vn -0.358339 0.933591 0.000000
vn -0.358339 0.933591 0.000000
vn -0.358339 0.933591 0.000000
vn -0.358339 0.933591 0.000000
vn -0.358349 0.933588 0.000000
vn -0.358349 0.933588 0.000000
vn -0.358349 0.933588 0.000000
vn -0.358349 0.933588 0.000000
vn -0.358376 0.933577 0.000000
vn -0.358376 0.933577 0.000000
vn -0.358376 0.933577 0.000000
vn -0.358376 0.933577 0.000000
vn -0.358320 0.933599 0.000000
vn -0.358320 0.933599 0.000000
vn -0.358320 0.933599 0.000000
vn -0.358320 0.933599 0.000000
vn -0.358356 0.933585 0.000020
vn -0.358356 0.933585 0.000020
vn -0.358356 0.933585 0.000020
vn -0.358356 0.933585 0.000020
vn -0.358337 0.933592 0.000148
vn -0.358315 0.933601 0.000333
vn -0.358315 0.933601 0.000333
vn -0.358337 0.933592 0.000148
vn -0.358480 0.933537 0.000000
vn -0.358480 0.933537 0.000000
vn -0.358480 0.933537 0.000000
vn -0.358480 0.933537 0.000000
vn -0.358691 0.933456 0.000000
vn -0.358691 0.933456 0.000000
vn -0.358691 0.933456 0.000000
vn -0.358691 0.933456 0.000000
vn -0.358692 0.933456 0.000000
vn -0.358692 0.933456 0.000000
vn -0.358692 0.933456 0.000000
vn -0.358692 0.933456 0.000000
vn -0.358632 0.933479 -0.000219
vn -0.358718 0.933446 -0.000122
vn -0.358718 0.933446 -0.000122
vn -0.358632 0.933479 -0.000219
vn -0.358331 0.933595 0.000000
vn -0.358331 0.933595 0.000000
vn -0.358331 0.933595 0.000000
vn -0.358331 0.933595 0.000000
vn -0.358408 0.933565 0.000000
vn -0.358408 0.933565 0.000000
vn -0.358408 0.933565 0.000000
vn -0.358408 0.933565 0.000000
vn -0.358373 0.933578 0.000000
vn -0.358373 0.933578 0.000000
vn -0.358373 0.933578 0.000000
vn -0.358373 0.933578 0.000000
vn -0.358387 0.933573 0.000013
vn -0.358387 0.933573 0.000081
vn -0.358387 0.933573 0.000081
vn -0.358387 0.933573 0.000013
vn -0.358386 0.933574 0.000000
vn -0.358386 0.933574 0.000000
vn -0.358386 0.933574 0.000000
vn -0.358386 0.933574 0.000000
vn -0.358072 0.933694 0.000000
vn -0.358072 0.933694 0.000000
vn -0.358072 0.933694 0.000000
vn -0.358072 0.933694 0.000000
vn -0.358064 0.933697 0.000000
vn -0.358064 0.933697 0.000000
vn -0.358064 0.933697 0.000000
vn -0.358064 0.933697 0.000000
vn -0.358058 0.933699 0.000000
vn -0.358059 0.933699 0.000000
vn -0.358059 0.933699 0.000000
vn -0.358058 0.933699 0.000000
vn -0.358070 0.933695 0.000000
vn -0.358070 0.933695 0.000000
vn -0.358070 0.933695 0.000000
vn -0.358070 0.933695 0.000000
vn 0.000000 0.000000 -1.000000
vn 0.000000 0.000000 -1.000000
vn 0.000000 0.000000 -1.000000
vn 0.000000 0.000000 -1.000000
vn -0.933756 -0.357911 0.000000
vn -0.933756 -0.357911 0.000000
vn -0.933756 -0.357911 0.000000
vn -0.933756 -0.357911 0.000000
vn 0.000003 0.000000 1.000000
vn 0.000003 0.000000 1.000000
vn 0.000003 0.000000 1.000000
vn 0.000003 0.000000 1.000000
vn -0.358464 0.933543 0.000000
vn -0.358464 0.933543 0.000000
vn -0.358464 0.933543 0.000000
vn -0.358464 0.933543 0.000000
vn -0.358170 0.933656 0.000000
vn -0.358170 0.933656 0.000000
vn -0.358170 0.933656 0.000000
vn -0.358170 0.933656 0.000000
vn -0.358163 0.933659 -0.000259
vn -0.358131 0.933671 -0.000178
vn -0.358131 0.933671 -0.000178
vn -0.358163 0.933659 -0.000259
vn -0.358412 0.933564 0.000000
vn -0.358412 0.933564 0.000000
vn -0.358412 0.933564 0.000000
vn -0.358412 0.933564 0.000000
vn -0.358416 0.933562 0.000000
vn -0.358416 0.933562 0.000000
vn -0.358416 0.933562 0.000000
vn -0.358416 0.933562 0.000000
vn -0.358075 0.933693 0.000032
vn -0.358075 0.933693 0.000032
vn -0.358075 0.933693 0.000032
vn -0.358075 0.933693 0.000032
vn -0.358289 0.933611 0.000000
vn -0.358289 0.933611 0.000000
vn -0.358289 0.933611 0.000000
vn -0.358389 0.933572 0.000000
vn -0.358389 0.933572 0.000000
vn -0.358389 0.933572 0.000000
vn -0.358389 0.933572 0.000000
vn -0.358540 0.933514 0.000000
vn -0.358540 0.933514 0.000000
vn -0.358540 0.933514 0.000000
vn -0.358540 0.933514 0.000000
vn -0.358543 0.933513 0.000000
vn -0.358543 0.933513 0.000000
vn -0.358543 0.933513 0.000000
vn -0.358543 0.933513 0.000000
vn -0.358500 0.933530 0.000034
vn -0.358517 0.933523 0.000067
vn -0.358517 0.933523 0.000067
vn -0.358500 0.933530 0.000034
vn -0.358480 0.933537 0.000000
vn -0.358480 0.933537 0.000000
vn -0.358480 0.933537 0.000000
vn -0.358480 0.933537 0.000000
vn -0.358068 0.933696 0.000000
vn -0.358068 0.933696 0.000000
vn -0.358068 0.933696 0.000000
vn -0.358068 0.933696 0.000000
vn -0.358460 0.933545 0.000000
vn -0.358460 0.933545 0.000000
vn -0.358460 0.933545 0.000000
vn -0.358460 0.933545 0.000000
vn -0.933762 -0.357896 0.000000
vn -0.933762 -0.357896 0.000000
vn -0.933762 -0.357896 0.000000
vn -0.933762 -0.357896 0.000000
vn -0.358390 0.933572 0.000000
vn -0.358390 0.933572 0.000000
vn -0.358390 0.933572 0.000000
vn -0.358390 0.933572 0.000000
vn 0.933529 0.358502 0.000000
vn 0.933529 0.358502 0.000000
vn 0.933529 0.358502 0.000000
vn 0.933529 0.358502 0.000000
vn -0.358474 0.933540 0.000000
vn -0.358474 0.933540 0.000000
vn -0.358474 0.933540 0.000000
vn -0.358474 0.933540 0.000000
vn -0.358377 0.933577 0.000080
vn -0.358377 0.933577 0.000080
vn -0.358377 0.933577 0.000080
vn -0.358377 0.933577 0.000080
vn -0.358387 0.933573 0.000052
vn -0.358387 0.933573 0.000052
vn -0.358387 0.933573 0.000052
vn -0.358387 0.933573 0.000052
vn -0.358417 0.933562 0.000000
vn -0.358417 0.933562 0.000000
vn -0.358417 0.933562 0.000000
vn -0.358417 0.933562 0.000000
vn -0.358331 0.933595 0.000000
vn -0.358331 0.933595 0.000000
vn -0.358331 0.933595 0.000000
vn -0.358331 0.933595 0.000000
vn -0.358384 0.933574 0.000000
vn -0.358384 0.933574 0.000000
vn -0.358384 0.933574 0.000000
vn -0.358384 0.933574 0.000000
vn 0.934241 0.356642 0.000000
vn 0.934241 0.356642 0.000000
vn 0.934241 0.356642 0.000000
vn 0.934241 0.356642 0.000000
vn 0.000002 0.000000 -1.000000
vn 0.000002 0.000000 -1.000000
vn 0.000002 0.000000 -1.000000
vn 0.000002 0.000000 -1.000000
vn -0.933830 -0.357717 0.000000
vn -0.933830 -0.357717 0.000000
vn -0.933830 -0.357717 0.000000
vn -0.933830 -0.357717 0.000000
vn -0.000005 0.000000 1.000000
vn -0.000005 0.000000 1.000000
vn -0.000005 0.000000 1.000000
vn -0.000005 0.000000 1.000000
vn -0.358246 0.933627 0.000000
vn -0.358246 0.933627 0.000000
vn -0.358246 0.933627 0.000000
vn -0.358246 0.933627 0.000000
vn -0.358588 0.933496 0.000000
vn -0.358588 0.933496 0.000000
vn -0.358588 0.933496 0.000000
vn -0.358588 0.933496 0.000000
vn -0.358360 0.933583 0.000000
vn -0.358458 0.933546 0.000000
vn -0.358458 0.933546 0.000000
vn -0.358360 0.933583 0.000000
vn -0.359546 0.933127 0.000000
vn -0.359546 0.933127 0.000000
vn -0.359546 0.933127 0.000000
vn -0.359546 0.933127 0.000000
vn -0.358736 0.933439 0.000206
vn -0.358736 0.933439 0.000206
vn -0.358736 0.933439 0.000206
vn -0.358736 0.933439 0.000206
vn -0.358304 0.933605 0.000000
vn -0.358304 0.933605 0.000000
vn -0.358304 0.933605 0.000000
vn -0.358304 0.933605 0.000000
vn -0.358303 0.933605 0.000000
vn -0.358303 0.933605 0.000000
vn -0.358303 0.933605 0.000000
vn -0.358303 0.933605 0.000000
vn -0.358350 0.933588 0.000045
vn -0.358336 0.933593 0.000189
vn -0.358336 0.933593 0.000189
vn -0.358350 0.933588 0.000045
vn -0.358348 0.933588 0.000000
vn -0.358348 0.933588 0.000000
vn -0.358348 0.933588 0.000000
vn -0.358348 0.933588 0.000000
vn -0.358292 0.933610 0.000261
vn -0.358292 0.933610 0.000261
vn -0.358292 0.933610 0.000261
vn -0.358292 0.933610 0.000261
vn 0.930102 0.367300 0.000000
vn 0.930102 0.367300 0.000000
vn 0.930102 0.367300 0.000000
vn 0.930102 0.367300 0.000000
vn 0.008604 0.003347 -0.999957
vn 0.008604 0.003347 -0.999957
vn 0.008604 0.003347 -0.999957
vn 0.008604 0.003347 -0.999957
vn -0.933731 -0.357974 0.000000
vn -0.933731 -0.357974 0.000000
vn -0.933731 -0.357974 0.000000
vn -0.933731 -0.357974 0.000000
vn -0.007096 -0.002759 0.999971
vn -0.007096 -0.002759 0.999971
vn -0.007096 -0.002759 0.999971
vn -0.007096 -0.002759 0.999971
vn 0.933490 0.358602 0.000000
vn 0.933490 0.358602 0.000000
vn 0.933490 0.358602 0.000000
vn 0.933490 0.358602 0.000000
vn 0.000000 0.000000 -1.000000
vn 0.000000 0.000000 -1.000000
vn 0.000000 0.000000 -1.000000
vn 0.000000 0.000000 -1.000000
vn -0.933685 -0.358097 0.000000
vn -0.933685 -0.358097 0.000000
vn -0.933685 -0.358097 0.000000
vn -0.933685 -0.358097 0.000000
vn 0.933503 0.358568 0.000000
vn 0.933503 0.358568 0.000000
vn 0.933503 0.358568 0.000000
vn 0.933503 0.358568 0.000000
vn -0.933686 -0.358093 0.000000
vn -0.933686 -0.358093 0.000000
vn -0.933686 -0.358093 0.000000
vn -0.933686 -0.358093 0.000000
vn -0.358339 0.933591 0.000000
vn -0.358339 0.933591 0.000000
vn -0.358339 0.933591 0.000000
vn -0.358339 0.933591 0.000000
vn -0.358370 0.933580 0.000000
vn -0.358370 0.933580 0.000000
vn -0.358370 0.933580 0.000000
vn -0.358370 0.933580 0.000000
vn -0.358387 0.933573 -0.000054
vn -0.358390 0.933572 -0.000108
vn -0.358390 0.933572 -0.000108
vn -0.358387 0.933573 -0.000054
vn -0.358379 0.933576 0.000000
vn -0.358379 0.933576 0.000000
vn -0.358379 0.933576 0.000000
vn -0.358379 0.933576 0.000000
vn -0.358379 0.933576 0.000000
vn -0.358379 0.933576 0.000000
vn -0.358379 0.933576 0.000000
vn -0.358379 0.933576 0.000000
vn -0.358334 0.933594 0.000000
vn -0.358334 0.933594 0.000000
vn -0.358334 0.933594 0.000000
vn -0.358334 0.933594 0.000000
vn -0.358180 0.933652 0.000000
vn -0.358180 0.933652 0.000000
vn -0.358180 0.933652 0.000000
vn -0.358180 0.933652 0.000000
vn -0.358317 0.933600 0.000015
vn -0.358316 0.933600 0.000106
vn -0.358316 0.933600 0.000106
vn -0.358317 0.933600 0.000015
vn -0.358635 0.933478 0.000000
vn -0.358635 0.933478 0.000000
vn -0.358635 0.933478 0.000000
vn -0.358635 0.933478 0.000000
vn -0.358333 0.933594 0.000000
vn -0.358333 0.933594 0.000000
vn -0.358333 0.933594 0.000000
vn -0.358333 0.933594 0.000000
vn 0.934883 0.354955 0.000000
vn 0.934883 0.354955 0.000000
vn 0.934883 0.354955 0.000000
vn 0.934883 0.354955 0.000000
vn 0.000004 0.000000 -1.000000
vn 0.000004 0.000000 -1.000000
vn 0.000004 0.000000 -1.000000
vn 0.000004 0.000000 -1.000000
vn -0.934008 -0.357253 0.000000
vn -0.934008 -0.357253 0.000000
vn -0.934008 -0.357253 0.000000
vn -0.934008 -0.357253 0.000000
vn 0.000011 0.000000 1.000000
vn 0.000011 0.000000 1.000000
vn 0.000011 0.000000 1.000000
vn 0.000011 0.000000 1.000000
vn 0.000001 0.000000 -1.000000
vn 0.000001 0.000000 -1.000000
vn 0.000001 0.000000 -1.000000
vn 0.000001 0.000000 -1.000000
vn -0.000002 0.000000 1.000000
vn -0.000002 0.000000 1.000000
vn -0.000002 0.000000 1.000000
vn -0.000002 0.000000 1.000000
vn 0.933396 0.358847 0.000000
vn 0.933396 0.358847 0.000000
vn 0.933396 0.358847 0.000000
vn 0.933396 0.358847 0.000000
vn -0.000003 0.000000 -1.000000
vn -0.000003 0.000000 -1.000000
vn -0.000003 0.000000 -1.000000
vn -0.000003 0.000000 -1.000000
vn 0.000003 0.000000 1.000000
vn 0.000003 0.000000 1.000000
vn 0.000003 0.000000 1.000000
vn 0.000003 0.000000 1.000000
vn 0.000000 0.000000 -1.000000
vn 0.000000 0.000000 -1.000000
vn 0.000000 0.000000 -1.000000
vn 0.000000 0.000000 -1.000000
vn -0.000001 0.000000 1.000000
vn -0.000001 0.000000 1.000000
vn -0.000001 0.000000 1.000000
vn -0.000001 0.000000 1.000000
vn -0.358062 0.933698 0.000000
vn -0.358062 0.933698 0.000000
vn -0.358062 0.933698 0.000000
vn -0.358062 0.933698 0.000000
vn -0.358460 0.933545 0.000000
vn -0.358460 0.933545 0.000000
vn -0.358460 0.933545 0.000000
vn -0.358460 0.933545 0.000000
vn -0.358358 0.933584 0.000000
vn -0.358358 0.933584 0.000000
vn -0.358358 0.933584 0.000000
vn -0.358358 0.933584 0.000000
vn -0.358482 0.933537 -0.000082
vn -0.358482 0.933537 -0.000082
vn -0.358482 0.933537 -0.000082
vn -0.358482 0.933537 -0.000082
vn -0.358450 0.933549 -0.000081
vn -0.358450 0.933549 -0.000081
vn -0.358450 0.933549 -0.000081
vn -0.358450 0.933549 -0.000081
vn -0.358302 0.933606 0.000000
vn -0.358302 0.933606 0.000000
vn -0.358302 0.933606 0.000000
vn -0.358302 0.933606 0.000000
vn -0.358566 0.933505 0.000000
vn -0.358566 0.933505 0.000000
vn -0.358566 0.933505 0.000000
vn -0.358566 0.933505 0.000000
vn -0.358436 0.933554 0.000000
vn -0.358436 0.933554 0.000000
vn -0.358436 0.933554 0.000000
vn -0.358163 0.933659 0.000000
vn -0.358163 0.933659 0.000000
vn -0.358163 0.933659 0.000000
vn -0.358163 0.933659 0.000000
vn -0.358675 0.933463 0.000000
vn -0.358675 0.933463 0.000000
vn -0.358675 0.933463 0.000000
vn -0.358675 0.933463 0.000000
vn -0.358395 0.933570 0.000000
vn -0.358395 0.933570 0.000000
vn -0.358395 0.933570 0.000000
vn -0.358395 0.933570 0.000000
vn -0.358324 0.933598 0.000000
vn -0.358324 0.933598 0.000000
vn -0.358324 0.933598 0.000000
vn -0.358324 0.933598 0.000000
vn -0.358385 0.933574 0.000000
vn -0.358385 0.933574 0.000000
vn -0.358385 0.933574 0.000000
vn -0.358385 0.933574 0.000000
vn -0.358069 0.933695 0.000000
vn -0.358069 0.933695 0.000000
vn -0.358069 0.933695 0.000000
vn -0.358069 0.933695 0.000000
vn -0.358603 0.933490 0.000000
vn -0.358603 0.933490 0.000000
vn -0.358603 0.933490 0.000000
vn -0.358603 0.933490 0.000000
vn -0.358357 0.933585 0.000000
vn -0.358357 0.933585 0.000000
vn -0.358357 0.933585 0.000000
vn -0.358357 0.933585 0.000000
vn -0.358412 0.933564 0.000000
vn -0.358412 0.933564 0.000000
vn -0.358412 0.933564 0.000000
vn -0.358412 0.933564 0.000000
vn -0.358401 0.933568 0.000000
vn -0.358401 0.933568 0.000000
vn -0.358401 0.933568 0.000000
vn -0.358401 0.933568 0.000000
vn -0.358297 0.933608 0.000000
vn -0.358297 0.933608 0.000000
vn -0.358297 0.933608 0.000000
vn -0.358297 0.933608 0.000000
vn -0.358665 0.933466 0.000000
vn -0.358665 0.933466 0.000000
vn -0.358665 0.933466 0.000000
vn -0.358665 0.933466 0.000000
vn -0.358327 0.933596 0.000000
vn -0.358327 0.933596 0.000000
vn -0.358327 0.933596 0.000000
vn -0.358327 0.933596 0.000000
vn -0.358166 0.933658 0.000000
vn -0.358166 0.933658 0.000000
vn -0.358166 0.933658 0.000000
vn -0.358166 0.933658 0.000000
vn -0.358689 0.933457 0.000000
vn -0.358689 0.933457 0.000000
vn -0.358689 0.933457 0.000000
vn -0.358689 0.933457 0.000000
vn -0.358369 0.933580 0.000000
vn -0.358369 0.933580 0.000000
vn -0.358369 0.933580 0.000000
vn -0.358369 0.933580 0.000000
vn -0.358173 0.933655 0.000000
vn -0.358173 0.933655 0.000000
vn -0.358173 0.933655 0.000000
vn -0.358173 0.933655 0.000000
vn -0.358372 0.933579 0.000000
vn -0.358372 0.933579 0.000000
vn -0.358372 0.933579 0.000000
vn -0.358372 0.933579 0.000000
vn -0.358071 0.933694 0.000000
vn -0.358071 0.933694 0.000000
vn -0.358071 0.933694 0.000000
vn -0.358071 0.933694 0.000000
vn -0.358455 0.933547 0.000000
vn -0.358455 0.933547 0.000000
vn -0.358455 0.933547 0.000000
vn -0.358455 0.933547 0.000000
vn -0.358358 0.933584 0.000000
vn -0.358358 0.933584 0.000000
vn -0.358358 0.933584 0.000000
vn -0.358358 0.933584 0.000000
vn -0.358481 0.933537 0.000109
vn -0.358481 0.933537 0.000109
vn -0.358481 0.933537 0.000109
vn -0.358481 0.933537 0.000109
vn -0.358463 0.933544 0.000108
vn -0.358463 0.933544 0.000108
vn -0.358463 0.933544 0.000108
vn -0.358463 0.933544 0.000108
vn -0.358301 0.933606 0.000000
vn -0.358301 0.933606 0.000000
vn -0.358301 0.933606 0.000000
vn -0.358301 0.933606 0.000000
vn -0.358564 0.933505 0.000000
vn -0.358564 0.933505 0.000000
vn -0.358564 0.933505 0.000000
vn -0.358564 0.933505 0.000000
vn -0.358313 0.933601 0.000000
vn -0.358313 0.933601 0.000000
vn -0.358313 0.933601 0.000000
vn -0.358313 0.933601 0.000000
vn -0.358318 0.933600 0.000145
vn -0.358318 0.933600 0.000145
vn -0.358318 0.933600 0.000145
vn -0.358318 0.933600 0.000145
vn -0.358693 0.933456 0.000365
vn -0.358693 0.933456 0.000365
vn -0.358693 0.933456 0.000365
vn -0.358693 0.933456 0.000365
vn -0.358367 0.933581 0.000165
vn -0.358367 0.933581 0.000165
vn -0.358367 0.933581 0.000165
vn -0.358367 0.933581 0.000165
vn -0.358334 0.933594 0.000000
vn -0.358334 0.933594 0.000000
vn -0.358334 0.933594 0.000000
vn -0.358334 0.933594 0.000000
vn -0.358385 0.933574 0.000000
vn -0.358385 0.933574 0.000000
vn -0.358385 0.933574 0.000000
vn -0.358385 0.933574 0.000000
vn -0.358060 0.933698 0.000000
vn -0.358060 0.933698 0.000000
vn -0.358060 0.933698 0.000000
vn -0.358060 0.933698 0.000000
vn -0.358817 0.933408 0.000000
vn -0.358817 0.933408 0.000000
vn -0.358817 0.933408 0.000000
vn -0.358817 0.933408 0.000000
vn -0.358263 0.933621 0.000000
vn -0.358263 0.933621 0.000000
vn -0.358263 0.933621 0.000000
vn -0.358263 0.933621 0.000000
vn -0.358665 0.933466 0.000000
vn -0.358665 0.933466 0.000000
vn -0.358665 0.933466 0.000000
vn -0.358665 0.933466 0.000000
vn -0.358291 0.933610 0.000000
vn -0.358291 0.933610 0.000000
vn -0.358291 0.933610 0.000000
vn -0.358291 0.933610 0.000000
vn -0.358306 0.933604 0.000000
vn -0.358306 0.933604 0.000000
vn -0.358306 0.933604 0.000000
vn -0.358306 0.933604 0.000000
vn -0.358251 0.933625 0.000000
vn -0.358251 0.933625 0.000000
vn -0.358251 0.933625 0.000000
vn -0.358251 0.933625 0.000000
vn -0.358416 0.933562 0.000000
vn -0.358416 0.933562 0.000000
vn -0.358416 0.933562 0.000000
vn -0.358416 0.933562 0.000000
vn -0.358466 0.933543 0.000000
vn -0.358466 0.933543 0.000000
vn -0.358466 0.933543 0.000000
vn -0.358466 0.933543 0.000000
vn -0.358680 0.933461 0.000000
vn -0.358680 0.933461 0.000000
vn -0.358680 0.933461 0.000000
vn -0.358680 0.933461 0.000000
vn -0.358339 0.933592 0.000000
vn -0.358339 0.933592 0.000000
vn -0.358339 0.933592 0.000000
vn -0.358339 0.933592 0.000000
vn -0.358329 0.933595 0.000000
vn -0.358329 0.933595 0.000000
vn -0.358329 0.933595 0.000000
vn -0.358329 0.933595 0.000000
vn -0.358408 0.933565 0.000000
vn -0.358408 0.933565 0.000000
vn -0.358408 0.933565 0.000000
vn -0.358408 0.933565 0.000000
vn -0.358065 0.933697 0.000000
vn -0.358065 0.933697 0.000000
vn -0.358065 0.933697 0.000000
vn -0.358065 0.933697 0.000000
vn -0.358455 0.933547 0.000000
vn -0.358455 0.933547 0.000000
vn -0.358455 0.933547 0.000000
vn -0.358455 0.933547 0.000000
vn -0.358358 0.933584 0.000000
vn -0.358358 0.933584 0.000000
vn -0.358358 0.933584 0.000000
vn -0.358358 0.933584 0.000000
vn -0.358547 0.933512 0.000000
vn -0.358547 0.933512 0.000000
vn -0.358547 0.933512 0.000000
vn -0.358547 0.933512 0.000000
vn -0.358304 0.933605 0.000000
vn -0.358304 0.933605 0.000000
vn -0.358304 0.933605 0.000000
vn -0.358304 0.933605 0.000000
vn -0.358303 0.933605 0.000000
vn -0.358303 0.933605 0.000000
vn -0.358303 0.933605 0.000000
vn -0.358303 0.933605 0.000000
vn -0.358577 0.933500 0.000000
vn -0.358577 0.933500 0.000000
vn -0.358577 0.933500 0.000000
vn -0.358577 0.933500 0.000000
vn -0.358312 0.933602 0.000000
vn -0.358312 0.933602 0.000000
vn -0.358312 0.933602 0.000000
vn -0.358312 0.933602 0.000000
vn -0.358469 0.933542 0.000000
vn -0.358469 0.933542 0.000000
vn -0.358469 0.933542 0.000000
vn -0.358469 0.933542 0.000000
vn -0.358691 0.933456 0.000000
vn -0.358691 0.933456 0.000000
vn -0.358691 0.933456 0.000000
vn -0.358691 0.933456 0.000000
vn -0.358340 0.933591 0.000000
vn -0.358340 0.933591 0.000000
vn -0.358340 0.933591 0.000000
vn -0.358340 0.933591 0.000000
vn -0.358327 0.933596 0.000000
vn -0.358327 0.933596 0.000000
vn -0.358327 0.933596 0.000000
vn -0.358327 0.933596 0.000000
vn -0.358385 0.933574 0.000000
vn -0.358385 0.933574 0.000000
vn -0.358385 0.933574 0.000000
vn -0.358385 0.933574 0.000000
vn 0.000008 0.000000 -1.000000
vn 0.000008 0.000000 -1.000000
vn 0.000008 0.000000 -1.000000
vn 0.000008 0.000000 -1.000000
vn -0.933767 -0.357881 0.000000
vn -0.933767 -0.357881 0.000000
vn -0.933767 -0.357881 0.000000
vn -0.933767 -0.357881 0.000000
vn 0.000008 0.000000 1.000000
vn 0.000008 0.000000 1.000000
vn 0.000008 0.000000 1.000000
vn 0.000008 0.000000 1.000000
vn 0.934203 0.356742 0.000000
vn 0.934203 0.356742 0.000000
vn 0.934203 0.356742 0.000000
vn 0.934203 0.356742 0.000000
vn 0.000000 0.000000 -1.000000
vn 0.000000 0.000000 -1.000000
vn 0.000000 0.000000 -1.000000
vn 0.000000 0.000000 -1.000000
vn -0.933607 -0.358298 0.000000
vn -0.933607 -0.358298 0.000000
vn -0.933607 -0.358298 0.000000
vn -0.933607 -0.358298 0.000000
vn -0.000004 0.000000 1.000000
vn -0.000004 0.000000 1.000000
vn -0.000004 0.000000 1.000000
vn -0.000004 0.000000 1.000000
vn 0.000000 0.000000 -1.000000
vn 0.000000 0.000000 -1.000000
vn 0.000000 0.000000 -1.000000
vn 0.000000 0.000000 -1.000000
vn 0.000002 0.000000 1.000000
vn 0.000002 0.000000 1.000000
vn 0.000002 0.000000 1.000000
vn 0.000002 0.000000 1.000000
vn -0.000002 0.000000 -1.000000
vn -0.000002 0.000000 -1.000000
vn -0.000002 0.000000 -1.000000
vn -0.000002 0.000000 -1.000000
vn 0.000002 0.000000 1.000000
vn 0.000002 0.000000 1.000000
vn 0.000002 0.000000 1.000000
vn 0.000002 0.000000 1.000000
vn 0.000000 0.000000 -1.000000
vn 0.000000 0.000000 -1.000000
vn 0.000000 0.000000 -1.000000
vn 0.000000 0.000000 -1.000000
vn 0.000000 0.000000 1.000000
vn 0.000000 0.000000 1.000000
vn 0.000000 0.000000 1.000000
vn 0.000000 0.000000 1.000000
vn 0.933546 0.358458 0.000000
vn 0.933546 0.358458 0.000000
vn 0.933546 0.358458 0.000000
vn 0.933546 0.358458 0.000000
vn -0.358371 0.933579 0.000000
vn -0.358371 0.933579 0.000000
vn -0.358371 0.933579 0.000000
vn -0.358371 0.933579 0.000000
vn -0.358371 0.933579 0.000000
vn -0.358371 0.933579 0.000000
vn -0.358371 0.933579 0.000000
vn -0.358371 0.933579 0.000000
vn -0.358373 0.933579 0.000000
vn -0.358373 0.933579 0.000000
vn -0.358372 0.933579 0.000000
vn -0.358372 0.933579 0.000000
vn 0.000003 0.000000 1.000000
vn 0.000003 0.000000 1.000000
vn 0.000003 0.000000 1.000000
vn 0.000003 0.000000 1.000000
vn -0.358349 0.933588 0.000000
vn -0.358349 0.933588 0.000000
vn -0.358349 0.933588 0.000000
vn -0.358349 0.933588 0.000000
vn -0.000001 0.000000 -1.000000
vn -0.000001 0.000000 -1.000000
vn -0.000001 0.000000 -1.000000
vn -0.000001 0.000000 -1.000000
vn -0.358372 0.933579 0.000000
vn -0.358372 0.933579 0.000000
vn -0.358372 0.933579 0.000000
vn -0.358372 0.933579 0.000000
vn -0.358371 0.933579 0.000000
vn -0.358371 0.933579 0.000000
vn -0.358371 0.933579 0.000000
vn -0.358371 0.933579 0.000000
vn -0.358371 0.933579 0.000000
vn -0.358371 0.933579 0.000000
vn -0.358371 0.933579 0.000000
vn -0.358371 0.933579 0.000000
vn 0.000000 0.000000 1.000000
vn 0.000000 0.000000 1.000000
vn 0.000000 0.000000 1.000000
vn 0.000000 0.000000 1.000000
vn -0.358341 0.933591 0.000000
vn -0.358341 0.933591 0.000000
vn -0.358341 0.933591 0.000000
vn -0.358341 0.933591 0.000000
vn 0.000000 0.000000 -1.000000
vn 0.000000 0.000000 -1.000000
vn 0.000000 0.000000 -1.000000
vn 0.000000 0.000000 -1.000000
vn -0.358371 0.933579 0.000000
vn -0.358371 0.933579 0.000000
vn -0.358371 0.933579 0.000000
vn -0.358371 0.933579 0.000000
vn -0.358386 0.933573 0.000000
vn -0.358386 0.933573 0.000000
vn -0.358386 0.933573 0.000000
vn -0.358386 0.933573 0.000000
vn 0.000000 0.000000 -1.000000
vn 0.000000 0.000000 -1.000000
vn 0.000000 0.000000 -1.000000
vn 0.000000 0.000000 -1.000000
vn -0.933429 -0.358762 0.000000
vn -0.933429 -0.358762 0.000000
vn -0.933429 -0.358762 0.000000
vn -0.933429 -0.358762 0.000000
vn 0.000000 0.000000 1.000000
vn 0.000000 0.000000 1.000000
vn 0.000000 0.000000 1.000000
vn 0.000000 0.000000 1.000000
vn 0.933625 0.358252 0.000000
vn 0.933625 0.358252 0.000000
vn 0.933625 0.358252 0.000000
vn 0.933625 0.358252 0.000000
vn -0.358385 0.933574 0.000000
vn -0.358385 0.933574 0.000000
vn -0.358385 0.933574 0.000000
vn -0.358385 0.933574 0.000000
vn -0.358333 0.933594 0.000000
vn -0.358333 0.933594 0.000000
vn -0.358333 0.933594 0.000000
vn -0.358333 0.933594 0.000000
vn -0.358340 0.933591 0.000000
vn -0.358340 0.933591 0.000000
vn -0.358340 0.933591 0.000000
vn -0.358340 0.933591 0.000000
vn -0.358694 0.933455 0.000000
vn -0.358694 0.933455 0.000000
vn -0.358694 0.933455 0.000000
vn -0.358694 0.933455 0.000000
vn -0.358469 0.933542 0.000000
vn -0.358469 0.933542 0.000000
vn -0.358469 0.933542 0.000000
vn -0.358469 0.933542 0.000000
vn -0.358310 0.933603 0.000000
vn -0.358310 0.933603 0.000000
vn -0.358310 0.933603 0.000000
vn -0.358310 0.933603 0.000000
vn -0.358576 0.933501 0.000000
vn -0.358576 0.933501 0.000000
vn -0.358576 0.933501 0.000000
vn -0.358576 0.933501 0.000000
vn -0.358305 0.933605 0.000000
vn -0.358305 0.933605 0.000000
vn -0.358305 0.933605 0.000000
vn -0.358305 0.933605 0.000000
vn -0.358307 0.933604 0.000000
vn -0.358307 0.933604 0.000000
vn -0.358307 0.933604 0.000000
vn -0.358307 0.933604 0.000000
vn -0.358547 0.933512 0.000000
vn -0.358547 0.933512 0.000000
vn -0.358547 0.933512 0.000000
vn -0.358547 0.933512 0.000000
vn -0.358358 0.933584 0.000000
vn -0.358358 0.933584 0.000000
vn -0.358358 0.933584 0.000000
vn -0.358358 0.933584 0.000000
vn -0.358371 0.933579 0.000000
vn -0.358371 0.933579 0.000000
vn -0.358371 0.933579 0.000000
vn -0.358371 0.933579 0.000000
vn -0.358460 0.933545 0.000000
vn -0.358460 0.933545 0.000000
vn -0.358460 0.933545 0.000000
vn -0.358460 0.933545 0.000000
vn -0.358065 0.933697 0.000000
vn -0.358065 0.933697 0.000000
vn -0.358065 0.933697 0.000000
vn -0.358065 0.933697 0.000000
vn -0.358409 0.933565 0.000000
vn -0.358409 0.933565 0.000000
vn -0.358409 0.933565 0.000000
vn -0.358409 0.933565 0.000000
vn -0.358328 0.933596 0.000000
vn -0.358328 0.933596 0.000000
vn -0.358328 0.933596 0.000000
vn -0.358328 0.933596 0.000000
vn -0.358339 0.933591 0.000000
vn -0.358339 0.933591 0.000000
vn -0.358339 0.933591 0.000000
vn -0.358339 0.933591 0.000000
vn -0.358679 0.933461 0.000000
vn -0.358679 0.933461 0.000000
vn -0.358679 0.933461 0.000000
vn -0.358679 0.933461 0.000000
vn -0.358475 0.933539 0.000000
vn -0.358475 0.933539 0.000000
vn -0.358475 0.933539 0.000000
vn -0.358475 0.933539 0.000000
vn -0.358417 0.933562 0.000000
vn -0.358417 0.933562 0.000000
vn -0.358417 0.933562 0.000000
vn -0.358417 0.933562 0.000000
vn -0.358257 0.933623 0.000000
vn -0.358257 0.933623 0.000000
vn -0.358257 0.933623 0.000000
vn -0.358257 0.933623 0.000000
vn -0.358309 0.933603 0.000000
vn -0.358309 0.933603 0.000000
vn -0.358309 0.933603 0.000000
vn -0.358309 0.933603 0.000000
vn -0.358467 0.933542 0.000000
vn -0.358467 0.933542 0.000000
vn -0.358467 0.933542 0.000000
vn -0.358467 0.933542 0.000000
vn -0.358459 0.933546 0.000000
vn -0.358459 0.933546 0.000000
vn -0.358459 0.933546 0.000000
vn -0.358459 0.933546 0.000000
vn -0.358321 0.933599 0.000000
vn -0.358321 0.933599 0.000000
vn -0.358321 0.933599 0.000000
vn -0.358321 0.933599 0.000000
vn -0.358370 0.933580 0.000000
vn -0.358370 0.933580 0.000000
vn -0.358370 0.933580 0.000000
vn -0.358370 0.933580 0.000000
vn -0.358561 0.933506 0.000000
vn -0.358561 0.933506 0.000000
vn -0.358561 0.933506 0.000000
vn -0.358561 0.933506 0.000000
vn -0.358066 0.933696 0.000000
vn -0.358066 0.933696 0.000000
vn -0.358066 0.933696 0.000000
vn -0.358066 0.933696 0.000000
vn -0.358385 0.933574 0.000000
vn -0.358385 0.933574 0.000000
vn -0.358385 0.933574 0.000000
vn -0.358385 0.933574 0.000000
vn -0.358331 0.933595 0.000000
vn -0.358331 0.933595 0.000000
vn -0.358331 0.933595 0.000000
vn -0.358331 0.933595 0.000000
vn -0.358340 0.933591 0.000000
vn -0.358340 0.933591 0.000000
vn -0.358340 0.933591 0.000000
vn -0.358340 0.933591 0.000000
vn -0.358684 0.933459 0.000000
vn -0.358684 0.933459 0.000000
vn -0.358684 0.933459 0.000000
vn -0.358684 0.933459 0.000000
vn -0.358469 0.933542 0.000000
vn -0.358469 0.933542 0.000000
vn -0.358469 0.933542 0.000000
vn -0.358469 0.933542 0.000000
vn -0.358310 0.933603 0.000000
vn -0.358310 0.933603 0.000000
vn -0.358310 0.933603 0.000000
vn -0.358310 0.933603 0.000000
vn -0.358580 0.933499 0.000000
vn -0.358580 0.933499 0.000000
vn -0.358580 0.933499 0.000000
vn -0.358580 0.933499 0.000000
vn -0.358303 0.933605 0.000000
vn -0.358303 0.933605 0.000000
vn -0.358303 0.933605 0.000000
vn -0.358303 0.933605 0.000000
vn -0.358305 0.933604 0.000000
vn -0.358305 0.933604 0.000000
vn -0.358305 0.933604 0.000000
vn -0.358305 0.933604 0.000000
vn -0.358544 0.933513 0.000000
vn -0.358544 0.933513 0.000000
vn -0.358544 0.933513 0.000000
vn -0.358544 0.933513 0.000000
vn -0.358357 0.933585 0.000000
vn -0.358357 0.933585 0.000000
vn -0.358357 0.933585 0.000000
vn -0.358357 0.933585 0.000000
vn -0.358371 0.933579 0.000000
vn -0.358371 0.933579 0.000000
vn -0.358371 0.933579 0.000000
vn -0.358371 0.933579 0.000000
vn -0.358461 0.933545 0.000000
vn -0.358461 0.933545 0.000000
vn -0.358461 0.933545 0.000000
vn -0.358461 0.933545 0.000000
vn -0.358067 0.933696 0.000000
vn -0.358067 0.933696 0.000000
vn -0.358067 0.933696 0.000000
vn -0.358067 0.933696 0.000000
vn -0.358408 0.933565 0.000000
vn -0.358408 0.933565 0.000000
vn -0.358408 0.933565 0.000000
vn -0.358408 0.933565 0.000000
vn -0.358327 0.933596 0.000000
vn -0.358327 0.933596 0.000000
vn -0.358327 0.933596 0.000000
vn -0.358327 0.933596 0.000000
vn -0.358341 0.933591 0.000000
vn -0.358341 0.933591 0.000000
vn -0.358341 0.933591 0.000000
vn -0.358341 0.933591 0.000000
vn -0.358688 0.933457 0.000000
vn -0.358688 0.933457 0.000000
vn -0.358688 0.933457 0.000000
vn -0.358688 0.933457 0.000000
vn -0.358458 0.933546 0.000000
vn -0.358458 0.933546 0.000000
vn -0.358458 0.933546 0.000000
vn -0.358458 0.933546 0.000000
vn -0.358416 0.933562 0.000000
vn -0.358416 0.933562 0.000000
vn -0.358416 0.933562 0.000000
vn -0.358416 0.933562 0.000000
vn -0.358415 0.933562 0.000000
vn -0.358415 0.933562 0.000000
vn -0.358415 0.933562 0.000000
vn -0.358415 0.933562 0.000000
vn -0.358304 0.933605 0.000000
vn -0.358304 0.933605 0.000000
vn -0.358304 0.933605 0.000000
vn -0.358304 0.933605 0.000000
vn -0.358302 0.933606 0.000000
vn -0.358302 0.933606 0.000000
vn -0.358302 0.933606 0.000000
vn -0.358302 0.933606 0.000000
vn -0.358550 0.933510 0.000000
vn -0.358550 0.933510 0.000000
vn -0.358550 0.933510 0.000000
vn -0.358550 0.933510 0.000000
vn -0.358399 0.933568 0.000000
vn -0.358399 0.933568 0.000000
vn -0.358399 0.933568 0.000000
vn -0.358399 0.933568 0.000000
vn -0.358329 0.933595 0.000000
vn -0.358329 0.933595 0.000000
vn -0.358329 0.933595 0.000000
vn -0.358329 0.933595 0.000000
vn -0.358392 0.933571 0.000000
vn -0.358392 0.933571 0.000000
vn -0.358392 0.933571 0.000000
vn -0.358392 0.933571 0.000000
vn -0.358064 0.933697 0.000000
vn -0.358064 0.933697 0.000000
vn -0.358064 0.933697 0.000000
vn -0.358064 0.933697 0.000000
vn -0.358408 0.933565 0.000000
vn -0.358408 0.933565 0.000000
vn -0.358408 0.933565 0.000000
vn -0.358408 0.933565 0.000000
vn -0.358329 0.933595 0.000000
vn -0.358329 0.933595 0.000000
vn -0.358329 0.933595 0.000000
vn -0.358329 0.933595 0.000000
vn -0.358332 0.933594 -0.000054
vn -0.358332 0.933594 -0.000054
vn -0.358332 0.933594 -0.000054
vn -0.358332 0.933594 -0.000054
vn -0.358639 0.933477 0.000021
vn -0.358639 0.933477 0.000021
vn -0.358639 0.933477 0.000021
vn -0.358639 0.933477 0.000021
vn -0.358469 0.933542 0.000000
vn -0.358469 0.933542 0.000000
vn -0.358469 0.933542 0.000000
vn -0.358469 0.933542 0.000000
vn -0.358350 0.933587 0.000000
vn -0.358350 0.933587 0.000000
vn -0.358350 0.933587 0.000000
vn -0.358350 0.933587 0.000000
vn -0.358296 0.933608 0.000000
vn -0.358296 0.933608 0.000000
vn -0.358296 0.933608 0.000000
vn -0.358296 0.933608 0.000000
vn -0.358304 0.933605 0.000000
vn -0.358304 0.933605 0.000000
vn -0.358304 0.933605 0.000000
vn -0.358304 0.933605 0.000000
vn -0.358210 0.933641 0.000000
vn -0.358210 0.933641 0.000000
vn -0.358210 0.933641 0.000000
vn -0.358210 0.933641 0.000000
vn -0.358553 0.933509 0.000000
vn -0.358553 0.933509 0.000000
vn -0.358553 0.933509 0.000000
vn -0.358553 0.933509 0.000000
vn -0.358316 0.933600 0.000000
vn -0.358316 0.933600 0.000000
vn -0.358316 0.933600 0.000000
vn -0.358316 0.933600 0.000000
vn -0.358400 0.933568 0.000000
vn -0.358400 0.933568 0.000000
vn -0.358400 0.933568 0.000000
vn -0.358400 0.933568 0.000000
vn -0.358451 0.933549 0.000000
vn -0.358451 0.933549 0.000000
vn -0.358451 0.933549 0.000000
vn -0.358451 0.933549 0.000000
vn -0.357478 0.933922 0.000000
vn -0.357478 0.933922 0.000000
vn -0.357478 0.933922 0.000000
vn -0.357478 0.933922 0.000000
vn -0.358067 0.933696 0.000000
vn -0.358067 0.933696 0.000000
vn -0.358067 0.933696 0.000000
vn -0.358067 0.933696 0.000000
vn -0.358460 0.933545 0.000000
vn -0.358460 0.933545 0.000000
vn -0.358460 0.933545 0.000000
vn -0.358460 0.933545 0.000000
vn -0.358371 0.933579 0.000000
vn -0.358371 0.933579 0.000000
vn -0.358371 0.933579 0.000000
vn -0.358371 0.933579 0.000000
vn -0.358356 0.933585 0.000000
vn -0.358356 0.933585 0.000000
vn -0.358356 0.933585 0.000000
vn -0.358356 0.933585 0.000000
vn -0.358548 0.933511 0.000000
vn -0.358548 0.933511 0.000000
vn -0.358548 0.933511 0.000000
vn -0.358548 0.933511 0.000000
vn -0.358303 0.933606 0.000000
vn -0.358303 0.933606 0.000000
vn -0.358303 0.933606 0.000000
vn -0.358303 0.933606 0.000000
vn -0.358302 0.933606 0.000000
vn -0.358302 0.933606 0.000000
vn -0.358302 0.933606 0.000000
vn -0.358302 0.933606 0.000000
vn -0.358593 0.933494 0.000000
vn -0.358593 0.933494 0.000000
vn -0.358593 0.933494 0.000000
vn -0.358593 0.933494 0.000000
vn -0.358310 0.933603 0.000000
vn -0.358310 0.933603 0.000000
vn -0.358310 0.933603 0.000000
vn -0.358310 0.933603 0.000000
vn -0.358473 0.933540 0.000000
vn -0.358473 0.933540 0.000000
vn -0.358473 0.933540 0.000000
vn -0.358473 0.933540 0.000000
vn -0.358688 0.933458 0.000000
vn -0.358688 0.933458 0.000000
vn -0.358688 0.933458 0.000000
vn -0.358688 0.933458 0.000000
vn -0.358339 0.933592 0.000000
vn -0.358339 0.933592 0.000000
vn -0.358339 0.933592 0.000000
vn -0.358339 0.933592 0.000000
vn -0.358330 0.933595 0.000000
vn -0.358330 0.933595 0.000000
vn -0.358330 0.933595 0.000000
vn -0.358330 0.933595 0.000000
vn -0.358385 0.933574 0.000000
vn -0.358385 0.933574 0.000000
vn -0.358385 0.933574 0.000000
vn -0.358385 0.933574 0.000000
vn 0.000003 0.000000 -1.000000
vn 0.000003 0.000000 -1.000000
vn 0.000003 0.000000 -1.000000
vn 0.000003 0.000000 -1.000000
vn 0.000003 0.000000 1.000000
vn 0.000003 0.000000 1.000000
vn 0.000003 0.000000 1.000000
vn 0.000003 0.000000 1.000000
vn 0.000000 0.000000 -1.000000
vn 0.000000 0.000000 -1.000000
vn 0.000000 0.000000 -1.000000
vn 0.000000 0.000000 -1.000000
vn -0.933491 -0.358601 0.000000
vn -0.933491 -0.358601 0.000000
vn -0.933491 -0.358601 0.000000
vn -0.933491 -0.358601 0.000000
vn 0.000000 0.000000 1.000000
vn 0.000000 0.000000 1.000000
vn 0.000000 0.000000 1.000000
vn 0.000000 0.000000 1.000000
vn 0.000000 0.000000 -1.000000
vn 0.000000 0.000000 -1.000000
vn 0.000000 0.000000 -1.000000
vn 0.000000 0.000000 -1.000000
vn 0.000000 0.000000 1.000000
vn 0.000000 0.000000 1.000000
vn 0.000000 0.000000 1.000000
vn 0.000000 0.000000 1.000000
vn 0.933453 0.358700 0.000000
vn 0.933453 0.358700 0.000000
vn 0.933453 0.358700 0.000000
vn 0.933453 0.358700 0.000000
vn 0.000000 0.000000 -1.000000
vn 0.000000 0.000000 -1.000000
vn 0.000000 0.000000 -1.000000
vn 0.000000 0.000000 -1.000000
vn 0.000000 0.000000 1.000000
vn 0.000000 0.000000 1.000000
vn 0.000000 0.000000 1.000000
vn 0.000000 0.000000 1.000000
vn 0.000000 0.000000 -1.000000
vn 0.000000 0.000000 -1.000000
vn 0.000000 0.000000 -1.000000
vn 0.000000 0.000000 -1.000000
vn -0.000003 0.000000 1.000000
vn -0.000003 0.000000 1.000000
vn -0.000003 0.000000 1.000000
vn -0.000003 0.000000 1.000000
vn 0.000000 0.000000 -1.000000
vn 0.000000 0.000000 -1.000000
vn 0.000000 0.000000 -1.000000
vn 0.000000 0.000000 -1.000000
vn 0.000003 0.000000 1.000000
vn 0.000003 0.000000 1.000000
vn 0.000003 0.000000 1.000000
vn 0.000003 0.000000 1.000000
vn 0.933493 0.358597 0.000000
vn 0.933493 0.358597 0.000000
vn 0.933493 0.358597 0.000000
vn 0.933493 0.358597 0.000000
vn 0.000000 0.000000 -1.000000
vn 0.000000 0.000000 -1.000000
vn 0.000000 0.000000 -1.000000
vn 0.000000 0.000000 -1.000000
vn -0.000003 0.000000 1.000000
vn -0.000003 0.000000 1.000000
vn -0.000003 0.000000 1.000000
vn -0.000003 0.000000 1.000000
vn 0.000000 0.000000 -1.000000
vn 0.000000 0.000000 -1.000000
vn 0.000000 0.000000 -1.000000
vn 0.000000 0.000000 -1.000000
vn 0.000000 0.000000 1.000000
vn 0.000000 0.000000 1.000000
vn 0.000000 0.000000 1.000000
vn 0.000000 0.000000 1.000000
vn 0.000000 0.000000 -1.000000
vn 0.000000 0.000000 -1.000000
vn 0.000000 0.000000 -1.000000
vn 0.000000 0.000000 -1.000000
vn -0.000002 0.000000 1.000000
vn -0.000002 0.000000 1.000000
vn -0.000002 0.000000 1.000000
vn -0.000002 0.000000 1.000000
vn 0.000000 0.000000 -1.000000
vn 0.000000 0.000000 -1.000000
vn 0.000000 0.000000 -1.000000
vn 0.000000 0.000000 -1.000000
vn -0.933479 -0.358631 0.000000
vn -0.933479 -0.358631 0.000000
vn -0.933479 -0.358631 0.000000
vn -0.933479 -0.358631 0.000000
vn 0.000000 0.000000 1.000000
vn 0.000000 0.000000 1.000000
vn 0.000000 0.000000 1.000000
vn 0.000000 0.000000 1.000000
vn 0.000000 0.000000 -1.000000
vn 0.000000 0.000000 -1.000000
vn 0.000000 0.000000 -1.000000
vn 0.000000 0.000000 -1.000000
vn 0.000000 0.000000 1.000000
vn 0.000000 0.000000 1.000000
vn 0.000000 0.000000 1.000000
vn 0.000000 0.000000 1.000000
vn 0.933599 0.358321 0.000000
vn 0.933599 0.358321 0.000000
vn 0.933599 0.358321 0.000000
vn 0.933599 0.358321 0.000000
vn 0.000000 0.000000 -1.000000
vn 0.000000 0.000000 -1.000000
vn 0.000000 0.000000 -1.000000
vn 0.000000 0.000000 -1.000000
vn -0.000002 0.000000 1.000000
vn -0.000002 0.000000 1.000000
vn -0.000002 0.000000 1.000000
vn -0.000002 0.000000 1.000000
vn 0.000001 0.000000 -1.000000
vn 0.000001 0.000000 -1.000000
vn 0.000001 0.000000 -1.000000
vn 0.000001 0.000000 -1.000000
vn -0.000001 0.000000 1.000000
vn -0.000001 0.000000 1.000000
vn -0.000001 0.000000 1.000000
vn -0.000001 0.000000 1.000000
vn -0.000003 0.000000 -1.000000
vn -0.000003 0.000000 -1.000000
vn -0.000003 0.000000 -1.000000
vn -0.000003 0.000000 -1.000000
vn -0.000000 0.000000 1.000000
vn -0.000000 0.000000 1.000000
vn -0.000000 0.000000 1.000000
vn -0.000000 0.000000 1.000000
vn -0.000004 0.000000 -1.000000
vn -0.000004 0.000000 -1.000000
vn -0.000004 0.000000 -1.000000
vn -0.000004 0.000000 -1.000000
vn -0.933516 -0.358536 0.000000
vn -0.933516 -0.358536 0.000000
vn -0.933516 -0.358536 0.000000
vn -0.933516 -0.358536 0.000000
vn 0.000004 0.000000 1.000000
vn 0.000004 0.000000 1.000000
vn 0.000004 0.000000 1.000000
vn 0.000004 0.000000 1.000000
vn -0.358383 0.933575 0.000000
vn -0.358383 0.933575 0.000000
vn -0.358383 0.933575 0.000000
vn -0.358383 0.933575 0.000000
vn -0.358336 0.933593 0.000000
vn -0.358336 0.933593 0.000000
vn -0.358336 0.933593 0.000000
vn -0.358336 0.933593 0.000000
vn -0.358358 0.933584 -0.000129
vn -0.358358 0.933584 -0.000129
vn -0.358358 0.933584 -0.000129
vn -0.358358 0.933584 -0.000129
vn -0.358522 0.933521 -0.000151
vn -0.358522 0.933521 -0.000151
vn -0.358522 0.933521 -0.000151
vn -0.358522 0.933521 -0.000151
vn -0.358464 0.933544 0.000000
vn -0.358464 0.933544 0.000000
vn -0.358464 0.933544 0.000000
vn -0.358464 0.933544 0.000000
vn -0.358314 0.933601 0.000000
vn -0.358314 0.933601 0.000000
vn -0.358314 0.933601 0.000000
vn -0.358314 0.933601 0.000000
vn -0.358575 0.933501 0.000000
vn -0.358575 0.933501 0.000000
vn -0.358575 0.933501 0.000000
vn -0.358575 0.933501 0.000000
vn -0.358304 0.933605 0.000000
vn -0.358304 0.933605 0.000000
vn -0.358304 0.933605 0.000000
vn -0.358304 0.933605 0.000000
vn -0.358309 0.933603 0.000000
vn -0.358309 0.933603 0.000000
vn -0.358309 0.933603 0.000000
vn -0.358309 0.933603 0.000000
vn -0.358542 0.933514 0.000000
vn -0.358542 0.933514 0.000000
vn -0.358542 0.933514 0.000000
vn -0.358542 0.933514 0.000000
vn -0.358357 0.933584 0.000000
vn -0.358357 0.933584 0.000000
vn -0.358357 0.933584 0.000000
vn -0.358357 0.933584 0.000000
vn -0.358373 0.933579 0.000000
vn -0.358373 0.933579 0.000000
vn -0.358373 0.933579 0.000000
vn -0.358373 0.933579 0.000000
vn -0.358454 0.933547 0.000000
vn -0.358454 0.933547 0.000000
vn -0.358454 0.933547 0.000000
vn -0.358454 0.933547 0.000000
vn -0.358070 0.933695 0.000000
vn -0.358070 0.933695 0.000000
vn -0.358070 0.933695 0.000000
vn -0.358070 0.933695 0.000000
vn 0.000000 0.000000 -1.000000
vn 0.000000 0.000000 -1.000000
vn 0.000000 0.000000 -1.000000
vn 0.000000 0.000000 -1.000000
vn -0.000004 0.000000 1.000000
vn -0.000004 0.000000 1.000000
vn -0.000004 0.000000 1.000000
vn -0.000004 0.000000 1.000000
vn 0.933627 0.358248 0.000000
vn 0.933627 0.358248 0.000000
vn 0.933627 0.358248 0.000000
vn 0.933627 0.358248 0.000000
vn 0.000000 0.000000 -1.000000
vn 0.000000 0.000000 -1.000000
vn 0.000000 0.000000 -1.000000
vn 0.000000 0.000000 -1.000000
vn -0.000002 0.000000 1.000000
vn -0.000002 0.000000 1.000000
vn -0.000002 0.000000 1.000000
vn -0.000002 0.000000 1.000000
vn -0.000002 0.000000 -1.000000
vn -0.000002 0.000000 -1.000000
vn -0.000002 0.000000 -1.000000
vn -0.000002 0.000000 -1.000000
vn 0.000000 0.000000 1.000000
vn 0.000000 0.000000 1.000000
vn 0.000000 0.000000 1.000000
vn 0.000000 0.000000 1.000000
vn 0.000001 0.000000 -1.000000
vn 0.000001 0.000000 -1.000000
vn 0.000001 0.000000 -1.000000
vn 0.000001 0.000000 -1.000000
vn -0.000002 0.000000 1.000000
vn -0.000002 0.000000 1.000000
vn -0.000002 0.000000 1.000000
vn -0.000002 0.000000 1.000000
vn 0.000000 0.000000 -1.000000
vn 0.000000 0.000000 -1.000000
vn 0.000000 0.000000 -1.000000
vn 0.000000 0.000000 -1.000000
vn -0.000005 0.000000 1.000000
vn -0.000005 0.000000 1.000000
vn -0.000005 0.000000 1.000000
vn -0.000005 0.000000 1.000000
vn -0.000006 0.000000 -1.000000
vn -0.000006 0.000000 -1.000000
vn -0.000006 0.000000 -1.000000
vn -0.000006 0.000000 -1.000000
vn -0.000006 0.000000 1.000000
vn -0.000006 0.000000 1.000000
vn -0.000006 0.000000 1.000000
vn -0.000006 0.000000 1.000000
vn -0.357471 0.933924 0.000000
vn -0.357471 0.933924 0.000000
vn -0.357471 0.933924 0.000000
vn -0.357471 0.933924 0.000000
vn -0.358461 0.933545 0.000000
vn -0.358461 0.933545 0.000000
vn -0.358461 0.933545 0.000000
vn -0.358461 0.933545 0.000000
vn -0.358400 0.933568 0.000000
vn -0.358400 0.933568 0.000000
vn -0.358400 0.933568 0.000000
vn -0.358400 0.933568 0.000000
vn -0.358313 0.933602 0.000000
vn -0.358313 0.933602 0.000000
vn -0.358313 0.933602 0.000000
vn -0.358313 0.933602 0.000000
vn -0.358555 0.933509 0.000000
vn -0.358555 0.933509 0.000000
vn -0.358555 0.933509 0.000000
vn -0.358555 0.933509 0.000000
vn -0.358210 0.933641 0.000000
vn -0.358210 0.933641 0.000000
vn -0.358210 0.933641 0.000000
vn -0.358210 0.933641 0.000000
vn 0.933611 0.358289 0.000000
vn 0.933611 0.358289 0.000000
vn 0.933611 0.358289 0.000000
vn 0.933611 0.358289 0.000000
vn -0.358313 0.933601 0.000000
vn -0.358313 0.933601 0.000000
vn -0.358313 0.933601 0.000000
vn -0.358313 0.933601 0.000000
vn -0.358252 0.933625 0.000000
vn -0.358252 0.933625 0.000000
vn -0.358252 0.933625 0.000000
vn -0.358252 0.933625 0.000000
vn -0.358416 0.933562 0.000000
vn -0.358416 0.933562 0.000000
vn -0.358416 0.933562 0.000000
vn -0.358416 0.933562 0.000000
vn -0.358473 0.933540 0.000000
vn -0.358473 0.933540 0.000000
vn -0.358473 0.933540 0.000000
vn -0.358473 0.933540 0.000000
vn -0.358627 0.933481 -0.000034
vn -0.358627 0.933481 -0.000034
vn -0.358627 0.933481 -0.000034
vn -0.358627 0.933481 -0.000034
vn -0.358331 0.933595 0.000086
vn -0.358331 0.933595 0.000086
vn -0.358331 0.933595 0.000086
vn -0.358331 0.933595 0.000086
vn -0.358333 0.933594 0.000000
vn -0.358333 0.933594 0.000000
vn -0.358333 0.933594 0.000000
vn -0.358333 0.933594 0.000000
vn -0.358408 0.933565 0.000000
vn -0.358408 0.933565 0.000000
vn -0.358408 0.933565 0.000000
vn -0.358408 0.933565 0.000000
vn 0.000003 0.000000 -1.000000
vn 0.000003 0.000000 -1.000000
vn 0.000003 0.000000 -1.000000
vn 0.000003 0.000000 -1.000000
vn 0.000001 0.000000 1.000000
vn 0.000001 0.000000 1.000000
vn 0.000001 0.000000 1.000000
vn 0.000001 0.000000 1.000000
vn 0.933645 0.358200 0.000000
vn 0.933645 0.358200 0.000000
vn 0.933645 0.358200 0.000000
vn 0.933645 0.358200 0.000000
vn 0.000000 0.000000 -1.000000
vn 0.000000 0.000000 -1.000000
vn 0.000000 0.000000 -1.000000
vn 0.000000 0.000000 -1.000000
vn -0.933525 -0.358512 0.000000
vn -0.933525 -0.358512 0.000000
vn -0.933525 -0.358512 0.000000
vn -0.933525 -0.358512 0.000000
vn 0.000000 0.000000 1.000000
vn 0.000000 0.000000 1.000000
vn 0.000000 0.000000 1.000000
vn 0.000000 0.000000 1.000000
vn 0.000005 0.000000 -1.000000
vn 0.000005 0.000000 -1.000000
vn 0.000005 0.000000 -1.000000
vn 0.000005 0.000000 -1.000000
vn -0.933531 -0.358498 0.000000
vn -0.933531 -0.358498 0.000000
vn -0.933531 -0.358498 0.000000
vn -0.933531 -0.358498 0.000000
vn 0.000005 0.000000 1.000000
vn 0.000005 0.000000 1.000000
vn 0.000005 0.000000 1.000000
vn 0.000005 0.000000 1.000000
vn -0.000001 0.000000 -1.000000
vn -0.000001 0.000000 -1.000000
vn -0.000001 0.000000 -1.000000
vn -0.000001 0.000000 -1.000000
vn 0.000000 0.000000 1.000000
vn 0.000000 0.000000 1.000000
vn 0.000000 0.000000 1.000000
vn 0.000000 0.000000 1.000000
vn 0.933649 0.358188 0.000000
vn 0.933649 0.358188 0.000000
vn 0.933649 0.358188 0.000000
vn 0.933649 0.358188 0.000000
vn 0.000001 0.000000 -1.000000
vn 0.000001 0.000000 -1.000000
vn 0.000001 0.000000 -1.000000
vn 0.000001 0.000000 -1.000000
vn 0.000002 0.000000 1.000000
vn 0.000002 0.000000 1.000000
vn 0.000002 0.000000 1.000000
vn 0.000002 0.000000 1.000000
vn 0.933636 0.358223 0.000000
vn 0.933636 0.358223 0.000000
vn 0.933636 0.358223 0.000000
vn 0.933636 0.358223 0.000000
vn 0.000000 0.000000 -1.000000
vn 0.000000 0.000000 -1.000000
vn 0.000000 0.000000 -1.000000
vn 0.000000 0.000000 -1.000000
vn -0.933541 -0.358470 0.000000
vn -0.933541 -0.358470 0.000000
vn -0.933541 -0.358470 0.000000
vn -0.933541 -0.358470 0.000000
vn 0.000000 0.000000 1.000000
vn 0.000000 0.000000 1.000000
vn 0.000000 0.000000 1.000000
vn 0.000000 0.000000 1.000000
vn -0.000001 0.000000 -1.000000
vn -0.000001 0.000000 -1.000000
vn -0.000001 0.000000 -1.000000
vn -0.000001 0.000000 -1.000000
vn -0.000002 0.000000 1.000000
vn -0.000002 0.000000 1.000000
vn -0.000002 0.000000 1.000000
vn -0.000002 0.000000 1.000000
vn 0.933650 0.358187 0.000000
vn 0.933650 0.358187 0.000000
vn 0.933650 0.358187 0.000000
vn 0.933650 0.358187 0.000000
vn 0.000000 0.000000 -1.000000
vn 0.000000 0.000000 -1.000000
vn 0.000000 0.000000 -1.000000
vn 0.000000 0.000000 -1.000000
vn -0.933070 -0.359694 0.000000
vn -0.933070 -0.359694 0.000000
vn -0.933070 -0.359694 0.000000
vn -0.933070 -0.359694 0.000000
vn 0.000000 0.000000 1.000000
vn 0.000000 0.000000 1.000000
vn 0.000000 0.000000 1.000000
vn 0.000000 0.000000 1.000000
vn 0.000000 0.000000 -1.000000
vn 0.000000 0.000000 -1.000000
vn 0.000000 0.000000 -1.000000
vn 0.000000 0.000000 -1.000000
vn -0.933533 -0.358491 0.000000
vn -0.933533 -0.358491 0.000000
vn -0.933533 -0.358491 0.000000
vn -0.933533 -0.358491 0.000000
vn 0.000000 0.000000 1.000000
vn 0.000000 0.000000 1.000000
vn 0.000000 0.000000 1.000000
vn 0.000000 0.000000 1.000000
vn 0.000000 0.000000 -1.000000
vn 0.000000 0.000000 -1.000000
vn 0.000000 0.000000 -1.000000
vn 0.000000 0.000000 -1.000000
vn 0.000002 0.000000 1.000000
vn 0.000002 0.000000 1.000000
vn 0.000002 0.000000 1.000000
vn 0.000002 0.000000 1.000000
vn 0.933651 0.358185 0.000000
vn 0.933651 0.358185 0.000000
vn 0.933651 0.358185 0.000000
vn 0.933651 0.358185 0.000000
vn 0.000000 0.000000 -1.000000
vn 0.000000 0.000000 -1.000000
vn 0.000000 0.000000 -1.000000
vn 0.000000 0.000000 -1.000000
vn -0.933595 -0.358329 0.000000
vn -0.933595 -0.358329 0.000000
vn -0.933595 -0.358329 0.000000
vn -0.933595 -0.358329 0.000000
vn 0.000000 0.000000 1.000000
vn 0.000000 0.000000 1.000000
vn 0.000000 0.000000 1.000000
vn 0.000000 0.000000 1.000000
vn -0.000004 0.000000 -1.000000
vn -0.000004 0.000000 -1.000000
vn -0.000004 0.000000 -1.000000
vn -0.000004 0.000000 -1.000000
vn 0.000000 0.000000 1.000000
vn 0.000000 0.000000 1.000000
vn 0.000000 0.000000 1.000000
vn 0.000000 0.000000 1.000000
vn 0.933642 0.358208 0.000000
vn 0.933642 0.358208 0.000000
vn 0.933642 0.358208 0.000000
vn 0.933642 0.358208 0.000000
vn -0.357469 0.933925 0.000000
vn -0.357469 0.933925 0.000000
vn -0.357469 0.933925 0.000000
vn -0.357469 0.933925 0.000000
vn -0.358451 0.933548 0.000000
vn -0.358451 0.933548 0.000000
vn -0.358451 0.933548 0.000000
vn -0.358451 0.933548 0.000000
vn -0.358400 0.933568 0.000000
vn -0.358400 0.933568 0.000000
vn -0.358400 0.933568 0.000000
vn -0.358400 0.933568 0.000000
vn -0.358316 0.933600 0.000000
vn -0.358316 0.933600 0.000000
vn -0.358316 0.933600 0.000000
vn -0.358316 0.933600 0.000000
vn -0.358549 0.933511 0.000000
vn -0.358549 0.933511 0.000000
vn -0.358549 0.933511 0.000000
vn -0.358549 0.933511 0.000000
vn -0.358214 0.933640 0.000000
vn -0.358214 0.933640 0.000000
vn -0.358214 0.933640 0.000000
vn -0.358214 0.933640 0.000000
vn 0.933626 0.358251 0.000000
vn 0.933626 0.358251 0.000000
vn 0.933626 0.358251 0.000000
vn 0.933626 0.358251 0.000000
vn -0.358303 0.933605 0.000000
vn -0.358303 0.933605 0.000000
vn -0.358303 0.933605 0.000000
vn -0.358303 0.933605 0.000000
vn -0.358579 0.933500 0.000000
vn -0.358579 0.933500 0.000000
vn -0.358579 0.933500 0.000000
vn -0.358579 0.933500 0.000000
vn -0.358313 0.933602 0.000000
vn -0.358313 0.933602 0.000000
vn -0.358313 0.933602 0.000000
vn -0.358313 0.933602 0.000000
vn -0.358463 0.933544 0.000000
vn -0.358463 0.933544 0.000000
vn -0.358463 0.933544 0.000000
vn -0.358463 0.933544 0.000000
vn -0.358610 0.933487 0.000000
vn -0.358610 0.933487 0.000000
vn -0.358610 0.933487 0.000000
vn -0.358610 0.933487 0.000000
vn -0.358323 0.933598 0.000000
vn -0.358323 0.933598 0.000000
vn -0.358323 0.933598 0.000000
vn -0.358323 0.933598 0.000000
vn -0.358327 0.933596 0.000000
vn -0.358327 0.933596 0.000000
vn -0.358327 0.933596 0.000000
vn -0.358327 0.933596 0.000000
vn -0.358408 0.933565 0.000000
vn -0.358408 0.933565 0.000000
vn -0.358408 0.933565 0.000000
vn -0.358408 0.933565 0.000000
vn 0.000004 0.000000 -1.000000
vn 0.000004 0.000000 -1.000000
vn 0.000004 0.000000 -1.000000
vn 0.000004 0.000000 -1.000000
vn 0.000000 0.000000 1.000000
vn 0.000000 0.000000 1.000000
vn 0.000000 0.000000 1.000000
vn 0.000000 0.000000 1.000000
vn 0.933685 0.358095 0.000000
vn 0.933685 0.358095 0.000000
vn 0.933685 0.358095 0.000000
vn 0.933685 0.358095 0.000000
vn 0.000000 0.000000 -1.000000
vn 0.000000 0.000000 -1.000000
vn 0.000000 0.000000 -1.000000
vn 0.000000 0.000000 -1.000000
vn -0.933483 -0.358622 0.000000
vn -0.933483 -0.358622 0.000000
vn -0.933483 -0.358622 0.000000
vn -0.933483 -0.358622 0.000000
vn -0.000010 0.000000 1.000000
vn -0.000010 0.000000 1.000000
vn -0.000010 0.000000 1.000000
vn -0.000010 0.000000 1.000000
vn 0.000002 0.000000 -1.000000
vn 0.000002 0.000000 -1.000000
vn 0.000002 0.000000 -1.000000
vn 0.000002 0.000000 -1.000000
vn 0.000004 0.000000 1.000000
vn 0.000004 0.000000 1.000000
vn 0.000004 0.000000 1.000000
vn 0.000004 0.000000 1.000000
vn 0.000000 0.000000 -1.000000
vn 0.000000 0.000000 -1.000000
vn 0.000000 0.000000 -1.000000
vn 0.000000 0.000000 -1.000000
vn -0.000001 0.000000 1.000000
vn -0.000001 0.000000 1.000000
vn -0.000001 0.000000 1.000000
vn -0.000001 0.000000 1.000000
vn 0.000000 0.000000 -1.000000
vn 0.000000 0.000000 -1.000000
vn 0.000000 0.000000 -1.000000
vn 0.000000 0.000000 -1.000000
vn 0.000000 0.000000 1.000000
vn 0.000000 0.000000 1.000000
vn 0.000000 0.000000 1.000000
vn 0.000000 0.000000 1.000000
vn -0.000001 0.000000 -1.000000
vn -0.000001 0.000000 -1.000000
vn -0.000001 0.000000 -1.000000
vn -0.000001 0.000000 -1.000000
vn 0.000000 0.000000 1.000000
vn 0.000000 0.000000 1.000000
vn 0.000000 0.000000 1.000000
vn 0.000000 0.000000 1.000000
vn 0.000000 0.000000 -1.000000
vn 0.000000 0.000000 -1.000000
vn 0.000000 0.000000 -1.000000
vn 0.000000 0.000000 -1.000000
vn -0.000003 0.000000 1.000000
vn -0.000003 0.000000 1.000000
vn -0.000003 0.000000 1.000000
vn -0.000003 0.000000 1.000000
vn -0.000000 0.000000 -1.000000
vn -0.000000 0.000000 -1.000000
vn -0.000000 0.000000 -1.000000
vn -0.000000 0.000000 -1.000000
vn 0.000005 0.000000 1.000000
vn 0.000005 0.000000 1.000000
vn 0.000005 0.000000 1.000000
vn 0.000005 0.000000 1.000000
vn 0.000000 0.000000 -1.000000
vn 0.000000 0.000000 -1.000000
vn 0.000000 0.000000 -1.000000
vn 0.000000 0.000000 -1.000000
vn -0.000001 0.000000 1.000000
vn -0.000001 0.000000 1.000000
vn -0.000001 0.000000 1.000000
vn -0.000001 0.000000 1.000000
vn 0.000000 0.000000 -1.000000
vn 0.000000 0.000000 -1.000000
vn 0.000000 0.000000 -1.000000
vn 0.000000 0.000000 -1.000000
vn -0.000003 0.000000 1.000000
vn -0.000003 0.000000 1.000000
vn -0.000003 0.000000 1.000000
vn -0.000003 0.000000 1.000000
vn -0.000000 0.000000 -1.000000
vn -0.000000 0.000000 -1.000000
vn -0.000000 0.000000 -1.000000
vn -0.000000 0.000000 -1.000000
vn -0.000001 0.000000 1.000000
vn -0.000001 0.000000 1.000000
vn -0.000001 0.000000 1.000000
vn -0.000001 0.000000 1.000000
vn -0.000002 0.000000 -1.000000
vn -0.000002 0.000000 -1.000000
vn -0.000002 0.000000 -1.000000
vn -0.000002 0.000000 -1.000000
vn 0.000003 0.000000 1.000000
vn 0.000003 0.000000 1.000000
vn 0.000003 0.000000 1.000000
vn 0.000003 0.000000 1.000000
vn 0.000005 0.000000 -1.000000
vn 0.000005 0.000000 -1.000000
vn 0.000005 0.000000 -1.000000
vn 0.000005 0.000000 -1.000000
vn -0.000003 0.000000 1.000000
vn -0.000003 0.000000 1.000000
vn -0.000003 0.000000 1.000000
vn -0.000003 0.000000 1.000000
vn -0.000001 0.000000 -1.000000
vn -0.000001 0.000000 -1.000000
vn -0.000001 0.000000 -1.000000
vn -0.000001 0.000000 -1.000000
vn -0.000001 0.000000 1.000000
vn -0.000001 0.000000 1.000000
vn -0.000001 0.000000 1.000000
vn -0.000001 0.000000 1.000000
vn -0.000002 0.000000 -1.000000
vn -0.000002 0.000000 -1.000000
vn -0.000002 0.000000 -1.000000
vn -0.000002 0.000000 -1.000000
vn 0.000005 0.000000 -1.000000
vn 0.000005 0.000000 -1.000000
vn 0.000005 0.000000 -1.000000
vn 0.000005 0.000000 -1.000000
vn -0.000001 0.000000 -1.000000
vn -0.000001 0.000000 -1.000000
vn -0.000001 0.000000 -1.000000
vn -0.000001 0.000000 -1.000000
vn -0.000001 0.000000 1.000000
vn -0.000001 0.000000 1.000000
vn -0.000001 0.000000 1.000000
vn -0.000001 0.000000 1.000000
vn 0.000000 0.000000 1.000000
vn 0.000000 0.000000 1.000000
vn 0.000000 0.000000 1.000000
vn 0.000000 0.000000 1.000000
vn 0.000002 0.000000 1.000000
vn 0.000002 0.000000 1.000000
vn 0.000002 0.000000 1.000000
vn 0.000002 0.000000 1.000000
vn 0.000001 0.000000 -1.000000
vn 0.000001 0.000000 -1.000000
vn 0.000001 0.000000 -1.000000
vn 0.000001 0.000000 -1.000000
vn 0.000001 0.000000 1.000000
vn 0.000001 0.000000 1.000000
vn 0.000001 0.000000 1.000000
vn 0.000001 0.000000 1.000000
vn -0.000000 0.000000 -1.000000
vn -0.000000 0.000000 -1.000000
vn -0.000000 0.000000 -1.000000
vn -0.000000 0.000000 -1.000000
vn 0.000002 0.000000 1.000000
vn 0.000002 0.000000 1.000000
vn 0.000002 0.000000 1.000000
vn 0.000002 0.000000 1.000000
vn -0.000003 0.000000 -1.000000
vn -0.000003 0.000000 -1.000000
vn -0.000003 0.000000 -1.000000
vn -0.000003 0.000000 -1.000000
vn 0.000000 0.000000 1.000000
vn 0.000000 0.000000 1.000000
vn 0.000000 0.000000 1.000000
vn 0.000000 0.000000 1.000000
vn -0.000002 0.000000 -1.000000
vn -0.000002 0.000000 -1.000000
vn -0.000002 0.000000 -1.000000
vn -0.000002 0.000000 -1.000000
vn -0.000002 0.000000 1.000000
vn -0.000002 0.000000 1.000000
vn -0.000002 0.000000 1.000000
vn -0.000002 0.000000 1.000000
vn -0.000003 0.000000 -1.000000
vn -0.000003 0.000000 -1.000000
vn -0.000003 0.000000 -1.000000
vn -0.000003 0.000000 -1.000000
vn 0.000000 0.000000 1.000000
vn 0.000000 0.000000 1.000000
vn 0.000000 0.000000 1.000000
vn 0.000000 0.000000 1.000000
vn 0.000002 0.000000 -1.000000
vn 0.000002 0.000000 -1.000000
vn 0.000002 0.000000 -1.000000
vn 0.000002 0.000000 -1.000000
vn 0.000003 0.000000 1.000000
vn 0.000003 0.000000 1.000000
vn 0.000003 0.000000 1.000000
vn 0.000003 0.000000 1.000000
vn -0.933629 -0.358241 0.000000
vn -0.933629 -0.358241 0.000000
vn -0.933629 -0.358241 0.000000
vn -0.933629 -0.358241 0.000000
vn -0.933602 -0.358312 0.000000
vn -0.933602 -0.358312 0.000000
vn -0.933602 -0.358312 0.000000
vn -0.933602 -0.358312 0.000000
vn -0.933612 -0.358285 0.000000
vn -0.933612 -0.358285 0.000000
vn -0.933612 -0.358285 0.000000
vn -0.933612 -0.358285 0.000000
vn -0.933629 -0.358241 0.000000
vn -0.933629 -0.358241 0.000000
vn -0.933629 -0.358241 0.000000
vn -0.933629 -0.358241 0.000000
vn -0.933599 -0.358321 -0.000063
vn -0.933599 -0.358321 -0.000063
vn -0.933599 -0.358321 -0.000063
vn -0.933599 -0.358321 -0.000063
vn -0.933578 -0.358374 0.000099
vn -0.933578 -0.358374 0.000099
vn -0.933578 -0.358374 0.000099
vn -0.933578 -0.358374 0.000099
vn -0.933571 -0.358394 0.000000
vn -0.933571 -0.358394 0.000000
vn -0.933571 -0.358394 0.000000
vn -0.933571 -0.358394 0.000000
vn -0.933498 -0.358583 0.000000
vn -0.933498 -0.358583 0.000000
vn -0.933498 -0.358583 0.000000
vn -0.933498 -0.358583 0.000000
vn -0.933463 -0.358674 0.000000
vn -0.933463 -0.358674 0.000000
vn -0.933463 -0.358674 0.000000
vn -0.933463 -0.358674 0.000000
vn 0.933575 0.358383 0.000000
vn 0.933575 0.358383 0.000000
vn 0.933579 0.358372 0.000000
vn 0.933579 0.358372 0.000000
vn 0.933575 0.358383 0.000000
vn 0.933575 0.358383 0.000000
vn 0.933581 0.358367 0.000000
vn 0.933581 0.358367 0.000000
vn 0.933579 0.358371 0.000000
vn 0.933579 0.358372 0.000000
vn 0.933582 0.358365 0.000000
vn 0.933582 0.358364 0.000000
vn 0.933580 0.358368 0.000000
vn 0.933580 0.358368 0.000000
vn 0.933582 0.358364 0.000000
vn 0.933582 0.358364 0.000000
vn 0.933574 0.358384 0.000000
vn 0.933574 0.358384 0.000000
vn 0.933582 0.358363 0.000000
vn 0.933582 0.358363 0.000000
vn 0.933577 0.358377 0.000000
vn 0.933581 0.358366 0.000000
vn 0.933581 0.358366 0.000000
vn 0.933577 0.358377 0.000000
vn 0.933576 0.358381 0.000000
vn 0.933576 0.358381 0.000000
vn 0.933580 0.358368 0.000000
vn 0.933580 0.358368 0.000000
vn 0.933576 0.358379 0.000000
vn 0.933576 0.358379 0.000000
vn 0.933581 0.358368 0.000000
vn 0.933581 0.358368 0.000000
vn 0.933580 0.358368 0.000000
vn 0.933580 0.358368 0.000000
vn 0.933580 0.358368 0.000000
vn 0.933580 0.358368 0.000000
vn 0.933576 0.358380 0.000000
vn 0.933576 0.358380 0.000000
vn 0.933581 0.358366 0.000000
vn 0.933581 0.358366 0.000000
vn 0.933578 0.358375 0.000000
vn 0.933578 0.358375 0.000000
vn 0.933578 0.358375 0.000000
vn 0.933578 0.358375 0.000000
vn 0.933577 0.358378 0.000000
vn 0.933577 0.358378 0.000000
vn 0.933582 0.358365 0.000000
vn 0.933582 0.358365 0.000000
vn 0.933582 0.358365 0.000000
vn 0.933582 0.358365 0.000000
vn 0.933582 0.358365 0.000000
vn 0.933582 0.358365 0.000000
vn 0.933570 0.358395 0.000000
vn 0.933570 0.358395 0.000000
vn 0.933578 0.358373 0.000000
vn 0.933578 0.358373 0.000000
vn 0.933576 0.358380 0.000000
vn 0.933576 0.358380 0.000000
vn 0.933576 0.358380 0.000000
vn 0.933576 0.358380 0.000000
vn 0.933578 0.358375 0.000000
vn 0.933578 0.358375 0.000000
vn 0.933580 0.358369 0.000000
vn 0.933580 0.358369 0.000000
vn 0.933572 0.358390 0.000000
vn 0.933572 0.358390 0.000000
vn 0.933577 0.358376 0.000000
vn 0.933577 0.358376 0.000000
vn 0.933575 0.358382 0.000000
vn 0.933575 0.358382 0.000000
vn 0.933579 0.358370 0.000000
vn 0.933579 0.358370 0.000000
vn 0.933581 0.358367 0.000000
vn 0.933583 0.358362 0.000000
vn 0.933584 0.358360 0.000000
vn 0.933581 0.358366 0.000000
vn 0.933578 0.358373 0.000004
vn 0.933580 0.358370 0.000000
vn 0.933582 0.358364 0.000000
vn 0.933583 0.358362 0.000009
vn 0.933580 0.358369 0.000000
vn 0.933581 0.358365 0.000000
vn 0.933579 0.358371 0.000000
vn 0.933579 0.358371 0.000000
vn 0.933574 0.358385 0.000000
vn 0.933574 0.358385 0.000000
vn 0.933578 0.358375 0.000009
vn 0.933583 0.358361 0.000017
vn 0.933579 0.358371 0.000004
vn 0.933585 0.358357 0.000005
vn 0.933582 0.358363 0.000010
vn 0.933578 0.358373 0.000008
vn 0.933580 0.358369 -0.000003
vn 0.933582 0.358364 0.000000
vn 0.933580 0.358369 -0.000007
vn 0.933577 0.358376 0.000001
vn 0.933585 0.358355 0.000000
vn 0.933585 0.358355 0.000000
vn 0.933590 0.358343 0.000000
vn 0.933590 0.358343 0.000000
vn 0.933580 0.358369 0.000000
vn 0.933580 0.358369 0.000000
vn 0.933578 0.358373 0.000000
vn 0.933579 0.358373 0.000000
vn 0.933586 0.358354 0.000000
vn 0.933586 0.358354 0.000000
vn 0.933590 0.358344 0.000000
vn 0.933590 0.358344 0.000000
vn 0.933580 0.358368 0.000000
vn 0.933580 0.358368 0.000000
vn 0.933580 0.358370 0.000000
vn 0.933579 0.358372 0.000000
vn 0.933585 0.358357 0.000000
vn 0.933585 0.358357 0.000000
vn 0.933587 0.358350 0.000000
vn 0.933587 0.358350 0.000000
vn 0.933581 0.358367 0.000000
vn 0.933581 0.358367 0.000000
vn 0.933577 0.358378 0.000000
vn 0.933580 0.358369 0.000000
vn 0.933584 0.358358 0.000000
vn 0.933584 0.358358 0.000000
vn 0.933587 0.358352 0.000000
vn 0.933587 0.358352 0.000000
vn 0.933580 0.358369 0.000000
vn 0.933580 0.358369 0.000000
vn 0.933581 0.358366 0.000000
vn 0.933578 0.358374 0.000000
vn 0.933592 0.358338 0.000000
vn 0.933592 0.358338 0.000000
vn 0.933600 0.358317 0.000000
vn 0.933600 0.358317 0.000000
vn 0.933582 0.358365 0.000000
vn 0.933582 0.358365 0.000000
vn 0.933581 0.358367 0.000000
vn 0.933582 0.358365 0.000000
vn 0.933579 0.358371 0.000000
vn 0.933579 0.358371 0.000000
vn 0.933581 0.358366 0.000000
vn 0.933581 0.358366 0.000000
vn 0.933576 0.358379 0.000000
vn 0.933576 0.358379 0.000000
vn 0.933581 0.358366 0.000000
vn 0.933581 0.358366 0.000000
vn 0.933577 0.358378 0.000000
vn 0.933577 0.358378 0.000000
vn 0.933580 0.358370 0.000000
vn 0.933580 0.358368 0.000000
vn 0.933578 0.358374 0.000000
vn 0.933578 0.358374 0.000000
vn 0.933578 0.358374 0.000000
vn 0.933578 0.358374 0.000000
vn 0.933581 0.358367 0.000000
vn 0.933581 0.358367 0.000000
vn 0.933581 0.358366 0.000000
vn 0.933581 0.358366 0.000000
vn 0.933578 0.358373 0.000000
vn 0.933578 0.358373 0.000000
vn 0.933580 0.358369 0.000000
vn 0.933580 0.358369 0.000000
vn 0.933583 0.358360 0.000000
vn 0.933583 0.358360 0.000000
vn 0.933579 0.358371 0.000000
vn 0.933579 0.358371 0.000000
vn 0.933577 0.358376 0.000000
vn 0.933577 0.358376 0.000000
vn 0.933581 0.358368 0.000000
vn 0.933581 0.358368 0.000000
vn 0.933581 0.358365 0.000000
vn 0.933581 0.358365 0.000000
vn 0.933581 0.358366 0.000000
vn 0.933581 0.358366 0.000000
vn 0.933585 0.358356 0.000000
vn 0.933585 0.358356 0.000000
vn 0.933580 0.358369 0.000000
vn 0.933580 0.358369 0.000000
vn 0.933582 0.358364 0.000000
vn 0.933582 0.358364 0.000000
vn 0.933581 0.358368 0.000000
vn 0.933581 0.358368 0.000000
vn 0.933579 0.358371 0.000000
vn 0.933579 0.358371 0.000000
vn 0.933581 0.358367 0.000000
vn 0.933581 0.358367 0.000000
vn 0.933582 0.358364 0.000000
vn 0.933582 0.358364 0.000000
vn 0.933581 0.358366 0.000000
vn 0.933581 0.358366 0.000000
vn 0.933583 0.358362 0.000000
vn 0.933583 0.358362 0.000000
vn 0.933581 0.358366 0.000000
vn 0.933581 0.358366 0.000000
vn 0.933581 0.358366 -0.000007
vn 0.933581 0.358366 -0.000009
vn 0.933581 0.358366 -0.000009
vn 0.933581 0.358366 -0.000007
vn 0.933582 0.358365 0.000000
vn 0.933582 0.358365 0.000000
vn 0.933580 0.358370 0.000000
vn 0.933580 0.358370 0.000000
vn 0.933582 0.358365 0.000005
vn 0.933583 0.358360 0.000000
vn 0.933581 0.358366 0.000008
vn 0.933582 0.358364 0.000000
vn 0.933582 0.358364 0.000000
vn 0.933581 0.358366 0.000000
vn 0.933581 0.358366 0.000000
vn 0.933583 0.358361 0.000000
vn 0.933583 0.358361 0.000000
vn 0.933579 0.358372 0.000000
vn 0.933579 0.358372 0.000000
vn 0.000012 0.000000 -1.000000
vn 0.000011 0.000000 -1.000000
vn 0.000011 0.000000 -1.000000
vn 0.000012 0.000000 -1.000000
vn -0.358017 0.933715 0.000000
vn -0.358008 0.933718 0.000000
vn -0.358008 0.933718 0.000000
vn -0.358017 0.933715 0.000000
vn -0.358014 0.933716 0.000000
vn -0.358010 0.933718 0.000000
vn -0.358010 0.933718 0.000000
vn -0.358014 0.933716 0.000000
vn -0.000003 0.000000 1.000000
vn 0.000003 0.000000 1.000000
vn 0.000003 0.000000 1.000000
vn -0.000003 0.000000 1.000000
vn -0.358009 0.933718 0.000000
vn -0.358009 0.933718 0.000000
vn 0.933581 0.358366 0.000000
vn 0.933581 0.358366 0.000000
vn 0.933581 0.358367 0.000000
vn 0.933581 0.358367 0.000000
vn 0.933580 0.358369 0.000000
vn 0.933580 0.358368 0.000000
vn 0.933587 0.358352 0.000000
vn 0.933587 0.358352 0.000000
vn 0.933587 0.358352 0.000000
vn 0.933587 0.358352 0.000000
vn 0.933580 0.358368 0.000000
vn 0.933580 0.358368 0.000000
vn 0.933581 0.358368 0.000000
vn 0.933581 0.358368 0.000000
vn 0.933579 0.358371 0.000000
vn 0.933579 0.358371 0.000000
vn 0.933582 0.358364 0.000000
vn 0.933582 0.358364 0.000000
vn 0.933583 0.358362 0.000000
vn 0.933583 0.358362 0.000000
vn 0.933580 0.358368 0.000000
vn 0.933580 0.358368 0.000000
vn 0.933580 0.358368 0.000000
vn 0.933580 0.358368 0.000000
vn 0.933582 0.358364 0.000000
vn 0.933582 0.358364 0.000000
vn 0.933580 0.358368 0.000000
vn 0.933580 0.358368 0.000000
vn 0.933581 0.358368 0.000000
vn 0.933581 0.358368 0.000000
vn 0.933582 0.358364 -0.000002
vn 0.933582 0.358364 -0.000002
vn 0.933589 0.358346 0.000000
vn 0.933589 0.358346 0.000000
vn 0.933580 0.358370 0.000000
vn 0.933580 0.358370 0.000000
vn 0.933582 0.358364 0.000002
vn 0.933582 0.358364 0.000002
vn 0.933581 0.358367 0.000012
vn 0.933580 0.358368 0.000000
vn 0.933580 0.358368 0.000000
vn 0.933581 0.358367 0.000000
vn 0.933581 0.358367 0.000000
vn 0.933579 0.358373 0.000000
vn 0.933579 0.358373 0.000000
vn 0.933575 0.358381 0.000000
vn 0.933575 0.358381 0.000000
vn 0.933580 0.358370 0.000000
vn 0.933579 0.358371 0.000000
vn 0.933578 0.358373 0.000000
vn 0.933578 0.358373 0.000000
vn 0.933578 0.358373 0.000000
vn 0.933578 0.358373 0.000000
vn 0.933579 0.358371 0.000000
vn 0.933579 0.358371 0.000000
vn 0.933581 0.358367 0.000000
vn 0.933581 0.358367 0.000000
vn 0.933581 0.358367 0.000000
vn 0.933581 0.358367 0.000000
vn 0.933582 0.358363 0.000000
vn 0.933582 0.358363 0.000000
vn 0.933580 0.358370 0.000000
vn 0.933580 0.358370 0.000000
vn 0.933580 0.358370 0.000000
vn 0.933580 0.358370 0.000000
vn 0.933579 0.358371 0.000000
vn 0.933579 0.358371 0.000000
vn 0.933581 0.358367 0.000000
vn 0.933581 0.358367 0.000000
vn 0.933580 0.358370 0.000000
vn 0.933580 0.358370 0.000000
vn 0.933580 0.358370 0.000000
vn 0.933580 0.358370 0.000000
vn 0.933579 0.358371 0.000000
vn 0.933579 0.358371 0.000000
vn 0.933578 0.358376 0.000000
vn 0.933578 0.358376 0.000000
vn 0.933579 0.358371 0.000000
vn 0.933579 0.358371 0.000000
vn 0.933579 0.358372 0.000000
vn 0.933579 0.358372 0.000000
vn 0.933581 0.358365 0.000000
vn 0.933581 0.358365 0.000000
vn 0.933589 0.358347 0.000000
vn 0.933589 0.358347 0.000000
vn 0.933580 0.358368 0.000000
vn 0.933580 0.358368 0.000000
vn 0.933580 0.358368 0.000000
vn 0.933580 0.358368 0.000000
vn 0.933583 0.358360 0.000000
vn 0.933583 0.358360 0.000000
vn 0.933596 0.358327 0.000000
vn 0.933562 0.358416 0.000000
vn 0.933581 0.358366 0.000000
vn 0.933541 0.358472 0.000000
vn 0.933544 0.358464 0.000000
vn 0.933542 0.358468 0.000000
vn 0.933558 0.358426 0.000000
vn 0.933563 0.358414 0.000003
vn 0.933533 0.358491 0.000004
vn 0.933499 0.358581 0.000003
vn 0.933583 0.358360 0.000000
vn 0.933586 0.358354 0.000000
vn 0.933591 0.358340 0.000009
vn 0.933594 0.358333 0.000017
vn 0.000002 0.000000 -1.000000
vn -0.000008 0.000000 -1.000000
vn -0.000008 0.000000 -1.000000
vn 0.000002 0.000000 -1.000000
vn -0.357481 0.933920 0.000000
vn -0.357481 0.933920 0.000000
vn -0.357481 0.933920 0.000000
vn -0.357481 0.933920 0.000000
vn 0.000006 0.000000 1.000000
vn 0.000001 0.000000 1.000000
vn 0.000001 0.000000 1.000000
vn 0.000006 0.000000 1.000000
vn 0.358080 -0.933691 0.000000
vn 0.358080 -0.933691 0.000000
vn 0.358080 -0.933691 0.000000
vn 0.358080 -0.933691 0.000000
vn 0.000012 0.000000 -1.000000
vn 0.000012 0.000000 -1.000000
vn -0.000004 0.000000 1.000000
vn -0.000004 0.000000 1.000000
vn 0.358080 -0.933691 0.000000
vn 0.358080 -0.933691 0.000000
vn 0.358080 -0.933691 0.000000
vn 0.358080 -0.933691 0.000000
vn 0.000002 0.000000 -1.000000
vn 0.000002 0.000000 -1.000000
vn 0.000002 0.000000 -1.000000
vn 0.000002 0.000000 -1.000000
vn -0.358034 0.933708 0.000000
vn -0.358034 0.933708 0.000000
vn -0.358034 0.933708 0.000000
vn -0.358034 0.933708 0.000000
vn -0.000002 0.000000 1.000000
vn -0.000002 0.000000 1.000000
vn -0.000002 0.000000 1.000000
vn -0.000002 0.000000 1.000000
vn 0.000011 0.000000 -1.000000
vn 0.000011 0.000000 -1.000000
vn 0.933582 0.358363 0.000000
vn 0.933582 0.358363 0.000000
vn 0.933585 0.358357 0.000000
vn 0.933581 0.358366 0.000000
vn 0.933584 0.358359 0.000000
vn 0.933584 0.358359 0.000000
vn -0.000009 0.000000 1.000000
vn -0.000009 0.000000 1.000000
vn 0.933579 0.358372 0.000000
vn 0.933579 0.358372 0.000000
vn 0.933575 0.358381 0.000000
vn 0.933575 0.358381 0.000000
vn 0.933592 0.358337 0.000000
vn 0.933592 0.358337 0.000000
vn 0.933579 0.358371 0.000000
vn 0.933579 0.358371 0.000000
vn 0.000002 0.000000 -1.000000
vn 0.000008 0.000000 -1.000000
vn 0.000008 0.000000 -1.000000
vn 0.000002 0.000000 -1.000000
vn -0.358683 0.933460 0.000000
vn -0.358683 0.933460 0.000000
vn -0.358683 0.933460 0.000000
vn -0.358683 0.933460 0.000000
vn 0.000004 0.000000 1.000000
vn -0.000000 0.000000 1.000000
vn -0.000000 0.000000 1.000000
vn 0.000004 0.000000 1.000000
vn 0.000001 0.000000 -1.000000
vn 0.000004 0.000000 -1.000000
vn 0.000004 0.000000 -1.000000
vn 0.000001 0.000000 -1.000000
vn 0.000002 0.000000 1.000000
vn 0.000002 0.000000 1.000000
vn 0.000002 0.000000 1.000000
vn 0.000002 0.000000 1.000000
vn 0.000001 0.000000 -1.000000
vn 0.000001 0.000000 -1.000000
vn 0.000002 0.000000 1.000000
vn 0.000002 0.000000 1.000000
vn -0.000003 0.000000 -1.000000
vn -0.000003 0.000000 -1.000000
vn -0.000001 0.000000 1.000000
vn -0.000001 0.000000 1.000000
vn 0.358508 -0.933527 0.000000
vn 0.358508 -0.933527 0.000000
vn 0.358508 -0.933527 0.000000
vn 0.358508 -0.933527 0.000000
vn -0.000002 0.000000 -1.000000
vn -0.000002 0.000000 -1.000000
vn 0.000003 0.000000 1.000000
vn 0.000003 0.000000 1.000000
vn -0.000007 0.000000 -1.000000
vn -0.000008 0.000000 -1.000000
vn -0.000008 0.000000 -1.000000
vn -0.000007 0.000000 -1.000000
vn -0.358696 0.933454 0.000000
vn -0.358696 0.933454 0.000000
vn -0.358696 0.933454 0.000000
vn -0.358696 0.933454 0.000000
vn -0.000003 0.000000 1.000000
vn -0.000000 0.000000 1.000000
vn -0.000000 0.000000 1.000000
vn -0.000003 0.000000 1.000000
vn -0.000002 0.000000 -1.000000
vn -0.000002 0.000000 -1.000000
vn -0.000002 0.000000 -1.000000
vn -0.000002 0.000000 -1.000000
vn -0.000001 0.000000 1.000000
vn -0.000005 0.000000 1.000000
vn -0.000005 0.000000 1.000000
vn -0.000001 0.000000 1.000000
vn -0.000002 0.000000 -1.000000
vn -0.000002 0.000000 -1.000000
vn 0.000000 0.000000 1.000000
vn 0.000000 0.000000 1.000000
vn -0.000005 0.000000 -1.000000
vn -0.000005 0.000000 -1.000000
vn -0.000000 0.000000 1.000000
vn -0.000000 0.000000 1.000000
vn 0.357568 -0.933887 0.000000
vn 0.357568 -0.933887 0.000000
vn 0.357568 -0.933887 0.000000
vn 0.357568 -0.933887 0.000000
vn 0.000001 0.000000 -1.000000
vn 0.000001 0.000000 -1.000000
vn -0.000005 0.000000 1.000000
vn -0.000005 0.000000 1.000000
vn -0.000002 0.000000 -1.000000
vn 0.000001 0.000000 -1.000000
vn 0.000001 0.000000 -1.000000
vn -0.000002 0.000000 -1.000000
vn -0.358680 0.933461 0.000000
vn -0.358680 0.933461 0.000000
vn -0.358680 0.933461 0.000000
vn -0.358680 0.933461 0.000000
vn 0.000001 0.000000 1.000000
vn 0.000003 0.000000 1.000000
vn 0.000003 0.000000 1.000000
vn 0.000001 0.000000 1.000000
vn -0.000003 0.000000 -1.000000
vn 0.000001 0.000000 -1.000000
vn 0.000001 0.000000 -1.000000
vn -0.000003 0.000000 -1.000000
vn -0.000002 0.000000 1.000000
vn -0.000002 0.000000 1.000000
vn -0.000002 0.000000 1.000000
vn -0.000002 0.000000 1.000000
vn 0.000001 0.000000 -1.000000
vn 0.000001 0.000000 -1.000000
vn -0.000002 0.000000 1.000000
vn -0.000002 0.000000 1.000000
vn -0.000002 0.000000 -1.000000
vn -0.000002 0.000000 -1.000000
vn 0.000001 0.000000 1.000000
vn 0.000001 0.000000 1.000000
vn 0.358504 -0.933528 0.000000
vn 0.358504 -0.933528 0.000000
vn 0.358504 -0.933528 0.000000
vn 0.358504 -0.933528 0.000000
vn -0.000007 0.000000 -1.000000
vn -0.000007 0.000000 -1.000000
vn -0.000003 0.000000 1.000000
vn -0.000003 0.000000 1.000000
vn -0.000004 0.000000 -1.000000
vn -0.000004 0.000000 -1.000000
vn -0.000004 0.000000 -1.000000
vn -0.000004 0.000000 -1.000000
vn -0.358702 0.933452 0.000000
vn -0.358702 0.933452 0.000000
vn -0.358702 0.933452 0.000000
vn -0.358702 0.933452 0.000000
vn 0.000004 0.000000 1.000000
vn 0.000001 0.000000 1.000000
vn 0.000001 0.000000 1.000000
vn 0.000004 0.000000 1.000000
vn 0.000003 0.000002 -1.000000
vn 0.000003 0.000000 -1.000000
vn 0.000003 0.000000 -1.000000
vn 0.000003 0.000002 -1.000000
vn -0.000000 0.000000 1.000000
vn 0.000002 0.000000 1.000000
vn 0.000002 0.000000 1.000000
vn -0.000000 0.000000 1.000000
vn 0.000004 0.000000 -1.000000
vn 0.000004 0.000000 -1.000000
vn -0.000006 0.000000 1.000000
vn -0.000006 0.000000 1.000000
vn 0.000000 0.000000 -1.000000
vn 0.000000 0.000000 -1.000000
vn -0.000005 0.000000 1.000000
vn -0.000005 0.000000 1.000000
vn 0.358492 -0.933533 0.000000
vn 0.358492 -0.933533 0.000000
vn 0.358492 -0.933533 0.000000
vn 0.358492 -0.933533 0.000000
vn 0.000004 0.000004 -1.000000
vn 0.000004 0.000004 -1.000000
vn 0.000000 0.000000 1.000000
vn 0.000000 0.000000 1.000000
vn 0.933596 0.358327 0.000000
vn 0.933596 0.358327 0.000000
vn 0.358342 -0.933590 0.000000
vn 0.358342 -0.933590 0.000000
vn 0.358352 -0.933587 0.000000
vn 0.358352 -0.933587 0.000000
vn 0.358439 -0.933553 0.000000
vn 0.358435 -0.933555 0.000000
vn 0.358435 -0.933555 0.000000
vn 0.358439 -0.933553 0.000000
vn 0.358427 -0.933558 0.000000
vn 0.358427 -0.933558 0.000000
vn 0.358427 -0.933558 0.000000
vn 0.358427 -0.933558 0.000000
vn 0.358440 -0.933553 0.000000
vn 0.358440 -0.933553 0.000000
vn 0.358440 -0.933553 0.000000
vn 0.358440 -0.933553 0.000000
vn 0.358430 -0.933557 0.000000
vn 0.358430 -0.933557 0.000000
vn 0.358430 -0.933557 0.000000
vn 0.358430 -0.933557 0.000000
vn 0.358429 -0.933557 0.000000
vn 0.358429 -0.933557 0.000000
vn 0.358429 -0.933557 0.000000
vn 0.358429 -0.933557 0.000000
vn 0.358439 -0.933553 0.000000
vn 0.358439 -0.933553 0.000000
vn 0.358439 -0.933553 0.000000
vn 0.358439 -0.933553 0.000000
vn 0.000000 0.000000 1.000000
vn 0.000000 0.000000 1.000000
vn -0.000001 0.000000 1.000000
vn -0.000001 0.000000 1.000000
vn 0.358298 -0.933607 -0.000007
vn 0.358248 -0.933626 0.000000
vn 0.358248 -0.933626 0.000000
vn 0.358298 -0.933607 -0.000007
vn 0.000020 -0.000046 1.000000
vn -0.000005 0.000000 1.000000
vn -0.000002 0.000000 1.000000
vn 0.000027 -0.000063 1.000000
vn -0.000000 0.000000 -1.000000
vn -0.000000 0.000000 -1.000000
vn 0.000003 0.000000 -1.000000
vn 0.000002 0.000000 -1.000000
vn -0.000000 0.000000 -1.000000
vn -0.000000 0.000000 -1.000000
vn -0.000000 0.000000 -1.000000
vn -0.000000 0.000000 -1.000000
vn -0.000000 0.000000 -1.000000
vn -0.000000 0.000000 -1.000000
vn -0.000000 0.000000 -1.000000
vn -0.000000 0.000000 -1.000000
vn -0.000000 0.000000 -1.000000
vn -0.000000 0.000000 -1.000000
vn -0.000000 0.000000 -1.000000
vn -0.000000 0.000000 1.000000
vn -0.000000 0.000000 1.000000
vn -0.000000 0.000000 1.000000
vn -0.000001 0.000000 1.000000
vn -0.000001 0.000000 1.000000
vn 0.000004 0.000000 -1.000000
vn 0.000004 0.000000 -1.000000
vn 0.000002 0.000000 -1.000000
vn 0.000002 0.000000 -1.000000
vn 0.351650 -0.936131 0.000000
vn 0.351650 -0.936131 0.000000
vn 0.351678 -0.936121 0.000000
vn 0.351678 -0.936121 0.000000
vn 0.353377 -0.935481 0.000000
vn 0.353377 -0.935481 0.000000
vn 0.355048 -0.934848 0.000000
vn 0.355048 -0.934848 0.000000
vn 0.000001 0.000000 -1.000000
vn 0.000001 0.000000 -1.000000
vn 0.000003 0.000000 -1.000000
vn 0.000003 0.000000 -1.000000
vn 0.358580 -0.933499 0.000000
vn 0.358580 -0.933499 0.000000
vn 0.358798 -0.933415 0.000000
vn 0.358798 -0.933415 0.000000
vn -0.000001 0.000000 1.000000
vn -0.000001 0.000000 1.000000
vn -0.000001 0.000000 1.000000
vn -0.000001 0.000000 1.000000
vn 0.000030 -0.000081 1.000000
vn -0.000004 0.000000 1.000000
vn -0.000009 0.000000 1.000000
vn 0.000026 -0.000081 1.000000
vn 0.358273 -0.933617 0.000030
vn 0.358073 -0.933693 0.000229
vn 0.358073 -0.933693 0.000229
vn 0.358273 -0.933617 0.000030
vn 0.358458 -0.933546 0.000000
vn 0.358458 -0.933546 0.000000
vn 0.358458 -0.933546 0.000000
vn 0.358458 -0.933546 0.000000
vn 0.358472 -0.933540 0.000000
vn 0.358472 -0.933540 0.000000
vn 0.358472 -0.933540 0.000000
vn 0.358472 -0.933540 0.000000
vn 0.358472 -0.933540 0.000000
vn 0.358472 -0.933540 0.000000
vn 0.358472 -0.933540 0.000000
vn 0.358472 -0.933540 0.000000
vn 0.358454 -0.933547 0.000000
vn 0.358454 -0.933547 0.000000
vn 0.358454 -0.933547 0.000000
vn 0.358454 -0.933547 0.000000
vn 0.358456 -0.933547 0.000000
vn 0.358456 -0.933547 0.000000
vn 0.358456 -0.933547 0.000000
vn 0.358456 -0.933547 0.000000
vn 0.358467 -0.933543 0.000000
vn 0.358466 -0.933543 0.000000
vn 0.358466 -0.933543 0.000000
vn 0.358467 -0.933543 0.000000
vn 0.358368 -0.933580 -0.000214
vn 0.358368 -0.933580 -0.000214
vn 0.358368 -0.933580 -0.000214
vn 0.358368 -0.933580 -0.000214
vn 0.358365 -0.933581 0.000000
vn 0.358365 -0.933581 0.000000
vn 0.358365 -0.933581 0.000000
vn 0.358365 -0.933581 0.000000
vn 0.358365 -0.933582 0.000000
vn 0.358365 -0.933582 0.000000
vn 0.358365 -0.933582 0.000000
vn 0.358365 -0.933582 0.000000
vn 0.358365 -0.933582 0.000000
vn 0.358365 -0.933582 0.000000
vn 0.358365 -0.933582 0.000000
vn 0.358365 -0.933582 0.000000
vn 0.358365 -0.933582 0.000000
vn 0.358365 -0.933582 0.000000
vn 0.358365 -0.933582 0.000000
vn 0.358365 -0.933582 0.000000
vn 0.358365 -0.933582 0.000000
vn 0.358365 -0.933582 0.000000
vn 0.358365 -0.933582 0.000000
vn 0.358365 -0.933582 0.000000
vn 0.358365 -0.933581 0.000000
vn 0.358365 -0.933581 0.000000
vn 0.358365 -0.933581 0.000000
vn 0.358365 -0.933581 0.000000
vn 0.933453 0.358700 0.000000
vn 0.933408 0.358816 0.000000
vn 0.933408 0.358816 0.000000
vn -0.933520 -0.358526 0.000000
vn -0.933491 -0.358602 0.000000
vn -0.933491 -0.358602 0.000000
vn -0.933520 -0.358526 0.000000
vn 0.000000 0.000000 -1.000000
vn 0.000000 0.000000 -1.000000
vn 0.000000 0.000000 -1.000000
vn 0.000000 0.000000 -1.000000
vn 0.933540 0.358474 0.000000
vn -0.933550 -0.358448 0.000000
vn -0.933550 -0.358448 0.000000
vn 0.933527 0.358507 0.000000
vn -0.933521 -0.358523 0.000000
vn -0.933521 -0.358523 0.000000
vn 0.933486 0.358614 0.000000
vn -0.933539 -0.358475 0.000000
vn -0.933539 -0.358475 0.000000
vn 0.933492 0.358599 0.000000
vn -0.933547 -0.358454 0.000000
vn -0.933547 -0.358454 0.000000
vn 0.933478 0.358635 0.000000
vn -0.933577 -0.358378 0.000000
vn -0.933577 -0.358378 0.000000
vn 0.933612 0.358286 0.000000
vn 0.933542 0.358469 0.000000
vn 0.000046 -0.000092 1.000000
vn 0.000046 -0.000092 1.000000
vn -0.933587 -0.358351 -0.000006
vn -0.933586 -0.358353 -0.000003
vn -0.933586 -0.358353 -0.000003
vn -0.933587 -0.358351 -0.000006
vn -0.933586 -0.358353 0.000000
vn -0.933587 -0.358351 0.000000
vn -0.933587 -0.358351 0.000000
vn -0.933586 -0.358353 0.000000
vn -0.933589 -0.358346 0.000000
vn -0.933589 -0.358346 0.000000
vn -0.933588 -0.358349 0.000000
vn -0.933588 -0.358349 0.000000
vn -0.933577 -0.358378 0.000000
vn -0.933580 -0.358369 0.000000
vn -0.933580 -0.358369 0.000000
vn -0.933577 -0.358378 0.000000
vn -0.933592 -0.358337 0.000000
vn -0.933589 -0.358346 0.000000
vn -0.933589 -0.358346 0.000000
vn -0.933592 -0.358337 0.000000
vn -0.933586 -0.358353 0.000000
vn -0.933585 -0.358356 0.000000
vn -0.933585 -0.358356 0.000000
vn -0.933586 -0.358353 0.000000
vn -0.933576 -0.358380 0.000000
vn -0.933581 -0.358367 0.000000
vn -0.933581 -0.358367 0.000000
vn -0.933576 -0.358380 0.000000
vn -0.933584 -0.358359 0.000000
vn -0.933585 -0.358356 0.000000
vn -0.933585 -0.358356 0.000000
vn -0.933584 -0.358359 0.000000
vn -0.933580 -0.358369 0.000000
vn -0.933580 -0.358369 0.000000
vn -0.933580 -0.358369 0.000000
vn -0.933580 -0.358369 0.000000
vn -0.933576 -0.358381 0.000000
vn -0.933582 -0.358364 0.000000
vn -0.933582 -0.358364 0.000000
vn -0.933576 -0.358381 0.000000
vn -0.933577 -0.358376 0.000000
vn -0.933577 -0.358376 0.000000
vn -0.933577 -0.358376 0.000000
vn -0.933577 -0.358376 0.000000
vn -0.933576 -0.358379 0.000000
vn -0.933582 -0.358364 0.000000
vn -0.933582 -0.358364 0.000000
vn -0.933576 -0.358379 0.000000
vn -0.933576 -0.358379 0.000000
vn -0.933576 -0.358379 0.000000
vn -0.933576 -0.358379 0.000000
vn -0.933576 -0.358379 0.000000
vn -0.933578 -0.358375 0.000000
vn -0.933580 -0.358369 0.000000
vn -0.933580 -0.358369 0.000000
vn -0.933578 -0.358375 0.000000
vn -0.933576 -0.358381 0.000000
vn -0.933576 -0.358381 0.000000
vn -0.933576 -0.358381 0.000000
vn -0.933576 -0.358381 0.000000
vn -0.933585 -0.358356 -0.000004
vn -0.933583 -0.358362 -0.000002
vn -0.933583 -0.358362 -0.000002
vn -0.933585 -0.358356 -0.000004
vn -0.933595 -0.358329 0.000000
vn -0.933583 -0.358362 0.000000
vn -0.933583 -0.358362 0.000000
vn -0.933595 -0.358329 0.000000
vn -0.933595 -0.358331 0.000000
vn -0.933577 -0.358376 0.000000
vn -0.933577 -0.358376 0.000000
vn -0.933595 -0.358331 0.000000
vn -0.933599 -0.358319 0.000000
vn -0.933582 -0.358364 0.000000
vn -0.933581 -0.358366 0.000000
vn -0.933592 -0.358339 0.000000
vn -0.933581 -0.358368 0.000000
vn -0.933578 -0.358375 0.000000
vn -0.933579 -0.358371 0.000000
vn -0.933580 -0.358369 0.000000
vn -0.933580 -0.358368 0.000000
vn -0.933580 -0.358369 0.000000
vn -0.933584 -0.358359 0.000000
vn -0.933577 -0.358377 0.000000
vn -0.933577 -0.358377 0.000000
vn -0.933584 -0.358359 0.000000
vn -0.933581 -0.358367 0.000002
vn -0.933580 -0.358368 0.000002
vn -0.933580 -0.358369 0.000003
vn -0.933582 -0.358365 0.000003
vn -0.933580 -0.358369 0.000004
vn -0.933580 -0.358369 0.000003
vn -0.933584 -0.358358 0.000006
vn -0.933580 -0.358370 0.000005
vn -0.933572 -0.358389 0.000000
vn -0.933564 -0.358411 0.000000
vn -0.933564 -0.358411 0.000000
vn -0.933572 -0.358389 0.000000
vn -0.933575 -0.358383 0.000000
vn -0.933582 -0.358364 0.000000
vn -0.933580 -0.358370 0.000000
vn -0.933575 -0.358383 0.000000
vn -0.933572 -0.358390 0.000000
vn -0.933563 -0.358415 0.000000
vn -0.933563 -0.358415 0.000000
vn -0.933572 -0.358390 0.000000
vn -0.933571 -0.358392 0.000000
vn -0.933579 -0.358371 0.000000
vn -0.933580 -0.358369 0.000000
vn -0.933571 -0.358392 0.000000
vn -0.933573 -0.358388 0.000000
vn -0.933571 -0.358391 0.000000
vn -0.933571 -0.358391 0.000000
vn -0.933573 -0.358388 0.000000
vn -0.933574 -0.358384 0.000000
vn -0.933582 -0.358365 0.000000
vn -0.933578 -0.358374 0.000000
vn -0.933574 -0.358384 0.000000
vn -0.933574 -0.358385 0.000000
vn -0.933571 -0.358393 0.000000
vn -0.933571 -0.358393 0.000000
vn -0.933574 -0.358385 0.000000
vn -0.933581 -0.358366 -0.000007
vn -0.933581 -0.358366 -0.000005
vn -0.933580 -0.358369 -0.000005
vn -0.933581 -0.358366 -0.000007
vn -0.933582 -0.358363 0.000000
vn -0.933587 -0.358350 0.000000
vn -0.933587 -0.358350 0.000000
vn -0.933582 -0.358363 0.000000
vn -0.933583 -0.358361 0.000000
vn -0.933584 -0.358358 0.000007
vn -0.933583 -0.358360 0.000018
vn -0.933583 -0.358361 0.000000
vn -0.933584 -0.358360 0.000000
vn -0.933580 -0.358369 0.000000
vn -0.933580 -0.358369 0.000000
vn -0.933584 -0.358360 0.000000
vn -0.933583 -0.358360 0.000000
vn -0.933581 -0.358367 0.000000
vn -0.933581 -0.358367 0.000000
vn -0.933583 -0.358360 0.000000
vn -0.933580 -0.358368 0.000000
vn -0.933579 -0.358372 0.000000
vn -0.933578 -0.358373 0.000000
vn -0.933578 -0.358373 0.000000
vn -0.933577 -0.358376 0.000000
vn -0.933577 -0.358376 0.000000
vn -0.933577 -0.358376 0.000000
vn -0.933577 -0.358376 0.000000
vn -0.933581 -0.358367 0.000000
vn -0.933580 -0.358370 0.000000
vn -0.933580 -0.358370 0.000000
vn -0.933581 -0.358367 0.000000
vn -0.933583 -0.358362 0.000000
vn -0.933578 -0.358374 0.000000
vn -0.933578 -0.358374 0.000000
vn -0.933583 -0.358362 0.000000
vn -0.933583 -0.358362 0.000000
vn -0.933581 -0.358366 0.000000
vn -0.933581 -0.358366 0.000000
vn -0.933583 -0.358362 0.000000
vn -0.933580 -0.358369 0.000000
vn -0.933579 -0.358371 0.000000
vn -0.933579 -0.358371 0.000000
vn -0.933580 -0.358369 0.000000
vn -0.933584 -0.358359 0.000000
vn -0.933579 -0.358371 0.000000
vn -0.933579 -0.358371 0.000000
vn -0.933584 -0.358359 0.000000
vn -0.933568 -0.358402 0.000000
vn -0.933581 -0.358367 0.000000
vn -0.933581 -0.358367 0.000000
vn -0.933568 -0.358402 0.000000
vn -0.933584 -0.358358 0.000000
vn -0.933578 -0.358374 0.000000
vn -0.933578 -0.358374 0.000000
vn -0.933584 -0.358358 0.000000
vn -0.933582 -0.358365 0.000000
vn -0.933579 -0.358371 0.000000
vn -0.933579 -0.358371 0.000000
vn -0.933582 -0.358365 0.000000
vn -0.933583 -0.358362 0.000000
vn -0.933579 -0.358371 0.000000
vn -0.933579 -0.358371 0.000000
vn -0.933583 -0.358362 0.000000
vn -0.933584 -0.358360 0.000000
vn -0.933580 -0.358369 0.000000
vn -0.933580 -0.358369 0.000000
vn -0.933584 -0.358360 0.000000
vn -0.933579 -0.358371 -0.000018
vn -0.933582 -0.358364 -0.000008
vn -0.933582 -0.358364 -0.000008
vn -0.933579 -0.358371 -0.000018
vn -0.933582 -0.358364 0.000000
vn -0.933580 -0.358368 0.000000
vn -0.933580 -0.358368 0.000000
vn -0.933582 -0.358364 0.000000
vn -0.933582 -0.358364 0.000012
vn -0.933582 -0.358363 0.000012
vn -0.933582 -0.358363 0.000012
vn -0.933582 -0.358364 0.000012
vn -0.933584 -0.358358 0.000000
vn -0.933578 -0.358375 0.000000
vn -0.933578 -0.358375 0.000000
vn -0.933584 -0.358358 0.000000
vn -0.933583 -0.358362 0.000000
vn -0.933578 -0.358374 0.000000
vn -0.933578 -0.358374 0.000000
vn -0.933583 -0.358362 0.000000
vn -0.003206 0.000249 -0.999995
vn -0.003206 0.000249 -0.999995
vn -0.001603 0.000124 -0.999999
vn -0.001603 0.000124 -0.999999
vn -0.357882 0.933767 0.000000
vn -0.357882 0.933767 0.000000
vn -0.357872 0.933771 0.000000
vn -0.357872 0.933771 0.000000
vn -0.357852 0.933778 0.000000
vn -0.357852 0.933778 0.000000
vn -0.357848 0.933780 0.000000
vn -0.357848 0.933780 0.000000
vn 0.000000 0.000000 1.000000
vn 0.000000 0.000000 1.000000
vn 0.000000 0.000000 1.000000
vn 0.000000 0.000000 1.000000
vn -0.357859 0.933776 0.000000
vn -0.357859 0.933776 0.000000
vn -0.933579 -0.358371 0.000000
vn -0.933579 -0.358371 0.000000
vn -0.933578 -0.358373 0.000000
vn -0.933578 -0.358373 0.000000
vn -0.933578 -0.358375 0.000000
vn -0.933578 -0.358376 0.000000
vn -0.933558 -0.358426 0.000000
vn -0.933558 -0.358426 0.000000
vn -0.933558 -0.358426 0.000000
vn -0.933558 -0.358426 0.000000
vn -0.933577 -0.358376 0.000000
vn -0.933577 -0.358376 0.000000
vn -0.933581 -0.358368 0.000000
vn -0.933581 -0.358368 0.000000
vn -0.933578 -0.358374 0.000000
vn -0.933578 -0.358374 0.000000
vn -0.933581 -0.358367 0.000000
vn -0.933581 -0.358367 0.000000
vn -0.933578 -0.358375 0.000000
vn -0.933578 -0.358375 0.000000
vn -0.933581 -0.358368 0.000000
vn -0.933581 -0.358368 0.000000
vn -0.933578 -0.358374 0.000000
vn -0.933578 -0.358374 0.000000
vn -0.933581 -0.358367 0.000000
vn -0.933581 -0.358367 0.000000
vn -0.933577 -0.358377 0.000000
vn -0.933577 -0.358377 0.000000
vn -0.933580 -0.358370 0.000000
vn -0.933580 -0.358370 0.000000
vn -0.933581 -0.358368 -0.000010
vn -0.933581 -0.358368 -0.000010
vn -0.933583 -0.358362 0.000000
vn -0.933581 -0.358366 0.000000
vn -0.933581 -0.358366 0.000000
vn -0.933583 -0.358362 0.000000
vn -0.933582 -0.358363 -0.000007
vn -0.933582 -0.358363 -0.000007
vn -0.933575 -0.358382 0.000000
vn -0.933575 -0.358382 0.000000
vn -0.933577 -0.358378 0.000000
vn -0.933577 -0.358378 0.000000
vn -0.933581 -0.358366 0.000000
vn -0.933581 -0.358366 0.000000
vn -0.933581 -0.358367 0.000000
vn -0.933581 -0.358367 0.000000
vn -0.933581 -0.358366 0.000000
vn -0.933583 -0.358362 0.000000
vn -0.933619 -0.358267 0.000000
vn -0.933619 -0.358267 0.000000
vn -0.933619 -0.358267 0.000000
vn -0.933619 -0.358267 0.000000
vn -0.933580 -0.358368 0.000000
vn -0.933580 -0.358368 0.000000
vn -0.933581 -0.358367 0.000000
vn -0.933581 -0.358367 0.000000
vn -0.933581 -0.358367 0.000000
vn -0.933581 -0.358367 0.000000
vn -0.933581 -0.358367 0.000000
vn -0.933581 -0.358367 0.000000
vn -0.933582 -0.358363 0.000000
vn -0.933582 -0.358363 0.000000
vn -0.933580 -0.358369 0.000000
vn -0.933580 -0.358369 0.000000
vn -0.933583 -0.358362 0.000000
vn -0.933583 -0.358362 0.000000
vn -0.933578 -0.358375 0.000000
vn -0.933578 -0.358375 0.000000
vn -0.933580 -0.358369 0.000000
vn -0.933580 -0.358369 0.000000
vn -0.933582 -0.358364 0.000000
vn -0.933582 -0.358364 0.000000
vn -0.933582 -0.358365 0.000000
vn -0.933582 -0.358365 0.000000
vn -0.933575 -0.358383 0.000000
vn -0.933575 -0.358383 0.000000
vn -0.933581 -0.358368 -0.000018
vn -0.933581 -0.358368 -0.000018
vn -0.933582 -0.358365 0.000000
vn -0.933582 -0.358365 0.000000
vn -0.933582 -0.358365 0.000000
vn -0.933582 -0.358365 0.000000
vn -0.933580 -0.358368 0.000000
vn -0.933580 -0.358368 0.000000
vn -0.933580 -0.358368 0.000000
vn -0.933580 -0.358368 0.000000
vn -0.933580 -0.358369 0.000000
vn -0.933580 -0.358369 0.000000
vn -0.933583 -0.358361 0.000000
vn -0.933583 -0.358361 0.000000
vn -0.933580 -0.358369 0.000000
vn -0.933581 -0.358365 0.000000
vn -0.933549 -0.358450 0.000000
vn -0.933549 -0.358450 0.000000
vn -0.933549 -0.358450 0.000000
vn -0.933549 -0.358450 0.000000
vn -0.933582 -0.358364 0.000000
vn -0.933582 -0.358364 0.000000
vn -0.933576 -0.358378 0.000000
vn -0.933576 -0.358378 0.000000
vn -0.933579 -0.358372 0.000000
vn -0.933579 -0.358372 0.000000
vn -0.933581 -0.358367 0.000000
vn -0.933581 -0.358367 0.000000
vn -0.933582 -0.358365 0.000000
vn -0.933582 -0.358365 0.000000
vn -0.933576 -0.358380 0.000000
vn -0.933576 -0.358380 0.000000
vn -0.933581 -0.358366 0.000000
vn -0.933581 -0.358366 0.000000
vn -0.933575 -0.358382 0.000000
vn -0.933575 -0.358382 0.000000
vn -0.933581 -0.358366 0.000000
vn -0.933581 -0.358366 0.000000
vn -0.933580 -0.358370 0.000000
vn -0.933580 -0.358370 0.000000
vn -0.933580 -0.358369 0.000000
vn -0.933580 -0.358369 0.000000
vn -0.933580 -0.358369 0.000000
vn -0.933580 -0.358369 0.000000
vn -0.933580 -0.358369 -0.000011
vn -0.933580 -0.358369 -0.000011
vn -0.933588 -0.358348 0.000000
vn -0.933582 -0.358364 0.000000
vn -0.933582 -0.358364 0.000000
vn -0.933588 -0.358348 0.000000
vn -0.933587 -0.358350 0.000000
vn -0.933575 -0.358382 0.000000
vn -0.933575 -0.358382 0.000000
vn -0.933587 -0.358350 0.000000
vn -0.933578 -0.358374 0.000014
vn -0.933575 -0.358383 0.000036
vn -0.933580 -0.358370 -0.000003
vn -0.933581 -0.358366 -0.000002
vn -0.933581 -0.358366 -0.000001
vn -0.933585 -0.358355 0.000000
vn -0.933584 -0.358359 0.000000
vn -0.933584 -0.358359 0.000002
vn -0.933577 -0.358376 0.000002
vn -0.933578 -0.358374 0.000000
vn -0.933574 -0.358386 0.000000
vn -0.933577 -0.358376 0.000000
vn -0.933570 -0.358395 0.000000
vn -0.000024 0.000000 -1.000000
vn -0.000024 0.000000 -1.000000
vn -0.252597 0.660454 -0.707104
vn -0.252597 0.660454 -0.707104
vn -0.252597 0.660454 0.707104
vn -0.252597 0.660454 0.707104
vn -0.000024 0.000000 1.000000
vn -0.000024 0.000000 1.000000
vn 0.359688 -0.933073 0.000000
vn 0.359688 -0.933073 0.000000
vn 0.359688 -0.933073 0.000000
vn 0.359688 -0.933073 0.000000
vn -0.000019 0.000000 -1.000000
vn -0.000019 0.000000 -1.000000
vn -0.000019 0.000000 -1.000000
vn -0.000019 0.000000 -1.000000
vn 0.000000 0.000000 1.000000
vn 0.000000 0.000000 1.000000
vn 0.000000 0.000000 1.000000
vn 0.000000 0.000000 1.000000
vn -0.000000 0.000000 -1.000000
vn -0.000000 0.000000 -1.000000
vn -0.933570 -0.358395 0.000000
vn -0.933570 -0.358395 0.000000
vn -0.933564 -0.358410 0.000000
vn -0.933570 -0.358394 0.000000
vn -0.933560 -0.358422 0.000000
vn -0.933560 -0.358422 0.000000
vn 0.000000 0.000000 1.000000
vn 0.000000 0.000000 1.000000
vn -0.933586 -0.358355 0.000000
vn -0.933586 -0.358355 0.000000
vn -0.933582 -0.358363 0.000000
vn -0.933582 -0.358363 0.000000
vn -0.933550 -0.358448 0.000000
vn -0.933550 -0.358448 0.000000
vn -0.933586 -0.358353 0.000000
vn -0.933586 -0.358353 0.000000
vn 0.000000 0.000000 -1.000000
vn 0.000000 0.000000 -1.000000
vn 0.000000 0.000000 -1.000000
vn 0.000000 0.000000 -1.000000
vn 0.000000 0.000000 1.000000
vn 0.000000 0.000000 1.000000
vn 0.000000 0.000000 1.000000
vn 0.000000 0.000000 1.000000
vn 0.000000 0.000000 -1.000000
vn 0.000000 0.000000 -1.000000
vn 0.000000 0.000000 1.000000
vn 0.000000 0.000000 1.000000
vn -0.000007 0.000000 -1.000000
vn -0.000007 0.000000 -1.000000
vn 0.000000 0.000000 1.000000
vn 0.000000 0.000000 1.000000
vn -0.000013 0.000000 -1.000000
vn -0.000013 0.000000 -1.000000
vn 0.000000 0.000000 1.000000
vn 0.000000 0.000000 1.000000
vn 0.357732 -0.933824 0.000000
vn 0.357732 -0.933824 0.000000
vn 0.357732 -0.933824 0.000000
vn 0.357732 -0.933824 0.000000
vn 0.000000 0.000000 -1.000000
vn 0.000000 0.000000 -1.000000
vn 0.000000 0.000000 1.000000
vn 0.000000 0.000000 1.000000
vn 0.000000 0.000000 -1.000000
vn 0.000000 0.000000 -1.000000
vn -0.000005 0.000000 -1.000000
vn -0.000005 0.000000 -1.000000
vn 0.000005 0.000000 1.000000
vn 0.000005 0.000000 1.000000
vn 0.000000 0.000000 1.000000
vn 0.000000 0.000000 1.000000
vn -0.000005 0.000000 -1.000000
vn -0.000005 0.000000 -1.000000
vn 0.000001 0.000000 1.000000
vn 0.000001 0.000000 1.000000
vn 0.000000 0.000000 -1.000000
vn 0.000000 0.000000 -1.000000
vn 0.000003 0.000000 1.000000
vn 0.000003 0.000000 1.000000
vn 0.000000 0.000000 -1.000000
vn 0.000000 0.000000 -1.000000
vn 0.000013 0.000000 1.000000
vn 0.000013 0.000000 1.000000
vn 0.358073 -0.933694 0.000000
vn 0.358073 -0.933694 0.000000
vn 0.358073 -0.933694 0.000000
vn 0.358073 -0.933694 0.000000
vn 0.000000 0.000000 -1.000000
vn 0.000000 0.000000 -1.000000
vn 0.000000 0.000000 1.000000
vn 0.000000 0.000000 1.000000
vn 0.000000 0.000000 -1.000000
vn 0.000000 0.000000 -1.000000
vn 0.000000 0.000000 -1.000000
vn 0.000000 0.000000 -1.000000
vn 0.000005 0.000000 1.000000
vn 0.000005 0.000000 1.000000
vn 0.000000 0.000000 1.000000
vn 0.000000 0.000000 1.000000
vn 0.000000 0.000000 -1.000000
vn 0.000000 0.000000 -1.000000
vn 0.000005 0.000000 1.000000
vn 0.000005 0.000000 1.000000
vn 0.000000 0.000000 -1.000000
vn 0.000000 0.000000 -1.000000
vn 0.000000 0.000000 1.000000
vn 0.000000 0.000000 1.000000
vn 0.000000 0.000000 -1.000000
vn 0.000000 0.000000 -1.000000
vn 0.000000 0.000000 1.000000
vn 0.000000 0.000000 1.000000
vn 0.357728 -0.933826 0.000000
vn 0.357728 -0.933826 0.000000
vn 0.357728 -0.933826 0.000000
vn 0.357728 -0.933826 0.000000
vn 0.000000 0.000000 -1.000000
vn 0.000000 0.000000 -1.000000
vn 0.000000 0.000000 1.000000
vn 0.000000 0.000000 1.000000
vn 0.000000 0.000002 -1.000000
vn 0.000000 0.000002 -1.000000
vn -0.000005 0.000000 -1.000000
vn -0.000005 0.000000 -1.000000
vn -0.000005 0.000000 1.000000
vn -0.000005 0.000000 1.000000
vn -0.000008 0.000000 1.000000
vn -0.000008 0.000000 1.000000
vn -0.000005 0.000000 -1.000000
vn -0.000005 0.000000 -1.000000
vn -0.000005 0.000000 1.000000
vn -0.000005 0.000000 1.000000
vn 0.000000 0.000000 -1.000000
vn 0.000000 0.000000 -1.000000
vn 0.000007 0.000000 1.000000
vn 0.000007 0.000000 1.000000
vn 0.000000 0.000000 -1.000000
vn 0.000000 0.000000 -1.000000
vn 0.000013 0.000000 1.000000
vn 0.000013 0.000000 1.000000
vn 0.357754 -0.933816 0.000000
vn 0.357754 -0.933816 0.000000
vn 0.357754 -0.933816 0.000000
vn 0.357754 -0.933816 0.000000
vn 0.000000 0.000004 -1.000000
vn 0.000000 0.000004 -1.000000
vn -0.000015 0.000000 1.000000
vn -0.000015 0.000000 1.000000
vn -0.933578 -0.358375 0.000000
vn -0.933578 -0.358375 0.000000
vn -0.933578 -0.358375 0.000000
vn -0.933578 -0.358375 0.000000
vn 0.000027 0.000000 -1.000000
vn 0.000027 0.000000 -1.000000
vn 0.000027 0.000000 -1.000000
vn 0.000027 0.000000 -1.000000
vn 0.000000 0.000000 1.000000
vn 0.000000 0.000000 1.000000
vn 0.000000 0.000000 1.000000
vn 0.000000 0.000000 1.000000
vn -0.933582 -0.358365 0.000000
vn -0.933582 -0.358365 0.000000
vn -0.933582 -0.358365 0.000000
vn -0.933582 -0.358365 0.000000
vn -0.933577 -0.358377 0.000000
vn -0.933577 -0.358377 0.000000
vn -0.933577 -0.358377 0.000000
vn -0.933577 -0.358377 0.000000
vn -0.933574 -0.358385 0.000000
vn -0.933574 -0.358385 0.000000
vn -0.933581 -0.358366 0.000000
vn -0.933581 -0.358366 0.000000
vn -0.933580 -0.358368 0.000000
vn -0.933580 -0.358368 0.000000
vn -0.933563 -0.358415 0.000000
vn -0.358295 0.933609 0.000000
vn -0.358295 0.933609 0.000000
vn -0.358295 0.933609 0.000000
vn -0.358295 0.933609 0.000000
vn -0.358308 0.933604 0.000000
vn -0.358308 0.933604 0.000000
vn -0.358308 0.933604 0.000000
vn -0.358308 0.933604 0.000000
vn -0.358292 0.933610 0.000000
vn -0.358292 0.933610 0.000000
vn -0.358292 0.933610 0.000000
vn -0.358292 0.933610 0.000000
vn -0.358277 0.933615 0.000000
vn -0.358277 0.933615 0.000000
vn -0.358277 0.933615 0.000000
vn -0.358277 0.933615 0.000000
vn 0.000062 -0.000162 1.000000
vn 0.000062 -0.000162 1.000000
vn -0.933456 -0.358691 0.000096
vn -0.933409 -0.358813 0.000052
vn -0.933409 -0.358813 0.000052
vn -0.933456 -0.358691 0.000096
vn 0.933009 0.359852 0.000000
vn 0.933058 0.359726 -0.000011
vn 0.933058 0.359726 -0.000011
vn 0.933009 0.359852 0.000000
vn -0.933411 -0.358810 0.000004
vn -0.933432 -0.358753 0.000000
vn -0.933432 -0.358753 0.000000
vn -0.933411 -0.358810 0.000004
vn 0.932981 0.359927 0.000000
vn 0.932981 0.359927 0.000000
vn -0.933405 -0.358825 0.000000
vn -0.933405 -0.358825 0.000000
vn 0.932990 0.359901 0.000000
vn 0.932990 0.359901 0.000000
vn -0.933504 -0.358568 0.000000
vn -0.933504 -0.358568 0.000000
vn 0.932963 0.359972 0.000000
vn 0.932963 0.359972 0.000000
vn -0.933538 -0.358478 0.000000
vn -0.933538 -0.358478 0.000000
vn 0.933003 0.359868 0.000000
vn 0.933003 0.359868 0.000000
vn -0.933472 -0.358651 0.000000
vn -0.933472 -0.358651 0.000000
vn 0.933056 0.359731 0.000000
vn 0.933056 0.359731 0.000000
vn -0.933471 -0.358653 0.000000
vn -0.933471 -0.358653 0.000000
vn -0.933471 -0.358653 0.000000
vn 0.000000 0.000000 -1.000000
vn 0.000000 0.000000 -1.000000
vn -0.933607 -0.358299 0.000000
vn -0.933583 -0.358362 0.000000
vn -0.933559 -0.358425 0.000000
vn -0.933582 -0.358363 0.000000
vn -0.933579 -0.358371 0.000000
vn -0.933578 -0.358375 0.000000
vn -0.933579 -0.358370 0.000000
vn -0.933579 -0.358372 0.000000
vn -0.933583 -0.358360 0.000000
vn 0.358472 -0.933540 -0.000169
vn 0.358472 -0.933540 -0.000169
vn 0.933077 0.359677 -0.000021
vn 0.933077 0.359677 -0.000021
vn 0.358368 -0.933580 -0.000074
vn 0.358368 -0.933580 -0.000074
vn 0.358368 -0.933580 -0.000074
vn 0.358368 -0.933580 -0.000074
vn -0.933605 -0.358305 0.000000
vn -0.933605 -0.358305 0.000000
vn 0.358348 -0.933588 -0.000015
vn 0.358348 -0.933588 -0.000015
vn 0.933582 0.358365 0.000000
vn 0.933579 0.358372 0.000000
vn 0.933581 0.358368 0.000000
vn 0.933581 0.358367 0.000000
vn 0.933577 0.358378 0.000000
vn 0.933578 0.358373 0.000000
vn 0.933578 0.358375 0.000000
vn 0.933579 0.358371 0.000000
vn 0.000068 -0.000162 1.000000
vn 0.000068 -0.000162 1.000000
vn -0.000040 0.000121 -1.000000
vn -0.000040 0.000121 -1.000000
vn -0.000040 0.000121 -1.000000
vn -0.000040 0.000121 -1.000000
vn 0.358467 -0.933542 0.000000
vn 0.358467 -0.933542 0.000000
vn 0.933032 0.359793 0.000000
vn 0.933032 0.359793 0.000000
vn 0.358365 -0.933582 0.000000
vn 0.358365 -0.933582 0.000000
vn 0.358365 -0.933582 0.000000
vn 0.358365 -0.933582 0.000000
vn -0.933532 -0.358495 0.000000
vn -0.933532 -0.358495 0.000000
vn 0.358442 -0.933552 0.000000
vn 0.358442 -0.933552 0.000000
vn 0.934096 0.357021 0.000000
vn 0.934096 0.357021 0.000000
vn 0.934096 0.357021 0.000000
vn 0.934096 0.357021 0.000000
vn 0.000011 0.000000 1.000000
vn 0.000011 0.000000 1.000000
vn 0.000011 0.000000 1.000000
vn 0.000011 0.000000 1.000000
vn -0.933479 -0.358632 0.000000
vn -0.933479 -0.358632 0.000000
vn -0.933479 -0.358632 0.000000
vn -0.933479 -0.358632 0.000000
vn 0.000006 0.000000 -1.000000
vn 0.000006 0.000000 -1.000000
vn -0.000000 0.000000 1.000000
vn -0.000000 0.000000 1.000000
vn -0.000000 0.000000 1.000000
vn -0.000000 0.000000 1.000000
vn -0.000000 0.000000 1.000000
vn -0.000000 0.000000 1.000000
vn -0.000000 0.000000 1.000000
vn -0.000000 0.000000 1.000000
vn -0.000000 0.000000 1.000000
vn -0.000000 0.000000 1.000000
vn -0.000000 0.000000 1.000000
vn -0.000000 0.000000 1.000000
vn -0.000000 0.000000 1.000000
vn -0.000000 0.000000 1.000000
vn -0.000000 0.000000 1.000000
vn -0.000000 0.000000 1.000000
vn -0.000000 0.000000 1.000000
vn -0.000000 0.000000 1.000000
vn -0.000000 0.000000 1.000000
vn -0.000000 0.000000 1.000000
vn -0.000000 0.000000 1.000000
vn -0.000000 0.000000 1.000000
vn -0.000000 0.000000 1.000000
vn -0.000000 0.000000 1.000000
vn -0.000000 0.000000 1.000000
vn -0.000000 0.000000 1.000000
vn -0.000000 0.000000 1.000000
vn -0.000000 0.000000 1.000000
vn -0.000000 0.000000 1.000000
vn -0.000000 0.000000 1.000000
vn -0.000000 0.000000 1.000000
vn -0.000000 0.000000 1.000000
vn -0.000000 0.000000 1.000000
vn -0.000000 0.000000 1.000000
vn -0.000000 0.000000 1.000000
vn -0.000000 0.000000 1.000000
vn -0.000000 0.000000 1.000000
vn -0.000000 0.000000 1.000000
vn -0.000000 0.000000 1.000000
vn -0.000000 0.000000 1.000000
vn -0.000000 0.000000 1.000000
vn -0.000000 0.000000 1.000000
vn -0.000000 0.000000 1.000000
vn -0.358822 0.933406 0.000000
vn -0.358829 0.933403 0.000000
vn -0.358829 0.933403 0.000000
vn -0.358822 0.933406 0.000000
vn 0.000001 0.000000 -1.000000
vn 0.000001 0.000000 -1.000000
vn 0.000001 0.000000 -1.000000
vn 0.000001 0.000000 -1.000000
vn 0.359260 -0.933237 0.000000
vn 0.359260 -0.933237 0.000000
vn 0.359260 -0.933237 0.000000
vn 0.359260 -0.933237 0.000000
vn -0.358814 0.933409 0.000000
vn -0.358814 0.933409 0.000000
vn 0.359260 -0.933238 0.000000
vn 0.359260 -0.933238 0.000000
vn 0.000000 -0.000000 1.000000
vn 0.000000 -0.000000 1.000000
vn 0.000000 -0.000000 1.000000
vn 0.000000 -0.000000 1.000000
vn 0.000000 -0.000000 1.000000
vn 0.000000 -0.000000 1.000000
vn 0.000000 -0.000000 1.000000
vn 0.000000 0.000000 1.000000
vn 0.000000 0.000000 1.000000
vn 0.000000 0.000000 1.000000
vn 0.000000 0.000000 1.000000
vn 0.000002 0.000000 1.000000
vn 0.000002 0.000000 1.000000
vn 0.000002 0.000000 1.000000
vn 0.000002 0.000000 1.000000
vn 0.000000 0.000000 1.000000
vn 0.000000 0.000000 1.000000
vn 0.000000 0.000000 1.000000
vn 0.000000 0.000000 1.000000
vn 0.000001 0.000000 1.000000
vn 0.000001 0.000000 1.000000
vn 0.000001 0.000000 1.000000
vn 0.000001 0.000000 1.000000
vn 0.000000 0.000000 1.000000
vn 0.000000 0.000000 1.000000
vn 0.000000 0.000000 1.000000
vn 0.000000 0.000000 1.000000
vn 0.000005 0.000000 1.000000
vn 0.000005 0.000000 1.000000
vn 0.000005 0.000000 1.000000
vn 0.000005 0.000000 1.000000
vn -0.000001 0.000000 1.000000
vn -0.000001 0.000000 1.000000
vn -0.000001 0.000000 1.000000
vn -0.000001 0.000000 1.000000
vn 0.000002 0.000000 1.000000
vn 0.000002 0.000000 1.000000
vn 0.000002 0.000000 1.000000
vn 0.000002 0.000000 1.000000
vn 0.000002 0.000000 1.000000
vn 0.000002 0.000000 1.000000
vn 0.000000 0.000000 1.000000
vn 0.000000 0.000000 1.000000
vn 0.000000 0.000000 1.000000
vn 0.000000 0.000000 1.000000
vn 0.000000 0.000000 1.000000
vn 0.000000 0.000000 1.000000
vn 0.000000 0.000000 1.000000
vn 0.000000 0.000000 1.000000
vn 0.000001 0.000000 1.000000
vn 0.000001 0.000000 1.000000
vn 0.000001 0.000000 1.000000
vn 0.000001 0.000000 1.000000
vn 0.000001 0.000000 1.000000
vn 0.000001 0.000000 1.000000
vn 0.000001 0.000000 1.000000
vn 0.000001 0.000000 1.000000
vn -0.000001 0.000000 1.000000
vn -0.000001 0.000000 1.000000
vn -0.000001 0.000000 1.000000
vn -0.000001 0.000000 1.000000
vn 0.000000 0.000000 1.000000
vn 0.000000 0.000000 1.000000
vn 0.000000 0.000000 1.000000
vn 0.000000 0.000000 1.000000
vn -0.000002 0.000000 1.000000
vn -0.000002 0.000000 1.000000
vn -0.000002 0.000000 1.000000
vn -0.000002 0.000000 1.000000
vn -0.000001 0.000000 1.000000
vn -0.000001 0.000000 1.000000
vn -0.000001 0.000000 1.000000
vn -0.000001 0.000000 1.000000
vn 0.000000 0.000000 1.000000
vn 0.000000 0.000000 1.000000
vn 0.000000 0.000000 1.000000
vn 0.000000 0.000000 1.000000
vn 0.358422 -0.933560 0.000000
vn 0.358422 -0.933560 0.000000
vn 0.358333 -0.933594 0.000058
vn 0.358333 -0.933594 0.000058
vn 0.358318 -0.933600 0.000058
vn 0.358381 -0.933576 0.000000
vn 0.358381 -0.933576 0.000000
vn 0.358318 -0.933600 0.000058
vn 0.358351 -0.933587 0.000000
vn 0.358360 -0.933584 0.000000
vn 0.358360 -0.933584 0.000000
vn 0.358351 -0.933587 0.000000
vn 0.358326 -0.933597 0.000000
vn 0.358400 -0.933568 0.000000
vn 0.358400 -0.933568 0.000000
vn 0.358326 -0.933597 0.000000
vn 0.358398 -0.933569 0.000000
vn 0.358353 -0.933586 0.000000
vn 0.358353 -0.933586 0.000000
vn 0.358398 -0.933569 0.000000
vn 0.358434 -0.933555 0.000000
vn 0.358434 -0.933555 0.000000
vn 0.358355 -0.933585 0.000000
vn 0.358322 -0.933598 0.000000
vn 0.358322 -0.933598 0.000000
vn 0.358355 -0.933585 0.000000
vn 0.358363 -0.933582 0.000000
vn 0.358308 -0.933603 0.000000
vn 0.358308 -0.933603 0.000000
vn 0.358363 -0.933582 0.000000
vn 0.358415 -0.933563 0.000000
vn 0.358415 -0.933563 0.000000
vn 0.358316 -0.933600 0.000000
vn 0.358316 -0.933600 0.000000
vn 0.358404 -0.933566 0.000000
vn 0.358404 -0.933566 0.000000
vn -0.000002 -0.000000 1.000000
vn -0.000002 -0.000000 1.000000
vn -0.000002 -0.000000 1.000000
vn -0.000002 -0.000000 1.000000
vn 0.000000 0.000000 1.000000
vn 0.000001 0.000000 1.000000
vn 0.000001 0.000000 1.000000
vn 0.000000 0.000000 1.000000
vn 0.000001 0.000000 1.000000
vn 0.000002 0.000000 1.000000
vn 0.000002 0.000000 1.000000
vn 0.000001 0.000000 1.000000
vn 0.000000 0.000000 1.000000
vn -0.000001 0.000000 1.000000
vn -0.000001 0.000000 1.000000
vn 0.000000 0.000000 1.000000
vn 0.000001 0.000000 1.000000
vn -0.000003 0.000000 1.000000
vn -0.000003 0.000000 1.000000
vn 0.000001 0.000000 1.000000
vn 0.000003 0.000000 1.000000
vn 0.000003 0.000000 1.000000
vn 0.000000 0.000000 1.000000
vn 0.000002 0.000000 1.000000
vn 0.000002 0.000000 1.000000
vn 0.000000 0.000000 1.000000
vn 0.000001 0.000000 1.000000
vn 0.000002 0.000000 1.000000
vn 0.000002 0.000000 1.000000
vn 0.000001 0.000000 1.000000
vn -0.000001 0.000000 1.000000
vn -0.000001 0.000000 1.000000
vn 0.000002 0.000000 1.000000
vn 0.000002 0.000000 1.000000
vn -0.000000 0.000000 1.000000
vn -0.000000 0.000000 1.000000
vn -0.358315 0.933601 -0.000081
vn -0.358311 0.933602 -0.000029
vn -0.358318 0.933600 -0.000058
vn -0.358284 0.933613 -0.000161
vn -0.358355 0.933585 -0.000104
vn -0.358444 0.933551 0.000044
vn -0.358449 0.933549 0.000022
vn -0.358391 0.933572 -0.000052
vn -0.358416 0.933562 0.000000
vn -0.358237 0.933631 -0.000041
vn -0.358237 0.933631 -0.000041
vn -0.358416 0.933562 0.000000
vn -0.358527 0.933520 0.000000
vn -0.358388 0.933573 0.000000
vn -0.358387 0.933573 0.000000
vn -0.358530 0.933518 0.000000
vn -0.358320 0.933599 -0.000027
vn -0.358551 0.933510 0.000000
vn -0.358551 0.933510 0.000000
vn -0.358320 0.933599 -0.000027
vn -0.358314 0.933601 0.000017
vn -0.358335 0.933593 0.000012
vn -0.358398 0.933569 0.000000
vn -0.358427 0.933558 0.000000
vn -0.358420 0.933560 0.000000
vn -0.358397 0.933569 0.000000
vn -0.358366 0.933581 0.000000
vn -0.358342 0.933591 0.000000
vn -0.358334 0.933593 0.000000
vn -0.358367 0.933581 0.000000
vn -0.358384 0.933574 -0.000041
vn -0.358389 0.933572 -0.000027
vn -0.358353 0.933586 0.000000
vn -0.358347 0.933588 0.000000
vn -0.358392 0.933571 0.000000
vn -0.358392 0.933571 0.000000
vn -0.358388 0.933573 0.000000
vn -0.358347 0.933588 0.000000
vn -0.358333 0.933594 0.000000
vn -0.358368 0.933581 0.000000
vn -0.358391 0.933572 0.000000
vn -0.358394 0.933570 0.000000
vn -0.358263 0.933621 0.000000
vn -0.358364 0.933582 0.000000
vn -0.358364 0.933582 0.000000
vn -0.358263 0.933621 0.000000
vn -0.358342 0.933590 0.000000
vn -0.358282 0.933614 0.000000
vn -0.358448 0.933550 0.000000
vn -0.358424 0.933559 0.000000
vn -0.358313 0.933601 0.000000
vn -0.358314 0.933601 0.000000
vn -0.358251 0.933626 0.000000
vn -0.358252 0.933625 0.000000
vn -0.358378 0.933577 0.000000
vn -0.358454 0.933547 0.000000
vn -0.358428 0.933557 0.000000
vn -0.358347 0.933589 0.000000
vn -0.358307 0.933604 0.000000
vn -0.358388 0.933573 0.000000
vn -0.358531 0.933518 0.000000
vn 0.000001 0.000000 -1.000000
vn 0.000000 0.000000 -1.000000
vn 0.000000 0.000000 -1.000000
vn 0.000001 0.000000 -1.000000
vn -0.933580 -0.358368 0.000000
vn -0.933578 -0.358374 0.000000
vn -0.933578 -0.358374 0.000000
vn -0.933580 -0.358368 0.000000
vn 0.000000 0.000000 -1.000000
vn 0.000000 0.000000 -1.000000
vn -0.000001 0.000000 -1.000000
vn -0.000001 0.000000 -1.000000
vn 0.000000 0.000000 -1.000000
vn 0.000000 0.000000 -1.000000
vn 0.000000 0.000000 -1.000000
vn 0.000000 0.000000 -1.000000
vn 0.933584 0.358359 0.000000
vn 0.933584 0.358359 0.000000
vn 0.933584 0.358359 0.000000
vn 0.933584 0.358359 0.000000
vn -0.358353 0.933586 0.000000
vn -0.358340 0.933591 0.000000
vn -0.358367 0.933581 0.000000
vn -0.358389 0.933572 0.000000
vn -0.358390 0.933572 0.000000
vn -0.933576 -0.358380 0.000000
vn -0.933576 -0.358380 0.000000
vn -0.358365 0.933582 0.000000
vn -0.358263 0.933621 0.000000
vn -0.358161 0.933660 0.000000
vn -0.358238 0.933630 0.000000
vn -0.358238 0.933630 0.000000
vn -0.358238 0.933630 0.000000
vn -0.358238 0.933630 0.000000
vn -0.358375 0.933578 0.000000
vn -0.358314 0.933601 0.000000
vn -0.358253 0.933625 0.000000
vn 0.933584 0.358359 0.000000
vn 0.933584 0.358359 0.000000
vn -0.358380 0.933576 0.000000
vn -0.358455 0.933547 0.000000
vn -0.358429 0.933557 0.000000
vn -0.358348 0.933588 0.000000
vn -0.358310 0.933603 0.000000
vn -0.358390 0.933572 0.000000
vn -0.358530 0.933518 0.000000
vn 0.000000 0.000000 -1.000000
vn 0.000000 0.000000 -1.000000
vn 0.000000 0.000000 -1.000000
vn 0.000000 0.000000 -1.000000
vn -0.933914 -0.357498 0.000000
vn -0.933914 -0.357498 0.000000
vn -0.933914 -0.357498 0.000000
vn -0.933914 -0.357498 0.000000
vn 0.933530 0.358499 0.000000
vn 0.933530 0.358499 0.000000
vn 0.933530 0.358499 0.000000
vn 0.933530 0.358499 0.000000
vn 0.358228 -0.933634 0.000000
vn 0.358228 -0.933634 0.000000
vn 0.358228 -0.933634 0.000000
vn 0.358228 -0.933634 0.000000
vn -0.006876 0.017919 -0.999816
vn -0.006876 0.017919 -0.999816
vn -0.006876 0.017919 -0.999816
vn -0.006876 0.017919 -0.999816
vn -0.358265 0.933620 0.000000
vn -0.358265 0.933620 0.000000
vn -0.358265 0.933620 0.000000
vn -0.358265 0.933620 0.000000
vn -0.000004 0.000000 1.000000
vn -0.000004 0.000000 1.000000
vn -0.000004 0.000000 1.000000
vn -0.000004 0.000000 1.000000
vn -0.000027 0.000000 1.000000
vn -0.000027 0.000000 1.000000
vn -0.000027 0.000000 1.000000
vn -0.000027 0.000000 1.000000
vn -0.355681 0.934608 0.000000
vn -0.355681 0.934608 0.000000
vn -0.355681 0.934608 0.000000
vn -0.355681 0.934608 0.000000
vn -0.007623 0.019852 -0.999774
vn -0.007623 0.019852 -0.999774
vn -0.007623 0.019852 -0.999774
vn -0.007623 0.019852 -0.999774
vn 0.360748 -0.932663 0.000000
vn 0.360748 -0.932663 0.000000
vn 0.360748 -0.932663 0.000000
vn 0.360748 -0.932663 0.000000
vn 0.358359 -0.933584 0.000000
vn 0.358361 -0.933583 0.000000
vn 0.358361 -0.933583 0.000000
vn 0.358359 -0.933584 0.000000
vn -0.043408 -0.016665 0.998918
vn -0.043409 -0.016665 0.998918
vn -0.043409 -0.016665 0.998918
vn -0.043408 -0.016665 0.998918
vn 0.358357 -0.933584 0.000000
vn 0.358357 -0.933584 0.000000
vn 0.000001 0.000000 1.000000
vn 0.000001 0.000000 1.000000
vn -0.000004 0.000000 1.000000
vn -0.000003 0.000000 1.000000
vn -0.000003 0.000000 1.000000
vn -0.000004 0.000000 1.000000
vn 0.000003 0.000001 -1.000000
vn 0.000005 0.000000 -1.000000
vn 0.000005 0.000000 -1.000000
vn 0.000003 0.000001 -1.000000
vn 0.000001 0.000000 1.000000
vn -0.000001 0.000000 1.000000
vn -0.000001 0.000000 1.000000
vn 0.000001 0.000000 1.000000
vn -0.000001 0.000000 -1.000000
vn -0.000007 0.000000 -1.000000
vn -0.000007 0.000000 -1.000000
vn -0.000001 0.000000 -1.000000
vn 0.357959 -0.933737 0.000000
vn 0.357959 -0.933737 0.000000
vn 0.357959 -0.933737 0.000000
vn 0.357959 -0.933737 0.000000
vn 0.000004 0.000000 1.000000
vn 0.000004 0.000000 1.000000
vn 0.000004 0.000000 -1.000000
vn 0.000004 0.000000 -1.000000
vn 0.000003 0.000000 1.000000
vn 0.000003 0.000000 1.000000
vn 0.000006 0.000000 -1.000000
vn 0.000006 0.000000 -1.000000
vn 0.000000 0.000000 1.000000
vn 0.000000 0.000000 1.000000
vn 0.000000 0.000000 1.000000
vn 0.000000 0.000000 1.000000
vn 0.000000 0.000000 1.000000
vn 0.358391 -0.933572 0.000000
vn 0.358385 -0.933574 0.000000
vn 0.358385 -0.933574 0.000000
vn 0.358391 -0.933572 0.000000
vn 0.000000 0.000000 1.000000
vn 0.000000 0.000000 1.000000
vn -0.000004 0.000000 -1.000000
vn -0.000006 0.000001 -1.000000
vn -0.000006 0.000001 -1.000000
vn -0.000004 0.000000 -1.000000
vn -0.000007 0.000000 1.000000
vn -0.000001 0.000000 1.000000
vn -0.000001 0.000000 1.000000
vn -0.000007 0.000000 1.000000
vn 0.358507 -0.933527 0.000000
vn 0.358507 -0.933527 0.000000
vn 0.358507 -0.933527 0.000000
vn 0.358507 -0.933527 0.000000
vn -0.000003 0.000000 -1.000000
vn 0.000001 0.000000 -1.000000
vn 0.000001 0.000000 -1.000000
vn -0.000003 0.000000 -1.000000
vn 0.000002 0.000000 1.000000
vn 0.000001 0.000000 1.000000
vn 0.000001 0.000000 1.000000
vn 0.000002 0.000000 1.000000
vn 0.000001 0.000000 -1.000000
vn 0.000001 0.000000 -1.000000
vn 0.000003 0.000000 1.000000
vn 0.000003 0.000000 1.000000
vn 0.933580 0.358369 0.000010
vn 0.933582 0.358364 0.000000
vn 0.933580 0.358369 0.000000
vn -0.358058 0.933699 0.000000
vn -0.358058 0.933699 0.000000
vn -0.358463 0.933544 0.000000
vn -0.358463 0.933544 0.000000
vn -0.358372 0.933579 0.000000
vn -0.358372 0.933579 0.000000
vn -0.358357 0.933585 0.000000
vn -0.358357 0.933585 0.000000
vn -0.358483 0.933536 0.000000
vn -0.358483 0.933536 0.000000
vn -0.358360 0.933583 -0.000037
vn -0.358360 0.933583 -0.000037
vn -0.358363 0.933582 -0.000100
vn -0.358363 0.933582 -0.000100
vn -0.358262 0.933621 0.000000
vn -0.358262 0.933621 0.000000
vn -0.358361 0.933583 0.000020
vn -0.358380 0.933576 -0.000095
vn -0.358380 0.933576 -0.000095
vn -0.358361 0.933583 0.000020
vn -0.358196 0.933646 -0.000340
vn -0.358196 0.933646 -0.000340
vn -0.358546 0.933512 -0.000315
vn -0.358546 0.933512 -0.000315
vn -0.358383 0.933574 0.000000
vn -0.358383 0.933574 0.000000
vn -0.358319 0.933599 -0.000076
vn -0.358319 0.933599 -0.000076
vn -0.358387 0.933573 -0.000055
vn -0.358387 0.933573 -0.000055
vn -0.358373 0.933578 0.000000
vn -0.358373 0.933578 0.000000
vn -0.357853 0.933778 0.000000
vn -0.357853 0.933778 0.000000
vn -0.358370 0.933580 0.000272
vn -0.358370 0.933580 0.000272
vn -0.358248 0.933626 -0.000244
vn -0.358248 0.933626 -0.000244
vn -0.358819 0.933407 0.000000
vn -0.358565 0.933505 -0.000038
vn -0.358565 0.933505 -0.000038
vn -0.358316 0.933600 0.000214
vn -0.358316 0.933600 0.000214
vn -0.358005 0.933720 0.000172
vn -0.358005 0.933720 0.000172
vn -0.359208 0.933258 0.000108
vn -0.359208 0.933258 0.000108
vn -0.358310 0.933603 0.000059
vn -0.358310 0.933603 0.000059
vn -0.358404 0.933567 0.000068
vn -0.358404 0.933567 0.000068
vn -0.358336 0.933593 0.000000
vn -0.358336 0.933593 0.000000
vn -0.358336 0.933593 0.000000
vn -0.358209 0.933641 0.000000
vn -0.358209 0.933641 0.000000
vn -0.358209 0.933641 0.000000
vn -0.358209 0.933641 0.000000
vn -0.358354 0.933586 0.000105
vn -0.358354 0.933586 0.000105
vn -0.358354 0.933586 0.000105
vn -0.358304 0.933605 0.000005
vn -0.358304 0.933605 0.000005
vn -0.358304 0.933605 0.000005
vn -0.358304 0.933605 0.000005
vn -0.358299 0.933607 -0.000023
vn -0.358299 0.933607 -0.000023
vn -0.358299 0.933607 -0.000023
vn -0.358299 0.933607 -0.000023
vn -0.358342 0.933590 0.000136
vn -0.358342 0.933590 0.000136
vn -0.000005 0.000000 1.000000
vn -0.000005 0.000000 1.000000
vn -0.000005 0.000000 1.000000
vn -0.000005 0.000000 1.000000
vn 0.933664 0.358151 0.000000
vn 0.933664 0.358151 0.000000
vn 0.933664 0.358151 0.000000
vn 0.933664 0.358151 0.000000
vn -0.000015 0.000000 -1.000000
vn -0.000015 0.000000 -1.000000
vn -0.000015 0.000000 -1.000000
vn -0.000015 0.000000 -1.000000
vn -0.933747 -0.357935 0.000000
vn -0.933747 -0.357935 0.000000
vn -0.933747 -0.357935 0.000000
vn -0.933747 -0.357935 0.000000
vn 0.932847 0.360272 0.000000
vn 0.932847 0.360272 0.000000
vn 0.932847 0.360272 0.000000
vn 0.932847 0.360272 0.000000
vn 0.000000 0.000000 -1.000000
vn 0.000000 0.000000 -1.000000
vn 0.000000 0.000000 -1.000000
vn 0.000000 0.000000 -1.000000
vn -0.933336 -0.359003 0.000490
vn -0.933336 -0.359003 0.000490
vn -0.933336 -0.359003 0.000490
vn -0.933336 -0.359003 0.000490
vn -0.000009 0.000000 1.000000
vn -0.000009 0.000000 1.000000
vn -0.000009 0.000000 1.000000
vn -0.000009 0.000000 1.000000
vn 0.933581 0.358367 0.000000
vn 0.933581 0.358367 0.000000
vn 0.933581 0.358367 0.000000
vn 0.933581 0.358367 0.000000
vn 0.000009 0.000000 -1.000000
vn 0.000009 0.000000 -1.000000
vn 0.000009 0.000000 -1.000000
vn 0.000009 0.000000 -1.000000
vn -0.933581 -0.358367 0.000000
vn -0.933581 -0.358367 0.000000
vn -0.933581 -0.358367 0.000000
vn -0.933581 -0.358367 0.000000
vn 0.000009 0.000000 1.000000
vn 0.000009 0.000000 1.000000
vn 0.000009 0.000000 1.000000
vn 0.000009 0.000000 1.000000
vn 0.000005 0.000000 1.000000
vn 0.000005 0.000000 1.000000
vn 0.000005 0.000000 1.000000
vn 0.000005 0.000000 1.000000
vn 0.933664 0.358151 0.000000
vn 0.933664 0.358151 0.000000
vn 0.933664 0.358151 0.000000
vn 0.933664 0.358151 0.000000
vn 0.000005 0.000000 -1.000000
vn 0.000005 0.000000 -1.000000
vn 0.000005 0.000000 -1.000000
vn 0.000005 0.000000 -1.000000
vn -0.933581 -0.358366 0.000000
vn -0.933581 -0.358366 0.000000
vn -0.933581 -0.358366 0.000000
vn -0.933581 -0.358366 0.000000
vn 0.358333 -0.933594 0.000000
vn 0.358333 -0.933594 0.000000
vn 0.358335 -0.933593 0.000000
vn 0.358335 -0.933593 0.000000
vn -0.000000 0.000000 1.000000
vn -0.000000 0.000000 1.000000
vn 0.358359 -0.933584 0.000000
vn 0.358359 -0.933584 0.000000
vn 0.358368 -0.933580 0.000000
vn 0.358368 -0.933580 0.000000
vn 0.000000 0.000000 1.000000
vn 0.000000 0.000000 1.000000
vn 0.000000 0.000000 1.000000
vn 0.000000 0.000000 1.000000
vn -0.358367 0.933581 0.000000
vn -0.358367 0.933581 0.000000
vn -0.358367 0.933581 0.000000
vn -0.358367 0.933581 0.000000
vn 0.000000 0.000000 -1.000000
vn 0.000000 0.000000 -1.000000
vn 0.000000 0.000000 -1.000000
vn 0.000000 0.000000 -1.000000
vn 0.358367 -0.933581 0.000000
vn 0.358367 -0.933581 0.000000
vn 0.358367 -0.933581 0.000000
vn 0.358367 -0.933581 0.000000
vn 0.933582 0.358363 0.000000
vn 0.933582 0.358363 0.000000
vn 0.933582 0.358363 0.000000
vn 0.933582 0.358363 0.000000
vn -0.933565 -0.358409 0.000000
vn -0.933565 -0.358409 0.000000
vn -0.933565 -0.358409 0.000000
vn -0.933565 -0.358409 0.000000
vn -0.000000 0.000000 1.000000
vn -0.000000 0.000000 1.000000
vn -0.000000 0.000000 1.000000
vn -0.000000 0.000000 1.000000
vn -0.358365 0.933582 0.000000
vn -0.358365 0.933582 0.000000
vn -0.358365 0.933582 0.000000
vn -0.358365 0.933582 0.000000
vn -0.000000 -0.000000 -1.000000
vn -0.000000 -0.000000 -1.000000
vn -0.000000 -0.000000 -1.000000
vn -0.000000 -0.000000 -1.000000
vn 0.358365 -0.933582 0.000000
vn 0.358365 -0.933582 0.000000
vn 0.358365 -0.933582 0.000000
vn 0.358365 -0.933582 0.000000
vn 0.933584 0.358359 0.000000
vn 0.933584 0.358359 0.000000
vn 0.933584 0.358359 0.000000
vn 0.933584 0.358359 0.000000
vn -0.933565 -0.358409 0.000000
vn -0.933565 -0.358409 0.000000
vn -0.933565 -0.358409 0.000000
vn -0.933565 -0.358409 0.000000
vn 0.000000 0.000000 1.000000
vn 0.000000 0.000000 1.000000
vn 0.000000 0.000000 1.000000
vn 0.000000 0.000000 1.000000
vn -0.358369 0.933580 0.000000
vn -0.358369 0.933580 0.000000
vn -0.358369 0.933580 0.000000
vn -0.358369 0.933580 0.000000
vn -0.000000 0.000000 -1.000000
vn -0.000000 0.000000 -1.000000
vn -0.000000 0.000000 -1.000000
vn -0.000000 0.000000 -1.000000
vn 0.358369 -0.933580 0.000000
vn 0.358369 -0.933580 0.000000
vn 0.358369 -0.933580 0.000000
vn 0.358369 -0.933580 0.000000
vn 0.933584 0.358359 0.000000
vn 0.933584 0.358359 0.000000
vn 0.933584 0.358359 0.000000
vn 0.933584 0.358359 0.000000
vn -0.933566 -0.358404 0.000000
vn -0.933566 -0.358404 0.000000
vn -0.933566 -0.358404 0.000000
vn -0.933566 -0.358404 0.000000
vn 0.000000 0.000000 1.000000
vn 0.000000 0.000000 1.000000
vn 0.000000 0.000000 1.000000
vn 0.000000 0.000000 1.000000
vn -0.358367 0.933581 0.000000
vn -0.358367 0.933581 0.000000
vn -0.358367 0.933581 0.000000
vn -0.358367 0.933581 0.000000
vn 0.000000 0.000000 -1.000000
vn 0.000000 0.000000 -1.000000
vn 0.000000 0.000000 -1.000000
vn 0.000000 0.000000 -1.000000
vn 0.358367 -0.933581 0.000000
vn 0.358367 -0.933581 0.000000
vn 0.358367 -0.933581 0.000000
vn 0.358367 -0.933581 0.000000
vn 0.933582 0.358363 0.000000
vn 0.933582 0.358363 0.000000
vn 0.933582 0.358363 0.000000
vn 0.933582 0.358363 0.000000
vn -0.933565 -0.358409 0.000000
vn -0.933565 -0.358409 0.000000
vn -0.933565 -0.358409 0.000000
vn -0.933565 -0.358409 0.000000
vn -0.000000 0.000000 1.000000
vn -0.000000 0.000000 1.000000
vn -0.000000 0.000000 1.000000
vn -0.000000 0.000000 1.000000
vn -0.358366 0.933581 0.000000
vn -0.358366 0.933581 0.000000
vn -0.358366 0.933581 0.000000
vn -0.358366 0.933581 0.000000
vn -0.000000 0.000000 -1.000000
vn -0.000000 0.000000 -1.000000
vn -0.000000 0.000000 -1.000000
vn -0.000000 0.000000 -1.000000
vn 0.358366 -0.933581 0.000000
vn 0.358366 -0.933581 0.000000
vn 0.358366 -0.933581 0.000000
vn 0.358366 -0.933581 0.000000
vn 0.933584 0.358359 0.000000
vn 0.933584 0.358359 0.000000
vn 0.933584 0.358359 0.000000
vn 0.933584 0.358359 0.000000
vn -0.933566 -0.358404 0.000000
vn -0.933566 -0.358404 0.000000
vn -0.933566 -0.358404 0.000000
vn -0.933566 -0.358404 0.000000
s off
g polySurface6
usemtl lambert13SG
f 168/1/1 167/2/2 55/3/3 33/4/4
usemtl lambert16SG
f 10/493/5 58/494/6 57/495/7 11/496/8
s 1
usemtl lambert2SG
f 14/17/9 1645/3416/10 1644/3417/11 15/14/12
s 2
f 169/11/13 1654/3444/14 1648/3438/15 32/12/16
s off
usemtl lambert13SG
f 8/499/17 10/500/18 11/501/19 5/502/20
f 5/503/21 11/504/22 57/505/23 56/506/24
f 59/509/25 58/510/26 10/511/27 8/512/28
usemtl lambert19SG
f 91/515/29 92/516/30 38/517/31 35/518/32
f 171/519/33 170/520/34 37/521/35 36/522/36
usemtl lambert9SG
f 257/527/37 260/528/38 259/529/39 258/530/40
f 261/531/41 264/532/42 263/533/43 262/534/44
f 265/535/45 268/536/46 267/537/47 266/538/48
usemtl lambert19SG
f 94/523/49 96/524/50 95/525/51 93/526/52
s 3
usemtl lambert13SG
f 23/27/53 52/21/54 1651/3441/55 1646/3415/56
s off
usemtl lambert17SG
f 66/539/57 68/540/58 67/541/59 65/542/60
usemtl lambert2SG
f 185/179/61 151/163/62 150/152/63 186/164/64
f 27/88/65 41/75/66 40/86/67 26/99/68
s 4
usemtl lambert13SG
f 28/87/69 42/74/70 1649/3439/71 1647/3437/72
s off
f 64/100/73 63/101/74 42/74/75 28/87/76
usemtl lambert2SG
f 195/80/77 142/65/78 141/66/79 196/81/80
f 32/12/81 16/16/82 19/19/83 31/20/84
s 5
usemtl lambert13SG
f 33/4/85 6/10/86 16/16/87 1648/3438/88
s off
f 55/3/89 54/9/90 6/10/91 33/4/92
usemtl lambert2SG
f 172/543/93 171/544/94 36/545/95 31/546/96
f 31/555/97 36/556/98 37/557/99 32/558/100
f 32/559/101 37/560/102 170/561/103 169/562/104
f 186/164/105 150/152/106 149/140/107 187/165/108
f 41/75/109 46/60/110 45/72/111 40/86/112
s 6
usemtl lambert13SG
f 42/74/113 47/59/114 1650/3440/115 1649/3439/116
s off
usemtl lambert16SG
f 86/571/117 88/572/118 87/573/119 85/574/120
usemtl lambert12SG
f 331/577/121 334/578/122 333/579/123 332/580/124
usemtl lambert2SG
f 1656/3456/125 71/47/126 70/58/127 1655/3455/128
s 7
usemtl lambert13SG
f 47/59/129 72/46/130 1652/3442/131 1650/3440/132
s off
f 62/73/133 73/68/134 72/46/135 47/59/136
usemtl lambert9SG
f 266/538/137 267/537/138 260/528/139 257/527/140
usemtl lambert19SG
f 96/524/141 92/516/142 91/515/143 95/525/144
s 8
usemtl lambert13SG
f 52/21/145 8/18/146 1645/3416/147 1651/3441/148
s off
f 60/25/149 59/26/150 8/18/151 52/21/152
f 34/8/153 2/15/154 54/9/155 55/3/156
f 167/2/157 166/7/158 34/8/159 55/3/160
f 57/505/161 12/507/162 3/508/163 56/506/164
usemtl lambert16SG
f 58/494/165 13/497/166 12/498/167 57/495/168
usemtl lambert13SG
f 7/513/169 13/514/170 58/510/171 59/509/172
f 53/33/173 7/34/174 59/26/175 60/25/176
f 24/41/177 53/33/178 60/25/179 61/42/180
f 48/82/181 74/67/182 73/68/183 62/73/184
usemtl lambert16SG
f 89/575/185 90/576/186 88/572/187 86/571/188
usemtl lambert13SG
f 29/114/189 43/115/190 63/101/191 64/100/192
f 61/583/193 66/584/194 65/585/195 23/586/196
f 23/587/197 65/588/198 67/589/199 52/590/200
f 52/591/201 67/592/202 68/593/203 60/594/204
f 60/595/205 68/596/206 66/597/207 61/598/208
usemtl lambert12SG
f 332/580/209 333/579/210 336/581/211 335/582/212
usemtl lambert15SG
f 1659/3475/213 1660/3476/214 1661/3477/215 1662/3478/216
s 9
usemtl lambert13SG
f 72/46/217 78/35/218 1653/3443/219 1652/3442/220
s off
usemtl lambert15SG
f 82/599/221 84/600/222 83/601/223 81/602/224
usemtl lambert13SG
f 74/67/225 80/55/226 79/43/227 73/68/228
usemtl lambert2SG
f 189/128/229 147/112/230 146/113/231 190/129/232
f 77/36/233 22/28/234 21/44/235 76/45/236
s 10
usemtl lambert13SG
f 78/35/237 23/27/238 1646/3415/239 1653/3443/240
s off
f 79/43/241 61/42/242 23/27/243 78/35/244
f 80/55/245 24/41/246 61/42/247 79/43/248
f 73/603/249 82/604/250 81/605/251 72/606/252
f 72/607/253 81/608/254 83/609/255 78/610/256
f 78/611/257 83/612/258 84/613/259 79/614/260
f 79/615/261 84/616/262 82/617/263 73/618/264
f 63/619/265 86/620/266 85/621/267 42/622/268
f 42/625/269 85/626/270 87/627/271 47/628/272
f 47/629/273 87/630/274 88/631/275 62/632/276
f 43/623/277 89/624/278 86/620/279 63/619/280
f 62/632/281 88/631/282 90/633/283 48/634/284
usemtl lambert2SG
f 17/549/285 91/550/286 35/548/287 18/547/288
f 15/564/289 38/563/290 92/565/291 14/566/292
f 22/635/293 94/636/294 93/637/295 21/638/296
f 21/553/297 93/554/298 95/552/299 50/551/300
f 51/568/301 96/567/302 94/569/303 22/570/304
f 50/551/305 95/552/306 91/550/307 17/549/308
f 14/566/309 92/565/310 96/567/311 51/568/312
f 98/23/313 31/20/314 19/19/315 97/24/316
f 173/29/317 172/30/318 31/20/319 98/23/320
f 100/48/321 17/49/322 18/38/323 99/37/324
f 101/61/325 50/62/326 17/49/327 100/48/328
f 102/57/329 21/44/330 50/62/331 101/61/332
f 103/56/333 76/45/334 21/44/335 102/57/336
f 104/69/337 70/58/338 76/45/339 103/56/340
f 105/83/341 1655/3455/342 70/58/343 104/69/344
f 106/94/345 40/86/346 45/72/347 105/83/348
f 107/108/349 26/99/350 40/86/351 106/94/352
f 109/31/353 98/23/354 97/24/355 108/32/356
usemtl lambert18SG
f 182/639/357 184/640/358 183/641/359 181/642/360
usemtl lambert2SG
f 111/63/361 100/48/362 99/37/363 110/50/364
f 112/76/365 101/61/366 100/48/367 111/63/368
usemtl lambert18SG
f 153/643/369 155/644/370 154/645/371 152/646/372
usemtl lambert2SG
f 114/70/373 103/56/374 102/57/375 113/71/376
usemtl lambert12SG
f 362/647/377 364/648/378 363/649/379 361/650/380
f 365/651/381 366/652/382 364/648/383 362/647/384
usemtl lambert2SG
f 117/109/385 106/94/386 105/83/387 116/110/388
f 118/124/389 107/108/390 106/94/391 117/109/392
f 120/39/393 109/31/394 108/32/395 119/40/396
f 175/52/397 174/51/398 109/31/399 120/39/400
f 122/77/401 111/63/402 110/50/403 121/64/404
f 123/89/405 112/76/406 111/63/407 122/77/408
f 124/85/409 113/71/410 112/76/411 123/89/412
f 125/84/413 114/70/414 113/71/415 124/85/416
f 126/95/417 115/96/418 114/70/419 125/84/420
f 127/111/421 116/110/422 115/96/423 126/95/424
f 128/125/425 117/109/426 116/110/427 127/111/428
f 129/137/429 118/124/430 117/109/431 128/125/432
f 131/53/433 120/39/434 119/40/435 130/54/436
usemtl lambert9SG
f 177/653/437 176/654/438 158/655/439 156/656/440
f 160/657/441 161/658/442 159/659/443 157/660/444
f 162/661/445 163/662/446 161/658/447 160/657/448
f 164/663/449 165/664/450 163/662/451 162/661/452
usemtl lambert2SG
f 136/97/453 125/84/454 124/85/455 135/98/456
usemtl lambert12SG
f 338/665/457 340/666/458 339/667/459 337/668/460
f 341/669/461 342/670/462 340/666/463 338/665/464
usemtl lambert2SG
f 139/138/465 128/125/466 127/111/467 138/139/468
f 140/151/469 129/137/470 128/125/471 139/138/472
f 142/65/473 131/53/474 130/54/475 141/66/476
f 179/78/477 178/79/478 131/53/479 142/65/480
f 144/102/481 133/103/482 132/91/483 143/90/484
f 145/118/485 134/119/486 133/103/487 144/102/488
f 146/113/489 135/98/490 134/119/491 145/118/492
f 147/112/493 136/97/494 135/98/495 146/113/496
f 148/126/497 137/127/498 136/97/499 147/112/500
f 149/140/501 138/139/502 137/127/503 148/126/504
f 150/152/505 139/138/506 138/139/507 149/140/508
f 151/163/509 140/151/510 139/138/511 150/152/512
f 113/671/513 153/672/514 152/673/515 112/674/516
f 112/675/517 152/676/518 154/677/519 101/678/520
f 101/679/521 154/680/522 155/681/523 102/682/524
f 102/683/525 155/684/526 153/685/527 113/686/528
f 178/687/529 177/688/530 156/689/531 131/690/532
f 131/699/533 156/700/534 158/701/535 120/702/536
f 120/703/537 158/704/538 176/705/539 175/706/540
f 133/693/541 160/694/542 157/692/543 132/691/544
f 121/708/545 159/707/546 161/709/547 122/710/548
f 134/695/549 162/696/550 160/694/551 133/693/552
f 122/710/553 161/709/554 163/711/555 123/712/556
f 135/697/557 164/698/558 162/696/559 134/695/560
f 123/712/561 163/711/562 165/713/563 124/714/564
f 124/715/565 165/716/566 164/717/567 135/718/568
usemtl lambert13SG
f 56/6/569 3/13/570 166/7/571 167/2/572
f 5/5/573 56/6/574 167/2/575 168/1/576
s 11
usemtl lambert2SG
f 15/14/577 1644/3417/578 1654/3444/579 169/11/580
s off
f 170/561/581 38/563/582 15/564/583 169/562/584
usemtl lambert19SG
f 35/518/585 38/517/586 170/520/587 171/519/588
usemtl lambert2SG
f 18/547/589 35/548/590 171/544/591 172/543/592
f 99/37/593 18/38/594 172/30/595 173/29/596
f 110/50/597 99/37/598 173/29/599 174/51/600
f 121/64/601 110/50/602 174/51/603 175/52/604
f 176/705/605 159/707/606 121/708/607 175/706/608
usemtl lambert9SG
f 157/660/609 159/659/610 176/654/611 177/653/612
usemtl lambert2SG
f 132/691/613 157/692/614 177/688/615 178/687/616
f 143/90/617 132/91/618 178/79/619 179/78/620
usemtl lambert9SG
f 258/530/621 259/529/622 264/532/623 261/531/624
usemtl lambert2SG
f 174/719/625 182/720/626 181/721/627 109/722/628
f 109/723/629 181/724/630 183/725/631 98/726/632
f 98/727/633 183/728/634 184/729/635 173/730/636
f 173/731/637 184/732/638 182/733/639 174/734/640
f 197/192/641 185/179/642 186/164/643 198/180/644
f 198/180/645 186/164/646 187/165/647 199/166/648
f 199/166/649 187/165/650 188/154/651 200/153/652
f 200/153/653 188/154/654 189/128/655 201/141/656
f 201/141/657 189/128/658 190/129/659 202/142/660
f 202/142/661 190/129/662 191/146/663 203/145/664
f 203/145/665 191/146/666 192/132/667 204/131/668
f 204/131/669 192/132/670 193/121/671 205/120/672
f 205/120/673 193/121/674 194/105/675 206/104/676
f 206/104/677 194/105/678 195/80/679 207/92/680
f 207/92/681 195/80/682 196/81/683 208/93/684
f 209/206/685 197/192/686 198/180/687 210/193/688
f 210/193/689 198/180/690 199/166/691 211/194/692
usemtl lambert12SG
f 343/735/693 346/736/694 345/737/695 344/738/696
f 344/738/697 345/737/698 348/739/699 347/740/700
usemtl lambert2SG
f 213/155/701 201/141/702 202/142/703 214/156/704
usemtl lambert9SG
f 269/741/705 272/742/706 271/743/707 270/744/708
f 270/744/709 271/743/710 274/745/711 273/746/712
f 273/746/713 274/745/714 276/747/715 275/748/716
f 275/748/717 276/747/718 278/749/719 277/750/720
f 277/750/721 278/749/722 280/751/723 279/752/724
usemtl lambert2SG
f 219/106/725 207/92/726 208/93/727 220/107/728
f 221/220/729 209/206/730 210/193/731 222/207/732
f 222/207/733 210/193/734 211/194/735 223/195/736
f 223/195/737 211/194/738 212/182/739 224/181/740
f 224/181/741 212/182/742 213/155/743 225/167/744
f 225/167/745 213/155/746 214/156/747 226/168/748
f 226/168/749 214/156/750 215/174/751 227/173/752
f 227/173/753 215/174/754 216/160/755 228/159/756
f 228/159/757 216/160/758 217/148/759 229/147/760
f 229/147/761 217/148/762 218/134/763 230/133/764
f 230/133/765 218/134/766 219/106/767 231/122/768
f 231/122/769 219/106/770 220/107/771 232/123/772
f 233/240/773 221/220/774 222/207/775 234/221/776
f 234/221/777 222/207/778 223/195/779 235/222/780
usemtl lambert12SG
f 349/753/781 352/754/782 351/755/783 350/756/784
f 350/756/785 351/755/786 354/757/787 353/758/788
usemtl lambert2SG
f 237/183/789 225/167/790 226/168/791 238/184/792
usemtl lambert9SG
f 281/759/793 284/760/794 283/761/795 282/762/796
f 282/762/797 283/761/798 286/763/799 285/764/800
f 285/764/801 286/763/802 288/765/803 287/766/804
f 287/766/805 288/765/806 290/767/807 289/768/808
f 289/768/809 290/767/810 292/769/811 291/770/812
usemtl lambert2SG
f 243/135/813 231/122/814 232/123/815 244/136/816
f 293/335/817 401/313/818 378/289/819 294/314/820
f 294/314/821 378/289/822 377/266/823 295/315/824
usemtl lambert22SG
f 379/771/825 382/772/826 381/773/827 380/774/828
f 380/774/829 381/773/830 384/775/831 383/776/832
usemtl lambert2SG
f 297/244/833 375/224/834 374/225/835 298/245/836
usemtl lambert11SG
f 305/777/837 373/778/838 372/779/839 306/780/840
f 306/780/841 372/779/842 371/781/843 309/782/844
f 309/782/845 371/781/846 370/783/847 311/784/848
f 311/784/849 370/783/850 369/785/851 313/786/852
f 313/786/853 369/785/854 368/787/855 315/788/856
f 315/788/857 368/787/858 367/789/859 317/790/860
usemtl lambert2SG
f 246/149/861 243/135/862 244/136/863 245/150/864
f 247/161/865 242/162/866 243/135/867 246/149/868
f 248/175/869 241/176/870 242/162/871 247/161/872
f 249/188/873 240/189/874 241/176/875 248/175/876
f 250/200/877 239/201/878 240/189/879 249/188/880
f 251/197/881 238/184/882 239/201/883 250/200/884
f 252/196/885 237/183/886 238/184/887 251/197/888
f 253/208/889 236/209/890 237/183/891 252/196/892
f 254/223/893 235/222/894 236/209/895 253/208/896
f 255/241/897 234/221/898 235/222/899 254/223/900
f 256/263/901 233/240/902 234/221/903 255/241/904
f 192/805/905 257/806/906 258/807/907 193/808/908
f 143/817/909 259/818/910 260/819/911 144/820/912
f 194/812/913 261/811/914 262/815/915 195/816/916
f 195/829/917 262/830/918 263/831/919 142/832/920
f 142/825/921 263/826/922 264/822/923 179/821/924
f 190/813/925 265/814/926 266/810/927 191/809/928
f 145/824/929 267/823/930 268/827/931 146/828/932
f 146/833/933 268/834/934 265/835/935 190/836/936
f 191/809/937 266/810/938 257/806/939 192/805/940
f 144/820/941 260/819/942 267/823/943 145/824/944
f 193/808/945 258/807/946 261/811/947 194/812/948
f 179/821/949 264/822/950 259/818/951 143/817/952
f 214/837/953 269/838/954 270/839/955 215/840/956
f 203/849/957 271/850/958 272/851/959 202/852/960
f 202/861/961 272/862/962 269/863/963 214/864/964
f 215/840/965 270/839/966 273/841/967 216/842/968
f 204/853/969 274/854/970 271/850/971 203/849/972
f 216/842/973 273/841/974 275/843/975 217/844/976
f 205/855/977 276/856/978 274/854/979 204/853/980
f 217/844/981 275/843/982 277/845/983 218/846/984
f 206/857/985 278/858/986 276/856/987 205/855/988
f 218/846/989 277/845/990 279/847/991 219/848/992
f 219/865/993 279/866/994 280/867/995 207/868/996
f 207/859/997 280/860/998 278/858/999 206/857/1000
f 238/869/1001 281/870/1002 282/871/1003 239/872/1004
f 227/881/1005 283/882/1006 284/883/1007 226/884/1008
f 226/893/1009 284/894/1010 281/895/1011 238/896/1012
f 239/872/1013 282/871/1014 285/873/1015 240/874/1016
f 228/885/1017 286/886/1018 283/882/1019 227/881/1020
f 240/874/1021 285/873/1022 287/875/1023 241/876/1024
f 229/887/1025 288/888/1026 286/886/1027 228/885/1028
f 241/876/1029 287/875/1030 289/877/1031 242/878/1032
f 230/889/1033 290/890/1034 288/888/1035 229/887/1036
f 242/878/1037 289/877/1038 291/879/1039 243/880/1040
f 243/897/1041 291/898/1042 292/899/1043 231/900/1044
f 231/891/1045 292/892/1046 290/890/1047 230/889/1048
f 25/354/1049 293/335/1050 294/314/1051 39/336/1052
f 39/336/1053 294/314/1054 295/315/1055 44/316/1056
f 44/316/1057 295/315/1058 296/291/1059 69/290/1060
f 69/290/1061 296/291/1062 297/244/1063 75/267/1064
f 75/267/1065 297/244/1066 298/245/1067 20/268/1068
f 20/268/1069 298/245/1070 299/292/1071 49/293/1072
f 49/293/1073 299/292/1074 300/317/1075 9/318/1076
f 9/318/1077 300/317/1078 301/337/1079 4/338/1080
f 4/338/1081 301/337/1082 302/355/1083 180/356/1084
f 180/356/1085 302/355/1086 303/376/1087 30/377/1088
f 30/377/1089 303/376/1090 304/398/1091 1/399/1092
f 298/901/1093 305/902/1094 306/903/1095 299/904/1096
f 250/915/1097 307/916/1098 308/917/1099 251/918/1100
f 374/933/1101 373/934/1102 305/935/1103 298/936/1104
f 299/904/1105 306/903/1106 309/905/1107 300/906/1108
f 249/919/1109 310/920/1110 307/916/1111 250/915/1112
f 300/906/1113 309/905/1114 311/907/1115 301/908/1116
f 248/921/1117 312/922/1118 310/920/1119 249/919/1120
f 301/908/1121 311/907/1122 313/909/1123 302/910/1124
f 247/923/1125 314/924/1126 312/922/1127 248/921/1128
f 302/910/1129 313/909/1130 315/911/1131 303/912/1132
f 246/925/1133 316/926/1134 314/924/1135 247/923/1136
f 303/912/1137 315/911/1138 317/913/1139 304/914/1140
f 245/927/1141 318/928/1142 316/926/1143 246/925/1144
usemtl lambert11SG
f 320/791/1145 316/792/1146 318/793/1147 319/794/1148
f 321/795/1149 314/796/1150 316/792/1151 320/791/1152
f 322/797/1153 312/798/1154 314/796/1155 321/795/1156
f 323/799/1157 310/800/1158 312/798/1159 322/797/1160
f 324/801/1161 307/802/1162 310/800/1163 323/799/1164
f 325/803/1165 308/804/1166 307/802/1167 324/801/1168
usemtl lambert2SG
f 251/939/1169 308/940/1170 325/938/1171 326/937/1172
f 327/210/1173 252/196/1174 251/197/1175 326/211/1176
usemtl lambert12SG
f 356/941/1177 358/942/1178 357/943/1179 355/944/1180
f 359/945/1181 360/946/1182 358/942/1183 356/941/1184
usemtl lambert2SG
f 330/264/1185 255/241/1186 254/223/1187 329/265/1188
f 402/288/1189 256/263/1190 255/241/1191 330/264/1192
f 187/947/1193 331/948/1194 332/949/1195 188/950/1196
f 148/953/1197 333/954/1198 334/955/1199 149/956/1200
f 149/959/1201 334/960/1202 331/961/1203 187/962/1204
f 188/950/1205 332/949/1206 335/951/1207 189/952/1208
f 189/963/1209 335/964/1210 336/965/1211 147/966/1212
f 147/957/1213 336/958/1214 333/954/1215 148/953/1216
f 137/967/1217 338/968/1218 337/969/1219 136/970/1220
f 136/973/1221 337/974/1222 339/975/1223 125/976/1224
f 125/977/1225 339/978/1226 340/979/1227 126/980/1228
f 138/971/1229 341/972/1230 338/968/1231 137/967/1232
f 126/980/1233 340/979/1234 342/981/1235 127/982/1236
f 127/983/1237 342/984/1238 341/985/1239 138/986/1240
f 211/987/1241 343/988/1242 344/989/1243 212/990/1244
f 200/993/1245 345/994/1246 346/995/1247 199/996/1248
f 199/999/1249 346/1000/1250 343/1001/1251 211/1002/1252
f 212/990/1253 344/989/1254 347/991/1255 213/992/1256
f 213/1003/1257 347/1004/1258 348/1005/1259 201/1006/1260
f 201/997/1261 348/998/1262 345/994/1263 200/993/1264
f 235/1007/1265 349/1008/1266 350/1009/1267 236/1010/1268
f 224/1013/1269 351/1014/1270 352/1015/1271 223/1016/1272
f 223/1019/1273 352/1020/1274 349/1021/1275 235/1022/1276
f 236/1010/1277 350/1009/1278 353/1011/1279 237/1012/1280
f 237/1023/1281 353/1024/1282 354/1025/1283 225/1026/1284
f 225/1017/1285 354/1018/1286 351/1014/1287 224/1013/1288
f 328/1027/1289 356/1028/1290 355/1029/1291 327/1030/1292
f 327/1033/1293 355/1034/1294 357/1035/1295 252/1036/1296
f 252/1037/1297 357/1038/1298 358/1039/1299 253/1040/1300
f 329/1031/1301 359/1032/1302 356/1028/1303 328/1027/1304
f 253/1040/1305 358/1039/1306 360/1041/1307 254/1042/1308
f 254/1043/1309 360/1044/1310 359/1045/1311 329/1046/1312
f 115/1047/1313 362/1048/1314 361/1049/1315 114/1050/1316
f 114/1053/1317 361/1054/1318 363/1055/1319 103/1056/1320
f 103/1057/1321 363/1058/1322 364/1059/1323 104/1060/1324
f 116/1051/1325 365/1052/1326 362/1048/1327 115/1047/1328
f 104/1060/1329 364/1059/1330 366/1061/1331 105/1062/1332
f 105/1063/1333 366/1064/1334 365/1065/1335 116/1066/1336
usemtl lambert11SG
f 368/787/1337 320/791/1338 319/794/1339 367/789/1340
f 369/785/1341 321/795/1342 320/791/1343 368/787/1344
f 370/783/1345 322/797/1346 321/795/1347 369/785/1348
f 371/781/1349 323/799/1350 322/797/1351 370/783/1352
f 372/779/1353 324/801/1354 323/799/1355 371/781/1356
f 373/778/1357 325/803/1358 324/801/1359 372/779/1360
usemtl lambert2SG
f 326/937/1361 325/938/1362 373/934/1363 374/933/1364
f 375/224/1365 327/210/1366 326/211/1367 374/225/1368
f 376/242/1369 328/243/1370 327/210/1371 375/224/1372
f 377/266/1373 329/265/1374 328/243/1375 376/242/1376
f 378/289/1377 330/264/1378 329/265/1379 377/266/1380
f 401/313/1381 402/288/1382 330/264/1383 378/289/1384
f 295/1067/1385 379/1068/1386 380/1069/1387 296/1070/1388
f 376/1073/1389 381/1074/1390 382/1075/1391 377/1076/1392
f 377/1079/1393 382/1080/1394 379/1081/1395 295/1082/1396
f 296/1070/1397 380/1069/1398 383/1071/1399 297/1072/1400
f 297/1083/1401 383/1084/1402 384/1085/1403 375/1086/1404
f 375/1077/1405 384/1078/1406 381/1074/1407 376/1073/1408
f 386/1087/1409 151/1088/1410 185/1089/1411 385/1090/1412
f 388/1091/1413 129/1092/1414 140/1093/1415 387/1094/1416
f 390/1095/1417 197/1096/1418 209/1097/1419 389/1098/1420
f 392/1099/1421 221/1100/1422 233/1101/1423 391/1102/1424
f 394/1103/1425 401/1104/1426 293/1105/1427 393/1106/1428
f 396/1109/1429 256/1110/1430 402/1108/1431 395/1107/1432
f 395/1107/1433 402/1108/1434 401/1104/1435 394/1103/1436
f 398/1111/1437 27/1112/1438 26/1113/1439 397/1114/1440
f 400/1115/1441 107/1116/1442 118/1117/1443 399/1118/1444
usemtl lambert13SG
f 600/360/1445 437/382/1446 459/405/1447 599/383/1448
usemtl lambert14SG
f 412/1119/1449 413/1120/1450 461/1121/1451 462/1122/1452
s 12
usemtl lambert2SG
f 416/320/1453 417/342/1454 1632/3430/1455 1633/3429/1456
s 13
f 601/359/1457 436/381/1458 1630/3432/1459 1631/3431/1460
s off
usemtl lambert13SG
f 410/1125/1461 407/1126/1462 413/1127/1463 412/1128/1464
f 407/1129/1465 460/1130/1466 461/1131/1467 413/1132/1468
f 463/1135/1469 410/1136/1470 412/1137/1471 462/1138/1472
usemtl lambert19SG
f 511/1141/1473 439/1142/1474 442/1143/1475 512/1144/1476
f 603/1145/1477 440/1146/1478 441/1147/1479 602/1148/1480
usemtl lambert9SG
f 701/1149/1481 702/1150/1482 703/1151/1483 704/1152/1484
f 705/1153/1485 706/1154/1486 707/1155/1487 708/1156/1488
f 709/1157/1489 710/1158/1490 711/1159/1491 712/1160/1492
usemtl lambert19SG
f 514/1161/1493 513/1162/1494 515/1163/1495 516/1164/1496
s 14
usemtl lambert2SG
f 1635/3427/1497 424/274/1498 455/296/1499 1634/3428/1500
s off
usemtl lambert17SG
f 470/1165/1501 469/1166/1502 471/1167/1503 472/1168/1504
usemtl lambert2SG
f 619/231/1505 620/232/1506 580/216/1507 581/202/1508
f 429/186/1509 428/212/1510 444/213/1511 445/199/1512
s 15
f 1640/3422/1513 429/186/1514 445/199/1515 1639/3423/1516
s off
usemtl lambert13SG
f 468/157/1517 430/170/1518 446/187/1519 467/171/1520
usemtl lambert9SG
f 385/1169/1521 833/1170/1522 834/1171/1523 386/1172/1524
usemtl lambert19SG
f 398/1173/1525 397/1174/1526 869/1175/1527 870/1176/1528
s 16
usemtl lambert2SG
f 1643/3418/1529 433/1186/1530 503/1187/1531 1642/3420/1532
s off
usemtl lambert13SG
f 64/100/1533 28/87/1534 504/116/1535 505/117/1536
usemtl lambert2SG
f 629/451/1537 630/452/1538 571/437/1539 572/418/1540
f 436/381/1541 435/424/1542 421/425/1543 418/403/1544
s 17
f 1630/3432/1545 436/381/1546 418/403/1547 1629/3434/1548
s off
usemtl lambert13SG
f 459/405/1549 437/382/1550 408/404/1551 458/426/1552
usemtl lambert2SG
f 604/1189/1553 435/1190/1554 440/1191/1555 603/1192/1556
f 435/1201/1557 436/1202/1558 441/1203/1559 440/1204/1560
f 436/1205/1561 601/1206/1562 602/1207/1563 441/1208/1564
f 620/232/1565 621/257/1566 579/233/1567 580/216/1568
f 445/199/1569 444/213/1570 449/228/1571 450/214/1572
s 18
f 1639/3423/1573 445/199/1574 450/214/1575 1638/3424/1576
s off
usemtl lambert16SG
f 490/1217/1577 489/1218/1578 491/1219/1579 492/1220/1580
usemtl lambert12SG
f 777/1223/1581 778/1224/1582 779/1225/1583 780/1226/1584
usemtl lambert15SG
f 1664/3479/1585 1663/3480/1586 1665/3481/1587 1666/3482/1588
usemtl lambert2SG
f 1638/3424/1589 450/214/1590 1658/3466/1591
usemtl lambert13SG
f 466/254/1592 451/215/1593 476/230/1594 477/255/1595
usemtl lambert9SG
f 710/1158/1596 701/1149/1597 704/1152/1598 711/1159/1599
usemtl lambert19SG
f 516/1164/1600 515/1163/1601 511/1141/1602 512/1144/1603
s 19
usemtl lambert2SG
f 1634/3428/1604 455/296/1605 416/320/1606 1633/3429/1607
s off
usemtl lambert13SG
f 464/344/1608 456/297/1609 410/321/1610 463/345/1611
f 438/427/1612 459/405/1613 458/426/1614 404/441/1615
f 599/383/1616 459/405/1617 438/427/1618 598/406/1619
f 461/1131/1620 460/1130/1621 405/1133/1622 414/1134/1623
usemtl lambert14SG
f 462/1122/1624 461/1121/1625 414/1123/1626 415/1124/1627
usemtl lambert13SG
f 409/1139/1628 463/1135/1629 462/1138/1630 415/1140/1631
f 457/346/1632 464/344/1633 463/345/1634 409/361/1635
f 426/322/1636 465/299/1637 464/344/1638 457/346/1639
f 452/276/1640 466/254/1641 477/255/1642 478/277/1643
usemtl lambert16SG
f 493/1221/1644 490/1217/1645 492/1220/1646 494/1222/1647
usemtl lambert13SG
f 431/158/1648 468/157/1649 467/171/1650 447/172/1651
f 29/114/1652 64/100/1653 505/117/1654 506/130/1655
f 465/1229/1656 425/1230/1657 469/1231/1658 470/1232/1659
f 425/1233/1660 456/1234/1661 471/1235/1662 469/1236/1663
f 456/1237/1664 464/1238/1665 472/1239/1666 471/1240/1667
f 464/1241/1668 465/1242/1669 470/1243/1670 472/1244/1671
usemtl lambert12SG
f 778/1224/1672 781/1227/1673 782/1228/1674 779/1225/1675
usemtl lambert15SG
f 1668/3483/1676 1667/3484/1677 1669/3485/1678 1670/3486/1679
s 20
usemtl lambert2SG
f 1637/3425/1680 475/229/1681 481/252/1682 1636/3426/1683
s off
usemtl lambert15SG
f 486/1245/1684 485/1246/1685 487/1247/1686 488/1248/1687
usemtl lambert13SG
f 478/277/1688 477/255/1689 483/298/1690 484/300/1691
usemtl lambert2SG
f 623/327/1692 624/328/1693 576/305/1694 577/281/1695
f 481/252/1696 480/273/1697 423/295/1698 424/274/1699
s 21
f 1636/3426/1700 481/252/1701 424/274/1702 1635/3427/1703
s off
usemtl lambert13SG
f 483/298/1704 482/253/1705 425/275/1706 465/299/1707
f 484/300/1708 483/298/1709 465/299/1710 426/322/1711
f 477/1249/1712 476/1250/1713 485/1251/1714 486/1252/1715
f 476/1253/1716 482/1254/1717 487/1255/1718 485/1256/1719
f 482/1257/1720 483/1258/1721 488/1259/1722 487/1260/1723
f 483/1261/1724 477/1262/1725 486/1263/1726 488/1264/1727
f 467/1265/1728 446/1266/1729 489/1267/1730 490/1268/1731
f 446/1271/1732 451/1272/1733 491/1273/1734 489/1274/1735
f 451/1275/1736 466/1276/1737 492/1277/1738 491/1278/1739
f 447/1269/1740 467/1265/1741 490/1268/1742 493/1270/1743
f 466/1276/1744 452/1279/1745 494/1280/1746 492/1277/1747
usemtl lambert9SG
f 835/1177/1748 831/1178/1749 832/1179/1750 836/1180/1751
usemtl lambert19SG
f 872/1181/1752 871/1182/1753 867/1183/1754 868/1184/1755
s 22
usemtl lambert2SG
f 1641/3421/1756 497/185/1757 429/186/1758 1640/3422/1759
s off
usemtl lambert13SG
f 499/143/1760 498/169/1761 430/170/1762 468/157/1763
f 500/144/1764 499/143/1765 468/157/1766 431/158/1767
usemtl lambert9SG
f 833/1170/1768 835/1177/1769 836/1180/1770 834/1171/1771
usemtl lambert19SG
f 870/1176/1772 869/1175/1773 871/1182/1774 872/1181/1775
s 23
usemtl lambert2SG
f 1642/3419/1776 503/198/1777 497/185/1778 1641/3421/1779
s off
usemtl lambert17SG
f 508/1281/1780 507/1282/1781 509/1283/1782 510/1284/1783
usemtl lambert13SG
f 506/130/1784 505/117/1785 499/143/1786 500/144/1787
f 505/1285/1788 504/1286/1789 507/1287/1790 508/1288/1791
f 504/1289/1792 498/1290/1793 509/1291/1794 507/1292/1795
f 498/1293/1796 499/1294/1797 510/1295/1798 509/1296/1799
f 499/1297/1800 505/1298/1801 508/1299/1802 510/1300/1803
usemtl lambert2SG
f 419/1195/1804 420/1193/1805 439/1194/1806 511/1196/1807
f 417/1209/1808 416/1211/1809 512/1212/1810 442/1210/1811
f 424/1301/1812 423/1302/1813 513/1303/1814 514/1304/1815
f 423/1199/1816 454/1197/1817 515/1198/1818 513/1200/1819
f 455/1213/1820 424/1215/1821 514/1216/1822 516/1214/1823
f 454/1197/1824 419/1195/1825 511/1196/1826 515/1198/1827
f 416/1211/1828 455/1213/1829 516/1214/1830 512/1212/1831
f 518/423/1832 517/440/1833 421/425/1834 435/424/1835
f 605/401/1836 518/423/1837 435/424/1838 604/402/1839
f 520/357/1840 519/379/1841 420/380/1842 419/358/1843
f 521/340/1844 520/357/1845 419/358/1846 454/341/1847
f 522/319/1848 521/340/1849 454/341/1850 423/295/1851
f 523/294/1852 522/319/1853 423/295/1854 480/273/1855
f 524/270/1856 523/294/1857 480/273/1858 474/251/1859
f 525/248/1860 1657/3465/1861 449/228/1862
f 526/227/1863 525/248/1864 449/228/1865 444/213/1866
f 527/226/1867 526/227/1868 444/213/1869 428/212/1870
f 528/249/1871 527/226/1872 428/212/1873 496/250/1874
f 529/271/1875 528/249/1876 496/250/1877 502/272/1878
f 432/1305/1879 530/1306/1880 529/1307/1881 502/1308/1882
f 532/455/1883 531/456/1884 517/440/1885 518/423/1886
usemtl lambert18SG
f 614/1309/1887 613/1310/1888 615/1311/1889 616/1312/1890
usemtl lambert2SG
f 534/378/1891 533/400/1892 519/379/1893 520/357/1894
f 535/373/1895 534/378/1896 520/357/1897 521/340/1898
usemtl lambert18SG
f 585/1313/1899 584/1314/1900 586/1315/1901 587/1316/1902
usemtl lambert2SG
f 537/333/1903 536/339/1904 522/319/1905 523/294/1906
usemtl lambert12SG
f 808/1317/1907 807/1318/1908 809/1319/1909 810/1320/1910
f 811/1321/1911 808/1317/1912 810/1320/1913 812/1322/1914
usemtl lambert2SG
f 540/247/1915 539/269/1916 525/248/1917 526/227/1918
f 541/246/1919 540/247/1920 526/227/1921 527/226/1922
usemtl lambert9SG
f 875/1323/1923 873/1324/1924 874/1325/1925 876/1326/1926
f 877/1327/1927 875/1323/1928 876/1326/1929 878/1328/1930
f 399/1329/1931 877/1327/1932 878/1328/1933 400/1330/1934
usemtl lambert2SG
f 546/454/1935 545/453/1936 531/456/1937 532/455/1938
f 607/439/1939 546/454/1940 532/455/1941 606/422/1942
f 548/395/1943 547/420/1944 533/400/1945 534/378/1946
f 549/372/1947 548/395/1948 534/378/1949 535/373/1950
f 550/331/1951 549/372/1952 535/373/1953 536/339/1954
f 551/332/1955 550/331/1956 536/339/1957 537/333/1958
f 552/307/1959 551/332/1960 537/333/1961 538/308/1962
f 553/260/1963 552/307/1964 538/308/1965 539/269/1966
f 554/235/1967 553/260/1968 539/269/1969 540/247/1970
f 555/236/1971 554/235/1972 540/247/1973 541/246/1974
f 556/283/1975 555/236/1976 541/246/1977 542/284/1978
f 557/309/1979 556/283/1980 542/284/1981 543/310/1982
f 129/1331/1983 557/1332/1984 543/1333/1985 544/1334/1986
f 559/419/1987 558/438/1988 545/453/1989 546/454/1990
usemtl lambert9SG
f 609/1335/1991 588/1336/1992 590/1337/1993 608/1338/1994
f 592/1339/1995 589/1340/1996 591/1341/1997 593/1342/1998
f 594/1343/1999 592/1339/2000 593/1342/2001 595/1344/2002
f 596/1345/2003 594/1343/2004 595/1344/2005 597/1346/2006
usemtl lambert2SG
f 564/282/2007 563/306/2008 550/331/2009 551/332/2010
usemtl lambert12SG
f 784/1347/2011 783/1348/2012 785/1349/2013 786/1350/2014
f 787/1351/2015 784/1347/2016 786/1350/2017 788/1352/2018
usemtl lambert2SG
f 567/217/2019 566/234/2020 553/260/2021 554/235/2022
f 568/203/2023 567/217/2024 554/235/2025 555/236/2026
usemtl lambert9SG
f 839/1353/2027 837/1354/2028 838/1355/2029 840/1356/2030
f 841/1357/2031 839/1353/2032 840/1356/2033 842/1358/2034
f 387/1359/2035 841/1357/2036 842/1358/2037 388/1360/2038
usemtl lambert2SG
f 572/418/2039 571/437/2040 558/438/2041 559/419/2042
f 611/393/2043 572/418/2044 559/419/2045 610/394/2046
f 574/352/2047 573/370/2048 560/371/2049 561/353/2050
f 575/329/2051 574/352/2052 561/353/2053 562/330/2054
f 576/305/2055 575/329/2056 562/330/2057 563/306/2058
f 577/281/2059 576/305/2060 563/306/2061 564/282/2062
f 578/258/2063 577/281/2064 564/282/2065 565/259/2066
f 579/233/2067 578/258/2068 565/259/2069 566/234/2070
f 580/216/2071 579/233/2072 566/234/2073 567/217/2074
f 581/202/2075 580/216/2076 567/217/2077 568/203/2078
f 582/190/2079 581/202/2080 568/203/2081 569/191/2082
f 583/177/2083 582/190/2084 569/191/2085 570/178/2086
f 151/163/2087 583/177/2088 570/178/2089 140/151/2090
f 536/1361/2091 535/1362/2092 584/1363/2093 585/1364/2094
f 535/1365/2095 521/1366/2096 586/1367/2097 584/1368/2098
f 521/1369/2099 522/1370/2100 587/1371/2101 586/1372/2102
f 522/1373/2103 536/1374/2104 585/1375/2105 587/1376/2106
f 610/1377/2107 559/1378/2108 588/1379/2109 609/1380/2110
f 559/1389/2111 546/1390/2112 590/1391/2113 588/1392/2114
f 546/1393/2115 607/1394/2116 608/1395/2117 590/1396/2118
f 561/1383/2119 560/1381/2120 589/1382/2121 592/1384/2122
f 547/1397/2123 548/1399/2124 593/1400/2125 591/1398/2126
f 562/1385/2127 561/1383/2128 592/1384/2129 594/1386/2130
f 548/1399/2131 549/1401/2132 595/1402/2133 593/1400/2134
f 563/1387/2135 562/1385/2136 594/1386/2137 596/1388/2138
f 549/1401/2139 550/1403/2140 597/1404/2141 595/1402/2142
f 550/1405/2143 563/1406/2144 596/1407/2145 597/1408/2146
usemtl lambert13SG
f 460/384/2147 599/383/2148 598/406/2149 405/407/2150
f 407/343/2151 600/360/2152 599/383/2153 460/384/2154
s 24
usemtl lambert2SG
f 417/342/2155 601/359/2156 1631/3431/2157 1632/3430/2158
s off
f 602/1207/2159 601/1206/2160 417/1209/2161 442/1210/2162
usemtl lambert19SG
f 439/1142/2163 603/1145/2164 602/1148/2165 442/1143/2166
usemtl lambert2SG
f 420/1193/2167 604/1189/2168 603/1192/2169 439/1194/2170
f 519/379/2171 605/401/2172 604/402/2173 420/380/2174
f 533/400/2175 606/422/2176 605/401/2177 519/379/2178
f 547/420/2179 607/439/2180 606/422/2181 533/400/2182
f 608/1395/2183 607/1394/2184 547/1397/2185 591/1398/2186
usemtl lambert9SG
f 589/1340/2187 609/1335/2188 608/1338/2189 591/1341/2190
usemtl lambert2SG
f 560/1381/2191 610/1377/2192 609/1380/2193 589/1382/2194
f 573/370/2195 611/393/2196 610/394/2197 560/371/2198
usemtl lambert9SG
f 702/1150/2199 705/1153/2200 708/1156/2201 703/1151/2202
usemtl lambert2SG
f 606/1409/2203 532/1410/2204 613/1411/2205 614/1412/2206
f 532/1413/2207 518/1414/2208 615/1415/2209 613/1416/2210
f 518/1417/2211 605/1418/2212 616/1419/2213 615/1420/2214
f 605/1421/2215 606/1422/2216 614/1423/2217 616/1424/2218
f 197/192/2219 631/204/2220 617/205/2221 185/179/2222
f 631/204/2223 632/218/2224 618/219/2225 617/205/2226
f 632/218/2227 633/237/2228 619/231/2229 618/219/2230
f 633/237/2231 634/256/2232 620/232/2233 619/231/2234
f 634/256/2235 635/280/2236 621/257/2237 620/232/2238
f 635/280/2239 636/303/2240 622/304/2241 621/257/2242
f 636/303/2243 637/326/2244 623/327/2245 622/304/2246
f 637/326/2247 638/351/2248 624/328/2249 623/327/2250
f 638/351/2251 639/368/2252 625/369/2253 624/328/2254
f 639/368/2255 640/391/2256 626/392/2257 625/369/2258
f 640/391/2259 641/416/2260 627/417/2261 626/392/2262
f 641/416/2263 642/435/2264 628/436/2265 627/417/2266
f 642/435/2267 643/450/2268 629/451/2269 628/436/2270
f 643/450/2271 644/464/2272 630/452/2273 629/451/2274
usemtl lambert9SG
f 389/1425/2275 843/1426/2276 844/1427/2277 390/1428/2278
f 843/1426/2279 845/1429/2280 846/1430/2281 844/1427/2282
f 845/1429/2283 847/1431/2284 848/1432/2285 846/1430/2286
usemtl lambert2SG
f 647/278/2287 648/279/2288 634/256/2289 633/237/2290
f 648/279/2291 649/302/2292 635/280/2293 634/256/2294
usemtl lambert12SG
f 789/1433/2295 790/1434/2296 791/1435/2297 792/1436/2298
f 790/1434/2299 793/1437/2300 794/1438/2301 791/1435/2302
usemtl lambert2SG
f 651/366/2303 652/367/2304 638/351/2305 637/326/2306
usemtl lambert9SG
f 713/1439/2307 714/1440/2308 715/1441/2309 716/1442/2310
f 714/1440/2311 717/1443/2312 718/1444/2313 715/1441/2314
f 717/1443/2315 719/1445/2316 720/1446/2317 718/1444/2318
f 719/1445/2319 721/1447/2320 722/1448/2321 720/1446/2322
f 721/1447/2323 723/1449/2324 724/1450/2325 722/1448/2326
usemtl lambert2SG
f 657/471/2327 658/472/2328 644/464/2329 643/450/2330
f 221/220/2331 659/238/2332 645/239/2333 209/206/2334
f 659/238/2335 660/261/2336 646/262/2337 645/239/2338
f 660/261/2339 661/285/2340 647/278/2341 646/262/2342
f 661/285/2343 662/301/2344 648/279/2345 647/278/2346
f 662/301/2347 663/325/2348 649/302/2349 648/279/2350
f 663/325/2351 664/349/2352 650/350/2353 649/302/2354
f 664/349/2355 665/365/2356 651/366/2357 650/350/2358
f 665/365/2359 666/390/2360 652/367/2361 651/366/2362
f 666/390/2363 667/414/2364 653/415/2365 652/367/2366
f 667/414/2367 668/433/2368 654/434/2369 653/415/2370
f 668/433/2371 669/448/2372 655/449/2373 654/434/2374
f 669/448/2375 670/462/2376 656/463/2377 655/449/2378
f 670/462/2379 671/470/2380 657/471/2381 656/463/2382
f 671/470/2383 672/476/2384 658/472/2385 657/471/2386
usemtl lambert9SG
f 391/1451/2387 849/1452/2388 850/1453/2389 392/1454/2390
f 849/1452/2391 851/1455/2392 852/1456/2393 850/1453/2394
f 851/1455/2395 853/1457/2396 854/1458/2397 852/1456/2398
usemtl lambert2SG
f 675/323/2399 676/324/2400 662/301/2401 661/285/2402
f 676/324/2403 677/348/2404 663/325/2405 662/301/2406
usemtl lambert12SG
f 795/1459/2407 796/1460/2408 797/1461/2409 798/1462/2410
f 796/1460/2411 799/1463/2412 800/1464/2413 797/1461/2414
usemtl lambert2SG
f 679/412/2415 680/413/2416 666/390/2417 665/365/2418
usemtl lambert9SG
f 725/1465/2419 726/1466/2420 727/1467/2421 728/1468/2422
f 726/1466/2423 729/1469/2424 730/1470/2425 727/1467/2426
f 729/1469/2427 731/1471/2428 732/1472/2429 730/1470/2430
f 731/1471/2431 733/1473/2432 734/1474/2433 732/1472/2434
f 733/1473/2435 735/1475/2436 736/1476/2437 734/1474/2438
usemtl lambert2SG
f 685/480/2439 686/481/2440 672/476/2441 671/470/2442
usemtl lambert11SG
f 393/1477/2443 855/1478/2444 856/1479/2445 394/1480/2446
f 855/1478/2447 857/1481/2448 858/1482/2449 856/1479/2450
f 857/1481/2451 859/1483/2452 860/1484/2453 858/1482/2454
usemtl lambert2SG
f 739/408/2455 740/409/2456 824/386/2457 879/385/2458
f 740/409/2459 741/429/2460 823/410/2461 824/386/2462
usemtl lambert22SG
f 825/1493/2463 826/1494/2464 827/1495/2465 828/1496/2466
f 826/1494/2467 829/1497/2468 830/1498/2469 827/1495/2470
usemtl lambert2SG
f 743/466/2471 744/467/2472 820/459/2473 821/443/2474
usemtl lambert11SG
f 751/1499/2475 752/1500/2476 818/1501/2477 819/1502/2478
f 752/1500/2479 755/1503/2480 817/1504/2481 818/1501/2482
f 755/1503/2483 757/1505/2484 816/1506/2485 817/1504/2486
f 757/1505/2487 759/1507/2488 815/1508/2489 816/1506/2490
f 759/1507/2491 761/1509/2492 814/1510/2493 815/1508/2494
f 761/1509/2495 763/1511/2496 813/1512/2497 814/1510/2498
usemtl lambert2SG
f 688/479/2499 687/484/2500 686/481/2501 685/480/2502
f 689/474/2503 688/479/2504 685/480/2505 684/475/2506
f 690/468/2507 689/474/2508 684/475/2509 683/469/2510
f 691/460/2511 690/468/2512 683/469/2513 682/461/2514
f 692/446/2515 691/460/2516 682/461/2517 681/447/2518
f 693/432/2519 692/446/2520 681/447/2521 680/413/2522
f 694/411/2523 693/432/2524 680/413/2525 679/412/2526
f 695/388/2527 694/411/2528 679/412/2529 678/389/2530
f 696/364/2531 695/388/2532 678/389/2533 677/348/2534
f 697/347/2535 696/364/2536 677/348/2537 676/324/2538
f 698/334/2539 697/347/2540 676/324/2541 675/323/2542
f 699/311/2543 698/334/2544 675/323/2545 674/312/2546
f 700/286/2547 699/311/2548 674/312/2549 673/287/2550
f 256/263/2551 700/286/2552 673/287/2553 233/240/2554
f 626/1527/2555 627/1528/2556 702/1529/2557 701/1530/2558
f 573/1539/2559 574/1540/2560 704/1541/2561 703/1542/2562
f 628/1531/2563 629/1535/2564 706/1536/2565 705/1532/2566
f 629/1551/2567 572/1552/2568 707/1553/2569 706/1554/2570
f 572/1549/2571 611/1545/2572 708/1546/2573 707/1550/2574
f 624/1537/2575 625/1533/2576 710/1534/2577 709/1538/2578
f 575/1543/2579 576/1547/2580 712/1548/2581 711/1544/2582
f 576/1555/2583 624/1556/2584 709/1557/2585 712/1558/2586
f 625/1533/2587 626/1527/2588 701/1530/2589 710/1534/2590
f 574/1540/2591 575/1543/2592 711/1544/2593 704/1541/2594
f 627/1528/2595 628/1531/2596 705/1532/2597 702/1529/2598
f 611/1545/2599 573/1539/2600 703/1542/2601 708/1546/2602
f 652/1559/2603 653/1560/2604 714/1561/2605 713/1562/2606
f 639/1571/2607 638/1572/2608 716/1573/2609 715/1574/2610
f 638/1583/2611 652/1584/2612 713/1585/2613 716/1586/2614
f 653/1560/2615 654/1563/2616 717/1564/2617 714/1561/2618
f 640/1575/2619 639/1571/2620 715/1574/2621 718/1576/2622
f 654/1563/2623 655/1565/2624 719/1566/2625 717/1564/2626
f 641/1577/2627 640/1575/2628 718/1576/2629 720/1578/2630
f 655/1565/2631 656/1567/2632 721/1568/2633 719/1566/2634
f 642/1579/2635 641/1577/2636 720/1578/2637 722/1580/2638
f 656/1567/2639 657/1569/2640 723/1570/2641 721/1568/2642
f 657/1587/2643 643/1588/2644 724/1589/2645 723/1590/2646
f 643/1581/2647 642/1579/2648 722/1580/2649 724/1582/2650
f 680/1591/2651 681/1592/2652 726/1593/2653 725/1594/2654
f 667/1603/2655 666/1604/2656 728/1605/2657 727/1606/2658
f 666/1615/2659 680/1616/2660 725/1617/2661 728/1618/2662
f 681/1592/2663 682/1595/2664 729/1596/2665 726/1593/2666
f 668/1607/2667 667/1603/2668 727/1606/2669 730/1608/2670
f 682/1595/2671 683/1597/2672 731/1598/2673 729/1596/2674
f 669/1609/2675 668/1607/2676 730/1608/2677 732/1610/2678
f 683/1597/2679 684/1599/2680 733/1600/2681 731/1598/2682
f 670/1611/2683 669/1609/2684 732/1610/2685 734/1612/2686
f 684/1599/2687 685/1601/2688 735/1602/2689 733/1600/2690
f 685/1619/2691 671/1620/2692 736/1621/2693 735/1622/2694
f 671/1613/2695 670/1611/2696 734/1612/2697 736/1614/2698
f 25/354/2699 501/374/2700 737/375/2701 293/335/2702
f 501/374/2703 495/396/2704 738/397/2705 737/375/2706
f 495/396/2707 427/421/2708 739/408/2709 738/397/2710
f 427/421/2711 443/428/2712 740/409/2713 739/408/2714
f 443/428/2715 448/442/2716 741/429/2717 740/409/2718
f 448/442/2719 473/457/2720 742/458/2721 741/429/2722
f 473/457/2723 479/465/2724 743/466/2725 742/458/2726
f 479/465/2727 422/473/2728 744/467/2729 743/466/2730
f 422/473/2731 453/477/2732 745/478/2733 744/467/2734
f 453/477/2735 411/482/2736 746/483/2737 745/478/2738
f 411/482/2739 406/485/2740 747/486/2741 746/483/2742
f 406/485/2743 612/487/2744 748/488/2745 747/486/2746
f 612/487/2747 434/489/2748 749/490/2749 748/488/2750
f 434/489/2751 403/491/2752 750/492/2753 749/490/2754
f 744/1623/2755 745/1624/2756 752/1625/2757 751/1626/2758
f 692/1635/2759 693/1636/2760 754/1637/2761 753/1638/2762
f 820/1649/2763 744/1650/2764 751/1651/2765 819/1652/2766
f 745/1624/2767 746/1627/2768 755/1628/2769 752/1625/2770
f 691/1639/2771 692/1635/2772 753/1638/2773 756/1640/2774
f 746/1627/2775 747/1629/2776 757/1630/2777 755/1628/2778
f 690/1641/2779 691/1639/2780 756/1640/2781 758/1642/2782
f 747/1629/2783 748/1631/2784 759/1632/2785 757/1630/2786
f 689/1643/2787 690/1641/2788 758/1642/2789 760/1644/2790
f 748/1631/2791 749/1633/2792 761/1634/2793 759/1632/2794
f 688/1645/2795 689/1643/2796 760/1644/2797 762/1646/2798
f 749/1657/2799 750/1658/2800 763/1659/2801 761/1660/2802
f 687/1647/2803 688/1645/2804 762/1646/2805 764/1648/2806
usemtl lambert11SG
f 766/1513/2807 765/1514/2808 764/1515/2809 762/1516/2810
f 767/1517/2811 766/1513/2812 762/1516/2813 760/1518/2814
f 768/1519/2815 767/1517/2816 760/1518/2817 758/1520/2818
f 769/1521/2819 768/1519/2820 758/1520/2821 756/1522/2822
f 770/1523/2823 769/1521/2824 756/1522/2825 753/1524/2826
f 771/1525/2827 770/1523/2828 753/1524/2829 754/1526/2830
usemtl lambert2SG
f 693/1655/2831 772/1653/2832 771/1654/2833 754/1656/2834
f 773/444/2835 772/445/2836 693/432/2837 694/411/2838
usemtl lambert12SG
f 802/1661/2839 801/1662/2840 803/1663/2841 804/1664/2842
f 805/1665/2843 802/1661/2844 804/1664/2845 806/1666/2846
usemtl lambert2SG
f 776/363/2847 775/387/2848 696/364/2849 697/347/2850
f 880/362/2851 776/363/2852 697/347/2853 698/334/2854
usemtl lambert11SG
f 863/1485/2855 861/1486/2856 862/1487/2857 864/1488/2858
f 865/1489/2859 863/1485/2860 864/1488/2861 866/1490/2862
f 395/1491/2863 865/1489/2864 866/1490/2865 396/1492/2866
usemtl lambert2SG
f 621/1667/2867 622/1668/2868 778/1669/2869 777/1670/2870
f 578/1673/2871 579/1674/2872 780/1675/2873 779/1676/2874
f 579/1679/2875 621/1680/2876 777/1681/2877 780/1682/2878
f 622/1668/2879 623/1671/2880 781/1672/2881 778/1669/2882
f 623/1683/2883 577/1684/2884 782/1685/2885 781/1686/2886
f 577/1677/2887 578/1673/2888 779/1676/2889 782/1678/2890
f 565/1687/2891 564/1688/2892 783/1689/2893 784/1690/2894
f 564/1693/2895 551/1694/2896 785/1695/2897 783/1696/2898
f 551/1697/2899 552/1698/2900 786/1699/2901 785/1700/2902
f 566/1691/2903 565/1687/2904 784/1690/2905 787/1692/2906
f 552/1698/2907 553/1701/2908 788/1702/2909 786/1699/2910
f 553/1703/2911 566/1704/2912 787/1705/2913 788/1706/2914
f 649/1707/2915 650/1708/2916 790/1709/2917 789/1710/2918
f 636/1713/2919 635/1714/2920 792/1715/2921 791/1716/2922
f 635/1719/2923 649/1720/2924 789/1721/2925 792/1722/2926
f 650/1708/2927 651/1711/2928 793/1712/2929 790/1709/2930
f 651/1723/2931 637/1724/2932 794/1725/2933 793/1726/2934
f 637/1717/2935 636/1713/2936 791/1716/2937 794/1718/2938
f 677/1727/2939 678/1728/2940 796/1729/2941 795/1730/2942
f 664/1733/2943 663/1734/2944 798/1735/2945 797/1736/2946
f 663/1739/2947 677/1740/2948 795/1741/2949 798/1742/2950
f 678/1728/2951 679/1731/2952 799/1732/2953 796/1729/2954
f 679/1743/2955 665/1744/2956 800/1745/2957 799/1746/2958
f 665/1737/2959 664/1733/2960 797/1736/2961 800/1738/2962
f 774/1747/2963 773/1748/2964 801/1749/2965 802/1750/2966
f 773/1753/2967 694/1754/2968 803/1755/2969 801/1756/2970
f 694/1757/2971 695/1758/2972 804/1759/2973 803/1760/2974
f 775/1751/2975 774/1747/2976 802/1750/2977 805/1752/2978
f 695/1758/2979 696/1761/2980 806/1762/2981 804/1759/2982
f 696/1763/2983 775/1764/2984 805/1765/2985 806/1766/2986
f 538/1767/2987 537/1768/2988 807/1769/2989 808/1770/2990
f 537/1773/2991 523/1774/2992 809/1775/2993 807/1776/2994
f 523/1777/2995 524/1778/2996 810/1779/2997 809/1780/2998
f 539/1771/2999 538/1767/3000 808/1770/3001 811/1772/3002
f 524/1778/3003 525/1781/3004 812/1782/3005 810/1779/3006
f 525/1783/3007 539/1784/3008 811/1785/3009 812/1786/3010
usemtl lambert11SG
f 814/1510/3011 813/1512/3012 765/1514/3013 766/1513/3014
f 815/1508/3015 814/1510/3016 766/1513/3017 767/1517/3018
f 816/1506/3019 815/1508/3020 767/1517/3021 768/1519/3022
f 817/1504/3023 816/1506/3024 768/1519/3025 769/1521/3026
f 818/1501/3027 817/1504/3028 769/1521/3029 770/1523/3030
f 819/1502/3031 818/1501/3032 770/1523/3033 771/1525/3034
usemtl lambert2SG
f 772/1653/3035 820/1649/3036 819/1652/3037 771/1654/3038
f 821/443/3039 820/459/3040 772/445/3041 773/444/3042
f 822/430/3043 821/443/3044 773/444/3045 774/431/3046
f 823/410/3047 822/430/3048 774/431/3049 775/387/3050
f 824/386/3051 823/410/3052 775/387/3053 776/363/3054
f 879/385/3055 824/386/3056 776/363/3057 880/362/3058
usemtl lambert11SG
f 858/1482/3059 860/1484/3060 861/1486/3061 863/1485/3062
f 856/1479/3063 858/1482/3064 863/1485/3065 865/1489/3066
f 394/1480/3067 856/1479/3068 865/1489/3069 395/1491/3070
usemtl lambert2SG
f 741/1787/3071 742/1788/3072 826/1789/3073 825/1790/3074
f 822/1793/3075 823/1794/3076 828/1795/3077 827/1796/3078
f 823/1799/3079 741/1800/3080 825/1801/3081 828/1802/3082
f 742/1788/3083 743/1791/3084 829/1792/3085 826/1789/3086
f 743/1803/3087 821/1804/3088 830/1805/3089 829/1806/3090
f 821/1797/3091 822/1793/3092 827/1796/3093 830/1798/3094
f 185/1807/3095 617/1808/3096 833/1809/3097 385/1810/3098
f 583/1815/3099 151/1816/3100 386/1817/3101 834/1818/3102
f 618/1811/3103 619/1813/3104 831/1814/3105 835/1812/3106
f 581/1821/3107 582/1819/3108 836/1820/3109 832/1822/3110
f 617/1808/3111 618/1811/3112 835/1812/3113 833/1809/3114
f 582/1819/3115 583/1815/3116 834/1818/3117 836/1820/3118
f 569/1823/3119 568/1824/3120 837/1825/3121 839/1826/3122
f 555/1831/3123 556/1832/3124 840/1833/3125 838/1834/3126
f 570/1827/3127 569/1823/3128 839/1826/3129 841/1828/3130
f 556/1832/3131 557/1835/3132 842/1836/3133 840/1833/3134
f 140/1829/3135 570/1827/3136 841/1828/3137 387/1830/3138
f 557/1835/3139 129/1837/3140 388/1838/3141 842/1836/3142
f 209/1839/3143 645/1840/3144 843/1841/3145 389/1842/3146
f 631/1847/3147 197/1848/3148 390/1849/3149 844/1850/3150
f 645/1840/3151 646/1843/3152 845/1844/3153 843/1841/3154
f 632/1851/3155 631/1847/3156 844/1850/3157 846/1852/3158
f 646/1843/3159 647/1845/3160 847/1846/3161 845/1844/3162
f 633/1853/3163 632/1851/3164 846/1852/3165 848/1854/3166
f 233/1855/3167 673/1856/3168 849/1857/3169 391/1858/3170
f 659/1863/3171 221/1864/3172 392/1865/3173 850/1866/3174
f 673/1856/3175 674/1859/3176 851/1860/3177 849/1857/3178
f 660/1867/3179 659/1863/3180 850/1866/3181 852/1868/3182
f 674/1859/3183 675/1861/3184 853/1862/3185 851/1860/3186
f 661/1869/3187 660/1867/3188 852/1868/3189 854/1870/3190
f 293/1871/3191 737/1872/3192 855/1873/3193 393/1874/3194
f 737/1872/3195 738/1875/3196 857/1876/3197 855/1873/3198
f 738/1875/3199 739/1877/3200 859/1878/3201 857/1876/3202
f 698/1879/3203 699/1880/3204 864/1881/3205 862/1882/3206
f 699/1880/3207 700/1883/3208 866/1884/3209 864/1881/3210
f 700/1883/3211 256/1885/3212 396/1886/3213 866/1884/3214
f 432/1887/3215 502/1888/3216 869/1889/3217 397/1890/3218
f 503/1895/3219 433/1896/3220 398/1897/3221 870/1898/3222
f 496/1891/3223 428/1893/3224 867/1894/3225 871/1892/3226
f 429/1901/3227 497/1899/3228 872/1900/3229 868/1902/3230
f 502/1888/3231 496/1891/3232 871/1892/3233 869/1889/3234
f 497/1899/3235 503/1895/3236 870/1898/3237 872/1900/3238
f 542/1903/3239 541/1904/3240 873/1905/3241 875/1906/3242
f 527/1911/3243 528/1912/3244 876/1913/3245 874/1914/3246
f 543/1907/3247 542/1903/3248 875/1906/3249 877/1908/3250
f 528/1912/3251 529/1915/3252 878/1916/3253 876/1913/3254
f 544/1909/3255 543/1907/3256 877/1908/3257 399/1910/3258
f 529/1915/3259 530/1917/3260 400/1918/3261 878/1916/3262
f 832/1919/3263 831/1920/3264 619/1921/3265 581/1922/3266
f 838/1923/3267 837/1924/3268 568/1925/3269 555/1926/3270
f 848/1927/3271 847/1928/3272 647/1929/3273 633/1930/3274
f 854/1931/3275 853/1932/3276 675/1933/3277 661/1934/3278
f 860/1935/3279 859/1936/3280 739/1937/3281 879/1938/3282
f 862/1941/3283 861/1939/3284 880/1940/3285 698/1942/3286
f 861/1939/3287 860/1935/3288 879/1938/3289 880/1940/3290
f 868/1943/3291 867/1944/3292 428/1945/3293 429/1946/3294
f 874/1947/3295 873/1948/3296 541/1949/3297 527/1950/3298
s 25
f 750/1951/3299 403/1952/3300 1029/1953/3301 1030/1954/3302
s 26
usemtl lambert13SG
f 458/2118/3303 408/2108/3304 1048/2109/3305 1049/2119/3306
usemtl lambert2SG
f 1629/3433/3307 418/2099/3308 1047/2100/3309 1628/3435/3310
s 28
f 418/2099/3311 421/2090/3312 1046/2089/3313 1047/2100/3314
s 26
usemtl lambert13SG
f 404/2127/3315 458/2118/3316 1049/2119/3317 1050/2128/3318
s 30
usemtl lambert2SG
f 517/2080/3319 1045/2081/3320 1046/2089/3321 421/2090/3322
f 517/2080/3323 531/2068/3324 1044/2069/3325 1045/2081/3326
f 531/2068/3327 545/2055/3328 1043/2056/3329 1044/2069/3330
s off
f 545/2055/3331 558/2043/3332 1042/2044/3333 1043/2056/3334
s 30
f 558/2043/3335 571/2031/3336 1041/2032/3337 1042/2044/3338
s off
f 571/2031/3339 630/2022/3340 1040/2023/3341 1041/2032/3342
s 30
f 630/2022/3343 644/2015/3344 1039/2016/3345 1040/2023/3346
s off
f 644/2015/3347 658/2009/3348 1038/2010/3349 1039/2016/3350
s 30
f 658/2009/3351 672/2004/3352 1037/2005/3353 1038/2010/3354
s off
f 672/2004/3355 686/1997/3356 1036/1990/3357 1037/2005/3358
s 30
f 686/1997/3359 687/1998/3360 1035/1991/3361 1036/1990/3362
s 37
usemtl lambert5SG
f 934/2136/3363 933/2137/3364 1031/2138/3365 1032/2139/3366
s 38
f 938/2140/3367 937/2141/3368 1033/2142/3369 1034/2143/3370
s 39
f 1444/2144/3371 934/2136/3372 1032/2139/3373 1443/2145/3374
s 26
usemtl lambert13SG
f 884/2114/3375 883/2103/3376 1016/2104/3377 1017/2115/3378
f 885/2094/3379 1015/2095/3380 1016/2104/3377 883/2103/3376
s 41
usemtl lambert23SG
f 1618/3489/3381 1617/3490/3382 1619/3491/3383 1620/3492/3384
s 26
usemtl lambert13SG
f 887/2123/3385 884/2114/3375 1017/2115/3378 1018/2124/3386
s 30
usemtl lambert2SG
f 888/2084/3387 1013/2074/3388 1014/2075/3389 886/2085/3390
f 888/2084/3387 889/2072/3391 1012/2062/3392 1013/2074/3388
f 889/2072/3391 890/2073/3393 1011/2061/3394 1012/2062/3392
s 43
usemtl lambert8SG
f 1052/2151/3395 1051/2152/3396 1053/2153/3397 1054/2154/3398
s 30
usemtl lambert2SG
f 891/2059/3399 892/2060/3400 1009/2047/3401 1010/2048/3402
s 45
usemtl lambert8SG
f 1066/2155/3403 1065/2156/3404 1067/2157/3405 1068/2158/3406
s 30
usemtl lambert2SG
f 893/2045/3407 894/2046/3408 1007/2035/3409 1008/2036/3410
s 47
usemtl lambert8SG
f 1080/2159/3411 1079/2160/3412 1081/2161/3413 1082/2162/3414
s 30
usemtl lambert2SG
f 895/2033/3415 896/2034/3416 1005/2019/3417 1006/2024/3418
s 49
usemtl lambert8SG
f 1094/2163/3419 1093/2164/3420 1095/2165/3421 1096/2166/3422
s 30
usemtl lambert2SG
f 897/2003/3423 898/2002/3424 1003/2007/3425 1004/2008/3426
s 51
usemtl lambert6SG
f 1020/2207/3427 1019/2208/3428 1021/2209/3429 1022/2210/3430
s 30
usemtl lambert2SG
f 1437/1981/3431 899/1976/3432 1001/1985/3433 1436/1986/3434
s 25
f 914/1956/3435 913/1955/3436 941/1957/3437 942/1958/3438
s 53
f 915/1961/3439 914/1956/3440 942/1958/3441 943/1962/3442
s 30
f 1441/1966/3443 915/1961/3444 943/1962/3445 1440/1967/3446
s off
f 917/1979/3447 916/1972/3448 944/1973/3449 945/1980/3450
s 30
f 918/1983/3451 917/1979/3452 945/1980/3453 946/1984/3454
s 49
usemtl lambert8SG
f 1098/2167/3455 1097/2168/3456 1099/2169/3457 1100/2170/3458
s 30
usemtl lambert2SG
f 920/2014/3459 919/2013/3460 947/2020/3461 948/2021/3462
s 47
usemtl lambert8SG
f 1084/2171/3463 1083/2172/3464 1085/2173/3465 1086/2174/3466
s 30
usemtl lambert2SG
f 922/2030/3467 921/2029/3468 949/2041/3469 950/2042/3470
s 45
usemtl lambert8SG
f 1070/2175/3471 1069/2176/3472 1071/2177/3473 1072/2178/3474
s 30
usemtl lambert2SG
f 924/2054/3475 923/2053/3476 951/2066/3477 952/2067/3478
s 43
usemtl lambert8SG
f 1056/2179/3479 1055/2180/3480 1057/2181/3481 1058/2182/3482
s 30
usemtl lambert2SG
f 926/2079/3483 925/2078/3484 953/2086/3485 954/2087/3486
f 927/2088/3487 926/2079/3488 954/2087/3489 955/2097/3490
f 927/2088/3491 955/2097/3492 956/2106/3493 928/2098/3494
s 28
f 929/2107/3495 928/2098/3496 956/2106/3497 957/2116/3498
s 26
f 1627/3436/3499 929/2107/3500 957/2116/3501
usemtl lambert13SG
f 931/2126/3502 930/2117/3503 958/2125/3504 959/2132/3505
f 932/2133/3506 931/2126/3507 959/2132/3508 960/2135/3509
s 60
usemtl lambert2SG
f 750/2213/3510 1030/2214/3511 1031/2215/3512 933/2216/3513
s 61
f 914/2219/3514 915/2220/3515 936/2221/3516 935/2222/3517
f 916/2225/3518 917/2227/3519 940/2228/3520 939/2226/3521
s 63
f 1035/2229/3522 687/2230/3523 938/2231/3524 1034/2232/3525
s 61
f 915/2220/3515 1441/2223/3526 1442/2224/3527 936/2221/3516
s 25
f 942/1958/3438 941/1957/3437 961/1959/3528 962/1960/3529
s 53
f 943/1962/3442 942/1958/3441 962/1960/3530 963/1965/3531
s 30
f 1440/1967/3446 943/1962/3445 963/1965/3532 1439/1971/3533
s off
usemtl lambert4SG
f 1026/2235/3534 1025/2236/3535 1027/2237/3536 1028/2238/3537
s 30
usemtl lambert2SG
f 946/1984/3454 945/1980/3453 965/1988/3538 966/1992/3539
s 49
usemtl lambert8SG
f 1100/2170/3458 1099/2169/3457 1101/2183/3540 1102/2184/3541
s 30
usemtl lambert2SG
f 948/2021/3462 947/2020/3461 967/2027/3542 968/2028/3543
s 47
usemtl lambert8SG
f 1086/2174/3466 1085/2173/3465 1087/2185/3544 1088/2186/3545
s 30
usemtl lambert2SG
f 950/2042/3470 949/2041/3469 969/2051/3546 970/2052/3547
s 45
usemtl lambert8SG
f 1072/2178/3474 1071/2177/3473 1073/2187/3548 1074/2188/3549
s 30
usemtl lambert2SG
f 952/2067/3478 951/2066/3477 971/2076/3550 972/2077/3551
s 43
usemtl lambert8SG
f 1058/2182/3482 1057/2181/3481 1059/2189/3552 1060/2190/3553
s 30
usemtl lambert2SG
f 954/2087/3486 953/2086/3485 973/2092/3554 974/2091/3555
f 955/2097/3490 954/2087/3489 974/2091/3556 975/2101/3557
f 955/2097/3492 975/2101/3558 976/2105/3559 956/2106/3493
s 41
usemtl lambert23SG
f 1622/3493/3560 1621/3494/3561 1623/3495/3562 1624/3496/3563
s 26
usemtl lambert13SG
f 957/2116/3501 977/2110/3564 978/2120/3565 958/2125/3566
f 959/2132/3505 958/2125/3504 978/2120/3567 979/2129/3568
f 960/2135/3509 959/2132/3508 979/2129/3569 980/2134/3570
s 25
usemtl lambert2SG
f 962/1960/3529 961/1959/3528 981/1963/3571 982/1964/3572
s 53
f 963/1965/3531 962/1960/3530 982/1964/3573 983/1970/3574
s 30
f 1439/1971/3533 963/1965/3532 983/1970/3575 1438/1977/3576
s off
f 965/1988/3577 964/1978/3578 984/1982/3579 985/1989/3580
s 30
f 966/1992/3539 965/1988/3538 985/1989/3581 986/1996/3582
s 49
usemtl lambert8SG
f 1102/2184/3541 1101/2183/3540 1103/2191/3583 1104/2192/3584
s 30
usemtl lambert2SG
f 968/2028/3543 967/2027/3542 987/2039/3585 988/2040/3586
s 47
usemtl lambert8SG
f 1088/2186/3545 1087/2185/3544 1089/2193/3587 1090/2194/3588
s 30
usemtl lambert2SG
f 970/2052/3547 969/2051/3546 989/2058/3589 990/2057/3590
s 45
usemtl lambert8SG
f 1074/2188/3549 1073/2187/3548 1075/2195/3591 1076/2196/3592
s 30
usemtl lambert2SG
f 972/2077/3551 971/2076/3550 991/2071/3593 992/2070/3594
s 43
usemtl lambert8SG
f 1060/2190/3553 1059/2189/3552 1061/2197/3595 1062/2198/3596
s 30
usemtl lambert2SG
f 974/2091/3555 973/2092/3554 993/2083/3597 994/2082/3598
f 975/2101/3557 974/2091/3556 994/2082/3599 995/2093/3600
f 975/2101/3558 995/2093/3601 996/2096/3602 976/2105/3559
s 41
usemtl lambert23SG
f 1624/3496/3563 1623/3495/3562 1625/3497/3603 1626/3498/3604
s 26
usemtl lambert13SG
f 977/2110/3564 997/2102/3605 998/2111/3606 978/2120/3565
f 979/2129/3568 978/2120/3567 998/2111/3607 999/2121/3608
f 980/2134/3570 979/2129/3569 999/2121/3609 1000/2130/3610
s 25
usemtl lambert2SG
f 982/1964/3572 981/1963/3571 881/1968/3611 882/1969/3612
s off
usemtl lambert3SG
f 1583/3376/3613 1582/3377/3614 1584/2364/3615 1585/2363/3616
s 30
usemtl lambert2SG
f 1438/1977/3576 983/1970/3575 899/1976/3432 1437/1981/3431
s 51
usemtl lambert6SG
f 1024/2211/3617 1023/2212/3618 1019/2208/3428 1020/2207/3427
s 30
usemtl lambert2SG
f 986/1996/3582 985/1989/3581 898/2002/3424 897/2003/3423
s 49
usemtl lambert8SG
f 1104/2192/3584 1103/2191/3583 1093/2164/3420 1094/2163/3419
s 30
usemtl lambert2SG
f 988/2040/3586 987/2039/3585 896/2034/3416 895/2033/3415
s 47
usemtl lambert8SG
f 1090/2194/3588 1089/2193/3587 1079/2160/3412 1080/2159/3411
s 30
usemtl lambert2SG
f 990/2057/3590 989/2058/3589 894/2046/3408 893/2045/3407
s 45
usemtl lambert8SG
f 1076/2196/3592 1075/2195/3591 1065/2156/3404 1066/2155/3403
s 30
usemtl lambert2SG
f 992/2070/3594 991/2071/3593 892/2060/3400 891/2059/3399
s 43
usemtl lambert8SG
f 1062/2198/3596 1061/2197/3595 1051/2152/3396 1052/2151/3395
s 30
usemtl lambert2SG
f 994/2082/3598 993/2083/3597 890/2073/3393 889/2072/3391
f 995/2093/3600 994/2082/3599 889/2072/3391 888/2084/3387
f 995/2093/3601 888/2084/3387 886/2085/3390 996/2096/3602
s 41
usemtl lambert23SG
f 1626/3498/3604 1625/3497/3603 1617/3490/3382 1618/3489/3381
s 26
usemtl lambert13SG
f 997/2102/3605 885/2094/3379 883/2103/3376 998/2111/3606
f 999/2121/3608 998/2111/3607 883/2103/3376 884/2114/3375
f 1000/2130/3610 999/2121/3609 884/2114/3375 887/2123/3385
s 30
usemtl lambert2SG
f 1436/1986/3434 1001/1985/3433 912/1993/3619 1435/1994/3620
f 1003/2007/3425 1002/1995/3621 911/2001/3622
f 1004/2008/3426 1003/2007/3425 911/2001/3622 910/2011/3623
f 1005/2019/3417 1004/2008/3426 910/2011/3623
f 1006/2024/3418 1005/2019/3417 910/2011/3623 909/2017/3624
f 1007/2035/3409 1006/2024/3418 909/2017/3624
f 1008/2036/3410 1007/2035/3409 909/2017/3624 908/2025/3625
f 1009/2047/3401 1008/2036/3410 908/2025/3625
f 1010/2048/3402 1009/2047/3401 908/2025/3625 907/2037/3626
f 1011/2061/3394 1010/2048/3402 907/2037/3626
f 1012/2062/3392 1011/2061/3394 907/2037/3626 906/2049/3627
f 1013/2074/3388 1012/2062/3392 906/2049/3627
f 1013/2074/3388 906/2049/3627 904/2065/3628 1014/2075/3389
s 26
usemtl lambert13SG
f 1015/2095/3380 903/2112/3629 901/2113/3630 1016/2104/3377
f 1017/2115/3378 1016/2104/3377 901/2113/3630 902/2122/3631
f 1018/2124/3386 1017/2115/3378 902/2122/3631 905/2131/3632
s 66
usemtl lambert2SG
f 900/2239/3633 1002/2240/3634 1021/2241/3635 1019/2242/3636
s off
f 1002/2245/3637 1003/2246/3638 1022/2247/3639 1021/2248/3640
s 67
f 1003/2249/3641 898/2250/3642 1020/2251/3643 1022/2252/3644
s off
f 985/2255/3645 984/2256/3646 1023/2257/3647 1024/2258/3648
s 66
f 984/2243/3649 900/2239/3633 1019/2242/3636 1023/2244/3650
s 67
f 898/2250/3642 985/2253/3651 1024/2254/3652 1020/2251/3643
s off
f 945/2259/3653 944/2260/3654 1025/2261/3655 1026/2262/3656
f 944/2263/3657 964/2264/3658 1027/2265/3659 1025/2266/3660
f 964/2267/3661 965/2268/3662 1028/2269/3663 1027/2270/3664
f 965/2271/3665 945/2272/3666 1026/2273/3667 1028/2274/3668
s 25
f 1030/1954/3302 1029/1953/3301 913/1955/3436 914/1956/3435
s 60
f 1031/2215/3512 1030/2214/3511 914/2217/3669 935/2218/3670
s 37
usemtl lambert5SG
f 1032/2139/3366 1031/2138/3365 935/2146/3671 936/2147/3672
s 39
f 1443/2145/3374 1032/2139/3373 936/2147/3673 1442/2148/3674
s 38
f 1034/2143/3370 1033/2142/3369 939/2149/3675 940/2150/3676
s 63
usemtl lambert2SG
f 917/2233/3677 1035/2229/3522 1034/2232/3525 940/2234/3678
s 30
f 1036/1990/3362 1035/1991/3361 917/1979/3452 918/1983/3451
s 49
usemtl lambert8SG
f 1106/2199/3679 1105/2200/3680 1097/2168/3456 1098/2167/3455
s 30
usemtl lambert2SG
f 1038/2010/3354 1037/2005/3353 919/2013/3460 920/2014/3459
s 47
usemtl lambert8SG
f 1092/2201/3681 1091/2202/3682 1083/2172/3464 1084/2171/3463
s 30
usemtl lambert2SG
f 1040/2023/3346 1039/2016/3345 921/2029/3468 922/2030/3467
s 45
usemtl lambert8SG
f 1078/2203/3683 1077/2204/3684 1069/2176/3472 1070/2175/3471
s 30
usemtl lambert2SG
f 1042/2044/3338 1041/2032/3337 923/2053/3476 924/2054/3475
s 43
usemtl lambert8SG
f 1064/2205/3685 1063/2206/3686 1055/2180/3480 1056/2179/3479
s 30
usemtl lambert2SG
f 1044/2069/3330 1043/2056/3329 925/2078/3484 926/2079/3483
f 1045/2081/3326 1044/2069/3325 926/2079/3488 927/2088/3487
f 1045/2081/3320 927/2088/3491 928/2098/3494 1046/2089/3321
s 28
f 1047/2100/3314 1046/2089/3313 928/2098/3496 929/2107/3495
s 26
f 1628/3435/3310 1047/2100/3309 929/2107/3500 1627/3436/3499
usemtl lambert13SG
f 1049/2119/3306 1048/2109/3305 930/2117/3503 931/2126/3502
f 1050/2128/3318 1049/2119/3317 931/2126/3507 932/2133/3506
s 68
usemtl lambert2SG
f 891/2275/3687 1010/2276/3688 1053/2277/3689 1051/2278/3690
s off
f 1010/2289/3691 1011/2290/3692 1054/2291/3693 1053/2292/3694
s 69
f 1011/2293/3695 890/2294/3696 1052/2295/3697 1054/2296/3698
s 68
f 924/2285/3699 952/2283/3700 1057/2284/3701 1055/2286/3702
s 69
f 953/2301/3703 925/2303/3704 1056/2304/3705 1058/2302/3706
s 68
f 952/2283/3700 972/2281/3707 1059/2282/3708 1057/2284/3701
s 69
f 973/2299/3709 953/2301/3703 1058/2302/3706 1060/2300/3710
s 68
f 972/2281/3707 992/2279/3711 1061/2280/3712 1059/2282/3708
s 69
f 993/2297/3713 973/2299/3709 1060/2300/3710 1062/2298/3714
s 68
f 992/2279/3711 891/2275/3687 1051/2278/3690 1061/2280/3712
s 69
f 890/2294/3696 993/2297/3713 1062/2298/3714 1052/2295/3697
s off
f 1043/2307/3715 1042/2308/3716 1063/2309/3717 1064/2310/3718
s 68
f 1042/2287/3719 924/2285/3699 1055/2286/3702 1063/2288/3720
s 69
f 925/2303/3704 1043/2305/3721 1064/2306/3722 1056/2304/3705
s 72
f 893/2311/3723 1008/2312/3724 1067/2313/3725 1065/2314/3726
s off
f 1008/2325/3727 1009/2326/3728 1068/2327/3729 1067/2328/3730
s 73
f 1009/2329/3731 892/2330/3732 1066/2331/3733 1068/2332/3734
s 72
f 922/2321/3735 950/2319/3736 1071/2320/3737 1069/2322/3738
s 73
f 951/2337/3739 923/2339/3740 1070/2340/3741 1072/2338/3742
s 72
f 950/2319/3736 970/2317/3743 1073/2318/3744 1071/2320/3737
s 73
f 971/2335/3745 951/2337/3739 1072/2338/3742 1074/2336/3746
s 72
f 970/2317/3743 990/2315/3747 1075/2316/3748 1073/2318/3744
s 73
f 991/2333/3749 971/2335/3745 1074/2336/3746 1076/2334/3750
s 72
f 990/2315/3747 893/2311/3723 1065/2314/3726 1075/2316/3748
s 73
f 892/2330/3732 991/2333/3749 1076/2334/3750 1066/2331/3733
s off
f 1041/2343/3751 1040/2344/3752 1077/2345/3753 1078/2346/3754
s 72
f 1040/2323/3755 922/2321/3735 1069/2322/3738 1077/2324/3756
s 73
f 923/2339/3740 1041/2341/3757 1078/2342/3758 1070/2340/3741
s 76
f 895/2347/3759 1006/2348/3760 1081/2349/3761 1079/2350/3762
s off
usemtl lambert8SG
f 1006/2361/3763 1007/2362/3764 1082/2162/3765 1081/2161/3766
s 77
usemtl lambert2SG
f 1007/2365/3767 894/2366/3768 1080/2367/3769 1082/2368/3770
s 76
f 920/2357/3771 948/2355/3772 1085/2356/3773 1083/2358/3774
s 77
f 949/2373/3775 921/2375/3776 1084/2376/3777 1086/2374/3778
s 76
f 948/2355/3772 968/2353/3779 1087/2354/3780 1085/2356/3773
s 77
f 969/2371/3781 949/2373/3775 1086/2374/3778 1088/2372/3782
s 76
f 968/2353/3779 988/2351/3783 1089/2352/3784 1087/2354/3780
s 77
f 989/2369/3785 969/2371/3781 1088/2372/3782 1090/2370/3786
s 76
f 988/2351/3783 895/2347/3759 1079/2350/3762 1089/2352/3784
s 77
f 894/2366/3768 989/2369/3785 1090/2370/3786 1080/2367/3769
s off
f 1039/2379/3787 1038/2380/3788 1091/2381/3789 1092/2382/3790
s 76
f 1038/2359/3791 920/2357/3771 1083/2358/3774 1091/2360/3792
s 77
f 921/2375/3776 1039/2377/3793 1092/2378/3794 1084/2376/3777
s 80
f 897/2383/3795 1004/2384/3796 1095/2385/3797 1093/2386/3798
s off
f 1004/2397/3799 1005/2398/3800 1096/2399/3801 1095/2400/3802
s 81
f 1005/2401/3803 896/2402/3804 1094/2403/3805 1096/2404/3806
s 80
f 918/2393/3807 946/2391/3808 1099/2392/3809 1097/2394/3810
s 81
f 947/2409/3811 919/2411/3812 1098/2412/3813 1100/2410/3814
s 80
f 946/2391/3808 966/2389/3815 1101/2390/3816 1099/2392/3809
s 81
f 967/2407/3817 947/2409/3811 1100/2410/3814 1102/2408/3818
s 80
f 966/2389/3815 986/2387/3819 1103/2388/3820 1101/2390/3816
s 81
f 987/2405/3821 967/2407/3817 1102/2408/3818 1104/2406/3822
s 80
f 986/2387/3819 897/2383/3795 1093/2386/3798 1103/2388/3820
s 81
f 896/2402/3804 987/2405/3821 1104/2406/3822 1094/2403/3805
s off
f 1037/2415/3823 1036/2416/3824 1105/2417/3825 1106/2418/3826
s 80
f 1036/2395/3827 918/2393/3807 1097/2394/3810 1105/2396/3828
s 81
f 919/2411/3812 1037/2413/3829 1106/2414/3830 1098/2412/3813
s 25
f 882/1969/3612 881/1968/3611 1107/1974/3831 1108/1975/3832
s 84
f 899/2419/3833 882/2420/3834 1140/2421/3835 1141/2422/3836
s 85
f 1452/2427/3837 1151/2428/3838 1153/2429/3839 1451/2430/3840
s off
f 1151/2428/3841 1155/2431/3842 1156/2432/3843 1153/2429/3844
f 1155/2431/3845 1157/2435/3846 1158/2436/3847 1156/2432/3848
f 1157/2435/3849 1159/2437/3850 1160/2438/3851 1158/2436/3852
f 1159/2437/3853 1161/2439/3854 1162/2440/3855 1160/2438/3856
f 1161/2439/3857 1163/2441/3858 1164/2442/3859 1162/2440/3860
s 86
usemtl lambert13SG
f 1001/2447/3861 899/2448/3862 1141/2449/3863 1142/2450/3864
s 87
usemtl lambert2SG
f 1434/2443/3865 1165/2445/3866 1166/2446/3867 1433/2444/3868
s 88
usemtl lambert13SG
f 912/2453/3869 1001/2447/3870 1142/2450/3871 1143/2454/3872
s 89
f 1014/2463/3873 904/2464/3874 1150/2465/3875 1137/2468/3876 1113/2471/3877 1121/2472/3878 1598/3506/3879 1608/3401/3880 1611/3406/3881 1614/3411/3882 1593/3384/3883 1590/3379/3884 1678/2774/3885 1675/2779/3886 1619/3516/3887
s 90
f 903/2475/3888 1015/2476/3889 1620/3517/3890 1676/2778/3891 1677/2776/3892
s 91
usemtl lambert2SG
f 882/2479/3893 1108/2480/3894 1139/2481/3895 1140/2482/3896
s 92
f 1108/2487/3897 1107/2488/3898 1138/2489/3899 1139/2490/3900
f 1126/2492/3901 1125/2491/3902 1124/2493/3903 1123/2494/3904
s 91
f 1127/2484/3905 1126/2483/3906 1123/2485/3907 1109/2486/3908
s 84
f 1128/2424/3909 1127/2423/3910 1109/2425/3911 1110/2426/3912
s 86
usemtl lambert13SG
f 1129/2452/3913 1128/2451/3914 1110/2455/3915 1119/2456/3916
s 88
f 1130/2457/3917 1129/2452/3918 1119/2456/3919 1120/2460/3920
s 93
usemtl lambert2SG
f 1430/2495/3921 1402/2496/3922 1404/2497/3923 1429/2498/3924
s off
f 1406/2501/3925 1403/2499/3926 1405/2500/3927 1407/2502/3928
f 1408/2503/3929 1406/2501/3930 1407/2502/3931 1409/2504/3932
f 1410/2505/3933 1408/2503/3934 1409/2504/3935 1411/2506/3936
f 1412/2507/3937 1410/2505/3938 1411/2506/3939 1413/2508/3940
f 1414/2509/3941 1412/2507/3942 1413/2508/3943 1415/2510/3944
s 94
f 1448/2511/3945 1414/2509/3946 1415/2510/3947 1447/2512/3948
s 92
f 1139/2490/3900 1138/2489/3899 1125/2491/3902 1126/2492/3901
s 91
f 1140/2482/3896 1139/2481/3895 1126/2483/3906 1127/2484/3905
s 84
f 1141/2422/3836 1140/2421/3835 1127/2423/3910 1128/2424/3909
s 86
usemtl lambert13SG
f 1142/2450/3864 1141/2449/3863 1128/2451/3914 1129/2452/3913
s 88
f 1143/2454/3872 1142/2450/3871 1129/2452/3918 1130/2457/3917
s off
usemtl lambert21SG
f 1446/2515/3949 1445/2516/3950 1402/2517/3951 1430/2518/3952
usemtl lambert20SG
f 1145/2519/3953 1144/2520/3954 1131/2521/3955 1132/2522/3956
f 1146/2525/3957 1145/2519/3958 1132/2522/3959 1133/2526/3960
f 1147/2527/3961 1146/2525/3962 1133/2526/3963 1134/2528/3964
f 1148/2529/3965 1147/2527/3966 1134/2528/3967 1135/2530/3968
f 1149/2531/3969 1148/2529/3970 1135/2530/3971 1136/2532/3972
f 1450/2533/3973 1149/2531/3974 1136/2532/3975 1449/2534/3976
s 30
usemtl lambert2SG
f 906/2049/3627 1151/2050/3977 1452/2063/3978 1152/2064/3979 904/2065/3628
s 95
f 1149/2535/3980 1450/2536/3981 1451/2537/3982 1153/2538/3983
s off
f 1150/2465/3984 904/2464/3985 1152/2466/3986 1154/2467/3987
s 30
f 906/2049/3627 907/2037/3626 1155/2038/3988 1151/2050/3977
s 95
f 1148/2541/3989 1149/2535/3980 1153/2538/3983 1156/2542/3990
s 30
f 907/2037/3626 908/2025/3625 1157/2026/3991 1155/2038/3988
s 95
f 1147/2543/3992 1148/2541/3989 1156/2542/3990 1158/2544/3993
s 30
f 908/2025/3625 909/2017/3624 1159/2018/3994 1157/2026/3991
s 95
f 1146/2545/3995 1147/2543/3992 1158/2544/3993 1160/2546/3996
s 30
f 909/2017/3624 910/2011/3623 1161/2012/3997 1159/2018/3994
s 95
f 1145/2547/3998 1146/2545/3995 1160/2546/3996 1162/2548/3999
s 30
f 910/2011/3623 911/2001/3622 1163/2006/4000 1161/2012/3997
s 95
f 1144/2549/4001 1145/2547/3998 1162/2548/3999 1164/2550/4002
s 30
f 1435/1994/3620 912/1993/3619 1165/1999/4003 1434/2000/4004
s 88
f 912/2453/3869 1143/2454/3872 1166/2458/4005 1165/2459/4006
s 96
f 304/2553/4007 1311/2554/4008 1310/2555/4009 1/2556/4010
s 97
usemtl lambert13SG
f 54/2706/4011 1330/2707/4012 1329/2697/4013 6/2696/4014
s 98
f 1167/2686/4015 6/2696/4016 1329/2697/4017 1328/2687/4018
s 99
usemtl lambert2SG
f 1167/2686/4019 1328/2687/4020 1327/2677/4021 1168/2676/4022
s 100
usemtl lambert13SG
f 2/2717/4023 1331/2718/4024 1330/2707/4025 54/2706/4026
s 101
usemtl lambert2SG
f 1326/2667/4027 1169/2666/4028 1168/2676/4029 1327/2677/4030
f 1169/2666/4031 1326/2667/4032 1325/2658/4033 1170/2657/4034
f 1170/2657/4035 1325/2658/4036 1324/2648/4037 1171/2647/4038
s off
f 1171/2647/4039 1324/2648/4040 1323/2639/4041 1172/2638/4042
s 101
f 1172/2638/4043 1323/2639/4044 1322/2631/4045 1173/2630/4046
s off
f 1173/2630/4047 1322/2631/4048 1321/2626/4049 1174/2625/4050
s 101
f 1174/2625/4051 1321/2626/4052 1320/2620/4053 1175/2619/4054
s off
f 1175/2619/4055 1320/2620/4056 1319/2613/4057 1176/2612/4058
s 101
f 1176/2612/4059 1319/2613/4060 1318/2606/4061 1177/2605/4062
s off
f 1177/2605/4063 1318/2606/4064 1317/2592/4065 1178/2598/4066
s 101
f 1178/2598/4067 1317/2592/4068 1316/2593/4069 245/2599/4070
s 108
usemtl lambert5SG
f 1224/2752/4071 1313/2753/4072 1312/2754/4073 1223/2755/4074
s 109
f 318/2756/4075 1315/2757/4076 1314/2758/4077 1227/2759/4078
s 110
f 1418/2760/4079 1419/2761/4080 1313/2753/4081 1224/2752/4082
s 98
usemtl lambert13SG
f 1181/2743/4083 1303/2744/4084 1302/2740/4085 1180/2739/4086
f 1180/2739/4086 1302/2740/4085 1122/2734/4087 1182/2733/4088
s 112
usemtl lambert23SG
f 1596/3499/4089 1597/3500/4090 1598/3501/4091 1599/3502/4092
s 101
usemtl lambert2SG
f 1301/2703/4093 1184/2716/4094 1183/2724/4095 1121/2714/4096
f 1184/2716/4094 1301/2703/4093 1300/2694/4097 1185/2704/4098
f 1185/2704/4098 1300/2694/4097 1299/2683/4099 1186/2705/4100
s 114
f 1186/2705/4101 1299/2683/4102 1298/2674/4103 1187/2684/4104
s 101
f 1187/2684/4105 1298/2674/4106 1297/2663/4107 1188/2685/4108
s 116
f 1188/2685/4109 1297/2663/4110 1296/2655/4111 1189/2664/4112
s 101
f 1189/2664/4113 1296/2655/4114 1295/2644/4115 1190/2665/4116
s 118
f 1190/2665/4117 1295/2644/4118 1294/2636/4119 1191/2645/4120
s 101
f 1191/2645/4121 1294/2636/4122 1293/2629/4123 1192/2646/4124
s 120
f 1192/2646/4125 1293/2629/4126 1292/2617/4127 1193/2610/4128
s 101
f 1193/2610/4129 1292/2617/4130 1291/2618/4131 1194/2611/4132
s 122
f 1194/2611/4133 1291/2618/4134 1290/2607/4135 1195/2600/4136
s 101
f 1426/2595/4137 1427/2601/4138 1119/2602/4139 1110/2587/4140
s 96
f 1204/2557/4141 1231/2559/4142 1230/2560/4143 1203/2558/4144
s 125
f 1205/2561/4145 1232/2562/4146 1231/2559/4147 1204/2557/4148
s 101
f 1421/2565/4149 1422/2566/4150 1232/2562/4151 1205/2561/4152
s off
f 1207/2576/4153 1234/2577/4154 1233/2571/4155 1206/2570/4156
s 101
f 1208/2583/4157 1235/2584/4158 1234/2577/4159 1207/2576/4160
s 128
usemtl lambert8SG
f 1363/2789/4161 1365/2790/4162 1364/2791/4163 1362/2792/4164
s 101
usemtl lambert2SG
f 1210/2621/4165 1237/2627/4166 1236/2628/4167 1209/2622/4168
s 130
usemtl lambert8SG
f 1353/2793/4169 1355/2794/4170 1354/2795/4171 1352/2796/4172
s 101
usemtl lambert2SG
f 1212/2632/4173 1239/2640/4174 1238/2641/4175 1211/2633/4176
s 132
usemtl lambert8SG
f 1343/2797/4177 1345/2798/4178 1344/2799/4179 1342/2800/4180
s 101
usemtl lambert2SG
f 1214/2649/4181 1241/2659/4182 1240/2660/4183 1213/2650/4184
s 134
usemtl lambert8SG
f 1333/2801/4185 1335/2802/4186 1334/2803/4187 1332/2804/4188
s 101
usemtl lambert2SG
f 1216/2668/4189 1243/2679/4190 1242/2680/4191 1215/2669/4192
f 1217/2678/4193 1244/2689/4194 1243/2679/4195 1216/2668/4196
f 1244/2689/4197 1217/2678/4198 1218/2688/4199 1245/2699/4200
s 99
f 1219/2698/4201 1246/2709/4202 1245/2699/4203 1218/2688/4204
s 98
usemtl lambert13SG
f 1220/2708/4205 1247/2720/4206 1246/2709/4207 1219/2698/4208
s 97
f 1221/2719/4209 1248/2729/4210 1247/2720/4211 1220/2708/4212
s 100
f 1222/2728/4213 1249/2735/4214 1248/2729/4215 1221/2719/4216
s 140
usemtl lambert2SG
f 304/2837/4217 1223/2838/4218 1312/2839/4219 1311/2840/4220
s 141
f 1204/2843/4221 1225/2844/4222 1226/2845/4223 1205/2846/4224
f 1206/2850/4225 1228/2849/4226 1229/2851/4227 1207/2852/4228
s 143
f 1316/929/4229 1315/930/4230 318/928/4231 245/927/4232
s 141
f 1205/2846/4224 1226/2845/4223 1420/2847/4233 1421/2848/4234
s 96
f 1231/2559/4142 1251/2563/4235 1250/2564/4236 1230/2560/4143
s 125
f 1232/2562/4146 1252/2567/4237 1251/2563/4238 1231/2559/4147
s 101
f 1422/2566/4150 1423/2572/4239 1252/2567/4240 1232/2562/4151
s off
usemtl lambert8SG
f 1307/2853/4241 1309/2854/4242 1308/2855/4243 1306/2856/4244
s 101
usemtl lambert2SG
f 1235/2584/4158 1255/2590/4245 1254/2591/4246 1234/2577/4159
s 128
usemtl lambert8SG
f 1365/2790/4162 1367/2805/4247 1366/2806/4248 1364/2791/4163
s 101
usemtl lambert2SG
f 1237/2627/4166 1257/2634/4249 1256/2635/4250 1236/2628/4167
s 130
usemtl lambert8SG
f 1355/2794/4170 1357/2807/4251 1356/2808/4252 1354/2795/4171
s 101
usemtl lambert2SG
f 1239/2640/4174 1259/2651/4253 1258/2652/4254 1238/2641/4175
s 132
usemtl lambert8SG
f 1345/2798/4178 1347/2809/4255 1346/2810/4256 1344/2799/4179
s 101
usemtl lambert2SG
f 1241/2659/4182 1261/2670/4257 1260/2671/4258 1240/2660/4183
s 134
usemtl lambert8SG
f 1335/2802/4186 1337/2811/4259 1336/2812/4260 1334/2803/4187
s 101
usemtl lambert2SG
f 1243/2679/4190 1263/2690/4261 1262/2691/4262 1242/2680/4191
f 1244/2689/4194 1264/2700/4263 1263/2690/4264 1243/2679/4195
f 1264/2700/4265 1244/2689/4197 1245/2699/4200 1265/2710/4266
s 112
usemtl lambert23SG
f 1600/2788/4267 1601/2787/4268 1602/2786/4269 1603/2785/4270
s 98
usemtl lambert13SG
f 1246/2709/4207 1247/2720/4206 1267/2730/4271 1266/2721/4272
s 97
f 1248/2729/4210 1268/2736/4273 1267/2730/4274 1247/2720/4211
s 100
f 1249/2735/4214 1269/2741/4275 1268/2736/4276 1248/2729/4215
s 96
usemtl lambert2SG
f 1251/2563/4235 1271/2568/4277 1270/2569/4278 1250/2564/4236
s 125
f 1252/2567/4237 1272/2573/4279 1271/2568/4280 1251/2563/4238
s 101
f 1423/2572/4239 1424/2579/4281 1272/2573/4282 1252/2567/4240
s off
usemtl lambert8SG
f 1309/2854/4283 1305/2857/4284 1304/2858/4285 1308/2855/4286
s 101
usemtl lambert2SG
f 1255/2590/4245 1275/2596/4287 1274/2597/4288 1254/2591/4246
s 128
usemtl lambert8SG
f 1367/2805/4247 1369/2813/4289 1368/2814/4290 1366/2806/4248
s 101
usemtl lambert2SG
f 1257/2634/4249 1277/2642/4291 1276/2643/4292 1256/2635/4250
s 130
usemtl lambert8SG
f 1357/2807/4251 1359/2815/4293 1358/2816/4294 1356/2808/4252
s 101
usemtl lambert2SG
f 1259/2651/4253 1279/2661/4295 1278/2662/4296 1258/2652/4254
s 132
usemtl lambert8SG
f 1347/2809/4255 1349/2817/4297 1348/2818/4298 1346/2810/4256
s 101
usemtl lambert2SG
f 1261/2670/4257 1281/2681/4299 1280/2682/4300 1260/2671/4258
s 134
usemtl lambert8SG
f 1337/2811/4259 1339/2819/4301 1338/2820/4302 1336/2812/4260
s 101
usemtl lambert2SG
f 1263/2690/4261 1283/2701/4303 1282/2702/4304 1262/2691/4262
f 1264/2700/4263 1284/2711/4305 1283/2701/4306 1263/2690/4264
f 1284/2711/4307 1264/2700/4265 1265/2710/4266 1285/2722/4308
s 112
usemtl lambert23SG
f 1601/2787/4268 1604/2784/4309 1605/2783/4310 1602/2786/4269
s 98
usemtl lambert13SG
f 1266/2721/4272 1267/2730/4271 1287/2737/4311 1286/2731/4312
s off
usemtl lambert14SG
f 1457/2861/4313 1458/2862/4314 1459/2863/4315 1460/2864/4316
f 1461/2865/4317 1462/2866/4318 1458/2862/4319 1457/2861/4320
s 96
usemtl lambert2SG
f 1271/2568/4277 1373/2574/4321 1372/2575/4322 1270/2569/4278
s 125
f 1272/2573/4279 1374/2580/4323 1373/2574/4324 1271/2568/4280
s 101
f 1424/2579/4281 1425/2586/4325 1374/2580/4326 1272/2573/4282
s off
usemtl lambert8SG
f 1305/2857/4327 1377/2859/4328 1376/2860/4329 1304/2858/4330
s 101
usemtl lambert2SG
f 1275/2596/4287 1379/2603/4331 1378/2604/4332 1274/2597/4288
s 128
usemtl lambert8SG
f 1369/2813/4289 1381/2821/4333 1380/2822/4334 1368/2814/4290
s 101
usemtl lambert2SG
f 1277/2642/4291 1383/2653/4335 1382/2654/4336 1276/2643/4292
s 130
usemtl lambert8SG
f 1359/2815/4293 1385/2823/4337 1384/2824/4338 1358/2816/4294
s 101
usemtl lambert2SG
f 1279/2661/4295 1387/2672/4339 1386/2673/4340 1278/2662/4296
s 132
usemtl lambert8SG
f 1349/2817/4297 1389/2825/4341 1388/2826/4342 1348/2818/4298
s 101
usemtl lambert2SG
f 1281/2681/4299 1391/2692/4343 1390/2693/4344 1280/2682/4300
s 134
usemtl lambert8SG
f 1339/2819/4301 1393/2827/4345 1392/2828/4346 1338/2820/4302
s 101
usemtl lambert2SG
f 1283/2701/4303 1395/2712/4347 1394/2713/4348 1282/2702/4304
f 1284/2711/4305 1396/2723/4349 1395/2712/4350 1283/2701/4306
f 1396/2723/4351 1284/2711/4307 1285/2722/4308 1397/2732/4352
s 112
usemtl lambert23SG
f 1604/2784/4309 1606/2782/4353 1607/2781/4354 1605/2783/4310
s 98
usemtl lambert13SG
f 1286/2731/4312 1287/2737/4311 1399/2742/4355 1398/2738/4356
f 1288/2747/4357 1400/2748/4358 1399/2742/4359 1287/2737/4360
s 145
f 1289/2750/4361 1401/2751/4362 1400/2748/4363 1288/2747/4364
s 101
usemtl lambert2SG
f 1427/2601/4138 1428/2608/4365 1120/2609/4366 1119/2602/4139
f 1291/2618/4131 1118/2614/4367 1290/2607/4368
f 1292/2617/4130 1202/2624/4369 1118/2614/4367 1291/2618/4131
f 1293/2629/4123 1202/2624/4369 1292/2617/4130
f 1294/2636/4122 1201/2637/4370 1202/2624/4369 1293/2629/4123
f 1295/2644/4115 1201/2637/4370 1294/2636/4122
f 1296/2655/4114 1200/2656/4371 1201/2637/4370 1295/2644/4115
f 1297/2663/4107 1200/2656/4371 1296/2655/4114
f 1298/2674/4106 1199/2675/4372 1200/2656/4371 1297/2663/4107
f 1299/2683/4099 1199/2675/4372 1298/2674/4106
f 1300/2694/4097 1112/2695/4373 1199/2675/4372 1299/2683/4099
f 1301/2703/4093 1112/2695/4373 1300/2694/4097
f 1112/2695/4373 1301/2703/4093 1121/2714/4096 1113/2715/4374
s 98
usemtl lambert13SG
f 1122/2734/4087 1302/2740/4085 1196/2745/4375 1198/2746/4376
f 1303/2744/4084 1197/2749/4377 1196/2745/4375 1302/2740/4085
s 146
usemtl lambert2SG
f 1273/2867/4378 1304/2868/4379 1376/2869/4380 1375/2870/4381
f 1378/2875/4382 1377/2876/4383 1305/2877/4384 1274/2878/4385
s off
f 1234/2883/4386 1307/2884/4387 1306/2885/4388 1233/2886/4389
f 1233/2873/4390 1306/2874/4391 1308/2872/4392 1253/2871/4393
f 1254/2880/4394 1309/2879/4395 1307/2881/4396 1234/2882/4397
s 96
f 1311/2554/4008 1204/2557/4141 1203/2558/4144 1310/2555/4009
s 140
f 1312/2839/4219 1225/2841/4398 1204/2842/4399 1311/2840/4220
s 108
usemtl lambert5SG
f 1313/2753/4072 1226/2762/4400 1225/2763/4401 1312/2754/4073
s 110
f 1419/2761/4080 1420/2764/4402 1226/2762/4403 1313/2753/4081
s 109
f 1315/2757/4076 1229/2765/4404 1228/2766/4405 1314/2758/4077
s 143
usemtl lambert2SG
f 1207/931/4406 1229/932/4407 1315/930/4230 1316/929/4229
s 101
f 1317/2592/4068 1208/2583/4157 1207/2576/4160 1316/2593/4069
s 128
usemtl lambert8SG
f 1371/2829/4408 1363/2789/4161 1362/2792/4164 1370/2830/4409
s 101
usemtl lambert2SG
f 1319/2613/4060 1210/2621/4165 1209/2622/4168 1318/2606/4061
s 130
usemtl lambert8SG
f 1361/2831/4410 1353/2793/4169 1352/2796/4172 1360/2832/4411
s 101
usemtl lambert2SG
f 1321/2626/4052 1212/2632/4173 1211/2633/4176 1320/2620/4053
s 132
usemtl lambert8SG
f 1351/2833/4412 1343/2797/4177 1342/2800/4180 1350/2834/4413
s 101
usemtl lambert2SG
f 1323/2639/4044 1214/2649/4181 1213/2650/4184 1322/2631/4045
s 134
usemtl lambert8SG
f 1341/2835/4414 1333/2801/4185 1332/2804/4188 1340/2836/4415
s 101
usemtl lambert2SG
f 1325/2658/4036 1216/2668/4189 1215/2669/4192 1324/2648/4037
f 1326/2667/4032 1217/2678/4193 1216/2668/4196 1325/2658/4033
f 1217/2678/4198 1326/2667/4027 1327/2677/4030 1218/2688/4199
s 99
f 1328/2687/4020 1219/2698/4201 1218/2688/4204 1327/2677/4021
s 98
usemtl lambert13SG
f 1328/2687/4018 1329/2697/4017 1220/2708/4205 1219/2698/4208
s 97
f 1330/2707/4012 1221/2719/4209 1220/2708/4212 1329/2697/4013
s 100
f 1331/2718/4024 1222/2728/4213 1221/2719/4216 1330/2707/4025
s 147
usemtl lambert2SG
f 1214/2887/4416 1332/2888/4417 1334/2889/4418 1241/2890/4419
s 148
f 1242/2899/4420 1335/2900/4421 1333/2901/4422 1215/2902/4423
s 147
f 1241/2890/4419 1334/2889/4418 1336/2893/4424 1261/2894/4425
s 148
f 1262/2903/4426 1337/2904/4427 1335/2900/4421 1242/2899/4420
s 147
f 1261/2894/4425 1336/2893/4424 1338/2895/4428 1281/2896/4429
s 148
f 1282/2907/4430 1339/2908/4431 1337/2904/4427 1262/2903/4426
s 147
f 1281/2896/4429 1338/2895/4428 1392/2897/4432 1391/2898/4433
s 148
f 1394/2909/4434 1393/2910/4435 1339/2908/4431 1282/2907/4430
s off
f 1324/2911/4436 1341/2912/4437 1340/2913/4438 1323/2914/4439
s 147
f 1323/2891/4440 1340/2892/4441 1332/2888/4417 1214/2887/4416
s 148
f 1215/2902/4423 1333/2901/4422 1341/2905/4442 1324/2906/4443
s 149
f 1212/2915/4444 1342/2916/4445 1344/2917/4446 1239/2918/4447
s 150
usemtl lambert8SG
f 1240/2927/4448 1345/2798/4449 1343/2797/4450 1213/2928/4451
s 149
usemtl lambert2SG
f 1239/2918/4447 1344/2917/4446 1346/2921/4452 1259/2922/4453
s 150
usemtl lambert8SG
f 1260/2929/4454 1347/2809/4455 1345/2798/4449 1240/2927/4448
s 149
usemtl lambert2SG
f 1259/2922/4453 1346/2921/4452 1348/2923/4456 1279/2924/4457
s 150
f 1280/2935/4458 1349/2936/4459 1347/2932/4455 1260/2931/4454
s 149
f 1279/2924/4457 1348/2923/4456 1388/2925/4460 1387/2926/4461
s 150
f 1390/2937/4462 1389/2938/4463 1349/2936/4459 1280/2935/4458
s off
f 1322/2939/4464 1351/2940/4465 1350/2941/4466 1321/2942/4467
s 149
f 1321/2919/4468 1350/2920/4469 1342/2916/4445 1212/2915/4444
s 150
usemtl lambert8SG
f 1213/2928/4451 1343/2797/4450 1351/2833/4470 1322/2930/4471
s 151
usemtl lambert2SG
f 1210/2943/4472 1352/2944/4473 1354/2945/4474 1237/2946/4475
s 152
f 1238/2955/4476 1355/2956/4477 1353/2957/4478 1211/2958/4479
s 151
f 1237/2946/4475 1354/2945/4474 1356/2949/4480 1257/2950/4481
s 152
f 1258/2959/4482 1357/2960/4483 1355/2956/4477 1238/2955/4476
s 151
f 1257/2950/4481 1356/2949/4480 1358/2951/4484 1277/2952/4485
s 152
f 1278/2963/4486 1359/2964/4487 1357/2960/4483 1258/2959/4482
s 151
f 1277/2952/4485 1358/2951/4484 1384/2953/4488 1383/2954/4489
s 152
f 1386/2965/4490 1385/2966/4491 1359/2964/4487 1278/2963/4486
s off
f 1320/2967/4492 1361/2968/4493 1360/2969/4494 1319/2970/4495
s 151
f 1319/2947/4496 1360/2948/4497 1352/2944/4473 1210/2943/4472
s 152
f 1211/2958/4479 1353/2957/4478 1361/2961/4498 1320/2962/4499
s 153
f 1208/2971/4500 1362/2972/4501 1364/2973/4502 1235/2974/4503
s 154
f 1236/2983/4504 1365/2984/4505 1363/2985/4506 1209/2986/4507
s 153
f 1235/2974/4503 1364/2973/4502 1366/2977/4508 1255/2978/4509
s 154
f 1256/2987/4510 1367/2988/4511 1365/2984/4505 1236/2983/4504
s 153
f 1255/2978/4509 1366/2977/4508 1368/2979/4512 1275/2980/4513
s 154
f 1276/2991/4514 1369/2992/4515 1367/2988/4511 1256/2987/4510
s 153
f 1275/2980/4513 1368/2979/4512 1380/2981/4516 1379/2982/4517
s 154
f 1382/2993/4518 1381/2994/4519 1369/2992/4515 1276/2991/4514
s off
f 1318/2995/4520 1371/2996/4521 1370/2997/4522 1317/2998/4523
s 153
f 1317/2975/4524 1370/2976/4525 1362/2972/4501 1208/2971/4500
s 154
f 1209/2986/4507 1363/2985/4506 1371/2989/4526 1318/2990/4527
s 96
f 1109/2581/4528 1123/2588/4529 1124/2589/4530 1179/2582/4531
s off
f 1253/2871/4532 1308/2872/4533 1304/2868/4534 1273/2867/4535
f 1274/2878/4536 1305/2877/4537 1309/2879/4538 1254/2880/4539
s 96
f 1373/2574/4321 1109/2581/4528 1179/2582/4531 1372/2575/4322
s off
usemtl lambert3SG
f 1586/2770/4540 1587/2769/4541 1588/2768/4542 1589/2767/4543
s 101
usemtl lambert2SG
f 1425/2586/4325 1426/2595/4137 1110/2587/4140 1374/2580/4326
s 122
f 1378/2604/4544 1194/2611/4133 1195/2600/4136 1375/2594/4545
s 101
f 1379/2603/4331 1193/2610/4129 1194/2611/4132 1378/2604/4332
s 120
f 1382/2654/4546 1192/2646/4125 1193/2610/4128 1379/2603/4547
s 101
f 1383/2653/4335 1191/2645/4121 1192/2646/4124 1382/2654/4336
s 118
f 1386/2673/4548 1190/2665/4117 1191/2645/4120 1383/2653/4549
s 101
f 1387/2672/4339 1189/2664/4113 1190/2665/4116 1386/2673/4340
s 116
f 1390/2693/4550 1188/2685/4109 1189/2664/4112 1387/2672/4551
s 101
f 1391/2692/4343 1187/2684/4105 1188/2685/4108 1390/2693/4344
s 114
f 1394/2713/4552 1186/2705/4101 1187/2684/4104 1391/2692/4553
s 101
f 1395/2712/4347 1185/2704/4098 1186/2705/4100 1394/2713/4348
f 1396/2723/4349 1184/2716/4094 1185/2704/4098 1395/2712/4350
f 1184/2716/4094 1396/2723/4351 1397/2732/4352 1183/2724/4095
s 112
usemtl lambert23SG
f 1606/2782/4353 1596/3499/4089 1599/3502/4092 1607/2781/4354
s 98
usemtl lambert13SG
f 1398/2738/4356 1399/2742/4355 1180/2739/4086 1182/2733/4088
f 1400/2748/4358 1181/2743/4083 1180/2739/4086 1399/2742/4359
s 145
f 1401/2751/4362 1181/2743/4554 1400/2748/4363
s off
usemtl lambert2SG
f 1393/2999/4555 1394/3000/4556 1391/3001/4557 1392/3002/4558
f 1389/3003/4559 1390/3004/4560 1387/3005/4561 1388/3006/4562
f 1385/3007/4563 1386/3008/4564 1383/3009/4565 1384/3010/4566
f 1381/3011/4567 1382/3012/4568 1379/3013/4569 1380/3014/4570
s 146
f 1377/3015/4383 1378/3016/4382 1375/3017/4381 1376/3018/4380
s 88
f 1130/3019/3917 1120/3020/3920 1404/3021/4571 1402/3022/4572
s 155
f 1120/2609/4573 1428/2608/4574 1429/2615/4575 1404/2616/4576
s 156
f 1132/3023/4577 1131/3024/4578 1403/3025/4579 1406/3026/4580
s 155
f 1118/3041/4581 1117/3042/4582 1407/3043/4583 1405/3044/4584
s 156
f 1133/3029/4585 1132/3023/4577 1406/3026/4580 1408/3030/4586
s 155
f 1117/3042/4582 1116/3045/4587 1409/3046/4588 1407/3043/4583
s 156
f 1134/3031/4589 1133/3029/4585 1408/3030/4586 1410/3032/4590
s 155
f 1116/3045/4587 1115/3047/4591 1411/3048/4592 1409/3046/4588
s 156
f 1135/3033/4593 1134/3031/4589 1410/3032/4590 1412/3034/4594
s 155
f 1115/3047/4591 1114/3049/4595 1413/3050/4596 1411/3048/4592
s 156
f 1136/3035/4597 1135/3033/4593 1412/3034/4594 1414/3036/4598
s 155
f 1114/3049/4595 1112/3051/4599 1415/3052/4600 1413/3050/4596
s 156
f 1449/3037/4601 1136/3035/4597 1414/3036/4598 1448/3038/4602
s 155
f 1447/2725/4603 1415/2726/4600 1112/2695/4599 1113/2715/4604 1417/2727/4605
s 89
f 1113/2471/3877 1137/2468/3876 1416/2473/4606 1417/2474/4607
s 110
usemtl lambert5SG
f 1227/2759/4608 1314/2758/4609 1419/2761/4080 1418/2760/4079
f 1314/2758/4609 1228/2766/4610 1420/2764/4402 1419/2761/4080
s 141
usemtl lambert2SG
f 1421/2848/4234 1420/2847/4233 1228/2849/4226 1206/2850/4225
s 101
f 1206/2570/4611 1233/2571/4612 1422/2566/4150 1421/2565/4149
f 1233/2571/4612 1253/2578/4613 1423/2572/4239 1422/2566/4150
f 1253/2578/4613 1273/2585/4614 1424/2579/4281 1423/2572/4239
f 1273/2585/4614 1375/2594/4615 1425/2586/4325 1424/2579/4281
f 1375/2594/4615 1195/2600/4616 1426/2595/4137 1425/2586/4325
f 1195/2600/4616 1290/2607/4368 1427/2601/4138 1426/2595/4137
f 1290/2607/4368 1118/2614/4367 1428/2608/4365 1427/2601/4138
s 155
f 1429/2615/4575 1428/2608/4574 1118/2614/4581 1405/2623/4584
s 93
f 1403/2499/4617 1430/2495/3921 1429/2498/3924 1405/2500/4618
s 156
f 1131/3024/4578 1431/3027/4619 1430/3028/4620 1403/3025/4579
s off
usemtl lambert20SG
f 1144/2520/4621 1432/2523/4622 1431/2524/4623 1131/2521/4624
s 95
usemtl lambert2SG
f 1433/2551/4625 1432/2552/4626 1144/2549/4001 1164/2550/4002
s 87
f 1163/2441/4627 1434/2443/3865 1433/2444/3868 1164/2442/4628
s 30
f 911/2001/3622 1435/1994/3620 1434/2000/4004 1163/2006/4000
f 1002/1995/3621 1436/1986/3434 1435/1994/3620 911/2001/3622
f 900/1987/4629 1437/1981/3431 1436/1986/3434 1002/1995/3621
f 984/1982/4630 1438/1977/3576 1437/1981/3431 900/1987/4629
f 964/1978/4631 1439/1971/3533 1438/1977/3576 984/1982/4630
f 944/1973/4632 1440/1967/3446 1439/1971/3533 964/1978/4631
f 916/1972/4633 1441/1966/3443 1440/1967/3446 944/1973/4632
s 61
f 1442/2224/3527 1441/2223/3526 916/2225/3518 939/2226/3521
s 39
usemtl lambert5SG
f 1033/2142/4634 1443/2145/3374 1442/2148/3674 939/2149/4635
f 937/2141/4636 1444/2144/3371 1443/2145/3374 1033/2142/4634
s 88
usemtl lambert13SG
f 1143/2454/3872 1130/2457/3917 1402/2461/4637 1445/2462/4638
s off
f 1431/3053/4639 1432/3054/4640 1446/3055/4641 1430/3056/4642
s 94
usemtl lambert2SG
f 1416/2513/4643 1448/2511/3945 1447/2512/3948 1417/2514/4644
s 156
f 1137/3039/4645 1449/3037/4601 1448/3038/4602 1416/3040/4646
s off
usemtl lambert21SG
f 1454/3057/4647 1453/3058/4648 1455/3059/4649 1456/3060/4650
s 95
usemtl lambert2SG
f 1451/2537/3982 1450/2536/3981 1150/2539/4651 1154/2540/4652
s 85
f 1152/2433/4653 1452/2427/3837 1451/2430/3840 1154/2434/4654
s off
f 1150/3061/4655 1450/3062/4656 1453/3063/4657 1454/3064/4658
f 1450/3065/4659 1449/3066/4660 1455/3067/4661 1453/3068/4662
f 1449/3069/4663 1137/3070/4664 1456/3071/4665 1455/3072/4666
s 89
f 1137/2468/3876 1150/2465/3875 1454/2469/4667 1456/2470/4668
s off
usemtl KAT_plekk_hall_LightBlue_1SG
f 180/3073/4669 30/3074/4670 1/3075/4671 1310/3076/4672 1203/3077/4673 1230/3078/4674 1250/3079/4675 1270/3080/4676 1372/3081/4677 1179/3082/4678 1124/3083/4679 1125/3084/4680 1138/3085/4681 1107/3086/4682 881/3087/4683 981/3088/4684 961/3089/4685 941/3090/4686 913/3091/4687 1029/3092/4688 403/3093/4689 434/3094/4690 612/3095/4691 406/3096/4692 411/3097/4693 453/3098/4694 422/3099/4695 479/3100/4696 473/3101/4697 448/3102/4698 443/3103/4699 427/3104/4700 495/3105/4701 501/3106/4702 25/3107/4703 39/3108/4704 44/3109/4705 69/3110/4706 75/3111/4707 20/3112/4708 49/3113/4709 9/3114/4710 4/3115/4711
s 158
usemtl lambert13SG
f 1288/3116/4712 1287/3117/4713 1459/3118/4714 1458/3119/4715
s off
f 1287/3122/4716 1267/3123/4717 1460/3124/4718 1459/3125/4719
s 159
f 1267/3126/4720 1268/3127/4721 1457/3128/4722 1460/3129/4723
s 158
f 1289/3120/4724 1288/3116/4712 1458/3119/4715 1462/3121/4725
s 159
f 1268/3127/4721 1269/3130/4726 1461/3131/4727 1457/3128/4722
s off
f 1463/3134/4728 166/3132/4729 3/3133/4730 12/3136/4731 13/3137/4732 7/3138/4733 1464/3135/4734
f 53/3141/4735 24/3145/4736 1465/3146/4737 1466/3142/4738
f 43/3156/4739 29/3157/4740 1467/3158/4741 1468/3153/4742
f 2/3143/4743 34/3139/4744 1469/3140/4745 1470/3144/4746
f 74/3149/4747 48/3151/4748 1471/3152/4749 1472/3150/4750
f 7/3138/4751 53/3141/4752 1466/3142/4753 1464/3135/4754
f 80/3147/4755 74/3149/4756 1472/3150/4757 1473/3148/4758
f 24/3145/4759 80/3147/4760 1473/3148/4761 1465/3146/4762
f 1468/3153/4763 1471/3152/4764 48/3151/4765 90/3154/4766 89/3155/4767 43/3156/4768
f 34/3139/4769 166/3132/4770 1463/3134/4771 1469/3140/4772
f 426/3173/4773 457/3175/4774 1475/3176/4775 1474/3174/4776
f 1478/3165/4777 1476/3164/4778 431/3163/4779 447/3166/4780 493/3167/4781 494/3168/4782 452/3169/4783 478/3170/4784
f 29/3157/4785 506/3159/4786 1477/3160/4787 1467/3158/4788
f 478/3170/4789 484/3171/4790 1479/3172/4791 1478/3165/4792
f 484/3171/4793 426/3173/4794 1474/3174/4795 1479/3172/4796
f 500/3161/4797 431/3163/4798 1476/3164/4799 1480/3162/4800
f 506/3159/4801 500/3161/4802 1480/3162/4803 1477/3160/4804
s 160
f 1481/3178/4805 1463/3177/4806 1464/3179/4807 1482/3180/4808
f 1466/3183/4809 1465/3187/4810 1483/3188/4811 1484/3184/4812
f 1468/3195/4813 1467/3197/4814 1485/3198/4815 1486/3196/4816
f 1470/3185/4817 1469/3181/4818 1487/3182/4819 1488/3186/4820
f 1472/3191/4821 1471/3193/4822 1489/3194/4823 1490/3192/4824
f 1464/3179/4807 1466/3183/4809 1484/3184/4812 1482/3180/4808
f 1473/3189/4825 1472/3191/4821 1490/3192/4824 1491/3190/4826
f 1465/3187/4810 1473/3189/4825 1491/3190/4826 1483/3188/4811
f 1471/3193/4822 1468/3195/4813 1486/3196/4816 1489/3194/4823
f 1469/3181/4818 1463/3177/4806 1481/3178/4805 1487/3182/4819
f 1474/3209/4827 1475/3211/4828 1493/3212/4829 1492/3210/4830
f 1476/3203/4831 1478/3205/4832 1495/3206/4833 1494/3204/4834
f 1467/3197/4814 1477/3199/4835 1496/3200/4836 1485/3198/4815
f 1478/3205/4832 1479/3207/4837 1497/3208/4838 1495/3206/4833
f 1479/3207/4837 1474/3209/4827 1492/3210/4830 1497/3208/4838
f 1480/3201/4839 1476/3203/4831 1494/3204/4834 1498/3202/4840
f 1477/3199/4835 1480/3201/4839 1498/3202/4840 1496/3200/4836
s 165
f 1499/3214/4841 1481/3213/4842 1482/3215/4843 1500/3216/4844
f 1484/3219/4845 1483/3223/4846 1501/3224/4847 1502/3220/4848
f 1486/3231/4849 1485/3233/4850 1503/3234/4851 1504/3232/4852
f 1488/3221/4853 1487/3217/4854 1505/3218/4855 1506/3222/4856
f 1490/3227/4857 1489/3229/4858 1507/3230/4859 1508/3228/4860
f 1482/3215/4843 1484/3219/4845 1502/3220/4848 1500/3216/4844
f 1491/3225/4861 1490/3227/4857 1508/3228/4860 1509/3226/4862
f 1483/3223/4846 1491/3225/4861 1509/3226/4862 1501/3224/4847
f 1489/3229/4858 1486/3231/4849 1504/3232/4852 1507/3230/4859
f 1487/3217/4854 1481/3213/4842 1499/3214/4841 1505/3218/4855
f 1492/3245/4863 1493/3247/4864 1511/3248/4865 1510/3246/4866
f 1494/3239/4867 1495/3241/4868 1513/3242/4869 1512/3240/4870
f 1485/3233/4850 1496/3235/4871 1514/3236/4872 1503/3234/4851
f 1495/3241/4868 1497/3243/4873 1515/3244/4874 1513/3242/4869
f 1497/3243/4873 1492/3245/4863 1510/3246/4866 1515/3244/4874
f 1498/3237/4875 1494/3239/4867 1512/3240/4870 1516/3238/4876
f 1496/3235/4871 1498/3237/4875 1516/3238/4876 1514/3236/4872
s 170
f 1543/3252/4877 1544/3250/4878 1499/3249/4879 1500/3251/4880
f 1502/3256/4881 1501/3263/4882 1541/3264/4883 1542/3257/4884
f 1504/3281/4885 1503/3283/4886 1536/3284/4887 1537/3282/4888
f 1506/3261/4889 1505/3254/4890 1545/3255/4891 1546/3262/4892
f 1508/3274/4893 1507/3278/4894 1538/3279/4895 1539/3275/4896
f 1500/3251/4880 1502/3256/4881 1542/3257/4884 1543/3252/4877
f 1509/3269/4897 1508/3274/4893 1539/3275/4896 1540/3270/4898
f 1501/3263/4882 1509/3269/4897 1540/3270/4898 1541/3264/4883
f 1507/3278/4894 1504/3281/4885 1537/3282/4888 1538/3279/4895
f 1505/3254/4890 1499/3249/4879 1544/3250/4878 1545/3255/4891
f 1510/3302/4899 1511/3306/4900 1529/3307/4901 1530/3303/4902
f 1512/3289/4903 1513/3293/4904 1532/3294/4905 1533/3290/4906
f 1503/3283/4886 1514/3285/4907 1535/3286/4908 1536/3284/4887
f 1513/3293/4904 1515/3298/4909 1531/3299/4910 1532/3294/4905
f 1515/3298/4909 1510/3302/4899 1530/3303/4902 1531/3299/4910
f 1516/3287/4911 1512/3289/4903 1533/3290/4906 1534/3288/4912
f 1514/3285/4907 1516/3287/4911 1534/3288/4912 1535/3286/4908
f 1530/3303/4902 1529/3307/4901 1559/3308/4913
f 1531/3299/4910 1530/3303/4902 1559/3308/4913 1560/3304/4914
f 1532/3294/4905 1531/3299/4910 1560/3304/4914 1561/3300/4915
f 1533/3290/4906 1532/3294/4905 1561/3300/4915 1562/3295/4916
f 1534/3288/4912 1533/3290/4906 1562/3295/4916 1563/3291/4917
f 1535/3286/4908 1534/3288/4912 1563/3291/4917 1564/3292/4918
s 175
f 1548/3310/4919 1547/3311/4920 1565/3312/4921 1566/3313/4922
f 1551/3316/4923 1548/3310/4919 1566/3313/4922 1567/3317/4924
f 1553/3319/4925 1551/3316/4923 1567/3317/4924 1568/3320/4926
f 1555/3321/4927 1553/3319/4925 1568/3320/4926 1569/3322/4928
f 1557/3325/4929 1555/3321/4927 1569/3322/4928 1570/3326/4930
s 170
f 1541/3264/4883 1540/3270/4898 1571/3276/4931 1572/3271/4932
f 1542/3257/4884 1541/3264/4883 1572/3271/4932 1573/3265/4933
f 1543/3252/4877 1542/3257/4884 1573/3265/4933 1574/3258/4934
f 1574/3258/4934 1575/3253/4935 1544/3250/4878 1543/3252/4877
f 1545/3255/4891 1544/3250/4878 1575/3253/4935 1576/3260/4936
f 1546/3262/4892 1545/3255/4891 1576/3260/4936 1577/3268/4937
s 176
f 1536/3328/4938 1535/3329/4939 1547/3330/4940 1548/3331/4941
s 177
f 1535/3340/4942 1564/3341/4943 1565/3342/4944 1547/3343/4945
s 176
f 1537/3332/4946 1536/3328/4938 1548/3331/4941 1551/3333/4947
f 1538/3334/4948 1537/3332/4946 1551/3333/4947 1553/3335/4949
f 1539/3336/4950 1538/3334/4948 1553/3335/4949 1555/3337/4951
f 1540/3338/4952 1539/3336/4950 1555/3337/4951 1557/3339/4953
s 178
f 1571/3346/4954 1540/3347/4955 1557/3348/4956 1570/3349/4957
s 170
f 1560/3304/4914 1559/3308/4913 1527/3309/4958
f 1561/3300/4915 1560/3304/4914 1527/3309/4958 1525/3305/4959
f 1562/3295/4916 1561/3300/4915 1525/3305/4959 1524/3301/4960
f 1563/3291/4917 1562/3295/4916 1524/3301/4960 1528/3296/4961
f 1564/3292/4918 1563/3291/4917 1528/3296/4961 1526/3297/4962
s 177
f 1565/3342/4944 1564/3341/4943 1526/3344/4963 1549/3345/4964
s 175
f 1566/3313/4922 1565/3312/4921 1549/3314/4965 1550/3315/4966
f 1567/3317/4924 1566/3313/4922 1550/3315/4966 1552/3318/4967
s off
usemtl lambert16SG
f 1579/3352/4968 1578/3353/4969 1580/3354/4970 1581/3355/4971
s 175
usemtl lambert13SG
f 1569/3322/4928 1568/3320/4926 1554/3323/4972 1556/3324/4973
f 1570/3326/4930 1569/3322/4928 1556/3324/4973 1558/3327/4974
s 178
f 1523/3350/4975 1571/3346/4954 1570/3349/4957 1558/3351/4976
s 170
f 1572/3271/4932 1571/3276/4931 1523/3280/4977 1519/3277/4978
f 1573/3265/4933 1572/3271/4932 1519/3277/4978 1520/3272/4979
f 1574/3258/4934 1573/3265/4933 1520/3272/4979 1518/3266/4980
f 1518/3266/4980 1517/3259/4981 1575/3253/4935 1574/3258/4934
f 1576/3260/4936 1575/3253/4935 1517/3259/4981 1521/3267/4982
f 1577/3268/4937 1576/3260/4936 1521/3267/4982 1522/3273/4983
s off
f 1568/3356/4984 1567/3357/4985 1578/3358/4986 1579/3359/4987
f 1567/3360/4988 1552/3361/4989 1580/3362/4990 1578/3363/4991
f 1554/3364/4992 1568/3365/4993 1579/3366/4994 1581/3367/4995
usemtl lambert2SG
f 983/1970/4996 982/1964/4997 1582/3369/4998 1583/3368/4999
f 982/1964/5000 882/1969/5001 1584/3370/5002 1582/3369/5003
f 882/1969/5004 899/1976/5005 1585/3371/5006 1584/3370/5007
f 899/1976/5008 983/1970/5009 1583/3368/5010 1585/3371/5011
f 1374/2580/5012 1110/2587/5013 1587/3373/5014 1586/3372/5015
f 1110/2587/5016 1109/2581/5017 1588/3374/5018 1587/3373/5019
f 1109/2581/5020 1373/2574/5021 1589/3375/5022 1588/3374/5023
f 1373/2574/5024 1374/2580/5025 1586/3372/5026 1589/3375/5027
s 179
usemtl lambert26SG
f 1594/2772/5028 1591/2775/5029 1590/3378/5030 1593/3381/5031
s 90
usemtl lambert13SG
f 1595/3387/5032 1592/3382/5033 1591/3380/5034 1594/3385/5035
s 179
usemtl lambert26SG
f 1615/3383/5036 1594/2772/5028 1593/3381/5031 1614/3386/5037
s 90
usemtl lambert13SG
f 1616/3414/5038 1595/3387/5032 1594/3385/5035 1615/3412/5039
s 181
usemtl lambert2SG
f 1182/2733/5040 1122/2734/5041 1597/3389/5042 1596/3388/5043
s 182
f 1121/2714/5044 1183/2724/5045 1599/3391/5046 1598/3390/5047
s 181
f 1246/2709/5048 1266/2721/5049 1601/3393/5050 1600/3392/5051
s 182
f 1265/2710/5052 1245/2699/5053 1603/3395/5054 1602/3394/5055
s off
f 1245/2699/5056 1246/2709/5057 1600/3392/5058 1603/3395/5059
s 181
f 1266/2721/5049 1286/2731/5060 1604/3396/5061 1601/3393/5050
s 182
f 1285/2722/5062 1265/2710/5052 1602/3394/5055 1605/3397/5063
s 181
f 1286/2731/5060 1398/2738/5064 1606/3398/5065 1604/3396/5061
s 182
f 1397/2732/5066 1285/2722/5062 1605/3397/5063 1607/3399/5067
s 181
f 1398/2738/5064 1182/2733/5040 1596/3388/5043 1606/3398/5065
s 182
f 1183/2724/5045 1397/2732/5066 1607/3399/5067 1599/3391/5046
s 90
usemtl lambert13SG
f 1111/2478/5068 1610/3404/5069 1609/3402/5070 1597/3503/5071 1122/2477/5072
s 179
usemtl lambert25SG
f 1609/3400/5073 1612/3403/5074 1611/3509/5075 1608/3510/5076
s 90
usemtl lambert13SG
f 1610/3404/5069 1613/3409/5077 1612/3407/5078 1609/3402/5070
s 179
usemtl lambert26SG
f 1612/3405/5074 1615/3383/5036 1614/3386/5037 1611/3413/5075
s 90
usemtl lambert13SG
f 1613/3409/5077 1616/3414/5038 1615/3412/5039 1612/3407/5078
s 186
usemtl lambert2SG
f 886/2085/5079 1014/2075/5080 1619/3453/5081 1617/3454/5082
s 187
usemtl lambert13SG
f 1015/2095/5083 885/2094/5084 1618/3451/5085 1620/3452/5086
s off
usemtl lambert2SG
f 957/2116/5087 956/2106/5088 1621/3449/5089 1622/3450/5090
s 186
f 956/2106/5091 976/2105/5092 1623/3448/5093 1621/3449/5094
s 187
f 977/2110/5095 957/2116/5096 1622/3450/5097 1624/3447/5098
s 186
f 976/2105/5092 996/2096/5099 1625/3446/5100 1623/3448/5093
s 187
f 997/2102/5101 977/2110/5095 1624/3447/5098 1626/3445/5102
s 186
f 996/2096/5099 886/2085/5079 1617/3454/5082 1625/3446/5100
s 187
f 885/2094/5084 997/2102/5101 1626/3445/5102 1618/3451/5085
s 26
usemtl lambert13SG
f 957/2116/3501 958/2125/3566 930/2117/5103 1627/3436/3499
f 1627/3436/3499 930/2117/5103 1048/2109/5104 1628/3435/3310
f 1628/3435/3310 1048/2109/5104 408/2108/5105 1629/3433/3307
s 17
f 1629/3434/1548 408/404/5106 437/382/5107 1630/3432/1545
s 13
f 1631/3431/1460 1630/3432/1459 437/382/5108 600/360/5109
s 24
f 1632/3430/2158 1631/3431/2157 600/360/5110 407/343/5111
s 12
f 1633/3429/1456 1632/3430/1455 407/343/5112 410/321/5113
s 19
f 1633/3429/1607 410/321/5114 456/297/5115 1634/3428/1604
s 14
f 1634/3428/1500 456/297/5116 425/275/5117 1635/3427/1497
s 21
f 1635/3427/1703 425/275/5118 482/253/5119 1636/3426/1700
s 20
f 1636/3426/1683 482/253/5120 476/230/5121 1637/3425/1680
s 190
f 1637/3425/5122 476/230/5123 451/215/5124 1638/3424/5125
s 18
f 1638/3424/1576 451/215/5126 446/187/5127 1639/3423/1573
s 15
f 1639/3423/1516 446/187/5128 430/170/5129 1640/3422/1513
s 22
f 1640/3422/1759 430/170/5130 498/169/5131 1641/3421/1756
s 23
f 1641/3421/1779 498/169/5132 504/116/5133 1642/3419/1776
s 16
f 1642/3420/1532 504/1188/5134 28/1185/5135 1643/3418/1529
s 1
f 1644/3417/11 1645/3416/10 8/18/5136 5/5/5137
s 2
f 1648/3438/15 1654/3444/14 168/1/5138 33/4/5139
s 3
usemtl lambert2SG
f 1646/3415/56 1651/3441/55 51/22/5140 22/28/5141
s 4
f 1647/3437/72 1649/3439/71 41/75/5142 27/88/5143
s 5
f 1648/3438/88 16/16/87 32/12/5144
s 6
f 1649/3439/116 1650/3440/115 46/60/5145 41/75/5146
s 7
f 1650/3440/132 1652/3442/131 71/47/5147 1656/3456/5148
s 8
f 1651/3441/148 1645/3416/147 14/17/5149 51/22/5150
s 9
f 1652/3442/220 1653/3443/219 77/36/5151 71/47/5152
s 10
f 1653/3443/240 1646/3415/239 22/28/5153 77/36/5154
s 11
usemtl lambert13SG
f 1654/3444/579 1644/3417/578 5/5/5155 168/1/5156
s off
usemtl lambert2SG
f 105/83/5157 45/72/5158 1655/3455/5159
usemtl lambert15SG
f 1671/3487/5160 1672/3488/5161 1673/2934/5162 1674/2933/5163
usemtl lambert2SG
f 1650/3440/5164 1656/3456/5165 46/60/5166
f 525/248/5167 524/270/5168 474/251/5169 1657/3465/5170
f 1658/3466/5171 1657/3465/5172 474/251/5173 475/229/5174
s 190
f 1638/3424/5125 1658/3466/5175 475/229/5176 1637/3425/5122
s off
usemtl lambert15SG
f 71/3457/5177 77/3458/5178 1660/3476/5179 1659/3475/5180
f 77/3458/5181 76/3459/5182 1661/3477/5183 1660/3476/5184
f 76/3459/5185 70/3460/5186 1662/3478/5187 1661/3477/5188
f 70/3460/5189 71/3457/5190 1659/3475/5191 1662/3478/5192
f 450/3467/5193 449/3468/5194 1663/3480/5195 1664/3479/5196
f 449/3468/5197 1657/3469/5198 1665/3481/5199 1663/3480/5200
f 1657/3469/5201 1658/3470/5202 1666/3482/5203 1665/3481/5204
f 1658/3470/5205 450/3467/5206 1664/3479/5207 1666/3482/5208
f 475/3471/5209 474/3472/5210 1667/3484/5211 1668/3483/5212
f 474/3472/5213 480/3473/5214 1669/3485/5215 1667/3484/5216
f 480/3473/5217 481/3474/5218 1670/3486/5219 1669/3485/5220
f 481/3474/5221 475/3471/5222 1668/3483/5223 1670/3486/5224
f 46/3461/5225 1656/3462/5226 1672/3488/5227 1671/3487/5228
f 1656/3462/5229 1655/3463/5230 1673/2934/5231 1672/3488/5232
f 1655/3463/5233 45/3464/5234 1674/2933/5235 1673/2934/5236
f 45/3464/5237 46/3461/5238 1671/3487/5239 1674/2933/5240
s 179
usemtl lambert25SG
f 1676/3511/5241 1675/3512/5242 1678/3513/5243 1679/3514/5244
s 90
usemtl lambert13SG
f 1677/2776/3892 1676/2778/3891 1679/2773/5245 1680/2771/5246
s 179
usemtl lambert26SG
f 1679/3410/5244 1678/3408/5243 1590/3378/5030 1591/2775/5029
s 90
usemtl lambert13SG
f 1680/2771/5246 1679/2773/5245 1591/3380/5034 1592/3382/5033
s 179
usemtl lambert24SG
f 1597/3504/5247 1609/3505/5073 1608/3507/5076 1598/3508/5248
f 1620/2777/5249 1619/2780/5250 1675/3515/5242 1676/3518/5241
s off
usemtl lambert21SG
f 1681/3519/5251 1682/3520/5252 1684/3521/5253 1683/3522/5254
f 1683/3523/5255 1684/3524/5256 1686/3525/5257 1685/3526/5258
f 1685/3527/5259 1686/3528/5260 1688/3529/5261 1687/3530/5262
f 1687/3531/5263 1688/3532/5264 1682/3533/5265 1681/3534/5266
f 1682/3535/5267 1688/3536/5268 1686/3537/5269 1684/3538/5270
f 1687/3539/5271 1681/3540/5272 1683/3541/5273 1685/3542/5274
f 1689/3543/5275 1690/3544/5276 1692/3545/5277 1691/3546/5278
f 1691/3547/5279 1692/3548/5280 1694/3549/5281 1693/3550/5282
f 1693/3551/5283 1694/3552/5284 1696/3553/5285 1695/3554/5286
f 1695/3555/5287 1696/3556/5288 1690/3557/5289 1689/3558/5290
f 1690/3559/5291 1696/3560/5292 1694/3561/5293 1692/3562/5294
f 1695/3563/5295 1689/3564/5296 1691/3565/5297 1693/3566/5298
f 1697/3567/5299 1698/3568/5300 1700/3569/5301 1699/3570/5302
f 1699/3571/5303 1700/3572/5304 1702/3573/5305 1701/3574/5306
f 1701/3575/5307 1702/3576/5308 1704/3577/5309 1703/3578/5310
f 1703/3579/5311 1704/3580/5312 1698/3581/5313 1697/3582/5314
f 1698/3583/5315 1704/3584/5316 1702/3585/5317 1700/3586/5318
f 1703/3587/5319 1697/3588/5320 1699/3589/5321 1701/3590/5322
f 1705/3591/5323 1706/3592/5324 1708/3593/5325 1707/3594/5326
f 1707/3595/5327 1708/3596/5328 1710/3597/5329 1709/3598/5330
f 1709/3599/5331 1710/3600/5332 1712/3601/5333 1711/3602/5334
f 1711/3603/5335 1712/3604/5336 1706/3605/5337 1705/3606/5338
f 1706/3607/5339 1712/3608/5340 1710/3609/5341 1708/3610/5342
f 1711/3611/5343 1705/3612/5344 1707/3613/5345 1709/3614/5346
f 1713/3615/5347 1714/3616/5348 1716/3617/5349 1715/3618/5350
f 1715/3619/5351 1716/3620/5352 1718/3621/5353 1717/3622/5354
f 1717/3623/5355 1718/3624/5356 1720/3625/5357 1719/3626/5358
f 1719/3627/5359 1720/3628/5360 1714/3629/5361 1713/3630/5362
f 1714/3631/5363 1720/3632/5364 1718/3633/5365 1716/3634/5366
f 1719/3635/5367 1713/3636/5368 1715/3637/5369 1717/3638/5370
