# 3ds Max Wavefront OBJ Exporter v0.97b - (c)2007 guruware
# File Created: 29.01.2012 12:38:01

mtllib Tolli_6-origo.mtl

#
# object Tolli_6
#

v  542443.936981 6589578.164276 26.675102
v  542440.160522 6589577.570862 26.675001
v  542447.695328 6589578.753326 26.675201
v  542440.160522 6589577.570862 20.789730
v  542446.309662 6589578.536133 23.610222
v  542444.501907 6589578.252808 23.610222
v  542443.473801 6589578.091675 24.796968
v  542442.936462 6589578.007446 24.796967
v  542446.309662 6589578.536133 20.276812
v  542447.155289 6589578.668671 21.335735
v  542447.837448 6589578.775604 21.335735
v  542444.501907 6589578.252808 20.276810
v  542446.172043 6589578.514557 17.925310
v  542447.241928 6589578.682251 19.373438
v  542448.811157 6589578.928192 19.373438
v  542444.631134 6589578.273071 17.927677
v  542447.241928 6589578.682251 16.862244
v  542448.811157 6589578.928192 16.862244
v  542440.160522 6589577.570862 15.041205
v  542444.631134 6589578.273071 15.926312
v  542446.172043 6589578.514557 15.926312
v  542444.501907 6589578.252808 25.517265
v  542443.473801 6589578.091675 25.517265
v  542442.936462 6589578.007446 25.517265
v  542446.309662 6589578.536133 25.517265
v  542444.501907 6589578.252808 22.164543
v  542446.309662 6589578.536133 22.164543
v  542447.155289 6589578.668671 22.346529
v  542447.837448 6589578.775604 22.346529
v  542446.008362 6589578.488922 25.648417
v  542445.707077 6589578.441681 25.727335
v  542445.405777 6589578.39447 25.753025
v  542445.104492 6589578.34726 25.727335
v  542444.803192 6589578.300018 25.648417
v  542446.008362 6589578.488922 22.282124
v  542445.707077 6589578.441681 22.356712
v  542445.405777 6589578.39447 22.376808
v  542445.104492 6589578.34726 22.356712
v  542444.803192 6589578.300018 22.282124
v  542445.405777 6589578.39447 18.826441
v  542445.986038 6589578.485413 18.343063
v  542445.800659 6589578.45636 18.582630
v  542445.6073 6589578.426056 18.739586
v  542445.204269 6589578.362885 18.739586
v  542445.010895 6589578.332581 18.582630
v  542444.825516 6589578.303528 18.343063
v  542446.095978 6589578.502655 23.831650
v  542444.715591 6589578.286316 23.831650
v  542446.095978 6589578.502655 20.492416
v  542444.715591 6589578.286316 20.492414
v  542444.715591 6589578.286316 25.287853
v  542446.095978 6589578.502655 25.287853
v  542444.715591 6589578.286316 21.933872
v  542446.095978 6589578.502655 21.933872
v  542445.865906 6589578.466583 25.387997
v  542445.635849 6589578.430542 25.448257
v  542445.405777 6589578.39447 25.467876
v  542445.17572 6589578.358429 25.448257
v  542444.945648 6589578.322357 25.387997
v  542445.865906 6589578.466583 22.023655
v  542445.635849 6589578.430542 22.080610
v  542445.405777 6589578.39447 22.095955
v  542445.17572 6589578.358429 22.080610
v  542444.945648 6589578.322357 22.023655
v  542447.26503 6589578.685883 21.464884
v  542447.727707 6589578.758392 21.464884
v  542447.26503 6589578.685883 22.217381
v  542447.727707 6589578.758392 22.217381
v  542443.373077 6589578.075897 24.907522
v  542443.037216 6589578.023254 24.907520
v  542443.373077 6589578.075897 25.406713
v  542443.037216 6589578.023254 25.406713
v  542447.375443 6589578.703186 19.231684
v  542448.677658 6589578.907288 19.231684
v  542447.375443 6589578.703186 17.003998
v  542448.677658 6589578.907288 17.003998
v  542446.049835 6589578.495422 17.890827
v  542444.761719 6589578.293518 17.890827
v  542445.405777 6589578.39447 18.659307
v  542445.888824 6589578.470184 18.269346
v  542445.727814 6589578.444946 18.474197
v  542445.566788 6589578.419708 18.589909
v  542445.244766 6589578.369232 18.589909
v  542445.083755 6589578.343994 18.474197
v  542444.922729 6589578.318756 18.269346
v  542446.049835 6589578.495422 15.926312
v  542444.761703 6589578.293518 15.926312
v  542446.049515 6589578.799042 23.831650
v  542446.049515 6589578.799042 25.287853
v  542445.819458 6589578.76297 25.387997
v  542445.589386 6589578.726929 25.448257
v  542445.359329 6589578.690857 25.467876
v  542445.129257 6589578.654785 25.448257
v  542444.8992 6589578.618744 25.387997
v  542444.669128 6589578.582672 25.287853
v  542444.669128 6589578.582672 23.831650
v  542446.049515 6589578.799042 20.492416
v  542446.049515 6589578.799042 21.933872
v  542445.819458 6589578.76297 22.023655
v  542445.589386 6589578.726929 22.080610
v  542445.359329 6589578.690857 22.095955
v  542445.129257 6589578.654785 22.080610
v  542444.8992 6589578.618744 22.023655
v  542444.669128 6589578.582672 21.933872
v  542444.669128 6589578.582672 20.492414
v  542447.249542 6589578.784668 22.217381
v  542447.249542 6589578.784668 21.464884
v  542447.712219 6589578.857178 21.464884
v  542447.712219 6589578.857178 22.217381
v  542443.021729 6589578.12204 24.907520
v  542443.35759 6589578.174683 24.907522
v  542443.35759 6589578.174683 25.406713
v  542443.021729 6589578.12204 25.406713
v  542444.733643 6589578.472656 17.890825
v  542444.733627 6589578.472626 15.926311
v  542446.021759 6589578.67453 15.926311
v  542446.021759 6589578.67453 17.890825
v  542445.860748 6589578.649292 18.269344
v  542445.699738 6589578.624054 18.474197
v  542445.538727 6589578.598816 18.589909
v  542445.377701 6589578.573578 18.659307
v  542445.21669 6589578.54837 18.589909
v  542445.055679 6589578.523132 18.474197
v  542444.894669 6589578.497894 18.269344
v  542440.137848 6589577.242615 26.946354
v  542447.375443 6589578.703186 18.544491
v  542448.677658 6589578.907288 18.544491
v  542447.960983 6589578.794952 19.231684
v  542447.960983 6589578.794952 17.003998
v  542447.960983 6589578.794952 18.411768
v  542447.375443 6589578.703186 18.411768
v  542448.677658 6589578.907288 18.411768
v  542448.092102 6589578.815491 19.231684
v  542448.092102 6589578.815491 17.003998
v  542448.092102 6589578.815491 18.411768
v  542448.092102 6589578.815491 18.544491
v  542447.960983 6589578.794952 18.544491
v  542447.945496 6589578.893738 19.231684
v  542447.359955 6589578.801971 19.231684
v  542447.359955 6589578.801971 18.544491
v  542447.945496 6589578.893738 18.544491
v  542447.359955 6589578.801971 18.411768
v  542447.359955 6589578.801971 17.003998
v  542447.945496 6589578.893738 17.003998
v  542447.945496 6589578.893738 18.411768
v  542448.66217 6589579.006073 18.544491
v  542448.66217 6589579.006073 19.231684
v  542448.07663 6589578.914307 19.231684
v  542448.07663 6589578.914307 18.544491
v  542448.07663 6589578.914307 17.003998
v  542448.66217 6589579.006073 17.003998
v  542448.66217 6589579.006073 18.411768
v  542448.07663 6589578.914307 18.411768
v  542444.599716 6589578.268127 15.041325
v  542446.211853 6589578.520813 15.041368
v  542446.473999 6589577.560242 15.175165
v  542444.502121 6589578.263367 15.923540
v  542446.319153 6589578.548157 15.175165
v  542446.370773 6589578.218872 15.923540
v  542444.553726 6589577.934082 15.923540
v  542444.656967 6589577.275452 15.175117
v  542446.473999 6589577.560242 15.526340
v  542444.656967 6589577.275452 15.526307
v  542446.319153 6589578.548157 15.923540
v  542444.502121 6589578.263367 15.175117
v  542446.370773 6589578.218872 15.726050
v  542446.422394 6589577.889557 15.726050
v  542446.422394 6589577.889557 15.526340
v  542444.553726 6589577.934082 15.726034
v  542444.605347 6589577.604767 15.526307
v  542444.605347 6589577.604767 15.726034
v  542450.879608 6589578.927704 26.946640
v  542446.458405 6589590.359558 30.930439
v  542445.260239 6589581.784485 30.932182
v  542441.387405 6589581.085663 31.004723
v  542442.70517 6589584.860779 29.482241
v  542443.532486 6589587.230835 29.351509
v  542451.328369 6589582.643738 31.006203
v  542451.885696 6589587.258667 27.364170
v  542452.662903 6589593.694519 26.915413
v  542452.585327 6589593.052124 27.431063
v  542442.70517 6589584.860779 15.041204
v  542443.532486 6589587.230835 15.041204
v  542452.662903 6589593.694519 15.041206
v  542450.919601 6589579.258698 27.308289
v  542440.160522 6589577.570862 27.307688
v  542445.299683 6589581.698853 31.005306
v  542451.328369 6589582.643738 15.041206
v  542451.885696 6589587.258667 15.041206
v  542452.585327 6589593.052124 15.041206
v  542450.919601 6589579.258698 26.675289
v  542450.919601 6589579.258698 20.782196
v  542450.919601 6589579.258698 15.041493
v  542451.328369 6589582.643738 27.159443
v  542443.37207 6589578.075714 19.373436
v  542442.653015 6589577.963013 19.231682
v  542443.238556 6589578.054779 19.231682
v  542441.802841 6589577.829773 19.373436
v  542441.93634 6589577.850708 18.544489
v  542441.93634 6589577.850708 19.231684
v  542443.37207 6589578.075714 16.862242
v  542443.238556 6589578.054779 18.411766
v  542443.238556 6589578.054779 17.003996
v  542441.802841 6589577.829773 16.862242
v  542442.521881 6589577.942474 17.003996
v  542441.93634 6589577.850708 17.003996
v  542441.920853 6589577.949493 19.231684
v  542441.920853 6589577.949493 18.544489
v  542442.506409 6589578.04126 18.544489
v  542442.506409 6589578.04126 19.231682
v  542441.920853 6589577.949493 18.411766
v  542441.920853 6589577.949493 17.003996
v  542442.506409 6589578.04126 17.003996
v  542442.506409 6589578.04126 18.411766
v  542442.637527 6589578.061798 18.544489
v  542443.223068 6589578.153595 18.544489
v  542443.223068 6589578.153595 19.231682
v  542442.637527 6589578.061798 19.231682
v  542442.637527 6589578.061798 17.003996
v  542443.223068 6589578.153595 17.003996
v  542443.223068 6589578.153595 18.411766
v  542442.637527 6589578.061798 18.411766
v  542442.521881 6589577.942474 18.411766
v  542442.653015 6589577.963013 18.411766
v  542442.653015 6589577.963013 18.544489
v  542442.521881 6589577.942474 18.544489
v  542441.93634 6589577.850708 18.411766
v  542443.238556 6589578.054779 18.544489
v  542442.521881 6589577.942474 19.231682
v  542442.653015 6589577.963013 17.003996
v  542447.936661 6589578.791138 15.041414
v  542447.936661 6589578.791138 16.555752
v  542449.270538 6589579.000214 15.041450
v  542449.270538 6589579.000214 16.555752
v  542440.160522 6589577.570862 16.319216
v  542444.631134 6589578.273071 16.319218
v  542446.172043 6589578.514557 16.319218
v  542447.936661 6589578.791138 16.319218
v  542449.270538 6589579.000214 16.319218
v  542450.919601 6589579.258698 16.319218
v  542449.255051 6589579.098999 16.555752
v  542447.921173 6589578.889923 16.555752
v  542447.921173 6589578.889923 16.319218
v  542447.921173 6589578.889954 15.041414
v  542449.255051 6589579.098999 15.041451
v  542449.255051 6589579.098999 16.319218
v  542444.444031 6589578.243744 28.741119
v  542446.356323 6589578.543457 28.741119
v  542445.400177 6589578.393585 29.846416
v  542446.606628 6589578.380188 28.786186
v  542445.431152 6589578.195953 29.846416
v  542446.460419 6589578.357269 28.656591
v  542445.431152 6589578.195953 30.113750
v  542444.255661 6589578.011719 28.786186
v  542444.401886 6589578.034637 28.656593
v  542444.240952 6589579.539459 28.741119
v  542446.153244 6589579.839172 28.741119
v  542445.010391 6589580.880554 30.113750
v  542446.237854 6589579.777283 28.656591
v  542446.366455 6589579.912659 28.786186
v  542444.179321 6589579.454651 28.656591
v  542444.015472 6589579.544189 28.786186
v  542444.444031 6589578.243744 27.248096
v  542446.356323 6589578.543457 27.248095
v  542445.451828 6589577.693054 28.842213
v  542445.596802 6589577.71579 28.842213
v  542445.596802 6589577.71579 29.033867
v  542445.451828 6589577.693054 29.033867
v  542445.335434 6589578.435638 28.842213
v  542445.480408 6589578.458374 28.842213
v  542445.480408 6589578.458374 29.033867
v  542445.335434 6589578.435638 29.033867
v  542445.442154 6589577.674255 29.043867
v  542445.611771 6589577.700836 29.043867
v  542445.492737 6589578.460297 29.043867
v  542445.32312 6589578.433716 29.043867
v  542445.526962 6589577.687531 29.071438
v  542445.407913 6589578.447021 29.071438
v  542445.524185 6589577.705231 29.061710
v  542443.532486 6589587.230835 28.487789
v  542442.777832 6589587.492065 28.710196
v  542443.440811 6589592.627502 28.642269
v  542450.684937 6589586.555054 30.164537
v  542450.684937 6589586.555054 30.027321
v  542450.635498 6589585.809814 30.027321
v  542450.635498 6589585.809814 30.164537
v  542451.333954 6589585.763489 30.164537
v  542451.333954 6589585.763489 30.027321
v  542451.383392 6589586.508667 30.027321
v  542451.383392 6589586.508667 30.164537
v  542450.684937 6589586.554993 27.564045
v  542451.383408 6589586.508667 27.564045
v  542450.758545 6589585.953064 30.164537
v  542450.787979 6589586.39679 30.164537
v  542451.260361 6589586.365479 30.164537
v  542451.230911 6589585.921753 30.164537
v  542450.758545 6589585.953064 29.404638
v  542450.787979 6589586.39679 29.404638
v  542451.260361 6589586.365479 29.404638
v  542451.230911 6589585.921753 29.404638
v  542450.635498 6589585.809814 27.564045
v  542451.333954 6589585.763489 27.564045
v  542443.440811 6589592.627502 15.041205
v  542442.777832 6589587.492065 15.041204
v  542443.532486 6589587.230835 15.041204
v  542443.87645 6589595.234375 24.946594
v  542443.652222 6589593.573425 24.946594
v  542443.652222 6589593.573425 28.538616
v  542443.87645 6589595.234375 28.538616
v  542444.34639 6589593.483337 24.946594
v  542444.570618 6589595.144287 24.946594
v  542444.570618 6589595.144287 28.538616
v  542444.34639 6589593.483276 28.538616
v  542444.222229 6589592.535278 29.436874
v  542443.853226 6589595.521667 26.915226
v  542443.853226 6589595.521667 15.041205
v  542444.600967 6589595.376221 26.915226
v  542444.600952 6589595.376221 15.041205
# 318 vertices

vn 0.154987 -0.987917 -0.000059
vn 0.154920 -0.987927 -0.000130
vn 0.154848 -0.987938 -0.000005
vn 0.155315 -0.987865 -0.000081
vn 0.155025 -0.987910 -0.000583
vn 0.154920 -0.987927 -0.000130
vn 0.154920 -0.987927 -0.000130
vn 0.154987 -0.987917 -0.000059
vn 0.155315 -0.987865 -0.000081
vn 0.154821 -0.987943 0.000021
vn 0.154975 -0.987918 0.000031
vn 0.154847 -0.987939 0.000005
vn 0.154843 -0.987939 -0.000002
vn 0.154836 -0.987940 -0.000005
vn 0.154837 -0.987940 0.000005
vn 0.154837 -0.987940 0.000005
vn 0.154844 -0.987939 0.000002
vn 0.154843 -0.987939 -0.000002
vn 0.155388 -0.987853 0.000174
vn 0.155242 -0.987876 0.000725
vn 0.155244 -0.987876 -0.000253
vn 0.155244 -0.987876 -0.000253
vn 0.155336 -0.987862 -0.000106
vn 0.155388 -0.987853 0.000174
vn 0.154842 -0.987939 -0.000002
vn 0.154842 -0.987939 0.000001
vn 0.154843 -0.987939 -0.000004
vn 0.154821 -0.987943 0.000021
vn 0.154847 -0.987939 0.000005
vn 0.154848 -0.987938 -0.000005
vn 0.154848 -0.987938 -0.000005
vn 0.154920 -0.987927 -0.000130
vn 0.154821 -0.987943 0.000021
vn 0.155336 -0.987862 -0.000106
vn 0.155124 -0.987895 0.000053
vn 0.155025 -0.987910 -0.000583
vn 0.155025 -0.987910 -0.000583
vn 0.155315 -0.987865 -0.000081
vn 0.155336 -0.987862 -0.000106
vn 0.154835 -0.987940 -0.000005
vn 0.154842 -0.987939 0.000000
vn 0.154837 -0.987940 -0.000013
vn 0.154836 -0.987940 -0.000005
vn 0.154837 -0.987940 0.000005
vn 0.154838 -0.987940 -0.000013
vn 0.154843 -0.987939 -0.000002
vn 0.154837 -0.987940 0.000005
vn 0.154836 -0.987940 -0.000005
vn 0.154838 -0.987940 -0.000004
vn 0.154842 -0.987939 0.000000
vn 0.154843 -0.987939 -0.000002
vn 0.155124 -0.987895 0.000053
vn 0.155336 -0.987862 -0.000106
vn 0.154975 -0.987918 0.000031
vn 0.154975 -0.987918 0.000031
vn 0.154821 -0.987943 0.000021
vn 0.155124 -0.987895 0.000053
vn 0.155336 -0.987862 -0.000106
vn 0.154941 -0.987924 -0.000048
vn 0.154975 -0.987918 0.000031
vn 0.155244 -0.987876 -0.000253
vn 0.154843 -0.987939 0.000001
vn 0.154941 -0.987924 -0.000048
vn 0.154941 -0.987924 -0.000048
vn 0.155336 -0.987862 -0.000106
vn 0.155244 -0.987876 -0.000253
vn 0.154843 -0.987939 -0.000002
vn 0.154842 -0.987939 0.000000
vn 0.154835 -0.987940 -0.000005
vn 0.154835 -0.987940 -0.000005
vn 0.154837 -0.987940 0.000005
vn 0.154843 -0.987939 -0.000002
vn 0.154849 -0.987938 0.000000
vn 0.154849 -0.987938 0.000000
vn 0.154849 -0.987938 0.000000
vn 0.154837 -0.987940 0.000005
vn 0.154842 -0.987939 -0.000014
vn 0.154840 -0.987940 -0.000014
vn 0.154837 -0.987940 0.000005
vn 0.154840 -0.987940 -0.000014
vn 0.154838 -0.987940 -0.000013
vn 0.154847 -0.987939 0.000005
vn 0.154975 -0.987918 0.000031
vn 0.154846 -0.987939 -0.000013
vn 0.154847 -0.987939 0.000005
vn 0.154846 -0.987939 -0.000013
vn 0.154844 -0.987939 -0.000013
vn 0.154837 -0.987940 0.000005
vn 0.154847 -0.987939 0.000005
vn 0.154844 -0.987939 -0.000013
vn 0.154844 -0.987939 -0.000013
vn 0.154842 -0.987939 -0.000014
vn 0.154837 -0.987940 0.000005
vn 0.154987 -0.987917 -0.000059
vn 0.154844 -0.987939 -0.000013
vn 0.154842 -0.987939 -0.000014
vn 0.154842 -0.987939 -0.000014
vn 0.154842 -0.987939 0.000000
vn 0.154987 -0.987917 -0.000059
vn 0.154842 -0.987939 0.000000
vn 0.154842 -0.987939 -0.000014
vn 0.154840 -0.987940 -0.000014
vn 0.154842 -0.987939 0.000000
vn 0.154840 -0.987940 -0.000014
vn 0.154837 -0.987940 -0.000013
vn 0.154987 -0.987917 -0.000059
vn 0.154848 -0.987938 -0.000005
vn 0.154846 -0.987939 -0.000013
vn 0.154987 -0.987917 -0.000059
vn 0.154846 -0.987939 -0.000013
vn 0.154844 -0.987939 -0.000013
vn 0.154837 -0.987940 0.000005
vn 0.154835 -0.987940 -0.000005
vn 0.154816 -0.987943 -0.000011
vn 0.154816 -0.987943 -0.000011
vn 0.154823 -0.987942 0.000019
vn 0.154837 -0.987940 0.000005
vn 0.154847 -0.987939 0.000005
vn 0.154837 -0.987940 0.000005
vn 0.154823 -0.987942 0.000019
vn 0.154823 -0.987942 0.000019
vn 0.154861 -0.987936 0.000018
vn 0.154847 -0.987939 0.000005
vn 0.154837 -0.987940 0.000005
vn 0.154836 -0.987940 -0.000005
vn 0.154817 -0.987943 -0.000012
vn 0.154817 -0.987943 -0.000012
vn 0.154823 -0.987942 0.000019
vn 0.154837 -0.987940 0.000005
vn 0.154941 -0.987924 -0.000048
vn 0.154837 -0.987940 0.000005
vn 0.154823 -0.987942 0.000019
vn 0.154823 -0.987942 0.000019
vn 0.154861 -0.987936 0.000019
vn 0.154941 -0.987924 -0.000048
vn 0.154848 -0.987938 -0.000005
vn 0.154847 -0.987939 0.000005
vn 0.154861 -0.987936 0.000018
vn 0.154861 -0.987936 0.000018
vn 0.154867 -0.987935 -0.000011
vn 0.154848 -0.987938 -0.000005
vn 0.154835 -0.987940 -0.000005
vn 0.154837 -0.987940 -0.000013
vn 0.154833 -0.987941 -0.000027
vn 0.154833 -0.987941 -0.000027
vn 0.154816 -0.987943 -0.000011
vn 0.154835 -0.987940 -0.000005
vn 0.154975 -0.987918 0.000031
vn 0.154941 -0.987924 -0.000048
vn 0.154861 -0.987936 0.000019
vn 0.154861 -0.987936 0.000019
vn 0.154867 -0.987935 -0.000012
vn 0.154975 -0.987918 0.000031
vn 0.154836 -0.987940 -0.000005
vn 0.154838 -0.987940 -0.000013
vn 0.154834 -0.987941 -0.000027
vn 0.154834 -0.987941 -0.000027
vn 0.154817 -0.987943 -0.000012
vn 0.154836 -0.987940 -0.000005
vn 0.154837 -0.987940 -0.000013
vn 0.154840 -0.987940 -0.000014
vn 0.154837 -0.987940 -0.000028
vn 0.154837 -0.987940 -0.000028
vn 0.154833 -0.987941 -0.000027
vn 0.154837 -0.987940 -0.000013
vn 0.154840 -0.987940 -0.000014
vn 0.154842 -0.987939 -0.000014
vn 0.154842 -0.987939 -0.000029
vn 0.154842 -0.987939 -0.000029
vn 0.154837 -0.987940 -0.000028
vn 0.154840 -0.987940 -0.000014
vn 0.154842 -0.987939 -0.000014
vn 0.154844 -0.987939 -0.000013
vn 0.154847 -0.987939 -0.000028
vn 0.154847 -0.987939 -0.000028
vn 0.154842 -0.987939 -0.000029
vn 0.154842 -0.987939 -0.000014
vn 0.154844 -0.987939 -0.000013
vn 0.154846 -0.987939 -0.000013
vn 0.154850 -0.987938 -0.000027
vn 0.154850 -0.987938 -0.000027
vn 0.154847 -0.987939 -0.000028
vn 0.154844 -0.987939 -0.000013
vn 0.154846 -0.987939 -0.000013
vn 0.154848 -0.987938 -0.000005
vn 0.154867 -0.987935 -0.000011
vn 0.154867 -0.987935 -0.000011
vn 0.154850 -0.987938 -0.000027
vn 0.154846 -0.987939 -0.000013
vn 0.154838 -0.987940 -0.000013
vn 0.154840 -0.987940 -0.000014
vn 0.154838 -0.987940 -0.000029
vn 0.154838 -0.987940 -0.000029
vn 0.154834 -0.987941 -0.000027
vn 0.154838 -0.987940 -0.000013
vn 0.154840 -0.987940 -0.000014
vn 0.154842 -0.987939 -0.000014
vn 0.154842 -0.987939 -0.000029
vn 0.154842 -0.987939 -0.000029
vn 0.154838 -0.987940 -0.000029
vn 0.154840 -0.987940 -0.000014
vn 0.154842 -0.987939 -0.000014
vn 0.154844 -0.987939 -0.000013
vn 0.154846 -0.987939 -0.000029
vn 0.154846 -0.987939 -0.000029
vn 0.154842 -0.987939 -0.000029
vn 0.154842 -0.987939 -0.000014
vn 0.154844 -0.987939 -0.000013
vn 0.154846 -0.987939 -0.000013
vn 0.154850 -0.987938 -0.000027
vn 0.154850 -0.987938 -0.000027
vn 0.154846 -0.987939 -0.000029
vn 0.154844 -0.987939 -0.000013
vn 0.154846 -0.987939 -0.000013
vn 0.154975 -0.987918 0.000031
vn 0.154867 -0.987935 -0.000012
vn 0.154867 -0.987935 -0.000012
vn 0.154850 -0.987938 -0.000027
vn 0.154846 -0.987939 -0.000013
vn 0.154843 -0.987939 -0.000002
vn 0.154844 -0.987939 0.000002
vn 0.154849 -0.987938 0.000006
vn 0.154849 -0.987938 0.000006
vn 0.154849 -0.987938 -0.000006
vn 0.154843 -0.987939 -0.000002
vn 0.154841 -0.987939 0.000003
vn 0.154838 -0.987940 -0.000004
vn 0.154834 -0.987940 -0.000006
vn 0.154834 -0.987940 -0.000006
vn 0.154834 -0.987940 0.000006
vn 0.154841 -0.987939 0.000003
vn 0.154844 -0.987939 0.000002
vn 0.154841 -0.987939 0.000003
vn 0.154834 -0.987940 0.000006
vn 0.154834 -0.987940 0.000006
vn 0.154849 -0.987938 0.000006
vn 0.154844 -0.987939 0.000002
vn 0.154838 -0.987940 -0.000004
vn 0.154843 -0.987939 -0.000002
vn 0.154849 -0.987938 -0.000006
vn 0.154849 -0.987938 -0.000006
vn 0.154834 -0.987940 -0.000006
vn 0.154838 -0.987940 -0.000004
vn 0.155124 -0.987895 0.000053
vn 0.154821 -0.987943 0.000021
vn 0.154753 -0.987953 0.000080
vn 0.154753 -0.987953 0.000080
vn 0.154930 -0.987925 0.000080
vn 0.155124 -0.987895 0.000053
vn 0.154821 -0.987943 0.000021
vn 0.154920 -0.987927 -0.000130
vn 0.154753 -0.987953 -0.000080
vn 0.154753 -0.987953 -0.000080
vn 0.154753 -0.987953 0.000080
vn 0.154821 -0.987943 0.000021
vn 0.155025 -0.987910 -0.000583
vn 0.155124 -0.987895 0.000053
vn 0.154930 -0.987925 0.000080
vn 0.154930 -0.987925 0.000080
vn 0.154931 -0.987925 -0.000080
vn 0.155025 -0.987910 -0.000583
vn 0.154920 -0.987927 -0.000130
vn 0.155025 -0.987910 -0.000583
vn 0.154931 -0.987925 -0.000080
vn 0.154931 -0.987925 -0.000080
vn 0.154753 -0.987953 -0.000080
vn 0.154920 -0.987927 -0.000130
vn 0.154847 -0.987938 0.000001
vn 0.154842 -0.987939 0.000001
vn 0.154843 -0.987939 0.000001
vn 0.154841 -0.987939 0.000000
vn 0.154841 -0.987939 0.000000
vn 0.154841 -0.987939 0.000001
vn 0.154847 -0.987939 -0.000005
vn 0.154843 -0.987939 0.000000
vn 0.154843 -0.987939 -0.000001
vn 0.154842 -0.987939 -0.000002
vn 0.154842 -0.987939 -0.000001
vn 0.154841 -0.987939 -0.000001
vn 0.154842 -0.987939 0.000000
vn 0.154886 -0.987932 -0.000007
vn 0.154861 -0.987936 -0.000004
vn 0.154842 -0.987939 0.000000
vn 0.154861 -0.987936 -0.000004
vn 0.154933 -0.987925 0.000052
vn 0.154842 -0.987939 0.000000
vn 0.154933 -0.987925 0.000052
vn 0.155002 -0.987914 -0.000002
vn 0.154823 -0.987942 -0.000003
vn 0.154823 -0.987942 -0.000013
vn 0.154800 -0.987946 -0.000025
vn 0.154800 -0.987946 -0.000025
vn 0.154798 -0.987946 -0.000006
vn 0.154823 -0.987942 -0.000003
vn 0.154842 -0.987939 -0.000017
vn 0.154852 -0.987938 -0.000020
vn 0.154867 -0.987935 -0.000044
vn 0.154867 -0.987935 -0.000044
vn 0.154842 -0.987939 -0.000045
vn 0.154842 -0.987939 -0.000017
vn 0.154823 -0.987942 -0.000013
vn 0.154827 -0.987942 -0.000019
vn 0.154807 -0.987945 -0.000038
vn 0.154807 -0.987945 -0.000038
vn 0.154800 -0.987946 -0.000025
vn 0.154823 -0.987942 -0.000013
vn 0.154827 -0.987942 -0.000019
vn 0.154832 -0.987941 -0.000020
vn 0.154817 -0.987943 -0.000043
vn 0.154817 -0.987943 -0.000043
vn 0.154807 -0.987945 -0.000038
vn 0.154827 -0.987942 -0.000019
vn 0.154832 -0.987941 -0.000020
vn 0.154842 -0.987939 -0.000017
vn 0.154842 -0.987939 -0.000045
vn 0.154842 -0.987939 -0.000045
vn 0.154817 -0.987943 -0.000043
vn 0.154832 -0.987941 -0.000020
vn 0.154852 -0.987938 -0.000020
vn 0.154857 -0.987937 -0.000019
vn 0.154879 -0.987934 -0.000038
vn 0.154879 -0.987934 -0.000038
vn 0.154867 -0.987935 -0.000044
vn 0.154852 -0.987938 -0.000020
vn 0.154857 -0.987937 -0.000019
vn 0.154861 -0.987936 -0.000013
vn 0.154884 -0.987933 -0.000026
vn 0.154884 -0.987933 -0.000026
vn 0.154879 -0.987934 -0.000038
vn 0.154857 -0.987937 -0.000019
vn 0.154861 -0.987936 -0.000013
vn 0.154861 -0.987936 -0.000004
vn 0.154886 -0.987932 -0.000007
vn 0.154886 -0.987932 -0.000007
vn 0.154884 -0.987933 -0.000026
vn 0.154861 -0.987936 -0.000013
vn 0.154841 -0.987939 0.000000
vn 0.154843 -0.987939 -0.000000
vn 0.154842 -0.987939 0.000001
vn 0.154841 -0.987939 0.000000
vn 0.154842 -0.987939 0.000001
vn 0.154823 -0.987942 -0.000003
vn 0.154841 -0.987939 0.000000
vn 0.154823 -0.987942 -0.000003
vn 0.154798 -0.987946 -0.000006
vn 0.154842 -0.987939 0.000000
vn 0.154842 -0.987939 0.000000
vn 0.154842 -0.987939 -0.000000
vn 0.154842 -0.987939 -0.000000
vn 0.154842 -0.987939 -0.000002
vn 0.154842 -0.987939 -0.000000
vn 0.154842 -0.987939 0.000000
vn 0.154842 -0.987939 -0.000000
vn 0.154842 -0.987939 -0.000000
vn 0.154842 -0.987939 -0.000000
vn 0.154842 -0.987939 0.000000
vn 0.154842 -0.987939 0.000000
vn 0.154842 -0.987939 0.000000
vn 0.154842 -0.987939 -0.000000
vn 0.154842 -0.987939 0.000000
vn 0.154842 -0.987939 0.000000
vn 0.154842 -0.987939 0.000000
vn 0.154842 -0.987939 0.000000
vn 0.154842 -0.987939 0.000000
vn 0.154842 -0.987939 0.000000
vn 0.154842 -0.987939 0.000000
vn 0.154842 -0.987939 0.000000
vn 0.154842 -0.987939 0.000001
vn 0.154842 -0.987939 0.000000
vn 0.154842 -0.987939 0.000000
vn 0.154842 -0.987939 0.000000
vn 0.154842 -0.987939 0.000000
vn 0.154842 -0.987939 0.000000
vn 0.154842 -0.987939 0.000000
vn 0.154842 -0.987939 0.000000
vn 0.154842 -0.987939 0.000000
vn 0.154842 -0.987939 0.000000
vn 0.154842 -0.987939 0.000000
vn 0.154842 -0.987939 0.000000
vn 0.154842 -0.987939 0.000000
vn 0.154842 -0.987939 0.000000
vn 0.154842 -0.987939 0.000000
vn 0.154842 -0.987939 0.000000
vn 0.154842 -0.987939 0.000000
vn 0.154842 -0.987939 0.000000
vn 0.154842 -0.987939 0.000000
vn 0.154842 -0.987939 0.000000
vn -0.987939 -0.154842 -0.000000
vn -0.987939 -0.154842 -0.000000
vn -0.987939 -0.154842 -0.000000
vn -0.987939 -0.154842 -0.000000
vn -0.987939 -0.154842 -0.000000
vn -0.987939 -0.154842 -0.000000
vn -0.390296 -0.061172 -0.918655
vn -0.319831 -0.050128 -0.946148
vn -0.319831 -0.050128 -0.946148
vn -0.319831 -0.050128 -0.946148
vn -0.390296 -0.061172 -0.918655
vn -0.390296 -0.061172 -0.918655
vn -0.319831 -0.050128 -0.946148
vn -0.165807 -0.025987 -0.985816
vn -0.165807 -0.025987 -0.985816
vn -0.165807 -0.025987 -0.985816
vn -0.319831 -0.050128 -0.946148
vn -0.319831 -0.050128 -0.946148
vn -0.165807 -0.025987 -0.985816
vn 0.000000 0.000000 -1.000000
vn 0.000000 -0.000000 -1.000000
vn 0.000000 -0.000000 -1.000000
vn -0.165807 -0.025987 -0.985816
vn -0.165807 -0.025987 -0.985816
vn 0.000000 0.000000 -1.000000
vn 0.165807 0.025987 -0.985816
vn 0.165807 0.025987 -0.985816
vn 0.165807 0.025987 -0.985816
vn 0.000000 -0.000000 -1.000000
vn 0.000000 0.000000 -1.000000
vn 0.165807 0.025987 -0.985816
vn 0.319832 0.050128 -0.946147
vn 0.319832 0.050128 -0.946147
vn 0.319832 0.050128 -0.946147
vn 0.165807 0.025987 -0.985816
vn 0.165807 0.025987 -0.985816
vn 0.319832 0.050128 -0.946147
vn 0.390297 0.061172 -0.918655
vn 0.390297 0.061172 -0.918655
vn 0.390297 0.061172 -0.918655
vn 0.319832 0.050128 -0.946147
vn 0.319832 0.050128 -0.946147
vn 0.987939 0.154842 0.000000
vn 0.987939 0.154842 0.000000
vn 0.987939 0.154842 0.000000
vn 0.987939 0.154842 0.000000
vn 0.987939 0.154842 0.000000
vn 0.987939 0.154842 0.000000
vn -0.000000 0.000000 1.000000
vn -0.000000 0.000000 1.000000
vn -0.000000 0.000000 1.000000
vn -0.000000 0.000000 1.000000
vn -0.000000 0.000000 1.000000
vn -0.000000 0.000000 1.000000
vn -0.987939 -0.154842 -0.000000
vn -0.987939 -0.154842 -0.000000
vn -0.987939 -0.154842 -0.000000
vn -0.987939 -0.154842 -0.000000
vn -0.987939 -0.154842 -0.000000
vn -0.987939 -0.154842 -0.000000
vn -0.355398 -0.055702 -0.933054
vn -0.295659 -0.046339 -0.954169
vn -0.295659 -0.046339 -0.954169
vn -0.295659 -0.046339 -0.954169
vn -0.355398 -0.055702 -0.933054
vn -0.355398 -0.055702 -0.933054
vn -0.295659 -0.046339 -0.954169
vn -0.150402 -0.023573 -0.988344
vn -0.150402 -0.023573 -0.988344
vn -0.150402 -0.023573 -0.988344
vn -0.295659 -0.046339 -0.954169
vn -0.295659 -0.046339 -0.954169
vn -0.150402 -0.023573 -0.988344
vn 0.000000 0.000000 -1.000000
vn 0.000000 0.000000 -1.000000
vn 0.000000 0.000000 -1.000000
vn -0.150402 -0.023573 -0.988344
vn -0.150402 -0.023573 -0.988344
vn 0.000000 0.000000 -1.000000
vn 0.150403 0.023573 -0.988344
vn 0.150403 0.023573 -0.988344
vn 0.150403 0.023573 -0.988344
vn 0.000000 0.000000 -1.000000
vn 0.000000 0.000000 -1.000000
vn 0.150403 0.023573 -0.988344
vn 0.295659 0.046339 -0.954169
vn 0.295659 0.046339 -0.954169
vn 0.295659 0.046339 -0.954169
vn 0.150403 0.023573 -0.988344
vn 0.150403 0.023573 -0.988344
vn 0.295659 0.046339 -0.954169
vn 0.355399 0.055702 -0.933054
vn 0.355399 0.055702 -0.933054
vn 0.355399 0.055702 -0.933054
vn 0.295659 0.046339 -0.954169
vn 0.295659 0.046339 -0.954169
vn 0.987939 0.154842 0.000000
vn 0.987939 0.154842 0.000000
vn 0.987939 0.154842 0.000000
vn 0.987939 0.154842 0.000000
vn 0.987939 0.154842 0.000000
vn 0.987939 0.154842 0.000000
vn -0.000001 -0.000000 1.000000
vn -0.000001 -0.000000 1.000000
vn -0.000001 -0.000000 1.000000
vn -0.000001 -0.000000 1.000000
vn -0.000001 -0.000000 1.000000
vn -0.000001 -0.000000 1.000000
vn 0.154842 -0.987939 -0.000000
vn 0.154842 -0.987939 0.000000
vn 0.154842 -0.987939 -0.000000
vn 0.154842 -0.987939 -0.000000
vn 0.154842 -0.987939 -0.000000
vn 0.154842 -0.987939 -0.000000
vn 0.154842 -0.987939 0.000000
vn 0.154842 -0.987939 0.000000
vn 0.154842 -0.987939 0.000000
vn 0.154842 -0.987939 0.000000
vn 0.154842 -0.987939 0.000000
vn 0.154842 -0.987939 0.000000
vn 0.987939 0.154841 0.000000
vn 0.987939 0.154841 0.000000
vn 0.987939 0.154841 0.000000
vn 0.987939 0.154841 0.000000
vn 0.987939 0.154841 0.000000
vn 0.987939 0.154841 0.000000
vn -0.000000 0.000000 1.000000
vn -0.000000 0.000000 1.000000
vn -0.000000 0.000000 1.000000
vn -0.000000 0.000000 1.000000
vn -0.000000 0.000000 1.000000
vn -0.000000 0.000000 1.000000
vn -0.987939 -0.154843 -0.000000
vn -0.987939 -0.154843 -0.000000
vn -0.987939 -0.154843 -0.000000
vn -0.987939 -0.154843 -0.000000
vn -0.987939 -0.154843 -0.000000
vn -0.987939 -0.154843 -0.000000
vn 0.000000 -0.000000 -1.000000
vn 0.000000 -0.000000 -1.000000
vn 0.000000 -0.000000 -1.000000
vn 0.000000 -0.000000 -1.000000
vn 0.000000 -0.000000 -1.000000
vn 0.000000 -0.000000 -1.000000
vn -0.000006 -0.000001 1.000000
vn -0.000006 -0.000001 1.000000
vn -0.000006 -0.000001 1.000000
vn -0.000006 -0.000001 1.000000
vn -0.000006 -0.000001 1.000000
vn -0.000006 -0.000001 1.000000
vn -0.987939 -0.154843 -0.000000
vn -0.987939 -0.154843 -0.000000
vn -0.987939 -0.154843 -0.000000
vn -0.987939 -0.154843 -0.000000
vn -0.987939 -0.154843 -0.000000
vn -0.987939 -0.154843 -0.000000
vn 0.000000 -0.000000 -1.000000
vn 0.000000 -0.000000 -1.000000
vn 0.000000 -0.000000 -1.000000
vn 0.000000 -0.000000 -1.000000
vn 0.000000 -0.000000 -1.000000
vn 0.000000 -0.000000 -1.000000
vn 0.987939 0.154843 0.000000
vn 0.987939 0.154843 0.000000
vn 0.987939 0.154843 0.000000
vn 0.987939 0.154843 0.000000
vn 0.987939 0.154843 0.000000
vn 0.987939 0.154843 0.000000
vn 0.154846 -0.987939 0.000003
vn 0.154841 -0.987939 -0.000001
vn 0.154842 -0.987939 0.000002
vn 0.154842 -0.987939 0.000002
vn 0.154842 -0.987939 0.000000
vn 0.154842 -0.987939 0.000000
vn 0.154842 -0.987939 0.000000
vn 0.154843 -0.987939 -0.000001
vn 0.154840 -0.987939 0.000002
vn 0.154842 -0.987939 0.000002
vn 0.154842 -0.987939 0.000000
vn 0.154840 -0.987939 0.000002
vn 0.154839 -0.987940 0.000002
vn 0.154842 -0.987939 0.000004
vn 0.154842 -0.987939 0.000003
vn 0.154840 -0.987939 0.000002
vn 0.154839 -0.987940 0.000002
vn 0.154842 -0.987939 0.000003
vn 0.154842 -0.987939 0.000002
vn 0.154840 -0.987939 0.000002
vn 0.154842 -0.987939 0.000003
vn 0.154846 -0.987939 0.000003
vn 0.154842 -0.987939 0.000002
vn 0.154842 -0.987939 0.000003
vn 0.154846 -0.987939 0.000003
vn 0.154842 -0.987939 0.000003
vn 0.154850 -0.987938 0.000004
vn 0.967594 0.151652 -0.201899
vn 0.987939 0.154842 -0.000012
vn 0.987939 0.154842 -0.000012
vn 0.987939 0.154842 -0.000012
vn 0.967594 0.151652 -0.201899
vn 0.967594 0.151652 -0.201899
vn -0.000001 0.000005 1.000000
vn -0.000001 0.000006 1.000000
vn -0.000001 0.000005 1.000000
vn -0.000001 0.000005 1.000000
vn -0.000001 0.000005 1.000000
vn -0.000001 0.000005 1.000000
vn -0.987939 -0.154842 0.000002
vn -0.967595 -0.151654 -0.201892
vn -0.967595 -0.151654 -0.201892
vn -0.967595 -0.151654 -0.201892
vn -0.987939 -0.154842 0.000002
vn -0.987939 -0.154842 0.000002
vn -0.967595 -0.151654 -0.201892
vn -0.847710 -0.132867 -0.513550
vn -0.847711 -0.132867 -0.513550
vn -0.847711 -0.132867 -0.513550
vn -0.967595 -0.151654 -0.201892
vn -0.967595 -0.151654 -0.201892
vn -0.847710 -0.132867 -0.513550
vn -0.679225 -0.106461 -0.726168
vn -0.679225 -0.106461 -0.726168
vn -0.679225 -0.106461 -0.726168
vn -0.847711 -0.132867 -0.513550
vn -0.847710 -0.132867 -0.513550
vn -0.679225 -0.106461 -0.726168
vn -0.482265 -0.075592 -0.872758
vn -0.482265 -0.075592 -0.872758
vn -0.482265 -0.075592 -0.872758
vn -0.679225 -0.106461 -0.726168
vn -0.679225 -0.106461 -0.726168
vn -0.482265 -0.075592 -0.872758
vn -0.387047 -0.060668 -0.920062
vn -0.387048 -0.060668 -0.920062
vn -0.387048 -0.060668 -0.920062
vn -0.482265 -0.075592 -0.872758
vn -0.482265 -0.075592 -0.872758
vn 0.387049 0.060658 -0.920062
vn 0.482266 0.075582 -0.872758
vn 0.482267 0.075582 -0.872758
vn 0.482267 0.075582 -0.872758
vn 0.387049 0.060658 -0.920062
vn 0.387049 0.060658 -0.920062
vn 0.482266 0.075582 -0.872758
vn 0.679226 0.106453 -0.726168
vn 0.679227 0.106453 -0.726167
vn 0.679227 0.106453 -0.726167
vn 0.482267 0.075582 -0.872758
vn 0.482266 0.075582 -0.872758
vn 0.679226 0.106453 -0.726168
vn 0.847711 0.132861 -0.513550
vn 0.847711 0.132861 -0.513550
vn 0.847711 0.132861 -0.513550
vn 0.679227 0.106453 -0.726167
vn 0.679226 0.106453 -0.726168
vn 0.847711 0.132861 -0.513550
vn 0.967594 0.151652 -0.201899
vn 0.967594 0.151652 -0.201899
vn 0.967594 0.151652 -0.201899
vn 0.847711 0.132861 -0.513550
vn 0.847711 0.132861 -0.513550
vn 0.099951 -0.636999 -0.764357
vn 0.100023 -0.638052 -0.763469
vn 0.099984 -0.637543 -0.763899
vn 0.099984 -0.637543 -0.763899
vn 0.100252 -0.637969 -0.763509
vn 0.099951 -0.636999 -0.764357
vn 0.100278 -0.638054 -0.763434
vn 0.099951 -0.636999 -0.764357
vn 0.100252 -0.637969 -0.763509
vn 0.100024 -0.638026 -0.763491
vn 0.100024 -0.638026 -0.763491
vn 0.100024 -0.638026 -0.763491
vn 0.154837 -0.987940 0.000005
vn 0.154941 -0.987924 -0.000048
vn 0.154842 -0.987939 -0.000017
vn 0.154837 -0.987940 0.000005
vn 0.154842 -0.987939 -0.000017
vn 0.154832 -0.987941 -0.000020
vn 0.154941 -0.987924 -0.000048
vn 0.154843 -0.987939 0.000001
vn 0.154857 -0.987937 -0.000019
vn 0.154857 -0.987937 -0.000019
vn 0.154852 -0.987938 -0.000020
vn 0.154941 -0.987924 -0.000048
vn 0.154941 -0.987924 -0.000048
vn 0.154852 -0.987938 -0.000020
vn 0.154842 -0.987939 -0.000017
vn 0.154843 -0.987939 0.000001
vn 0.154861 -0.987936 -0.000004
vn 0.154861 -0.987936 -0.000013
vn 0.154843 -0.987939 0.000001
vn 0.154861 -0.987936 -0.000013
vn 0.154857 -0.987937 -0.000019
vn 0.154837 -0.987940 0.000005
vn 0.154832 -0.987941 -0.000020
vn 0.154827 -0.987942 -0.000019
vn 0.154827 -0.987942 -0.000019
vn 0.154841 -0.987939 0.000000
vn 0.154837 -0.987940 0.000005
vn 0.154841 -0.987939 0.000000
vn 0.154827 -0.987942 -0.000019
vn 0.154823 -0.987942 -0.000013
vn 0.154841 -0.987939 0.000000
vn 0.154841 -0.987939 0.000003
vn 0.154844 -0.987939 0.000002
vn 0.154844 -0.987939 0.000002
vn 0.154837 -0.987940 0.000005
vn 0.154841 -0.987939 0.000000
vn 0.154847 -0.987938 0.000001
vn 0.154851 -0.987938 0.000002
vn 0.154841 -0.987939 0.000003
vn 0.154841 -0.987939 0.000003
vn 0.154841 -0.987939 0.000000
vn 0.154847 -0.987938 0.000001
vn 0.154842 -0.987939 0.000000
vn 0.154842 -0.987939 0.000000
vn 0.154842 -0.987939 0.000000
vn 0.154842 -0.987939 0.000000
vn 0.154842 -0.987939 0.000000
vn 0.154842 -0.987939 0.000000
vn 0.154842 -0.987939 0.000000
vn 0.154842 -0.987939 0.000000
vn 0.154842 -0.987939 0.000000
vn 0.154842 -0.987939 0.000000
vn 0.154842 -0.987939 0.000000
vn 0.154842 -0.987939 0.000000
vn 0.154842 -0.987939 0.000000
vn 0.154842 -0.987939 0.000000
vn 0.154842 -0.987939 0.000000
vn 0.154842 -0.987939 0.000000
vn 0.154842 -0.987939 0.000000
vn 0.154842 -0.987939 0.000000
vn 0.154842 -0.987939 0.000000
vn 0.154842 -0.987939 0.000000
vn 0.154842 -0.987939 0.000000
vn 0.154842 -0.987939 0.000000
vn 0.154842 -0.987939 0.000000
vn 0.154842 -0.987939 0.000000
vn 0.154842 -0.987939 0.000000
vn 0.154842 -0.987939 0.000000
vn 0.154842 -0.987939 0.000000
vn 0.154842 -0.987939 0.000000
vn 0.154842 -0.987939 0.000000
vn 0.154842 -0.987939 0.000000
vn 0.154841 -0.987939 0.000000
vn 0.154841 -0.987939 0.000000
vn 0.154842 -0.987939 0.000000
vn 0.154842 -0.987939 0.000000
vn 0.154842 -0.987939 0.000000
vn 0.154841 -0.987939 0.000000
vn 0.154842 -0.987939 0.000000
vn 0.154842 -0.987939 0.000000
vn 0.154843 -0.987939 0.000000
vn 0.154843 -0.987939 0.000000
vn 0.154843 -0.987939 0.000000
vn 0.154842 -0.987939 0.000000
vn 0.154842 -0.987939 0.000000
vn 0.154842 -0.987939 0.000000
vn 0.154842 -0.987939 0.000001
vn 0.154842 -0.987939 0.000001
vn 0.154842 -0.987939 -0.000000
vn 0.154842 -0.987939 0.000000
vn 0.154842 -0.987939 -0.000001
vn 0.154842 -0.987939 -0.000002
vn 0.154842 -0.987939 0.000000
vn 0.154842 -0.987939 0.000000
vn 0.154842 -0.987939 0.000000
vn 0.154842 -0.987939 -0.000001
vn 0.154841 -0.987939 0.000000
vn 0.154842 -0.987939 -0.000000
vn 0.154842 -0.987939 0.000001
vn 0.154842 -0.987939 0.000001
vn 0.154847 -0.987938 0.000001
vn 0.154841 -0.987939 0.000000
vn 0.154842 -0.987939 -0.000002
vn 0.154841 -0.987939 -0.000001
vn 0.154841 -0.987939 0.000000
vn 0.154847 -0.987938 0.000001
vn 0.154843 -0.987939 0.000001
vn 0.154843 -0.987939 0.000000
vn 0.154847 -0.987939 -0.000005
vn 0.154842 -0.987939 -0.000002
vn 0.154842 -0.987939 -0.000001
vn 0.154842 -0.987939 -0.000001
vn 0.154842 -0.987939 -0.000002
vn 0.154847 -0.987939 -0.000005
vn 0.154841 -0.987939 0.000000
vn 0.154842 -0.987939 -0.000002
vn 0.154841 -0.987939 0.000000
vn 0.154841 -0.987939 0.000000
vn 0.154841 -0.987939 0.000000
vn 0.154841 -0.987939 0.000000
vn 0.154847 -0.987939 -0.000005
vn 0.154847 -0.987938 0.000001
vn 0.154843 -0.987939 0.000000
vn 0.154843 -0.987939 0.000000
vn 0.154843 -0.987939 0.000000
vn 0.154847 -0.987939 -0.000005
vn 0.154841 -0.987939 0.000000
vn 0.154841 -0.987939 0.000001
vn 0.154842 -0.987939 -0.000000
vn 0.154847 -0.987939 -0.000005
vn 0.154843 -0.987939 -0.000001
vn 0.154842 -0.987939 -0.000002
vn 0.000000 -0.000000 -1.000000
vn 0.000000 -0.000000 -1.000000
vn 0.000000 -0.000000 -1.000000
vn 0.000000 -0.000000 -1.000000
vn 0.000000 -0.000000 -1.000000
vn 0.000000 -0.000000 -1.000000
vn 0.987939 0.154841 0.000000
vn 0.987939 0.154841 0.000000
vn 0.987939 0.154841 0.000000
vn 0.987939 0.154841 0.000000
vn 0.987939 0.154841 0.000000
vn 0.987939 0.154841 0.000000
vn -0.000000 0.000000 1.000000
vn -0.000000 0.000000 1.000000
vn -0.000000 0.000000 1.000000
vn -0.000000 0.000000 1.000000
vn -0.000000 0.000000 1.000000
vn -0.000000 0.000000 1.000000
vn -0.987939 -0.154843 -0.000000
vn -0.987939 -0.154843 -0.000000
vn -0.987939 -0.154843 -0.000000
vn -0.987939 -0.154843 -0.000000
vn -0.987939 -0.154843 -0.000000
vn -0.987939 -0.154843 -0.000000
vn 0.987939 0.154841 0.000000
vn 0.987939 0.154841 0.000000
vn 0.987939 0.154841 0.000000
vn 0.987939 0.154841 0.000000
vn 0.987939 0.154841 0.000000
vn 0.987939 0.154841 0.000000
vn -0.000000 0.000000 1.000000
vn -0.000000 0.000000 1.000000
vn -0.000000 0.000000 1.000000
vn -0.000000 0.000000 1.000000
vn -0.000000 0.000000 1.000000
vn -0.000000 0.000000 1.000000
vn -0.987939 -0.154843 -0.000000
vn -0.987939 -0.154843 -0.000000
vn -0.987939 -0.154843 -0.000000
vn -0.987939 -0.154843 -0.000000
vn -0.987939 -0.154843 -0.000000
vn -0.987939 -0.154843 -0.000000
vn 0.000000 -0.000000 -1.000000
vn 0.000000 -0.000000 -1.000000
vn 0.000000 -0.000000 -1.000000
vn 0.000000 -0.000000 -1.000000
vn 0.000000 -0.000000 -1.000000
vn 0.000000 -0.000000 -1.000000
vn -0.987939 -0.154843 -0.000000
vn -0.987939 -0.154843 -0.000000
vn -0.987939 -0.154843 -0.000000
vn -0.987939 -0.154843 -0.000000
vn -0.987939 -0.154843 -0.000000
vn -0.987939 -0.154843 -0.000000
vn 0.000000 -0.000000 -1.000000
vn 0.000000 -0.000000 -1.000000
vn 0.000000 -0.000000 -1.000000
vn 0.000000 -0.000000 -1.000000
vn 0.000000 -0.000000 -1.000000
vn 0.000000 -0.000000 -1.000000
vn 0.987939 0.154843 0.000000
vn 0.987939 0.154843 0.000000
vn 0.987939 0.154843 0.000000
vn 0.987939 0.154843 0.000000
vn 0.987939 0.154843 0.000000
vn 0.987939 0.154843 0.000000
vn -0.000000 0.000000 1.000000
vn -0.000000 0.000000 1.000000
vn -0.000000 0.000000 1.000000
vn -0.000000 0.000000 1.000000
vn -0.000000 0.000000 1.000000
vn -0.000000 0.000000 1.000000
vn -0.000000 0.000000 1.000000
vn -0.000000 0.000000 1.000000
vn -0.000000 0.000000 1.000000
vn -0.000000 0.000000 1.000000
vn -0.000000 0.000000 1.000000
vn -0.000000 0.000000 1.000000
vn -0.987939 -0.154843 -0.000000
vn -0.987939 -0.154843 -0.000000
vn -0.987939 -0.154843 -0.000000
vn -0.987939 -0.154843 -0.000000
vn -0.987939 -0.154843 -0.000000
vn -0.987939 -0.154843 -0.000000
vn -0.000000 -0.000000 -1.000000
vn -0.000000 -0.000000 -1.000000
vn -0.000000 -0.000000 -1.000000
vn -0.000000 -0.000000 -1.000000
vn -0.000000 -0.000000 -1.000000
vn -0.000000 -0.000000 -1.000000
vn 0.987939 0.154843 0.000000
vn 0.987939 0.154843 0.000000
vn 0.987939 0.154843 0.000000
vn 0.987939 0.154843 0.000000
vn 0.987939 0.154843 0.000000
vn 0.987939 0.154843 0.000000
vn 0.154841 -0.987939 0.000000
vn 0.154823 -0.987942 -0.000013
vn 0.154823 -0.987942 -0.000003
vn 0.154843 -0.987939 -0.000001
vn 0.154933 -0.987925 0.000052
vn 0.154861 -0.987936 -0.000004
vn 0.154861 -0.987936 -0.000004
vn 0.154843 -0.987939 0.000001
vn 0.154843 -0.987939 -0.000001
vn 0.154841 -0.987939 0.000000
vn 0.154844 -0.987939 -0.000000
vn 0.154843 -0.987939 -0.000000
vn 0.154842 -0.987939 0.000000
vn 0.155002 -0.987914 -0.000002
vn 0.155009 -0.987913 -0.000006
vn 0.154841 -0.987939 0.000000
vn 0.154842 -0.987939 0.000000
vn 0.155009 -0.987913 -0.000006
vn 0.155009 -0.987913 -0.000006
vn 0.154844 -0.987939 -0.000000
vn 0.154841 -0.987939 0.000000
vn 0.987939 0.154842 0.000000
vn 0.987939 0.154842 0.000000
vn 0.987939 0.154842 -0.000000
vn 0.987939 0.154842 -0.000000
vn 0.987939 0.154842 0.000000
vn 0.987939 0.154842 0.000000
vn -0.987939 -0.154842 -0.000000
vn -0.987939 -0.154842 -0.000000
vn -0.987939 -0.154842 -0.000000
vn -0.987939 -0.154842 -0.000000
vn -0.987939 -0.154842 -0.000000
vn -0.987939 -0.154842 -0.000000
vn 0.987939 0.154842 0.000000
vn 0.987939 0.154842 0.000000
vn 0.987939 0.154842 0.000000
vn -0.000000 0.000000 1.000000
vn -0.000000 0.000000 1.000000
vn -0.000000 0.000000 1.000000
vn -0.000000 0.000000 1.000000
vn -0.000000 0.000000 1.000000
vn -0.000000 0.000000 1.000000
vn -0.987939 -0.154842 0.000000
vn -0.987939 -0.154842 -0.000000
vn -0.987939 -0.154842 -0.000000
vn 0.154842 -0.987939 -0.000000
vn 0.154842 -0.987939 0.000000
vn 0.154842 -0.987939 0.000000
vn 0.154842 -0.987939 0.000000
vn 0.154842 -0.987939 -0.000000
vn 0.154842 -0.987939 -0.000000
vn 0.987939 0.154842 -0.000000
vn 0.987939 0.154842 -0.000000
vn 0.987939 0.154842 0.000000
vn -0.987939 -0.154842 -0.000000
vn -0.987939 -0.154842 0.000000
vn -0.987939 -0.154842 -0.000000
vn 0.987939 0.154842 0.000000
vn 0.987939 0.154842 -0.000000
vn 0.987939 0.154842 0.000000
vn 0.987939 0.154842 -0.000000
vn 0.987939 0.154842 -0.000000
vn 0.987939 0.154842 -0.000000
vn -0.987939 -0.154842 -0.000000
vn -0.987939 -0.154842 0.000000
vn -0.987939 -0.154842 0.000000
vn -0.987939 -0.154842 -0.000000
vn -0.987939 -0.154842 0.000000
vn -0.987939 -0.154841 -0.000000
vn 0.154842 -0.987939 -0.000000
vn 0.154842 -0.987939 -0.000000
vn 0.154842 -0.987939 0.000000
vn 0.154842 -0.987939 0.000000
vn 0.154842 -0.987939 0.000000
vn 0.154842 -0.987939 -0.000000
vn -0.000017 -0.000003 1.000000
vn -0.000017 -0.000003 1.000000
vn -0.000017 -0.000003 1.000000
vn -0.000017 -0.000003 1.000000
vn -0.000017 -0.000003 1.000000
vn -0.000017 -0.000003 1.000000
vn 0.154842 -0.987939 -0.000000
vn 0.154842 -0.987939 -0.000000
vn 0.154842 -0.987939 0.000000
vn 0.154842 -0.987939 0.000000
vn 0.154842 -0.987939 0.000000
vn 0.154842 -0.987939 -0.000000
vn -0.000009 -0.000001 1.000000
vn -0.000009 -0.000001 1.000000
vn -0.000009 -0.000001 1.000000
vn -0.000009 -0.000001 1.000000
vn -0.000009 -0.000001 1.000000
vn -0.000009 -0.000001 1.000000
vn -0.087949 0.572226 0.815366
vn -0.097280 0.619930 0.778603
vn -0.097782 0.623744 0.775488
vn -0.097782 0.623744 0.775488
vn -0.097787 0.623785 0.775454
vn -0.087949 0.572226 0.815366
vn 0.518514 -0.072348 0.852003
vn 0.518504 -0.072371 0.852007
vn 0.518469 -0.072450 0.852022
vn 0.138203 0.653132 0.744526
vn 0.138203 0.653132 0.744526
vn 0.138203 0.653132 0.744526
vn 0.518514 -0.072348 0.852003
vn 0.518544 -0.072281 0.851990
vn 0.518504 -0.072371 0.852007
vn 0.115904 -0.739066 0.663587
vn 0.115840 -0.739000 0.663671
vn 0.115846 -0.738821 0.663870
vn 0.115846 -0.738821 0.663870
vn 0.115881 -0.738812 0.663874
vn 0.115904 -0.739066 0.663587
vn -0.328089 0.165824 0.929979
vn -0.450756 0.113956 0.885343
vn -0.491306 0.089269 0.866400
vn 0.135075 0.647611 0.749903
vn 0.135075 0.647611 0.749903
vn 0.135075 0.647611 0.749903
vn 0.149459 0.607919 0.779806
vn 0.149459 0.607919 0.779806
vn 0.149459 0.607919 0.779806
vn -0.523399 0.060547 0.849934
vn -0.518019 0.053621 0.853687
vn -0.491306 0.089269 0.866400
vn -0.450756 0.113956 0.885343
vn -0.523399 0.060547 0.849934
vn -0.491306 0.089269 0.866400
vn -0.944134 0.329563 -0.000000
vn -0.944134 0.329563 -0.000000
vn -0.974981 0.222289 -0.000000
vn -0.974981 0.222289 -0.000000
vn -0.963134 0.269023 -0.000000
vn -0.944134 0.329563 -0.000000
vn -0.944132 0.329569 -0.000000
vn -0.944132 0.329569 -0.000000
vn -0.944132 0.329569 -0.000000
vn -0.944132 0.329569 -0.000000
vn -0.944132 0.329569 -0.000000
vn -0.944132 0.329569 -0.000000
vn -0.944131 0.329569 0.000000
vn -0.944131 0.329569 0.000000
vn -0.944131 0.329569 0.000000
vn 0.204205 0.978928 0.000000
vn 0.204205 0.978928 0.000000
vn 0.204205 0.978928 0.000000
vn 0.204205 0.978928 -0.000000
vn 0.204205 0.978928 -0.000000
vn 0.204205 0.978928 -0.000000
vn 0.992787 -0.119894 -0.000000
vn 0.992787 -0.119894 -0.000000
vn 0.992787 -0.119896 -0.000000
vn 0.992787 -0.119896 -0.000000
vn 0.992787 -0.119896 -0.000000
vn 0.992787 -0.119894 -0.000000
vn -0.974981 0.222289 -0.000000
vn -0.997622 0.068919 -0.000000
vn -0.963134 0.269023 -0.000000
vn -0.944134 0.329562 0.000000
vn -0.944134 0.329562 0.000000
vn -0.944134 0.329562 0.000000
vn -0.944134 0.329563 -0.000000
vn -0.944134 0.329563 -0.000000
vn -0.944134 0.329563 -0.000000
vn -0.944134 0.329562 -0.000000
vn -0.944134 0.329562 -0.000000
vn -0.944134 0.329562 -0.000000
vn -0.944134 0.329562 -0.000000
vn -0.944134 0.329562 -0.000001
vn -0.944134 0.329562 -0.000000
vn -0.087949 0.572226 0.815366
vn -0.053035 0.389362 0.919557
vn -0.054262 0.395866 0.916704
vn -0.054262 0.395866 0.916704
vn -0.097280 0.619930 0.778603
vn -0.087949 0.572226 0.815366
vn 0.115796 -0.738877 0.663817
vn 0.115691 -0.738767 0.663957
vn 0.115846 -0.738821 0.663870
vn 0.115840 -0.739000 0.663671
vn 0.115728 -0.739003 0.663688
vn 0.115796 -0.738877 0.663817
vn 0.115840 -0.739000 0.663671
vn 0.115796 -0.738877 0.663817
vn 0.115846 -0.738821 0.663870
vn 0.992787 -0.119893 0.000000
vn 0.992787 -0.119893 0.000000
vn 0.992787 -0.119893 0.000000
vn 0.992787 -0.119893 -0.000000
vn 0.992787 -0.119893 -0.000000
vn 0.992787 -0.119893 -0.000000
vn 0.992787 -0.119893 -0.000000
vn 0.992787 -0.119893 -0.000000
vn 0.992787 -0.119893 -0.000000
vn 0.992787 -0.119893 -0.000000
vn 0.992787 -0.119893 -0.000000
vn 0.992787 -0.119893 -0.000000
vn 0.154851 -0.987938 0.000002
vn 0.154851 -0.987938 -0.000004
vn 0.154852 -0.987938 -0.000000
vn 0.154849 -0.987938 -0.000000
vn 0.154849 -0.987938 -0.000000
vn 0.154849 -0.987938 -0.000000
vn 0.154849 -0.987938 0.000000
vn 0.154849 -0.987938 0.000000
vn 0.154849 -0.987938 0.000000
vn 0.992778 -0.119965 0.000000
vn 0.992778 -0.119965 0.000000
vn 0.992778 -0.119965 0.000000
vn 0.992788 -0.119886 0.000000
vn 0.992788 -0.119886 0.000000
vn 0.992788 -0.119886 0.000000
vn 0.992788 -0.119886 0.000000
vn 0.992788 -0.119886 0.000000
vn 0.992788 -0.119886 0.000000
vn 0.992788 -0.119887 0.000000
vn 0.992788 -0.119887 0.000000
vn 0.992788 -0.119887 0.000000
vn 0.992787 -0.119887 0.000000
vn 0.992787 -0.119887 0.000000
vn 0.992787 -0.119887 0.000000
vn 0.992787 -0.119893 0.000000
vn 0.992787 -0.119893 0.000000
vn 0.992787 -0.119893 0.000000
vn 0.992788 -0.119887 0.000000
vn 0.992788 -0.119887 0.000000
vn 0.992788 -0.119887 0.000000
vn 0.992788 -0.119887 0.000000
vn 0.992788 -0.119887 0.000000
vn 0.992788 -0.119887 0.000000
vn 0.154843 -0.987939 0.000001
vn 0.154842 -0.987939 0.000004
vn 0.154845 -0.987939 0.000003
vn 0.155244 -0.987876 -0.000253
vn 0.154836 -0.987940 -0.000001
vn 0.154839 -0.987940 0.000003
vn 0.154843 -0.987939 -0.000001
vn 0.154852 -0.987938 0.000001
vn 0.154844 -0.987939 -0.000002
vn 0.155242 -0.987876 0.000725
vn 0.154841 -0.987939 -0.000003
vn 0.154840 -0.987940 -0.000002
vn 0.154842 -0.987939 0.000000
vn 0.154842 -0.987939 0.000000
vn 0.154842 -0.987939 0.000000
vn 0.154842 -0.987939 0.000000
vn 0.154842 -0.987939 -0.000000
vn 0.154842 -0.987939 0.000000
vn 0.154841 -0.987939 0.000000
vn 0.154841 -0.987939 0.000000
vn 0.154841 -0.987939 0.000000
vn 0.154841 -0.987939 0.000000
vn 0.154841 -0.987939 0.000000
vn 0.154841 -0.987939 0.000000
vn 0.154842 -0.987939 0.000000
vn 0.154842 -0.987939 0.000000
vn 0.154842 -0.987939 0.000000
vn 0.154842 -0.987939 0.000000
vn 0.154842 -0.987939 0.000000
vn 0.154842 -0.987939 0.000000
vn 0.154842 -0.987939 0.000000
vn 0.154842 -0.987939 0.000000
vn 0.154842 -0.987939 0.000000
vn 0.154842 -0.987939 0.000000
vn 0.154842 -0.987939 0.000000
vn 0.154842 -0.987939 0.000000
vn 0.154840 -0.987940 -0.000001
vn 0.154840 -0.987940 0.000000
vn 0.154841 -0.987939 0.000000
vn 0.154841 -0.987939 0.000000
vn 0.154841 -0.987939 -0.000001
vn 0.154840 -0.987940 -0.000001
vn 0.154836 -0.987940 -0.000001
vn 0.154839 -0.987940 -0.000000
vn 0.154840 -0.987940 -0.000001
vn 0.154840 -0.987940 -0.000001
vn 0.154841 -0.987939 -0.000001
vn 0.154836 -0.987940 -0.000001
vn 0.154841 -0.987939 0.000000
vn 0.154840 -0.987940 0.000000
vn 0.154852 -0.987938 0.000001
vn 0.154852 -0.987938 0.000001
vn 0.154845 -0.987939 0.000000
vn 0.154841 -0.987939 0.000000
vn 0.154841 -0.987939 -0.000001
vn 0.154841 -0.987939 0.000000
vn 0.154842 -0.987939 0.000004
vn 0.154842 -0.987939 0.000004
vn 0.154842 -0.987939 0.000004
vn 0.154841 -0.987939 -0.000001
vn 0.154841 -0.987939 -0.000003
vn 0.154840 -0.987940 -0.000010
vn 0.154840 -0.987940 0.000000
vn 0.154840 -0.987940 0.000000
vn 0.154840 -0.987940 -0.000001
vn 0.154841 -0.987939 -0.000003
vn 0.155244 -0.987876 -0.000253
vn 0.154842 -0.987939 0.000004
vn 0.154842 -0.987939 0.000004
vn 0.154842 -0.987939 0.000004
vn 0.154843 -0.987939 0.000001
vn 0.155244 -0.987876 -0.000253
vn 0.155242 -0.987876 0.000725
vn 0.154840 -0.987940 -0.000002
vn 0.154839 -0.987940 -0.000000
vn 0.154843 -0.987939 0.000001
vn 0.154845 -0.987939 0.000003
vn 0.154845 -0.987939 0.000000
vn 0.154843 -0.987939 -0.000001
vn 0.154840 -0.987940 -0.000010
vn 0.154841 -0.987939 -0.000003
vn 0.154841 -0.987939 -0.000003
vn 0.155242 -0.987876 0.000725
vn 0.154843 -0.987939 -0.000001
vn 0.155244 -0.987876 -0.000253
vn 0.155242 -0.987876 0.000725
vn 0.154839 -0.987940 -0.000000
vn 0.154839 -0.987940 -0.000000
vn 0.154836 -0.987940 -0.000001
vn 0.155244 -0.987876 -0.000253
vn 0.154843 -0.987939 -0.000001
vn 0.154843 -0.987939 0.000001
vn 0.154845 -0.987939 0.000000
vn 0.154845 -0.987939 0.000000
vn 0.154852 -0.987938 0.000001
vn 0.154843 -0.987939 -0.000001
vn 0.155244 -0.987876 -0.000253
vn 0.154839 -0.987940 0.000003
vn 0.154842 -0.987939 0.000004
vn 0.154843 -0.987939 -0.000001
vn 0.154844 -0.987939 -0.000002
vn 0.154840 -0.987940 -0.000010
vn -0.000001 -0.000000 -1.000000
vn -0.000001 -0.000000 -1.000000
vn -0.000001 -0.000000 -1.000000
vn -0.000001 -0.000000 -1.000000
vn -0.000001 -0.000000 -1.000000
vn -0.000001 -0.000000 -1.000000
vn 0.987939 0.154840 -0.000000
vn 0.987939 0.154844 0.000001
vn 0.987939 0.154844 0.000000
vn 0.987939 0.154844 0.000000
vn 0.987940 0.154840 -0.000000
vn 0.987939 0.154840 -0.000000
vn -0.000000 0.000000 1.000000
vn -0.000000 0.000000 1.000000
vn -0.000000 0.000000 1.000000
vn -0.000000 0.000000 1.000000
vn -0.000000 0.000000 1.000000
vn -0.000000 0.000000 1.000000
vn -0.987939 -0.154847 0.000001
vn -0.987939 -0.154842 -0.000000
vn -0.987939 -0.154842 -0.000000
vn -0.987939 -0.154842 -0.000000
vn -0.987938 -0.154847 0.000001
vn -0.987939 -0.154847 0.000001
vn 0.987939 0.154844 0.000000
vn 0.987940 0.154837 -0.000000
vn 0.987940 0.154837 -0.000000
vn 0.987940 0.154837 -0.000000
vn 0.987939 0.154844 0.000000
vn 0.987939 0.154844 0.000000
vn -0.000000 0.000000 1.000000
vn -0.000000 0.000000 1.000000
vn -0.000000 0.000000 1.000000
vn -0.000000 0.000000 1.000000
vn -0.000000 0.000000 1.000000
vn -0.000000 0.000000 1.000000
vn -0.987940 -0.154835 -0.000000
vn -0.987939 -0.154843 0.000000
vn -0.987939 -0.154842 0.000000
vn -0.987939 -0.154842 0.000000
vn -0.987940 -0.154835 -0.000000
vn -0.987940 -0.154835 -0.000000
vn 0.000001 -0.000000 -1.000000
vn 0.000001 -0.000002 -1.000000
vn 0.000001 -0.000002 -1.000000
vn 0.000001 -0.000002 -1.000000
vn 0.000001 0.000000 -1.000000
vn 0.000001 -0.000000 -1.000000
vn -0.987939 -0.154843 0.000000
vn -0.987939 -0.154844 0.000001
vn -0.987939 -0.154844 0.000000
vn -0.987939 -0.154844 0.000000
vn -0.987939 -0.154843 0.000000
vn -0.987939 -0.154843 0.000000
vn 0.000000 -0.000000 -1.000000
vn 0.000000 -0.000000 -1.000000
vn 0.000000 -0.000000 -1.000000
vn 0.000000 -0.000000 -1.000000
vn 0.000000 -0.000000 -1.000000
vn 0.000000 -0.000000 -1.000000
vn 0.987939 0.154847 0.000000
vn 0.987939 0.154846 0.000000
vn 0.987939 0.154847 0.000000
vn 0.987939 0.154847 0.000000
vn 0.987939 0.154847 0.000000
vn 0.987939 0.154847 0.000000
vn -0.000000 0.000000 1.000000
vn -0.000000 0.000000 1.000000
vn -0.000000 0.000000 1.000000
vn -0.000000 0.000000 1.000000
vn -0.000000 0.000000 1.000000
vn -0.000000 0.000000 1.000000
vn 0.000000 0.000000 1.000000
vn 0.000000 0.000000 1.000000
vn 0.000000 0.000000 1.000000
vn 0.000000 0.000000 1.000000
vn 0.000000 0.000000 1.000000
vn 0.000000 0.000000 1.000000
vn -0.987940 -0.154838 -0.000000
vn -0.987939 -0.154844 -0.000000
vn -0.987939 -0.154844 -0.000000
vn -0.987939 -0.154844 -0.000000
vn -0.987940 -0.154838 -0.000000
vn -0.987940 -0.154838 -0.000000
vn -0.000000 -0.000002 -1.000000
vn -0.000000 -0.000000 -1.000000
vn -0.000000 -0.000000 -1.000000
vn -0.000000 -0.000000 -1.000000
vn -0.000000 -0.000002 -1.000000
vn -0.000000 -0.000002 -1.000000
vn 0.987938 0.154851 0.000000
vn 0.987938 0.154849 0.000000
vn 0.987938 0.154849 0.000000
vn 0.987938 0.154849 0.000000
vn 0.987938 0.154851 0.000000
vn 0.987938 0.154851 0.000000
vn 0.154847 -0.987939 -0.000005
vn 0.154842 -0.987939 -0.000002
vn 0.154842 -0.987939 -0.000006
vn 0.154842 -0.987939 -0.000006
vn 0.154851 -0.987938 -0.000004
vn 0.154847 -0.987939 -0.000005
vn 0.154846 -0.987939 -0.000005
vn 0.154845 -0.987939 -0.000007
vn 0.154845 -0.987939 -0.000005
vn 0.154845 -0.987939 -0.000005
vn 0.154847 -0.987939 -0.000004
vn 0.154846 -0.987939 -0.000005
vn 0.154847 -0.987938 0.000001
vn 0.154847 -0.987939 -0.000005
vn 0.154851 -0.987938 -0.000004
vn 0.154851 -0.987938 -0.000004
vn 0.154851 -0.987938 0.000002
vn 0.154847 -0.987938 0.000001
vn 0.154842 -0.987939 0.000001
vn 0.154843 -0.987939 -0.000000
vn 0.154843 -0.987939 -0.000004
vn 0.155388 -0.987853 0.000174
vn 0.155002 -0.987914 -0.000002
vn 0.154933 -0.987925 0.000052
vn 0.154850 -0.987938 -0.000005
vn 0.154849 -0.987938 -0.000003
vn 0.154852 -0.987938 -0.000000
vn 0.154845 -0.987939 -0.000007
vn 0.154844 -0.987939 -0.000005
vn 0.154845 -0.987939 -0.000005
vn 0.154845 -0.987939 -0.000005
vn 0.154845 -0.987939 -0.000007
vn 0.154845 -0.987939 -0.000007
vn 0.154842 -0.987939 -0.000002
vn 0.154841 -0.987939 0.000000
vn 0.154823 -0.987942 -0.000003
vn 0.154823 -0.987942 -0.000003
vn 0.154842 -0.987939 0.000001
vn 0.154842 -0.987939 -0.000002
vn 0.154843 -0.987939 -0.000004
vn 0.154842 -0.987939 -0.000006
vn 0.154842 -0.987939 -0.000002
vn 0.154843 -0.987939 -0.000000
vn 0.154844 -0.987939 -0.000000
vn 0.154845 -0.987939 -0.000003
vn 0.154845 -0.987939 -0.000003
vn 0.154843 -0.987939 -0.000004
vn 0.154843 -0.987939 -0.000000
vn 0.154851 -0.987938 -0.000004
vn 0.154850 -0.987938 -0.000005
vn 0.154852 -0.987938 -0.000000
vn 0.154850 -0.987938 -0.000005
vn 0.154846 -0.987939 -0.000007
vn 0.154849 -0.987938 -0.000003
vn 0.155242 -0.987876 0.000725
vn 0.155388 -0.987853 0.000174
vn 0.154933 -0.987925 0.000052
vn 0.154933 -0.987925 0.000052
vn 0.154843 -0.987939 -0.000001
vn 0.155242 -0.987876 0.000725
vn 0.155166 -0.987888 -0.000001
vn 0.155009 -0.987913 -0.000006
vn 0.155002 -0.987914 -0.000002
vn 0.155002 -0.987914 -0.000002
vn 0.155388 -0.987853 0.000174
vn 0.155166 -0.987888 -0.000001
vn -0.000001 0.000006 -1.000000
vn -0.000001 0.000006 -1.000000
vn -0.000001 0.000006 -1.000000
vn -0.000001 0.000006 -1.000000
vn -0.000001 0.000006 -1.000000
vn -0.000001 0.000006 -1.000000
vn 0.987939 0.154845 -0.000000
vn 0.987939 0.154845 -0.000000
vn 0.987939 0.154845 -0.000000
vn 0.987939 0.154845 -0.000000
vn 0.987939 0.154845 -0.000000
vn 0.987939 0.154845 -0.000000
vn 0.987939 0.154847 0.000001
vn 0.987939 0.154847 0.000001
vn 0.987939 0.154847 0.000001
vn 0.987939 0.154845 0.000000
vn 0.987939 0.154845 0.000000
vn 0.987939 0.154845 0.000000
vn -0.987939 -0.154845 -0.000000
vn -0.987939 -0.154845 -0.000000
vn -0.987939 -0.154845 -0.000000
vn -0.987939 -0.154843 -0.000001
vn -0.987939 -0.154843 -0.000001
vn -0.987939 -0.154843 -0.000001
vn -0.987939 -0.154845 -0.000000
vn -0.987939 -0.154845 -0.000000
vn -0.987939 -0.154845 -0.000000
vn -0.987939 -0.154845 -0.000000
vn -0.987939 -0.154845 -0.000000
vn -0.987939 -0.154845 -0.000000
vn 0.154842 -0.987939 0.000000
vn 0.154842 -0.987939 0.000000
vn 0.154842 -0.987939 0.000000
vn 0.154842 -0.987939 0.000000
vn 0.154842 -0.987939 0.000000
vn 0.154842 -0.987939 0.000000
vn 0.154842 -0.987939 0.000000
vn 0.154842 -0.987939 0.000000
vn 0.154842 -0.987939 0.000000
vn 0.154842 -0.987939 0.000000
vn 0.154842 -0.987939 0.000000
vn 0.154842 -0.987939 0.000000
vn 0.154842 -0.987939 0.000000
vn 0.154842 -0.987939 0.000000
vn 0.154842 -0.987939 0.000000
vn 0.650821 0.102004 -0.752348
vn 0.650821 0.102004 -0.752348
vn 0.650821 0.102004 -0.752348
vn 0.650823 0.102005 -0.752346
vn 0.650823 0.102005 -0.752346
vn 0.650823 0.102005 -0.752346
vn -0.743274 -0.116495 -0.658767
vn -0.743274 -0.116495 -0.658767
vn -0.743274 -0.116495 -0.658767
vn -0.743273 -0.116495 -0.658767
vn -0.743273 -0.116495 -0.658767
vn -0.743273 -0.116495 -0.658767
vn 0.154842 -0.987939 0.000000
vn 0.154842 -0.987939 0.000000
vn 0.154842 -0.987939 0.000000
vn 0.154842 -0.987939 0.000000
vn 0.154842 -0.987939 0.000000
vn 0.154842 -0.987939 0.000000
vn -0.743273 -0.116495 -0.658767
vn -0.743273 -0.116495 -0.658767
vn -0.743273 -0.116495 -0.658767
vn -0.743273 -0.116495 -0.658767
vn -0.743273 -0.116495 -0.658767
vn -0.743273 -0.116495 -0.658767
vn -0.735698 -0.115308 0.667423
vn -0.735698 -0.115308 0.667423
vn -0.735698 -0.115308 0.667423
vn -0.735698 -0.115308 0.667423
vn -0.735698 -0.115308 0.667423
vn -0.735698 -0.115308 0.667423
vn -0.987939 -0.154842 0.000000
vn -0.987939 -0.154842 0.000000
vn -0.987939 -0.154842 0.000000
vn 0.743273 0.116495 -0.658767
vn 0.743273 0.116495 -0.658767
vn 0.743273 0.116495 -0.658767
vn 0.743273 0.116492 -0.658767
vn 0.743273 0.116492 -0.658767
vn 0.743273 0.116492 -0.658767
vn 0.735698 0.115308 0.667423
vn 0.735698 0.115308 0.667423
vn 0.735698 0.115308 0.667423
vn 0.735698 0.115308 0.667422
vn 0.735698 0.115308 0.667422
vn 0.735698 0.115308 0.667422
vn -0.650820 -0.102005 -0.752348
vn -0.650820 -0.102005 -0.752348
vn -0.650820 -0.102005 -0.752348
vn -0.650824 -0.102005 -0.752346
vn -0.650824 -0.102005 -0.752346
vn -0.650824 -0.102005 -0.752346
vn 0.743270 0.116494 -0.658770
vn 0.743270 0.116494 -0.658770
vn 0.743270 0.116494 -0.658770
vn 0.743273 0.116495 -0.658767
vn 0.743273 0.116495 -0.658767
vn 0.743273 0.116495 -0.658767
vn 0.987939 0.154842 -0.000000
vn 0.987939 0.154842 -0.000000
vn 0.987939 0.154842 -0.000000
vn 0.154839 -0.987940 -0.000000
vn 0.154839 -0.987940 -0.000000
vn 0.154839 -0.987940 -0.000000
vn 0.154840 -0.987940 0.000001
vn 0.154840 -0.987940 0.000001
vn 0.154840 -0.987940 0.000001
vn 0.000000 -0.000000 -1.000000
vn 0.000000 -0.000000 -1.000000
vn 0.000000 -0.000000 -1.000000
vn 0.000000 -0.000000 -1.000000
vn 0.000000 -0.000000 -1.000000
vn 0.000000 -0.000000 -1.000000
vn 0.987939 0.154842 0.000000
vn 0.987939 0.154842 0.000000
vn 0.987939 0.154842 0.000000
vn 0.987939 0.154842 0.000000
vn 0.987939 0.154842 0.000000
vn 0.987939 0.154842 0.000000
vn -0.987939 -0.154842 0.000000
vn -0.987939 -0.154842 0.000000
vn -0.987939 -0.154842 0.000000
vn -0.987939 -0.154842 0.000000
vn -0.987939 -0.154842 0.000000
vn -0.987939 -0.154842 0.000000
vn -0.302112 -0.047351 0.952096
vn -0.302112 -0.047351 0.952096
vn -0.302112 -0.047351 0.952096
vn -0.302113 -0.047351 0.952096
vn -0.302113 -0.047351 0.952096
vn -0.302113 -0.047351 0.952096
vn 0.375938 -0.578016 -0.724271
vn 0.375938 -0.578016 -0.724271
vn 0.375938 -0.578016 -0.724271
vn 0.617972 0.096856 -0.780211
vn 0.617972 0.096856 -0.780211
vn 0.617972 0.096856 -0.780211
vn 0.617973 0.096856 -0.780210
vn 0.617973 0.096856 -0.780210
vn 0.617973 0.096856 -0.780210
vn -0.618204 -0.096892 -0.780023
vn -0.618204 -0.096892 -0.780023
vn -0.618204 -0.096892 -0.780023
vn -0.618203 -0.096892 -0.780023
vn -0.618203 -0.096892 -0.780023
vn -0.618203 -0.096892 -0.780023
vn 0.302088 0.047347 0.952104
vn 0.302088 0.047347 0.952104
vn 0.302088 0.047347 0.952104
vn 0.302088 0.047347 0.952104
vn 0.302088 0.047347 0.952104
vn 0.302088 0.047347 0.952104
vn -0.197288 -0.495609 -0.845842
vn -0.197288 -0.495609 -0.845842
vn -0.197288 -0.495609 -0.845842
vn 0.154771 -0.987506 0.029630
vn 0.154771 -0.987506 0.029630
vn 0.154771 -0.987506 0.029630
vn -0.181060 -0.665402 -0.724194
vn -0.181060 -0.665402 -0.724194
vn -0.181060 -0.665402 -0.724194
vn 0.339478 -0.411571 -0.845792
vn 0.339478 -0.411571 -0.845792
vn 0.339478 -0.411571 -0.845792
vn -0.705997 0.080479 0.703627
vn -0.705997 0.080479 0.703627
vn -0.705997 0.080479 0.703627
vn -0.626368 0.091105 0.774186
vn -0.626368 0.091105 0.774186
vn -0.626368 0.091105 0.774186
vn -0.997806 0.066202 -0.000000
vn -0.997806 0.066202 -0.000000
vn -0.997806 0.066202 -0.000000
vn -0.997806 0.066202 -0.000000
vn -0.997806 0.066202 -0.000000
vn -0.997806 0.066202 -0.000000
vn 0.997806 -0.066204 0.000000
vn 0.997806 -0.066204 0.000000
vn 0.997806 -0.066204 0.000000
vn 0.997806 -0.066204 0.000000
vn 0.997806 -0.066204 0.000000
vn 0.997806 -0.066204 0.000000
vn 0.066206 0.997806 -0.000001
vn 0.066206 0.997806 -0.000001
vn 0.066206 0.997806 -0.000002
vn 0.066206 0.997806 -0.000002
vn 0.066206 0.997806 -0.000002
vn 0.066206 0.997806 -0.000001
vn -0.066212 -0.997806 0.000000
vn -0.066212 -0.997806 0.000000
vn -0.066212 -0.997806 -0.000000
vn -0.066212 -0.997806 -0.000000
vn -0.066212 -0.997806 -0.000000
vn -0.066212 -0.997806 0.000000
vn -0.000000 0.000000 1.000000
vn -0.000000 0.000000 1.000000
vn -0.000000 0.000000 1.000000
vn -0.000000 0.000000 1.000000
vn -0.000000 0.000000 1.000000
vn -0.000000 0.000000 1.000000
vn -0.000000 0.000000 1.000000
vn -0.000000 0.000000 1.000000
vn -0.000000 0.000000 1.000000
vn -0.000000 0.000000 1.000000
vn -0.000000 0.000000 1.000000
vn -0.000000 0.000000 1.000000
vn -0.000000 0.000000 1.000000
vn -0.000000 0.000000 1.000000
vn -0.000000 0.000000 1.000000
vn -0.000000 0.000000 1.000000
vn -0.000000 0.000000 1.000000
vn -0.000000 0.000000 1.000000
vn -0.000000 0.000000 1.000000
vn -0.000000 0.000000 1.000000
vn -0.000000 0.000000 1.000000
vn -0.000000 0.000000 1.000000
vn -0.000000 0.000000 1.000000
vn -0.000000 0.000000 1.000000
vn 0.997806 -0.066205 0.000000
vn 0.997806 -0.066205 0.000000
vn 0.997806 -0.066205 0.000000
vn 0.997806 -0.066205 0.000000
vn 0.997806 -0.066205 0.000000
vn 0.997806 -0.066205 0.000000
vn -0.997806 0.066205 -0.000000
vn -0.997806 0.066205 -0.000000
vn -0.997806 0.066205 -0.000000
vn -0.997806 0.066205 -0.000000
vn -0.997806 0.066205 -0.000000
vn -0.997806 0.066205 -0.000000
vn -0.066206 -0.997806 -0.000000
vn -0.066206 -0.997806 -0.000000
vn -0.066206 -0.997806 -0.000000
vn -0.066206 -0.997806 -0.000000
vn -0.066206 -0.997806 -0.000000
vn -0.066206 -0.997806 -0.000000
vn 0.066206 0.997806 0.000000
vn 0.066206 0.997806 0.000000
vn 0.066206 0.997806 0.000000
vn 0.066206 0.997806 0.000000
vn 0.066206 0.997806 0.000000
vn 0.066206 0.997806 0.000000
vn -0.000000 0.000000 1.000000
vn -0.000000 0.000000 1.000000
vn -0.000000 0.000000 1.000000
vn -0.000000 0.000000 1.000000
vn -0.000000 0.000000 1.000000
vn -0.000000 0.000000 1.000000
vn -0.997806 0.066200 -0.000001
vn -0.997806 0.066199 -0.000001
vn -0.997806 0.066202 -0.000000
vn -0.997806 0.066202 -0.000000
vn -0.997806 0.066202 -0.000000
vn -0.997806 0.066200 -0.000001
vn 0.997806 -0.066205 0.000000
vn 0.997806 -0.066205 0.000000
vn 0.997806 -0.066204 0.000000
vn 0.997806 -0.066204 0.000000
vn 0.997806 -0.066204 0.000000
vn 0.997806 -0.066205 0.000000
vn 0.066206 0.997806 0.000000
vn 0.066206 0.997806 0.000000
vn 0.066206 0.997806 -0.000001
vn 0.066206 0.997806 -0.000001
vn 0.066206 0.997806 -0.000001
vn 0.066206 0.997806 0.000000
vn -0.066211 -0.997806 0.000001
vn -0.066211 -0.997806 0.000001
vn -0.066212 -0.997806 0.000000
vn -0.066212 -0.997806 0.000000
vn -0.066212 -0.997806 0.000000
vn -0.066211 -0.997806 0.000001
vn -0.991769 0.128038 -0.000000
vn -0.991769 0.128038 -0.000000
vn -0.991769 0.128038 -0.000000
vn -0.991769 0.128038 -0.000000
vn -0.991769 0.128038 -0.000000
vn -0.991769 0.128038 -0.000000
vn -0.327135 -0.944977 0.000000
vn -0.327135 -0.944977 0.000000
vn -0.327135 -0.944977 0.000000
vn -0.327136 -0.944978 0.000000
vn -0.327136 -0.944978 0.000000
vn -0.327136 -0.944978 0.000000
vn -0.991010 0.133785 -0.000001
vn -0.991010 0.133784 -0.000000
vn -0.991010 0.133785 -0.000000
vn -0.991010 0.133785 -0.000000
vn -0.991010 0.133786 -0.000001
vn -0.991010 0.133785 -0.000001
vn 0.991010 -0.133785 0.000000
vn 0.991010 -0.133785 -0.000000
vn 0.991010 -0.133785 -0.000000
vn 0.991010 -0.133785 -0.000000
vn 0.991010 -0.133785 0.000000
vn 0.991010 -0.133785 0.000000
vn 0.000001 -0.000000 1.000000
vn 0.000001 -0.000000 1.000000
vn 0.000001 -0.000000 1.000000
vn 0.000001 -0.000000 1.000000
vn 0.000001 -0.000000 1.000000
vn 0.000001 -0.000000 1.000000
vn 0.128740 0.991678 0.000001
vn 0.128742 0.991678 0.000002
vn 0.128726 0.991680 -0.000002
vn 0.128726 0.991680 -0.000002
vn 0.128723 0.991681 -0.000002
vn 0.128740 0.991678 0.000001
vn -0.128731 -0.991680 -0.000001
vn -0.128730 -0.991680 -0.000001
vn -0.128740 -0.991678 0.000001
vn -0.128740 -0.991678 0.000001
vn -0.128741 -0.991678 0.000001
vn -0.128731 -0.991680 -0.000001
vn -0.989999 0.141073 -0.000000
vn -0.989999 0.141073 -0.000000
vn -0.989999 0.141073 -0.000000
vn -0.989999 0.141073 -0.000000
vn -0.989999 0.141073 -0.000000
vn -0.989999 0.141073 -0.000000
vn 0.190968 0.981596 -0.000000
vn 0.190968 0.981596 -0.000000
vn 0.190968 0.981596 -0.000000
vn 0.190965 0.981597 -0.000000
vn 0.190965 0.981597 -0.000000
vn 0.190965 0.981597 -0.000000
vn 0.097226 0.499750 0.860695
vn 0.097226 0.499750 0.860695
vn 0.097226 0.499750 0.860695
vn -0.534624 0.599741 0.595389
vn -0.534624 0.599741 0.595389
vn -0.534624 0.599741 0.595389
# 1719 vertex normals

vt 0.000000 0.000000 0.000000
vt 0.000000 0.000000 0.000000
vt 0.000000 0.000000 0.000000
vt 0.000000 0.000000 0.000000
vt 0.000000 0.000000 0.000000
vt 0.000000 0.000000 0.000000
vt 0.000000 0.000000 0.000000
vt 0.000000 0.000000 0.000000
vt 0.000000 0.000000 0.000000
vt 0.000000 0.000000 0.000000
vt 0.000000 0.000000 0.000000
vt 0.000000 0.000000 0.000000
vt 0.000000 0.000000 0.000000
vt 0.000000 0.000000 0.000000
vt 0.000000 0.000000 0.000000
vt 0.000000 0.000000 0.000000
vt -2.254422 -1.070087 0.000545
vt -2.273046 -0.639127 0.128841
vt 0.000000 0.000000 0.000000
vt 0.000000 0.000000 0.000000
vt 0.000000 0.000000 0.000000
vt 0.000000 0.000000 0.000000
vt 0.000000 0.000000 0.000000
vt 0.000000 0.000000 0.000000
vt 0.000000 0.000000 0.000000
vt 0.000000 0.000000 0.000000
vt 0.000000 0.000000 0.000000
vt 0.000000 0.000000 0.000000
vt 0.000000 0.000000 0.000000
vt 0.000000 0.000000 0.000000
vt 0.000000 0.000000 0.000000
vt 3.374979 -0.266782 0.453970
vt 2.796061 -0.488317 0.440652
vt 2.796061 0.003404 0.470213
vt 3.374929 -2.072855 0.345257
vt 2.796061 -0.745310 0.425202
vt 2.435912 -0.488317 0.440652
vt 1.119699 0.003404 0.470213
vt 1.842539 0.003404 0.470213
vt 0.705296 1.272462 0.546506
vt 1.210692 1.272462 0.546506
vt 1.119699 0.868015 0.522191
vt 0.175833 0.868015 0.522191
vt 0.432293 -2.072855 0.345257
vt -1.531451 -1.287499 0.392607
vt -0.275854 -1.287499 0.392607
vt -1.531451 1.313904 0.548997
vt 2.435911 -0.745310 0.425202
vt 2.796061 0.868015 0.522191
vt 3.375029 1.530752 0.562034
vt 2.861636 0.723913 0.513528
vt 1.842539 0.868015 0.522191
vt 1.178489 0.723913 0.513528
vt 1.210692 1.598729 0.566120
vt -1.531451 -0.536969 0.437727
vt 0.175833 0.003404 0.470213
vt -0.275854 -0.536969 0.437727
vt 3.375072 3.072855 0.654743
vt 1.225832 0.435710 0.496202
vt 1.215784 0.579811 0.504865
vt 1.178490 0.147506 0.478876
vt 1.215784 0.291608 0.487539
vt 2.901095 0.291608 0.487539
vt 2.913940 0.435710 0.496202
vt 2.901095 0.579811 0.504865
vt 2.861636 0.147506 0.478876
vt -0.549351 0.435710 0.496202
vt -0.592780 0.532091 0.501996
vt -0.665189 0.242946 0.484614
vt -0.592780 0.339328 0.490408
vt -0.994299 0.050183 0.473025
vt -0.781832 0.146564 0.478819
vt -0.275854 1.313904 0.548997
vt -0.665189 0.628473 0.507791
vt -0.781832 0.724855 0.513585
vt 0.705296 1.598729 0.566120
vt -0.275854 2.064433 0.594117
vt 0.428525 3.072855 0.654743
vt -1.531450 2.064433 0.594117
vt -0.994299 0.821237 0.519379
vt 2.089913 -0.417656 -1.484512
vt -1.713433 -0.417159 -1.784000
vt -4.884077 -0.002165 -2.284552
vt 5.986579 -0.002624 -1.432701
vt 5.911861 -0.417192 -1.187717
vt -4.976326 -0.416748 -2.040871
vt 0.086715 0.077525 1.062500
vt 0.090254 0.567128 1.125000
vt -0.042247 0.567381 0.125000
vt -0.045786 0.077777 0.125000
vt 0.899885 0.679137 0.502867
vt 0.982977 0.691736 0.503590
vt 0.982977 0.007486 0.503590
vt 0.899900 0.007486 0.502865
vt 0.002488 0.690927 0.495032
vt 0.120838 0.833753 0.496065
vt 0.182700 0.808549 0.496607
vt 0.080246 0.679137 0.495712
vt 0.490065 0.999015 0.499287
vt 0.618293 0.969320 0.500406
vt 0.592520 0.918147 0.500184
vt 0.490065 0.941874 0.499290
vt 0.238799 0.915658 0.497094
vt 0.285155 0.878586 0.497501
vt 0.361838 0.969320 0.498168
vt 0.387610 0.918147 0.498395
vt 0.741331 0.915658 0.501481
vt 0.694975 0.878586 0.501078
vt 0.859293 0.833753 0.502511
vt 0.797430 0.808549 0.501973
vt 0.080249 0.007486 0.495710
vt 0.002488 0.007486 0.495031
vt 0.005814 0.431602 -0.314740
vt 0.005811 -0.223236 -0.314765
vt 0.094240 -0.223237 -0.311876
vt 0.094243 0.431602 -0.311852
vt 1.004322 -0.223236 0.988931
vt 1.004318 0.431602 0.988936
vt 0.915889 0.431602 0.991824
vt 0.915892 -0.223237 0.991819
vt 1.003052 0.557775 0.825976
vt 0.914622 0.557775 0.828865
vt 1.001785 0.626059 0.663017
vt 0.913356 0.626058 0.665905
vt 1.000518 0.664629 0.500057
vt 0.912089 0.664629 0.502946
vt 0.999252 0.687762 0.337098
vt 0.910823 0.687762 0.339986
vt 0.002015 0.664629 0.174138
vt 0.090444 0.664629 0.177027
vt 0.003281 0.626059 0.011179
vt 0.091710 0.626059 0.014067
vt 0.004548 0.557775 -0.151781
vt 0.092977 0.557775 -0.148892
vt 0.000748 0.687762 0.337098
vt 0.089177 0.687762 0.339986
vt 0.902193 0.926523 0.535010
vt 0.902192 0.658583 0.535010
vt 0.547864 0.658583 0.531254
vt 0.547864 0.926523 0.531254
vt 0.902192 0.606833 0.535010
vt 0.902193 0.057935 0.535010
vt 0.547864 0.057935 0.531254
vt 0.547864 0.606833 0.531254
vt 0.468519 0.658583 0.530413
vt 0.114190 0.658583 0.526657
vt 0.114190 0.926523 0.526657
vt 0.468519 0.926523 0.530413
vt 0.468519 0.057935 0.530413
vt 0.114190 0.057935 0.526657
vt 0.114190 0.606833 0.526657
vt 0.468519 0.606833 0.530413
vt 0.033431 0.371715 0.355172
vt 0.030879 0.668024 0.355172
vt 0.003855 0.667228 0.355172
vt 0.006407 0.370919 0.355172
vt 0.988425 0.969121 0.668024
vt 0.988425 0.996145 0.667228
vt 0.966569 0.371715 0.011575
vt 0.993593 0.370919 0.011575
vt 1.054786 0.969121 0.668024
vt 1.758672 0.969121 0.668024
vt 1.758672 0.996145 0.667228
vt 1.054786 0.996145 0.667228
vt 0.966569 0.371715 -0.758672
vt 0.993593 0.370919 -0.758672
vt -0.054786 0.966569 0.371715
vt -0.054786 0.993593 0.370919
vt 0.011575 0.963446 0.009053
vt 0.355172 0.963446 0.009053
vt 0.355172 0.990469 0.008256
vt 0.011575 0.990470 0.008256
vt 0.034002 0.305362 0.355172
vt 0.006979 0.304566 0.355172
vt 0.988425 0.965998 0.305362
vt 0.988425 0.993021 0.304566
vt 0.965998 0.305362 -0.758672
vt 0.963446 0.009053 -0.758672
vt 0.990470 0.008256 -0.758672
vt 0.993021 0.304566 -0.758672
vt -0.054786 0.963446 0.009053
vt -0.054786 0.990470 0.008256
vt 0.034002 0.305362 -0.054786
vt 0.006979 0.304566 -0.054786
vt 0.644828 0.969121 0.668024
vt 0.644828 0.996145 0.667228
vt 0.969121 0.668024 0.011575
vt 0.996145 0.667228 0.011575
vt 0.011575 0.966569 0.371715
vt 0.355172 0.966569 0.371715
vt 0.355172 0.993593 0.370919
vt 0.011575 0.993593 0.370919
vt 0.969121 0.668024 -0.758672
vt 0.996145 0.667228 -0.758672
vt -0.758672 0.966569 0.371715
vt -0.758672 0.993593 0.370919
vt 0.033431 0.371715 -0.054786
vt 0.030879 0.668024 -0.054786
vt 0.003855 0.667228 -0.054786
vt 0.006407 0.370919 -0.054786
vt 0.036554 0.009053 0.355172
vt 0.009531 0.008256 0.355172
vt 0.644828 0.965998 0.305362
vt 0.644828 0.993021 0.304566
vt 0.965998 0.305362 0.011575
vt 0.963446 0.009053 0.011575
vt 0.990470 0.008256 0.011575
vt 0.993021 0.304566 0.011575
vt -0.758672 0.963446 0.009053
vt -0.758672 0.990470 0.008256
vt 0.036554 0.009053 -0.054786
vt 0.009530 0.008256 -0.054786
vt 1.054786 0.965998 0.305362
vt 1.758672 0.965998 0.305362
vt 1.758672 0.993021 0.304566
vt 1.054786 0.993021 0.304566
vt 3.230995 -1.302154 0.000499
vt -2.254422 -1.070087 0.000545
vt 0.000000 0.000000 0.000000
vt 0.000000 0.000000 0.000000
vt 0.034354 0.981794 0.486024
vt 0.469471 0.934056 0.490636
vt 0.099229 0.934056 0.486880
vt 0.983934 0.981794 0.496090
vt 0.922241 0.651050 0.495233
vt 0.922241 0.934056 0.495233
vt 0.034354 0.002664 0.486024
vt 0.099229 0.614366 0.486880
vt 0.099229 0.050402 0.486880
vt 0.983934 0.002664 0.496090
vt 0.548817 0.050402 0.491477
vt 0.922241 0.050402 0.495233
vt 0.548817 0.614366 0.491477
vt 0.469471 0.614366 0.490636
vt 0.469471 0.651050 0.490636
vt 0.548817 0.651050 0.491477
vt 0.922241 0.614366 0.495233
vt 0.099229 0.651050 0.486880
vt 0.548817 0.934056 0.491477
vt 0.469471 0.050402 0.490636
vt 0.034354 0.981794 0.486024
vt 0.469471 0.934056 0.490636
vt 0.099229 0.934056 0.486880
vt 0.983934 0.981794 0.496090
vt 0.922241 0.651050 0.495233
vt 0.922241 0.934056 0.495233
vt 0.034354 0.002664 0.486024
vt 0.099229 0.614366 0.486880
vt 0.099229 0.050402 0.486880
vt 0.983934 0.002664 0.496090
vt 0.548817 0.050402 0.491477
vt 0.922241 0.050402 0.495233
vt 0.902193 0.926523 0.535010
vt 0.902192 0.658583 0.535010
vt 0.547864 0.658583 0.531254
vt 0.547864 0.926523 0.531254
vt 0.902192 0.606833 0.535010
vt 0.902193 0.057935 0.535010
vt 0.547864 0.057935 0.531254
vt 0.547864 0.606833 0.531254
vt 0.468519 0.658583 0.530413
vt 0.114190 0.658583 0.526657
vt 0.114190 0.926523 0.526657
vt 0.468519 0.926523 0.530413
vt 0.468519 0.057935 0.530413
vt 0.114190 0.057935 0.526657
vt 0.114190 0.606833 0.526657
vt 0.468519 0.606833 0.530413
vt 0.548817 0.614366 0.491477
vt 0.469471 0.614366 0.490636
vt 0.469471 0.651050 0.490636
vt 0.548817 0.651050 0.491477
vt 0.922241 0.614366 0.495233
vt 0.099229 0.651050 0.486880
vt 0.548817 0.934056 0.491477
vt 0.469471 0.050402 0.490636
vt 0.033431 0.371715 0.355172
vt 0.030879 0.668024 0.355172
vt 0.003855 0.667228 0.355172
vt 0.006407 0.370919 0.355172
vt 0.644828 0.969121 0.668024
vt 0.988425 0.969121 0.668024
vt 0.988425 0.996145 0.667228
vt 0.644828 0.996145 0.667228
vt 0.969121 0.668024 0.011575
vt 0.966569 0.371715 0.011575
vt 0.993593 0.370919 0.011575
vt 0.996145 0.667228 0.011575
vt 0.011575 0.966569 0.371715
vt 0.355172 0.966569 0.371715
vt 0.355172 0.993593 0.370919
vt 0.011575 0.993593 0.370919
vt 1.054786 0.969121 0.668024
vt 1.758672 0.969121 0.668024
vt 1.758672 0.996145 0.667228
vt 1.054786 0.996145 0.667228
vt 0.969121 0.668024 -0.758672
vt 0.966569 0.371715 -0.758672
vt 0.993593 0.370919 -0.758672
vt 0.996145 0.667228 -0.758672
vt -0.758672 0.966569 0.371715
vt -0.054786 0.966569 0.371715
vt -0.054786 0.993593 0.370919
vt -0.758672 0.993593 0.370919
vt 0.033431 0.371715 -0.054786
vt 0.030879 0.668024 -0.054786
vt 0.003855 0.667228 -0.054786
vt 0.006407 0.370919 -0.054786
vt 0.011575 0.963446 0.009053
vt 0.355172 0.963446 0.009053
vt 0.355172 0.990469 0.008256
vt 0.011575 0.990470 0.008256
vt 0.036554 0.009053 0.355172
vt 0.034002 0.305362 0.355172
vt 0.006979 0.304566 0.355172
vt 0.009531 0.008256 0.355172
vt 0.644828 0.965998 0.305362
vt 0.988425 0.965998 0.305362
vt 0.988425 0.993021 0.304566
vt 0.644828 0.993021 0.304566
vt 0.965998 0.305362 0.011575
vt 0.963446 0.009053 0.011575
vt 0.990470 0.008256 0.011575
vt 0.993021 0.304566 0.011575
vt 0.965998 0.305362 -0.758672
vt 0.963446 0.009053 -0.758672
vt 0.990470 0.008256 -0.758672
vt 0.993021 0.304566 -0.758672
vt -0.758672 0.963446 0.009053
vt -0.054786 0.963446 0.009053
vt -0.054786 0.990470 0.008256
vt -0.758672 0.990470 0.008256
vt 0.036554 0.009053 -0.054786
vt 0.034002 0.305362 -0.054786
vt 0.006979 0.304566 -0.054786
vt 0.009530 0.008256 -0.054786
vt 1.054786 0.965998 0.305362
vt 1.758672 0.965998 0.305362
vt 1.758672 0.993021 0.304566
vt 1.054786 0.993021 0.304566
vt 0.034376 -0.020103 0.445392
vt 0.034375 0.874495 0.445392
vt 0.147084 0.765180 0.447035
vt 0.147084 0.082072 0.447035
vt 0.987892 -0.020103 0.459259
vt 0.875182 0.082072 0.457624
vt 0.987892 0.874495 0.459259
vt 0.875182 0.765180 0.457624
vt 0.193295 0.930217 0.447703
vt 0.268433 0.807729 0.448800
vt 0.352214 0.965564 0.450014
vt 0.389783 0.834720 0.450565
vt 0.511134 0.975088 0.452326
vt 0.511133 0.841992 0.452330
vt 0.670053 0.965564 0.454637
vt 0.632482 0.834720 0.454094
vt 0.828973 0.930217 0.456948
vt 0.753832 0.807729 0.455859
vt 0.144593 0.765180 0.589732
vt 0.265943 0.807729 0.591496
vt 0.387292 0.834720 0.593261
vt 0.508642 0.841992 0.595026
vt 0.629992 0.834720 0.596791
vt 0.751341 0.807729 0.598556
vt 0.872691 0.765180 0.600321
vt 0.872691 0.082072 0.600320
vt 0.144593 0.082072 0.589732
vt 0.132101 0.120952 0.856212
vt 0.132101 0.841680 0.856212
vt 0.003912 0.841680 0.858602
vt 0.003912 0.120952 0.858602
vt 0.869485 0.739790 0.886572
vt 0.997674 0.742180 0.886572
vt 0.871070 0.623369 0.915049
vt 0.999259 0.625758 0.915049
vt 0.872655 0.506947 0.922722
vt 1.000844 0.509337 0.922722
vt 0.874241 0.390526 0.915049
vt 1.002430 0.392915 0.915049
vt 0.875826 0.274104 0.886572
vt 1.004015 0.276493 0.886572
vt 0.877412 0.157682 0.841680
vt 1.005601 0.160072 0.841680
vt 0.877412 0.120952 0.157682
vt 1.005600 0.120952 0.160072
vt 0.867899 0.856212 0.841680
vt 0.996088 0.858602 0.841680
vt 0.877412 0.841680 0.157682
vt 1.005601 0.841680 0.160072
vt 0.122588 0.157682 0.120952
vt 0.132101 0.856212 0.120952
vt 0.003912 0.858602 0.120952
vt -0.005601 0.160072 0.120952
vt 0.021526 -0.024904 0.446431
vt 0.021526 0.866204 0.446431
vt 0.136440 0.759006 0.448041
vt 0.136440 0.078562 0.448041
vt 0.993698 -0.024904 0.460021
vt 0.878782 0.078562 0.458418
vt 0.993698 0.866204 0.460021
vt 0.878782 0.759006 0.458418
vt 0.183555 0.927487 0.448696
vt 0.260164 0.805801 0.449770
vt 0.345584 0.964364 0.450961
vt 0.383887 0.833959 0.451500
vt 0.507612 0.976367 0.453226
vt 0.507611 0.843125 0.453229
vt 0.669641 0.964364 0.455491
vt 0.631335 0.833959 0.454959
vt 0.831669 0.927487 0.457756
vt 0.755059 0.805801 0.456689
vt 0.133900 0.759006 0.587887
vt 0.257624 0.805801 0.589616
vt 0.381348 0.833959 0.591346
vt 0.505072 0.843125 0.593076
vt 0.628795 0.833959 0.594805
vt 0.752519 0.805801 0.596535
vt 0.876243 0.759006 0.598264
vt 0.876243 0.078562 0.598264
vt 0.133900 0.078562 0.587887
vt 0.098755 0.090943 0.835597
vt 0.098755 0.819045 0.835597
vt -0.051155 0.819045 0.830396
vt -0.051155 0.090943 0.830396
vt 0.897207 0.719231 0.869118
vt 1.047117 0.714029 0.869118
vt 0.893170 0.602865 0.899248
vt 1.043080 0.597663 0.899248
vt 0.889132 0.486498 0.909057
vt 1.039042 0.481297 0.909057
vt 0.885095 0.370132 0.899248
vt 1.035004 0.364930 0.899248
vt 0.881057 0.253765 0.869118
vt 1.030967 0.248564 0.869118
vt 0.877019 0.137399 0.819045
vt 1.026929 0.132197 0.819045
vt 0.877019 0.090943 0.137399
vt 1.026929 0.090943 0.132197
vt 0.901245 0.835597 0.819045
vt 1.051155 0.830396 0.819045
vt 0.877019 0.819045 0.137399
vt 1.026929 0.819045 0.132197
vt 0.122981 0.137399 0.090943
vt 0.098755 0.835597 0.090943
vt -0.051155 0.830396 0.090943
vt -0.026929 0.132197 0.090943
vt 1.012843 1.062152 0.219905
vt 1.014582 1.846537 0.219905
vt 1.084379 1.735821 0.218571
vt 1.095911 1.184633 0.218571
vt 1.014582 1.055338 0.211623
vt 1.012843 1.840792 0.211624
vt 1.095911 1.706654 0.212954
vt 1.084379 1.177897 0.212954
vt 0.244185 1.276366 0.118578
vt 0.444765 1.276366 0.112961
vt 0.444765 1.495537 0.112961
vt 0.244185 1.495537 0.118578
vt 0.955203 0.863609 0.136555
vt 0.955203 0.111111 0.136556
vt 1.055196 0.111111 0.134792
vt 1.055196 0.863609 0.134792
vt 0.086172 0.136556 0.127661
vt 0.080555 0.825225 0.127661
vt -0.019438 0.823461 0.127661
vt -0.013821 0.134792 0.127661
vt 0.080555 0.127661 0.825225
vt 0.080555 0.880159 0.825225
vt -0.019438 0.880159 0.823461
vt -0.019438 0.127661 0.823461
vt 0.960820 0.808675 0.880159
vt 0.955203 0.120006 0.880159
vt 1.055196 0.118242 0.880159
vt 1.060813 0.806911 0.880159
vt 1.011856 -0.194154 0.219905
vt 1.011856 -0.918750 0.219905
vt 1.079724 -0.797855 0.218571
vt 1.079724 -0.275878 0.218571
vt 1.054054 -0.934664 0.211623
vt 1.054054 -0.159144 0.211624
vt 0.971500 -0.263809 0.212954
vt 0.971500 -0.848115 0.212954
vt -1.684697 1.646177 0.568973
vt -1.684697 2.284145 0.607326
vt -1.802963 -2.072855 0.345257
vt 0.000000 0.000000 0.000000
vt -1.802093 0.050183 0.473025
vt 0.982977 0.141817 0.503590
vt -1.801859 0.821237 0.519379
vt 0.002488 0.141817 0.495031
vt -1.802963 1.646176 0.568973
vt -1.802963 2.284144 0.607326
vt -1.802964 3.072855 0.654743
vt 0.000000 0.000000 0.000000
vt -0.084332 1.174147 0.723956
vt 1.096536 1.174148 0.761747
vt 0.912359 1.254177 0.754585
vt 0.090092 1.254176 0.730963
vt 1.096536 1.695566 0.761747
vt 0.912359 1.615537 0.754584
vt -0.084332 1.695566 0.723956
vt 0.090092 1.615537 0.730963
vt 0.742064 0.348101 0.318479
vt 0.742064 0.582966 0.318479
vt 0.568287 0.582966 0.294858
vt 0.568287 0.348100 0.294858
vt 1.092339 0.058073 0.123301
vt 1.100734 0.349529 0.123302
vt 0.945740 0.350895 0.123302
vt 0.937345 0.059439 0.123301
vt 1.100734 0.069947 0.909964
vt 1.100734 0.235597 0.909964
vt 0.945740 0.235597 0.913806
vt 0.945740 0.069947 0.913806
vt 0.919773 0.349529 0.589392
vt 0.928168 0.058073 0.589392
vt 1.083162 0.059439 0.589392
vt 1.074767 0.350895 0.589392
vt 0.928168 0.235597 0.089894
vt 0.928168 0.069946 0.089894
vt 1.083161 0.069946 0.093738
vt 1.083162 0.235597 0.093738
vt 1.002283 0.922495 0.723956
vt 1.002285 0.421703 0.761747
vt 1.082314 0.518557 0.754585
vt 1.082312 0.829777 0.730963
vt 1.089535 0.408019 0.761747
vt 1.009506 0.500618 0.754584
vt 1.089535 0.908811 0.723956
vt 1.009506 0.820349 0.730963
vt -1.684697 2.284145 0.607326
vt -1.684697 1.646177 0.568973
vt -1.802963 1.646176 0.568973
vt -1.802963 2.284144 0.607326
vt 0.819868 0.786054 0.504731
vt 0.819868 0.589602 0.504731
vt 1.712836 0.786054 0.518957
vt -2.222325 0.786054 0.457002
vt 0.040110 0.589601 0.492307
vt 0.040110 0.786054 0.492307
vt 2.387833 0.786054 0.529710
vt 3.222325 0.214089 0.542997
vt 3.222325 0.786054 0.542997
vt 0.840012 0.214026 0.505052
vt 1.712836 0.214049 0.518954
vt 2.387833 0.214067 0.529706
vt -2.222325 0.213946 0.457003
vt 0.024211 0.214005 0.492054
vt 0.531039 0.214050 1.713632
vt 0.531037 0.786054 1.713632
vt 0.479716 0.786054 2.388629
vt 0.479712 0.214067 2.388630
vt 0.481043 0.786054 1.712836
vt 0.481046 0.214049 1.712836
vt 0.529706 0.214067 2.387833
vt 0.529710 0.786054 2.387833
vt 0.988433 0.017455 0.507782
vt 0.011568 0.017479 0.492223
vt 0.011568 0.817193 0.492217
vt 0.988433 0.817193 0.507778
vt 0.011568 0.982545 0.492215
vt 0.988433 0.982545 0.507778
vt 0.069396 0.916702 0.193157
vt 0.069396 0.350435 0.193157
vt 0.930604 0.350435 0.193157
vt 0.930604 0.916702 0.193157
vt 0.193158 0.916702 0.069396
vt 0.806843 0.916702 0.930604
vt 0.806843 0.916702 0.069396
vt 0.806843 0.350435 0.069396
vt 0.193157 0.916702 0.930604
vt 0.193157 0.350435 0.930604
vt 0.754146 0.368914 1018202795678522900000.000000
vt 0.754146 0.936467 1018202795678522900000.000000
vt 0.245854 0.652690 1018202795678522900000.000000
vt 0.407965 0.829577 0.907102
vt 0.403842 0.230214 0.907102
vt 0.478398 0.229701 0.907102
vt 0.475232 0.905342 0.907102
vt 0.403842 0.362358 0.230214
vt 0.478398 0.319212 0.229702
vt 0.727206 0.831286 0.404135
vt 0.727206 0.334216 0.404135
vt 0.170423 0.831286 0.407965
vt 0.403842 0.907102 0.230214
vt 0.478398 0.907102 0.229701
vt 0.769786 0.362358 0.403842
vt 0.769786 0.907102 0.403842
vt 0.769786 0.907102 0.403842
vt 0.170423 0.907102 0.407965
vt 0.331812 0.861640 0.966730
vt 0.268878 0.941042 0.966730
vt 0.228002 0.266632 0.966730
vt 0.302471 0.262982 0.966730
vt 0.305512 0.890915 0.304555
vt 0.861640 0.890915 0.331812
vt 0.302471 0.421986 0.262982
vt 0.228002 0.378840 0.266632
vt 0.305512 0.393845 0.304555
vt 0.861640 0.966730 0.331812
vt 0.262982 0.966730 0.302471
vt 0.302471 0.966730 0.262982
vt 0.228002 0.966730 0.266632
vt 0.262982 0.966730 0.302471
vt 0.262982 0.421986 0.302471
vt 0.111487 0.015747 0.501274
vt 0.890305 0.015773 0.497384
vt 0.890308 0.671361 0.498348
vt 0.792957 0.797676 0.499021
vt 0.695606 0.866035 0.499607
vt 0.598256 0.904646 0.500151
vt 0.500905 0.927803 0.500671
vt 0.403554 0.904640 0.501123
vt 0.306203 0.866022 0.501553
vt 0.208853 0.797657 0.501939
vt 0.111502 0.671336 0.502239
vt 1.273230 0.125837 1.205550
vt 0.958223 0.676722 1.314552
vt 0.643215 0.676722 1.423554
vt 0.643215 0.477011 1.423554
vt 0.643215 0.676706 -0.423554
vt 0.328208 0.125788 -0.532557
vt 0.958223 0.476978 -0.314552
vt 0.958223 0.676706 -0.314552
vt 1.273230 0.874212 1.205550
vt 0.041777 1.314552 0.874212
vt 0.328208 -0.532556 0.874212
vt 0.643215 -0.423554 0.874212
vt -0.205550 0.476978 1.273230
vt -0.205550 0.125788 1.273230
vt 1.532556 0.125837 0.671792
vt 1.532556 0.477011 0.671792
vt -0.273230 1.205550 0.874212
vt 0.328208 0.874212 -0.532556
vt 0.328208 0.125837 1.532556
vt 1.273230 0.125788 -0.205550
vt 0.958223 0.874212 1.314552
vt 0.328208 0.477011 1.532556
vt 0.328208 0.125837 1.532556
vt 0.643215 0.874212 -0.423554
vt 0.328208 0.874212 -0.532556
vt 1.273230 0.125788 -0.205550
vt 1.273230 0.476978 -0.205550
vt -0.314552 0.676706 0.958223
vt -0.314552 0.476978 0.958223
vt 1.423554 0.477011 0.356785
vt 1.423554 0.676722 0.356785
vt 0.958223 -0.314552 0.476978
vt 1.273230 -0.205550 0.476978
vt 0.671792 1.532556 0.477011
vt 0.356785 1.423554 0.477011
vt -0.423554 0.874212 0.643215
vt -0.423554 0.676706 0.643215
vt 1.314552 0.676722 0.041777
vt 1.314552 0.874212 0.041777
vt 0.643215 -0.423554 0.676706
vt 0.958223 -0.314552 0.676706
vt 0.356785 1.423554 0.676722
vt 0.041777 1.314552 0.676722
vt 0.754146 0.368914 1018202795678522900000.000000
vt 0.754146 0.936467 1018202795678522900000.000000
vt 0.590078 0.844869 1018202795678522900000.000000
vt 0.590078 0.460512 1018202795678522900000.000000
vt 0.754146 0.368914 1018202795678522900000.000000
vt 0.754146 0.936467 1018202795678522900000.000000
vt 0.590078 0.844869 1018202795678522900000.000000
vt 0.590078 0.460512 1018202795678522900000.000000
vt 0.590078 0.460512 1018202795678522900000.000000
vt 0.590078 0.844869 1018202795678522900000.000000
vt 0.590078 0.844869 1018202795678522900000.000000
vt 0.590078 0.460512 1018202795678522900000.000000
vt 0.590078 0.652690 1018202795678522900000.000000
vt 0.590078 0.652690 1018202795678522900000.000000
vt 0.000000 0.000000 0.000000
vt 0.847269 -0.731637 0.124046
vt 0.847269 1.731637 0.124043
vt 0.147288 1.731637 0.129148
vt 0.147287 -0.731637 0.129152
vt 1.731637 0.870848 0.147289
vt -0.731638 0.870846 0.147287
vt 1.731637 0.875954 0.847267
vt -0.731638 0.875956 0.847267
vt -0.731637 0.124043 0.152731
vt 1.731637 0.124046 0.152731
vt -0.731637 0.129152 0.852713
vt 1.731637 0.129148 0.852712
vt 0.147287 1.731638 0.870846
vt 0.147289 -0.731637 0.870848
vt 0.847267 -0.731638 0.875956
vt 0.847267 1.731637 0.875954
vt 0.120050 0.124044 0.152732
vt 0.257267 0.124044 0.152732
vt 0.257267 0.870848 0.147287
vt 0.120050 0.870848 0.147287
vt 0.879950 0.875956 0.847267
vt 0.742733 0.875956 0.847267
vt 0.742733 0.129150 0.852713
vt 0.879950 0.129150 0.852713
vt 0.738319 0.720598 0.879950
vt 0.735077 0.275930 0.879950
vt 0.261679 0.279383 0.879950
vt 0.264921 0.724052 0.879950
vt 0.120050 0.720598 0.261681
vt 0.120050 0.275930 0.264923
vt 0.879950 0.279383 0.738321
vt 0.879950 0.724052 0.735079
vt 0.147287 0.879950 0.870848
vt 0.147287 0.742733 0.870848
vt 0.847267 0.742733 0.875956
vt 0.847267 0.879950 0.875956
vt 0.847268 0.124044 0.879950
vt 0.852713 0.870848 0.879950
vt 0.152733 0.875956 0.879950
vt 0.147287 0.129150 0.879950
vt 0.147287 0.129150 0.879950
vt 0.847268 0.124044 0.879950
vt 0.852713 0.870848 0.879950
vt 0.152733 0.875956 0.879950
vt 0.879950 0.275930 0.264923
vt 0.879950 0.720598 0.261681
vt 0.120050 0.724052 0.735079
vt 0.120050 0.279383 0.738321
vt 0.738321 0.879950 0.279383
vt 0.264923 0.879950 0.275930
vt 0.264923 0.120050 0.275930
vt 0.738321 0.120050 0.279383
vt 0.738319 0.879950 0.720598
vt 0.264921 0.879950 0.724052
vt 0.264921 0.120050 0.724052
vt 0.738319 0.120050 0.720598
vt 0.738319 0.720598 0.120050
vt 0.264921 0.724052 0.120050
vt 0.261679 0.279383 0.120050
vt 0.735077 0.275930 0.120050
vt 0.847268 0.742733 0.124044
vt 0.847268 0.879950 0.124044
vt 0.147287 0.879950 0.129150
vt 0.147287 0.742733 0.129150
vt -0.372935 -0.330738 0.999013
vt 0.524326 2.681098 0.000500
vt -2.587763 2.646618 0.019229
vt 3.882148 -0.360998 0.999501
vt 1.147381 0.622600 0.999280
vt -2.107168 0.629292 0.999500
vt 4.166778 2.531638 0.000499
vt -1.559782 2.501070 0.000569
vt -1.608549 2.334356 0.089560
vt 4.199790 2.323190 0.089412
vt 3.259392 0.618259 0.999137
vt 1.039567 0.781582 0.537744
vt 1.039567 0.086687 0.559113
vt 0.025046 0.044959 0.559113
vt 0.491524 0.739854 0.537744
vt 1.202376 0.498218 0.131846
vt 0.042999 0.539947 0.131846
vt 0.115427 1.186493 0.224549
vt 0.735898 1.186493 0.224549
vt 0.818792 0.433834 0.000488
vt 0.817831 0.478460 0.999512
vt 0.407922 0.470066 0.999512
vt 0.408883 0.425440 0.000488
vt 0.744441 0.564818 0.000488
vt 0.406960 0.514695 0.000488
vt 0.271383 -0.398005 0.313678
vt 0.745615 -0.398005 0.336735
vt 0.745614 1.398006 0.336734
vt 0.271379 1.398006 0.313678
vt 0.271381 -0.398005 0.686322
vt 0.745615 -0.398005 0.663265
vt 0.745613 1.398005 0.663265
vt 0.271379 1.398005 0.686322
vt 0.728621 0.686322 1.398005
vt 0.254387 0.663265 1.398005
vt 0.271379 0.313678 1.398006
vt 0.745614 0.336734 1.398006
vt 0.336735 1.398005 0.254387
vt 0.336735 -0.398005 0.254385
vt 0.686322 -0.398005 0.271383
vt 0.686322 1.398006 0.271379
vt 0.686322 -0.398005 0.728619
vt 0.686322 1.398005 0.728621
vt 0.336734 1.398006 0.745614
vt 0.336735 -0.398005 0.745615
vt -0.818425 1.154700 0.384310
vt -0.818424 -0.576216 0.384310
vt -0.818425 1.154700 0.384310
vt -0.818424 -0.576216 0.384310
vt 4.484750 6.880045 0.285839
vt -0.687022 6.812119 0.030786
vt -0.687020 -6.655151 0.030784
vt 4.484753 -6.655152 0.285838
vt 1.074791 7.655152 4.608514
vt 1.074790 -6.655152 4.608517
vt -3.608518 5.085076 -0.074790
vt -3.608514 -6.655151 -0.074791
vt 0.285839 6.880045 4.484750
vt 0.285838 -6.655152 4.484753
vt -1.493390 1.191989 0.638906
vt -2.867440 -0.260590 0.999501
vt -0.267350 0.923255 0.639668
vt 1.460968 -0.341785 0.999068
vt 2.407078 0.898554 0.627624
vt 2.406076 1.291977 0.430009
vt -0.182863 1.313515 0.446902
vt 1.260214 1.526711 0.999067
vt 3.991089 3.460530 0.128786
vt -0.053477 2.368008 0.627623
vt 3.964617 3.782967 0.000546
vt -0.153100 3.797585 0.000500
vt -0.533955 3.793795 0.000500
vt -0.445494 2.334774 0.430009
vt 1.682130 -0.575866 0.999501
vt 2.266904 1.673599 0.000499
vt -1.382137 -0.595830 0.979197
vt -1.368323 -0.640909 0.999254
vt -3.347888 -0.683119 0.999095
vt -2.442468 1.099369 0.581482
# 817 texture coords

g Tolli_6
usemtl tolli_6_kollane_krohv
s 1
f -318/-786/-1719 -296/-785/-1718 -297/-784/-1717 
f -317/-783/-1716 -295/-782/-1715 -296/-785/-1714 
f -296/-785/-1713 -318/-786/-1712 -317/-783/-1711 
f -312/-781/-1710 -293/-780/-1709 -313/-779/-1708 
f -291/-777/-1707 -292/-776/-1706 -310/-775/-1705 
f -310/-775/-1704 -309/-778/-1703 -291/-777/-1702 
f -84/-333/-1701 -115/-773/-1700 -121/-772/-1699 
f -121/-772/-1698 -315/-774/-1697 -84/-333/-1696 
f -302/-771/-1695 -82/-329/-1694 -81/-327/-1693 
f -312/-781/-1692 -313/-779/-1691 -297/-784/-1690 
f -297/-784/-1689 -296/-785/-1688 -312/-781/-1687 
f -315/-774/-1686 -311/-770/-1685 -295/-782/-1684 
f -295/-782/-1683 -317/-783/-1682 -315/-774/-1681 
f -294/-769/-1680 -316/-768/-1679 -289/-767/-1678 
f -292/-776/-1677 -314/-766/-1676 -284/-765/-1675 
f -291/-777/-1674 -314/-766/-1673 -292/-776/-1672 
f -290/-764/-1671 -316/-768/-1670 -291/-777/-1669 
f -311/-770/-1668 -315/-774/-1667 -293/-780/-1666 
f -293/-780/-1665 -312/-781/-1664 -311/-770/-1663 
f -315/-774/-1662 -307/-762/-1661 -293/-780/-1660 
f -121/-772/-1659 -124/-761/-1658 -307/-762/-1657 
f -307/-762/-1656 -315/-774/-1655 -121/-772/-1654 
f -291/-777/-1653 -316/-768/-1652 -294/-769/-1651 
f -294/-769/-1650 -314/-766/-1649 -291/-777/-1648 
s off
f -290/-764/-1647 -128/-760/-1646 -316/-768/-1645 
s 1
f -314/-766/-1644 -282/-759/-1643 -283/-758/-1642 
f -314/-766/-1641 -283/-758/-1640 -284/-765/-1639 
f -313/-779/-1638 -293/-780/-1637 -280/-757/-1636 
f -313/-779/-1635 -280/-757/-1634 -281/-756/-1633 
f -314/-766/-1632 -313/-779/-1631 -281/-756/-1630 
f -281/-756/-1629 -282/-759/-1628 -314/-766/-1627 
f -318/-786/-1626 -286/-755/-1625 -287/-754/-1624 
f -287/-754/-1623 -316/-768/-1622 -318/-786/-1621 
f -316/-768/-1620 -287/-754/-1619 -288/-753/-1618 
f -316/-768/-1617 -288/-753/-1616 -289/-767/-1615 
f -318/-786/-1614 -297/-784/-1613 -285/-752/-1612 
f -318/-786/-1611 -285/-752/-1610 -286/-755/-1609 
usemtl taolli_6_aken_3
f -314/-424/-1608 -294/-423/-1607 -267/-422/-1606 
f -267/-422/-1605 -272/-421/-1604 -314/-424/-1603 
f -313/-420/-1602 -314/-424/-1601 -272/-421/-1600 
f -272/-421/-1599 -271/-419/-1598 -313/-420/-1597 
usemtl taolli_6_aken_2
f -310/-477/-1596 -292/-476/-1595 -265/-475/-1594 
f -265/-475/-1593 -270/-474/-1592 -310/-477/-1591 
f -307/-473/-1590 -310/-477/-1589 -270/-474/-1588 
f -270/-474/-1587 -269/-472/-1586 -307/-473/-1585 
usemtl taolli_6_aken_3
f -297/-418/-1584 -313/-420/-1583 -271/-419/-1582 
f -271/-419/-1581 -268/-417/-1580 -297/-418/-1579 
f -294/-423/-1578 -289/-416/-1577 -264/-415/-1576 
f -264/-415/-1575 -267/-422/-1574 -294/-423/-1573 
usemtl taolli_6_aken_2
f -293/-471/-1572 -307/-473/-1571 -269/-472/-1570 
f -269/-472/-1569 -266/-470/-1568 -293/-471/-1567 
f -292/-476/-1566 -284/-469/-1565 -259/-468/-1564 
f -259/-468/-1563 -265/-475/-1562 -292/-476/-1561 
usemtl taolli_6_aken_3
f -289/-416/-1560 -288/-414/-1559 -263/-413/-1558 
f -263/-413/-1557 -264/-415/-1556 -289/-416/-1555 
f -288/-414/-1554 -287/-412/-1553 -262/-411/-1552 
f -262/-411/-1551 -263/-413/-1550 -288/-414/-1549 
f -287/-412/-1548 -286/-410/-1547 -261/-409/-1546 
f -261/-409/-1545 -262/-411/-1544 -287/-412/-1543 
f -286/-410/-1542 -285/-408/-1541 -260/-407/-1540 
f -260/-407/-1539 -261/-409/-1538 -286/-410/-1537 
f -285/-408/-1536 -297/-418/-1535 -268/-417/-1534 
f -268/-417/-1533 -260/-407/-1532 -285/-408/-1531 
usemtl taolli_6_aken_2
f -284/-469/-1530 -283/-467/-1529 -258/-466/-1528 
f -258/-466/-1527 -259/-468/-1526 -284/-469/-1525 
f -283/-467/-1524 -282/-465/-1523 -257/-464/-1522 
f -257/-464/-1521 -258/-466/-1520 -283/-467/-1519 
f -282/-465/-1518 -281/-463/-1517 -256/-462/-1516 
f -256/-462/-1515 -257/-464/-1514 -282/-465/-1513 
f -281/-463/-1512 -280/-461/-1511 -255/-460/-1510 
f -255/-460/-1509 -256/-462/-1508 -281/-463/-1507 
f -280/-461/-1506 -293/-471/-1505 -266/-470/-1504 
f -266/-470/-1503 -255/-460/-1502 -280/-461/-1501 
usemtl taolli_6_aken
f -291/-343/-1500 -309/-342/-1499 -254/-341/-1498 
f -254/-341/-1497 -252/-340/-1496 -291/-343/-1495 
f -308/-339/-1494 -290/-338/-1493 -251/-337/-1492 
f -251/-337/-1491 -253/-336/-1490 -308/-339/-1489 
f -309/-370/-1488 -308/-367/-1487 -253/-364/-1486 
f -253/-364/-1485 -254/-369/-1484 -309/-370/-1483 
f -290/-366/-1482 -291/-371/-1481 -252/-368/-1480 
f -252/-368/-1479 -251/-365/-1478 -290/-366/-1477 
f -311/-295/-1476 -312/-294/-1475 -250/-293/-1474 
f -250/-293/-1473 -249/-292/-1472 -311/-295/-1471 
f -312/-322/-1470 -296/-319/-1469 -248/-318/-1468 
f -248/-318/-1467 -250/-321/-1466 -312/-322/-1465 
f -295/-317/-1464 -311/-323/-1463 -249/-320/-1462 
f -249/-320/-1461 -247/-316/-1460 -295/-317/-1459 
f -296/-291/-1458 -295/-289/-1457 -247/-288/-1456 
f -247/-288/-1455 -248/-290/-1454 -296/-291/-1453 
f -304/-597/-1452 -186/-596/-1451 -245/-595/-1450 
f -305/-594/-1449 -193/-593/-1448 -246/-592/-1447 
f -301/-591/-1446 -187/-590/-1445 -243/-589/-1444 
f -302/-588/-1443 -190/-587/-1442 -244/-586/-1441 
usemtl taolli_6_uks
f -232/-724/-1440 -241/-727/-1439 -303/-726/-1438 
f -232/-724/-1437 -303/-726/-1436 -83/-330/-1435 
f -232/-724/-1434 -83/-330/-1433 -299/-725/-1432 
f -306/-723/-1431 -278/-722/-1430 -239/-721/-1429 
f -239/-721/-1428 -242/-720/-1427 -306/-723/-1426 
f -279/-719/-1425 -275/-718/-1424 -236/-717/-1423 
f -236/-717/-1422 -240/-716/-1421 -279/-719/-1420 
f -278/-722/-1419 -277/-715/-1418 -238/-714/-1417 
f -238/-714/-1416 -239/-721/-1415 -278/-722/-1414 
f -277/-715/-1413 -276/-713/-1412 -237/-712/-1411 
f -237/-712/-1410 -238/-714/-1409 -277/-715/-1408 
f -276/-713/-1407 -279/-719/-1406 -240/-716/-1405 
f -240/-716/-1404 -237/-712/-1403 -276/-713/-1402 
f -275/-718/-1401 -274/-711/-1400 -235/-710/-1399 
f -235/-710/-1398 -236/-717/-1397 -275/-718/-1396 
f -274/-711/-1395 -273/-709/-1394 -234/-708/-1393 
f -234/-708/-1392 -235/-710/-1391 -274/-711/-1390 
f -273/-709/-1389 -303/-726/-1388 -241/-727/-1387 
f -241/-727/-1386 -234/-708/-1385 -273/-709/-1384 
f -233/-707/-1383 -298/-706/-1382 -82/-328/-1381 
f -233/-707/-1380 -82/-328/-1379 -306/-723/-1378 
f -233/-707/-1377 -306/-723/-1376 -242/-720/-1375 
usemtl taolli_6_aken_3
f -229/-405/-1374 -228/-404/-1373 -227/-403/-1372 
f -227/-403/-1371 -226/-402/-1370 -225/-401/-1369 
f -229/-405/-1368 -227/-403/-1367 -225/-401/-1366 
f -225/-401/-1365 -224/-400/-1364 -223/-399/-1363 
f -229/-405/-1362 -225/-401/-1361 -223/-399/-1360 
f -229/-405/-1359 -223/-399/-1358 -231/-398/-1357 
f -229/-405/-1356 -231/-398/-1355 -230/-406/-1354 
usemtl taolli_6_aken_2
f -220/-458/-1353 -219/-457/-1352 -218/-456/-1351 
f -218/-456/-1350 -217/-455/-1349 -216/-454/-1348 
f -220/-458/-1347 -218/-456/-1346 -216/-454/-1345 
f -216/-454/-1344 -215/-453/-1343 -214/-452/-1342 
f -220/-458/-1341 -216/-454/-1340 -214/-452/-1339 
f -220/-458/-1338 -214/-452/-1337 -222/-451/-1336 
f -220/-458/-1335 -222/-451/-1334 -221/-459/-1333 
usemtl taolli_6_aken_3
s 2
f -272/-397/-1332 -267/-396/-1331 -230/-395/-1330 
f -230/-395/-1329 -231/-394/-1328 -272/-397/-1327 
s 4
f -267/-379/-1326 -264/-393/-1325 -229/-392/-1324 
f -229/-392/-1323 -230/-378/-1322 -267/-379/-1321 
f -264/-393/-1320 -263/-391/-1319 -228/-390/-1318 
f -228/-390/-1317 -229/-392/-1316 -264/-393/-1315 
f -263/-391/-1314 -262/-389/-1313 -227/-388/-1312 
f -227/-388/-1311 -228/-390/-1310 -263/-391/-1309 
f -262/-389/-1308 -261/-387/-1307 -226/-386/-1306 
f -226/-386/-1305 -227/-388/-1304 -262/-389/-1303 
f -261/-387/-1302 -260/-385/-1301 -225/-384/-1300 
f -225/-384/-1299 -226/-386/-1298 -261/-387/-1297 
f -260/-385/-1296 -268/-383/-1295 -224/-382/-1294 
f -224/-382/-1293 -225/-384/-1292 -260/-385/-1291 
s 2
f -268/-377/-1290 -271/-381/-1289 -223/-380/-1288 
f -223/-380/-1287 -224/-376/-1286 -268/-377/-1285 
s 4
f -271/-375/-1284 -272/-374/-1283 -231/-373/-1282 
f -231/-373/-1281 -223/-372/-1280 -271/-375/-1279 
usemtl taolli_6_aken_2
s 2
f -270/-450/-1278 -265/-449/-1277 -221/-448/-1276 
f -221/-448/-1275 -222/-447/-1274 -270/-450/-1273 
s 4
f -265/-432/-1272 -259/-446/-1271 -220/-445/-1270 
f -220/-445/-1269 -221/-431/-1268 -265/-432/-1267 
f -259/-446/-1266 -258/-444/-1265 -219/-443/-1264 
f -219/-443/-1263 -220/-445/-1262 -259/-446/-1261 
f -258/-444/-1260 -257/-442/-1259 -218/-441/-1258 
f -218/-441/-1257 -219/-443/-1256 -258/-444/-1255 
f -257/-442/-1254 -256/-440/-1253 -217/-439/-1252 
f -217/-439/-1251 -218/-441/-1250 -257/-442/-1249 
f -256/-440/-1248 -255/-438/-1247 -216/-437/-1246 
f -216/-437/-1245 -217/-439/-1244 -256/-440/-1243 
f -255/-438/-1242 -266/-436/-1241 -215/-435/-1240 
f -215/-435/-1239 -216/-437/-1238 -255/-438/-1237 
s 2
f -266/-430/-1236 -269/-434/-1235 -214/-433/-1234 
f -214/-433/-1233 -215/-429/-1232 -266/-430/-1231 
s 4
f -269/-428/-1230 -270/-427/-1229 -222/-426/-1228 
f -222/-426/-1227 -214/-425/-1226 -269/-428/-1225 
usemtl taolli_6_aken
s 1
f -211/-362/-1224 -210/-361/-1223 -213/-360/-1222 
f -213/-360/-1221 -212/-363/-1220 -211/-362/-1219 
f -207/-314/-1218 -206/-313/-1217 -209/-312/-1216 
f -209/-312/-1215 -208/-315/-1214 -207/-314/-1213 
s 2
f -252/-359/-1212 -254/-358/-1211 -212/-357/-1210 
f -212/-357/-1209 -213/-356/-1208 -252/-359/-1207 
s 4
f -254/-355/-1206 -253/-354/-1205 -211/-353/-1204 
f -211/-353/-1203 -212/-352/-1202 -254/-355/-1201 
s 2
f -253/-351/-1200 -251/-350/-1199 -210/-349/-1198 
f -210/-349/-1197 -211/-348/-1196 -253/-351/-1195 
s 4
f -251/-347/-1194 -252/-346/-1193 -213/-345/-1192 
f -213/-345/-1191 -210/-344/-1190 -251/-347/-1189 
s 2
f -249/-311/-1188 -250/-310/-1187 -208/-309/-1186 
f -208/-309/-1185 -209/-308/-1184 -249/-311/-1183 
s 4
f -250/-307/-1182 -248/-306/-1181 -207/-305/-1180 
f -207/-305/-1179 -208/-304/-1178 -250/-307/-1177 
s 2
f -248/-303/-1176 -247/-302/-1175 -206/-301/-1174 
f -206/-301/-1173 -207/-300/-1172 -248/-303/-1171 
s 4
f -247/-299/-1170 -249/-298/-1169 -209/-297/-1168 
f -209/-297/-1167 -206/-296/-1166 -247/-299/-1165 
usemtl taolli_6_uks
s 1
f -201/-209/-1164 -200/-208/-1163 -199/-207/-1162 
f -199/-207/-1161 -198/-206/-1160 -197/-205/-1159 
f -197/-205/-1158 -196/-204/-1157 -195/-203/-1156 
f -199/-207/-1155 -197/-205/-1154 -195/-203/-1153 
f -205/-202/-1152 -204/-212/-1151 -203/-211/-1150 
f -195/-203/-1149 -205/-202/-1148 -203/-211/-1147 
f -199/-207/-1146 -195/-203/-1145 -203/-211/-1144 
f -201/-209/-1143 -199/-207/-1142 -203/-211/-1141 
f -201/-209/-1140 -203/-211/-1139 -202/-210/-1138 
s 2
f -241/-705/-1137 -232/-704/-1136 -204/-703/-1135 
f -204/-703/-1134 -205/-702/-1133 -241/-705/-1132 
s 4
f -232/-731/-1131 -233/-730/-1130 -203/-729/-1129 
f -203/-729/-1128 -204/-728/-1127 -232/-731/-1126 
s 8
f -233/-701/-1125 -242/-700/-1124 -202/-699/-1123 
f -202/-699/-1122 -203/-698/-1121 -233/-701/-1120 
f -242/-700/-1119 -239/-697/-1118 -201/-696/-1117 
f -201/-696/-1116 -202/-699/-1115 -242/-700/-1114 
f -239/-697/-1113 -238/-695/-1112 -200/-694/-1111 
f -200/-694/-1110 -201/-696/-1109 -239/-697/-1108 
f -238/-695/-1107 -237/-693/-1106 -199/-692/-1105 
f -199/-692/-1104 -200/-694/-1103 -238/-695/-1102 
f -237/-693/-1101 -240/-691/-1100 -198/-690/-1099 
f -198/-690/-1098 -199/-692/-1097 -237/-693/-1096 
s 2
f -240/-683/-1095 -236/-689/-1094 -197/-688/-1093 
f -197/-688/-1092 -198/-682/-1091 -240/-683/-1090 
f -236/-689/-1089 -235/-687/-1088 -196/-686/-1087 
f -196/-686/-1086 -197/-688/-1085 -236/-689/-1084 
f -235/-687/-1083 -234/-685/-1082 -195/-684/-1081 
f -195/-684/-1080 -196/-686/-1079 -235/-687/-1078 
f -234/-685/-1077 -241/-705/-1076 -205/-702/-1075 
f -205/-702/-1074 -195/-684/-1073 -234/-685/-1072 
usemtl tolli_6_karniis
f -318/-737/-1071 -316/-736/-1070 -147/-735/-1069 
f -147/-735/-1068 -194/-734/-1067 -318/-737/-1066 
f -317/-733/-1065 -318/-737/-1064 -194/-734/-1063 
s off
f -316/-736/-1062 -128/-732/-1061 -147/-735/-1060 
usemtl tolli_6_kollane_krohv
s 1
f -310/-775/-1059 -307/-762/-1058 -279/-751/-1057 
f -310/-775/-1056 -279/-751/-1055 -276/-750/-1054 
f -307/-762/-1053 -124/-761/-1052 -274/-749/-1051 
f -274/-749/-1050 -275/-748/-1049 -307/-762/-1048 
f -307/-762/-1047 -275/-748/-1046 -279/-751/-1045 
f -124/-761/-1044 -303/-747/-1043 -273/-746/-1042 
f -124/-761/-1041 -273/-746/-1040 -274/-749/-1039 
f -310/-775/-1038 -276/-750/-1037 -277/-744/-1036 
f -277/-744/-1035 -305/-745/-1034 -310/-775/-1033 
f -305/-745/-1032 -277/-744/-1031 -278/-743/-1030 
f -305/-745/-1029 -308/-742/-1028 -309/-778/-1027 
f -309/-778/-1026 -310/-775/-1025 -305/-745/-1024 
f -304/-741/-1023 -127/-740/-1022 -308/-742/-1021 
f -308/-742/-1020 -305/-745/-1019 -304/-741/-1018 
usemtl taolli_6_aken
f -179/-680/-1017 -178/-679/-1016 -181/-678/-1015 
f -181/-678/-1014 -180/-681/-1013 -179/-680/-1012 
f -177/-677/-1011 -176/-676/-1010 -175/-675/-1009 
f -175/-675/-1008 -174/-674/-1007 -177/-677/-1006 
f -173/-672/-1005 -172/-671/-1004 -171/-670/-1003 
f -171/-670/-1002 -170/-673/-1001 -173/-672/-1000 
f -169/-669/-999 -168/-668/-998 -167/-667/-997 
f -167/-667/-996 -166/-666/-995 -169/-669/-994 
f -189/-585/-993 -184/-584/-992 -183/-583/-991 
f -183/-583/-990 -182/-582/-989 -189/-585/-988 
f -193/-593/-987 -188/-581/-986 -189/-585/-985 
f -189/-585/-984 -182/-582/-983 -193/-593/-982 
f -183/-583/-981 -184/-584/-980 -187/-590/-979 
f -187/-590/-978 -192/-580/-977 -183/-583/-976 
f -182/-582/-975 -183/-583/-974 -186/-596/-973 
f -186/-596/-972 -191/-579/-971 -182/-582/-970 
f -190/-587/-969 -185/-578/-968 -184/-584/-967 
f -184/-584/-966 -189/-585/-965 -190/-587/-964 
f -305/-594/-963 -191/-579/-962 -186/-596/-961 
f -186/-596/-960 -304/-597/-959 -305/-594/-958 
f -302/-588/-957 -244/-586/-956 -188/-581/-955 
f -304/-597/-954 -245/-595/-953 -192/-580/-952 
f -301/-591/-951 -185/-578/-950 -190/-587/-949 
f -190/-587/-948 -302/-588/-947 -301/-591/-946 
f -305/-594/-945 -302/-588/-944 -188/-581/-943 
f -188/-581/-942 -193/-593/-941 -305/-594/-940 
f -301/-591/-939 -304/-597/-938 -192/-580/-937 
f -192/-580/-936 -187/-590/-935 -301/-591/-934 
f -305/-594/-933 -246/-592/-932 -191/-579/-931 
f -301/-591/-930 -243/-589/-929 -185/-578/-928 
s 2
f -191/-665/-927 -246/-664/-926 -180/-663/-925 
f -180/-663/-924 -181/-662/-923 -191/-665/-922 
s 4
f -246/-633/-921 -193/-661/-920 -179/-660/-919 
f -179/-660/-918 -180/-632/-917 -246/-633/-916 
s 2
f -193/-631/-915 -182/-659/-914 -178/-658/-913 
f -178/-658/-912 -179/-630/-911 -193/-631/-910 
s 4
f -182/-629/-909 -191/-628/-908 -181/-627/-907 
f -181/-627/-906 -178/-626/-905 -182/-629/-904 
s 2
f -188/-657/-903 -244/-656/-902 -176/-655/-901 
f -176/-655/-900 -177/-654/-899 -188/-657/-898 
s 4
f -244/-625/-897 -190/-653/-896 -175/-652/-895 
f -175/-652/-894 -176/-624/-893 -244/-625/-892 
s 2
f -190/-623/-891 -189/-651/-890 -174/-650/-889 
f -174/-650/-888 -175/-622/-887 -190/-623/-886 
s 4
f -189/-621/-885 -188/-620/-884 -177/-619/-883 
f -177/-619/-882 -174/-618/-881 -189/-621/-880 
s 2
f -192/-649/-879 -245/-648/-878 -172/-647/-877 
f -172/-647/-876 -173/-646/-875 -192/-649/-874 
s 4
f -245/-617/-873 -186/-645/-872 -171/-644/-871 
f -171/-644/-870 -172/-616/-869 -245/-617/-868 
s 2
f -186/-615/-867 -183/-643/-866 -170/-642/-865 
f -170/-642/-864 -171/-614/-863 -186/-615/-862 
s 4
f -183/-613/-861 -192/-612/-860 -173/-611/-859 
f -173/-611/-858 -170/-610/-857 -183/-613/-856 
s 2
f -185/-641/-855 -243/-640/-854 -168/-639/-853 
f -168/-639/-852 -169/-638/-851 -185/-641/-850 
s 4
f -243/-609/-849 -187/-637/-848 -167/-636/-847 
f -167/-636/-846 -168/-608/-845 -243/-609/-844 
s 2
f -187/-607/-843 -184/-635/-842 -166/-634/-841 
f -166/-634/-840 -167/-606/-839 -187/-607/-838 
s 4
f -184/-605/-837 -185/-604/-836 -169/-603/-835 
f -169/-603/-834 -166/-602/-833 -184/-605/-832 
usemtl tolli_6_kollane_krohv
s 1
f -305/-745/-831 -278/-743/-830 -306/-738/-829 
f -118/-763/-828 -83/-331/-827 -303/-747/-826 
f -303/-747/-825 -124/-761/-824 -118/-763/-823 
usemtl xxx
f -233/-812/-822 -164/-808/-821 -298/-813/-820 
f -232/-811/-819 -299/-814/-818 -165/-809/-817 
f -233/-812/-816 -232/-811/-815 -165/-809/-814 
f -165/-809/-813 -164/-808/-812 -233/-812/-811 
usemtl taolli_6_sokkel
s 2
f -153/-200/-810 -152/-199/-809 -151/-198/-808 
f -151/-198/-807 -161/-201/-806 -153/-200/-805 
f -154/-196/-804 -149/-195/-803 -148/-194/-802 
f -148/-194/-801 -150/-197/-800 -154/-196/-799 
f -155/-193/-798 -153/-200/-797 -161/-201/-796 
s 4
f -160/-192/-795 -155/-185/-794 -162/-191/-793 
f -162/-191/-792 -159/-190/-791 -160/-192/-790 
s 2
f -162/-184/-789 -154/-196/-788 -150/-197/-787 
s 1
f -158/-188/-786 -163/-187/-785 -157/-186/-784 
f -157/-186/-783 -156/-189/-782 -158/-188/-781 
s 2
f -151/-198/-780 -163/-183/-779 -161/-201/-778 
f -154/-196/-777 -158/-182/-776 -149/-195/-775 
f -155/-193/-774 -160/-181/-773 -153/-200/-772 
f -157/-180/-771 -163/-179/-770 -151/-198/-769 
f -150/-197/-768 -159/-178/-767 -162/-177/-766 
f -149/-195/-765 -158/-176/-764 -156/-175/-763 
s 4
f -148/-174/-762 -149/-173/-761 -151/-172/-760 
f -151/-172/-759 -152/-171/-758 -148/-174/-757 
s 8
f -149/-170/-756 -156/-169/-755 -157/-168/-754 
f -157/-168/-753 -151/-167/-752 -149/-170/-751 
s 1
f -159/-166/-750 -150/-165/-749 -153/-164/-748 
f -153/-164/-747 -160/-163/-746 -159/-166/-745 
s 64
f -150/-162/-744 -148/-161/-743 -152/-160/-742 
f -152/-160/-741 -153/-159/-740 -150/-162/-739 
usemtl tolli_6_katus
s 1
f -145/-4/-738 -132/-3/-737 -141/-6/-736 
f -141/-6/-735 -140/-5/-734 -145/-4/-733 
s 2
f -146/-79/-732 -140/-78/-731 -138/-77/-730 
s 1
f -146/-13/-729 -138/-12/-728 -5/-11/-727 
s 2
f -146/-79/-726 -145/-76/-725 -140/-78/-724 
s 4
f -147/-72/-723 -134/-71/-722 -133/-70/-721 
f -133/-70/-720 -194/-73/-719 -147/-72/-718 
f -143/-20/-717 -145/-19/-716 -142/-18/-715 
s off
f -139/-10/-714 -2/-9/-713 -5/-11/-712 
f -5/-11/-711 -138/-12/-710 -139/-10/-709 
s 4
f -146/-17/-708 -5/-16/-707 -142/-18/-706 
f -145/-19/-705 -146/-17/-704 -142/-18/-703 
usemtl xxx
s 8
f -144/-806/-702 -143/-805/-701 -317/-817/-700 
f -317/-817/-699 -133/-794/-698 -144/-806/-697 
s off
f -143/-805/-696 -142/-804/-695 -39/-144/-694 
f -143/-805/-693 -39/-144/-692 -136/-798/-691 
f -143/-805/-690 -136/-798/-689 -137/-799/-688 
f -2/-601/-687 -139/-600/-686 -135/-598/-685 
f -135/-598/-684 -1/-599/-683 -2/-601/-682 
s 8
f -139/-801/-681 -138/-800/-680 -129/-796/-679 
f -129/-796/-678 -135/-797/-677 -139/-801/-676 
f -317/-817/-675 -194/-810/-674 -133/-794/-673 
s off
f -143/-805/-672 -137/-799/-671 -315/-816/-670 
f -315/-816/-669 -317/-817/-668 -143/-805/-667 
s 8
f -84/-332/-666 -315/-816/-665 -137/-799/-664 
f -137/-799/-663 -300/-815/-662 -84/-332/-661 
usemtl tolli_6_katus
s 1
f -145/-4/-660 -143/-1/-659 -144/-2/-658 
f -144/-2/-657 -132/-3/-656 -145/-4/-655 
s 4
f -132/-75/-654 -144/-69/-653 -133/-70/-652 
f -134/-71/-651 -141/-74/-650 -132/-75/-649 
f -134/-71/-648 -132/-75/-647 -133/-70/-646 
usemtl xxx
s off
f -140/-802/-645 -125/-787/-644 -131/-793/-643 
f -131/-793/-642 -130/-792/-641 -140/-802/-640 
f -138/-800/-639 -140/-802/-638 -130/-792/-637 
f -130/-792/-636 -129/-791/-635 -138/-800/-634 
usemtl tolli_6_kollane_krohv
s 1
f -127/-740/-633 -85/-334/-632 -79/-325/-631 
s off
f -290/-764/-630 -308/-742/-629 -127/-740/-628 
f -127/-740/-627 -128/-760/-626 -290/-764/-625 
usemtl xxx
f -147/-807/-624 -128/-790/-623 -134/-795/-622 
s 2
f -79/-324/-621 -126/-788/-620 -131/-793/-619 
f -131/-793/-618 -127/-789/-617 -79/-324/-616 
s off
f -134/-795/-615 -128/-790/-614 -125/-787/-613 
f -125/-787/-612 -141/-803/-611 -134/-795/-610 
f -140/-802/-609 -141/-803/-608 -125/-787/-607 
f -127/-789/-606 -131/-793/-605 -125/-787/-604 
f -125/-787/-603 -128/-790/-602 -127/-789/-601 
usemtl taolli_6_aken
s 1
f -124/-577/-600 -123/-576/-599 -122/-575/-598 
f -121/-574/-597 -120/-573/-596 -119/-572/-595 
f -118/-571/-594 -117/-570/-593 -116/-569/-592 
f -115/-568/-591 -114/-567/-590 -113/-566/-589 
f -111/-564/-588 -110/-563/-587 -109/-562/-586 
f -109/-562/-585 -112/-565/-584 -111/-564/-583 
f -108/-561/-582 -107/-560/-581 -106/-559/-580 
f -106/-559/-579 -105/-558/-578 -108/-561/-577 
f -103/-556/-576 -102/-555/-575 -101/-554/-574 
f -101/-554/-573 -104/-557/-572 -103/-556/-571 
f -100/-553/-570 -99/-552/-569 -98/-551/-568 
f -98/-551/-567 -97/-550/-566 -100/-553/-565 
f -96/-549/-564 -95/-548/-563 -94/-547/-562 
f -94/-547/-561 -93/-546/-560 -96/-549/-559 
f -120/-573/-558 -92/-545/-557 -96/-549/-556 
f -96/-549/-555 -93/-546/-554 -120/-573/-553 
f -94/-547/-552 -95/-548/-551 -117/-570/-550 
f -117/-570/-549 -91/-544/-548 -94/-547/-547 
f -93/-546/-546 -94/-547/-545 -123/-576/-544 
f -123/-576/-543 -90/-543/-542 -93/-546/-541 
f -114/-567/-540 -89/-542/-539 -95/-548/-538 
f -95/-548/-537 -96/-549/-536 -114/-567/-535 
f -121/-574/-534 -90/-543/-533 -123/-576/-532 
f -123/-576/-531 -124/-577/-530 -121/-574/-529 
f -115/-568/-528 -113/-566/-527 -92/-545/-526 
f -124/-577/-525 -122/-575/-524 -91/-544/-523 
f -118/-571/-522 -89/-542/-521 -114/-567/-520 
f -114/-567/-519 -115/-568/-518 -118/-571/-517 
f -121/-574/-516 -115/-568/-515 -92/-545/-514 
f -92/-545/-513 -120/-573/-512 -121/-574/-511 
f -118/-571/-510 -124/-577/-509 -91/-544/-508 
f -91/-544/-507 -117/-570/-506 -118/-571/-505 
f -121/-574/-504 -119/-572/-503 -90/-543/-502 
f -118/-571/-501 -116/-569/-500 -89/-542/-499 
s 2
f -90/-541/-498 -119/-540/-497 -112/-539/-496 
f -112/-539/-495 -109/-538/-494 -90/-541/-493 
s 4
f -119/-537/-492 -120/-536/-491 -111/-535/-490 
f -111/-535/-489 -112/-534/-488 -119/-537/-487 
s 2
f -120/-533/-486 -93/-532/-485 -110/-531/-484 
f -110/-531/-483 -111/-530/-482 -120/-533/-481 
s 4
f -93/-529/-480 -90/-528/-479 -109/-527/-478 
f -109/-527/-477 -110/-526/-476 -93/-529/-475 
s 2
f -92/-525/-474 -113/-524/-473 -107/-523/-472 
f -107/-523/-471 -108/-522/-470 -92/-525/-469 
s 4
f -113/-521/-468 -114/-520/-467 -106/-519/-466 
f -106/-519/-465 -107/-518/-464 -113/-521/-463 
s 2
f -114/-517/-462 -96/-516/-461 -105/-515/-460 
f -105/-515/-459 -106/-514/-458 -114/-517/-457 
s 4
f -96/-513/-456 -92/-512/-455 -108/-511/-454 
f -108/-511/-453 -105/-510/-452 -96/-513/-451 
s 2
f -91/-509/-450 -122/-508/-449 -102/-507/-448 
f -102/-507/-447 -103/-506/-446 -91/-509/-445 
s 4
f -122/-505/-444 -123/-504/-443 -101/-503/-442 
f -101/-503/-441 -102/-502/-440 -122/-505/-439 
s 2
f -123/-501/-438 -94/-500/-437 -104/-499/-436 
f -104/-499/-435 -101/-498/-434 -123/-501/-433 
s 4
f -94/-497/-432 -91/-496/-431 -103/-495/-430 
f -103/-495/-429 -104/-494/-428 -94/-497/-427 
s 2
f -89/-493/-426 -116/-492/-425 -99/-491/-424 
f -99/-491/-423 -100/-490/-422 -89/-493/-421 
s 4
f -116/-489/-420 -117/-488/-419 -98/-487/-418 
f -98/-487/-417 -99/-486/-416 -116/-489/-415 
s 2
f -117/-485/-414 -95/-484/-413 -97/-483/-412 
f -97/-483/-411 -98/-482/-410 -117/-485/-409 
s 4
f -95/-481/-408 -89/-480/-407 -100/-479/-406 
f -100/-479/-405 -97/-478/-404 -95/-481/-403 
usemtl tolli_6_kollane_krohv
s 1
f -301/-739/-402 -302/-771/-401 -87/-335/-400 
f -87/-335/-399 -85/-334/-398 -301/-739/-397 
usemtl taolli_6_uks_2
f -74/-260/-396 -73/-259/-395 -76/-258/-394 
f -76/-258/-393 -75/-261/-392 -74/-260/-391 
usemtl tolli_6_kollane_krohv
f -304/-741/-390 -301/-739/-389 -85/-334/-388 
f -85/-334/-387 -127/-740/-386 -304/-741/-385 
usemtl taolli_6_krohv_rooskas
f -82/-283/-384 -298/-282/-383 -81/-281/-382 
f -84/-280/-381 -299/-279/-380 -83/-278/-379 
f -80/-277/-378 -126/-276/-377 -79/-275/-376 
usemtl taolli_6_uks_2
f -78/-257/-375 -77/-256/-374 -76/-258/-373 
f -76/-258/-372 -73/-259/-371 -78/-257/-370 
usemtl tolli_6_kollane_krohv
f -302/-771/-369 -305/-745/-368 -306/-738/-367 
f -306/-738/-366 -82/-329/-365 -302/-771/-364 
f -81/-327/-363 -87/-335/-362 -302/-771/-361 
usemtl taolli_6_krohv_rooskas
f -298/-282/-360 -164/-274/-359 -88/-273/-358 
f -88/-273/-357 -81/-281/-356 -298/-282/-355 
usemtl tolli_6_kollane_krohv
f -85/-334/-354 -80/-326/-353 -79/-325/-352 
usemtl taolli_6_krohv_rooskas
f -80/-277/-351 -86/-272/-350 -126/-276/-349 
usemtl tolli_6_kollane_krohv
f -115/-773/-348 -84/-333/-347 -83/-331/-346 
f -83/-331/-345 -118/-763/-344 -115/-773/-343 
usemtl taolli_6_krohv_rooskas
f -300/-271/-342 -165/-270/-341 -299/-279/-340 
f -299/-279/-339 -84/-280/-338 -300/-271/-337 
usemtl tolli_6_kollane_krohv
s off
f -85/-334/-336 -87/-335/-335 -77/-286/-334 
f -77/-286/-333 -78/-287/-332 -85/-334/-331 
f -87/-335/-330 -81/-327/-329 -76/-285/-328 
f -76/-285/-327 -77/-286/-326 -87/-335/-325 
usemtl taolli_6_krohv_rooskas
f -81/-265/-324 -88/-264/-323 -75/-269/-322 
f -75/-269/-321 -76/-268/-320 -81/-265/-319 
f -86/-263/-318 -80/-262/-317 -73/-267/-316 
f -73/-267/-315 -74/-266/-314 -86/-263/-313 
usemtl tolli_6_kollane_krohv
f -80/-326/-312 -85/-334/-311 -78/-287/-310 
f -78/-287/-309 -73/-284/-308 -80/-326/-307 
usemtl taolli_6_uks_2
s 1
f -56/-254/-306 -55/-253/-305 -71/-252/-304 
f -71/-252/-303 -72/-255/-302 -56/-254/-301 
s off
f -72/-245/-300 -71/-244/-299 -70/-243/-298 
f -68/-242/-297 -67/-241/-296 -69/-240/-295 
f -69/-240/-294 -66/-239/-293 -68/-242/-292 
f -60/-238/-291 -59/-237/-290 -69/-232/-289 
f -69/-232/-288 -67/-233/-287 -60/-238/-286 
f -71/-236/-285 -62/-235/-284 -60/-231/-283 
f -60/-231/-282 -67/-230/-281 -71/-236/-280 
f -66/-226/-279 -65/-225/-278 -64/-224/-277 
f -64/-224/-276 -68/-227/-275 -66/-226/-274 
f -70/-234/-273 -71/-236/-272 -67/-229/-271 
f -67/-229/-270 -68/-228/-269 -70/-234/-268 
usemtl tolli_6_katus
f -66/-67/-267 -61/-66/-266 -57/-65/-265 
f -57/-65/-264 -65/-68/-263 -66/-67/-262 
usemtl taolli_6_uks_2
f -72/-249/-261 -63/-251/-260 -56/-248/-259 
f -72/-223/-258 -70/-222/-257 -68/-218/-256 
f -68/-218/-255 -64/-217/-254 -72/-223/-253 
usemtl tolli_6_katus
f -66/-63/-252 -69/-62/-251 -59/-61/-250 
f -59/-61/-249 -61/-64/-248 -66/-63/-247 
usemtl taolli_6_uks_2
f -58/-221/-246 -64/-216/-245 -65/-215/-244 
f -65/-215/-243 -57/-220/-242 -58/-221/-241 
f -72/-223/-240 -64/-214/-239 -58/-213/-238 
f -58/-213/-237 -63/-219/-236 -72/-223/-235 
f -62/-250/-234 -71/-247/-233 -55/-246/-232 
f -53/-157/-231 -52/-156/-230 -51/-155/-229 
f -51/-155/-228 -54/-158/-227 -53/-157/-226 
f -53/-157/-225 -54/-158/-224 -50/-154/-223 
f -50/-154/-222 -49/-153/-221 -53/-157/-220 
f -52/-156/-219 -53/-157/-218 -49/-153/-217 
f -49/-153/-216 -48/-152/-215 -52/-156/-214 
f -54/-158/-213 -51/-155/-212 -47/-151/-211 
f -47/-151/-210 -50/-154/-209 -54/-158/-208 
usemtl tolli_6_katus
f -42/-59/-207 -41/-58/-206 -43/-57/-205 
f -43/-57/-204 -46/-60/-203 -42/-59/-202 
usemtl taolli_6_uks_2
f -51/-155/-201 -40/-145/-200 -46/-150/-199 
f -52/-156/-198 -48/-152/-197 -44/-148/-196 
f -44/-148/-195 -45/-149/-194 -52/-156/-193 
f -47/-151/-192 -51/-155/-191 -46/-150/-190 
f -46/-150/-189 -43/-147/-188 -47/-151/-187 
usemtl tolli_6_katus
f -45/-56/-186 -44/-55/-185 -41/-58/-184 
f -41/-58/-183 -42/-59/-182 -45/-56/-181 
usemtl taolli_6_uks_2
f -45/-149/-180 -42/-146/-179 -40/-145/-178 
f -51/-155/-177 -52/-156/-176 -40/-145/-175 
f -52/-156/-174 -45/-149/-173 -40/-145/-172 
f -42/-146/-171 -46/-150/-170 -40/-145/-169 
usemtl tolli_6_katus
f -5/-16/-168 -37/-15/-167 -142/-18/-166 
f -37/-15/-165 -38/-14/-164 -142/-18/-163 
usemtl taolli_6_sokkel
s 1
f -35/-126/-162 -34/-125/-161 -33/-124/-160 
f -33/-124/-159 -36/-127/-158 -35/-126/-157 
f -31/-122/-156 -30/-121/-155 -29/-120/-154 
f -29/-120/-153 -32/-123/-152 -31/-122/-151 
usemtl taolli_6_valge_krohv
s 2
f -35/-142/-150 -30/-141/-149 -27/-140/-148 
f -27/-140/-147 -28/-143/-146 -35/-142/-145 
usemtl taolli_6_sokkel
f -34/-110/-144 -31/-109/-143 -32/-108/-142 
f -32/-108/-141 -33/-111/-140 -34/-110/-139 
s off
f -36/-107/-138 -33/-106/-137 -26/-119/-136 
f -26/-119/-135 -25/-118/-134 -36/-107/-133 
f -32/-105/-132 -29/-104/-131 -24/-117/-130 
f -24/-117/-129 -23/-116/-128 -32/-105/-127 
f -29/-103/-126 -36/-102/-125 -25/-118/-124 
f -25/-118/-123 -24/-117/-122 -29/-103/-121 
f -33/-101/-120 -32/-100/-119 -23/-116/-118 
f -23/-116/-117 -26/-119/-116 -33/-101/-115 
f -25/-99/-114 -26/-98/-113 -22/-115/-112 
f -22/-115/-111 -21/-114/-110 -25/-99/-109 
f -23/-97/-108 -24/-96/-107 -20/-113/-106 
f -20/-113/-105 -19/-112/-104 -23/-97/-103 
f -24/-95/-102 -25/-94/-101 -21/-93/-100 
f -21/-93/-99 -20/-92/-98 -24/-95/-97 
f -26/-91/-96 -23/-90/-95 -19/-89/-94 
f -19/-89/-93 -22/-88/-92 -26/-91/-91 
f -19/-86/-90 -20/-85/-89 -21/-84/-88 
f -21/-84/-87 -22/-87/-86 -19/-86/-85 
usemtl taolli_6_valge_krohv
s 1
f -28/-134/-84 -18/-139/-83 -34/-138/-82 
f -34/-138/-81 -35/-135/-80 -28/-134/-79 
f -17/-136/-78 -27/-133/-77 -30/-132/-76 
f -30/-132/-75 -31/-137/-74 -17/-136/-73 
usemtl taolli_6_sokkel
s 2
f -36/-82/-72 -29/-81/-71 -30/-80/-70 
f -30/-80/-69 -35/-83/-68 -36/-82/-67 
usemtl taolli_6_valge_krohv
f -18/-130/-66 -17/-129/-65 -31/-128/-64 
f -31/-128/-63 -34/-131/-62 -18/-130/-61 
s off
f -16/-28/-60 -15/-27/-59 -38/-30/-58 
f -38/-30/-57 -37/-29/-56 -16/-28/-55 
f -15/-21/-54 -14/-25/-53 -142/-26/-52 
f -142/-26/-51 -38/-22/-50 -15/-21/-49 
s 1
f -10/-51/-48 -13/-54/-47 -12/-53/-46 
f -12/-53/-45 -11/-52/-44 -10/-51/-43 
f -6/-47/-42 -9/-50/-41 -8/-49/-40 
f -8/-49/-39 -7/-48/-38 -6/-47/-37 
s off
f -11/-43/-36 -6/-46/-35 -7/-45/-34 
f -7/-45/-33 -10/-44/-32 -11/-43/-31 
s 2
f -10/-39/-30 -7/-42/-29 -8/-41/-28 
f -8/-41/-27 -13/-40/-26 -10/-39/-25 
f -12/-35/-24 -9/-38/-23 -6/-37/-22 
f -6/-37/-21 -11/-36/-20 -12/-35/-19 
s off
f -16/-28/-18 -37/-29/-17 -4/-24/-16 
f -4/-24/-15 -3/-23/-14 -16/-28/-13 
usemtl xxx
f -3/-33/-12 -4/-34/-11 -2/-32/-10 
f -2/-32/-9 -1/-31/-8 -3/-33/-7 
usemtl tolli_6_katus
f -2/-9/-6 -4/-8/-5 -37/-7/-4 
f -37/-7/-3 -5/-11/-2 -2/-9/-1 
# 573 faces

