# 3ds Max Wavefront OBJ Exporter v0.97b - (c)2007 guruware
# File Created: 26.03.2012 12:27:25

mtllib Raekoja_plats_11.mtl

#
# object Raekoja_plats_11
#

v  59.7676 67.0679 20.4264
v  59.9801 63.9970 20.4264
v  59.9801 63.9970 18.6449
v  59.7676 67.0678 18.6449
v  51.5324 64.1301 21.8570
v  50.0173 68.8213 22.0362
v  50.0173 68.8213 23.0424
v  50.0138 68.8349 23.3663
v  55.6714 70.2385 22.9894
v  54.0383 70.1233 23.0424
v  54.0380 70.1237 22.0362
v  55.6427 70.2365 22.0248
v  55.1893 66.3484 24.4381
v  58.8627 67.2587 24.4381
v  58.8703 67.2606 21.9140
v  55.1969 66.3503 21.9028
v  55.5591 64.8877 21.9179
v  55.2776 66.0243 21.9179
v  55.2776 66.0243 21.8941
v  55.5592 64.8877 21.8636
v  59.2292 70.5005 22.4723
v  57.9159 70.4049 22.0362
v  59.2296 70.4988 22.0362
v  55.5902 64.7424 24.4381
v  55.5542 64.8865 24.4381
v  55.5544 64.8865 24.3495
v  55.5949 64.7436 21.8597
v  55.5544 64.8866 24.3336
v  55.5547 64.8866 24.1362
v  55.2713 66.0227 24.1391
v  55.2706 66.0226 24.4381
v  55.2709 66.0226 24.3348
v  55.2709 66.0226 24.3506
v  31.9135 63.2885 18.4555
v  31.9135 63.2885 14.6627
v  31.7765 62.0042 17.1829
v  31.7766 62.0042 18.4555
v  31.7765 62.0042 14.6627
v  31.7766 62.0042 17.3556
v  31.6460 60.7798 18.4555
v  31.3582 58.0807 17.3556
v  31.3582 58.0807 18.4555
v  31.7487 61.7430 18.4555
v  57.8095 63.6705 22.2066
v  55.9727 63.2155 22.2066
v  59.6469 64.1257 21.8008
v  59.6463 64.1256 22.2066
v  55.9734 63.2156 21.7973
v  55.9006 63.5067 22.2398
v  55.6283 64.6063 22.2399
v  55.9689 63.2146 24.4381
v  55.8973 63.5059 24.1381
v  55.6247 64.6054 24.1381
v  59.1720 66.0227 24.4381
v  58.8627 67.2587 24.4789
v  59.6424 64.1246 24.4789
v  59.6424 64.1246 24.4381
v  55.1893 66.3484 24.4789
v  55.9690 63.2146 24.4789
v  57.8057 63.6696 24.4381
v  55.0075 66.4579 24.5289
v  58.9721 67.4403 24.5289
v  31.9135 63.2885 20.5636
v  31.8605 62.7918 19.9250
v  31.8605 62.7918 20.1491
v  31.8605 62.7917 20.6506
v  31.9135 63.2885 20.2500
v  31.7487 61.7430 19.0090
v  31.6462 60.7821 19.0090
v  31.2573 57.1345 18.5287
v  31.2573 57.1345 18.8093
v  40.2559 59.1109 18.8557
v  34.3778 57.6547 18.8557
v  34.3778 57.6547 18.7595
v  40.2559 59.1109 18.7595
v  31.2573 57.1345 14.6516
v  32.1157 57.0944 14.6516
v  32.1156 57.0944 17.8799
v  32.1156 57.0944 18.7595
v  59.9801 63.9970 17.4688
v  58.6652 63.6713 17.4688
v  58.6652 63.6713 14.4502
v  59.9802 63.9970 13.6989
v  58.6652 63.6713 14.6516
v  58.6652 63.6713 13.6989
v  41.4878 59.4161 20.7720
v  40.2559 59.1109 20.7720
v  40.2559 59.1109 18.9519
v  41.4877 59.4161 18.6449
v  40.2559 59.1109 18.6449
v  41.4878 59.4161 20.4264
v  42.8858 59.7624 20.4264
v  42.8858 59.7624 20.7720
v  44.1160 60.0671 20.4264
v  44.1160 60.0671 20.7720
v  45.5157 60.4139 20.4264
v  45.5157 60.4139 20.7720
v  46.7478 60.7191 20.4264
v  46.7478 60.7191 20.7720
v  48.1456 61.0654 20.4264
v  48.1456 61.0654 20.7720
v  49.3885 61.3733 20.4264
v  49.3885 61.3733 20.7720
v  56.0353 63.0198 20.4264
v  56.0353 63.0198 18.6449
v  57.2481 63.3203 18.6449
v  57.2481 63.3203 20.4264
v  53.4054 62.3683 20.4264
v  53.4053 62.3683 18.6449
v  54.6324 62.6723 18.6449
v  54.6324 62.6723 20.4264
v  50.7755 61.7168 20.4264
v  50.7754 61.7169 18.6449
v  52.0167 62.0244 18.6449
v  52.0168 62.0243 20.4264
v  42.8858 59.7624 17.4688
v  42.8858 59.7624 18.6449
v  41.4878 59.4161 17.4688
v  44.1160 60.0671 17.4688
v  44.1160 60.0671 18.6449
v  45.5157 60.4139 17.4688
v  45.5156 60.4138 18.6449
v  46.7478 60.7191 17.4688
v  46.7478 60.7191 18.6449
v  48.1456 61.0654 17.4688
v  48.1456 61.0654 18.6449
v  49.3885 61.3733 17.4688
v  49.3885 61.3733 18.6449
v  58.6652 63.6713 20.4264
v  58.6651 63.6713 18.6449
v  40.2559 59.1109 17.4688
v  53.9800 70.4200 18.6449
v  59.5078 70.8211 18.6449
v  59.5078 70.8210 17.4688
v  53.9800 70.4200 13.6989
v  59.5079 70.8210 13.6989
v  53.9800 70.4200 20.5636
v  59.5078 70.8211 20.4264
v  40.1976 59.3015 21.6052
v  38.3423 65.3662 23.4548
v  38.4771 64.9264 23.2948
v  40.1976 59.3015 21.2486
v  38.3423 65.3662 23.8113
v  38.3423 65.3663 20.5636
v  38.4761 64.9289 20.6506
v  40.2559 59.1109 21.2486
v  53.9800 70.4200 21.2486
v  53.9802 70.4201 22.0362
v  55.6420 70.5404 22.0368
v  59.5081 70.8211 22.0362
v  59.5078 70.8211 21.2486
v  49.9259 69.1067 22.0362
v  49.9262 69.1055 21.2486
v  55.6681 70.5421 22.9875
v  59.5077 70.8211 22.4723
v  53.9806 70.4197 23.0424
v  49.9254 69.1087 23.0424
v  49.9252 69.1095 23.4548
v  49.9267 69.1035 20.5636
v  49.9280 69.1102 23.8113
v  59.7676 67.0678 17.4688
v  50.7755 61.7168 20.7720
v  57.2481 63.3203 20.7720
v  58.6652 63.6713 20.7720
v  56.0353 63.0198 20.7720
v  54.6324 62.6723 20.7720
v  53.4054 62.3683 20.7720
v  52.0168 62.0243 20.7720
v  59.9801 63.9970 20.7720
v  59.5100 70.8122 20.7949
v  59.6961 68.1000 20.4264
v  59.6535 68.7158 20.4264
v  59.5504 70.2053 20.4264
v  50.7755 61.7168 17.4688
v  57.2481 63.3203 17.4688
v  56.0353 63.0198 17.4688
v  54.6324 62.6723 17.4688
v  53.4054 62.3683 17.4688
v  52.0168 62.0243 17.4688
v  44.1160 60.0671 15.3604
v  42.8858 59.7624 15.3604
v  46.7478 60.7191 15.3604
v  45.5157 60.4139 15.3604
v  49.3886 61.3732 15.3604
v  48.1456 61.0654 15.3604
v  41.4878 59.4161 15.3604
v  40.2559 59.1109 15.3604
v  59.7676 67.0678 13.6989
v  59.7676 67.0678 15.3597
v  49.3886 61.3732 14.6516
v  50.7755 61.7168 14.6516
v  50.7755 61.7168 15.3604
v  56.0353 63.0198 15.3604
v  56.0353 63.0198 14.6516
v  57.2481 63.3202 14.6516
v  57.2481 63.3202 15.3604
v  54.6324 62.6723 15.3604
v  54.6324 62.6723 14.6516
v  53.4054 62.3683 15.3604
v  53.4054 62.3683 14.6516
v  52.0168 62.0243 15.3604
v  52.0168 62.0243 14.6516
v  44.1160 60.0671 14.6516
v  42.8858 59.7624 14.6516
v  45.5157 60.4139 14.6516
v  46.7478 60.7191 14.6516
v  48.1456 61.0653 14.6516
v  41.4878 59.4161 14.6516
v  40.2559 59.1109 14.6516
v  42.7646 59.8354 18.7449
v  42.7647 59.8354 20.3264
v  41.5608 59.5372 20.3264
v  41.5607 59.5372 18.7449
v  45.3946 60.4869 18.7449
v  45.3946 60.4869 20.3264
v  44.1890 60.1883 20.3264
v  44.1890 60.1883 18.7449
v  48.0244 61.1384 18.7449
v  48.0245 61.1384 20.3264
v  46.8209 60.8402 20.3264
v  46.8208 60.8402 18.7449
v  49.4616 61.4944 20.3264
v  49.4616 61.4944 18.7449
v  50.6544 61.7899 18.7449
v  50.6544 61.7899 20.3264
v  52.0898 62.1455 20.3264
v  52.0897 62.1455 18.7449
v  53.2843 62.4414 18.7449
v  53.2843 62.4413 20.3264
v  54.7054 62.7934 20.3264
v  54.7054 62.7934 18.7449
v  55.9142 63.0928 18.7449
v  55.9142 63.0928 20.3264
v  57.3211 63.4414 20.3264
v  57.3211 63.4414 18.7449
v  58.5441 63.7443 18.7449
v  58.5441 63.7443 20.3264
v  45.3946 60.4869 15.4604
v  45.3946 60.4869 17.3688
v  44.1890 60.1882 17.3688
v  44.1890 60.1882 15.4604
v  48.0245 61.1384 15.4604
v  48.0245 61.1384 17.3688
v  46.8208 60.8402 17.3688
v  46.8209 60.8402 15.4604
v  49.4616 61.4944 17.3688
v  49.4616 61.4944 15.4604
v  50.6544 61.7899 15.4604
v  50.6544 61.7899 17.3688
v  52.0898 62.1455 17.3688
v  52.0898 62.1454 15.4604
v  53.2843 62.4413 15.4604
v  53.2843 62.4413 17.3688
v  54.7054 62.7934 17.3688
v  54.7054 62.7934 15.4604
v  55.9142 63.0928 15.4604
v  55.9142 63.0928 17.3688
v  56.2634 63.2875 22.2399
v  56.2606 63.2869 24.1381
v  57.5177 63.5983 22.2399
v  57.5150 63.5976 24.1381
v  59.3517 64.0526 24.1381
v  59.3545 64.0533 22.2399
v  58.0974 63.7419 24.1381
v  58.1001 63.7426 22.2399
v  31.7413 61.6734 18.5255
v  31.7413 61.6734 18.9390
v  31.6534 60.8497 18.5255
v  31.6536 60.8514 18.9390
v  31.8407 61.6628 18.5255
v  31.8407 61.6628 18.9390
v  31.7529 60.8391 18.5255
v  31.7531 60.8408 18.9390
v  58.5681 63.6473 20.3264
v  58.5681 63.6472 18.7449
v  57.3452 63.3443 20.3264
v  57.3452 63.3443 18.7449
v  50.6784 61.6928 20.3264
v  50.6784 61.6928 18.7449
v  49.4856 61.3973 20.3264
v  49.4856 61.3973 18.7449
v  55.9382 62.9958 20.3264
v  55.9382 62.9958 18.7449
v  54.7295 62.6963 20.3264
v  54.7295 62.6963 18.7449
v  53.3083 62.3443 20.3264
v  53.3083 62.3443 18.7449
v  52.1138 62.0484 20.3264
v  52.1138 62.0484 18.7449
v  42.7887 59.7383 18.7449
v  41.5848 59.4401 18.7449
v  42.7887 59.7383 20.3264
v  41.5848 59.4401 20.3264
v  45.4186 60.3898 18.7449
v  44.2130 60.0912 18.7449
v  45.4186 60.3898 20.3264
v  44.2130 60.0912 20.3264
v  48.0485 61.0413 18.7449
v  46.8449 60.7431 18.7449
v  48.0485 61.0413 20.3264
v  46.8449 60.7431 20.3264
v  58.5681 63.6473 17.3688
v  58.5681 63.6472 14.6516
v  44.2130 60.0912 15.4604
v  44.2130 60.0912 17.3688
v  45.4186 60.3898 15.4604
v  45.4186 60.3898 17.3688
v  46.8449 60.7431 15.4604
v  46.8449 60.7431 17.3688
v  48.0485 61.0413 15.4604
v  48.0485 61.0413 17.3688
v  49.4856 61.3973 15.4604
v  49.4856 61.3973 17.3688
v  50.6784 61.6928 15.4604
v  50.6784 61.6928 17.3688
v  54.7295 62.6963 17.3688
v  55.9382 62.9958 17.3688
v  54.7295 62.6963 15.4604
v  55.9382 62.9958 15.4604
v  52.1138 62.0484 17.3688
v  53.3083 62.3443 17.3688
v  52.1138 62.0484 15.4604
v  53.3083 62.3443 15.4604
v  41.5848 59.4401 15.3604
v  41.5848 59.4401 17.3688
v  41.5849 59.4401 14.6516
v  42.7887 59.7384 17.3688
v  42.7888 59.7383 15.3604
v  57.3452 63.3443 17.3688
v  57.3452 63.3443 15.3604
v  57.3452 63.3443 14.6516
v  42.7887 59.7383 14.6516
v  41.5608 59.5372 15.3604
v  41.5608 59.5372 17.3688
v  41.5608 59.5372 14.6516
v  42.7647 59.8354 15.3604
v  42.7647 59.8354 14.6516
v  42.7647 59.8354 17.3688
v  57.3211 63.4414 17.3688
v  58.5441 63.7443 17.3688
v  57.3211 63.4414 15.3604
v  57.3212 63.4414 14.6516
v  58.5441 63.7443 14.6516
v  55.4717 66.0725 21.9184
v  55.4654 66.0710 24.1395
v  55.7488 64.9349 24.1366
v  55.7532 64.9360 21.9184
v  55.9977 63.5308 22.2400
v  55.7254 64.6304 22.2401
v  55.9944 63.5300 24.1383
v  55.7218 64.6295 24.1383
v  59.3277 64.1497 24.1381
v  59.3305 64.1504 22.2399
v  58.0733 63.8389 24.1381
v  58.0761 63.8396 22.2399
v  56.2393 63.3846 22.2399
v  56.2366 63.3839 24.1381
v  57.4937 63.6954 22.2399
v  57.4910 63.6947 24.1381
v  55.8596 63.0330 24.5289
v  57.5070 65.0791 26.2292
v  57.0404 66.9615 26.2292
v  38.8497 63.7075 19.9058
v  38.4759 64.9293 20.1593
v  40.2779 59.0220 20.8642
v  40.3183 58.8588 20.8642
v  40.3693 58.6531 21.0745
v  38.2229 63.5178 19.9051
v  38.5765 62.3139 19.6544
v  38.4781 62.6488 19.7241
v  39.5673 58.9403 18.9519
v  37.8750 63.4125 19.9047
v  38.1237 62.5453 19.7240
v  38.2196 62.2115 19.6543
v  39.1851 58.8456 18.9519
v  34.3778 57.6547 18.9519
v  33.4993 62.0881 19.8997
v  31.3489 57.1302 18.9988
v  32.1156 57.0944 18.9519
v  32.1533 57.1037 18.9519
v  31.9558 62.8218 20.1491
v  31.2573 57.1345 19.0027
v  31.7237 62.7579 20.1491
v  31.1072 57.1415 19.0027
v  32.0759 56.9305 18.9229
v  32.1152 56.9402 18.9229
v  31.3347 56.9716 18.9679
v  31.2428 56.9768 18.9718
v  31.0927 56.9839 18.9718
v  39.7356 58.2609 18.8085
v  40.4243 58.4315 18.8085
v  39.3536 58.1662 18.8085
v  34.5461 56.9753 18.8085
v  33.3028 57.3885 19.8997
v  33.2980 57.2332 19.8997
v  34.4137 57.5096 18.9204
v  32.0089 63.3193 20.5636
v  31.9558 62.8217 20.6506
v  59.6961 63.9267 21.2486
v  52.2039 62.0707 21.2486
v  52.0731 61.5524 21.0746
v  59.9802 63.9970 21.2486
v  51.9170 61.9996 21.2486
v  60.3687 63.6110 21.0732
v  59.7244 67.6914 21.2486
v  59.9209 70.8507 21.0982
v  59.4303 67.6685 21.9285
v  59.5405 66.1139 21.8694
v  59.1767 66.0238 21.8666
v  52.1421 62.2604 21.7942
v  59.6469 64.1257 21.2566
v  52.1421 62.2604 21.2486
v  59.7336 67.6911 22.4715
v  59.4303 67.6685 22.4730
v  59.7336 67.6911 21.9270
v  40.5090 59.3787 21.6052
v  38.7117 65.1843 23.7180
v  38.7117 65.1843 23.3664
v  40.5090 59.3787 21.2486
v  49.7301 68.7481 23.7179
v  50.0215 68.8204 23.7180
v  49.5476 68.6892 23.3663
v  49.7301 68.7481 23.3663
v  44.3382 67.0042 23.3664
v  43.7402 66.8108 23.3664
v  51.2534 64.0610 22.2066
v  51.8585 62.1902 21.2486
v  51.8585 62.1902 21.7942
v  51.8585 62.1902 22.2066
v  51.2534 64.0611 21.8526
v  52.1421 62.2604 22.2066
v  51.5352 64.1308 22.2066
v  49.8032 68.5232 23.6455
v  49.8032 68.5232 23.2937
v  50.0694 68.5893 23.6455
v  50.0941 68.5954 23.6455
v  51.1592 64.3509 21.9462
v  51.1592 64.3508 22.3000
v  50.7744 65.5348 22.6818
v  50.1492 67.4586 23.3021
v  50.1492 67.4586 22.9499
v  50.7744 65.5349 22.3286
v  51.4416 64.4208 22.3000
v  51.4176 64.4148 22.3000
v  50.4380 67.5302 23.3021
v  50.4134 67.5241 23.3021
v  51.0350 65.5994 22.6818
v  51.0592 65.6054 22.6818
v  54.4633 65.8217 24.0405
v  54.4633 65.8217 24.0248
v  54.7468 64.6856 24.0236
v  54.7468 64.6856 24.0395
v  55.2467 66.1197 24.3349
v  54.4391 65.9187 24.0249
v  54.4391 65.9187 24.0406
v  55.2467 66.1197 24.3506
v  55.5785 64.7895 24.3336
v  55.5785 64.7895 24.3495
v  54.7709 64.5886 24.0395
v  54.7709 64.5886 24.0236
v  58.7614 63.2830 14.4502
v  57.3443 62.9320 14.4502
v  57.3443 62.9320 13.6989
v  58.7614 63.2830 13.6989
v  42.9339 59.5682 14.4502
v  42.9339 59.5682 14.6516
v  42.8368 59.5442 14.6516
v  41.5359 59.2219 14.4502
v  41.6329 59.2460 14.6516
v  41.5359 59.2219 14.6516
v  58.6162 63.4531 14.6516
v  57.3933 63.1502 14.6516
v  58.7133 63.4771 14.4502
v  58.7133 63.4771 14.6516
v  57.2962 63.1261 14.6516
v  57.2962 63.1261 14.4502
v  42.9820 59.3741 13.6989
v  42.9820 59.3741 14.4502
v  41.5840 59.0278 14.4502
v  41.5840 59.0278 13.6989
v  58.7133 63.4772 13.6989
v  57.2481 63.3202 14.4502
v  57.2962 63.1261 13.6989
v  57.2481 63.3202 13.6989
v  42.9339 59.5682 13.6989
v  42.8858 59.7624 13.6989
v  42.8858 59.7624 14.4502
v  41.4878 59.4161 14.4502
v  41.5359 59.2219 13.6989
v  41.4878 59.4161 13.6989
v  38.5069 62.6570 20.5653
v  38.3059 62.5984 20.6506
v  38.4043 62.2640 20.6506
v  38.6068 62.3222 20.5653
v  38.4839 62.6502 20.5453
v  38.5817 62.3152 20.5453
v  38.1297 62.5469 20.5453
v  38.2250 62.2128 20.5453
v  38.1048 62.5398 20.5653
v  38.2018 62.2059 20.5653
v  50.0697 68.5882 23.7888
v  50.4135 67.5241 23.7888
v  49.6171 68.4754 23.6455
v  49.6174 68.4744 23.7888
v  49.9627 67.4123 23.3021
v  49.9628 67.4122 23.7888
v  51.0351 65.5991 22.8252
v  51.4177 64.4145 22.8252
v  50.5881 65.4882 22.6818
v  50.5882 65.4879 22.8252
v  50.9730 64.3042 22.3000
v  50.9731 64.3039 22.8252
v  50.3623 67.5526 23.8388
v  49.9893 67.4600 23.8388
v  50.0432 68.5403 23.8388
v  49.6687 68.4460 23.8388
v  51.3665 64.4430 22.8752
v  50.9997 64.3517 22.8752
v  51.0086 65.5513 22.8752
v  50.6395 65.4595 22.8752
v  50.3623 67.5526 24.8388
v  49.9893 67.4600 24.8388
v  50.0432 68.5403 24.8388
v  49.6687 68.4460 24.8388
v  51.3665 64.4430 23.8752
v  50.9997 64.3517 23.8752
v  51.0086 65.5513 23.8752
v  50.6395 65.4595 23.8752
v  50.4007 67.5312 24.8588
v  49.9694 67.4241 24.8588
v  50.0631 68.5762 24.8588
v  49.6302 68.4673 24.8588
v  51.4049 64.4216 23.8952
v  50.9798 64.3158 23.8952
v  51.0285 65.5871 23.8952
v  50.6011 65.4808 23.8952
v  50.4007 67.5312 24.9788
v  49.9694 67.4241 24.9788
v  50.0631 68.5762 24.9788
v  50.2319 68.0537 24.9788
v  49.6302 68.4673 24.9788
v  49.7998 67.9457 24.9788
v  51.4049 64.4216 24.0152
v  50.9798 64.3158 24.0152
v  51.0285 65.5871 24.0152
v  51.2167 65.0044 24.0152
v  50.6011 65.4808 24.0152
v  50.7904 64.8983 24.0152
v  51.2768 64.4928 24.0152
v  51.0461 64.4354 24.0152
v  51.1321 64.9404 24.0152
v  50.9005 64.8828 24.0152
v  50.7293 65.4097 24.0152
v  50.9620 65.4676 24.0152
v  50.8743 64.9640 24.0152
v  51.1062 65.0217 24.0152
v  50.2726 67.6024 24.9788
v  50.0357 67.5436 24.9788
v  50.1478 67.9882 24.9788
v  49.9104 67.9288 24.9788
v  49.7584 68.3964 24.9788
v  49.9967 68.4564 24.9788
v  49.8830 68.0134 24.9788
v  50.1208 68.0728 24.9788
v  49.7584 68.3964 22.9788
v  49.9967 68.4564 22.9788
v  49.8830 68.0134 22.9788
v  50.1208 68.0728 22.9788
v  50.7293 65.4097 22.0152
v  50.9620 65.4676 22.0152
v  50.8743 64.9640 22.0152
v  51.1062 65.0217 22.0152
v  50.2726 67.6024 22.9788
v  50.0357 67.5436 22.9788
v  50.1478 67.9882 22.9788
v  49.9104 67.9288 22.9788
v  51.2768 64.4928 22.0152
v  51.0461 64.4354 22.0152
v  51.1321 64.9404 22.0152
v  50.9005 64.8828 22.0152
v  44.2591 65.3110 22.8464
v  44.4692 64.7039 22.6359
v  44.4768 64.7058 23.5217
v  44.2667 65.3129 23.5216
v  45.0608 64.8801 22.6359
v  45.0684 64.8820 23.5216
v  44.8526 65.4922 22.8464
v  44.8601 65.4941 23.5216
v  44.5084 64.7674 23.5716
v  44.3309 65.2802 23.5716
v  45.0043 64.9151 23.5716
v  44.8284 65.4321 23.5716
v  44.5084 64.7674 24.1717
v  44.3309 65.2803 24.1716
v  45.0043 64.9151 24.1716
v  44.8284 65.4321 24.1716
v  44.4894 64.7304 24.1917
v  44.2924 65.2999 24.1916
v  45.0427 64.8952 24.1916
v  44.8474 65.4693 24.1916
v  44.4894 64.7304 24.3417
v  44.2924 65.2999 24.3416
v  45.0427 64.8952 24.3416
v  44.7661 64.8128 24.3416
v  44.8474 65.4693 24.3416
v  44.5699 65.3846 24.3416
v  44.8030 65.3826 24.3416
v  44.9531 64.9416 24.3416
v  44.6288 65.3282 24.3416
v  44.7797 64.8885 24.3416
v  44.5337 64.8166 24.3416
v  44.3823 65.2541 24.3416
v  44.7070 64.8696 24.3416
v  44.5565 65.3084 24.3416
v  44.8030 65.3826 23.3416
v  44.9531 64.9415 23.3416
v  44.6288 65.3282 23.3416
v  44.7797 64.8885 23.3416
v  44.5337 64.8166 23.3417
v  44.3823 65.2541 23.3417
v  44.7070 64.8696 23.3417
v  44.5565 65.3084 23.3416
v  49.6171 68.4754 23.2971
v  49.9627 67.4123 22.9531
v  50.5881 65.4882 22.3305
v  50.9730 64.3042 21.9474
v  59.6321 70.8294 20.8809
v  60.0561 63.9215 20.8642
v  60.1928 63.7858 20.8629
v  59.7588 70.8387 20.8824
v  54.5372 70.1781 22.6086
v  54.7172 68.9464 22.6086
v  54.7171 68.9467 21.9576
v  54.5371 70.1784 21.9576
v  54.0780 70.1429 22.6086
v  54.0779 70.1432 21.9576
v  54.2603 68.9113 22.6086
v  54.2603 68.9117 21.9576
v  54.6714 68.9830 22.6586
v  54.2944 68.9541 22.6586
v  54.5031 70.1354 22.6586
v  54.1239 70.1063 22.6586
v  54.6714 68.9830 23.6586
v  54.2945 68.9540 23.6586
v  54.5031 70.1354 23.6586
v  54.1239 70.1063 23.6586
v  54.7057 68.9555 23.6786
v  54.2689 68.9220 23.6786
v  54.5287 70.1674 23.6786
v  54.0895 70.1338 23.6786
v  54.7057 68.9555 23.7986
v  54.2689 68.9220 23.7986
v  54.5287 70.1674 23.7986
v  54.6172 69.5615 23.7986
v  54.0895 70.1338 23.7986
v  54.1792 69.5279 23.7986
v  54.5913 69.0471 23.7986
v  54.3542 69.0288 23.7986
v  54.5231 69.5124 23.7986
v  54.2852 69.4942 23.7986
v  54.2041 70.0422 23.7986
v  54.4432 70.0606 23.7986
v  54.2728 69.5787 23.7986
v  54.5111 69.5969 23.7986
v  59.6961 68.1000 18.6449
v  59.6962 68.1000 17.4688
v  59.6962 68.0999 15.3597
v  59.6962 68.0999 13.6989
v  59.5504 70.2053 18.6449
v  59.6535 68.7158 18.6449
v  59.6535 68.7158 17.4688
v  59.5505 70.2053 17.4688
v  59.5505 70.2052 15.3597
v  59.6536 68.7157 15.3597
v  59.6536 68.7157 13.6989
v  59.5505 70.2052 13.6989
v  59.4576 70.0987 20.3264
v  59.5469 68.8087 20.3264
v  59.5468 68.8086 18.7449
v  59.4576 70.0986 18.7449
v  59.6033 67.9933 20.3264
v  59.6609 67.1607 20.3264
v  59.6609 67.1607 18.7449
v  59.6033 67.9933 18.7449
v  59.5469 68.8086 17.3688
v  59.5469 68.8086 15.4597
v  59.4576 70.0986 15.4597
v  59.4576 70.0986 17.3688
v  59.6609 67.1607 17.3688
v  59.6609 67.1607 15.4597
v  59.6033 67.9933 15.4597
v  59.6033 67.9933 17.3688
v  59.7030 68.0002 18.7449
v  59.7607 67.1676 18.7449
v  59.7030 68.0002 20.3264
v  59.7607 67.1676 20.3264
v  59.6466 68.8156 20.3264
v  59.5573 70.1056 20.3264
v  59.6466 68.8155 18.7449
v  59.5573 70.1055 18.7449
v  59.7607 67.1676 17.3688
v  59.7031 68.0002 17.3688
v  59.7607 67.1676 15.4597
v  59.7031 68.0002 15.4597
v  59.6466 68.8155 17.3688
v  59.5574 70.1055 17.3688
v  59.6467 68.8155 15.4597
v  59.5574 70.1055 15.4597
v  34.3778 57.6548 14.6516
v  34.3778 57.6547 17.8799
v  33.7546 57.5004 17.8799
v  32.8058 57.2654 17.8799
v  32.1533 57.1037 17.8799
v  32.1533 57.1037 18.7595
v  32.8058 57.2654 19.0073
v  33.7546 57.5004 19.0073
v  33.3028 57.3885 19.6660
v  33.7594 57.4810 19.0073
v  32.8106 57.2459 19.0073
v  32.8106 57.2459 17.8799
v  33.7594 57.4810 17.8799
v  31.3582 58.0807 17.1829
v  31.3582 58.0807 14.6627
v  49.3886 61.3732 13.6989
v  50.7755 61.7168 13.6989
v  34.3778 57.6547 13.6989
v  40.2559 59.1109 13.6989
v  31.3582 58.0807 14.3957
v  31.2573 57.1345 13.6989
v  31.3582 58.0807 13.6989
v  31.4879 59.1907 14.3957
v  31.4879 59.1907 14.6627
v  31.7765 62.0042 14.3957
v  31.7765 62.0042 13.6989
v  56.0353 63.0198 13.6989
v  54.6324 62.6723 13.6989
v  53.4054 62.3683 13.6989
v  52.0168 62.0243 13.6989
v  44.1160 60.0671 13.6989
v  45.5157 60.4139 13.6989
v  46.7478 60.7191 13.6989
v  48.1456 61.0653 13.6989
v  32.1157 57.0944 13.6989
v  31.9135 63.2885 13.6989
v  54.2041 70.0422 22.1155
v  54.4431 70.0606 22.1155
v  54.2728 69.5787 22.1155
v  54.5111 69.5969 22.1155
v  54.5913 69.0470 22.1155
v  54.3542 69.0288 22.1155
v  54.5231 69.5124 22.1155
v  54.2852 69.4942 22.1155
v  31.2090 58.0967 17.1829
v  31.2090 58.0966 17.2932
v  31.6274 62.0201 17.2932
v  31.6274 62.0201 17.1829
v  31.7977 62.2031 17.1830
v  31.6486 62.2190 17.1830
v  31.6486 62.2189 17.2932
v  31.7978 62.2030 17.3556
v  31.3370 57.8819 17.1829
v  31.3370 57.8819 17.3556
v  31.1878 57.8978 17.2931
v  31.1878 57.8978 17.1829
v  31.4576 58.0701 17.1829
v  31.4576 58.0701 14.6627
v  31.8760 61.9936 17.1829
v  31.8760 61.9936 14.6627
v  31.5873 59.1801 14.6627
v  31.5873 59.1801 14.3957
v  31.4576 58.0701 14.3957
v  31.5763 59.1814 14.6627
v  31.5763 59.1814 14.3957
v  59.4303 67.6685 21.2494
v  59.6803 64.1492 21.8008
v  59.6803 64.1492 21.2486
v  59.5405 66.1172 21.2490
v  51.7229 61.9515 21.2486
v  51.6750 62.1447 21.2486
v  46.4331 60.8462 21.2486
v  45.8536 60.7026 21.2486
v  40.5568 59.1854 21.2486
v  59.4336 67.6456 22.1855
v  59.4533 67.3678 21.3259
v  59.4533 67.3678 22.0872
v  59.4533 67.3678 22.1855
v  59.4336 67.6456 22.0872
v  59.4533 67.3678 21.2276
v  59.4336 67.6456 21.3259
v  59.4336 67.6456 21.2276
v  59.6282 67.4572 22.1101
v  59.6282 67.4572 21.3030
v  59.6193 67.5844 21.3030
v  59.6193 67.5844 22.1101
v  59.5469 67.5826 22.2452
v  59.5208 67.5806 22.2452
v  59.5303 67.4455 22.2452
v  59.5564 67.4476 22.2452
v  59.4814 67.6493 22.0872
v  59.5762 67.6567 22.0872
v  59.5762 67.6567 21.3259
v  59.4814 67.6493 21.3259
v  59.6435 67.3826 22.1855
v  59.6239 67.6604 22.1855
v  59.6239 67.6604 21.2276
v  59.5010 67.3715 21.3259
v  59.5010 67.3715 21.3927
v  59.5010 67.3715 22.0204
v  59.5010 67.3715 22.0872
v  59.5958 67.3789 21.3259
v  59.6435 67.3826 21.2276
v  59.5958 67.3789 21.3927
v  59.5958 67.3789 22.0872
v  59.5958 67.3789 22.0204
v  59.7373 64.0252 22.0872
v  59.8321 64.0326 22.0872
v  59.8321 64.0326 21.3259
v  59.7373 64.0252 21.3259
v  59.7373 64.0252 21.3927
v  59.7215 64.2486 21.3927
v  59.7184 64.2926 21.3927
v  59.7142 64.3516 21.3927
v  59.7111 64.3956 21.3927
v  59.7070 64.4546 21.3927
v  59.7039 64.4986 21.3927
v  59.6997 64.5577 21.3927
v  59.6966 64.6017 21.3927
v  59.6924 64.6607 21.3927
v  59.6893 64.7047 21.3927
v  59.6852 64.7637 21.3927
v  59.6820 64.8077 21.3927
v  59.6779 64.8667 21.3927
v  59.6748 64.9107 21.3927
v  59.6706 64.9697 21.3927
v  59.6675 65.0137 21.3927
v  59.6633 65.0727 21.3927
v  59.6602 65.1167 21.3927
v  59.6561 65.1757 21.3927
v  59.6529 65.2197 21.3927
v  59.6488 65.2787 21.3927
v  59.6457 65.3227 21.3927
v  59.6415 65.3817 21.3927
v  59.6384 65.4257 21.3927
v  59.6342 65.4847 21.3927
v  59.6311 65.5287 21.3927
v  59.6270 65.5877 21.3927
v  59.6238 65.6317 21.3927
v  59.6197 65.6908 21.3927
v  59.6166 65.7348 21.3927
v  59.6124 65.7938 21.3927
v  59.6093 65.8378 21.3927
v  59.6051 65.8968 21.3927
v  59.6020 65.9408 21.3927
v  59.5979 65.9998 21.3927
v  59.5947 66.0438 21.3927
v  59.5906 66.1028 21.3927
v  59.5875 66.1468 21.3927
v  59.5833 66.2058 21.3927
v  59.5802 66.2498 21.3927
v  59.5760 66.3088 21.3927
v  59.5729 66.3528 21.3927
v  59.5688 66.4118 21.3927
v  59.5657 66.4558 21.3927
v  59.5615 66.5148 21.3927
v  59.5584 66.5588 21.3927
v  59.5542 66.6178 21.3927
v  59.5511 66.6618 21.3927
v  59.5469 66.7208 21.3927
v  59.5438 66.7648 21.3927
v  59.5397 66.8238 21.3927
v  59.5365 66.8679 21.3927
v  59.5324 66.9269 21.3927
v  59.5293 66.9709 21.3927
v  59.5251 67.0299 21.3927
v  59.5220 67.0739 21.3927
v  59.5178 67.1329 21.3927
v  59.5147 67.1769 21.3927
v  59.5106 67.2359 21.3927
v  59.5075 67.2799 21.3927
v  59.5075 67.2799 22.0204
v  59.5106 67.2359 22.0204
v  59.5147 67.1769 22.0204
v  59.5178 67.1329 22.0204
v  59.5220 67.0739 22.0204
v  59.5251 67.0299 22.0204
v  59.5293 66.9709 22.0204
v  59.5324 66.9269 22.0204
v  59.5365 66.8679 22.0204
v  59.5397 66.8238 22.0204
v  59.5438 66.7648 22.0204
v  59.5469 66.7208 22.0204
v  59.5511 66.6618 22.0204
v  59.5542 66.6178 22.0204
v  59.5584 66.5588 22.0204
v  59.5615 66.5148 22.0204
v  59.5657 66.4558 22.0204
v  59.5688 66.4118 22.0204
v  59.5729 66.3528 22.0204
v  59.5760 66.3088 22.0204
v  59.5802 66.2498 22.0204
v  59.5833 66.2058 22.0204
v  59.5875 66.1468 22.0204
v  59.5906 66.1028 22.0204
v  59.5947 66.0438 22.0204
v  59.5979 65.9998 22.0204
v  59.6020 65.9408 22.0204
v  59.6051 65.8968 22.0204
v  59.6093 65.8378 22.0204
v  59.6124 65.7938 22.0204
v  59.6166 65.7348 22.0204
v  59.6197 65.6908 22.0204
v  59.6238 65.6317 22.0204
v  59.6270 65.5877 22.0204
v  59.6311 65.5287 22.0204
v  59.6342 65.4847 22.0204
v  59.6384 65.4257 22.0204
v  59.6415 65.3817 22.0204
v  59.6457 65.3227 22.0204
v  59.6488 65.2787 22.0204
v  59.6529 65.2197 22.0204
v  59.6561 65.1757 22.0204
v  59.6602 65.1167 22.0204
v  59.6633 65.0727 22.0204
v  59.6675 65.0137 22.0204
v  59.6706 64.9697 22.0204
v  59.6748 64.9107 22.0204
v  59.6779 64.8667 22.0204
v  59.6820 64.8077 22.0204
v  59.6852 64.7637 22.0204
v  59.6893 64.7047 22.0204
v  59.6924 64.6607 22.0204
v  59.6966 64.6017 22.0204
v  59.6997 64.5577 22.0204
v  59.7039 64.4986 22.0204
v  59.7070 64.4546 22.0204
v  59.7111 64.3956 22.0204
v  59.7142 64.3516 22.0204
v  59.7184 64.2926 22.0204
v  59.7215 64.2486 22.0204
v  59.7373 64.0252 22.0204
v  59.8321 64.0326 22.0204
v  59.8164 64.2560 22.0204
v  59.8132 64.3000 22.0204
v  59.8091 64.3590 22.0204
v  59.8060 64.4030 22.0204
v  59.8018 64.4620 22.0204
v  59.7987 64.5060 22.0204
v  59.7945 64.5650 22.0204
v  59.7914 64.6090 22.0204
v  59.7873 64.6680 22.0204
v  59.7841 64.7121 22.0204
v  59.7800 64.7711 22.0204
v  59.7769 64.8151 22.0204
v  59.7727 64.8741 22.0204
v  59.7696 64.9181 22.0204
v  59.7654 64.9771 22.0204
v  59.7623 65.0211 22.0204
v  59.7582 65.0801 22.0204
v  59.7551 65.1241 22.0204
v  59.7509 65.1831 22.0204
v  59.7478 65.2271 22.0204
v  59.7436 65.2861 22.0204
v  59.7405 65.3301 22.0204
v  59.7363 65.3891 22.0204
v  59.7332 65.4331 22.0204
v  59.7291 65.4921 22.0204
v  59.7260 65.5361 22.0204
v  59.7218 65.5951 22.0204
v  59.7187 65.6391 22.0204
v  59.7145 65.6981 22.0204
v  59.7114 65.7421 22.0204
v  59.7072 65.8011 22.0204
v  59.7041 65.8451 22.0204
v  59.7000 65.9042 22.0204
v  59.6968 65.9482 22.0204
v  59.6927 66.0072 22.0204
v  59.6896 66.0512 22.0204
v  59.6854 66.1102 22.0204
v  59.6823 66.1542 22.0204
v  59.6781 66.2132 22.0204
v  59.6750 66.2572 22.0204
v  59.6709 66.3162 22.0204
v  59.6678 66.3602 22.0204
v  59.6636 66.4192 22.0204
v  59.6605 66.4632 22.0204
v  59.6563 66.5222 22.0204
v  59.6532 66.5662 22.0204
v  59.6490 66.6252 22.0204
v  59.6459 66.6692 22.0204
v  59.6418 66.7282 22.0204
v  59.6387 66.7722 22.0204
v  59.6345 66.8312 22.0204
v  59.6314 66.8752 22.0204
v  59.6272 66.9342 22.0204
v  59.6241 66.9782 22.0204
v  59.6199 67.0372 22.0204
v  59.6168 67.0813 22.0204
v  59.6127 67.1403 22.0204
v  59.6096 67.1843 22.0204
v  59.6054 67.2433 22.0204
v  59.6023 67.2873 22.0204
v  59.6023 67.2873 21.3927
v  59.6054 67.2433 21.3927
v  59.6096 67.1843 21.3927
v  59.6127 67.1403 21.3927
v  59.6168 67.0813 21.3927
v  59.6199 67.0372 21.3927
v  59.6241 66.9782 21.3927
v  59.6272 66.9342 21.3927
v  59.6314 66.8752 21.3927
v  59.6345 66.8312 21.3927
v  59.6387 66.7722 21.3927
v  59.6418 66.7282 21.3927
v  59.6459 66.6692 21.3927
v  59.6490 66.6252 21.3927
v  59.6532 66.5662 21.3927
v  59.6563 66.5222 21.3927
v  59.6605 66.4632 21.3927
v  59.6636 66.4192 21.3927
v  59.6678 66.3602 21.3927
v  59.6709 66.3162 21.3927
v  59.6750 66.2572 21.3927
v  59.6781 66.2132 21.3927
v  59.6823 66.1542 21.3927
v  59.6854 66.1102 21.3927
v  59.6896 66.0512 21.3927
v  59.6927 66.0072 21.3927
v  59.6968 65.9482 21.3927
v  59.7000 65.9042 21.3927
v  59.7041 65.8451 21.3927
v  59.7072 65.8011 21.3927
v  59.7114 65.7421 21.3927
v  59.7145 65.6981 21.3927
v  59.7187 65.6391 21.3927
v  59.7218 65.5951 21.3927
v  59.7260 65.5361 21.3927
v  59.7291 65.4921 21.3927
v  59.7332 65.4331 21.3927
v  59.7363 65.3891 21.3927
v  59.7405 65.3301 21.3927
v  59.7436 65.2861 21.3927
v  59.7478 65.2271 21.3927
v  59.7509 65.1831 21.3927
v  59.7551 65.1241 21.3927
v  59.7582 65.0801 21.3927
v  59.7623 65.0211 21.3927
v  59.7654 64.9771 21.3927
v  59.7696 64.9181 21.3927
v  59.7727 64.8741 21.3927
v  59.7769 64.8151 21.3927
v  59.7800 64.7711 21.3927
v  59.7841 64.7121 21.3927
v  59.7873 64.6680 21.3927
v  59.7914 64.6090 21.3927
v  59.7945 64.5650 21.3927
v  59.7987 64.5060 21.3927
v  59.8018 64.4620 21.3927
v  59.8060 64.4030 21.3927
v  59.8091 64.3590 21.3927
v  59.8132 64.3000 21.3927
v  59.8164 64.2560 21.3927
v  59.8321 64.0326 21.3927
v  59.7200 64.2706 21.9950
v  59.7200 64.2706 21.4181
v  59.7127 64.3736 21.4181
v  59.7054 64.4766 21.9950
v  59.7127 64.3736 21.9950
v  59.7054 64.4766 21.4181
v  59.6981 64.5797 21.4181
v  59.6909 64.6827 21.9950
v  59.6981 64.5797 21.9950
v  59.6909 64.6827 21.4181
v  59.6836 64.7857 21.4181
v  59.6763 64.8887 21.9950
v  59.6836 64.7857 21.9950
v  59.6763 64.8887 21.4181
v  59.6691 64.9917 21.4181
v  59.6618 65.0947 21.9950
v  59.6691 64.9917 21.9950
v  59.6618 65.0947 21.4181
v  59.6545 65.1977 21.4181
v  59.6472 65.3007 21.9950
v  59.6545 65.1977 21.9950
v  59.6472 65.3007 21.4181
v  59.6400 65.4037 21.4181
v  59.6327 65.5067 21.9950
v  59.6400 65.4037 21.9950
v  59.6327 65.5067 21.4181
v  59.6254 65.6097 21.4181
v  59.6181 65.7128 21.9950
v  59.6254 65.6097 21.9950
v  59.6181 65.7128 21.4181
v  59.5090 67.2579 21.4181
v  59.5090 67.2579 21.9950
v  59.5163 67.1549 21.9950
v  59.5236 67.0519 21.4181
v  59.5163 67.1549 21.4181
v  59.5236 67.0519 21.9950
v  59.5308 66.9489 21.9950
v  59.5381 66.8458 21.4181
v  59.5308 66.9489 21.4181
v  59.5381 66.8458 21.9950
v  59.5454 66.7428 21.9950
v  59.5527 66.6398 21.4181
v  59.5454 66.7428 21.4181
v  59.5527 66.6398 21.9950
v  59.5599 66.5368 21.9950
v  59.5672 66.4338 21.4181
v  59.5599 66.5368 21.4181
v  59.5672 66.4338 21.9950
v  59.5745 66.3308 21.9950
v  59.5818 66.2278 21.4181
v  59.5745 66.3308 21.4181
v  59.5818 66.2278 21.9950
v  59.5890 66.1248 21.9950
v  59.5963 66.0218 21.4181
v  59.5890 66.1248 21.4181
v  59.5963 66.0218 21.9950
v  59.6036 65.9188 21.9950
v  59.6108 65.8158 21.4181
v  59.6036 65.9188 21.4181
v  59.6108 65.8158 21.9950
v  59.8148 64.2780 21.4181
v  59.8148 64.2780 21.9950
v  59.8075 64.3810 21.9950
v  59.8002 64.4840 21.4181
v  59.8075 64.3810 21.4181
v  59.8002 64.4840 21.9950
v  59.7930 64.5870 21.9950
v  59.7857 64.6900 21.4181
v  59.7930 64.5870 21.4181
v  59.7857 64.6900 21.9950
v  59.7784 64.7931 21.9950
v  59.7711 64.8961 21.4181
v  59.7784 64.7931 21.4181
v  59.7711 64.8961 21.9950
v  59.7639 64.9991 21.9950
v  59.7566 65.1021 21.4181
v  59.7639 64.9991 21.4181
v  59.7566 65.1021 21.9950
v  59.7493 65.2051 21.9950
v  59.7421 65.3081 21.4181
v  59.7493 65.2051 21.4181
v  59.7421 65.3081 21.9950
v  59.7348 65.4111 21.9950
v  59.7275 65.5141 21.4181
v  59.7348 65.4111 21.4181
v  59.7275 65.5141 21.9950
v  59.7202 65.6171 21.9950
v  59.7130 65.7201 21.4181
v  59.7202 65.6171 21.4181
v  59.7130 65.7201 21.9950
v  59.6038 67.2653 21.9950
v  59.6038 67.2653 21.4181
v  59.6111 67.1623 21.4181
v  59.6184 67.0592 21.9950
v  59.6111 67.1623 21.9950
v  59.6184 67.0592 21.4181
v  59.6257 66.9562 21.4181
v  59.6329 66.8532 21.9950
v  59.6257 66.9562 21.9950
v  59.6329 66.8532 21.4181
v  59.6402 66.7502 21.4181
v  59.6475 66.6472 21.9950
v  59.6402 66.7502 21.9950
v  59.6475 66.6472 21.4181
v  59.6548 66.5442 21.4181
v  59.6620 66.4412 21.9950
v  59.6548 66.5442 21.9950
v  59.6620 66.4412 21.4181
v  59.6693 66.3382 21.4181
v  59.6766 66.2352 21.9950
v  59.6693 66.3382 21.9950
v  59.6766 66.2352 21.4181
v  59.6838 66.1322 21.4181
v  59.6911 66.0292 21.9950
v  59.6838 66.1322 21.9950
v  59.6911 66.0292 21.4181
v  59.6984 65.9262 21.4181
v  59.7057 65.8231 21.9950
v  59.6984 65.9262 21.9950
v  59.7057 65.8231 21.4181
v  59.8614 63.9779 22.1101
v  59.6966 63.9371 22.1101
v  59.6966 63.9371 21.3030
v  59.8614 63.9779 21.3030
v  59.6796 64.0344 22.2452
v  59.6859 64.0090 22.2452
v  59.8373 64.0465 22.2452
v  59.8310 64.0719 22.2452
v  59.6142 63.9557 22.0872
v  59.5913 64.0481 22.0872
v  59.5913 64.0481 21.3259
v  59.6142 63.9557 21.3259
v  59.6257 63.9092 22.1855
v  59.9371 63.9864 22.1855
v  59.8911 64.1717 22.1855
v  59.8303 64.1567 22.1855
v  59.7071 64.1262 22.1855
v  59.5798 64.0946 22.1855
v  59.5798 64.0946 21.2276
v  59.5798 64.0946 21.3259
v  59.6257 63.9092 21.2276
v  59.5798 64.0946 22.0872
v  59.8911 64.1717 21.3259
v  59.8911 64.1717 22.0872
v  59.9371 63.9864 21.2276
v  59.8911 64.1717 21.2276
v  59.8303 64.1567 21.2276
v  59.8303 64.1567 21.3259
v  59.8303 64.1567 22.0872
v  59.7071 64.1262 22.0872
v  59.7071 64.1262 21.3259
v  59.7071 64.1262 21.2276
v  55.9054 62.9979 22.1101
v  55.7406 62.9571 22.1101
v  55.7406 62.9571 21.3030
v  55.9054 62.9979 21.3030
v  55.9352 63.1918 22.1855
v  55.6238 63.1146 21.3259
v  55.6238 63.1146 22.0872
v  55.6238 63.1146 22.1855
v  55.9352 63.1918 22.0872
v  55.6238 63.1146 21.2276
v  55.9352 63.1918 21.3259
v  55.9352 63.1918 21.2276
v  55.7236 63.0545 22.2452
v  55.7299 63.0291 22.2452
v  55.8813 63.0666 22.2452
v  55.8750 63.0919 22.2452
v  55.6582 62.9757 22.0872
v  55.6353 63.0681 22.0872
v  55.6353 63.0681 21.3259
v  55.6582 62.9757 21.3259
v  55.6697 62.9292 22.1855
v  55.9811 63.0064 22.1855
v  55.6697 62.9292 21.2276
v  55.9696 63.0529 22.0872
v  55.9467 63.1453 22.0872
v  55.9696 63.0529 22.0204
v  55.9467 63.1453 21.3259
v  55.9811 63.0064 21.2276
v  55.9696 63.0529 21.3259
v  55.9696 63.0529 21.3927
v  55.9467 63.1453 22.0204
v  55.9467 63.1453 21.3927
v  59.7195 63.9818 22.0872
v  59.6967 64.0742 22.0872
v  59.6967 64.0742 21.3259
v  59.7195 63.9818 21.3259
v  59.7195 63.9818 21.3927
v  59.4691 63.9198 21.3927
v  59.4198 63.9076 21.3927
v  59.3537 63.8912 21.3927
v  59.3044 63.8790 21.3927
v  59.2383 63.8626 21.3927
v  59.1889 63.8504 21.3927
v  59.1228 63.8340 21.3927
v  59.0735 63.8218 21.3927
v  59.0074 63.8054 21.3927
v  58.9581 63.7932 21.3927
v  58.8920 63.7768 21.3927
v  58.8426 63.7646 21.3927
v  58.7765 63.7482 21.3927
v  58.7272 63.7360 21.3927
v  58.6611 63.7196 21.3927
v  58.6118 63.7074 21.3927
v  58.5457 63.6910 21.3927
v  58.4963 63.6788 21.3927
v  58.4302 63.6624 21.3927
v  58.3809 63.6502 21.3927
v  58.3148 63.6338 21.3927
v  58.2655 63.6216 21.3927
v  58.1993 63.6052 21.3927
v  58.1500 63.5930 21.3927
v  58.0839 63.5766 21.3927
v  58.0346 63.5644 21.3927
v  57.9685 63.5480 21.3927
v  57.9192 63.5358 21.3927
v  57.8530 63.5195 21.3927
v  57.8037 63.5072 21.3927
v  57.7376 63.4909 21.3927
v  57.6883 63.4786 21.3927
v  57.6222 63.4623 21.3927
v  57.5729 63.4500 21.3927
v  57.5067 63.4337 21.3927
v  57.4574 63.4215 21.3927
v  57.3913 63.4051 21.3927
v  57.3420 63.3929 21.3927
v  57.2759 63.3765 21.3927
v  57.2266 63.3643 21.3927
v  57.1604 63.3479 21.3927
v  57.1111 63.3357 21.3927
v  57.0450 63.3193 21.3927
v  56.9957 63.3071 21.3927
v  56.9296 63.2907 21.3927
v  56.8803 63.2785 21.3927
v  56.8141 63.2621 21.3927
v  56.7648 63.2499 21.3927
v  56.6987 63.2335 21.3927
v  56.6494 63.2213 21.3927
v  56.5833 63.2049 21.3927
v  56.5340 63.1927 21.3927
v  56.4678 63.1763 21.3927
v  56.4185 63.1641 21.3927
v  56.3524 63.1477 21.3927
v  56.3031 63.1355 21.3927
v  56.2370 63.1191 21.3927
v  56.1877 63.1069 21.3927
v  56.1215 63.0905 21.3927
v  56.0722 63.0783 21.3927
v  56.0722 63.0783 22.0204
v  56.1215 63.0905 22.0204
v  56.1877 63.1069 22.0204
v  56.2370 63.1191 22.0204
v  56.3031 63.1355 22.0204
v  56.3524 63.1477 22.0204
v  56.4185 63.1641 22.0204
v  56.4678 63.1763 22.0204
v  56.5340 63.1927 22.0204
v  56.5833 63.2049 22.0204
v  56.6494 63.2213 22.0204
v  56.6987 63.2335 22.0204
v  56.7648 63.2499 22.0204
v  56.8141 63.2621 22.0204
v  56.8803 63.2785 22.0204
v  56.9296 63.2907 22.0204
v  56.9957 63.3071 22.0204
v  57.0450 63.3193 22.0204
v  57.1111 63.3357 22.0204
v  57.1604 63.3479 22.0204
v  57.2266 63.3643 22.0204
v  57.2759 63.3765 22.0204
v  57.3420 63.3929 22.0204
v  57.3913 63.4051 22.0204
v  57.4574 63.4215 22.0204
v  57.5067 63.4337 22.0204
v  57.5729 63.4500 22.0204
v  57.6222 63.4623 22.0204
v  57.6883 63.4786 22.0204
v  57.7376 63.4909 22.0204
v  57.8037 63.5072 22.0204
v  57.8530 63.5195 22.0204
v  57.9192 63.5358 22.0204
v  57.9685 63.5480 22.0204
v  58.0346 63.5644 22.0204
v  58.0839 63.5766 22.0204
v  58.1500 63.5930 22.0204
v  58.1993 63.6052 22.0204
v  58.2655 63.6216 22.0204
v  58.3148 63.6338 22.0204
v  58.3809 63.6502 22.0204
v  58.4302 63.6624 22.0204
v  58.4963 63.6788 22.0204
v  58.5457 63.6910 22.0204
v  58.6118 63.7074 22.0204
v  58.6611 63.7196 22.0204
v  58.7272 63.7360 22.0204
v  58.7765 63.7482 22.0204
v  58.8426 63.7646 22.0204
v  58.8920 63.7768 22.0204
v  58.9581 63.7932 22.0204
v  59.0074 63.8054 22.0204
v  59.0735 63.8218 22.0204
v  59.1228 63.8340 22.0204
v  59.1889 63.8504 22.0204
v  59.2383 63.8626 22.0204
v  59.3044 63.8790 22.0204
v  59.3537 63.8912 22.0204
v  59.4198 63.9076 22.0204
v  59.4691 63.9198 22.0204
v  59.7195 63.9818 22.0204
v  59.6967 64.0742 22.0204
v  59.4462 64.0122 22.0204
v  59.3969 64.0000 22.0204
v  59.3308 63.9836 22.0204
v  59.2815 63.9714 22.0204
v  59.2154 63.9550 22.0204
v  59.1661 63.9428 22.0204
v  59.0999 63.9264 22.0204
v  59.0506 63.9142 22.0204
v  58.9845 63.8978 22.0204
v  58.9352 63.8856 22.0204
v  58.8691 63.8692 22.0204
v  58.8198 63.8570 22.0204
v  58.7536 63.8406 22.0204
v  58.7043 63.8284 22.0204
v  58.6382 63.8120 22.0204
v  58.5889 63.7998 22.0204
v  58.5228 63.7834 22.0204
v  58.4735 63.7712 22.0204
v  58.4073 63.7548 22.0204
v  58.3580 63.7426 22.0204
v  58.2919 63.7262 22.0204
v  58.2426 63.7140 22.0204
v  58.1765 63.6976 22.0204
v  58.1272 63.6854 22.0204
v  58.0610 63.6690 22.0204
v  58.0117 63.6568 22.0204
v  57.9456 63.6404 22.0204
v  57.8963 63.6282 22.0204
v  57.8302 63.6118 22.0204
v  57.7808 63.5996 22.0204
v  57.7147 63.5832 22.0204
v  57.6654 63.5710 22.0204
v  57.5993 63.5546 22.0204
v  57.5500 63.5424 22.0204
v  57.4839 63.5261 22.0204
v  57.4345 63.5138 22.0204
v  57.3684 63.4975 22.0204
v  57.3191 63.4852 22.0204
v  57.2530 63.4689 22.0204
v  57.2037 63.4566 22.0204
v  57.1376 63.4403 22.0204
v  57.0882 63.4280 22.0204
v  57.0221 63.4117 22.0204
v  56.9728 63.3995 22.0204
v  56.9067 63.3831 22.0204
v  56.8574 63.3709 22.0204
v  56.7913 63.3545 22.0204
v  56.7419 63.3423 22.0204
v  56.6758 63.3259 22.0204
v  56.6265 63.3137 22.0204
v  56.5604 63.2973 22.0204
v  56.5111 63.2851 22.0204
v  56.4449 63.2687 22.0204
v  56.3956 63.2565 22.0204
v  56.3295 63.2401 22.0204
v  56.2802 63.2279 22.0204
v  56.2141 63.2115 22.0204
v  56.1648 63.1993 22.0204
v  56.0986 63.1829 22.0204
v  56.0493 63.1707 22.0204
v  56.0493 63.1707 21.3927
v  56.0986 63.1829 21.3927
v  56.1648 63.1993 21.3927
v  56.2141 63.2115 21.3927
v  56.2802 63.2279 21.3927
v  56.3295 63.2401 21.3927
v  56.3956 63.2565 21.3927
v  56.4449 63.2687 21.3927
v  56.5111 63.2851 21.3927
v  56.5604 63.2973 21.3927
v  56.6265 63.3137 21.3927
v  56.6758 63.3259 21.3927
v  56.7419 63.3423 21.3927
v  56.7913 63.3545 21.3927
v  56.8574 63.3709 21.3927
v  56.9067 63.3831 21.3927
v  56.9728 63.3995 21.3927
v  57.0221 63.4117 21.3927
v  57.0882 63.4280 21.3927
v  57.1376 63.4403 21.3927
v  57.2037 63.4566 21.3927
v  57.2530 63.4689 21.3927
v  57.3191 63.4852 21.3927
v  57.3684 63.4975 21.3927
v  57.4345 63.5138 21.3927
v  57.4839 63.5261 21.3927
v  57.5500 63.5424 21.3927
v  57.5993 63.5546 21.3927
v  57.6654 63.5710 21.3927
v  57.7147 63.5832 21.3927
v  57.7808 63.5996 21.3927
v  57.8302 63.6118 21.3927
v  57.8963 63.6282 21.3927
v  57.9456 63.6404 21.3927
v  58.0117 63.6568 21.3927
v  58.0610 63.6690 21.3927
v  58.1272 63.6854 21.3927
v  58.1765 63.6976 21.3927
v  58.2426 63.7140 21.3927
v  58.2919 63.7262 21.3927
v  58.3580 63.7426 21.3927
v  58.4073 63.7548 21.3927
v  58.4735 63.7712 21.3927
v  58.5228 63.7834 21.3927
v  58.5889 63.7998 21.3927
v  58.6382 63.8120 21.3927
v  58.7043 63.8284 21.3927
v  58.7536 63.8406 21.3927
v  58.8198 63.8570 21.3927
v  58.8691 63.8692 21.3927
v  58.9352 63.8856 21.3927
v  58.9845 63.8978 21.3927
v  59.0506 63.9142 21.3927
v  59.0999 63.9264 21.3927
v  59.1661 63.9428 21.3927
v  59.2154 63.9550 21.3927
v  59.2815 63.9714 21.3927
v  59.3308 63.9836 21.3927
v  59.3969 64.0000 21.3927
v  59.4462 64.0122 21.3927
v  59.6967 64.0742 21.3927
v  59.4445 63.9137 21.9950
v  59.4445 63.9137 21.4181
v  59.3290 63.8851 21.4181
v  59.2136 63.8565 21.9950
v  59.3290 63.8851 21.9950
v  59.2136 63.8565 21.4181
v  59.0982 63.8279 21.4181
v  58.9827 63.7993 21.9950
v  59.0982 63.8279 21.9950
v  58.9827 63.7993 21.4181
v  58.8673 63.7707 21.4181
v  58.7519 63.7421 21.9950
v  58.8673 63.7707 21.9950
v  58.7519 63.7421 21.4181
v  58.6364 63.7135 21.4181
v  58.5210 63.6849 21.9950
v  58.6364 63.7135 21.9950
v  58.5210 63.6849 21.4181
v  58.4056 63.6563 21.4181
v  58.2901 63.6277 21.9950
v  58.4056 63.6563 21.9950
v  58.2901 63.6277 21.4181
v  58.1747 63.5991 21.4181
v  58.0593 63.5705 21.9950
v  58.1747 63.5991 21.9950
v  58.0593 63.5705 21.4181
v  57.9438 63.5419 21.4181
v  57.8284 63.5133 21.9950
v  57.9438 63.5419 21.9950
v  57.8284 63.5133 21.4181
v  56.0969 63.0844 21.4181
v  56.0969 63.0844 21.9950
v  56.2123 63.1130 21.9950
v  56.3277 63.1416 21.4181
v  56.2123 63.1130 21.4181
v  56.3277 63.1416 21.9950
v  56.4432 63.1702 21.9950
v  56.5586 63.1988 21.4181
v  56.4432 63.1702 21.4181
v  56.5586 63.1988 21.9950
v  56.6740 63.2274 21.9950
v  56.7895 63.2560 21.4181
v  56.6740 63.2274 21.4181
v  56.7895 63.2560 21.9950
v  56.9049 63.2846 21.9950
v  57.0203 63.3132 21.4181
v  56.9049 63.2846 21.4181
v  57.0203 63.3132 21.9950
v  57.1358 63.3418 21.9950
v  57.2512 63.3704 21.4181
v  57.1358 63.3418 21.4181
v  57.2512 63.3704 21.9950
v  57.3667 63.3990 21.9950
v  57.4821 63.4276 21.4181
v  57.3667 63.3990 21.4181
v  57.4821 63.4276 21.9950
v  57.5975 63.4562 21.9950
v  57.7130 63.4848 21.4181
v  57.5975 63.4562 21.4181
v  57.7130 63.4848 21.9950
v  59.4216 64.0061 21.4181
v  59.4216 64.0061 21.9950
v  59.3062 63.9775 21.9950
v  59.1907 63.9489 21.4181
v  59.3062 63.9775 21.4181
v  59.1907 63.9489 21.9950
v  59.0753 63.9203 21.9950
v  58.9599 63.8917 21.4181
v  59.0753 63.9203 21.4181
v  58.9599 63.8917 21.9950
v  58.8444 63.8631 21.9950
v  58.7290 63.8345 21.4181
v  58.8444 63.8631 21.4181
v  58.7290 63.8345 21.9950
v  58.6136 63.8059 21.9950
v  58.4981 63.7773 21.4181
v  58.6136 63.8059 21.4181
v  58.4981 63.7773 21.9950
v  58.3827 63.7487 21.9950
v  58.2672 63.7201 21.4181
v  58.3827 63.7487 21.4181
v  58.2672 63.7201 21.9950
v  58.1518 63.6915 21.9950
v  58.0364 63.6629 21.4181
v  58.1518 63.6915 21.4181
v  58.0364 63.6629 21.9950
v  57.9209 63.6343 21.9950
v  57.8055 63.6057 21.4181
v  57.9209 63.6343 21.4181
v  57.8055 63.6057 21.9950
v  56.0740 63.1768 21.9950
v  56.0740 63.1768 21.4181
v  56.1894 63.2054 21.4181
v  56.3049 63.2340 21.9950
v  56.1894 63.2054 21.9950
v  56.3049 63.2340 21.4181
v  56.4203 63.2626 21.4181
v  56.5357 63.2912 21.9950
v  56.4203 63.2626 21.9950
v  56.5357 63.2912 21.4181
v  56.6512 63.3198 21.4181
v  56.7666 63.3484 21.9950
v  56.6512 63.3198 21.9950
v  56.7666 63.3484 21.4181
v  56.8820 63.3770 21.4181
v  56.9975 63.4056 21.9950
v  56.8820 63.3770 21.9950
v  56.9975 63.4056 21.4181
v  57.1129 63.4342 21.4181
v  57.2283 63.4627 21.9950
v  57.1129 63.4342 21.9950
v  57.2283 63.4627 21.4181
v  57.3438 63.4913 21.4181
v  57.4592 63.5199 21.9950
v  57.3438 63.4913 21.9950
v  57.4592 63.5199 21.4181
v  57.5746 63.5485 21.4181
v  57.6901 63.5771 21.9950
v  57.5746 63.5485 21.9950
v  57.6901 63.5771 21.4181
v  52.1194 62.0601 22.1101
v  51.9546 62.0192 22.1101
v  51.9546 62.0192 21.3030
v  52.1194 62.0601 21.3030
v  52.1492 62.2539 22.1855
v  51.8378 62.1768 21.3259
v  51.8378 62.1768 22.0872
v  51.8378 62.1768 22.1855
v  52.1492 62.2539 22.0872
v  51.8378 62.1768 21.2276
v  52.1492 62.2539 21.3259
v  52.1492 62.2539 21.2276
v  51.9376 62.1166 22.2452
v  51.9439 62.0912 22.2452
v  52.0953 62.1287 22.2452
v  52.0890 62.1541 22.2452
v  51.8722 62.0379 22.0872
v  51.8493 62.1303 22.0872
v  51.8493 62.1303 21.3259
v  51.8722 62.0379 21.3259
v  51.8837 61.9914 22.1855
v  52.1951 62.0685 22.1855
v  51.8837 61.9914 21.2276
v  52.1836 62.1150 22.0872
v  52.1607 62.2074 22.0872
v  52.1836 62.1150 22.0204
v  52.1607 62.2074 21.3259
v  52.1951 62.0685 21.2276
v  52.1836 62.1150 21.3259
v  52.1836 62.1150 21.3927
v  52.1607 62.2074 22.0204
v  52.1607 62.2074 21.3927
v  55.9336 63.0440 22.0872
v  55.9107 63.1363 22.0872
v  55.9107 63.1363 21.3259
v  55.9336 63.0440 21.3259
v  55.9336 63.0440 21.3927
v  55.6831 62.9819 21.3927
v  55.6338 62.9697 21.3927
v  55.5677 62.9533 21.3927
v  55.5184 62.9411 21.3927
v  55.4523 62.9247 21.3927
v  55.4030 62.9125 21.3927
v  55.3368 62.8961 21.3927
v  55.2875 62.8839 21.3927
v  55.2214 62.8675 21.3927
v  55.1721 62.8553 21.3927
v  55.1060 62.8389 21.3927
v  55.0567 62.8267 21.3927
v  54.9905 62.8103 21.3927
v  54.9412 62.7981 21.3927
v  54.8751 62.7817 21.3927
v  54.8258 62.7695 21.3927
v  54.7597 62.7531 21.3927
v  54.7104 62.7409 21.3927
v  54.6442 62.7246 21.3927
v  54.5949 62.7123 21.3927
v  54.5288 62.6960 21.3927
v  54.4795 62.6837 21.3927
v  54.4134 62.6674 21.3927
v  54.3640 62.6552 21.3927
v  54.2979 62.6388 21.3927
v  54.2486 62.6266 21.3927
v  54.1825 62.6102 21.3927
v  54.1332 62.5980 21.3927
v  54.0671 62.5816 21.3927
v  54.0177 62.5694 21.3927
v  53.9516 62.5530 21.3927
v  53.9023 62.5408 21.3927
v  53.8362 62.5244 21.3927
v  53.7869 62.5122 21.3927
v  53.7208 62.4958 21.3927
v  53.6714 62.4836 21.3927
v  53.6053 62.4672 21.3927
v  53.5560 62.4550 21.3927
v  53.4899 62.4386 21.3927
v  53.4406 62.4264 21.3927
v  53.3744 62.4100 21.3927
v  53.3251 62.3978 21.3927
v  53.2590 62.3814 21.3927
v  53.2097 62.3692 21.3927
v  53.1436 62.3528 21.3927
v  53.0943 62.3406 21.3927
v  53.0281 62.3242 21.3927
v  52.9788 62.3120 21.3927
v  52.9127 62.2956 21.3927
v  52.8634 62.2834 21.3927
v  52.7973 62.2670 21.3927
v  52.7480 62.2548 21.3927
v  52.6818 62.2384 21.3927
v  52.6325 62.2262 21.3927
v  52.5664 62.2098 21.3927
v  52.5171 62.1976 21.3927
v  52.4510 62.1812 21.3927
v  52.4017 62.1690 21.3927
v  52.3355 62.1526 21.3927
v  52.2862 62.1404 21.3927
v  52.2862 62.1404 22.0204
v  52.3355 62.1526 22.0204
v  52.4017 62.1690 22.0204
v  52.4510 62.1812 22.0204
v  52.5171 62.1976 22.0204
v  52.5664 62.2098 22.0204
v  52.6325 62.2262 22.0204
v  52.6818 62.2384 22.0204
v  52.7480 62.2548 22.0204
v  52.7973 62.2670 22.0204
v  52.8634 62.2834 22.0204
v  52.9127 62.2956 22.0204
v  52.9788 62.3120 22.0204
v  53.0281 62.3242 22.0204
v  53.0943 62.3406 22.0204
v  53.1436 62.3528 22.0204
v  53.2097 62.3692 22.0204
v  53.2590 62.3814 22.0204
v  53.3251 62.3978 22.0204
v  53.3745 62.4100 22.0204
v  53.4406 62.4264 22.0204
v  53.4899 62.4386 22.0204
v  53.5560 62.4550 22.0204
v  53.6053 62.4672 22.0204
v  53.6714 62.4836 22.0204
v  53.7208 62.4958 22.0204
v  53.7869 62.5122 22.0204
v  53.8362 62.5244 22.0204
v  53.9023 62.5408 22.0204
v  53.9516 62.5530 22.0204
v  54.0177 62.5694 22.0204
v  54.0671 62.5816 22.0204
v  54.1332 62.5980 22.0204
v  54.1825 62.6102 22.0204
v  54.2486 62.6266 22.0204
v  54.2979 62.6388 22.0204
v  54.3640 62.6552 22.0204
v  54.4134 62.6674 22.0204
v  54.4795 62.6837 22.0204
v  54.5288 62.6960 22.0204
v  54.5949 62.7123 22.0204
v  54.6442 62.7246 22.0204
v  54.7104 62.7409 22.0204
v  54.7597 62.7531 22.0204
v  54.8258 62.7695 22.0204
v  54.8751 62.7817 22.0204
v  54.9412 62.7981 22.0204
v  54.9905 62.8103 22.0204
v  55.0567 62.8267 22.0204
v  55.1060 62.8389 22.0204
v  55.1721 62.8553 22.0204
v  55.2214 62.8675 22.0204
v  55.2875 62.8839 22.0204
v  55.3368 62.8961 22.0204
v  55.4030 62.9125 22.0204
v  55.4523 62.9247 22.0204
v  55.5184 62.9411 22.0204
v  55.5677 62.9533 22.0204
v  55.6338 62.9697 22.0204
v  55.6831 62.9819 22.0204
v  55.9336 63.0440 22.0204
v  55.9107 63.1363 22.0204
v  55.6603 63.0743 22.0204
v  55.6109 63.0621 22.0204
v  55.5448 63.0457 22.0204
v  55.4955 63.0335 22.0204
v  55.4294 63.0171 22.0204
v  55.3801 63.0049 22.0204
v  55.3140 62.9885 22.0204
v  55.2646 62.9763 22.0204
v  55.1985 62.9599 22.0204
v  55.1492 62.9477 22.0204
v  55.0831 62.9313 22.0204
v  55.0338 62.9191 22.0204
v  54.9676 62.9027 22.0204
v  54.9183 62.8905 22.0204
v  54.8522 62.8741 22.0204
v  54.8029 62.8619 22.0204
v  54.7368 62.8455 22.0204
v  54.6875 62.8333 22.0204
v  54.6213 62.8169 22.0204
v  54.5720 62.8047 22.0204
v  54.5059 62.7883 22.0204
v  54.4566 62.7761 22.0204
v  54.3905 62.7597 22.0204
v  54.3412 62.7475 22.0204
v  54.2750 62.7312 22.0204
v  54.2257 62.7189 22.0204
v  54.1596 62.7026 22.0204
v  54.1103 62.6903 22.0204
v  54.0442 62.6740 22.0204
v  53.9949 62.6617 22.0204
v  53.9287 62.6454 22.0204
v  53.8794 62.6332 22.0204
v  53.8133 62.6168 22.0204
v  53.7640 62.6045 22.0204
v  53.6979 62.5882 22.0204
v  53.6486 62.5760 22.0204
v  53.5824 62.5596 22.0204
v  53.5331 62.5474 22.0204
v  53.4670 62.5310 22.0204
v  53.4177 62.5188 22.0204
v  53.3516 62.5024 22.0204
v  53.3022 62.4902 22.0204
v  53.2361 62.4738 22.0204
v  53.1868 62.4616 22.0204
v  53.1207 62.4452 22.0204
v  53.0714 62.4330 22.0204
v  53.0053 62.4166 22.0204
v  52.9559 62.4044 22.0204
v  52.8898 62.3880 22.0204
v  52.8405 62.3758 22.0204
v  52.7744 62.3594 22.0204
v  52.7251 62.3472 22.0204
v  52.6590 62.3308 22.0204
v  52.6096 62.3186 22.0204
v  52.5435 62.3022 22.0204
v  52.4942 62.2900 22.0204
v  52.4281 62.2736 22.0204
v  52.3788 62.2614 22.0204
v  52.3127 62.2450 22.0204
v  52.2633 62.2328 22.0204
v  52.2633 62.2328 21.3927
v  52.3127 62.2450 21.3927
v  52.3788 62.2614 21.3927
v  52.4281 62.2736 21.3927
v  52.4942 62.2900 21.3927
v  52.5435 62.3022 21.3927
v  52.6096 62.3186 21.3927
v  52.6590 62.3308 21.3927
v  52.7251 62.3472 21.3927
v  52.7744 62.3594 21.3927
v  52.8405 62.3758 21.3927
v  52.8898 62.3880 21.3927
v  52.9559 62.4044 21.3927
v  53.0053 62.4166 21.3927
v  53.0714 62.4330 21.3927
v  53.1207 62.4452 21.3927
v  53.1868 62.4616 21.3927
v  53.2361 62.4738 21.3927
v  53.3022 62.4902 21.3927
v  53.3516 62.5024 21.3927
v  53.4177 62.5188 21.3927
v  53.4670 62.5310 21.3927
v  53.5331 62.5474 21.3927
v  53.5824 62.5596 21.3927
v  53.6486 62.5760 21.3927
v  53.6979 62.5882 21.3927
v  53.7640 62.6045 21.3927
v  53.8133 62.6168 21.3927
v  53.8794 62.6332 21.3927
v  53.9287 62.6454 21.3927
v  53.9949 62.6617 21.3927
v  54.0442 62.6740 21.3927
v  54.1103 62.6903 21.3927
v  54.1596 62.7026 21.3927
v  54.2257 62.7189 21.3927
v  54.2750 62.7312 21.3927
v  54.3412 62.7475 21.3927
v  54.3905 62.7597 21.3927
v  54.4566 62.7761 21.3927
v  54.5059 62.7883 21.3927
v  54.5720 62.8047 21.3927
v  54.6213 62.8169 21.3927
v  54.6875 62.8333 21.3927
v  54.7368 62.8455 21.3927
v  54.8029 62.8619 21.3927
v  54.8522 62.8741 21.3927
v  54.9183 62.8905 21.3927
v  54.9676 62.9027 21.3927
v  55.0338 62.9191 21.3927
v  55.0831 62.9313 21.3927
v  55.1492 62.9477 21.3927
v  55.1985 62.9599 21.3927
v  55.2646 62.9763 21.3927
v  55.3140 62.9885 21.3927
v  55.3801 63.0049 21.3927
v  55.4294 63.0171 21.3927
v  55.4955 63.0335 21.3927
v  55.5448 63.0457 21.3927
v  55.6109 63.0621 21.3927
v  55.6603 63.0743 21.3927
v  55.9107 63.1363 21.3927
v  55.6527 62.9744 21.9950
v  55.6527 62.9744 21.4181
v  55.5431 62.9472 21.4181
v  55.4276 62.9186 21.9950
v  55.5431 62.9472 21.9950
v  55.4276 62.9186 21.4181
v  55.3122 62.8900 21.4181
v  55.1967 62.8614 21.9950
v  55.3122 62.8900 21.9950
v  55.1967 62.8614 21.4181
v  55.0813 62.8328 21.4181
v  54.9659 62.8042 21.9950
v  55.0813 62.8328 21.9950
v  54.9659 62.8042 21.4181
v  54.8504 62.7756 21.4181
v  54.7350 62.7470 21.9950
v  54.8504 62.7756 21.9950
v  54.7350 62.7470 21.4181
v  54.6196 62.7184 21.4181
v  54.5041 62.6899 21.9950
v  54.6196 62.7184 21.9950
v  54.5041 62.6899 21.4181
v  54.3887 62.6613 21.4181
v  54.2733 62.6327 21.9950
v  54.3887 62.6613 21.9950
v  54.2733 62.6327 21.4181
v  54.1578 62.6041 21.4181
v  54.0424 62.5755 21.9950
v  54.1578 62.6041 21.9950
v  54.0424 62.5755 21.4181
v  52.3109 62.1465 21.4181
v  52.3109 62.1465 21.9950
v  52.4263 62.1751 21.9950
v  52.5417 62.2037 21.4181
v  52.4263 62.1751 21.4181
v  52.5417 62.2037 21.9950
v  52.6572 62.2323 21.9950
v  52.7726 62.2609 21.4181
v  52.6572 62.2323 21.4181
v  52.7726 62.2609 21.9950
v  52.8881 62.2895 21.9950
v  53.0035 62.3181 21.4181
v  52.8881 62.2895 21.4181
v  53.0035 62.3181 21.9950
v  53.1189 62.3467 21.9950
v  53.2344 62.3753 21.4181
v  53.1189 62.3467 21.4181
v  53.2344 62.3753 21.9950
v  53.3498 62.4039 21.9950
v  53.4652 62.4325 21.4181
v  53.3498 62.4039 21.4181
v  53.4652 62.4325 21.9950
v  53.5807 62.4611 21.9950
v  53.6961 62.4897 21.4181
v  53.5807 62.4611 21.4181
v  53.6961 62.4897 21.9950
v  53.8115 62.5183 21.9950
v  53.9270 62.5469 21.4181
v  53.8115 62.5183 21.4181
v  53.9270 62.5469 21.9950
v  55.6299 63.0668 21.4181
v  55.6299 63.0668 21.9950
v  55.5202 63.0396 21.9950
v  55.4047 63.0110 21.4181
v  55.5202 63.0396 21.4181
v  55.4047 63.0110 21.9950
v  55.2893 62.9824 21.9950
v  55.1739 62.9538 21.4181
v  55.2893 62.9824 21.4181
v  55.1739 62.9538 21.9950
v  55.0584 62.9252 21.9950
v  54.9430 62.8966 21.4181
v  55.0584 62.9252 21.4181
v  54.9430 62.8966 21.9950
v  54.8276 62.8680 21.9950
v  54.7121 62.8394 21.4181
v  54.8276 62.8680 21.4181
v  54.7121 62.8394 21.9950
v  54.5967 62.8108 21.9950
v  54.4813 62.7822 21.4181
v  54.5967 62.8108 21.4181
v  54.4813 62.7822 21.9950
v  54.3658 62.7536 21.9950
v  54.2504 62.7250 21.4181
v  54.3658 62.7536 21.4181
v  54.2504 62.7250 21.9950
v  54.1350 62.6964 21.9950
v  54.0195 62.6679 21.4181
v  54.1350 62.6964 21.4181
v  54.0195 62.6679 21.9950
v  52.2880 62.2389 21.9950
v  52.2880 62.2389 21.4181
v  52.4034 62.2675 21.4181
v  52.5189 62.2961 21.9950
v  52.4034 62.2675 21.9950
v  52.5189 62.2961 21.4181
v  52.6343 62.3247 21.4181
v  52.7497 62.3533 21.9950
v  52.6343 62.3247 21.9950
v  52.7497 62.3533 21.4181
v  52.8652 62.3819 21.4181
v  52.9806 62.4105 21.9950
v  52.8652 62.3819 21.9950
v  52.9806 62.4105 21.4181
v  53.0960 62.4391 21.4181
v  53.2115 62.4677 21.9950
v  53.0960 62.4391 21.9950
v  53.2115 62.4677 21.4181
v  53.3269 62.4963 21.4181
v  53.4423 62.5249 21.9950
v  53.3269 62.4963 21.9950
v  53.4423 62.5249 21.4181
v  53.5578 62.5535 21.4181
v  53.6732 62.5821 21.9950
v  53.5578 62.5535 21.9950
v  53.6732 62.5821 21.4181
v  53.7886 62.6107 21.4181
v  53.9041 62.6393 21.9950
v  53.7886 62.6107 21.9950
v  53.9041 62.6393 21.4181
v  48.2566 61.1031 22.1101
v  48.0918 61.0623 22.1101
v  48.0918 61.0623 21.3030
v  48.2566 61.1031 21.3030
v  48.2864 61.2970 22.1855
v  47.9750 61.2198 21.3259
v  47.9750 61.2198 22.0872
v  47.9750 61.2198 22.1855
v  48.2864 61.2970 22.0872
v  47.9750 61.2198 21.2276
v  48.2864 61.2970 21.3259
v  48.2864 61.2970 21.2276
v  48.0748 61.1597 22.2452
v  48.0811 61.1343 22.2452
v  48.2325 61.1718 22.2452
v  48.2262 61.1972 22.2452
v  48.0094 61.0810 22.0872
v  47.9865 61.1734 22.0872
v  47.9865 61.1734 21.3259
v  48.0094 61.0810 21.3259
v  48.0209 61.0345 22.1855
v  48.3323 61.1116 22.1855
v  48.0209 61.0345 21.2276
v  48.3208 61.1581 22.0872
v  48.2979 61.2505 22.0872
v  48.3208 61.1581 22.0204
v  48.2979 61.2505 21.3259
v  48.3323 61.1116 21.2276
v  48.3208 61.1581 21.3259
v  48.3208 61.1581 21.3927
v  48.2979 61.2505 22.0204
v  48.2979 61.2505 21.3927
v  52.0708 62.0871 22.0872
v  52.0479 62.1794 22.0872
v  52.0479 62.1794 21.3259
v  52.0708 62.0871 21.3259
v  52.0708 62.0871 21.3927
v  51.8203 62.0250 21.3927
v  51.7710 62.0128 21.3927
v  51.7049 61.9964 21.3927
v  51.6556 61.9842 21.3927
v  51.5895 61.9678 21.3927
v  51.5402 61.9556 21.3927
v  51.4740 61.9392 21.3927
v  51.4247 61.9270 21.3927
v  51.3586 61.9106 21.3927
v  51.3093 61.8984 21.3927
v  51.2432 61.8820 21.3927
v  51.1939 61.8698 21.3927
v  51.1277 61.8534 21.3927
v  51.0784 61.8412 21.3927
v  51.0123 61.8248 21.3927
v  50.9630 61.8126 21.3927
v  50.8969 61.7962 21.3927
v  50.8475 61.7840 21.3927
v  50.7814 61.7677 21.3927
v  50.7321 61.7554 21.3927
v  50.6660 61.7391 21.3927
v  50.6167 61.7268 21.3927
v  50.5506 61.7105 21.3927
v  50.5013 61.6982 21.3927
v  50.4351 61.6819 21.3927
v  50.3858 61.6697 21.3927
v  50.3197 61.6533 21.3927
v  50.2704 61.6411 21.3927
v  50.2043 61.6247 21.3927
v  50.1550 61.6125 21.3927
v  50.0888 61.5961 21.3927
v  50.0395 61.5839 21.3927
v  49.9734 61.5675 21.3927
v  49.9241 61.5553 21.3927
v  49.8580 61.5389 21.3927
v  49.8086 61.5267 21.3927
v  49.7425 61.5103 21.3927
v  49.6932 61.4981 21.3927
v  49.6271 61.4817 21.3927
v  49.5778 61.4695 21.3927
v  49.5116 61.4531 21.3927
v  49.4623 61.4409 21.3927
v  49.3962 61.4245 21.3927
v  49.3469 61.4123 21.3927
v  49.2808 61.3959 21.3927
v  49.2315 61.3837 21.3927
v  49.1653 61.3673 21.3927
v  49.1160 61.3551 21.3927
v  49.0499 61.3387 21.3927
v  49.0006 61.3265 21.3927
v  48.9345 61.3101 21.3927
v  48.8852 61.2979 21.3927
v  48.8190 61.2815 21.3927
v  48.7697 61.2693 21.3927
v  48.7036 61.2529 21.3927
v  48.6543 61.2407 21.3927
v  48.5882 61.2243 21.3927
v  48.5389 61.2121 21.3927
v  48.4727 61.1957 21.3927
v  48.4234 61.1835 21.3927
v  48.4234 61.1835 22.0204
v  48.4727 61.1957 22.0204
v  48.5389 61.2121 22.0204
v  48.5882 61.2243 22.0204
v  48.6543 61.2407 22.0204
v  48.7036 61.2529 22.0204
v  48.7697 61.2693 22.0204
v  48.8190 61.2815 22.0204
v  48.8852 61.2979 22.0204
v  48.9345 61.3101 22.0204
v  49.0006 61.3265 22.0204
v  49.0499 61.3387 22.0204
v  49.1160 61.3551 22.0204
v  49.1653 61.3673 22.0204
v  49.2315 61.3837 22.0204
v  49.2808 61.3959 22.0204
v  49.3469 61.4123 22.0204
v  49.3962 61.4245 22.0204
v  49.4623 61.4409 22.0204
v  49.5117 61.4531 22.0204
v  49.5778 61.4695 22.0204
v  49.6271 61.4817 22.0204
v  49.6932 61.4981 22.0204
v  49.7425 61.5103 22.0204
v  49.8086 61.5267 22.0204
v  49.8580 61.5389 22.0204
v  49.9241 61.5553 22.0204
v  49.9734 61.5675 22.0204
v  50.0395 61.5839 22.0204
v  50.0888 61.5961 22.0204
v  50.1550 61.6125 22.0204
v  50.2043 61.6247 22.0204
v  50.2704 61.6411 22.0204
v  50.3197 61.6533 22.0204
v  50.3858 61.6697 22.0204
v  50.4351 61.6819 22.0204
v  50.5013 61.6982 22.0204
v  50.5506 61.7105 22.0204
v  50.6167 61.7268 22.0204
v  50.6660 61.7391 22.0204
v  50.7321 61.7554 22.0204
v  50.7814 61.7677 22.0204
v  50.8476 61.7840 22.0204
v  50.8969 61.7962 22.0204
v  50.9630 61.8126 22.0204
v  51.0123 61.8248 22.0204
v  51.0784 61.8412 22.0204
v  51.1277 61.8534 22.0204
v  51.1939 61.8698 22.0204
v  51.2432 61.8820 22.0204
v  51.3093 61.8984 22.0204
v  51.3586 61.9106 22.0204
v  51.4247 61.9270 22.0204
v  51.4740 61.9392 22.0204
v  51.5402 61.9556 22.0204
v  51.5895 61.9678 22.0204
v  51.6556 61.9842 22.0204
v  51.7049 61.9964 22.0204
v  51.7710 62.0128 22.0204
v  51.8203 62.0250 22.0204
v  52.0708 62.0871 22.0204
v  52.0479 62.1794 22.0204
v  51.7975 62.1174 22.0204
v  51.7481 62.1052 22.0204
v  51.6820 62.0888 22.0204
v  51.6327 62.0766 22.0204
v  51.5666 62.0602 22.0204
v  51.5173 62.0480 22.0204
v  51.4512 62.0316 22.0204
v  51.4018 62.0194 22.0204
v  51.3357 62.0030 22.0204
v  51.2864 61.9908 22.0204
v  51.2203 61.9744 22.0204
v  51.1710 61.9622 22.0204
v  51.1049 61.9458 22.0204
v  51.0555 61.9336 22.0204
v  50.9894 61.9172 22.0204
v  50.9401 61.9050 22.0204
v  50.8740 61.8886 22.0204
v  50.8247 61.8764 22.0204
v  50.7586 61.8600 22.0204
v  50.7092 61.8478 22.0204
v  50.6431 61.8314 22.0204
v  50.5938 61.8192 22.0204
v  50.5277 61.8028 22.0204
v  50.4784 61.7906 22.0204
v  50.4122 61.7743 22.0204
v  50.3629 61.7620 22.0204
v  50.2968 61.7457 22.0204
v  50.2475 61.7334 22.0204
v  50.1814 61.7171 22.0204
v  50.1321 61.7048 22.0204
v  50.0659 61.6885 22.0204
v  50.0166 61.6762 22.0204
v  49.9505 61.6599 22.0204
v  49.9012 61.6476 22.0204
v  49.8351 61.6313 22.0204
v  49.7858 61.6191 22.0204
v  49.7196 61.6027 22.0204
v  49.6703 61.5905 22.0204
v  49.6042 61.5741 22.0204
v  49.5549 61.5619 22.0204
v  49.4888 61.5455 22.0204
v  49.4395 61.5333 22.0204
v  49.3733 61.5169 22.0204
v  49.3240 61.5047 22.0204
v  49.2579 61.4883 22.0204
v  49.2086 61.4761 22.0204
v  49.1425 61.4597 22.0204
v  49.0932 61.4475 22.0204
v  49.0270 61.4311 22.0204
v  48.9777 61.4189 22.0204
v  48.9116 61.4025 22.0204
v  48.8623 61.3903 22.0204
v  48.7962 61.3739 22.0204
v  48.7469 61.3617 22.0204
v  48.6807 61.3453 22.0204
v  48.6314 61.3331 22.0204
v  48.5653 61.3167 22.0204
v  48.5160 61.3045 22.0204
v  48.4499 61.2881 22.0204
v  48.4005 61.2759 22.0204
v  48.4005 61.2759 21.3927
v  48.4499 61.2881 21.3927
v  48.5160 61.3045 21.3927
v  48.5653 61.3167 21.3927
v  48.6314 61.3331 21.3927
v  48.6807 61.3453 21.3927
v  48.7469 61.3617 21.3927
v  48.7962 61.3739 21.3927
v  48.8623 61.3903 21.3927
v  48.9116 61.4025 21.3927
v  48.9777 61.4189 21.3927
v  49.0270 61.4311 21.3927
v  49.0932 61.4475 21.3927
v  49.1425 61.4597 21.3927
v  49.2086 61.4761 21.3927
v  49.2579 61.4883 21.3927
v  49.3240 61.5047 21.3927
v  49.3733 61.5169 21.3927
v  49.4395 61.5333 21.3927
v  49.4888 61.5455 21.3927
v  49.5549 61.5619 21.3927
v  49.6042 61.5741 21.3927
v  49.6703 61.5905 21.3927
v  49.7196 61.6027 21.3927
v  49.7858 61.6191 21.3927
v  49.8351 61.6313 21.3927
v  49.9012 61.6476 21.3927
v  49.9505 61.6599 21.3927
v  50.0166 61.6762 21.3927
v  50.0659 61.6885 21.3927
v  50.1321 61.7048 21.3927
v  50.1814 61.7171 21.3927
v  50.2475 61.7334 21.3927
v  50.2968 61.7457 21.3927
v  50.3629 61.7620 21.3927
v  50.4122 61.7743 21.3927
v  50.4784 61.7906 21.3927
v  50.5277 61.8028 21.3927
v  50.5938 61.8192 21.3927
v  50.6431 61.8314 21.3927
v  50.7092 61.8478 21.3927
v  50.7586 61.8600 21.3927
v  50.8247 61.8764 21.3927
v  50.8740 61.8886 21.3927
v  50.9401 61.9050 21.3927
v  50.9894 61.9172 21.3927
v  51.0555 61.9336 21.3927
v  51.1049 61.9458 21.3927
v  51.1710 61.9622 21.3927
v  51.2203 61.9744 21.3927
v  51.2864 61.9908 21.3927
v  51.3357 62.0030 21.3927
v  51.4018 62.0194 21.3927
v  51.4512 62.0316 21.3927
v  51.5173 62.0480 21.3927
v  51.5666 62.0602 21.3927
v  51.6327 62.0766 21.3927
v  51.6820 62.0888 21.3927
v  51.7481 62.1052 21.3927
v  51.7975 62.1174 21.3927
v  52.0479 62.1794 21.3927
v  51.7957 62.0189 21.9950
v  51.7957 62.0189 21.4181
v  51.6803 61.9903 21.4181
v  51.5648 61.9617 21.9950
v  51.6803 61.9903 21.9950
v  51.5648 61.9617 21.4181
v  51.4494 61.9331 21.4181
v  51.3339 61.9045 21.9950
v  51.4494 61.9331 21.9950
v  51.3339 61.9045 21.4181
v  51.2185 61.8759 21.4181
v  51.1031 61.8473 21.9950
v  51.2185 61.8759 21.9950
v  51.1031 61.8473 21.4181
v  50.9876 61.8187 21.4181
v  50.8722 61.7901 21.9950
v  50.9876 61.8187 21.9950
v  50.8722 61.7901 21.4181
v  50.7568 61.7615 21.4181
v  50.6413 61.7330 21.9950
v  50.7568 61.7615 21.9950
v  50.6413 61.7330 21.4181
v  50.5259 61.7044 21.4181
v  50.4105 61.6758 21.9950
v  50.5259 61.7044 21.9950
v  50.4105 61.6758 21.4181
v  50.2950 61.6472 21.4181
v  50.1796 61.6186 21.9950
v  50.2950 61.6472 21.9950
v  50.1796 61.6186 21.4181
v  48.4481 61.1896 21.4181
v  48.4481 61.1896 21.9950
v  48.5635 61.2182 21.9950
v  48.6790 61.2468 21.4181
v  48.5635 61.2182 21.4181
v  48.6790 61.2468 21.9950
v  48.7944 61.2754 21.9950
v  48.9098 61.3040 21.4181
v  48.7944 61.2754 21.4181
v  48.9098 61.3040 21.9950
v  49.0253 61.3326 21.9950
v  49.1407 61.3612 21.4181
v  49.0253 61.3326 21.4181
v  49.1407 61.3612 21.9950
v  49.2561 61.3898 21.9950
v  49.3716 61.4184 21.4181
v  49.2561 61.3898 21.4181
v  49.3716 61.4184 21.9950
v  49.4870 61.4470 21.9950
v  49.6024 61.4756 21.4181
v  49.4870 61.4470 21.4181
v  49.6024 61.4756 21.9950
v  49.7179 61.5042 21.9950
v  49.8333 61.5328 21.4181
v  49.7179 61.5042 21.4181
v  49.8333 61.5328 21.9950
v  49.9487 61.5614 21.9950
v  50.0642 61.5900 21.4181
v  49.9487 61.5614 21.4181
v  50.0642 61.5900 21.9950
v  51.7728 62.1113 21.4181
v  51.7728 62.1113 21.9950
v  51.6574 62.0827 21.9950
v  51.5419 62.0541 21.4181
v  51.6574 62.0827 21.4181
v  51.5419 62.0541 21.9950
v  51.4265 62.0255 21.9950
v  51.3111 61.9969 21.4181
v  51.4265 62.0255 21.4181
v  51.3111 61.9969 21.9950
v  51.1956 61.9683 21.9950
v  51.0802 61.9397 21.4181
v  51.1956 61.9683 21.4181
v  51.0802 61.9397 21.9950
v  50.9648 61.9111 21.9950
v  50.8493 61.8825 21.4181
v  50.9648 61.9111 21.4181
v  50.8493 61.8825 21.9950
v  50.7339 61.8539 21.9950
v  50.6185 61.8253 21.4181
v  50.7339 61.8539 21.4181
v  50.6185 61.8253 21.9950
v  50.5030 61.7967 21.9950
v  50.3876 61.7681 21.4181
v  50.5030 61.7967 21.4181
v  50.3876 61.7681 21.9950
v  50.2722 61.7395 21.9950
v  50.1567 61.7109 21.4181
v  50.2722 61.7395 21.4181
v  50.1567 61.7109 21.9950
v  48.4252 61.2820 21.9950
v  48.4252 61.2820 21.4181
v  48.5406 61.3106 21.4181
v  48.6561 61.3392 21.9950
v  48.5406 61.3106 21.9950
v  48.6561 61.3392 21.4181
v  48.7715 61.3678 21.4181
v  48.8869 61.3964 21.9950
v  48.7715 61.3678 21.9950
v  48.8869 61.3964 21.4181
v  49.0024 61.4250 21.4181
v  49.1178 61.4536 21.9950
v  49.0024 61.4250 21.9950
v  49.1178 61.4536 21.4181
v  49.2332 61.4822 21.4181
v  49.3487 61.5108 21.9950
v  49.2332 61.4822 21.9950
v  49.3487 61.5108 21.4181
v  49.4641 61.5394 21.4181
v  49.5795 61.5680 21.9950
v  49.4641 61.5394 21.9950
v  49.5795 61.5680 21.4181
v  49.6950 61.5966 21.4181
v  49.8104 61.6252 21.9950
v  49.6950 61.5966 21.9950
v  49.8104 61.6252 21.4181
v  49.9258 61.6538 21.4181
v  50.0413 61.6824 21.9950
v  49.9258 61.6538 21.9950
v  50.0413 61.6824 21.4181
v  44.4014 60.1481 22.1101
v  44.2366 60.1073 22.1101
v  44.2366 60.1073 21.3030
v  44.4014 60.1481 21.3030
v  44.4312 60.3420 22.1855
v  44.1199 60.2648 21.3259
v  44.1199 60.2648 22.0872
v  44.1199 60.2648 22.1855
v  44.4312 60.3420 22.0872
v  44.1199 60.2648 21.2276
v  44.4312 60.3420 21.3259
v  44.4312 60.3420 21.2276
v  44.2197 60.2047 22.2452
v  44.2259 60.1793 22.2452
v  44.3773 60.2168 22.2452
v  44.3710 60.2421 22.2452
v  44.1543 60.1259 22.0872
v  44.1314 60.2183 22.0872
v  44.1314 60.2183 21.3259
v  44.1543 60.1259 21.3259
v  44.1658 60.0794 22.1855
v  44.4771 60.1566 22.1855
v  44.1658 60.0794 21.2276
v  44.4656 60.2031 22.0872
v  44.4427 60.2955 22.0872
v  44.4656 60.2031 22.0204
v  44.4427 60.2955 21.3259
v  44.4771 60.1566 21.2276
v  44.4656 60.2031 21.3259
v  44.4656 60.2031 21.3927
v  44.4427 60.2955 22.0204
v  44.4427 60.2955 21.3927
v  48.2156 61.1320 22.0872
v  48.1927 61.2244 22.0872
v  48.1927 61.2244 21.3259
v  48.2156 61.1320 21.3259
v  48.2156 61.1320 21.3927
v  47.9652 61.0700 21.3927
v  47.9158 61.0578 21.3927
v  47.8497 61.0414 21.3927
v  47.8004 61.0292 21.3927
v  47.7343 61.0128 21.3927
v  47.6850 61.0006 21.3927
v  47.6189 60.9842 21.3927
v  47.5695 60.9720 21.3927
v  47.5034 60.9556 21.3927
v  47.4541 60.9434 21.3927
v  47.3880 60.9270 21.3927
v  47.3387 60.9148 21.3927
v  47.2725 60.8984 21.3927
v  47.2232 60.8862 21.3927
v  47.1571 60.8698 21.3927
v  47.1078 60.8576 21.3927
v  47.0417 60.8412 21.3927
v  46.9924 60.8290 21.3927
v  46.9263 60.8126 21.3927
v  46.8769 60.8004 21.3927
v  46.8108 60.7840 21.3927
v  46.7615 60.7718 21.3927
v  46.6954 60.7554 21.3927
v  46.6461 60.7432 21.3927
v  46.5799 60.7268 21.3927
v  46.5306 60.7146 21.3927
v  46.4645 60.6983 21.3927
v  46.4152 60.6860 21.3927
v  46.3491 60.6697 21.3927
v  46.2998 60.6574 21.3927
v  46.2336 60.6411 21.3927
v  46.1843 60.6288 21.3927
v  46.1182 60.6125 21.3927
v  46.0689 60.6003 21.3927
v  46.0028 60.5839 21.3927
v  45.9535 60.5717 21.3927
v  45.8873 60.5553 21.3927
v  45.8380 60.5431 21.3927
v  45.7719 60.5267 21.3927
v  45.7226 60.5145 21.3927
v  45.6565 60.4981 21.3927
v  45.6072 60.4859 21.3927
v  45.5410 60.4695 21.3927
v  45.4917 60.4573 21.3927
v  45.4256 60.4409 21.3927
v  45.3763 60.4287 21.3927
v  45.3102 60.4123 21.3927
v  45.2609 60.4001 21.3927
v  45.1947 60.3837 21.3927
v  45.1454 60.3715 21.3927
v  45.0793 60.3551 21.3927
v  45.0300 60.3429 21.3927
v  44.9639 60.3265 21.3927
v  44.9146 60.3143 21.3927
v  44.8484 60.2979 21.3927
v  44.7991 60.2857 21.3927
v  44.7330 60.2693 21.3927
v  44.6837 60.2571 21.3927
v  44.6176 60.2407 21.3927
v  44.5682 60.2285 21.3927
v  44.5682 60.2285 22.0204
v  44.6176 60.2407 22.0204
v  44.6837 60.2571 22.0204
v  44.7330 60.2693 22.0204
v  44.7991 60.2857 22.0204
v  44.8484 60.2979 22.0204
v  44.9146 60.3143 22.0204
v  44.9639 60.3265 22.0204
v  45.0300 60.3429 22.0204
v  45.0793 60.3551 22.0204
v  45.1454 60.3715 22.0204
v  45.1947 60.3837 22.0204
v  45.2609 60.4001 22.0204
v  45.3102 60.4123 22.0204
v  45.3763 60.4287 22.0204
v  45.4256 60.4409 22.0204
v  45.4917 60.4573 22.0204
v  45.5410 60.4695 22.0204
v  45.6072 60.4859 22.0204
v  45.6565 60.4981 22.0204
v  45.7226 60.5145 22.0204
v  45.7719 60.5267 22.0204
v  45.8380 60.5431 22.0204
v  45.8873 60.5553 22.0204
v  45.9535 60.5717 22.0204
v  46.0028 60.5839 22.0204
v  46.0689 60.6003 22.0204
v  46.1182 60.6125 22.0204
v  46.1843 60.6288 22.0204
v  46.2336 60.6411 22.0204
v  46.2998 60.6574 22.0204
v  46.3491 60.6697 22.0204
v  46.4152 60.6860 22.0204
v  46.4645 60.6983 22.0204
v  46.5306 60.7146 22.0204
v  46.5799 60.7268 22.0204
v  46.6461 60.7432 22.0204
v  46.6954 60.7554 22.0204
v  46.7615 60.7718 22.0204
v  46.8108 60.7840 22.0204
v  46.8769 60.8004 22.0204
v  46.9263 60.8126 22.0204
v  46.9924 60.8290 22.0204
v  47.0417 60.8412 22.0204
v  47.1078 60.8576 22.0204
v  47.1571 60.8698 22.0204
v  47.2232 60.8862 22.0204
v  47.2725 60.8984 22.0204
v  47.3387 60.9148 22.0204
v  47.3880 60.9270 22.0204
v  47.4541 60.9434 22.0204
v  47.5034 60.9556 22.0204
v  47.5695 60.9720 22.0204
v  47.6189 60.9842 22.0204
v  47.6850 61.0006 22.0204
v  47.7343 61.0128 22.0204
v  47.8004 61.0292 22.0204
v  47.8497 61.0414 22.0204
v  47.9158 61.0578 22.0204
v  47.9652 61.0700 22.0204
v  48.2156 61.1320 22.0204
v  48.1927 61.2244 22.0204
v  47.9423 61.1624 22.0204
v  47.8930 61.1502 22.0204
v  47.8268 61.1338 22.0204
v  47.7775 61.1216 22.0204
v  47.7114 61.1052 22.0204
v  47.6621 61.0930 22.0204
v  47.5960 61.0766 22.0204
v  47.5467 61.0644 22.0204
v  47.4805 61.0480 22.0204
v  47.4312 61.0358 22.0204
v  47.3651 61.0194 22.0204
v  47.3158 61.0072 22.0204
v  47.2497 60.9908 22.0204
v  47.2004 60.9786 22.0204
v  47.1342 60.9622 22.0204
v  47.0849 60.9500 22.0204
v  47.0188 60.9336 22.0204
v  46.9695 60.9214 22.0204
v  46.9034 60.9050 22.0204
v  46.8541 60.8928 22.0204
v  46.7879 60.8764 22.0204
v  46.7386 60.8642 22.0204
v  46.6725 60.8478 22.0204
v  46.6232 60.8356 22.0204
v  46.5571 60.8192 22.0204
v  46.5077 60.8070 22.0204
v  46.4416 60.7906 22.0204
v  46.3923 60.7784 22.0204
v  46.3262 60.7620 22.0204
v  46.2769 60.7498 22.0204
v  46.2108 60.7334 22.0204
v  46.1614 60.7212 22.0204
v  46.0953 60.7048 22.0204
v  46.0460 60.6926 22.0204
v  45.9799 60.6763 22.0204
v  45.9306 60.6640 22.0204
v  45.8644 60.6477 22.0204
v  45.8151 60.6354 22.0204
v  45.7490 60.6191 22.0204
v  45.6997 60.6068 22.0204
v  45.6336 60.5905 22.0204
v  45.5843 60.5783 22.0204
v  45.5182 60.5619 22.0204
v  45.4688 60.5497 22.0204
v  45.4027 60.5333 22.0204
v  45.3534 60.5211 22.0204
v  45.2873 60.5047 22.0204
v  45.2380 60.4925 22.0204
v  45.1718 60.4761 22.0204
v  45.1225 60.4639 22.0204
v  45.0564 60.4475 22.0204
v  45.0071 60.4353 22.0204
v  44.9410 60.4189 22.0204
v  44.8917 60.4067 22.0204
v  44.8255 60.3903 22.0204
v  44.7762 60.3781 22.0204
v  44.7101 60.3617 22.0204
v  44.6608 60.3495 22.0204
v  44.5947 60.3331 22.0204
v  44.5454 60.3209 22.0204
v  44.5454 60.3209 21.3927
v  44.5947 60.3331 21.3927
v  44.6608 60.3495 21.3927
v  44.7101 60.3617 21.3927
v  44.7762 60.3781 21.3927
v  44.8255 60.3903 21.3927
v  44.8917 60.4067 21.3927
v  44.9410 60.4189 21.3927
v  45.0071 60.4353 21.3927
v  45.0564 60.4475 21.3927
v  45.1225 60.4639 21.3927
v  45.1718 60.4761 21.3927
v  45.2380 60.4925 21.3927
v  45.2873 60.5047 21.3927
v  45.3534 60.5211 21.3927
v  45.4027 60.5333 21.3927
v  45.4688 60.5497 21.3927
v  45.5182 60.5619 21.3927
v  45.5843 60.5783 21.3927
v  45.6336 60.5905 21.3927
v  45.6997 60.6068 21.3927
v  45.7490 60.6191 21.3927
v  45.8151 60.6354 21.3927
v  45.8644 60.6477 21.3927
v  45.9306 60.6640 21.3927
v  45.9799 60.6763 21.3927
v  46.0460 60.6926 21.3927
v  46.0953 60.7048 21.3927
v  46.1614 60.7212 21.3927
v  46.2108 60.7334 21.3927
v  46.2769 60.7498 21.3927
v  46.3262 60.7620 21.3927
v  46.3923 60.7784 21.3927
v  46.4416 60.7906 21.3927
v  46.5077 60.8070 21.3927
v  46.5571 60.8192 21.3927
v  46.6232 60.8356 21.3927
v  46.6725 60.8478 21.3927
v  46.7386 60.8642 21.3927
v  46.7879 60.8764 21.3927
v  46.8541 60.8928 21.3927
v  46.9034 60.9050 21.3927
v  46.9695 60.9214 21.3927
v  47.0188 60.9336 21.3927
v  47.0849 60.9500 21.3927
v  47.1342 60.9622 21.3927
v  47.2004 60.9786 21.3927
v  47.2497 60.9908 21.3927
v  47.3158 61.0072 21.3927
v  47.3651 61.0194 21.3927
v  47.4312 61.0358 21.3927
v  47.4805 61.0480 21.3927
v  47.5467 61.0644 21.3927
v  47.5960 61.0766 21.3927
v  47.6621 61.0930 21.3927
v  47.7114 61.1052 21.3927
v  47.7775 61.1216 21.3927
v  47.8268 61.1338 21.3927
v  47.8930 61.1502 21.3927
v  47.9423 61.1624 21.3927
v  48.1927 61.2244 21.3927
v  47.9405 61.0639 21.9950
v  47.9405 61.0639 21.4181
v  47.8251 61.0353 21.4181
v  47.7096 61.0067 21.9950
v  47.8251 61.0353 21.9950
v  47.7096 61.0067 21.4181
v  47.5942 60.9781 21.4181
v  47.4788 60.9495 21.9950
v  47.5942 60.9781 21.9950
v  47.4788 60.9495 21.4181
v  47.3633 60.9209 21.4181
v  47.2479 60.8923 21.9950
v  47.3633 60.9209 21.9950
v  47.2479 60.8923 21.4181
v  47.1325 60.8637 21.4181
v  47.0170 60.8351 21.9950
v  47.1325 60.8637 21.9950
v  47.0170 60.8351 21.4181
v  46.9016 60.8065 21.4181
v  46.7862 60.7779 21.9950
v  46.9016 60.8065 21.9950
v  46.7862 60.7779 21.4181
v  46.6707 60.7493 21.4181
v  46.5553 60.7207 21.9950
v  46.6707 60.7493 21.9950
v  46.5553 60.7207 21.4181
v  46.4399 60.6921 21.4181
v  46.3244 60.6635 21.9950
v  46.4399 60.6921 21.9950
v  46.3244 60.6635 21.4181
v  44.5929 60.2346 21.4181
v  44.5929 60.2346 21.9950
v  44.7083 60.2632 21.9950
v  44.8238 60.2918 21.4181
v  44.7083 60.2632 21.4181
v  44.8238 60.2918 21.9950
v  44.9392 60.3204 21.9950
v  45.0546 60.3490 21.4181
v  44.9392 60.3204 21.4181
v  45.0546 60.3490 21.9950
v  45.1701 60.3776 21.9950
v  45.2855 60.4062 21.4181
v  45.1701 60.3776 21.4181
v  45.2855 60.4062 21.9950
v  45.4010 60.4348 21.9950
v  45.5164 60.4634 21.4181
v  45.4010 60.4348 21.4181
v  45.5164 60.4634 21.9950
v  45.6318 60.4920 21.9950
v  45.7472 60.5206 21.4181
v  45.6318 60.4920 21.4181
v  45.7472 60.5206 21.9950
v  45.8627 60.5492 21.9950
v  45.9781 60.5778 21.4181
v  45.8627 60.5492 21.4181
v  45.9781 60.5778 21.9950
v  46.0936 60.6064 21.9950
v  46.2090 60.6350 21.4181
v  46.0936 60.6064 21.4181
v  46.2090 60.6350 21.9950
v  47.9176 61.1563 21.4181
v  47.9176 61.1563 21.9950
v  47.8022 61.1277 21.9950
v  47.6868 61.0991 21.4181
v  47.8022 61.1277 21.4181
v  47.6868 61.0991 21.9950
v  47.5713 61.0705 21.9950
v  47.4559 61.0419 21.4181
v  47.5713 61.0705 21.4181
v  47.4559 61.0419 21.9950
v  47.3405 61.0133 21.9950
v  47.2250 60.9847 21.4181
v  47.3405 61.0133 21.4181
v  47.2250 60.9847 21.9950
v  47.1096 60.9561 21.9950
v  46.9941 60.9275 21.4181
v  47.1096 60.9561 21.4181
v  46.9941 60.9275 21.9950
v  46.8787 60.8989 21.9950
v  46.7633 60.8703 21.4181
v  46.8787 60.8989 21.4181
v  46.7633 60.8703 21.9950
v  46.6478 60.8417 21.9950
v  46.5324 60.8131 21.4181
v  46.6478 60.8417 21.4181
v  46.5324 60.8131 21.9950
v  46.4170 60.7845 21.9950
v  46.3015 60.7559 21.4181
v  46.4170 60.7845 21.4181
v  46.3015 60.7559 21.9950
v  44.5700 60.3270 21.9950
v  44.5700 60.3270 21.4181
v  44.6854 60.3556 21.4181
v  44.8009 60.3842 21.9950
v  44.6854 60.3556 21.9950
v  44.8009 60.3842 21.4181
v  44.9163 60.4128 21.4181
v  45.0318 60.4414 21.9950
v  44.9163 60.4128 21.9950
v  45.0318 60.4414 21.4181
v  45.1472 60.4700 21.4181
v  45.2626 60.4986 21.9950
v  45.1472 60.4700 21.9950
v  45.2626 60.4986 21.4181
v  45.3781 60.5272 21.4181
v  45.4935 60.5558 21.9950
v  45.3781 60.5272 21.9950
v  45.4935 60.5558 21.4181
v  45.6089 60.5844 21.4181
v  45.7244 60.6130 21.9950
v  45.6089 60.5844 21.9950
v  45.7244 60.6130 21.4181
v  45.8398 60.6415 21.4181
v  45.9552 60.6701 21.9950
v  45.8398 60.6415 21.9950
v  45.9552 60.6701 21.4181
v  46.0707 60.6987 21.4181
v  46.1861 60.7273 21.9950
v  46.0707 60.6987 21.9950
v  46.1861 60.7273 21.4181
v  40.4934 59.1800 22.1054
v  40.3375 59.1414 22.1054
v  40.3375 59.1414 21.3076
v  40.4934 59.1800 21.3076
v  40.5276 59.3750 22.1855
v  40.2162 59.2978 21.3259
v  40.2162 59.2978 22.0872
v  40.2162 59.2978 22.1855
v  40.5276 59.3750 22.0872
v  40.2162 59.2978 21.2276
v  40.5276 59.3750 21.3259
v  40.5276 59.3750 21.2276
v  40.3161 59.2376 22.2452
v  40.3223 59.2123 22.2452
v  40.4737 59.2497 22.2452
v  40.4674 59.2751 22.2452
v  40.2507 59.1589 22.0872
v  40.2278 59.2513 22.0872
v  40.2278 59.2513 21.3259
v  40.2507 59.1589 21.3259
v  40.2622 59.1124 22.1855
v  40.5735 59.1896 22.1855
v  40.2622 59.1124 21.2276
v  40.5620 59.2361 22.0872
v  40.5391 59.3285 22.0872
v  40.5620 59.2361 22.0204
v  40.5391 59.3285 21.3259
v  40.5735 59.1896 21.2276
v  40.5620 59.2361 21.3259
v  40.5620 59.2361 21.3927
v  40.5391 59.3285 22.0204
v  40.5391 59.3285 21.3927
v  44.3120 60.1650 22.0872
v  44.2891 60.2574 22.0872
v  44.2891 60.2574 21.3259
v  44.3120 60.1650 21.3259
v  44.3120 60.1650 21.3927
v  44.0616 60.1030 21.3927
v  44.0122 60.0908 21.3927
v  43.9461 60.0744 21.3927
v  43.8968 60.0622 21.3927
v  43.8307 60.0458 21.3927
v  43.7814 60.0336 21.3927
v  43.7153 60.0172 21.3927
v  43.6659 60.0050 21.3927
v  43.5998 59.9886 21.3927
v  43.5505 59.9764 21.3927
v  43.4844 59.9600 21.3927
v  43.4351 59.9478 21.3927
v  43.3689 59.9314 21.3927
v  43.3196 59.9192 21.3927
v  43.2535 59.9028 21.3927
v  43.2042 59.8906 21.3927
v  43.1381 59.8742 21.3927
v  43.0888 59.8620 21.3927
v  43.0227 59.8456 21.3927
v  42.9733 59.8334 21.3927
v  42.9072 59.8170 21.3927
v  42.8579 59.8048 21.3927
v  42.7918 59.7884 21.3927
v  42.7425 59.7762 21.3927
v  42.6763 59.7598 21.3927
v  42.6270 59.7476 21.3927
v  42.5609 59.7313 21.3927
v  42.5116 59.7190 21.3927
v  42.4455 59.7026 21.3927
v  42.3962 59.6904 21.3927
v  42.3300 59.6741 21.3927
v  42.2807 59.6618 21.3927
v  42.2146 59.6455 21.3927
v  42.1653 59.6332 21.3927
v  42.0992 59.6169 21.3927
v  42.0499 59.6046 21.3927
v  41.9837 59.5883 21.3927
v  41.9344 59.5761 21.3927
v  41.8683 59.5597 21.3927
v  41.8190 59.5475 21.3927
v  41.7529 59.5311 21.3927
v  41.7036 59.5189 21.3927
v  41.6374 59.5025 21.3927
v  41.5881 59.4903 21.3927
v  41.5220 59.4739 21.3927
v  41.4727 59.4617 21.3927
v  41.4066 59.4453 21.3927
v  41.3573 59.4331 21.3927
v  41.2911 59.4167 21.3927
v  41.2418 59.4045 21.3927
v  41.1757 59.3881 21.3927
v  41.1264 59.3759 21.3927
v  41.0603 59.3595 21.3927
v  41.0110 59.3473 21.3927
v  40.9448 59.3309 21.3927
v  40.8955 59.3187 21.3927
v  40.8294 59.3023 21.3927
v  40.7801 59.2901 21.3927
v  40.7140 59.2737 21.3927
v  40.6646 59.2615 21.3927
v  40.6646 59.2615 22.0204
v  40.7140 59.2737 22.0204
v  40.7801 59.2901 22.0204
v  40.8294 59.3023 22.0204
v  40.8955 59.3187 22.0204
v  40.9448 59.3309 22.0204
v  41.0110 59.3473 22.0204
v  41.0603 59.3595 22.0204
v  41.1264 59.3759 22.0204
v  41.1757 59.3881 22.0204
v  41.2418 59.4045 22.0204
v  41.2911 59.4167 22.0204
v  41.3573 59.4331 22.0204
v  41.4066 59.4453 22.0204
v  41.4727 59.4617 22.0204
v  41.5220 59.4739 22.0204
v  41.5881 59.4903 22.0204
v  41.6374 59.5025 22.0204
v  41.7036 59.5189 22.0204
v  41.7529 59.5311 22.0204
v  41.8190 59.5475 22.0204
v  41.8683 59.5597 22.0204
v  41.9344 59.5761 22.0204
v  41.9837 59.5883 22.0204
v  42.0499 59.6046 22.0204
v  42.0992 59.6169 22.0204
v  42.1653 59.6332 22.0204
v  42.2146 59.6455 22.0204
v  42.2807 59.6618 22.0204
v  42.3300 59.6741 22.0204
v  42.3962 59.6904 22.0204
v  42.4455 59.7026 22.0204
v  42.5116 59.7190 22.0204
v  42.5609 59.7313 22.0204
v  42.6270 59.7476 22.0204
v  42.6763 59.7598 22.0204
v  42.7425 59.7762 22.0204
v  42.7918 59.7884 22.0204
v  42.8579 59.8048 22.0204
v  42.9072 59.8170 22.0204
v  42.9733 59.8334 22.0204
v  43.0227 59.8456 22.0204
v  43.0888 59.8620 22.0204
v  43.1381 59.8742 22.0204
v  43.2042 59.8906 22.0204
v  43.2535 59.9028 22.0204
v  43.3196 59.9192 22.0204
v  43.3689 59.9314 22.0204
v  43.4351 59.9478 22.0204
v  43.4844 59.9600 22.0204
v  43.5505 59.9764 22.0204
v  43.5998 59.9886 22.0204
v  43.6659 60.0050 22.0204
v  43.7153 60.0172 22.0204
v  43.7814 60.0336 22.0204
v  43.8307 60.0458 22.0204
v  43.8968 60.0622 22.0204
v  43.9461 60.0744 22.0204
v  44.0122 60.0908 22.0204
v  44.0616 60.1030 22.0204
v  44.3120 60.1650 22.0204
v  44.2891 60.2574 22.0204
v  44.0387 60.1954 22.0204
v  43.9894 60.1832 22.0204
v  43.9232 60.1668 22.0204
v  43.8739 60.1546 22.0204
v  43.8078 60.1382 22.0204
v  43.7585 60.1260 22.0204
v  43.6924 60.1096 22.0204
v  43.6431 60.0974 22.0204
v  43.5769 60.0810 22.0204
v  43.5276 60.0688 22.0204
v  43.4615 60.0524 22.0204
v  43.4122 60.0402 22.0204
v  43.3461 60.0238 22.0204
v  43.2968 60.0116 22.0204
v  43.2306 59.9952 22.0204
v  43.1813 59.9830 22.0204
v  43.1152 59.9666 22.0204
v  43.0659 59.9544 22.0204
v  42.9998 59.9380 22.0204
v  42.9505 59.9258 22.0204
v  42.8843 59.9094 22.0204
v  42.8350 59.8972 22.0204
v  42.7689 59.8808 22.0204
v  42.7196 59.8686 22.0204
v  42.6535 59.8522 22.0204
v  42.6041 59.8400 22.0204
v  42.5380 59.8236 22.0204
v  42.4887 59.8114 22.0204
v  42.4226 59.7950 22.0204
v  42.3733 59.7828 22.0204
v  42.3072 59.7664 22.0204
v  42.2578 59.7542 22.0204
v  42.1917 59.7378 22.0204
v  42.1424 59.7256 22.0204
v  42.0763 59.7092 22.0204
v  42.0270 59.6970 22.0204
v  41.9608 59.6806 22.0204
v  41.9115 59.6684 22.0204
v  41.8454 59.6521 22.0204
v  41.7961 59.6398 22.0204
v  41.7300 59.6235 22.0204
v  41.6807 59.6112 22.0204
v  41.6146 59.5949 22.0204
v  41.5652 59.5827 22.0204
v  41.4991 59.5663 22.0204
v  41.4498 59.5541 22.0204
v  41.3837 59.5377 22.0204
v  41.3344 59.5255 22.0204
v  41.2682 59.5091 22.0204
v  41.2189 59.4969 22.0204
v  41.1528 59.4805 22.0204
v  41.1035 59.4683 22.0204
v  41.0374 59.4519 22.0204
v  40.9881 59.4397 22.0204
v  40.9219 59.4233 22.0204
v  40.8726 59.4111 22.0204
v  40.8065 59.3947 22.0204
v  40.7572 59.3825 22.0204
v  40.6911 59.3661 22.0204
v  40.6418 59.3539 22.0204
v  40.6418 59.3539 21.3927
v  40.6911 59.3661 21.3927
v  40.7572 59.3825 21.3927
v  40.8065 59.3947 21.3927
v  40.8726 59.4111 21.3927
v  40.9219 59.4233 21.3927
v  40.9881 59.4397 21.3927
v  41.0374 59.4519 21.3927
v  41.1035 59.4683 21.3927
v  41.1528 59.4805 21.3927
v  41.2189 59.4969 21.3927
v  41.2682 59.5091 21.3927
v  41.3344 59.5255 21.3927
v  41.3837 59.5377 21.3927
v  41.4498 59.5541 21.3927
v  41.4991 59.5663 21.3927
v  41.5652 59.5827 21.3927
v  41.6146 59.5949 21.3927
v  41.6807 59.6112 21.3927
v  41.7300 59.6235 21.3927
v  41.7961 59.6398 21.3927
v  41.8454 59.6521 21.3927
v  41.9115 59.6684 21.3927
v  41.9608 59.6806 21.3927
v  42.0270 59.6970 21.3927
v  42.0763 59.7092 21.3927
v  42.1424 59.7256 21.3927
v  42.1917 59.7378 21.3927
v  42.2578 59.7542 21.3927
v  42.3072 59.7664 21.3927
v  42.3733 59.7828 21.3927
v  42.4226 59.7950 21.3927
v  42.4887 59.8114 21.3927
v  42.5380 59.8236 21.3927
v  42.6041 59.8400 21.3927
v  42.6535 59.8522 21.3927
v  42.7196 59.8686 21.3927
v  42.7689 59.8808 21.3927
v  42.8350 59.8972 21.3927
v  42.8843 59.9094 21.3927
v  42.9505 59.9258 21.3927
v  42.9998 59.9380 21.3927
v  43.0659 59.9544 21.3927
v  43.1152 59.9666 21.3927
v  43.1813 59.9830 21.3927
v  43.2306 59.9952 21.3927
v  43.2968 60.0116 21.3927
v  43.3461 60.0238 21.3927
v  43.4122 60.0402 21.3927
v  43.4615 60.0524 21.3927
v  43.5276 60.0688 21.3927
v  43.5769 60.0810 21.3927
v  43.6431 60.0974 21.3927
v  43.6924 60.1096 21.3927
v  43.7585 60.1260 21.3927
v  43.8078 60.1382 21.3927
v  43.8739 60.1546 21.3927
v  43.9232 60.1668 21.3927
v  43.9894 60.1832 21.3927
v  44.0387 60.1954 21.3927
v  44.2891 60.2574 21.3927
v  44.0369 60.0969 21.9950
v  44.0369 60.0969 21.4181
v  43.9215 60.0683 21.4181
v  43.8060 60.0397 21.9950
v  43.9215 60.0683 21.9950
v  43.8060 60.0397 21.4181
v  43.6906 60.0111 21.4181
v  43.5752 59.9825 21.9950
v  43.6906 60.0111 21.9950
v  43.5752 59.9825 21.4181
v  43.4597 59.9539 21.4181
v  43.3443 59.9253 21.9950
v  43.4597 59.9539 21.9950
v  43.3443 59.9253 21.4181
v  43.2289 59.8967 21.4181
v  43.1134 59.8681 21.9950
v  43.2289 59.8967 21.9950
v  43.1134 59.8681 21.4181
v  42.9980 59.8395 21.4181
v  42.8826 59.8109 21.9950
v  42.9980 59.8395 21.9950
v  42.8826 59.8109 21.4181
v  42.7671 59.7823 21.4181
v  42.6517 59.7537 21.9950
v  42.7671 59.7823 21.9950
v  42.6517 59.7537 21.4181
v  42.5363 59.7251 21.4181
v  42.4208 59.6965 21.9950
v  42.5363 59.7251 21.9950
v  42.4208 59.6965 21.4181
v  40.6893 59.2676 21.4181
v  40.6893 59.2676 21.9950
v  40.8047 59.2962 21.9950
v  40.9202 59.3248 21.4181
v  40.8047 59.2962 21.4181
v  40.9202 59.3248 21.9950
v  41.0356 59.3534 21.9950
v  41.1510 59.3820 21.4181
v  41.0356 59.3534 21.4181
v  41.1510 59.3820 21.9950
v  41.2665 59.4106 21.9950
v  41.3819 59.4392 21.4181
v  41.2665 59.4106 21.4181
v  41.3819 59.4392 21.9950
v  41.4973 59.4678 21.9950
v  41.6128 59.4964 21.4181
v  41.4973 59.4678 21.4181
v  41.6128 59.4964 21.9950
v  41.7282 59.5250 21.9950
v  41.8436 59.5536 21.4181
v  41.7282 59.5250 21.4181
v  41.8436 59.5536 21.9950
v  41.9591 59.5822 21.9950
v  42.0745 59.6108 21.4181
v  41.9591 59.5822 21.4181
v  42.0745 59.6108 21.9950
v  42.1900 59.6394 21.9950
v  42.3054 59.6679 21.4181
v  42.1900 59.6394 21.4181
v  42.3054 59.6679 21.9950
v  44.0140 60.1893 21.4181
v  44.0140 60.1893 21.9950
v  43.8986 60.1607 21.9950
v  43.7831 60.1321 21.4181
v  43.8986 60.1607 21.4181
v  43.7831 60.1321 21.9950
v  43.6677 60.1035 21.9950
v  43.5523 60.0749 21.4181
v  43.6677 60.1035 21.4181
v  43.5523 60.0749 21.9950
v  43.4369 60.0463 21.9950
v  43.3214 60.0177 21.4181
v  43.4369 60.0463 21.4181
v  43.3214 60.0177 21.9950
v  43.2060 59.9891 21.9950
v  43.0905 59.9605 21.4181
v  43.2060 59.9891 21.4181
v  43.0905 59.9605 21.9950
v  42.9751 59.9319 21.9950
v  42.8597 59.9033 21.4181
v  42.9751 59.9319 21.4181
v  42.8597 59.9033 21.9950
v  42.7442 59.8747 21.9950
v  42.6288 59.8461 21.4181
v  42.7442 59.8747 21.4181
v  42.6288 59.8461 21.9950
v  42.5134 59.8175 21.9950
v  42.3979 59.7889 21.4181
v  42.5134 59.8175 21.4181
v  42.3979 59.7889 21.9950
v  40.6664 59.3600 21.9950
v  40.6664 59.3600 21.4181
v  40.7818 59.3886 21.4181
v  40.8973 59.4172 21.9950
v  40.7818 59.3886 21.9950
v  40.8973 59.4172 21.4181
v  41.0127 59.4458 21.4181
v  41.1282 59.4744 21.9950
v  41.0127 59.4458 21.9950
v  41.1282 59.4744 21.4181
v  41.2436 59.5030 21.4181
v  41.3590 59.5316 21.9950
v  41.2436 59.5030 21.9950
v  41.3590 59.5316 21.4181
v  41.4745 59.5602 21.4181
v  41.5899 59.5888 21.9950
v  41.4745 59.5602 21.9950
v  41.5899 59.5888 21.4181
v  41.7053 59.6174 21.4181
v  41.8208 59.6459 21.9950
v  41.7053 59.6174 21.9950
v  41.8208 59.6459 21.4181
v  41.9362 59.6745 21.4181
v  42.0516 59.7031 21.9950
v  41.9362 59.6745 21.9950
v  42.0516 59.7031 21.4181
v  42.1671 59.7317 21.4181
v  42.2825 59.7603 21.9950
v  42.1671 59.7317 21.9950
v  42.2825 59.7603 21.4181
v  40.4958 59.1703 21.3076
v  40.3399 59.1317 21.3076
v  40.4958 59.1703 22.1054
v  40.3399 59.1317 22.1054
v  59.6292 67.5851 22.1101
v  59.6382 67.4579 22.1101
v  59.6382 67.4579 21.3030
v  59.6292 67.5851 21.3030
v  59.6990 63.9274 21.3030
v  59.8638 63.9682 21.3030
v  59.8638 63.9682 22.1101
v  59.6990 63.9274 22.1101
v  55.7430 62.9474 21.3030
v  55.9078 62.9882 21.3030
v  55.9078 62.9882 22.1101
v  55.7430 62.9474 22.1101
v  51.9570 62.0095 21.3030
v  52.1218 62.0503 21.3030
v  52.1218 62.0503 22.1101
v  51.9570 62.0095 22.1101
v  48.0942 61.0526 21.3030
v  48.2590 61.0934 21.3030
v  48.2590 61.0934 22.1101
v  48.0942 61.0526 22.1101
v  44.2390 60.0976 21.3030
v  44.4038 60.1384 21.3030
v  44.4038 60.1384 22.1101
v  44.2390 60.0976 22.1101
v  40.4243 58.4314 18.7122
v  34.5461 56.9753 18.7122
v  59.8243 64.0151 24.5289
v  31.7237 62.7579 19.9250
v  31.1072 57.1415 18.8093
v  32.0759 56.9305 18.7304
v  32.1152 56.9402 18.7304
v  33.2980 57.2332 19.6660
v  34.4137 57.5096 18.7279
v  34.4137 57.5096 18.8241
v  31.2428 56.9768 18.7785
v  31.0927 56.9839 18.7785
v  56.8282 63.3196 17.1911
v  57.9216 63.5905 17.6465
v  57.9216 63.5905 17.6256
v  56.8282 63.3196 17.1701
v  58.1621 62.6199 17.6256
v  58.1621 62.6199 17.6465
v  57.0687 62.3490 17.1911
v  57.0687 62.3490 17.1701
v  59.0150 63.8614 17.1911
v  59.2555 62.8907 17.1911
v  59.2555 62.8907 17.1701
v  59.0150 63.8614 17.1701
v  59.1984 62.8818 16.1508
v  58.9809 63.7599 16.1508
v  58.9809 63.7599 17.2024
v  59.1984 62.8818 17.2024
v  59.2546 62.8946 17.1548
v  59.2546 62.8946 17.1870
v  58.1611 62.6238 17.6340
v  57.0677 62.3529 17.1548
v  57.0677 62.3529 17.1870
v  56.9159 63.2483 17.2024
v  56.9159 63.2483 16.1508
v  57.1334 62.3703 16.1508
v  57.1334 62.3703 17.2024
v  59.5078 70.8211 21.0733
v  58.7978 66.8864 22.2158
v  59.0636 65.7986 24.1189
v  59.0670 65.7995 22.2158
v  58.7925 66.8851 24.1189
v  59.1348 65.5111 24.1189
v  59.4042 64.4242 24.1189
v  59.1383 65.5120 22.2158
v  59.4075 64.4250 22.2158
v  59.5626 64.4634 22.2161
v  58.9476 66.9237 24.1192
v  59.2186 65.8371 24.1192
v  59.2899 65.5495 24.1192
v  59.2221 65.8380 22.2161
v  59.5593 64.4626 24.1192
v  59.2933 65.5504 22.2161
v  58.9528 66.9250 22.2161
v  49.9267 69.1035 20.2500
v  38.3423 65.3663 20.2500
v  53.9800 70.4200 20.2500
v  32.0089 63.3193 20.2500
v  32.0089 63.3193 18.4555
v  32.0089 63.3193 14.6627
v  32.0089 63.3193 13.6989
# 3303 vertices

vn 0.9976 0.0690 0.0000
vn 0.9516 0.3073 0.0000
vn 0.9514 0.3079 -0.0027
vn 0.0704 -0.9975 -0.0004
vn 0.0701 -0.9975 0.0000
vn 0.3082 -0.9513 -0.0005
vn 0.3081 -0.9514 0.0000
vn -0.2405 0.9706 0.0000
vn -0.9707 -0.2404 0.0000
vn -0.9707 -0.2404 -0.0018
vn 0.0739 -0.9973 -0.0039
vn 0.0713 -0.9974 0.0040
vn 0.0734 -0.9973 -0.0001
vn -0.9702 -0.2424 -0.0022
vn -0.9702 -0.2422 -0.0019
vn -0.9685 -0.2490 -0.0015
vn -0.9688 -0.2477 -0.0015
vn -0.9707 -0.2403 -0.0020
vn -0.9704 -0.2415 -0.0031
vn -0.9702 -0.2421 -0.0024
vn -0.9707 -0.2403 0.0000
vn -0.9707 -0.2404 -0.0029
vn -0.5031 -0.8642 -0.0015
vn 0.0000 -1.0000 0.0000
vn -0.9702 -0.2421 -0.0033
vn -0.9702 -0.2422 -0.0022
vn -0.9702 -0.2421 -0.0015
vn -0.9703 -0.2420 -0.0021
vn -0.9944 0.1061 0.0000
vn -0.9944 0.1060 0.0001
vn -0.9944 0.1061 -0.0001
vn -0.9944 0.1060 0.0000
vn 0.0000 0.0000 -1.0000
vn 0.2404 -0.9707 -0.0002
vn 0.2405 -0.9707 0.0001
vn 0.2405 -0.9707 0.0002
vn -0.9707 -0.2404 -0.0016
vn -0.9707 -0.2404 -0.0015
vn -0.9707 -0.2401 -0.0017
vn -0.9707 -0.2404 -0.0017
vn -0.9707 -0.2401 -0.0018
vn -0.9706 -0.2406 -0.0017
vn -0.9706 -0.2406 -0.0020
vn -0.9704 -0.2413 -0.0019
vn -0.9707 -0.2402 -0.0020
vn 0.9701 0.2428 0.0000
vn 0.9695 0.2412 0.0432
vn 0.9706 0.2406 0.0005
vn -0.9704 -0.2414 0.0024
vn -0.9704 -0.2414 0.0000
vn 0.2405 -0.9707 -0.0003
vn 0.2405 -0.9707 0.0000
vn 0.2404 -0.9707 -0.0006
vn -0.0761 0.3070 -0.9487
vn -0.0761 0.3069 -0.9487
vn -0.9943 0.1065 -0.0003
vn -0.9943 0.1062 0.0000
vn -0.9944 0.1060 -0.0001
vn -0.0467 -0.9989 0.0000
vn 0.2404 -0.9707 0.0000
vn 0.0000 0.0000 0.0000
vn 0.2405 -0.9706 0.0000
vn 0.2405 -0.9707 -0.0001
vn 0.2404 -0.9707 -0.0001
vn -0.0724 0.9974 -0.0001
vn -0.0724 0.9974 0.0000
vn -0.9570 -0.2899 -0.0095
vn -0.9563 -0.2925 0.0000
vn -0.9561 -0.2930 0.0000
vn -0.9563 -0.2925 0.0001
vn -0.9563 -0.2925 0.0003
vn -0.0722 0.9974 -0.0001
vn -0.0724 0.9974 0.0003
vn -0.3082 0.9513 0.0000
vn -0.3085 0.9512 -0.0016
vn -0.0724 0.9974 0.0002
vn -0.3082 0.9513 0.0005
vn -0.3076 0.9515 -0.0021
vn -0.0723 0.9974 0.0002
vn -0.0722 0.9974 0.0004
vn -0.3075 0.9515 -0.0020
vn -0.3074 0.9516 0.0000
vn -0.3071 0.9517 -0.0016
vn -0.3070 0.9517 -0.0021
vn -0.3070 0.9517 -0.0030
vn -0.3089 0.9511 0.0000
vn -0.3085 0.9512 -0.0030
vn -0.3075 0.9515 0.0005
vn -0.3075 0.9515 0.0000
vn 0.9976 0.0688 -0.0019
vn 0.9976 0.0690 -0.0041
vn 0.9976 0.0691 -0.0049
vn 0.9976 0.0690 -0.0043
vn 0.9976 0.0691 -0.0044
vn 0.9976 0.0691 0.0000
vn 0.2404 -0.9707 0.0001
vn 0.2406 -0.9706 0.0000
vn 0.2405 -0.9706 -0.0010
vn 0.2404 -0.9707 0.0024
vn 0.2402 -0.9707 0.0000
vn 0.2408 -0.9706 0.0000
vn 0.2404 -0.9707 0.0035
vn -0.9944 0.1057 0.0000
vn -0.9944 0.1061 0.0004
vn -0.9944 0.1060 -0.0007
vn -0.9944 0.1052 0.0000
vn -0.9944 0.1061 -0.0004
vn -0.1060 -0.9944 0.0000
vn 0.0000 0.0000 1.0000
vn 0.1059 0.9944 -0.0041
vn 0.2412 -0.9705 0.0001
vn 0.2399 -0.9708 0.0000
vn 0.2405 -0.9706 -0.0006
vn 0.2404 -0.9707 0.0005
vn 0.2404 -0.9707 -0.0005
vn 0.2404 -0.9707 -0.0007
vn 0.2411 -0.9705 0.0000
vn 0.2400 -0.9708 -0.0001
vn 0.2405 -0.9707 -0.0005
vn 0.2404 -0.9707 0.0004
vn 0.2400 -0.9708 0.0000
vn 0.2405 -0.9707 -0.0007
vn 0.2404 -0.9707 0.0002
vn 0.2409 -0.9705 0.0000
vn 0.2404 -0.9707 0.0003
vn 0.2404 -0.9707 0.0007
vn 0.2405 -0.9707 -0.0006
vn 0.2405 -0.9707 -0.0004
vn 0.2409 -0.9706 0.0000
vn 0.2405 -0.9707 0.0004
vn 0.2405 -0.9707 0.0006
vn -0.9708 -0.2399 0.0000
vn 0.9708 0.2399 0.0000
vn -0.9707 -0.2402 0.0000
vn 0.9705 0.2409 0.0000
vn 0.9708 0.2399 -0.0001
vn -0.9705 -0.2409 0.0001
vn 0.9708 0.2400 -0.0001
vn 0.9708 0.2400 0.0000
vn 0.9706 0.2409 0.0000
vn 0.2411 -0.9705 0.0001
vn 0.2405 -0.9707 0.0007
vn 0.2405 -0.9707 0.0005
vn 0.9707 0.2402 0.0000
vn 0.9706 0.2409 0.0001
vn 0.9705 0.2409 0.0001
vn -0.9706 -0.2409 0.0001
vn -0.9706 -0.2409 0.0000
vn 0.2415 -0.9704 0.0000
vn 0.2410 -0.9705 0.0000
vn -0.2414 0.9704 0.0000
vn -0.2415 0.9704 0.0000
vn 0.0013 0.0029 -1.0000
vn -0.0019 -0.0006 1.0000
vn -0.2409 0.9705 0.0000
vn -0.2409 0.9706 0.0000
vn 0.0019 0.0005 -1.0000
vn -0.9708 -0.2399 -0.0015
vn 0.9705 0.2411 0.0015
vn 0.9707 0.2402 0.0015
vn 0.9706 0.2409 0.0015
vn -0.9708 -0.2400 -0.0015
vn -0.6119 -0.1522 0.7761
vn -0.6118 -0.1516 0.7764
vn -0.9563 -0.2925 -0.0001
vn -0.9563 -0.2925 0.0002
vn -0.2405 0.9706 0.0001
vn -0.9707 -0.2403 0.0004
vn -0.9707 -0.2405 0.0001
vn 0.0558 -0.1878 0.9806
vn 0.0530 -0.1873 0.9809
vn -0.6942 -0.3364 0.6364
vn 0.0472 -0.1903 0.9806
vn 0.0548 -0.1886 0.9805
vn 0.0557 -0.1879 0.9806
vn 0.0538 -0.1884 0.9806
vn 0.0473 -0.1910 0.9804
vn 0.2661 -0.1232 0.9560
vn 0.0559 -0.1883 0.9805
vn 0.0568 -0.1980 0.9786
vn 0.0503 -0.2039 0.9777
vn 0.0505 -0.1997 0.9786
vn -0.2357 0.7808 -0.5786
vn 0.0607 -0.2043 0.9770
vn 0.0585 -0.1856 0.9809
vn 0.0609 -0.2040 0.9771
vn 0.0643 -0.2043 0.9768
vn 0.0322 -0.2018 0.9789
vn 0.0504 -0.2035 0.9778
vn -0.0093 -0.1990 0.9800
vn 0.0456 -0.1848 0.9817
vn 0.0486 -0.1952 0.9796
vn 0.0513 -0.1861 0.9812
vn 0.0306 -0.1949 0.9803
vn 0.0326 -0.1940 0.9805
vn -0.0091 -0.1916 0.9814
vn -0.0089 -0.1915 0.9815
vn 0.0483 -0.1948 0.9797
vn -0.6399 0.0268 0.7680
vn 0.6649 -0.0278 0.7464
vn -0.6385 0.0123 0.7695
vn -0.6390 0.0197 0.7690
vn 0.6624 -0.0205 0.7489
vn 0.6612 0.0007 0.7502
vn -0.0575 0.1778 0.9824
vn -0.0575 0.1779 0.9824
vn 0.0832 -0.3360 0.9382
vn 0.0828 -0.3347 0.9387
vn 0.0833 -0.3360 0.9382
vn 0.0846 -0.3404 0.9365
vn 0.3075 -0.9515 -0.0002
vn 0.3076 -0.9515 -0.0009
vn -0.0574 0.1779 0.9824
vn -0.0560 0.1780 0.9824
vn 0.3003 -0.9539 -0.0002
vn 0.3003 -0.9538 -0.0002
vn 0.4361 0.0302 0.8994
vn 0.4359 0.0302 0.8995
vn 0.3409 0.0178 0.9399
vn -0.0027 -0.0311 0.9995
vn 0.0094 -0.0325 0.9994
vn 0.0061 -0.0370 0.9993
vn -0.5672 -0.1187 -0.8150
vn 0.0147 -0.0231 0.9996
vn 0.0104 -0.0321 0.9994
vn 0.0052 -0.0365 0.9993
vn 0.0033 -0.0262 0.9997
vn 0.0018 -0.0379 0.9993
vn 0.0017 -0.0379 0.9993
vn 0.0027 -0.0380 0.9993
vn 0.0042 -0.0322 0.9995
vn 0.0088 -0.0386 0.9992
vn 0.2419 -0.9702 0.0103
vn 0.2412 -0.9705 0.0000
vn 0.0084 -0.0381 0.9992
vn 0.0743 -0.9972 0.0000
vn 0.0791 -0.3192 0.9444
vn 0.0817 -0.3185 0.9444
vn 0.9553 0.2957 0.0000
vn 0.0963 -0.2976 0.9498
vn 0.0952 -0.2945 0.9509
vn 0.0704 -0.2850 0.9559
vn 0.3071 -0.9517 0.0000
vn 0.3078 -0.9515 -0.0004
vn 0.3078 -0.9515 -0.0003
vn 0.3077 -0.9515 0.0000
vn -0.9515 -0.3077 0.0000
vn -0.9515 -0.3077 -0.0001
vn -0.9510 -0.3091 0.0000
vn 0.0703 -0.2849 0.9560
vn 0.0708 -0.2852 0.9558
vn 0.0704 -0.2853 0.9559
vn -0.9510 -0.3091 -0.0001
vn 0.0712 -0.2849 0.9559
vn 0.0706 -0.2851 0.9559
vn 0.0707 -0.2852 0.9559
vn 0.0704 -0.2854 0.9558
vn 0.0707 -0.2853 0.9558
vn 0.9509 0.3094 -0.0081
vn 0.9509 0.3095 -0.0080
vn 0.6672 -0.0246 0.7445
vn 0.9508 0.3098 -0.0088
vn 0.9508 0.3096 -0.0083
vn 0.9509 0.3095 -0.0082
vn 0.1433 0.0078 0.9897
vn 0.1407 -0.1222 0.9825
vn 0.9517 0.3071 -0.0001
vn 0.9525 0.3046 -0.0025
vn 0.9507 0.3100 0.0000
vn 0.9511 0.3086 -0.0082
vn 0.0321 0.0062 0.9995
vn 0.0320 0.0066 0.9995
vn 0.9974 0.0719 0.0000
vn 0.9974 0.0720 0.0009
vn 0.0003 -0.0002 1.0000
vn 0.0049 0.0006 1.0000
vn -0.9975 -0.0708 -0.0006
vn -0.9975 -0.0707 0.0000
vn -0.9702 -0.2421 0.0000
vn 0.3385 0.0854 -0.9371
vn 0.3384 0.0855 -0.9371
vn 0.2414 -0.9704 0.0000
vn -0.3385 -0.0853 0.9371
vn -0.3386 -0.0854 0.9371
vn -0.3388 -0.0842 0.9371
vn -0.9705 -0.2411 0.0000
vn 0.3388 0.0842 -0.9371
vn 0.3388 0.0841 -0.9371
vn 0.3385 0.0853 -0.9371
vn -0.9703 -0.2421 0.0000
vn -0.3385 -0.0854 0.9371
vn -0.3388 -0.0844 0.9371
vn 0.9706 0.2405 0.0000
vn 0.9707 0.2404 0.0000
vn -0.9706 -0.2405 0.0000
vn -0.0024 -0.0006 1.0000
vn 0.3620 0.1065 0.9261
vn 0.3596 0.1073 0.9269
vn 0.9599 0.2802 -0.0073
vn 0.9591 0.2830 -0.0060
vn -0.2803 0.9599 0.0002
vn -0.2800 0.9600 0.0003
vn -0.9608 -0.2773 0.0062
vn -0.9616 -0.2743 0.0076
vn 0.2759 -0.9612 -0.0003
vn 0.2758 -0.9612 -0.0002
vn 0.5835 0.1741 -0.7932
vn 0.6147 0.1795 -0.7680
vn -0.2779 0.9606 -0.0048
vn -0.2802 0.9600 -0.0007
vn -0.2800 0.9600 -0.0045
vn -0.5871 -0.1705 -0.7914
vn -0.6126 -0.1747 -0.7708
vn 0.2736 -0.9618 -0.0067
vn 0.2764 -0.9610 -0.0016
vn 0.2759 -0.9611 -0.0116
vn -0.3600 -0.1059 0.9269
vn -0.3622 -0.1052 0.9261
vn 0.9516 0.3074 0.0004
vn 0.9516 0.3074 -0.0002
vn -0.2488 0.9685 0.0073
vn -0.2440 0.9697 0.0139
vn -0.2410 0.9705 0.0079
vn -0.9510 -0.3092 0.0001
vn -0.9510 -0.3092 -0.0002
vn 0.2410 -0.9705 -0.0002
vn 0.2406 -0.9706 -0.0001
vn -0.2427 0.9701 0.0022
vn -0.2415 0.9704 0.0038
vn -0.2406 0.9706 0.0022
vn -0.9510 -0.3092 0.0000
vn 0.2414 -0.9704 -0.0011
vn 0.2428 -0.9701 -0.0006
vn 0.1882 -0.7579 0.6246
vn 0.1881 -0.7578 0.6247
vn 0.7433 0.2402 0.6243
vn 0.7435 0.2402 0.6241
vn -0.1904 0.7568 0.6253
vn -0.1907 0.7574 0.6245
vn -0.7427 -0.2415 0.6245
vn -0.7426 -0.2415 0.6247
vn 0.1885 -0.7576 0.6249
vn 0.1887 -0.7581 0.6243
vn 0.7434 0.2400 0.6243
vn 0.7437 0.2402 0.6238
vn -0.1887 0.7582 0.6241
vn -0.1885 0.7579 0.6246
vn -0.7426 -0.2414 0.6247
vn -0.7421 -0.2412 0.6254
vn 0.9516 0.3074 0.0000
vn -0.2442 0.9697 0.0000
vn 0.1336 -0.5381 -0.8322
vn 0.1335 -0.5378 -0.8324
vn 0.5283 0.1707 -0.8317
vn 0.5282 0.1706 -0.8318
vn -0.1352 0.5373 -0.8325
vn -0.1356 0.5384 -0.8317
vn -0.5272 -0.1714 -0.8323
vn 0.1338 -0.5378 -0.8324
vn 0.1339 -0.5379 -0.8323
vn 0.5283 0.1706 -0.8317
vn 0.5286 0.1707 -0.8315
vn -0.1341 0.5392 -0.8315
vn -0.1341 0.5391 -0.8315
vn -0.5283 -0.1717 -0.8315
vn -0.5273 -0.1714 -0.8322
vn -0.2440 0.9698 0.0000
vn 0.9516 0.3073 -0.0002
vn -0.9510 -0.3091 -0.0004
vn 0.2442 -0.9697 0.0000
vn 0.9509 0.3094 0.0000
vn -0.2424 0.9702 0.0000
vn -0.9514 -0.3078 0.0000
vn -0.9515 -0.3078 0.0000
vn 0.2427 -0.9701 0.0000
vn 0.9510 0.3093 0.0000
vn -0.9515 -0.3076 0.0000
vn 0.9509 0.3095 0.0000
vn -0.9440 -0.3298 0.0088
vn -0.9449 -0.3270 0.0116
vn 0.2854 -0.9584 -0.0004
vn 0.9466 0.3221 -0.0114
vn 0.9458 0.3247 -0.0088
vn -0.2920 0.9564 0.0006
vn -0.2921 0.9564 0.0006
vn -0.6675 -0.2310 0.7079
vn -0.6684 -0.2312 0.7070
vn 0.2019 -0.6775 0.7073
vn 0.2016 -0.6769 0.7079
vn 0.6695 0.2278 0.7070
vn 0.6693 0.2278 0.7073
vn -0.2065 0.6761 0.7073
vn -0.2064 0.6760 0.7074
vn -0.9450 -0.3270 0.0001
vn -0.9450 -0.3271 0.0000
vn 0.2854 -0.9584 0.0000
vn 0.9467 0.3221 0.0000
vn -0.2918 0.9565 0.0000
vn -0.2920 0.9564 -0.0002
vn -0.5246 -0.1816 -0.8318
vn -0.5234 -0.1813 -0.8326
vn 0.1580 -0.5311 -0.8324
vn 0.1581 -0.5314 -0.8322
vn 0.5258 0.1789 -0.8316
vn 0.5255 0.1788 -0.8318
vn -0.1618 0.5301 -0.8323
vn -0.1620 0.5308 -0.8319
vn -0.9451 -0.3269 0.0000
vn 0.2855 -0.9584 0.0000
vn 0.2855 -0.9584 -0.0001
vn -0.2919 0.9564 0.0000
vn 0.0013 0.0005 1.0000
vn 0.0001 0.0002 1.0000
vn 0.0000 0.0011 1.0000
vn -0.9467 -0.3221 0.0000
vn -0.9467 -0.3222 0.0000
vn 0.2981 -0.9545 0.0000
vn 0.9458 0.3246 0.0000
vn -0.2923 0.9563 0.0000
vn -0.2928 0.9562 -0.0001
vn 0.9450 0.3270 0.0000
vn -0.2925 0.9563 0.0000
vn -0.9459 -0.3244 0.0000
vn 0.2976 -0.9547 0.0000
vn 0.0707 -0.2852 0.9558
vn 0.0712 -0.2851 0.9559
vn -0.2431 0.9700 0.0003
vn -0.2427 0.9701 0.0000
vn 0.2428 -0.9701 -0.0003
vn 0.2433 -0.9700 0.0000
vn -0.2488 0.9686 0.0000
vn 0.7904 0.0500 -0.6106
vn 0.5713 0.0422 -0.8196
vn 0.7864 0.0508 -0.6156
vn 0.7972 0.0507 -0.6016
vn -0.0072 0.0023 -1.0000
vn 0.0116 0.0031 -0.9999
vn 0.1695 -0.6836 -0.7099
vn 0.1690 -0.6817 -0.7118
vn 0.1694 -0.6837 -0.7098
vn 0.1706 -0.6885 -0.7049
vn 0.1706 -0.6888 -0.7046
vn 0.1706 -0.6887 -0.7047
vn 0.1706 -0.6886 -0.7047
vn 0.1707 -0.6892 -0.7042
vn 0.1705 -0.6883 -0.7051
vn 0.1700 -0.6864 -0.7071
vn 0.1706 -0.6886 -0.7048
vn 0.1707 -0.6890 -0.7043
vn 0.1708 -0.6893 -0.7041
vn 0.1710 -0.6904 -0.7030
vn -0.0001 0.0000 -1.0000
vn -0.0019 0.0077 -1.0000
vn -0.9703 -0.2420 -0.0020
vn 0.9895 0.1446 -0.0001
vn -0.0764 0.9971 0.0005
vn -0.9892 -0.1464 0.0001
vn -0.9892 -0.1465 -0.0001
vn 0.0766 -0.9971 -0.0006
vn 0.0764 -0.9971 -0.0005
vn 0.0598 -0.7786 0.6247
vn 0.0596 -0.7781 0.6254
vn 0.7724 0.1128 0.6250
vn 0.7733 0.1130 0.6239
vn -0.0597 0.7786 0.6247
vn -0.0598 0.7788 0.6244
vn -0.7721 -0.1142 0.6252
vn -0.7725 -0.1143 0.6247
vn 0.0767 -0.9971 -0.0001
vn 0.0764 -0.9971 0.0000
vn 0.9895 0.1445 0.0000
vn -0.0765 0.9971 0.0000
vn -0.9892 -0.1465 0.0000
vn 0.0424 -0.5525 -0.8324
vn 0.0426 -0.5537 -0.8316
vn 0.5493 0.0802 -0.8318
vn 0.5494 0.0802 -0.8317
vn -0.0423 0.5526 -0.8324
vn -0.0425 0.5538 -0.8316
vn -0.5487 -0.0812 -0.8321
vn -0.5486 -0.0812 -0.8321
vn 0.0765 -0.9971 0.0000
vn -0.0763 0.9971 0.0000
vn -0.9892 -0.1464 0.0000
vn 0.9976 0.0690 0.0001
vn 0.9976 0.0692 0.0000
vn 0.9976 0.0691 -0.0001
vn 0.9976 0.0691 -0.0002
vn 0.9976 0.0691 0.0001
vn 0.9976 0.0690 -0.0001
vn 0.9976 0.0689 0.0000
vn -0.0690 0.9976 -0.0001
vn -0.0689 0.9976 -0.0001
vn 0.0690 -0.9976 0.0001
vn 0.0690 -0.9976 0.0000
vn -0.0690 0.9976 0.0000
vn -0.0689 0.9976 0.0000
vn 0.0689 -0.9976 0.0000
vn 0.2403 -0.9707 0.0000
vn 0.2395 -0.9709 0.0000
vn 0.2403 -0.9707 -0.0001
vn 0.9707 0.2401 0.0000
vn -0.9710 -0.2390 0.0000
vn 1.0000 0.0000 0.0000
vn -0.9948 0.1020 0.0000
vn -0.9932 0.1161 0.0000
vn -0.9942 0.1060 0.0162
vn 0.0768 -0.9970 0.0000
vn 0.0767 -0.9971 0.0000
vn 0.9892 0.1466 0.0000
vn -0.0762 0.9971 0.0000
vn -0.9894 -0.1451 0.0000
vn -0.9894 -0.1449 0.0001
vn -0.0769 0.9970 -0.0001
vn -0.9894 -0.1450 0.0000
vn 0.0763 -0.9971 0.0000
vn 0.9892 0.1467 0.0000
vn 0.1061 0.9944 0.0009
vn 0.1058 0.9944 0.0005
vn 0.0001 0.0005 -1.0000
vn 0.1060 0.9944 0.0000
vn -0.1059 -0.9944 0.0000
vn -0.3818 0.0407 0.9233
vn -0.3823 0.0408 0.9231
vn -0.3819 0.0403 0.9233
vn -0.9943 0.1062 -0.0003
vn 0.9974 0.0719 -0.0004
vn 0.9975 0.0690 -0.0135
vn 0.0776 -0.9970 -0.0015
vn 0.5752 -0.8180 0.0000
vn 0.5754 -0.8179 0.0000
vn 0.2224 0.0158 0.9748
vn 0.0027 -0.0001 1.0000
vn 0.0024 0.0000 1.0000
vn 0.9975 0.0707 0.0000
vn 0.9975 0.0709 0.0004
vn 0.9975 0.0710 0.0004
vn 0.9975 0.0709 0.0000
vn 0.0009 -0.0348 0.9994
vn 0.0205 -0.0296 0.9994
vn 0.0708 -0.2856 0.9557
vn 0.0710 -0.2856 0.9557
vn 0.0774 -0.2841 0.9557
vn 0.2200 -0.2506 0.9428
vn 0.0751 -0.3033 0.9499
vn 0.0709 -0.2862 0.9556
vn 0.0816 -0.2992 0.9507
vn 0.0249 -0.3004 0.9535
vn 0.0905 -0.2798 0.9558
vn 0.0906 -0.2799 0.9557
vn 0.0853 -0.2980 0.9508
vn 0.0858 -0.2814 0.9558
vn 0.2902 -0.2215 0.9310
vn 0.0958 -0.2963 0.9503
vn 0.0904 -0.2962 0.9508
vn 0.0747 -0.3015 0.9505
vn 0.0890 -0.2987 0.9502
vn 0.0833 -0.3362 0.9381
vn 0.0832 -0.3362 0.9381
vn 0.0904 -0.2800 0.9557
vn 0.0893 -0.2796 0.9560
vn 0.0862 -0.2812 0.9558
vn 0.0806 -0.2825 0.9559
vn 0.9976 0.0698 0.0000
vn -0.0778 0.9970 0.0000
vn -0.5851 -0.0411 0.8099
vn -0.5857 -0.0415 0.8095
vn 0.0512 -0.6374 0.7688
vn 0.0497 -0.6390 0.7676
vn 0.5856 0.0412 0.8095
vn 0.5858 0.0413 0.8094
vn -0.0491 0.6391 0.7676
vn -0.0497 0.6385 0.7680
vn -0.0772 0.9970 0.0000
vn -0.0778 0.9970 -0.0003
vn -0.0773 0.9970 0.0000
vn -0.0775 0.9970 0.0001
vn -0.0775 0.9970 0.0002
vn -0.0778 0.9970 -0.0002
vn 0.0773 -0.9970 0.0000
vn 0.0778 -0.9970 -0.0002
vn 0.0776 -0.9970 0.0001
vn -0.9975 -0.0706 0.0000
vn -0.9975 -0.0704 -0.0004
vn -0.9971 -0.0710 -0.0266
vn -0.9975 -0.0703 0.0062
vn -0.9964 -0.0693 0.0486
vn -0.9975 -0.0702 0.0089
vn -0.9973 -0.0709 -0.0186
vn -0.9975 -0.0703 0.0059
vn -0.9972 -0.0710 -0.0235
vn -0.9975 -0.0702 0.0091
vn -0.9966 -0.0693 0.0442
vn -0.9975 -0.0703 0.0049
vn -0.9967 -0.0693 0.0417
vn -0.9940 -0.0723 -0.0818
vn -0.9973 -0.0710 -0.0202
vn -0.9975 -0.0702 0.0084
vn -0.9973 -0.0710 -0.0201
vn -0.9975 -0.0703 0.0046
vn -0.9968 -0.0692 0.0391
vn -0.9975 -0.0703 0.0039
vn -0.9970 -0.0693 0.0349
vn -0.9950 -0.0724 -0.0685
vn -0.9973 -0.0710 -0.0172
vn -0.9975 -0.0703 0.0043
vn -0.9973 -0.0710 -0.0164
vn -0.9975 -0.0702 0.0062
vn -0.9971 -0.0693 0.0300
vn -0.9975 -0.0703 0.0031
vn -0.9971 -0.0691 0.0329
vn -0.9958 -0.0724 -0.0560
vn -0.9974 -0.0710 -0.0136
vn -0.9975 -0.0703 0.0035
vn -0.9974 -0.0710 -0.0132
vn -0.9975 -0.0703 0.0029
vn -0.9973 -0.0693 0.0233
vn -0.9975 -0.0702 0.0044
vn -0.9974 -0.0693 0.0211
vn -0.9964 -0.0725 -0.0429
vn -0.9974 -0.0710 -0.0100
vn -0.9975 -0.0702 0.0042
vn -0.9974 -0.0710 -0.0097
vn -0.9975 -0.0703 0.0020
vn -0.9974 -0.0693 0.0173
vn -0.9975 -0.0703 0.0014
vn -0.9974 -0.0710 -0.0073
vn -0.9975 -0.0703 0.0025
vn -0.9975 -0.0710 -0.0068
vn -0.9975 -0.0703 0.0017
vn -0.9975 -0.0710 -0.0062
vn -0.9975 -0.0702 0.0021
vn -0.9975 -0.0693 0.0094
vn -0.9975 -0.0703 0.0005
vn -0.9976 -0.0693 0.0075
vn -0.9973 -0.0724 -0.0157
vn -0.9975 -0.0710 -0.0032
vn -0.9975 -0.0702 0.0015
vn -0.9975 -0.0710 -0.0028
vn -0.9975 -0.0703 0.0003
vn -0.9976 -0.0693 0.0026
vn -0.9975 -0.0702 0.0001
vn -0.9975 -0.0708 0.0000
vn -0.9975 -0.0703 0.0007
vn -0.9975 -0.0704 -0.0005
vn -0.9962 -0.0692 0.0527
vn -0.9975 -0.0703 0.0058
vn -0.9971 -0.0710 -0.0258
vn -0.9975 -0.0702 0.0113
vn -0.9972 -0.0710 -0.0254
vn -0.9975 -0.0703 0.0061
vn -0.9964 -0.0693 0.0483
vn -0.9975 -0.0702 0.0093
vn -0.9965 -0.0693 0.0459
vn -0.9940 -0.0721 -0.0821
vn -0.9972 -0.0710 -0.0220
vn -0.9972 -0.0710 -0.0218
vn -0.9975 -0.0702 0.0087
vn -0.9972 -0.0710 -0.0214
vn -0.9975 -0.0703 0.0047
vn -0.9967 -0.0692 0.0413
vn -0.9975 -0.0703 0.0045
vn -0.9973 -0.0710 -0.0189
vn -0.9975 -0.0703 0.0050
vn -0.9973 -0.0710 -0.0181
vn -0.9975 -0.0703 0.0044
vn -0.9970 -0.0693 0.0342
vn -0.9975 -0.0702 0.0065
vn -0.9971 -0.0693 0.0321
vn -0.9954 -0.0724 -0.0631
vn -0.9974 -0.0710 -0.0154
vn -0.9975 -0.0702 0.0069
vn -0.9974 -0.0710 -0.0150
vn -0.9971 -0.0691 0.0320
vn -0.9973 -0.0693 0.0253
vn -0.9961 -0.0725 -0.0501
vn -0.9974 -0.0710 -0.0117
vn -0.9975 -0.0703 0.0033
vn -0.9974 -0.0710 -0.0114
vn -0.9975 -0.0702 0.0045
vn -0.9974 -0.0693 0.0205
vn -0.9975 -0.0703 0.0022
vn -0.9974 -0.0693 0.0195
vn -0.9967 -0.0725 -0.0369
vn -0.9974 -0.0710 -0.0085
vn -0.9974 -0.0710 -0.0079
vn -0.9975 -0.0703 0.0019
vn -0.9975 -0.0693 0.0136
vn -0.9975 -0.0702 0.0024
vn -0.9975 -0.0693 0.0116
vn -0.9971 -0.0725 -0.0242
vn -0.9975 -0.0710 -0.0051
vn -0.9975 -0.0703 0.0016
vn -0.9975 -0.0709 -0.0036
vn -0.9975 -0.0702 0.0017
vn -0.9976 -0.0693 0.0068
vn -0.9975 -0.0710 -0.0020
vn -0.9975 -0.0702 0.0018
vn -0.9975 -0.0703 0.0008
vn 0.9975 0.0701 0.0000
vn 0.9975 0.0704 0.0011
vn 0.9963 0.0693 0.0507
vn 0.9931 0.0721 -0.0930
vn 0.9972 0.0710 -0.0246
vn 0.9975 0.0703 0.0065
vn 0.9972 0.0710 -0.0237
vn 0.9975 0.0703 0.0059
vn 0.9965 0.0693 0.0459
vn 0.9975 0.0702 0.0090
vn 0.9966 0.0693 0.0442
vn 0.9943 0.0722 -0.0781
vn 0.9973 0.0710 -0.0210
vn 0.9975 0.0702 0.0091
vn 0.9973 0.0710 -0.0206
vn 0.9975 0.0703 0.0052
vn 0.9967 0.0692 0.0413
vn 0.9975 0.0703 0.0050
vn 0.9973 0.0710 -0.0181
vn 0.9975 0.0703 0.0055
vn 0.9973 0.0710 -0.0174
vn 0.9975 0.0703 0.0049
vn 0.9973 0.0710 -0.0171
vn 0.9975 0.0702 0.0070
vn 0.9971 0.0693 0.0324
vn 0.9975 0.0703 0.0037
vn 0.9974 0.0710 -0.0147
vn 0.9974 0.0710 -0.0142
vn 0.9975 0.0703 0.0040
vn 0.9974 0.0710 -0.0137
vn 0.9972 0.0692 0.0279
vn 0.9975 0.0702 0.0048
vn 0.9973 0.0693 0.0234
vn 0.9963 0.0725 -0.0458
vn 0.9974 0.0711 -0.0119
vn 0.9975 0.0702 0.0050
vn 0.9974 0.0710 -0.0100
vn 0.9975 0.0702 0.0042
vn 0.9974 0.0693 0.0184
vn 0.9975 0.0703 0.0020
vn 0.9974 0.0710 -0.0077
vn 0.9975 0.0702 0.0043
vn 0.9974 0.0710 -0.0073
vn 0.9975 0.0703 0.0025
vn 0.9975 0.0710 -0.0068
vn 0.9975 0.0703 0.0017
vn 0.9975 0.0693 0.0116
vn 0.9975 0.0702 0.0021
vn 0.9975 0.0710 -0.0043
vn 0.9975 0.0710 -0.0038
vn 0.9975 0.0710 -0.0033
vn 0.9975 0.0703 0.0009
vn 0.9976 0.0693 0.0050
vn 0.9975 0.0702 0.0010
vn 0.9975 0.0710 -0.0008
vn 0.9975 0.0703 0.0013
vn 0.9975 0.0708 0.0000
vn 0.9975 0.0703 0.0007
vn 0.9975 0.0704 -0.0005
vn 0.9971 0.0710 -0.0278
vn 0.9975 0.0703 0.0058
vn 0.9962 0.0692 0.0536
vn 0.9975 0.0703 0.0057
vn 0.9972 0.0710 -0.0253
vn 0.9974 0.0701 0.0133
vn 0.9972 0.0710 -0.0248
vn 0.9975 0.0703 0.0061
vn 0.9972 0.0710 -0.0243
vn 0.9975 0.0702 0.0086
vn 0.9975 0.0703 0.0044
vn 0.9972 0.0710 -0.0218
vn 0.9975 0.0702 0.0087
vn 0.9972 0.0710 -0.0214
vn 0.9975 0.0703 0.0047
vn 0.9973 0.0710 -0.0209
vn 0.9975 0.0703 0.0045
vn 0.9969 0.0693 0.0369
vn 0.9975 0.0702 0.0065
vn 0.9973 0.0711 -0.0199
vn 0.9975 0.0702 0.0058
vn 0.9970 0.0692 0.0333
vn 0.9956 0.0724 -0.0603
vn 0.9974 0.0710 -0.0149
vn 0.9975 0.0702 0.0059
vn 0.9974 0.0710 -0.0144
vn 0.9975 0.0703 0.0033
vn 0.9974 0.0710 -0.0139
vn 0.9975 0.0703 0.0024
vn 0.9975 0.0702 0.0037
vn 0.9974 0.0710 -0.0115
vn 0.9975 0.0703 0.0027
vn 0.9974 0.0710 -0.0108
vn 0.9975 0.0702 0.0038
vn 0.9974 0.0710 -0.0105
vn 0.9975 0.0703 0.0016
vn 0.9974 0.0693 0.0173
vn 0.9974 0.0710 -0.0080
vn 0.9974 0.0710 -0.0076
vn 0.9975 0.0703 0.0012
vn 0.9975 0.0702 0.0016
vn 0.9975 0.0693 0.0095
vn 0.9972 0.0724 -0.0196
vn 0.9975 0.0710 -0.0044
vn 0.9975 0.0702 0.0018
vn 0.9975 0.0710 -0.0040
vn 0.9975 0.0703 0.0005
vn 0.9976 0.0693 0.0047
vn 0.9975 0.0703 -0.0001
vn 0.9973 0.0724 -0.0079
vn -0.9975 -0.0703 0.0000
vn -0.9975 -0.0706 0.0001
vn -0.9975 -0.0706 -0.0022
vn -0.9977 -0.0680 0.0000
vn -0.9976 -0.0693 0.0027
vn -0.9975 -0.0702 -0.0001
vn -0.9975 -0.0707 -0.0015
vn -0.9976 -0.0693 0.0029
vn -0.9974 -0.0726 0.0000
vn -0.9975 -0.0710 -0.0026
vn -0.9976 -0.0698 0.0015
vn -0.9976 -0.0698 0.0000
vn -0.9975 -0.0710 -0.0025
vn -0.9977 -0.0681 0.0000
vn -0.9975 -0.0703 -0.0001
vn -0.9975 -0.0707 -0.0017
vn -0.9974 -0.0725 0.0000
vn -0.9975 -0.0710 0.0014
vn -0.9974 -0.0714 0.0001
vn -0.9975 -0.0710 0.0013
vn -0.9975 -0.0714 0.0001
vn -0.9975 -0.0707 -0.0016
vn -0.9976 -0.0692 0.0030
vn -0.9975 -0.0701 -0.0001
vn -0.9975 -0.0706 -0.0017
vn -0.9975 -0.0702 0.0000
vn -0.9975 -0.0708 0.0001
vn -0.9975 -0.0708 -0.0024
vn -0.9975 -0.0707 0.0024
vn -0.9975 -0.0706 -0.0016
vn -0.9974 -0.0723 0.0000
vn -0.9975 -0.0707 0.0022
vn -0.9975 -0.0707 0.0023
vn -0.9977 -0.0682 0.0000
vn 0.9975 0.0703 0.0000
vn 0.9975 0.0701 -0.0001
vn 0.9975 0.0701 0.0020
vn 0.9974 0.0725 0.0000
vn 0.9975 0.0710 -0.0026
vn 0.9975 0.0702 -0.0001
vn 0.9975 0.0707 0.0023
vn 0.9975 0.0710 0.0013
vn 0.9976 0.0693 0.0027
vn 0.9975 0.0707 -0.0016
vn 0.9975 0.0707 0.0024
vn 0.9975 0.0710 0.0014
vn 0.9974 0.0726 0.0000
vn 0.9976 0.0693 0.0029
vn 0.9975 0.0707 -0.0017
vn 0.9975 0.0702 0.0001
vn 0.9976 0.0697 0.0015
vn 0.9976 0.0697 0.0000
vn 0.9977 0.0680 0.0000
vn 0.9975 0.0708 0.0001
vn 0.9975 0.0708 -0.0023
vn 0.9977 0.0681 0.0000
vn 0.9975 0.0706 -0.0017
vn 0.9975 0.0706 0.0000
vn 0.9976 0.0693 0.0026
vn 0.9974 0.0723 0.0000
vn 0.9975 0.0707 -0.0015
vn 0.9975 0.0711 0.0012
vn 0.9974 0.0714 0.0001
vn 0.9975 0.0711 -0.0027
vn 0.9976 0.0692 0.0030
vn 0.9976 0.0692 0.0028
vn 0.0778 -0.9970 0.0000
vn 0.0766 -0.9971 0.0000
vn -0.0768 0.9970 0.0000
vn -0.0777 0.9970 0.0000
vn -0.0767 0.9971 0.0000
vn -0.9975 -0.0703 -0.0020
vn -0.9975 -0.0702 0.0019
vn -0.9975 -0.0702 -0.0020
vn -0.9974 -0.0724 -0.0001
vn -0.9975 -0.0702 0.0020
vn -0.9975 -0.0702 -0.0019
vn -0.9974 -0.0725 -0.0001
vn -0.9975 -0.0703 -0.0019
vn -0.9974 -0.0725 0.0001
vn -0.9974 -0.0724 0.0001
vn 0.9975 0.0703 -0.0019
vn 0.9975 0.0703 -0.0020
vn 0.9975 0.0702 0.0019
vn 0.9975 0.0702 -0.0019
vn 0.9975 0.0702 0.0020
vn 0.9975 0.0702 -0.0020
vn 0.9974 0.0725 -0.0001
vn 0.9975 0.0703 0.0019
vn 0.9974 0.0724 -0.0001
vn 0.9974 0.0724 0.0001
vn 0.9974 0.0725 0.0001
vn 0.0579 -0.7529 -0.6556
vn 0.0580 -0.7530 -0.6555
vn 0.0579 -0.7530 0.6555
vn 0.0580 -0.7529 0.6556
vn 0.0588 -0.7528 -0.6556
vn 0.0588 -0.7528 0.6556
vn 0.0588 -0.7527 -0.6558
vn 0.0588 -0.7527 0.6557
vn 0.0588 -0.7529 -0.6555
vn 0.0588 -0.7529 0.6555
vn 0.0579 -0.7527 -0.6558
vn 0.0580 -0.7528 0.6557
vn 0.0587 -0.7528 -0.6556
vn 0.0587 -0.7529 0.6555
vn -0.0588 0.7527 0.6557
vn -0.0588 0.7527 -0.6558
vn -0.0588 0.7529 0.6555
vn -0.0588 0.7529 -0.6555
vn -0.0580 0.7529 0.6556
vn -0.0587 0.7514 0.6573
vn -0.0579 0.7514 -0.6573
vn -0.0588 0.7528 -0.6556
vn -0.0587 0.7528 0.6556
vn -0.0587 0.7528 -0.6556
vn -0.0587 0.7527 -0.6558
vn -0.0579 0.7529 0.6556
vn -0.0580 0.7528 0.6557
vn -0.0579 0.7527 -0.6558
vn -0.0580 0.7528 -0.6556
vn -0.0588 0.7528 0.6556
vn -0.0587 0.7529 0.6555
vn 0.1411 -0.5695 0.8098
vn 0.1412 -0.5697 0.8096
vn 0.5695 0.1412 0.8098
vn 0.5695 0.1414 0.8097
vn -0.1409 0.5691 0.8101
vn -0.1413 0.5691 0.8100
vn -0.1410 0.5691 0.8101
vn -0.1404 0.5692 0.8101
vn -0.5696 -0.1413 0.8097
vn -0.5694 -0.1410 0.8099
vn -0.9706 -0.2405 -0.0002
vn -0.9707 -0.2401 0.0000
vn -0.9707 -0.2403 0.0001
vn -0.2395 0.9709 0.0000
vn -0.2403 0.9707 0.0000
vn -0.2406 0.9706 0.0000
vn -0.9706 -0.2406 0.0000
vn 0.1410 -0.5691 0.8101
vn 0.1411 -0.5693 0.8100
vn 0.5698 0.1419 0.8094
vn 0.5693 0.1409 0.8099
vn -0.1405 0.5689 0.8103
vn -0.1412 0.5697 0.8096
vn -0.5695 -0.1413 0.8098
vn -0.5693 -0.1410 0.8099
vn -0.9706 -0.2406 -0.0002
vn 0.9706 0.2405 -0.0002
vn 0.9707 0.2403 0.0001
vn 0.9706 0.2405 -0.0003
vn 0.2408 -0.9704 -0.0186
vn 0.2402 -0.9706 0.0140
vn 0.2408 -0.9704 -0.0209
vn 0.2402 -0.9706 0.0124
vn 0.2408 -0.9704 -0.0173
vn 0.2396 -0.9702 0.0362
vn 0.2408 -0.9704 -0.0169
vn 0.2402 -0.9707 0.0115
vn 0.2408 -0.9704 -0.0189
vn 0.2402 -0.9707 0.0118
vn 0.2408 -0.9705 -0.0157
vn 0.2396 -0.9704 0.0314
vn 0.2408 -0.9705 -0.0152
vn 0.2402 -0.9707 0.0108
vn 0.2408 -0.9705 -0.0148
vn 0.2402 -0.9707 0.0094
vn 0.2408 -0.9705 -0.0140
vn 0.2397 -0.9705 0.0252
vn 0.2408 -0.9705 -0.0135
vn 0.2402 -0.9707 0.0085
vn 0.2402 -0.9707 0.0086
vn 0.2408 -0.9705 -0.0123
vn 0.2403 -0.9707 0.0052
vn 0.2408 -0.9705 -0.0119
vn 0.2402 -0.9707 0.0076
vn 0.2389 -0.9702 0.0415
vn 0.2402 -0.9707 0.0064
vn 0.2393 -0.9705 0.0293
vn 0.2418 -0.9691 -0.0489
vn 0.2393 -0.9706 0.0273
vn 0.2418 -0.9693 -0.0446
vn 0.2389 -0.9704 0.0338
vn 0.2418 -0.9694 -0.0414
vn 0.2408 -0.9705 -0.0075
vn 0.2402 -0.9707 0.0061
vn 0.2408 -0.9705 -0.0073
vn 0.2403 -0.9707 0.0043
vn 0.2402 -0.9707 0.0052
vn 0.2408 -0.9706 -0.0058
vn 0.2402 -0.9707 0.0050
vn 0.2408 -0.9706 -0.0054
vn 0.2403 -0.9707 0.0028
vn 0.2402 -0.9707 0.0037
vn 0.2408 -0.9706 -0.0041
vn 0.2402 -0.9707 0.0032
vn 0.2408 -0.9706 -0.0038
vn 0.2403 -0.9707 0.0019
vn 0.2405 -0.9707 -0.0002
vn 0.2402 -0.9707 0.0021
vn 0.2408 -0.9706 -0.0025
vn 0.2402 -0.9707 0.0018
vn 0.2408 -0.9706 -0.0023
vn 0.2402 -0.9707 0.0012
vn 0.2402 -0.9707 0.0005
vn 0.2402 -0.9707 0.0002
vn 0.2402 -0.9706 0.0133
vn 0.2408 -0.9703 -0.0217
vn 0.2402 -0.9706 0.0141
vn 0.2408 -0.9704 -0.0191
vn 0.2402 -0.9706 0.0134
vn 0.2402 -0.9706 0.0128
vn 0.2408 -0.9704 -0.0177
vn 0.2402 -0.9706 0.0125
vn 0.2408 -0.9704 -0.0167
vn 0.2403 -0.9707 0.0084
vn 0.2402 -0.9707 0.0103
vn 0.2408 -0.9705 -0.0154
vn 0.2402 -0.9707 0.0109
vn 0.2408 -0.9705 -0.0150
vn 0.2403 -0.9707 0.0064
vn 0.2402 -0.9707 0.0096
vn 0.2408 -0.9705 -0.0142
vn 0.2402 -0.9707 0.0093
vn 0.2408 -0.9705 -0.0133
vn 0.2403 -0.9707 0.0060
vn 0.2388 -0.9699 0.0472
vn 0.2402 -0.9707 0.0074
vn 0.2393 -0.9704 0.0336
vn 0.2417 -0.9689 -0.0535
vn 0.2393 -0.9704 0.0316
vn 0.2417 -0.9690 -0.0513
vn 0.2389 -0.9702 0.0395
vn 0.2418 -0.9690 -0.0502
vn 0.2408 -0.9705 -0.0090
vn 0.2402 -0.9707 0.0071
vn 0.2408 -0.9705 -0.0085
vn 0.2402 -0.9707 0.0069
vn 0.2403 -0.9707 0.0041
vn 0.2408 -0.9706 -0.0073
vn 0.2402 -0.9707 0.0060
vn 0.2408 -0.9706 -0.0068
vn 0.2408 -0.9706 -0.0061
vn 0.2398 -0.9707 0.0122
vn 0.2408 -0.9706 -0.0056
vn 0.2402 -0.9707 0.0041
vn 0.2408 -0.9706 -0.0051
vn 0.2402 -0.9707 0.0038
vn 0.2408 -0.9706 -0.0050
vn 0.2398 -0.9708 0.0092
vn 0.2408 -0.9706 -0.0039
vn 0.2402 -0.9707 0.0028
vn 0.2408 -0.9706 -0.0035
vn 0.2402 -0.9707 0.0020
vn 0.2408 -0.9706 -0.0031
vn 0.2397 -0.9708 0.0054
vn 0.2402 -0.9707 0.0011
vn 0.2402 -0.9707 0.0006
vn -0.2404 0.9707 0.0007
vn -0.2408 0.9704 -0.0186
vn -0.2402 0.9706 0.0139
vn -0.2408 0.9704 -0.0182
vn -0.2402 0.9706 0.0124
vn -0.2405 0.9707 -0.0004
vn -0.2403 0.9707 0.0090
vn -0.2408 0.9704 -0.0176
vn -0.2402 0.9706 0.0123
vn -0.2408 0.9704 -0.0165
vn -0.2402 0.9707 0.0117
vn -0.2405 0.9707 -0.0006
vn -0.2403 0.9707 0.0070
vn -0.2408 0.9705 -0.0153
vn -0.2402 0.9707 0.0107
vn -0.2408 0.9705 -0.0148
vn -0.2402 0.9707 0.0094
vn -0.2405 0.9707 -0.0008
vn -0.2403 0.9707 0.0066
vn -0.2408 0.9705 -0.0136
vn -0.2402 0.9707 0.0085
vn -0.2408 0.9705 -0.0131
vn -0.2405 0.9707 -0.0010
vn -0.2403 0.9707 0.0048
vn -0.2408 0.9705 -0.0119
vn -0.2402 0.9707 0.0076
vn -0.2408 0.9705 -0.0115
vn -0.2402 0.9707 0.0064
vn -0.2408 0.9705 -0.0122
vn -0.2397 0.9706 0.0199
vn -0.2408 0.9705 -0.0102
vn -0.2402 0.9707 0.0055
vn -0.2393 0.9706 0.0252
vn -0.2402 0.9707 0.0053
vn -0.2394 0.9706 0.0235
vn -0.2415 0.9700 -0.0280
vn -0.2394 0.9707 0.0214
vn -0.2419 0.9696 -0.0372
vn -0.2394 0.9707 0.0193
vn -0.2419 0.9697 -0.0333
vn -0.2394 0.9708 0.0176
vn -0.2415 0.9702 -0.0216
vn -0.2408 0.9705 -0.0062
vn -0.2402 0.9707 0.0040
vn -0.2408 0.9706 -0.0052
vn -0.2402 0.9707 0.0036
vn -0.2408 0.9706 -0.0042
vn -0.2397 0.9708 0.0091
vn -0.2408 0.9706 -0.0043
vn -0.2402 0.9707 0.0027
vn -0.2405 0.9707 -0.0003
vn -0.2402 0.9707 0.0019
vn -0.2408 0.9706 -0.0025
vn -0.2402 0.9707 0.0017
vn -0.2408 0.9706 -0.0023
vn -0.2402 0.9707 0.0010
vn -0.2402 0.9707 0.0004
vn -0.2402 0.9707 0.0001
vn -0.2404 0.9707 0.0002
vn -0.2405 0.9707 -0.0005
vn -0.2402 0.9706 0.0130
vn -0.2408 0.9703 -0.0220
vn -0.2402 0.9706 0.0138
vn -0.2408 0.9704 -0.0187
vn -0.2402 0.9706 0.0121
vn -0.2405 0.9707 -0.0007
vn -0.2402 0.9706 0.0125
vn -0.2408 0.9704 -0.0200
vn -0.2402 0.9707 0.0113
vn -0.2408 0.9704 -0.0170
vn -0.2402 0.9707 0.0115
vn -0.2408 0.9704 -0.0168
vn -0.2396 0.9703 0.0322
vn -0.2408 0.9704 -0.0181
vn -0.2402 0.9707 0.0106
vn -0.2392 0.9700 0.0430
vn -0.2402 0.9707 0.0092
vn -0.2392 0.9701 0.0413
vn -0.2413 0.9693 -0.0465
vn -0.2392 0.9702 0.0392
vn -0.2416 0.9683 -0.0630
vn -0.2393 0.9702 0.0371
vn -0.2416 0.9684 -0.0622
vn -0.2393 0.9703 0.0354
vn -0.2414 0.9696 -0.0411
vn -0.2408 0.9705 -0.0109
vn -0.2402 0.9707 0.0088
vn -0.2408 0.9705 -0.0121
vn -0.2402 0.9707 0.0077
vn -0.2408 0.9705 -0.0097
vn -0.2397 0.9706 0.0214
vn -0.2408 0.9705 -0.0093
vn -0.2402 0.9707 0.0068
vn -0.2405 0.9707 0.0000
vn -0.2402 0.9707 0.0066
vn -0.2408 0.9705 -0.0080
vn -0.2403 0.9707 0.0042
vn -0.2408 0.9705 -0.0076
vn -0.2402 0.9707 0.0057
vn -0.2405 0.9707 -0.0002
vn -0.2402 0.9707 0.0047
vn -0.2408 0.9706 -0.0064
vn -0.2403 0.9707 0.0034
vn -0.2408 0.9706 -0.0059
vn -0.2402 0.9707 0.0038
vn -0.2402 0.9707 0.0035
vn -0.2408 0.9706 -0.0047
vn -0.2403 0.9707 0.0020
vn -0.2408 0.9706 -0.0044
vn -0.2402 0.9707 0.0025
vn -0.2408 0.9706 -0.0030
vn -0.2403 0.9707 0.0010
vn -0.2408 0.9706 -0.0026
vn -0.2402 0.9707 0.0008
vn -0.2402 0.9707 0.0003
vn 0.2403 -0.9707 0.0003
vn 0.2407 -0.9706 0.0000
vn 0.2408 -0.9706 -0.0002
vn 0.2408 -0.9706 -0.0011
vn 0.2397 -0.9708 0.0000
vn 0.2403 -0.9707 0.0006
vn 0.2408 -0.9706 -0.0010
vn 0.2405 -0.9706 0.0008
vn 0.2408 -0.9706 -0.0001
vn 0.2408 -0.9706 -0.0009
vn 0.2391 -0.9710 0.0016
vn 0.2396 -0.9709 -0.0002
vn 0.2405 -0.9706 -0.0001
vn 0.2391 -0.9710 0.0054
vn 0.2443 -0.9697 0.0000
vn 0.2403 -0.9707 -0.0006
vn 0.2406 -0.9706 0.0009
vn 0.2406 -0.9706 -0.0002
vn 0.2394 -0.9709 0.0003
vn 0.2394 -0.9709 0.0041
vn 0.2434 -0.9699 0.0000
vn -0.2403 0.9707 0.0003
vn -0.2408 0.9706 -0.0010
vn -0.2404 0.9707 0.0006
vn -0.2404 0.9707 0.0000
vn -0.2408 0.9706 -0.0009
vn -0.2399 0.9708 0.0000
vn -0.2408 0.9706 -0.0011
vn -0.2405 0.9706 0.0008
vn -0.2408 0.9706 -0.0002
vn -0.2407 0.9706 0.0000
vn -0.2405 0.9707 0.0002
vn -0.2405 0.9706 -0.0001
vn -0.2403 0.9707 0.0006
vn -0.2397 0.9708 0.0000
vn -0.2405 0.9707 0.0004
vn -0.2406 0.9706 -0.0003
vn -0.2408 0.9706 -0.0001
vn -0.2408 0.9706 0.0000
vn -0.2402 0.9707 0.0000
vn -0.2403 0.9707 -0.0006
vn -0.2394 0.9709 0.0003
vn -0.2395 0.9709 -0.0001
vn -0.2398 0.9708 0.0000
vn -0.2394 0.9709 0.0013
vn -0.2394 0.9709 0.0052
vn -0.2406 0.9706 -0.0040
vn 0.9709 0.2396 0.0000
vn 0.9706 0.2406 0.0000
vn 0.9706 0.2408 0.0000
vn 0.9709 0.2395 0.0000
vn -0.9709 -0.2396 0.0000
vn -0.9706 -0.2408 0.0000
vn 0.2402 -0.9707 -0.0005
vn 0.2403 -0.9707 0.0005
vn 0.2403 -0.9707 -0.0005
vn 0.2420 -0.9703 0.0024
vn 0.2421 -0.9703 0.0014
vn 0.2421 -0.9702 -0.0023
vn 0.2398 -0.9708 -0.0001
vn 0.2398 -0.9708 0.0000
vn 0.2398 -0.9708 0.0001
vn 0.2421 -0.9702 0.0023
vn 0.2421 -0.9703 -0.0014
vn 0.2420 -0.9703 -0.0024
vn -0.2402 0.9707 -0.0005
vn -0.2402 0.9707 0.0005
vn -0.2416 0.9704 0.0019
vn -0.2421 0.9703 -0.0014
vn -0.2421 0.9702 -0.0024
vn -0.2416 0.9704 -0.0019
vn -0.2403 0.9707 0.0005
vn -0.2403 0.9707 0.0004
vn -0.2402 0.9707 -0.0003
vn -0.2403 0.9707 -0.0004
vn -0.2403 0.9707 -0.0005
vn -0.2421 0.9702 0.0024
vn -0.2421 0.9703 0.0014
vn 0.6859 0.1693 -0.7077
vn 0.6871 0.1703 -0.7063
vn 0.6873 0.1696 0.7063
vn 0.6858 0.1700 0.7077
vn 0.6871 0.1703 0.7063
vn 0.6857 0.1700 -0.7077
vn 0.6858 0.1700 -0.7077
vn 0.6858 0.1700 0.7076
vn 0.6859 0.1692 -0.7077
vn 0.6860 0.1693 -0.7077
vn 0.6857 0.1701 -0.7077
vn 0.6854 0.1699 -0.7080
vn 0.6854 0.1701 0.7080
vn 0.6871 0.1705 -0.7063
vn 0.6857 0.1692 -0.7080
vn 0.6855 0.1701 0.7080
vn 0.6871 0.1705 0.7063
vn 0.6857 0.1699 -0.7077
vn 0.6871 0.1703 -0.7064
vn 0.6871 0.1703 0.7064
vn 0.6872 0.1696 0.7064
vn -0.6858 -0.1700 0.7077
vn -0.6857 -0.1699 -0.7077
vn -0.6857 -0.1700 -0.7077
vn -0.6872 -0.1696 0.7064
vn -0.6871 -0.1703 -0.7064
vn -0.6859 -0.1693 -0.7077
vn -0.6870 -0.1703 -0.7064
vn -0.6871 -0.1703 0.7064
vn -0.6867 -0.1704 0.7067
vn -0.6870 -0.1704 -0.7064
vn -0.6867 -0.1702 -0.7067
vn -0.6857 -0.1701 0.7077
vn -0.6857 -0.1701 -0.7077
vn -0.6854 -0.1700 0.7080
vn -0.6854 -0.1699 -0.7080
vn 0.1410 -0.5694 0.8099
vn 0.5696 0.1412 0.8097
vn 0.5694 0.1410 0.8099
vn -0.1411 0.5695 0.8098
vn -0.1410 0.5694 0.8099
vn 0.9706 0.2406 -0.0002
vn 0.9706 0.2406 -0.0003
vn 0.2402 -0.9706 0.0139
vn 0.2408 -0.9704 -0.0188
vn 0.2403 -0.9707 0.0090
vn 0.2408 -0.9704 -0.0176
vn 0.2402 -0.9706 0.0123
vn 0.2408 -0.9704 -0.0165
vn 0.2402 -0.9707 0.0117
vn 0.2403 -0.9707 0.0070
vn 0.2408 -0.9705 -0.0153
vn 0.2402 -0.9707 0.0107
vn 0.2387 -0.9695 0.0563
vn 0.2403 -0.9707 0.0066
vn 0.2393 -0.9702 0.0385
vn 0.2416 -0.9683 -0.0639
vn 0.2393 -0.9703 0.0369
vn 0.2416 -0.9686 -0.0585
vn 0.2408 -0.9705 -0.0113
vn 0.2397 -0.9705 0.0254
vn 0.2408 -0.9705 -0.0105
vn 0.2403 -0.9707 0.0067
vn 0.2408 -0.9705 -0.0100
vn 0.2402 -0.9707 0.0078
vn 0.2408 -0.9705 -0.0092
vn 0.2397 -0.9706 0.0213
vn 0.2408 -0.9705 -0.0088
vn 0.2403 -0.9707 0.0050
vn 0.2408 -0.9705 -0.0083
vn 0.2402 -0.9707 0.0068
vn 0.2408 -0.9705 -0.0078
vn 0.2397 -0.9707 0.0173
vn 0.2408 -0.9705 -0.0082
vn 0.2402 -0.9707 0.0059
vn 0.2402 -0.9707 0.0048
vn 0.2402 -0.9707 0.0049
vn 0.2408 -0.9705 -0.0062
vn 0.2402 -0.9707 0.0040
vn 0.2402 -0.9707 0.0036
vn 0.2408 -0.9706 -0.0042
vn 0.2402 -0.9707 0.0031
vn 0.2408 -0.9706 -0.0043
vn 0.2402 -0.9707 0.0027
vn 0.2402 -0.9707 0.0019
vn 0.2402 -0.9707 0.0017
vn 0.2402 -0.9707 0.0010
vn 0.2402 -0.9707 0.0004
vn 0.2402 -0.9707 0.0001
vn 0.2405 -0.9707 0.0003
vn 0.2405 -0.9707 0.0009
vn 0.2402 -0.9706 0.0144
vn 0.2408 -0.9704 -0.0206
vn 0.2402 -0.9706 0.0152
vn 0.2402 -0.9706 0.0135
vn 0.2402 -0.9706 0.0138
vn 0.2402 -0.9706 0.0127
vn 0.2408 -0.9705 -0.0156
vn 0.2402 -0.9706 0.0129
vn 0.2402 -0.9707 0.0114
vn 0.2402 -0.9707 0.0120
vn 0.2408 -0.9705 -0.0139
vn 0.2402 -0.9707 0.0105
vn 0.2408 -0.9705 -0.0131
vn 0.2396 -0.9704 0.0295
vn 0.2408 -0.9705 -0.0147
vn 0.2402 -0.9707 0.0097
vn 0.2408 -0.9705 -0.0127
vn 0.2408 -0.9705 -0.0114
vn 0.2408 -0.9705 -0.0110
vn 0.2402 -0.9707 0.0088
vn 0.2408 -0.9705 -0.0106
vn 0.2403 -0.9707 0.0053
vn 0.2408 -0.9705 -0.0098
vn 0.2408 -0.9705 -0.0093
vn 0.2402 -0.9707 0.0067
vn 0.2403 -0.9707 0.0047
vn 0.2393 -0.9706 0.0250
vn 0.2397 -0.9707 0.0172
vn 0.2394 -0.9707 0.0227
vn 0.2419 -0.9697 -0.0354
vn 0.2389 -0.9706 0.0289
vn 0.2420 -0.9697 -0.0342
vn 0.2403 -0.9707 0.0048
vn 0.2408 -0.9706 -0.0045
vn 0.2405 -0.9707 0.0010
vn 0.2408 -0.9706 -0.0033
vn 0.2403 -0.9707 0.0033
vn 0.2408 -0.9706 -0.0030
vn 0.2402 -0.9707 0.0039
vn 0.2405 -0.9707 0.0008
vn 0.2408 -0.9706 -0.0017
vn 0.2403 -0.9707 0.0024
vn 0.2408 -0.9706 -0.0012
vn 0.2402 -0.9707 0.0023
vn -0.2404 0.9707 0.0004
vn -0.2396 0.9701 0.0388
vn -0.2408 0.9704 -0.0188
vn -0.2402 0.9706 0.0133
vn -0.2408 0.9704 -0.0204
vn -0.2402 0.9706 0.0127
vn -0.2396 0.9702 0.0347
vn -0.2405 0.9706 -0.0035
vn -0.2402 0.9707 0.0111
vn -0.2402 0.9707 0.0101
vn -0.2405 0.9706 -0.0028
vn -0.2402 0.9707 0.0095
vn -0.2408 0.9705 -0.0141
vn -0.2388 0.9699 0.0465
vn -0.2402 0.9707 0.0073
vn -0.2393 0.9704 0.0331
vn -0.2417 0.9688 -0.0550
vn -0.2393 0.9705 0.0307
vn -0.2417 0.9691 -0.0500
vn -0.2389 0.9703 0.0388
vn -0.2418 0.9692 -0.0472
vn -0.2408 0.9705 -0.0105
vn -0.2402 0.9707 0.0075
vn -0.2418 0.9694 -0.0415
vn -0.2408 0.9705 -0.0082
vn -0.2402 0.9707 0.0059
vn -0.2408 0.9706 -0.0067
vn -0.2402 0.9707 0.0048
vn -0.2408 0.9706 -0.0058
vn -0.2397 0.9708 0.0132
vn -0.2408 0.9706 -0.0056
vn -0.2402 0.9707 0.0043
vn -0.2408 0.9706 -0.0050
vn -0.2403 0.9707 0.0026
vn -0.2408 0.9706 -0.0037
vn -0.2408 0.9706 -0.0033
vn -0.2403 0.9707 0.0012
vn -0.2397 0.9708 0.0050
vn -0.2408 0.9706 -0.0020
vn -0.2408 0.9706 -0.0016
vn -0.2403 0.9707 0.0002
vn -0.2398 0.9708 0.0009
vn -0.2407 0.9704 -0.0196
vn -0.2396 0.9701 0.0393
vn -0.2408 0.9704 -0.0192
vn -0.2403 0.9707 0.0097
vn -0.2408 0.9704 -0.0179
vn -0.2396 0.9702 0.0362
vn -0.2408 0.9704 -0.0175
vn -0.2403 0.9707 0.0077
vn -0.2408 0.9704 -0.0177
vn -0.2402 0.9707 0.0114
vn -0.2408 0.9704 -0.0162
vn -0.2396 0.9703 0.0321
vn -0.2408 0.9704 -0.0164
vn -0.2403 0.9707 0.0073
vn -0.2408 0.9705 -0.0154
vn -0.2402 0.9707 0.0098
vn -0.2408 0.9705 -0.0146
vn -0.2397 0.9705 0.0280
vn -0.2402 0.9707 0.0083
vn -0.2405 0.9707 -0.0011
vn -0.2393 0.9703 0.0353
vn -0.2402 0.9707 0.0074
vn -0.2417 0.9689 -0.0539
vn -0.2389 0.9701 0.0418
vn -0.2402 0.9707 0.0067
vn -0.2393 0.9705 0.0291
vn -0.2418 0.9691 -0.0481
vn -0.2393 0.9706 0.0274
vn -0.2418 0.9693 -0.0454
vn -0.2389 0.9704 0.0341
vn -0.2419 0.9693 -0.0445
vn -0.2408 0.9705 -0.0081
vn -0.2402 0.9707 0.0058
vn -0.2408 0.9705 -0.0079
vn -0.2402 0.9707 0.0056
vn -0.2405 0.9706 -0.0013
vn -0.2402 0.9707 0.0050
vn -0.2408 0.9706 -0.0060
vn -0.2405 0.9706 -0.0014
vn -0.2402 0.9707 0.0034
vn -0.2402 0.9707 0.0031
vn -0.2402 0.9707 0.0024
vn -0.2408 0.9706 -0.0040
vn -0.2397 0.9708 0.0065
vn -0.2408 0.9706 -0.0032
vn -0.2402 0.9707 0.0015
vn -0.2397 0.9708 0.0024
vn 0.2406 -0.9706 0.0001
vn 0.2406 -0.9706 -0.0014
vn 0.2404 -0.9707 0.0006
vn 0.2406 -0.9706 -0.0003
vn 0.2396 -0.9709 0.0000
vn -0.2403 0.9707 -0.0010
vn -0.2406 0.9706 -0.0001
vn -0.2391 0.9710 0.0017
vn -0.2396 0.9709 -0.0002
vn -0.2391 0.9710 0.0056
vn -0.2445 0.9697 0.0000
vn -0.2396 0.9709 0.0000
vn -0.2404 0.9707 0.0005
vn -0.2409 0.9706 -0.0011
vn 0.9708 0.2398 0.0000
vn -0.9709 -0.2395 0.0000
vn -0.9708 -0.2398 0.0000
vn 0.2403 -0.9707 -0.0004
vn 0.2421 -0.9702 -0.0024
vn 0.2403 -0.9707 0.0004
vn 0.2402 -0.9707 0.0009
vn 0.2402 -0.9707 -0.0009
vn 0.2421 -0.9702 0.0024
vn -0.2420 0.9703 0.0024
vn -0.2420 0.9703 -0.0024
vn -0.2397 0.9708 0.0003
vn -0.2397 0.9708 -0.0003
vn 0.6859 0.1694 -0.7077
vn 0.6867 0.1702 -0.7067
vn 0.6869 0.1697 0.7067
vn 0.6857 0.1701 0.7077
vn 0.6870 0.1705 -0.7064
vn 0.6867 0.1704 0.7067
vn -0.7705 -0.1901 0.6084
vn -0.7688 -0.1905 0.6104
vn -0.7690 -0.1897 -0.6104
vn -0.7703 -0.1909 -0.6085
vn -0.6869 -0.1697 0.7067
vn -0.6859 -0.1694 -0.7077
vn -0.9707 -0.2405 0.0002
vn -0.9707 -0.2405 -0.0001
vn 0.2403 -0.9707 0.0100
vn 0.2408 -0.9704 -0.0182
vn 0.2403 -0.9707 0.0080
vn 0.2408 -0.9704 -0.0175
vn 0.2392 -0.9701 0.0411
vn 0.2397 -0.9705 0.0281
vn 0.2392 -0.9702 0.0390
vn 0.2416 -0.9684 -0.0618
vn 0.2417 -0.9684 -0.0610
vn 0.2388 -0.9699 0.0465
vn 0.2417 -0.9687 -0.0564
vn 0.2408 -0.9705 -0.0104
vn 0.2402 -0.9707 0.0091
vn 0.2408 -0.9705 -0.0116
vn 0.2402 -0.9707 0.0079
vn 0.2402 -0.9707 0.0077
vn 0.2408 -0.9705 -0.0087
vn 0.2402 -0.9707 0.0070
vn 0.2405 -0.9706 -0.0009
vn 0.2405 -0.9706 -0.0008
vn 0.2408 -0.9706 -0.0026
vn 0.2403 -0.9707 0.0012
vn 0.2408 -0.9706 -0.0020
vn 0.2403 -0.9706 0.0104
vn 0.2408 -0.9704 -0.0179
vn 0.2402 -0.9706 0.0145
vn 0.2403 -0.9707 0.0102
vn 0.2402 -0.9706 0.0136
vn 0.2405 -0.9706 -0.0018
vn 0.2408 -0.9705 -0.0143
vn 0.2402 -0.9707 0.0106
vn 0.2408 -0.9705 -0.0132
vn 0.2402 -0.9707 0.0104
vn 0.2408 -0.9705 -0.0122
vn 0.2402 -0.9707 0.0098
vn 0.2408 -0.9705 -0.0137
vn 0.2397 -0.9705 0.0255
vn 0.2389 -0.9704 0.0356
vn 0.2402 -0.9707 0.0066
vn 0.2393 -0.9706 0.0251
vn 0.2419 -0.9695 -0.0385
vn 0.2394 -0.9707 0.0230
vn 0.2419 -0.9696 -0.0370
vn 0.2390 -0.9706 0.0279
vn 0.2419 -0.9697 -0.0330
vn 0.2408 -0.9706 -0.0049
vn 0.2402 -0.9707 0.0062
vn 0.2408 -0.9705 -0.0054
vn 0.2408 -0.9706 -0.0032
vn 0.2402 -0.9707 0.0043
vn 0.2408 -0.9706 -0.0028
vn 0.2408 -0.9706 -0.0016
vn 0.2402 -0.9707 0.0030
vn 0.2402 -0.9707 0.0022
vn 0.2403 -0.9707 0.0014
vn -0.2408 0.9703 -0.0214
vn -0.2396 0.9701 0.0389
vn -0.2408 0.9704 -0.0201
vn -0.2396 0.9702 0.0348
vn -0.2408 0.9705 -0.0160
vn -0.2402 0.9707 0.0103
vn -0.2396 0.9704 0.0307
vn -0.2408 0.9705 -0.0143
vn -0.2408 0.9705 -0.0135
vn -0.2397 0.9705 0.0259
vn -0.2403 0.9707 0.0059
vn -0.2393 0.9704 0.0332
vn -0.2417 0.9689 -0.0526
vn -0.2393 0.9704 0.0310
vn -0.2418 0.9689 -0.0527
vn -0.2393 0.9706 0.0273
vn -0.2418 0.9693 -0.0446
vn -0.2393 0.9706 0.0265
vn -0.2419 0.9693 -0.0433
vn -0.2403 0.9707 0.0041
vn -0.2408 0.9706 -0.0071
vn -0.2408 0.9706 -0.0066
vn -0.2402 0.9707 0.0049
vn -0.2403 0.9707 0.0033
vn -0.2408 0.9706 -0.0054
vn -0.2408 0.9706 -0.0051
vn -0.2402 0.9707 0.0037
vn -0.2403 0.9707 0.0021
vn -0.2403 0.9707 0.0009
vn -0.2397 0.9708 0.0009
vn -0.2408 0.9704 -0.0203
vn -0.2396 0.9700 0.0403
vn -0.2408 0.9704 -0.0191
vn -0.2402 0.9706 0.0137
vn -0.2403 0.9707 0.0091
vn -0.2402 0.9707 0.0112
vn -0.2403 0.9707 0.0079
vn -0.2408 0.9705 -0.0158
vn -0.2402 0.9707 0.0105
vn -0.2405 0.9707 -0.0009
vn -0.2403 0.9707 0.0067
vn -0.2392 0.9703 0.0372
vn -0.2403 0.9707 0.0049
vn -0.2393 0.9704 0.0333
vn -0.2417 0.9687 -0.0562
vn -0.2389 0.9701 0.0419
vn -0.2417 0.9690 -0.0517
vn -0.2393 0.9705 0.0295
vn -0.2418 0.9691 -0.0480
vn -0.2419 0.9691 -0.0478
vn -0.2418 0.9694 -0.0426
vn -0.2403 0.9707 0.0040
vn -0.2408 0.9706 -0.0068
vn -0.2397 0.9707 0.0143
vn -0.2408 0.9705 -0.0068
vn -0.2397 0.9708 0.0106
vn -0.2402 0.9707 0.0029
vn -0.2409 0.9705 -0.0050
vn -0.2408 0.9706 -0.0035
vn -0.2408 0.9706 -0.0029
vn 0.2405 -0.9706 -0.0039
vn 0.2405 -0.9706 0.0002
vn -0.2406 0.9706 0.0009
vn -0.2409 0.9706 -0.0002
vn -0.2406 0.9706 0.0008
vn -0.2391 0.9710 0.0054
vn -0.2443 0.9697 0.0000
vn -0.2394 0.9709 0.0041
vn -0.2434 0.9699 0.0000
vn -0.2406 0.9706 0.0007
vn 0.2421 -0.9703 0.0023
vn 0.2421 -0.9703 -0.0024
vn 0.2421 -0.9703 0.0024
vn 0.2421 -0.9703 -0.0023
vn -0.2420 0.9703 -0.0014
vn -0.2421 0.9702 -0.0025
vn -0.2421 0.9702 0.0025
vn -0.2420 0.9703 0.0014
vn 0.6868 0.1702 -0.7067
vn 0.6869 0.1697 0.7066
vn 0.6858 0.1702 -0.7077
vn 0.6857 0.1702 0.7077
vn 0.6858 0.1701 0.7076
vn -0.6870 -0.1705 0.7064
vn -0.6870 -0.1705 -0.7064
vn 0.1409 -0.5690 0.8102
vn 0.1412 -0.5692 0.8100
vn 0.5693 0.1410 0.8099
vn -0.1406 0.5690 0.8103
vn -0.1413 0.5697 0.8096
vn -0.5686 -0.1388 0.8108
vn -0.5698 -0.1411 0.8096
vn -0.9708 -0.2400 0.0000
vn -0.9706 -0.2406 -0.0003
vn 0.2408 -0.9704 -0.0193
vn 0.2396 -0.9701 0.0389
vn 0.2396 -0.9702 0.0348
vn 0.2402 -0.9707 0.0111
vn 0.2402 -0.9707 0.0100
vn 0.2402 -0.9707 0.0102
vn 0.2408 -0.9705 -0.0144
vn 0.2403 -0.9707 0.0059
vn 0.2397 -0.9705 0.0266
vn 0.2405 -0.9707 -0.0009
vn 0.2403 -0.9707 0.0054
vn 0.2393 -0.9704 0.0331
vn 0.2393 -0.9704 0.0311
vn 0.2417 -0.9691 -0.0499
vn 0.2388 -0.9702 0.0403
vn 0.2418 -0.9690 -0.0498
vn 0.2419 -0.9692 -0.0461
vn 0.2408 -0.9706 -0.0071
vn 0.2403 -0.9707 0.0039
vn 0.2408 -0.9705 -0.0069
vn 0.2402 -0.9707 0.0046
vn 0.2403 -0.9707 0.0031
vn 0.2402 -0.9707 0.0034
vn 0.2408 -0.9706 -0.0037
vn 0.2403 -0.9707 0.0017
vn 0.2408 -0.9706 -0.0034
vn 0.2402 -0.9707 0.0014
vn 0.2409 -0.9706 -0.0023
vn 0.2397 -0.9708 0.0009
vn 0.2407 -0.9704 -0.0196
vn 0.2396 -0.9700 0.0403
vn 0.2408 -0.9703 -0.0228
vn 0.2402 -0.9706 0.0137
vn 0.2402 -0.9706 0.0130
vn 0.2408 -0.9704 -0.0174
vn 0.2402 -0.9707 0.0121
vn 0.2403 -0.9707 0.0072
vn 0.2408 -0.9704 -0.0162
vn 0.2402 -0.9707 0.0112
vn 0.2408 -0.9705 -0.0158
vn 0.2403 -0.9707 0.0068
vn 0.2408 -0.9705 -0.0151
vn 0.2408 -0.9705 -0.0141
vn 0.2402 -0.9707 0.0089
vn 0.2405 -0.9707 -0.0011
vn 0.2408 -0.9705 -0.0129
vn 0.2402 -0.9707 0.0080
vn 0.2393 -0.9704 0.0333
vn 0.2388 -0.9701 0.0435
vn 0.2418 -0.9689 -0.0534
vn 0.2393 -0.9705 0.0295
vn 0.2418 -0.9690 -0.0507
vn 0.2393 -0.9706 0.0274
vn 0.2418 -0.9693 -0.0454
vn 0.2408 -0.9705 -0.0081
vn 0.2403 -0.9707 0.0045
vn 0.2408 -0.9705 -0.0076
vn 0.2397 -0.9707 0.0147
vn 0.2408 -0.9706 -0.0064
vn 0.2403 -0.9707 0.0030
vn 0.2408 -0.9706 -0.0059
vn 0.2397 -0.9708 0.0065
vn 0.2408 -0.9706 -0.0027
vn 0.2397 -0.9708 0.0024
vn -0.2402 0.9706 0.0126
vn -0.2408 0.9704 -0.0178
vn -0.2403 0.9707 0.0081
vn -0.2402 0.9707 0.0120
vn -0.2408 0.9704 -0.0171
vn -0.2408 0.9705 -0.0161
vn -0.2403 0.9707 0.0078
vn -0.2402 0.9707 0.0096
vn -0.2408 0.9705 -0.0144
vn -0.2402 0.9707 0.0079
vn -0.2408 0.9705 -0.0145
vn -0.2397 0.9706 0.0219
vn -0.2402 0.9707 0.0069
vn -0.2408 0.9705 -0.0125
vn -0.2397 0.9707 0.0184
vn -0.2390 0.9705 0.0311
vn -0.2419 0.9695 -0.0387
vn -0.2420 0.9696 -0.0376
vn -0.2419 0.9697 -0.0330
vn -0.2408 0.9706 -0.0062
vn -0.2402 0.9707 0.0042
vn -0.2397 0.9708 0.0117
vn -0.2402 0.9707 0.0033
vn -0.2402 0.9707 0.0030
vn -0.2408 0.9706 -0.0034
vn -0.2402 0.9707 0.0020
vn -0.2402 0.9707 0.0014
vn -0.2402 0.9707 0.0011
vn -0.2401 0.9708 0.0000
vn -0.2402 0.9707 -0.0002
vn -0.2402 0.9706 0.0143
vn -0.2402 0.9706 0.0128
vn -0.2402 0.9707 0.0121
vn -0.2408 0.9705 -0.0150
vn -0.2396 0.9704 0.0295
vn -0.2392 0.9701 0.0412
vn -0.2402 0.9707 0.0089
vn -0.2416 0.9684 -0.0623
vn -0.2388 0.9698 0.0495
vn -0.2416 0.9683 -0.0629
vn -0.2417 0.9687 -0.0566
vn -0.2408 0.9705 -0.0110
vn -0.2402 0.9707 0.0082
vn -0.2408 0.9705 -0.0118
vn -0.2397 0.9706 0.0228
vn -0.2408 0.9705 -0.0098
vn -0.2402 0.9707 0.0072
vn -0.2408 0.9705 -0.0099
vn -0.2397 0.9707 0.0183
vn -0.2402 0.9707 0.0063
vn -0.2402 0.9707 0.0052
vn -0.2403 0.9707 0.0030
vn -0.2408 0.9706 -0.0049
vn -0.2402 0.9707 0.0022
vn -0.2408 0.9706 -0.0031
vn -0.2403 0.9707 0.0008
vn -0.2402 0.9707 0.0009
vn 0.2394 -0.9709 0.0042
vn 0.2435 -0.9699 0.0000
vn 0.2409 -0.9706 -0.0011
vn 0.2394 -0.9709 0.0013
vn 0.2398 -0.9708 -0.0002
vn -0.2401 0.9708 0.0006
vn -0.2406 0.9706 -0.0041
vn -0.2391 0.9710 0.0016
vn 0.2421 -0.9702 0.0013
vn 0.2421 -0.9702 -0.0014
vn 0.2421 -0.9702 0.0014
vn 0.2421 -0.9702 -0.0013
vn 0.6854 0.1700 0.7080
vn 0.6870 0.1704 -0.7064
vn 0.6872 0.1698 0.7064
vn 0.6873 0.1696 0.7064
vn -0.6873 -0.1696 0.7063
vn -0.6871 -0.1703 -0.7063
vn -0.6859 -0.1692 -0.7077
vn -0.6858 -0.1700 0.7076
vn -0.6860 -0.1693 -0.7077
vn -0.6871 -0.1703 0.7063
vn -0.6858 -0.1700 -0.7077
vn 0.1405 -0.5688 0.8104
vn 0.1413 -0.5697 0.8096
vn 0.5695 0.1413 0.8098
vn -0.1411 0.5691 0.8101
vn -0.1411 0.5692 0.8100
vn -0.5685 -0.1393 0.8108
vn -0.9706 -0.2406 0.0007
vn -0.9703 -0.2420 0.0000
vn -0.9706 -0.2408 0.0004
vn -0.9706 -0.2408 -0.0006
vn 0.2403 -0.9707 0.0086
vn 0.2408 -0.9704 -0.0184
vn 0.2408 -0.9704 -0.0171
vn 0.2403 -0.9707 0.0083
vn 0.2403 -0.9707 0.0071
vn 0.2408 -0.9705 -0.0149
vn 0.2402 -0.9707 0.0095
vn 0.2408 -0.9705 -0.0136
vn 0.2393 -0.9704 0.0327
vn 0.2408 -0.9705 -0.0130
vn 0.2389 -0.9703 0.0385
vn 0.2402 -0.9707 0.0063
vn 0.2418 -0.9693 -0.0442
vn 0.2394 -0.9706 0.0249
vn 0.2390 -0.9705 0.0311
vn 0.2419 -0.9695 -0.0404
vn 0.2408 -0.9706 -0.0066
vn 0.2402 -0.9707 0.0013
vn 0.2405 -0.9706 -0.0033
vn 0.2402 -0.9706 0.0131
vn 0.2408 -0.9704 -0.0181
vn 0.2405 -0.9706 -0.0032
vn 0.2408 -0.9704 -0.0168
vn 0.2405 -0.9706 -0.0031
vn 0.2402 -0.9707 0.0099
vn 0.2408 -0.9705 -0.0146
vn 0.2388 -0.9698 0.0496
vn 0.2402 -0.9707 0.0083
vn 0.2393 -0.9703 0.0349
vn 0.2417 -0.9686 -0.0591
vn 0.2417 -0.9689 -0.0539
vn 0.2417 -0.9690 -0.0511
vn 0.2393 -0.9706 0.0271
vn 0.2403 -0.9707 0.0040
vn 0.2408 -0.9705 -0.0071
vn 0.2402 -0.9707 0.0047
vn 0.2408 -0.9706 -0.0062
vn 0.2408 -0.9706 -0.0048
vn 0.2403 -0.9707 0.0016
vn 0.2408 -0.9706 -0.0036
vn 0.2402 -0.9707 0.0015
vn -0.2402 0.9706 0.0136
vn -0.2403 0.9707 0.0086
vn -0.2408 0.9704 -0.0184
vn -0.2408 0.9704 -0.0189
vn -0.2402 0.9707 0.0118
vn -0.2402 0.9707 0.0104
vn -0.2408 0.9705 -0.0149
vn -0.2408 0.9704 -0.0155
vn -0.2402 0.9707 0.0086
vn -0.2408 0.9705 -0.0127
vn -0.2397 0.9706 0.0225
vn -0.2408 0.9705 -0.0130
vn -0.2408 0.9705 -0.0114
vn -0.2408 0.9705 -0.0101
vn -0.2402 0.9707 0.0054
vn -0.2405 0.9707 -0.0013
vn -0.2394 0.9707 0.0211
vn -0.2402 0.9707 0.0044
vn -0.2394 0.9707 0.0194
vn -0.2419 0.9697 -0.0329
vn -0.2394 0.9708 0.0170
vn -0.2420 0.9698 -0.0315
vn -0.2408 0.9706 -0.0038
vn -0.2403 0.9707 0.0019
vn -0.2402 0.9707 0.0021
vn -0.2403 0.9707 0.0007
vn -0.2401 0.9707 0.0000
vn -0.2405 0.9707 -0.0012
vn -0.2403 0.9707 0.0092
vn -0.2403 0.9707 0.0080
vn -0.2392 0.9700 0.0428
vn -0.2396 0.9704 0.0296
vn -0.2416 0.9680 -0.0679
vn -0.2393 0.9702 0.0387
vn -0.2403 0.9707 0.0069
vn -0.2408 0.9705 -0.0106
vn -0.2408 0.9705 -0.0113
vn -0.2408 0.9705 -0.0085
vn -0.2397 0.9707 0.0187
vn -0.2409 0.9705 -0.0096
vn -0.2408 0.9705 -0.0071
vn -0.2408 0.9705 -0.0073
vn -0.2408 0.9705 -0.0054
vn -0.2408 0.9706 -0.0036
vn -0.2402 0.9707 0.0006
vn 0.2391 -0.9710 0.0056
vn 0.2445 -0.9697 0.0000
vn 0.2398 -0.9708 -0.0009
vn -0.2401 0.9707 0.0006
vn -0.2406 0.9706 -0.0002
vn 0.2420 -0.9703 0.0014
vn 0.2420 -0.9703 -0.0014
vn 0.6870 0.1703 -0.7064
vn -0.6858 -0.1699 -0.7077
vn -0.6870 -0.1705 -0.7063
vn 0.2403 -0.9707 0.0007
vn 0.2407 -0.9706 -0.0004
vn 0.2403 -0.9707 0.0008
vn 0.2407 -0.9706 -0.0003
vn -0.0700 0.9975 0.0000
vn 0.0707 -0.9975 0.0000
vn -0.9713 -0.2378 0.0000
vn -0.0483 0.1949 -0.9796
vn 0.2406 -0.9706 0.0023
vn 0.2404 -0.9707 0.0010
vn -0.9707 -0.2405 0.0000
vn 0.1756 -0.7090 0.6830
vn 0.6305 0.1563 0.7603
vn 0.6300 0.1568 0.7606
vn 0.0005 0.0002 1.0000
vn -0.0001 0.0002 1.0000
vn 0.3067 0.0763 -0.9487
vn 0.3069 0.0763 -0.9487
vn -0.3069 -0.0764 -0.9487
vn -0.3068 -0.0763 -0.9487
vn 0.0760 -0.3070 -0.9487
vn 0.0760 -0.3069 -0.9487
vn -0.9940 0.1091 0.0000
vn 0.2397 -0.9709 0.0000
vn 0.2397 -0.9709 0.0011
vn 0.0090 0.1939 -0.9810
vn -0.0491 0.1983 -0.9789
vn -0.0472 -0.9989 0.0000
vn -0.0565 -0.9984 0.0000
vn -0.0555 -0.9985 -0.0005
vn -0.0554 -0.9985 0.0000
vn -0.9958 0.0916 0.0000
vn 0.0089 0.1909 -0.9816
vn 0.0090 0.1910 -0.9815
vn -0.0483 0.1859 -0.9814
vn -0.0457 0.1955 -0.9796
vn -0.0457 0.1854 -0.9816
vn -0.0458 0.1854 -0.9816
vn 0.6220 -0.0192 -0.7827
vn 0.6212 -0.0053 -0.7837
vn -0.6456 0.0066 -0.7637
vn -0.6463 0.0200 -0.7628
vn 0.1013 -0.3131 0.9443
vn 0.3639 0.0902 -0.9271
vn 0.9707 0.2405 0.0000
vn 0.3638 0.0901 0.9271
vn -0.3639 -0.0902 -0.9271
vn -0.3638 -0.0901 0.9271
vn -0.0734 0.9968 -0.0324
vn -0.0717 0.9971 0.0245
vn -0.0707 0.9975 0.0000
vn -0.0714 0.9974 -0.0019
vn -0.0732 0.9973 -0.0042
vn -0.1168 0.9926 -0.0326
vn -0.0715 0.9974 0.0000
vn 0.9975 0.0706 -0.0004
vn 0.9975 0.0704 0.0001
vn 0.9975 0.0702 0.0000
vn 0.9975 0.0706 -0.0003
vn 0.9975 0.0704 0.0002
vn 0.2406 -0.9706 -0.0004
vn 0.2403 -0.9707 -0.0007
vn 0.2403 -0.9707 0.0010
vn 0.2407 -0.9706 -0.0006
vn 0.2413 -0.9705 0.0000
vn 0.9707 0.2404 0.0019
vn 0.9703 0.2421 0.0028
vn 0.9706 0.2406 0.0019
vn 0.9707 0.2404 0.0018
vn 0.9706 0.2405 0.0021
vn 0.9707 0.2404 0.0016
vn 0.9703 0.2421 0.0010
vn 0.9706 0.2406 0.0020
vn 0.9707 0.2404 0.0017
vn 0.9706 0.2405 0.0018
vn 0.9701 0.2428 0.0031
vn 0.9706 0.2405 0.0019
vn 0.9705 0.2412 0.0029
vn 0.0023 0.0006 -1.0000
vn -0.2412 0.9705 0.0000
vn 0.0018 0.0004 -1.0000
vn -0.0018 -0.0004 1.0000
vn -0.0023 -0.0006 1.0000
vn -0.3070 0.9517 0.0000
vn -0.3072 0.9516 0.0000
# 2009 vertex normals

vt 3.6780 0.8248 14.5370
vt 0.6079 0.8250 14.7495
vt 0.6079 -1.4132 14.7495
vt 3.6780 -1.3961 14.5370
vt 0.7411 2.1180 6.3017
vt 5.4322 2.2972 4.7867
vt 5.4322 3.3034 4.7866
vt 5.4458 3.6273 4.7832
vt 10.4407 3.2504 6.8494
vt 8.8076 3.3034 6.7342
vt 8.8073 2.2972 6.7346
vt 10.4121 2.2858 6.8474
vt 4.7867 2.2972 5.4322
vt 4.7866 3.3034 5.4322
vt -8.9586 4.6991 2.9593
vt -12.6320 4.6991 3.8696
vt -12.6396 2.1750 3.8715
vt -8.9662 2.1638 2.9612
vt -0.4986 2.1789 10.3284
vt -1.6352 2.1789 10.0469
vt -1.6352 2.1551 10.0470
vt -0.4986 2.1246 10.3285
vt 13.9985 2.7332 7.1114
vt 12.6852 2.2972 7.0158
vt 13.9990 2.2972 7.1097
vt -0.3533 4.6991 10.3595
vt -0.4974 4.6991 10.3235
vt -0.4974 4.6105 10.3237
vt -0.3545 2.1207 10.3642
vt -0.4975 4.5946 10.3237
vt -0.4975 4.5363 10.3240
vt -1.9593 4.6991 9.9586
vt -1.9612 2.1638 9.9662
vt -1.6336 4.5392 10.0406
vt -1.6335 4.6991 10.0399
vt -1.6335 4.5958 10.0402
vt -1.6335 4.6115 10.0402
vt 1.1006 -1.2835 -13.3172
vt 1.1006 -5.0195 -13.3172
vt 2.3849 -2.5561 -13.4541
vt 2.3849 -1.2835 -13.4541
vt 2.3849 -5.0763 -13.4541
vt 2.3849 -2.3834 -13.4541
vt 3.6093 -1.2835 -13.5847
vt 6.3084 -2.3834 -13.8725
vt 6.3084 -1.2835 -13.8725
vt 2.6461 -1.2835 -13.4820
vt 12.5788 2.4676 0.2814
vt 10.7420 2.4676 -0.1736
vt 14.4162 2.0618 0.7366
vt 14.4156 2.4676 0.7365
vt 10.7427 2.0552 -0.1734
vt 1.1734 2.0552 10.7427
vt 0.8824 2.4842 10.6699
vt -0.2172 2.5009 10.3977
vt 1.1736 2.4676 10.7420
vt 1.1745 4.6991 10.7383
vt 0.8832 4.3991 10.6666
vt -0.2163 4.3991 10.3940
vt 2.6336 4.6991 13.9413
vt 3.8696 4.6991 13.6320
vt 3.8696 4.7399 13.6320
vt 0.7355 4.7399 14.4118
vt 0.7355 4.6991 14.4118
vt -8.9586 4.7399 2.9593
vt -12.6320 4.7399 3.8696
vt 1.1745 4.7399 10.7383
vt -1.9593 4.7399 9.9586
vt 12.5750 4.6991 0.2805
vt 14.4118 4.6991 0.7355
vt 14.4118 4.7399 0.7355
vt 10.7383 4.7399 -0.1745
vt 10.7383 4.6991 -0.1745
vt -8.7768 3.0688 4.7899
vt -12.7414 4.0512 4.7899
vt -12.6320 3.8696 4.7399
vt -8.9586 2.9593 4.7399
vt 1.1006 0.8245 -13.3172
vt 1.5973 0.1859 -13.3701
vt 1.5973 0.4101 -13.3702
vt 1.5974 0.9116 -13.3701
vt 1.1006 0.5110 -13.3172
vt 2.6461 -0.7300 -13.4820
vt 3.6070 -0.7300 -13.5844
vt 7.2546 -1.2103 -13.9734
vt 7.2546 -0.9297 -13.9734
vt -4.9748 -0.8833 -4.2782
vt -10.8529 -0.8833 -5.7344
vt -10.8529 -0.9795 -5.7344
vt -4.9748 -0.9795 -4.2782
vt -13.9734 -5.0421 -6.2546
vt -13.1150 -5.0421 -6.2947
vt -13.1151 -1.8591 -6.2947
vt -13.9734 -1.2103 -6.2546
vt -13.1151 -0.9795 -6.2947
vt -13.9734 -0.9297 -6.2546
vt 14.7495 -2.3917 0.6079
vt 13.4345 -2.3917 0.2822
vt 13.4345 -5.2947 0.2822
vt 14.7495 -5.4902 0.6079
vt 13.4345 -5.0991 0.2822
vt 13.4345 -5.4902 0.2822
vt -3.7429 1.0330 -3.9730
vt -4.9748 1.0330 -4.2782
vt -4.9748 -0.7871 -4.2782
vt -3.7429 -1.4132 -3.9730
vt -4.9748 -1.4132 -4.2782
vt -3.7429 0.8250 -3.9730
vt -2.3449 0.8250 -3.6267
vt -2.3449 1.0330 -3.6267
vt -1.1147 0.8250 -3.3220
vt -1.1147 1.0330 -3.3220
vt 0.2850 0.8250 -2.9752
vt 0.2850 1.0330 -2.9752
vt 1.5172 0.8250 -2.6700
vt 1.5172 1.0330 -2.6700
vt 2.9149 0.8250 -2.3237
vt 2.9149 1.0330 -2.3237
vt 4.1579 0.8250 -2.0158
vt 4.1579 1.0330 -2.0158
vt 10.8046 0.8250 -0.3693
vt 10.8046 -1.4132 -0.3693
vt 12.0174 -1.4132 -0.0688
vt 12.0174 0.8250 -0.0688
vt 8.1747 0.8250 -1.0208
vt 8.1747 -1.4132 -1.0208
vt 9.4017 -1.4132 -0.7168
vt 9.4017 0.8250 -0.7168
vt 5.5448 0.8250 -1.6722
vt 5.5448 -1.4132 -1.6723
vt 6.7861 -1.4132 -1.3648
vt 6.7861 0.8250 -1.3648
vt -2.3449 -2.3917 -3.6267
vt -2.3449 -1.4132 -3.6267
vt -3.7429 -2.3917 -3.9730
vt -1.1147 -2.3917 -3.3220
vt -1.1147 -1.4132 -3.3220
vt 0.2850 -2.3917 -2.9752
vt 0.2850 -1.4132 -2.9752
vt 1.5172 -2.3917 -2.6700
vt 1.5172 -1.4132 -2.6700
vt 2.9149 -2.3917 -2.3237
vt 2.9149 -1.4132 -2.3237
vt 4.1579 -2.3917 -2.0158
vt 4.1579 -1.4132 -2.0158
vt 13.4345 0.8250 0.2822
vt 13.4345 -1.4132 0.2822
vt 14.7495 -1.4132 0.6079
vt 14.7495 0.8250 0.6079
vt -4.9748 -2.3917 -4.2782
vt 1.8856 1.0713 0.0010
vt -0.8856 0.9787 0.9990
vt -0.8856 0.4145 0.9989
vt 1.8856 -1.0787 0.0007
vt -0.8856 -1.0787 0.9988
vt 1.8856 2.0787 0.0005
vt -0.8856 2.0787 0.9995
vt 2.3882 0.3582 -2.4095
vt 0.3666 0.9747 -3.0280
vt 0.5132 0.9214 -2.9830
vt 2.3882 0.2393 -2.4095
vt 0.3666 1.0935 -3.0280
vt 0.3666 0.0110 -3.0280
vt 0.5124 0.0400 -2.9834
vt 2.4517 0.2393 -2.3901
vt -1.1846 0.2393 2.3180
vt -1.1847 0.5018 2.3180
vt -1.7386 0.5020 2.3581
vt -3.0273 0.5018 2.4517
vt -3.0272 0.2393 2.4517
vt 0.1667 0.5018 1.8802
vt 0.1667 0.2393 1.8798
vt -1.7473 0.8189 2.3587
vt -3.0272 0.6472 2.4517
vt -1.1848 0.8372 2.3179
vt 0.1669 0.8372 1.8809
vt 4.0280 0.9747 0.6334
vt 0.1670 0.9747 1.8812
vt 4.0280 0.0110 0.6334
vt 0.1665 0.0110 1.8792
vt -1.1846 0.0110 2.3180
vt 4.0280 1.0935 0.6334
vt 0.1660 1.0935 1.8814
vt 3.6780 -2.4420 14.5370
vt 0.6079 -2.3917 14.7495
vt 5.5448 1.0330 -1.6722
vt 12.0174 1.0330 -0.0688
vt 13.4345 1.0330 0.2822
vt 10.8046 1.0330 -0.3693
vt 9.4017 1.0330 -0.7168
vt 8.1747 1.0330 -1.0208
vt 6.7861 1.0330 -1.3648
vt 14.7495 1.0330 0.6079
vt 0.6079 1.0330 14.7495
vt 7.4303 1.0330 14.2773
vt 4.7099 0.8247 14.4656
vt 5.3255 0.8247 14.4230
vt 6.8147 0.8246 14.3199
vt 7.4303 0.8245 14.2773
vt 5.5448 -2.3917 -1.6723
vt 12.0174 -2.3917 -0.0688
vt 10.8046 -2.3917 -0.3693
vt 9.4017 -2.3917 -0.7168
vt 8.1747 -2.3917 -1.0208
vt 6.7861 -2.3917 -1.3648
vt -1.1147 -4.3865 -3.3220
vt -2.3449 -4.3865 -3.6267
vt 1.5172 -4.3865 -2.6700
vt 0.2850 -4.3865 -2.9752
vt 4.1579 -4.3865 -2.0158
vt 2.9149 -4.3865 -2.3237
vt -3.7429 -4.3865 -3.9730
vt -4.9748 -4.3865 -4.2782
vt 0.6079 -5.4902 14.7495
vt 3.6780 -5.4902 14.5370
vt 3.6780 -4.4386 14.5370
vt 4.1579 -5.0874 -2.0158
vt 5.5448 -5.0874 -1.6723
vt 5.5448 -4.3865 -1.6723
vt 10.8046 -4.3865 -0.3693
vt 10.8046 -5.0874 -0.3693
vt 12.0175 -5.0874 -0.0689
vt 12.0175 -4.3865 -0.0688
vt 9.4017 -4.3865 -0.7168
vt 9.4017 -5.0874 -0.7168
vt 8.1747 -4.3865 -1.0208
vt 8.1747 -5.0874 -1.0208
vt 6.7861 -4.3865 -1.3648
vt 6.7861 -5.0874 -1.3648
vt -1.1147 -5.0874 -3.3220
vt -2.3449 -5.0874 -3.6267
vt 0.2850 -5.0874 -2.9752
vt 1.5172 -5.0874 -2.6700
vt 2.9149 -5.0874 -2.3237
vt -3.7429 -5.0874 -3.9730
vt -4.9748 -5.0874 -4.2782
vt 0.9995 0.0005 1.0000
vt 0.9995 0.9995 0.5000
vt 0.0005 0.9995 0.0000
vt 0.0005 0.0005 0.5000
vt 0.9995 0.0005 0.5000
vt 0.9995 0.9995 1.0000
vt 0.0005 0.9995 0.7500
vt 0.0005 0.0005 0.0000
vt 0.0005 0.9995 0.5000
vt 0.0005 0.0005 -0.5000
vt 0.0005 0.0005 1.5000
vt 0.9995 0.0005 1.5000
vt 0.0005 0.0005 0.2500
vt 0.9995 0.0005 0.7500
vt 0.9995 0.9995 0.7500
vt 0.0005 0.9995 1.0000
vt 0.0005 0.0005 -0.2500
vt 0.0005 0.9995 -0.5000
vt 0.9995 0.9995 -0.5000
vt 0.0005 0.9995 -1.5000
vt -3.0722 1.5096 -0.9342
vt 9.9662 2.9612 2.1638
vt -1.8846 1.4686 1.3342
vt 11.8029 3.4163 2.1694
vt 0.7365 2.4676 14.4156
vt 13.6396 3.8715 2.1750
vt -0.6970 1.4275 3.6026
vt 0.4068 1.4865 -12.9143
vt 0.4068 1.9000 -12.9143
vt 0.3372 1.9700 -12.9069
vt 0.3372 1.4165 -12.9069
vt 1.2305 1.4865 -13.0022
vt 1.3004 1.4165 -13.0096
vt 1.2288 1.9000 -13.0020
vt 1.2981 1.9700 -13.0094
vt -12.8149 1.4865 0.5826
vt -12.8149 1.9000 0.5826
vt -12.9143 1.9000 0.5932
vt -12.9143 1.4865 0.5932
vt -12.9027 -0.2411 1.4865
vt -12.8149 0.5826 1.4865
vt -12.9143 0.5932 1.4865
vt -13.0022 -0.2305 1.4865
vt 13.9025 1.9000 -0.2394
vt 13.9027 1.4865 -0.2411
vt 14.0022 1.4865 -0.2305
vt 14.0020 1.9000 -0.2288
vt 13.8149 0.5826 1.9000
vt 13.9025 -0.2394 1.9000
vt 14.0020 -0.2288 1.9000
vt 13.9143 0.5932 1.9000
vt 13.9125 3.2874 2.5671
vt 13.9125 1.7059 2.5671
vt 14.0095 1.6059 2.5911
vt 14.0096 3.3874 2.5911
vt 12.6896 3.2874 2.2641
vt 12.5925 3.3874 2.2401
vt 12.6896 1.7059 2.2641
vt 12.5925 1.6059 2.2401
vt 6.0228 3.2874 0.6126
vt 6.0228 1.7059 0.6126
vt 6.1198 1.6059 0.6367
vt 6.1199 3.3874 0.6367
vt 4.8300 3.2874 0.3171
vt 4.7329 3.3874 0.2931
vt 4.8300 1.7059 0.3171
vt 4.7329 1.6059 0.2931
vt 11.2826 3.2874 1.9156
vt 11.2826 1.7059 1.9156
vt 11.3797 1.6059 1.9396
vt 11.3797 3.3874 1.9396
vt 10.0739 3.2874 1.6161
vt 9.9768 3.3874 1.5921
vt 10.0739 1.7059 1.6161
vt 9.9768 1.6059 1.5921
vt 8.6527 3.2874 1.2641
vt 8.6527 1.7059 1.2641
vt 8.7497 1.6059 1.2881
vt 8.7498 3.3874 1.2881
vt 7.4582 3.2874 0.9682
vt 7.3611 3.3874 0.9441
vt 7.4582 1.7059 0.9682
vt 7.3611 1.6059 0.9442
vt -1.8669 1.7059 -1.3419
vt -3.0708 1.7059 -1.6401
vt -3.1679 1.6059 -1.6641
vt -1.7698 1.6059 -1.3178
vt -1.8669 3.2874 -1.3419
vt -1.7698 3.3874 -1.3178
vt -3.0708 3.2874 -1.6401
vt -3.1678 3.3874 -1.6641
vt 0.7630 1.7059 -0.6904
vt -0.4426 1.7059 -0.9890
vt -0.5397 1.6059 -1.0130
vt 0.8600 1.6059 -0.6663
vt 0.7630 3.2874 -0.6904
vt 0.8601 3.3874 -0.6663
vt -0.4426 3.2874 -0.9890
vt -0.5396 3.3874 -1.0131
vt 3.3929 1.7059 -0.0389
vt 2.1893 1.7059 -0.3370
vt 2.0922 1.6059 -0.3611
vt 3.4900 1.6059 -0.0148
vt 3.3929 3.2874 -0.0389
vt 3.4900 3.3874 -0.0148
vt 2.1893 3.2874 -0.3370
vt 2.0922 3.3874 -0.3611
vt 0.2903 3.2874 5.9988
vt 0.2903 1.7059 5.9988
vt 0.3874 1.7059 6.0228
vt 0.3874 3.2874 6.0228
vt -3.8059 0.4142 3.2874
vt -4.9988 0.7097 3.2874
vt -5.0228 0.6126 3.2874
vt -3.8300 0.3171 3.2874
vt 0.4142 1.7059 4.8060
vt 0.4142 3.2874 4.8059
vt 0.3171 3.2874 4.8300
vt 0.3171 1.7059 4.8300
vt 5.9988 0.7097 1.7059
vt 4.8060 0.4142 1.7059
vt 4.8300 0.3171 1.7059
vt 6.0228 0.6126 1.7059
vt -1.6641 3.2874 13.8885
vt -1.6641 1.7059 13.8885
vt -1.5671 1.7059 13.9125
vt -1.5671 3.2874 13.9125
vt -11.6655 2.3612 3.2874
vt -12.8885 2.6641 3.2874
vt -12.9125 2.5671 3.2874
vt -11.6896 2.2641 3.2874
vt 2.3612 1.7059 12.6655
vt 2.3612 3.2874 12.6655
vt 2.2641 3.2874 12.6896
vt 2.2641 1.7059 12.6896
vt 13.8885 2.6641 1.7059
vt 12.6655 2.3612 1.7059
vt 12.6896 2.2641 1.7059
vt 13.9125 2.5671 1.7059
vt -1.0126 3.2874 11.2586
vt -1.0126 1.7059 11.2585
vt -0.9156 1.7059 11.2826
vt -0.9156 3.2874 11.2826
vt -9.0498 1.7132 3.2874
vt -10.2586 2.0126 3.2874
vt -10.2826 1.9156 3.2874
vt -9.0739 1.6161 3.2874
vt 1.7132 1.7059 10.0498
vt 1.7132 3.2874 10.0498
vt 1.6161 3.2874 10.0739
vt 1.6161 1.7059 10.0739
vt 11.2585 2.0126 1.7059
vt 10.0498 1.7132 1.7059
vt 10.0739 1.6161 1.7059
vt 11.2826 1.9156 1.7059
vt -0.3612 3.2874 8.6287
vt -0.3612 1.7059 8.6287
vt -0.2641 1.7059 8.6527
vt -0.2641 3.2874 8.6527
vt -6.4342 1.0653 3.2874
vt -7.6287 1.3612 3.2874
vt -7.6527 1.2641 3.2874
vt -6.4582 0.9682 3.2874
vt 1.0653 1.7059 7.4341
vt 1.0653 3.2874 7.4342
vt 0.9682 3.2874 7.4582
vt 0.9682 1.7059 7.4582
vt 8.6287 1.3612 1.7059
vt 7.4341 1.0653 1.7059
vt 7.4582 0.9682 1.7059
vt 8.6527 1.2641 1.7059
vt -1.8910 -1.2448 1.7059
vt -3.0949 -1.5430 1.7059
vt -3.0708 -1.6401 1.7059
vt -1.8669 -1.3419 1.7059
vt 2.2448 3.2874 -1.8909
vt 2.2448 1.7059 -1.8910
vt 2.3419 1.7059 -1.8669
vt 2.3419 3.2874 -1.8669
vt 4.0948 -1.5430 3.2874
vt 2.8909 -1.2448 3.2874
vt 2.8669 -1.3419 3.2874
vt 4.0708 -1.6401 3.2874
vt -1.5430 1.7059 -3.0949
vt -1.5430 3.2874 -3.0948
vt -1.6401 3.2874 -3.0708
vt -1.6401 1.7059 -3.0708
vt 0.7390 -0.5933 1.7059
vt -0.4666 -0.8919 1.7059
vt -0.4426 -0.9890 1.7059
vt 0.7630 -0.6904 1.7059
vt 1.5933 3.2874 0.7390
vt 1.5933 1.7059 0.7390
vt 1.6904 1.7059 0.7630
vt 1.6904 3.2874 0.7630
vt 1.4666 -0.8919 3.2874
vt 0.2610 -0.5933 3.2874
vt 0.2370 -0.6904 3.2874
vt 1.4426 -0.9890 3.2874
vt -0.8919 1.7059 -0.4666
vt -0.8919 3.2874 -0.4666
vt -0.9890 3.2874 -0.4426
vt -0.9890 1.7059 -0.4426
vt 3.3688 0.0582 1.7059
vt 2.1652 -0.2400 1.7059
vt 2.1893 -0.3370 1.7059
vt 3.3929 -0.0389 1.7059
vt 0.9418 3.2874 3.3689
vt 0.9418 1.7059 3.3688
vt 1.0389 1.7059 3.3929
vt 1.0389 3.2874 3.3929
vt -1.1653 -0.2400 3.2874
vt -2.3689 0.0582 3.2874
vt -2.3929 -0.0389 3.2874
vt -1.1893 -0.3370 3.2874
vt -0.2400 1.7059 2.1652
vt -0.2400 3.2874 2.1653
vt -0.3370 3.2874 2.1893
vt -0.3370 1.7059 2.1893
vt 14.0096 -2.3874 2.5911
vt 14.0096 0.4298 2.5911
vt 13.9125 0.3298 2.5671
vt 13.9125 -2.3874 2.5670
vt -0.4426 -1.5786 -0.9890
vt -0.4426 0.3298 -0.9890
vt -0.5397 0.4298 -1.0131
vt -0.5396 -1.6786 -1.0131
vt 0.7630 -1.5786 -0.6904
vt 0.8601 -1.6786 -0.6663
vt 0.7630 0.3298 -0.6904
vt 0.8601 0.4298 -0.6663
vt 2.1893 -1.5786 -0.3371
vt 2.1893 0.3298 -0.3370
vt 2.0922 0.4298 -0.3611
vt 2.0922 -1.6786 -0.3611
vt 3.3929 -1.5786 -0.0389
vt 3.4900 -1.6786 -0.0148
vt 3.3929 0.3298 -0.0389
vt 3.4900 0.4298 -0.0148
vt 4.8300 -1.5786 0.3171
vt 4.8300 0.3298 0.3171
vt 4.7329 0.4298 0.2931
vt 4.7330 -1.6786 0.2931
vt 6.0228 -1.5786 0.6126
vt 6.1199 -1.6786 0.6366
vt 6.0228 0.3298 0.6126
vt 6.1199 0.4298 0.6367
vt 10.0739 0.3298 1.6161
vt 11.2826 0.3298 1.9156
vt 11.3797 0.4298 1.9396
vt 9.9768 0.4298 1.5921
vt 10.0739 -1.5786 1.6161
vt 9.9768 -1.6786 1.5921
vt 11.2826 -1.5786 1.9156
vt 11.3797 -1.6786 1.9396
vt 7.4582 0.3298 0.9682
vt 8.6527 0.3298 1.2641
vt 8.7498 0.4298 1.2881
vt 7.3611 0.4298 0.9442
vt 7.4582 -1.5786 0.9682
vt 7.3612 -1.6786 0.9441
vt 8.6527 -1.5786 1.2641
vt 8.7498 -1.6786 1.2881
vt -0.8920 -1.5786 -0.4666
vt -0.8919 0.3298 -0.4666
vt -0.9890 0.3298 -0.4426
vt -0.9890 -1.5786 -0.4426
vt 0.7390 -0.5933 -1.5786
vt -0.4666 -0.8920 -1.5786
vt -0.4426 -0.9890 -1.5786
vt 0.7630 -0.6904 -1.5786
vt 1.5933 0.3298 0.7390
vt 1.5933 -1.5786 0.7390
vt 1.6904 -1.5786 0.7630
vt 1.6904 0.3298 0.7630
vt 1.4666 -0.8919 0.3298
vt 0.2610 -0.5933 0.3298
vt 0.2370 -0.6904 0.3298
vt 1.4426 -0.9890 0.3298
vt -0.2400 -1.5786 2.1653
vt -0.2400 0.3298 2.1652
vt -0.3370 0.3298 2.1893
vt -0.3371 -1.5786 2.1893
vt 3.3689 0.0582 -1.5786
vt 2.1653 -0.2400 -1.5786
vt 2.1893 -0.3371 -1.5786
vt 3.3929 -0.0389 -1.5786
vt 0.9418 0.3298 3.3689
vt 0.9418 -1.5786 3.3689
vt 1.0389 -1.5786 3.3929
vt 1.0389 0.3298 3.3929
vt -1.1652 -0.2400 0.3298
vt -2.3689 0.0582 0.3298
vt -2.3929 -0.0389 0.3298
vt -1.1893 -0.3370 0.3298
vt 0.4142 -1.5786 4.8060
vt 0.4142 0.3298 4.8059
vt 0.3171 0.3298 4.8300
vt 0.3171 -1.5786 4.8300
vt 5.9988 0.7097 -1.5786
vt 4.8060 0.4142 -1.5786
vt 4.8300 0.3171 -1.5786
vt 6.0228 0.6126 -1.5786
vt 0.2903 0.3298 5.9987
vt 0.2903 -1.5786 5.9988
vt 0.3874 -1.5786 6.0228
vt 0.3874 0.3298 6.0228
vt -3.8059 0.4142 0.3298
vt -4.9987 0.7097 0.3298
vt -5.0228 0.6126 0.3298
vt -3.8300 0.3171 0.3298
vt -9.0498 1.7132 0.3298
vt -10.2586 2.0126 0.3298
vt -10.2826 1.9156 0.3298
vt -9.0739 1.6161 0.3298
vt 1.7132 -1.5786 10.0498
vt 1.7132 0.3298 10.0498
vt 1.6161 0.3298 10.0739
vt 1.6161 -1.5786 10.0739
vt 11.2586 2.0126 -1.5786
vt 10.0498 1.7132 -1.5786
vt 10.0739 1.6161 -1.5786
vt 11.2826 1.9156 -1.5786
vt -1.0126 0.3298 11.2586
vt -1.0126 -1.5786 11.2586
vt -0.9156 -1.5786 11.2826
vt -0.9156 0.3298 11.2826
vt -6.4342 1.0653 0.3298
vt -7.6287 1.3612 0.3298
vt -7.6527 1.2641 0.3298
vt -6.4582 0.9682 0.3298
vt 1.0652 -1.5786 7.4342
vt 1.0653 0.3298 7.4342
vt 0.9682 0.3298 7.4582
vt 0.9682 -1.5786 7.4582
vt 8.6287 1.3612 -1.5786
vt 7.4342 1.0652 -1.5786
vt 7.4582 0.9682 -1.5786
vt 8.6527 1.2641 -1.5786
vt -0.3612 0.3298 8.6287
vt -0.3612 -1.5786 8.6287
vt -0.2641 -1.5786 8.6527
vt -0.2641 0.3298 8.6527
vt -3.1678 -1.6786 -1.6641
vt -3.0708 -1.6786 -1.6401
vt -3.0708 0.3298 -1.6401
vt -3.1678 0.4298 -1.6641
vt -3.0707 -2.3874 -1.6401
vt -3.1678 -2.3874 -1.6641
vt -1.7698 -1.6786 -1.3178
vt -1.7698 0.4298 -1.3178
vt -1.8669 0.3298 -1.3418
vt -1.8669 -1.6786 -1.3419
vt 12.6896 0.3298 2.2641
vt 12.5925 0.4298 2.2401
vt 12.5925 -1.6786 2.2401
vt 12.6896 -1.6786 2.2641
vt 12.6896 -2.3874 2.2641
vt 12.5925 -2.3874 2.2401
vt -1.8669 -2.3874 -1.3419
vt -1.7698 -2.3874 -1.3178
vt -1.5430 -1.6786 -3.0948
vt -1.5430 0.3298 -3.0948
vt -1.6401 0.3298 -3.0708
vt -1.6401 -1.6786 -3.0708
vt -1.5430 -2.3874 -3.0948
vt -1.6401 -2.3874 -3.0707
vt 2.2448 -1.6786 -1.8909
vt 2.2448 -2.3874 -1.8909
vt 2.3419 -2.3874 -1.8669
vt 2.3419 -1.6786 -1.8669
vt 2.2448 0.3298 -1.8909
vt 2.3418 0.3298 -1.8669
vt 4.0948 -1.5430 0.3298
vt 2.8909 -1.2448 0.3298
vt 2.8669 -1.3418 0.3298
vt 4.0708 -1.6401 0.3298
vt -11.6655 2.3612 0.3298
vt -12.8885 2.6641 0.3298
vt -12.9125 2.5671 0.3298
vt -11.6896 2.2641 0.3298
vt 2.3612 -1.6786 12.6655
vt 2.3612 0.3298 12.6655
vt 2.2641 0.3298 12.6896
vt 2.2641 -1.6786 12.6896
vt 2.3612 -2.3874 12.6655
vt 2.2641 -2.3874 12.6896
vt -1.6641 0.3298 13.8885
vt -1.6641 -2.3874 13.8885
vt -1.5670 -2.3874 13.9125
vt -1.5671 0.3298 13.9125
vt 10.8161 4.8794 4.9923
vt 10.8098 7.2396 4.9908
vt 10.6157 7.2392 4.9425
vt 10.6220 4.8789 4.9441
vt -10.0932 7.2367 3.8547
vt -10.0976 4.8794 3.8558
vt -9.9035 4.8789 3.8075
vt -9.8991 7.2363 3.8064
vt -9.8098 4.9908 7.2396
vt -10.0932 3.8547 7.2367
vt -9.8991 3.8064 7.2363
vt -9.6157 4.9425 7.2392
vt 11.3421 2.4506 5.2011
vt 11.0698 3.5502 5.2011
vt 10.9727 3.5261 5.2009
vt 11.2451 2.4266 5.2009
vt -10.3388 7.0993 2.4498
vt -10.3420 5.2010 2.4506
vt -10.2449 5.2008 2.4265
vt -10.2417 7.0991 2.4257
vt -10.0661 3.5493 7.0993
vt -10.3388 2.4498 7.0993
vt -10.2417 2.4257 7.0991
vt -9.9691 3.5252 7.0991
vt 11.0698 5.2011 3.5502
vt 11.0661 7.0993 3.5493
vt 10.9691 7.0991 3.5252
vt 10.9727 5.2009 3.5261
vt -2.0695 7.0991 14.6721
vt -2.0702 5.2009 14.6749
vt -1.9731 5.2009 14.6989
vt -1.9724 7.0991 14.6962
vt -12.4177 2.7587 7.0991
vt -13.6721 3.0695 7.0991
vt -13.6962 2.9724 7.0991
vt -12.4418 2.6617 7.0991
vt 2.7594 5.2009 13.4205
vt 2.7587 7.0991 13.4177
vt 2.6617 7.0991 13.4418
vt 2.6624 5.2009 13.4445
vt 14.6749 3.0702 5.2009
vt 13.4205 2.7594 5.2009
vt 13.4445 2.6624 5.2009
vt 14.6989 2.9731 5.2009
vt 2.3044 5.2009 11.5837
vt 2.3037 7.0991 11.5810
vt 2.2067 7.0991 11.6050
vt 2.2074 5.2009 11.6078
vt 12.8381 2.6152 5.2009
vt 11.5837 2.3044 5.2009
vt 11.6078 2.2074 5.2009
vt 12.8621 2.5181 5.2009
vt -1.6145 7.0991 12.8353
vt -1.6152 5.2009 12.8381
vt -1.5181 5.2009 12.8621
vt -1.5174 7.0991 12.8594
vt -10.5810 2.3037 7.0991
vt -11.8353 2.6145 7.0991
vt -11.8594 2.5174 7.0991
vt -10.6050 2.2067 7.0991
vt -1.2390 -1.4055 0.9595
vt 2.2902 -1.4226 0.9693
vt 0.7187 0.7418 0.9951
vt -1.2207 0.7522 0.9892
vt 0.0682 -2.1848 -9.3743
vt 4.6647 -3.1386 -7.9681
vt 4.6647 -1.3186 -7.9681
vt -1.1537 -1.9313 -9.7481
vt 4.6647 -0.8420 -7.9681
vt -1.1532 -1.4399 -9.7479
vt -9.7480 2.4383 4.6647
vt -5.7835 2.4383 3.6823
vt -7.8163 4.1386 4.1858
vt 4.7536 -1.2264 -7.9461
vt 4.9168 -1.2264 -7.9057
vt 5.1225 -1.0160 -7.8547
vt 1.5685 2.6317 0.2727
vt 1.3816 2.5999 0.2805
vt 1.3970 1.3346 0.4152
vt 1.6427 -2.2113 0.7927
vt 1.3927 1.6865 0.3777
vt 1.4400 -2.2113 0.7927
vt 1.2779 2.5823 0.2848
vt 1.2873 1.6721 0.3814
vt 1.2910 1.3217 0.4185
vt 1.3275 -2.2113 0.7927
vt -0.0875 -2.2113 0.7927
vt -0.0266 2.3607 0.3389
vt -0.9636 -1.9890 0.7712
vt -0.7534 -2.2113 0.7927
vt -0.7423 -2.2113 0.7927
vt -0.4042 3.4650 0.2454
vt 1.5488 3.9190 0.1345
vt -0.4327 3.4592 0.2469
vt -0.9887 -1.9631 0.7675
vt -0.4730 3.4592 0.2469
vt -1.0298 -1.9226 0.7569
vt -0.7757 -2.3619 0.8094
vt -0.7641 -2.3619 0.8094
vt -0.9784 -2.1412 0.7869
vt -1.0035 -2.1143 0.7829
vt -1.0447 -2.0739 0.7723
vt 1.4400 -2.9190 0.8655
vt 1.6427 -2.9190 0.8655
vt 1.3275 -2.9190 0.8655
vt -0.0875 -2.9190 0.8655
vt 1.0601 0.4078 0.9995
vt -0.6115 0.6648 0.9995
vt 1.0597 0.1780 0.0327
vt 1.0605 0.6227 0.0327
vt 1.1151 0.1631 0.0031
vt 1.1155 0.3996 0.9995
vt 1.1158 0.6227 0.0005
vt -1.4504 1.1029 0.4562
vt -1.4574 1.5596 0.3771
vt -3.3545 1.0957 0.3771
vt -3.4034 0.6254 0.4562
vt 4.3657 -4.9724 0.9995
vt 2.1610 -4.9723 0.9995
vt 2.0885 -5.4440 0.8414
vt 4.4494 -4.9724 0.9995
vt 2.0760 -4.9724 0.9995
vt 4.5306 -5.4405 0.8401
vt -3.4034 0.6254 0.0005
vt -1.4504 1.1034 0.0098
vt -3.3831 1.0887 0.3771
vt -3.4319 0.6192 0.4562
vt -3.4319 0.6192 0.0005
vt 0.6569 0.5850 0.4654
vt -0.5772 0.5719 0.0157
vt -0.7141 0.3735 0.4022
vt 1.7023 0.5960 0.8466
vt 1.7027 0.3854 1.5779
vt 0.4939 0.3847 0.4603
vt 1.5902 -0.8167 -0.4032
vt 1.7145 -0.0674 -0.6142
vt 1.8049 0.4611 -0.6861
vt 0.4982 -0.8768 0.5059
vt -0.0070 0.3832 0.9465
vt 0.3823 0.3843 0.5687
vt 1.7021 1.8661 -0.5585
vt 0.0659 1.7470 0.8196
vt -0.0563 0.3830 0.9945
vt 0.5860 -1.0905 0.4530
vt 1.5169 -1.2496 -0.3068
vt 0.0746 -1.0031 0.8703
vt 0.0742 -0.8781 0.8588
vt -0.5864 1.6976 1.4048
vt -0.5805 0.3814 1.4031
vt 5.0745 -0.4409 3.7963
vt 4.1350 3.5631 5.1827
vt -5.6863 -1.3895 2.4676
vt 5.9748 -4.2782 2.4676
vt -5.9114 -1.1287 2.4676
vt -0.8429 0.5950 0.0054
vt -0.8388 0.3960 0.0054
vt 1.3665 0.3960 0.0005
vt 1.3666 0.6010 0.9993
vt 6.0331 -4.0875 2.4676
vt 5.7217 -4.0104 2.4676
vt -4.5445 -4.4043 -0.4248
vt -4.2332 -4.3272 -0.4248
vt -6.0304 1.4785 1.6880
vt -6.3999 1.6604 1.7814
vt 1.4784 1.3365 -6.0304
vt 1.4785 1.6880 -6.0304
vt -4.3272 -0.4248 -4.2332
vt -4.3272 -0.7814 -4.2332
vt 4.9879 5.0422 1.6879
vt 5.1858 5.4043 1.7814
vt 5.2793 5.1145 1.6880
vt 4.8054 1.3363 4.9834
vt 4.9879 1.3363 5.0422
vt 4.9879 1.6879 5.0422
vt -0.4039 1.3364 3.2984
vt -6.0304 1.3365 1.4784
vt -1.0019 1.3364 3.1049
vt -6.0304 1.6880 1.4785
vt 0.6449 0.1766 6.5112
vt 2.5157 -0.7814 7.1163
vt 2.5157 -0.2358 7.1163
vt 2.5157 0.1766 7.1163
vt 0.6448 -0.1774 6.5112
vt 7.1163 -1.5157 0.1766
vt 7.3999 -1.4454 0.1766
vt 6.7930 0.4249 0.1766
vt 6.5112 0.3551 0.1766
vt -3.8174 1.6155 5.0610
vt -4.0422 1.6879 4.9879
vt -4.0422 1.3363 4.9879
vt -3.8174 1.2637 5.0610
vt 5.0610 4.8174 1.6155
vt 5.3272 4.8834 1.6155
vt 5.3519 4.8896 1.6155
vt 0.3550 -0.0838 6.4170
vt 0.3550 0.2701 6.4170
vt -0.8290 0.6518 6.0323
vt -2.7527 1.2722 5.4070
vt -2.7527 0.9199 5.4070
vt -0.8290 0.2986 6.0322
vt 6.6994 0.7149 0.2701
vt 6.6754 0.7090 0.2701
vt 6.4170 0.6450 0.2701
vt 5.6958 3.8243 1.2722
vt 5.6712 3.8182 1.2722
vt 5.4070 3.7527 1.2722
vt 6.2929 1.8935 0.6518
vt 6.0323 1.8290 0.6518
vt 6.3171 1.8995 0.6518
vt 5.1291 1.3363 5.2717
vt 5.4036 1.4248 5.1830
vt 5.1145 1.6880 5.2793
vt 0.4243 -0.1730 6.7903
vt 5.4043 1.7814 5.1858
vt 4.8896 1.6155 5.3519
vt 3.8243 1.2722 5.6958
vt 1.8995 0.6518 6.3171
vt 0.7149 0.2701 6.6994
vt 0.4249 0.1766 6.7930
vt 10.9259 6.8362 0.9576
vt 10.9292 6.5327 0.9594
vt 14.4870 6.7946 0.4423
vt 14.7656 7.1152 0.4423
vt 5.4028 1.0124 5.1832
vt 5.1154 1.0124 5.2751
vt 5.1832 5.4028 1.0124
vt 5.2751 5.1154 1.0124
vt 9.2962 6.4174 1.0124
vt 9.2384 6.7138 1.0124
vt -1.4454 0.1766 7.3999
vt -1.4454 -0.2358 7.3999
vt 5.2782 1.8662 -4.9748
vt 2.1998 2.4676 -3.1380
vt 1.5172 -5.4902 -2.6700
vt 6.0330 1.8662 -4.0876
vt -4.0104 1.8662 -4.7217
vt 2.1998 1.5096 -3.1380
vt 0.0325 0.3535 -0.0455
vt 0.0324 0.3377 -0.0455
vt 1.1685 0.3365 0.2380
vt 1.1685 0.3524 0.2380
vt 0.2621 0.6478 1.2656
vt 1.0697 0.3378 1.0646
vt 1.0697 0.3535 1.0646
vt 0.2621 0.6635 1.2655
vt 0.7620 -0.1685 0.3365
vt 1.0455 0.9676 0.3377
vt 0.2379 1.1685 0.6477
vt -0.0456 0.0324 0.6465
vt 1.0697 0.6465 -0.0646
vt 1.0697 0.6624 -0.0646
vt 0.2621 0.3524 -0.2656
vt 0.2621 0.3365 -0.2656
vt -0.0455 0.9675 0.3535
vt 0.2380 -0.1685 0.3524
vt 1.0456 0.0324 0.6624
vt 0.7621 1.1685 0.6635
vt 0.2621 -0.2656 0.3524
vt 1.0697 -0.0646 0.6624
vt 1.2656 0.3365 0.2621
vt 1.2656 0.3524 0.2621
vt -0.0697 -0.0646 0.6465
vt 0.7379 -0.2656 0.3365
vt 1.0697 1.0646 0.3378
vt 0.2621 1.2656 0.6478
vt -0.0646 0.3535 -0.0697
vt -0.0646 0.3378 -0.0697
vt 0.7379 1.2655 0.6635
vt -0.0697 1.0646 0.3535
vt 29.9944 0.5000 1.1667
vt 25.1281 0.5000 1.1667
vt 25.1281 -0.1714 1.1667
vt 29.9944 -0.1714 1.1667
vt -24.1935 0.5000 0.5000
vt -24.1935 1.1714 0.5000
vt -24.5269 1.1714 0.5000
vt -28.9944 0.5000 0.5000
vt -28.6611 1.1714 0.5000
vt -28.9944 1.1714 0.5000
vt 29.6610 1.1713 0.5000
vt 25.4614 1.1713 0.5000
vt 29.9944 0.5000 0.5000
vt 29.9944 1.1713 0.5000
vt 25.1281 1.1713 0.5000
vt 25.1281 0.5000 0.5000
vt -24.1935 -0.1713 1.1667
vt -24.1935 0.5000 1.1667
vt -28.9944 0.5000 1.1667
vt -28.9944 -0.1713 1.1667
vt 0.5000 0.5000 29.9944
vt -0.1714 0.5000 29.9944
vt -0.1713 -0.1667 29.9944
vt 0.5000 -0.1667 29.9944
vt 1.1713 0.5000 29.9944
vt 1.1713 -0.1666 29.9944
vt -28.6610 0.5000 1.1713
vt -28.9944 0.5000 1.1713
vt -28.9944 -0.1666 1.1713
vt -28.6610 -0.1667 1.1713
vt -24.4614 0.5000 1.1713
vt -24.4614 -0.1667 1.1713
vt -24.1281 0.5000 1.1713
vt -24.1281 -0.1667 1.1713
vt 0.5000 0.5000 25.1281
vt -0.1713 0.5000 25.1281
vt -0.1713 -0.1667 25.1281
vt 0.5000 -0.1667 25.1281
vt 1.1714 0.5000 25.1281
vt 1.1713 -0.1667 25.1281
vt 0.5000 0.5000 -24.1935
vt -0.1713 0.5000 -24.1935
vt -0.1713 -0.1666 -24.1935
vt 0.5000 -0.1666 -24.1935
vt 1.1714 0.5000 -24.1935
vt 1.1714 -0.1666 -24.1935
vt 25.5269 0.5000 1.1714
vt 25.1935 0.5000 1.1714
vt 25.1935 -0.1666 1.1714
vt 25.5268 -0.1667 1.1714
vt 29.6611 0.5000 1.1714
vt 29.6610 -0.1667 1.1714
vt 29.9944 0.5000 1.1714
vt 29.9944 -0.1667 1.1714
vt 0.5000 0.5000 -28.9944
vt -0.1714 0.5000 -28.9944
vt -0.1714 -0.1667 -28.9944
vt 0.5000 -0.1667 -28.9944
vt 1.1713 0.5000 -28.9944
vt 1.1713 -0.1667 -28.9944
vt -24.1281 1.1667 0.5000
vt -28.9944 1.1667 0.5000
vt -24.1281 0.5000 0.5000
vt 1.1714 1.1667 25.1281
vt 0.5000 1.1667 25.1281
vt 0.5000 1.1667 29.9944
vt -0.1714 1.1667 29.9944
vt 29.9944 1.1667 0.5000
vt 25.1935 1.1667 0.5000
vt 25.1935 0.5000 0.5000
vt 1.1713 1.1667 -28.9944
vt 0.5000 1.1667 -28.9944
vt 0.5000 1.1667 -24.1935
vt -0.1713 1.1667 -24.1935
vt 25.5268 -0.5000 1.1714
vt 29.6610 -0.5000 1.1714
vt -28.6610 -0.5000 1.1713
vt -24.4614 -0.5000 1.1713
vt -20.5861 -6.5926 25.3940
vt -20.5862 -10.4956 25.3940
vt -19.9196 -10.4951 25.3925
vt -19.9194 -6.5921 25.3925
vt -5.7663 -2.2406 -1.2512
vt -5.9673 -2.2992 -1.1659
vt -5.8689 -2.6336 -1.1659
vt -5.6664 -2.5754 -1.2512
vt -2.2488 -2.0924 -5.7951
vt -2.2474 -1.2712 -5.7893
vt -2.5824 -1.2712 -5.6915
vt -2.5837 -2.1621 -5.6967
vt 6.7951 -2.0924 -2.2488
vt 7.1495 -2.0925 -2.3523
vt 7.1436 -1.2712 -2.3506
vt 6.7893 -1.2712 -2.2474
vt 3.3523 -2.0925 -6.1495
vt 3.6861 -2.1623 -6.0537
vt 3.6848 -1.2712 -6.0483
vt 3.3506 -1.2712 -6.1436
vt -5.6915 -1.2712 -2.5824
vt -6.0483 -1.2712 -2.6848
vt -6.0537 -2.1623 -2.6861
vt -5.6967 -2.1621 -2.5837
vt 6.7663 -2.2406 -1.2512
vt 6.6664 -2.5754 -1.2512
vt 6.6915 -2.5824 -1.2712
vt 6.7893 -2.2474 -1.2712
vt 7.1684 -1.2512 -2.3578
vt 6.9673 -1.1659 -2.2992
vt 6.7663 -1.2512 -2.2406
vt 7.0714 -2.6917 -1.2512
vt 7.1684 -2.3578 -1.2512
vt 7.1436 -2.3506 -1.2712
vt 7.0483 -2.6848 -1.2712
vt -5.6664 -1.2512 -2.5754
vt -5.8689 -1.1659 -2.6336
vt -6.0714 -1.2512 -2.6917
vt -6.0714 -2.6917 -1.2512
vt -6.1684 -2.3578 -1.2512
vt 3.6917 1.8289 5.7962
vt 3.6906 1.9723 5.7965
vt 2.6265 1.9723 6.1403
vt 2.6265 1.4856 6.1402
vt -4.5300 1.8289 3.6256
vt -4.3438 1.8289 3.5778
vt -4.3442 1.9723 3.5768
vt -4.7965 1.9723 3.6906
vt -4.7962 1.8289 3.6917
vt -2.5778 1.8289 5.3438
vt -1.5147 1.4856 5.6895
vt -1.5146 1.9723 5.6896
vt -2.5768 1.9723 5.3442
vt 6.1403 1.9723 2.6265
vt 5.6895 1.4856 2.5147
vt 5.8760 1.4856 2.5610
vt 6.1402 1.4856 2.6265
vt 5.6896 1.9723 2.5146
vt 0.7018 0.8653 6.7618
vt 0.7015 1.0086 6.7619
vt -0.4831 1.0086 7.1445
vt -0.4828 0.4835 7.1444
vt -5.5012 0.8653 0.6372
vt -5.3149 0.8653 0.5906
vt -5.3150 1.0086 0.5903
vt -5.7619 1.0086 0.7015
vt -5.7618 0.8653 0.7018
vt 0.4094 0.8653 6.3149
vt 1.5934 0.4835 6.6998
vt 1.5937 1.0086 6.6999
vt 0.4097 1.0086 6.3150
vt 6.8860 0.4835 -0.5468
vt 7.1444 0.4835 -0.4828
vt 7.1445 1.0086 -0.4831
vt 6.6999 1.0086 -0.5937
vt 6.6998 0.4835 -0.5934
vt 6.0891 2.0223 2.6550
vt 5.7161 2.0223 2.5624
vt 3.6427 2.0223 5.7700
vt 2.6550 2.0223 6.0891
vt -4.3955 2.0223 3.5484
vt -4.7700 2.0223 3.6427
vt -1.5624 2.0223 5.7161
vt -2.5484 2.0223 5.3955
vt 7.0933 1.0586 -0.4546
vt 6.7264 1.0586 -0.5459
vt 0.6537 1.0586 6.7353
vt -0.4546 1.0586 7.0933
vt -5.3663 1.0586 0.5619
vt -5.7353 1.0586 0.6537
vt 1.5459 1.0586 6.7264
vt 0.4381 1.0586 6.3663
vt 6.0891 3.0223 2.6550
vt 5.7161 3.0223 2.5624
vt 3.6427 3.0223 5.7700
vt 2.6550 3.0223 6.0891
vt -4.3955 3.0223 3.5484
vt -4.7700 3.0223 3.6427
vt -1.5624 3.0223 5.7161
vt -2.5484 3.0223 5.3955
vt 7.0933 2.0586 -0.4546
vt 6.7264 2.0586 -0.5459
vt 0.6537 2.0586 6.7353
vt -0.4546 2.0586 7.0933
vt -5.3663 2.0586 0.5619
vt -5.7353 2.0586 0.6537
vt 1.5459 2.0586 6.7264
vt 0.4381 2.0586 6.3663
vt -5.0891 2.6550 3.0223
vt -5.1275 2.6336 3.0423
vt -4.6962 2.5266 3.0423
vt -4.7161 2.5624 3.0223
vt -4.7899 3.6786 3.0423
vt -4.7700 3.6427 3.0223
vt -4.3955 3.5484 3.0223
vt -4.3570 3.5697 3.0423
vt -6.0933 -0.4546 2.0586
vt -6.1317 -0.4760 2.0786
vt -5.7066 -0.5818 2.0786
vt -5.7264 -0.5459 2.0586
vt -5.7553 0.6895 2.0786
vt -5.7353 0.6537 2.0586
vt -5.3663 0.5619 2.0586
vt -5.3279 0.5832 2.0786
vt 6.1275 3.1623 2.6336
vt 5.6962 3.1623 2.5266
vt 5.6962 3.0423 2.5266
vt 6.1275 3.0423 2.6336
vt 3.6786 3.0423 5.7899
vt 3.6786 3.1623 5.7899
vt 3.1561 3.1623 5.9587
vt 2.6336 3.0423 6.1275
vt 2.6336 3.1623 6.1275
vt -4.3570 3.1623 3.5697
vt -4.7899 3.1623 3.6786
vt -4.7899 3.0423 3.6786
vt -4.3570 3.0423 3.5697
vt -1.5266 3.0423 5.6962
vt -1.5266 3.1623 5.6962
vt -2.0481 3.1623 5.5266
vt -2.5697 3.0423 5.3570
vt -2.5697 3.1623 5.3570
vt 7.1317 2.1986 -0.4760
vt 6.7066 2.1986 -0.5818
vt 6.7066 2.0786 -0.5818
vt 7.1317 2.0786 -0.4760
vt 0.6895 2.0786 6.7553
vt 0.6895 2.1986 6.7553
vt 0.1068 2.1986 6.9435
vt -0.4760 2.0786 7.1317
vt -0.4760 2.1986 7.1317
vt -5.3279 2.1986 0.5832
vt -5.7553 2.1986 0.6895
vt -5.7553 2.0786 0.6895
vt -5.3279 2.0786 0.5832
vt 1.5818 2.0786 6.7066
vt 1.5818 2.1986 6.7066
vt 0.9993 2.1986 6.5172
vt 0.4168 2.0786 6.3279
vt 0.4168 2.1986 6.3279
vt 6.7066 -0.5818 2.1986
vt 7.1317 -0.4760 2.1986
vt 7.0036 -0.4048 2.1986
vt 6.7728 -0.4622 2.1986
vt 6.9435 0.1068 2.1986
vt 6.8589 0.0428 2.1986
vt 6.5172 0.0007 2.1986
vt 6.6273 -0.0148 2.1986
vt 6.7553 0.6895 2.1986
vt 6.3279 0.5832 2.1986
vt 6.4561 0.5121 2.1986
vt 6.6888 0.5700 2.1986
vt 6.6011 0.0664 2.1986
vt 6.8330 0.1241 2.1986
vt 5.6962 2.5266 3.1623
vt 6.1275 2.6336 3.1623
vt 5.9994 2.7048 3.1623
vt 5.7625 2.6460 3.1623
vt 5.9587 3.1561 3.1623
vt 5.8746 3.0906 3.1623
vt 5.5266 3.0481 3.1623
vt 5.6372 3.0312 3.1623
vt 5.7899 3.6786 3.1623
vt 5.3570 3.5697 3.1623
vt 5.4852 3.4988 3.1623
vt 5.7235 3.5588 3.1623
vt 5.6098 3.1158 3.1623
vt 5.8476 3.1752 3.1623
vt 5.4852 1.1623 3.4988
vt 5.7235 1.1623 3.5588
vt 5.7235 3.1623 3.5588
vt 5.4852 3.1623 3.4988
vt 3.1158 1.1623 5.6098
vt 3.4988 1.1623 5.4852
vt 3.4988 3.1623 5.4852
vt 3.1158 3.1623 5.6098
vt -4.8476 1.1623 3.1752
vt -4.6098 1.1623 3.1158
vt -4.6098 3.1623 3.1158
vt -4.8476 3.1623 3.1752
vt -2.5588 1.1623 5.7235
vt -2.1752 1.1623 5.8476
vt -2.1752 3.1623 5.8476
vt -2.5588 3.1623 5.7235
vt 6.4561 0.1986 0.5121
vt 6.6888 0.1986 0.5700
vt 6.6888 2.1986 0.5700
vt 6.4561 2.1986 0.5121
vt 0.0664 0.1986 6.6011
vt 0.5121 0.1986 6.4561
vt 0.5121 2.1986 6.4561
vt 0.0664 2.1986 6.6011
vt -5.8330 0.1986 0.1241
vt -5.6011 0.1986 0.0664
vt -5.6011 2.1986 0.0664
vt -5.8330 2.1986 0.1241
vt 0.4300 0.1986 6.6888
vt 0.8759 0.1986 6.8330
vt 0.8759 2.1986 6.8330
vt 0.4300 2.1986 6.6888
vt -4.9994 1.1623 2.7048
vt -4.7625 1.1623 2.6460
vt -4.7625 3.1623 2.6460
vt -4.9994 3.1623 2.7048
vt -2.0906 1.1623 5.8746
vt -1.7048 1.1623 5.9994
vt -1.7048 3.1623 5.9994
vt -2.0906 3.1623 5.8746
vt 5.6372 1.1623 3.0312
vt 5.8746 1.1623 3.0906
vt 5.8746 3.1623 3.0906
vt 5.6372 3.1623 3.0312
vt 2.6460 1.1623 5.7625
vt 3.0312 1.1623 5.6372
vt 3.0312 3.1623 5.6372
vt 2.6460 3.1623 5.7625
vt -6.0036 0.1986 -0.4048
vt -5.7728 0.1986 -0.4622
vt -5.7728 2.1986 -0.4622
vt -6.0036 2.1986 -0.4048
vt 0.9572 0.1986 6.8589
vt 1.4048 0.1986 7.0036
vt 1.4048 2.1986 7.0036
vt 0.9572 2.1986 6.8589
vt 6.6273 0.1986 -0.0148
vt 6.8589 0.1986 0.0428
vt 6.8589 2.1986 0.0428
vt 6.6273 2.1986 -0.0148
vt -0.4622 0.1986 6.7728
vt -0.0148 0.1986 6.6273
vt -0.0148 2.1986 6.6273
vt -0.4622 2.1986 6.7728
vt 0.5866 1.0298 -0.0141
vt 1.1937 0.8193 0.1960
vt 1.1918 1.7051 0.2036
vt 0.5847 1.7051 -0.0065
vt 0.7876 0.8193 -0.0175
vt 0.7952 1.7051 -0.0156
vt 0.2036 1.7051 -0.1918
vt 0.1960 0.8193 -0.1937
vt 0.5946 1.0298 0.5794
vt 0.5965 1.7051 0.5869
vt -0.0156 1.7051 0.7952
vt -0.0175 0.8193 0.7876
vt 0.4206 1.0298 0.5946
vt 1.0141 1.0298 0.4134
vt 1.0065 1.7051 0.4153
vt 0.4131 1.7051 0.5965
vt 0.2036 -0.1918 1.7051
vt 0.2352 -0.1302 1.7551
vt 0.0577 0.3826 1.7551
vt -0.0065 0.4153 1.7051
vt 0.7952 -0.0156 1.7051
vt 0.7311 0.0175 1.7551
vt 0.5869 0.5965 1.7051
vt 0.5552 0.5345 1.7551
vt 1.1302 2.3551 0.2352
vt 0.6173 2.3551 0.0577
vt 0.6174 1.7551 0.0577
vt 1.1302 1.7551 0.2352
vt 0.7311 2.3551 0.0175
vt 0.2352 2.3551 -0.1302
vt 0.2352 1.7551 -0.1302
vt 0.7311 1.7551 0.0175
vt 0.5345 2.3551 0.5552
vt 0.0175 2.3551 0.7311
vt 0.0175 1.7551 0.7311
vt 0.5345 1.7551 0.5552
vt 0.9423 2.3551 0.3827
vt 0.4448 2.3551 0.5345
vt 0.4448 1.7551 0.5345
vt 0.9423 1.7551 0.3826
vt 0.7838 -0.1672 2.3751
vt 0.9808 0.4023 2.3751
vt 0.9423 0.3827 2.3551
vt 0.7648 -0.1302 2.3551
vt 0.2305 -0.0024 2.3751
vt 0.2689 0.0175 2.3551
vt 0.4258 0.5717 2.3751
vt 0.4448 0.5345 2.3551
vt 1.1672 2.5251 0.2162
vt 0.5977 2.5251 0.0192
vt 0.5977 2.3751 0.0192
vt 1.1672 2.3751 0.2162
vt 0.7695 2.3751 -0.0024
vt 0.7695 2.5251 -0.0024
vt 0.4929 2.5251 -0.0848
vt 0.2162 2.3751 -0.1672
vt 0.2162 2.5251 -0.1672
vt 0.5717 2.5251 0.5742
vt -0.0024 2.5251 0.7695
vt -0.0024 2.3751 0.7695
vt 0.5717 2.3751 0.5742
vt 0.9808 2.3751 0.4023
vt 0.9808 2.5251 0.4023
vt 0.7033 2.5251 0.4870
vt 0.4258 2.3751 0.5717
vt 0.4258 2.5251 0.5717
vt 0.5742 0.5717 2.5251
vt 0.5298 0.4850 2.5251
vt 0.6798 0.0440 2.5251
vt 0.7695 -0.0024 2.5251
vt 0.2967 0.4870 2.5251
vt 0.3556 0.4306 2.5251
vt 0.4929 -0.0848 2.5251
vt 0.5065 -0.0091 2.5251
vt 0.2162 -0.1672 2.5251
vt 0.2604 -0.0810 2.5251
vt 0.1091 0.3565 2.5251
vt 0.0192 0.4023 2.5251
vt 0.4338 -0.0280 2.5251
vt 0.2832 0.4108 2.5251
vt 0.5150 1.5251 0.5298
vt 0.9561 1.5251 0.6798
vt 0.9560 2.5251 0.6798
vt 0.5150 2.5251 0.5298
vt 0.3556 1.5251 0.4306
vt 0.5298 1.5251 0.4850
vt 0.5298 2.5251 0.4850
vt 0.3556 2.5251 0.4306
vt -0.0091 1.5251 0.5065
vt 0.4306 1.5251 0.3556
vt 0.4306 2.5251 0.3556
vt -0.0091 2.5251 0.5065
vt 0.3202 1.5251 0.0439
vt 0.4935 1.5251 -0.0091
vt 0.4935 2.5251 -0.0091
vt 0.3202 2.5251 0.0440
vt -0.0810 1.5251 0.2604
vt 0.3565 1.5251 0.1091
vt 0.3565 2.5251 0.1091
vt -0.0810 2.5251 0.2604
vt 0.5662 1.5251 -0.0280
vt 0.7396 1.5251 -0.0810
vt 0.7396 2.5251 -0.0810
vt 0.5662 2.5251 -0.0280
vt 0.5892 1.5251 0.2832
vt 1.0280 1.5251 0.4338
vt 1.0280 2.5251 0.4338
vt 0.5892 2.5251 0.2832
vt 0.1091 1.5251 0.3565
vt 0.2832 1.5251 0.4108
vt 0.2832 2.5251 0.4108
vt 0.1091 2.5251 0.3565
vt 6.7860 0.7078 0.8653
vt 6.7618 0.7018 0.8653
vt 7.1444 -0.4828 0.4835
vt 7.1684 -0.4768 0.4835
vt -2.5778 1.4806 5.3439
vt -1.5147 1.1365 5.6895
vt 0.4094 0.5140 6.3149
vt 1.5934 0.1309 6.6998
vt -5.5012 0.5121 0.6373
vt -5.3149 0.5140 0.5906
vt 6.8860 0.1297 -0.5467
vt 6.6998 0.1309 -0.5934
vt -4.3439 1.4806 3.5778
vt -4.5300 1.4772 3.6256
vt 5.6895 1.1365 2.5147
vt 5.8760 1.1333 2.5610
vt 0.9981 0.2262 0.9244
vt 0.0450 0.2261 0.1381
vt 0.0554 0.0005 0.2264
vt 0.9975 0.0006 0.9933
vt 0.9995 0.9995 0.8125
vt 0.0005 0.9993 0.0005
vt 0.0246 0.4799 0.2007
vt 0.9978 0.4801 0.9995
vt 0.9933 0.4801 0.9971
vt 0.9995 0.9854 0.0005
vt 0.5851 0.9922 0.0029
vt 0.0005 0.4867 0.9995
vt 0.0005 0.9922 0.0031
vt 0.9884 0.2126 0.2987
vt 0.0005 0.2126 0.2987
vt 0.8493 -0.0068 0.7417
vt 0.9857 -0.0068 0.7417
vt 0.0620 -0.0068 0.7417
vt 0.1319 -0.0068 0.7417
vt 0.0005 -0.0068 0.7417
vt 0.1933 -0.0068 0.7417
vt 0.2632 -0.0068 0.7417
vt 0.3248 -0.0068 0.7417
vt 0.3946 -0.0068 0.7417
vt 0.4567 -0.0068 0.7417
vt 0.5259 -0.0068 0.7417
vt 0.5879 -0.0068 0.7417
vt 0.6573 -0.0068 0.7417
vt 0.7186 -0.0068 0.7417
vt 0.7887 -0.0068 0.7417
vt 0.9200 -0.0068 0.7417
vt 0.0027 0.0005 0.0000
vt 0.9995 0.0005 -0.5000
vt 0.9973 0.9995 0.5000
vt 0.9995 0.9995 0.2520
vt 0.0005 0.9995 0.9990
vt 0.0005 0.0005 0.7217
vt 0.9995 0.0005 0.0000
vt 0.0005 0.0005 0.6123
vt 0.9995 0.9982 0.2734
vt 0.9973 0.9995 1.0000
vt 0.0027 0.0005 0.5000
vt -113.5445 45.7172 346.7644
vt -116.0080 45.7172 347.1243
vt -116.0073 44.4153 347.1242
vt -113.5439 44.4153 346.7642
vt -344.8461 45.7172 -113.6150
vt -345.7644 45.7172 -113.5445
vt -345.7642 44.4153 -113.5439
vt -344.8459 44.4153 -113.6143
vt 117.0782 45.7172 346.2107
vt 114.6150 45.7172 345.8461
vt 114.6143 44.4153 345.8459
vt 117.0775 44.4153 346.2105
vt 347.1243 45.7172 -116.0080
vt 346.2107 45.7172 -116.0782
vt 346.2105 44.4153 -116.0775
vt 347.1242 44.4153 -116.0073
vt 347.0328 45.8172 -115.9348
vt 346.2789 45.8172 -115.9927
vt -113.6300 45.8172 346.6961
vt -115.9348 45.8172 347.0328
vt -344.9378 45.8172 -113.6881
vt -345.6961 45.8172 -113.6300
vt 116.9927 45.8172 346.2789
vt 114.6881 45.8172 345.9378
vt 347.0329 47.8172 -115.9348
vt 346.2789 47.8172 -115.9927
vt -113.6300 47.8172 346.6961
vt -115.9348 47.8172 347.0329
vt -344.9378 47.8172 -113.6881
vt -345.6961 47.8172 -113.6300
vt 116.9927 47.8172 346.2789
vt 114.6881 47.8172 345.9378
vt -346.0329 -115.9348 47.8172
vt -346.1014 -115.9897 47.8572
vt -345.2278 -116.0568 47.8572
vt -345.2789 -115.9927 47.8172
vt -345.7473 -113.5659 47.8572
vt -345.6961 -113.6300 47.8172
vt -344.9378 -113.6881 47.8172
vt -344.8690 -113.6332 47.8572
vt 347.1014 48.0972 -115.9897
vt 346.2278 48.0972 -116.0568
vt 346.2278 47.8572 -116.0568
vt 347.1014 47.8572 -115.9897
vt -113.5659 47.8572 346.7473
vt -113.5659 48.0972 346.7473
vt -114.7778 48.0972 346.9244
vt -115.9897 47.8572 347.1014
vt -115.9897 48.0972 347.1014
vt -344.8690 48.0972 -113.6332
vt -345.7473 48.0972 -113.5659
vt -345.7473 47.8572 -113.5659
vt -344.8690 47.8572 -113.6332
vt 117.0568 47.8572 346.2278
vt 117.0568 48.0972 346.2278
vt 115.8451 48.0972 346.0484
vt 114.6332 47.8572 345.8690
vt 114.6332 48.0972 345.8690
vt 346.2278 -116.0568 48.0972
vt 347.1014 -115.9897 48.0972
vt 346.8726 -115.8067 48.0972
vt 346.3983 -115.8431 48.0972
vt 346.9244 -114.7778 48.0972
vt 346.7362 -114.8759 48.0972
vt 346.0484 -114.8451 48.0972
vt 346.2603 -114.9123 48.0972
vt 346.7473 -113.5659 48.0972
vt 345.8690 -113.6332 48.0972
vt 346.0982 -113.8163 48.0972
vt 346.5763 -113.7796 48.0972
vt 346.2356 -114.7434 48.0972
vt 346.7122 -114.7069 48.0972
vt 4.7099 -1.3903 14.4656
vt 4.7099 -2.4590 14.4656
vt 4.7099 -4.4444 14.4656
vt 4.7099 -5.4902 14.4656
vt 6.8147 -1.3785 14.3199
vt 5.3255 -1.3869 14.4230
vt 5.3255 -2.4691 14.4230
vt 6.8147 -2.4935 14.3199
vt 6.8147 -4.4564 14.3199
vt 5.3255 -4.4479 14.4230
vt 5.3255 -5.4902 14.4230
vt 6.8147 -5.4902 14.3199
vt 7.4303 -1.3751 14.2773
vt 7.4303 -2.5036 14.2773
vt 7.4303 -5.4902 14.2773
vt 0.9995 0.9995 0.0000
vt 0.0005 0.0005 0.9844
vt 0.9995 0.9995 0.0313
vt 0.0005 0.0005 1.0000
vt 0.9995 0.0005 0.0313
vt 0.0005 0.9995 0.9844
vt 0.9995 0.0005 0.0156
vt 0.0005 0.9995 0.9688
vt -0.1363 1.3518 0.5905
vt -0.9690 1.3518 0.6481
vt -1.0687 1.2518 0.6550
vt -0.0366 1.2518 0.5835
vt -0.1363 2.9334 0.5905
vt -0.0366 3.0334 0.5835
vt -0.9689 2.9334 0.6481
vt -1.0687 3.0334 0.6550
vt 0.6790 2.9334 0.5340
vt 1.9690 2.9334 0.4447
vt 2.0688 3.0334 0.4378
vt 0.5792 3.0334 0.5409
vt 0.6790 1.3518 0.5340
vt 0.5792 1.2518 0.5409
vt 1.9690 1.3518 0.4447
vt 2.0687 1.2518 0.4378
vt -0.9690 -0.0243 0.6481
vt -0.1364 -0.0243 0.5905
vt -0.0366 0.0758 0.5836
vt -1.0687 0.0758 0.6550
vt -0.9690 -1.9334 0.6481
vt -1.0688 -2.0334 0.6550
vt -0.1364 -1.9334 0.5905
vt -0.0366 -2.0334 0.5836
vt 0.6789 -0.0243 0.5340
vt 1.9689 -0.0243 0.4448
vt 2.0687 0.0758 0.4379
vt 0.5792 0.0758 0.5410
vt 0.6789 -1.9334 0.5341
vt 0.5791 -2.0334 0.5410
vt 1.9689 -1.9334 0.4448
vt 2.0686 -2.0334 0.4379
vt 0.5658 1.3518 0.6721
vt 0.5657 2.9334 0.6721
vt 0.4660 2.9334 0.6790
vt 0.4660 1.3518 0.6790
vt 0.3450 1.9621 1.3518
vt 0.4342 0.6721 1.3518
vt 0.5340 0.6790 1.3518
vt 0.4447 1.9690 1.3518
vt 0.3450 2.9334 1.9621
vt 0.3450 1.3518 1.9621
vt 0.4447 1.3518 1.9690
vt 0.4447 2.9334 1.9690
vt 0.5657 0.6721 2.9334
vt 0.6550 1.9621 2.9334
vt 0.5553 1.9690 2.9334
vt 0.4660 0.6790 2.9334
vt 0.4907 2.9334 -0.1432
vt 0.4907 1.3518 -0.1432
vt 0.5905 1.3518 -0.1363
vt 0.5905 2.9334 -0.1363
vt 0.4517 -0.9758 2.9334
vt 0.5093 -0.1432 2.9334
vt 0.4095 -0.1363 2.9334
vt 0.3519 -0.9689 2.9334
vt 0.4517 1.3518 -0.9759
vt 0.4517 2.9334 -0.9758
vt 0.3519 2.9334 -0.9689
vt 0.3519 1.3518 -0.9690
vt 0.4907 -0.1432 1.3518
vt 0.5483 -0.9759 1.3518
vt 0.6481 -0.9690 1.3518
vt 0.5905 -0.1363 1.3518
vt 0.5657 -1.9334 0.6720
vt 0.5657 -0.0243 0.6720
vt 0.4660 -0.0243 0.6789
vt 0.4659 -1.9334 0.6789
vt 0.3450 1.9620 -1.9334
vt 0.4343 0.6720 -1.9334
vt 0.5341 0.6789 -1.9334
vt 0.4448 1.9689 -1.9334
vt 0.3450 -0.0243 1.9620
vt 0.3450 -1.9334 1.9620
vt 0.4448 -1.9334 1.9689
vt 0.4448 -0.0243 1.9689
vt 0.5657 0.6720 -0.0243
vt 0.6550 1.9620 -0.0243
vt 0.5552 1.9689 -0.0243
vt 0.4660 0.6789 -0.0243
vt 0.4517 -0.9759 -0.0243
vt 0.5093 -0.1433 -0.0243
vt 0.4095 -0.1364 -0.0243
vt 0.3519 -0.9690 -0.0243
vt 0.4516 -1.9334 -0.9759
vt 0.4517 -0.0243 -0.9759
vt 0.3519 -0.0243 -0.9690
vt 0.3519 -1.9334 -0.9690
vt 0.4907 -0.1433 -1.9334
vt 0.5484 -0.9759 -1.9334
vt 0.6481 -0.9690 -1.9334
vt 0.5905 -0.1364 -1.9334
vt 0.4907 -0.0243 -0.1433
vt 0.4907 -1.9334 -0.1433
vt 0.5905 -1.9334 -0.1364
vt 0.5905 -0.0243 -0.1364
vt -10.8529 -4.9976 -5.7343
vt -10.8529 -1.8591 -5.7344
vt -11.4036 -1.8591 -5.8708
vt -12.5343 -1.8591 -6.1509
vt -13.0953 -1.8591 -6.2898
vt -0.6252 0.4397 0.4704
vt -0.6252 -0.2438 0.7800
vt 0.0471 -0.2438 0.7800
vt 0.0471 0.6323 0.3831
vt 1.0246 -0.2438 0.7800
vt 1.6665 -0.2438 0.7800
vt 1.6665 0.4397 0.4704
vt 1.0246 0.6323 0.3831
vt 0.5591 1.1442 0.1513
vt 0.9974 0.9995 0.9980
vt 0.0005 0.9995 0.0020
vt 0.0005 0.0005 0.0010
vt 0.9995 0.9995 0.9995
vt 0.0005 0.9995 0.9995
vt 0.0005 0.0005 0.9995
vt 0.9995 0.0005 0.9995
vt 0.0005 0.0005 0.0005
vt 0.9995 0.0005 0.0005
vt 0.9995 0.9995 0.0005
vt 0.0005 0.9995 0.0005
vt 7.2546 -5.0421 -13.9734
vt 6.3083 -2.5561 -13.8725
vt 6.3084 -5.0763 -13.8725
vt 0.6959 -5.7013 5.3473
vt 0.6959 -4.3673 4.8352
vt 0.2930 -4.3673 4.8352
vt 0.2930 -5.7013 5.3473
vt 0.6959 10.0700 -0.7068
vt 0.2931 10.0700 -0.7068
vt 0.2931 4.4164 1.4635
vt 0.6959 4.4164 1.4635
vt -2.0661 0.6959 12.9267
vt -2.7843 0.7070 12.3023
vt -2.7843 0.4400 12.3023
vt -2.0661 0.2931 12.9267
vt -2.7843 0.2931 12.3023
vt -3.7074 0.4400 11.4999
vt -3.7074 0.7070 11.4999
vt -5.7621 0.7070 9.7137
vt -5.7621 0.4400 9.7137
vt -5.7621 0.2931 9.7137
vt 0.4944 -11.9267 7.7370
vt 0.6959 -11.9267 7.7370
vt 0.2930 -10.7602 7.2892
vt 0.2930 -11.9267 7.7370
vt 0.6959 -10.7602 7.2892
vt 0.6959 -9.4109 6.7713
vt 0.2930 -9.4109 6.7713
vt 0.6959 -8.2307 6.3182
vt 0.2930 -8.2307 6.3182
vt 0.6959 -6.8951 5.8056
vt 0.2930 -6.8951 5.8056
vt 0.2930 0.7038 2.8886
vt 0.6959 1.8870 2.4344
vt 0.4945 1.8870 2.4344
vt 0.2930 1.8870 2.4344
vt 0.6959 0.7038 2.8886
vt 0.2930 -0.6424 3.4054
vt 0.6959 -0.6424 3.4054
vt 0.2930 -1.8275 3.8603
vt 0.6959 -1.8275 3.8603
vt 0.2930 -3.1719 4.3763
vt 0.6959 -3.1719 4.3763
vt 0.2930 3.2316 1.9183
vt 0.4945 3.2316 1.9183
vt 0.6959 3.2316 1.9183
vt 0.2931 12.2457 -1.5419
vt 0.6959 12.2457 -1.5419
vt 0.6959 12.9267 -2.0661
vt 0.2931 12.9267 -2.0661
vt -6.7369 0.2931 8.8664
vt -6.7370 0.7070 8.8664
vt 2.4538 1.8073 0.1771
vt 2.4538 1.9175 0.1771
vt -1.4697 1.9175 0.5955
vt -1.4697 1.8073 0.5955
vt 0.2341 1.8073 2.6526
vt 0.3833 1.8073 2.6685
vt 0.3833 1.9175 2.6685
vt 0.2341 1.9799 2.6526
vt 0.8229 -1.4538 1.8073
vt 0.4045 2.4697 1.8073
vt 0.2553 2.4538 1.8073
vt 0.6737 -1.4697 1.8073
vt 0.3051 1.8072 -1.6685
vt 0.3051 1.9799 -1.6686
vt 0.1559 1.9175 -1.6526
vt 0.1559 1.8073 -1.6526
vt 2.6526 1.8073 0.1559
vt 2.6526 1.9175 0.1559
vt 0.6949 -1.6685 1.8072
vt 0.8441 -1.6526 1.8073
vt 0.3833 2.6685 1.8073
vt 0.2341 2.6526 1.8073
vt -1.6685 1.9175 0.6167
vt -1.6685 1.8073 0.6167
vt 0.5743 1.8073 -1.4803
vt 0.5743 -0.7130 -1.4803
vt 0.6737 -0.7130 -1.4697
vt 0.6737 1.8073 -1.4697
vt 0.1559 2.4432 1.8073
vt 0.5743 -1.4803 1.8073
vt 0.8441 -0.7130 2.4431
vt 0.8441 1.8073 2.4432
vt 0.7447 1.8073 2.4538
vt 0.7447 -0.7130 2.4538
vt 0.5554 -0.3703 -0.7130
vt 0.8441 2.4431 -0.7130
vt 0.7447 2.4538 -0.7130
vt 0.4560 -0.3597 -0.7130
vt 0.5554 -0.9799 -0.3703
vt 0.5554 -0.7130 -0.3703
vt 0.4560 -0.7130 -0.3597
vt 0.4560 -0.9799 -0.3597
vt 0.4257 -1.4803 -0.9799
vt 0.5554 -0.3703 -0.9799
vt 0.4560 -0.3597 -0.9799
vt 0.3263 -1.4697 -0.9799
vt 0.5743 -0.9799 -1.4803
vt 0.6737 -0.9799 -1.4697
vt 0.5955 2.4697 1.9175
vt 0.1771 -1.4538 1.9175
vt 0.3263 -1.4697 1.9799
vt 0.7447 2.4538 1.9799
vt 0.1559 -1.6526 1.9175
vt 0.3051 -1.6686 1.9799
vt 0.7659 2.6526 1.9799
vt 0.6167 2.6685 1.9175
vt 0.9995 0.0962 1.0000
vt 0.7165 0.0962 0.6895
vt 0.7165 0.0005 0.6914
vt 0.0005 0.0962 0.0000
vt 7.4303 1.5096 14.2773
vt 7.4304 2.2972 14.2775
vt 4.3514 2.1880 14.4906
vt 4.3014 1.5096 14.4939
vt -0.0166 -0.1023 0.8483
vt -4.0520 0.6929 0.3607
vt -3.7149 0.6763 0.9375
vt 0.6567 0.7030 -0.5372
vt 0.1385 0.6963 -0.7184
vt -0.5190 0.6878 -0.9477
vt 0.3933 0.0741 0.0605
vt 0.3837 0.0157 0.0000
vt 0.4575 0.0157 0.0410
vt 2.2714 0.1608 0.5018
vt 2.2714 0.8400 0.5018
vt 0.7168 0.7808 0.6121
vt 0.7201 0.1605 0.6120
vt -1.2479 0.7122 0.7518
vt -1.2479 0.1600 0.7518
vt 0.7518 -1.2479 0.7122
vt 0.6121 0.7168 0.7808
vt 0.2482 0.6267 0.7780
vt 0.7184 -1.2714 0.7122
vt 3.1964 -2.8182 0.3496
vt 3.2964 -2.8182 0.3496
vt 3.2909 -2.6228 0.3330
vt 3.1964 -2.6228 0.3330
vt -2.5588 -2.6228 0.3330
vt 0.4946 -2.6228 0.3330
vt 0.1959 -2.6228 0.3330
vt -2.5588 -2.8182 0.3496
vt 3.2221 -0.5821 0.4283
vt 3.2113 -0.2658 0.4431
vt 3.1152 -0.2662 0.4437
vt 0.0050 1.7812 0.5759
vt -0.0240 2.4494 0.6128
vt -0.0956 4.1002 0.7038
vt 0.2860 2.4820 0.6100
vt 3.0708 1.0259 0.5043
vt 2.9985 3.1256 0.6028
vt 2.9586 4.2859 0.6573
vt 0.2181 4.1433 0.7001
vt 2.9505 4.5192 0.6683
vt 0.3134 1.8094 0.5735
vt -2.7139 -3.3144 0.3143
vt -2.7139 -2.8182 0.3496
vt 3.3184 -3.3144 0.3143
vt 3.0462 4.5322 0.6672
vt 3.0547 4.2868 0.6557
vt 3.0946 3.1251 0.6015
vt 3.1668 1.0261 0.5034
vt -1.5920 0.9491 0.5955
vt -1.2713 0.0895 0.5955
vt -1.2713 0.8508 0.5955
vt -1.2713 0.9491 0.5955
vt -1.5920 0.8508 0.5955
vt -1.2713 -0.0088 0.5955
vt -1.5920 0.0895 0.5955
vt -1.5920 -0.0088 0.5955
vt 2.2713 0.9491 0.4045
vt 2.2713 -0.0088 0.4045
vt 2.5920 -0.0088 0.4045
vt 2.5920 0.9491 0.4045
vt 2.5096 0.4869 1.0088
vt 2.5096 0.5131 1.0088
vt 2.3537 0.5131 1.0088
vt 2.3537 0.4869 1.0088
vt 0.1492 0.5476 -1.5920
vt 0.1492 0.4524 -1.5920
vt 0.9105 0.4524 -1.5920
vt 0.9105 0.5476 -1.5920
vt 2.5920 0.5955 0.9491
vt 2.2713 0.5955 0.9491
vt 2.2713 0.4045 0.9491
vt 2.5920 0.4045 0.9491
vt 0.1492 0.5955 -1.5920
vt 0.9105 0.5955 -1.5920
vt 0.0509 0.5955 -1.5920
vt 0.0509 0.4045 -1.5920
vt 1.0088 0.5955 -1.5920
vt 1.0088 0.4045 -1.5920
vt 0.0895 0.5955 -1.2713
vt 0.0895 0.5476 -1.2713
vt 0.1563 0.5476 -1.2713
vt 0.8508 0.5955 -1.2713
vt 0.7840 0.5476 -1.2713
vt 0.8508 0.5476 -1.2713
vt -0.0088 0.5955 -1.2713
vt 0.0895 0.4524 -1.2713
vt -0.0088 0.4045 -1.2713
vt 0.1563 0.4524 -1.2713
vt 0.9491 0.5955 -1.2713
vt 0.9491 0.4045 -1.2713
vt 0.8508 0.4524 -1.2713
vt 0.7840 0.4524 -1.2713
vt -1.5920 0.5476 0.8508
vt -1.5920 0.4524 0.8508
vt 2.2713 0.4524 0.8508
vt 2.2713 0.5476 0.8508
vt 2.5920 0.4524 0.0895
vt 2.5920 0.5476 0.0895
vt -1.2713 0.5476 0.0895
vt -1.2713 0.4524 0.0895
vt 2.5920 0.0895 0.5476
vt 2.5920 0.1563 0.5476
vt 2.3341 0.1563 0.5476
vt -1.2713 0.0895 0.5476
vt 2.2833 0.1563 0.5476
vt 2.2151 0.1563 0.5476
vt 2.1643 0.1563 0.5476
vt 2.0962 0.1563 0.5476
vt 2.0454 0.1563 0.5476
vt 1.9773 0.1563 0.5476
vt 1.9265 0.1563 0.5476
vt 1.8584 0.1563 0.5476
vt 1.8076 0.1563 0.5476
vt 1.7394 0.1563 0.5476
vt 1.6886 0.1563 0.5476
vt 1.6205 0.1563 0.5476
vt 1.5697 0.1563 0.5476
vt 1.5016 0.1563 0.5476
vt 1.4508 0.1563 0.5476
vt 1.3827 0.1563 0.5476
vt 1.3319 0.1563 0.5476
vt 1.2637 0.1563 0.5476
vt 1.2129 0.1563 0.5476
vt 1.1448 0.1563 0.5476
vt 1.0940 0.1563 0.5476
vt 1.0259 0.1563 0.5476
vt 0.9751 0.1563 0.5476
vt 0.9070 0.1563 0.5476
vt 0.8562 0.1563 0.5476
vt 0.7880 0.1563 0.5476
vt 0.7372 0.1563 0.5476
vt 0.6691 0.1563 0.5476
vt 0.6183 0.1563 0.5476
vt 0.5502 0.1563 0.5476
vt 0.4994 0.1563 0.5476
vt 0.4313 0.1563 0.5476
vt 0.3805 0.1563 0.5476
vt 0.3124 0.1563 0.5476
vt 0.2616 0.1563 0.5476
vt 0.1934 0.1563 0.5476
vt 0.1426 0.1563 0.5476
vt 0.0745 0.1563 0.5476
vt 0.0237 0.1563 0.5476
vt -0.0444 0.1563 0.5476
vt -0.0952 0.1563 0.5476
vt -0.1633 0.1563 0.5476
vt -0.2141 0.1563 0.5476
vt -0.2823 0.1563 0.5476
vt -0.3331 0.1563 0.5476
vt -0.4012 0.1563 0.5476
vt -0.4520 0.1563 0.5476
vt -0.5201 0.1563 0.5476
vt -0.5709 0.1563 0.5476
vt -0.6390 0.1563 0.5476
vt -0.6898 0.1563 0.5476
vt -0.7580 0.1563 0.5476
vt -0.8088 0.1563 0.5476
vt -0.8769 0.1563 0.5476
vt -0.9277 0.1563 0.5476
vt -0.9958 0.1563 0.5476
vt -1.0466 0.1563 0.5476
vt -1.1147 0.1563 0.5476
vt -1.1655 0.1563 0.5476
vt -1.2713 0.1563 0.5476
vt -1.2713 0.8508 0.5476
vt -1.2713 0.7840 0.5476
vt -1.1655 0.7840 0.5476
vt 2.5920 0.8508 0.5476
vt -1.1147 0.7840 0.5476
vt -1.0466 0.7840 0.5476
vt -0.9958 0.7840 0.5476
vt -0.9277 0.7840 0.5476
vt -0.8769 0.7840 0.5476
vt -0.8088 0.7840 0.5476
vt -0.7580 0.7840 0.5476
vt -0.6898 0.7840 0.5476
vt -0.6390 0.7840 0.5476
vt -0.5709 0.7840 0.5476
vt -0.5201 0.7840 0.5476
vt -0.4520 0.7840 0.5476
vt -0.4012 0.7840 0.5476
vt -0.3331 0.7840 0.5476
vt -0.2823 0.7840 0.5476
vt -0.2141 0.7840 0.5476
vt -0.1633 0.7840 0.5476
vt -0.0952 0.7840 0.5476
vt -0.0444 0.7840 0.5476
vt 0.0237 0.7840 0.5476
vt 0.0745 0.7840 0.5476
vt 0.1426 0.7840 0.5476
vt 0.1934 0.7840 0.5476
vt 0.2616 0.7840 0.5476
vt 0.3124 0.7840 0.5476
vt 0.3805 0.7840 0.5476
vt 0.4313 0.7840 0.5476
vt 0.4994 0.7840 0.5476
vt 0.5502 0.7840 0.5476
vt 0.6183 0.7840 0.5476
vt 0.6691 0.7840 0.5476
vt 0.7372 0.7840 0.5476
vt 0.7880 0.7840 0.5476
vt 0.8562 0.7840 0.5476
vt 0.9070 0.7840 0.5476
vt 0.9751 0.7840 0.5476
vt 1.0259 0.7840 0.5476
vt 1.0940 0.7840 0.5476
vt 1.1448 0.7840 0.5476
vt 1.2129 0.7840 0.5476
vt 1.2637 0.7840 0.5476
vt 1.3319 0.7840 0.5476
vt 1.3827 0.7840 0.5476
vt 1.4508 0.7840 0.5476
vt 1.5016 0.7840 0.5476
vt 1.5697 0.7840 0.5476
vt 1.6205 0.7840 0.5476
vt 1.6886 0.7840 0.5476
vt 1.7394 0.7840 0.5476
vt 1.8076 0.7840 0.5476
vt 1.8584 0.7840 0.5476
vt 1.9265 0.7840 0.5476
vt 1.9773 0.7840 0.5476
vt 2.0454 0.7840 0.5476
vt 2.0962 0.7840 0.5476
vt 2.1643 0.7840 0.5476
vt 2.2151 0.7840 0.5476
vt 2.2833 0.7840 0.5476
vt 2.3341 0.7840 0.5476
vt 2.5920 0.7840 0.5476
vt -1.5920 0.8508 0.4524
vt -1.5920 0.7840 0.4524
vt -1.3341 0.7840 0.4524
vt 2.2713 0.8508 0.4524
vt -1.2833 0.7840 0.4524
vt -1.2151 0.7840 0.4524
vt -1.1643 0.7840 0.4524
vt -1.0962 0.7840 0.4524
vt -1.0454 0.7840 0.4524
vt -0.9773 0.7840 0.4524
vt -0.9265 0.7840 0.4524
vt -0.8584 0.7840 0.4524
vt -0.8076 0.7840 0.4524
vt -0.7394 0.7840 0.4524
vt -0.6886 0.7840 0.4524
vt -0.6205 0.7840 0.4524
vt -0.5697 0.7840 0.4524
vt -0.5016 0.7840 0.4524
vt -0.4508 0.7840 0.4524
vt -0.3827 0.7840 0.4524
vt -0.3319 0.7840 0.4524
vt -0.2637 0.7840 0.4524
vt -0.2129 0.7840 0.4524
vt -0.1448 0.7840 0.4524
vt -0.0940 0.7840 0.4524
vt -0.0259 0.7840 0.4524
vt 0.0249 0.7840 0.4524
vt 0.0930 0.7840 0.4524
vt 0.1438 0.7840 0.4524
vt 0.2120 0.7840 0.4524
vt 0.2628 0.7840 0.4524
vt 0.3309 0.7840 0.4524
vt 0.3817 0.7840 0.4524
vt 0.4498 0.7840 0.4524
vt 0.5006 0.7840 0.4524
vt 0.5687 0.7840 0.4524
vt 0.6195 0.7840 0.4524
vt 0.6876 0.7840 0.4524
vt 0.7384 0.7840 0.4524
vt 0.8066 0.7840 0.4524
vt 0.8574 0.7840 0.4524
vt 0.9255 0.7840 0.4524
vt 0.9763 0.7840 0.4524
vt 1.0444 0.7840 0.4524
vt 1.0952 0.7840 0.4524
vt 1.1633 0.7840 0.4524
vt 1.2141 0.7840 0.4524
vt 1.2823 0.7840 0.4524
vt 1.3331 0.7840 0.4524
vt 1.4012 0.7840 0.4524
vt 1.4520 0.7840 0.4524
vt 1.5201 0.7840 0.4524
vt 1.5709 0.7840 0.4524
vt 1.6390 0.7840 0.4524
vt 1.6898 0.7840 0.4524
vt 1.7580 0.7840 0.4524
vt 1.8088 0.7840 0.4524
vt 1.8769 0.7840 0.4524
vt 1.9277 0.7840 0.4524
vt 1.9958 0.7840 0.4524
vt 2.0466 0.7840 0.4524
vt 2.1147 0.7840 0.4524
vt 2.1655 0.7840 0.4524
vt 2.2713 0.7840 0.4524
vt 2.2713 0.0895 0.4524
vt 2.2713 0.1563 0.4524
vt 2.1655 0.1563 0.4524
vt -1.5920 0.0895 0.4524
vt 2.1147 0.1563 0.4524
vt 2.0466 0.1563 0.4524
vt 1.9958 0.1563 0.4524
vt 1.9277 0.1563 0.4524
vt 1.8769 0.1563 0.4524
vt 1.8088 0.1563 0.4524
vt 1.7580 0.1563 0.4524
vt 1.6898 0.1563 0.4524
vt 1.6390 0.1563 0.4524
vt 1.5709 0.1563 0.4524
vt 1.5201 0.1563 0.4524
vt 1.4520 0.1563 0.4524
vt 1.4012 0.1563 0.4524
vt 1.3331 0.1563 0.4524
vt 1.2823 0.1563 0.4524
vt 1.2141 0.1563 0.4524
vt 1.1633 0.1563 0.4524
vt 1.0952 0.1563 0.4524
vt 1.0444 0.1563 0.4524
vt 0.9763 0.1563 0.4524
vt 0.9255 0.1563 0.4524
vt 0.8574 0.1563 0.4524
vt 0.8066 0.1563 0.4524
vt 0.7384 0.1563 0.4524
vt 0.6876 0.1563 0.4524
vt 0.6195 0.1563 0.4524
vt 0.5687 0.1563 0.4524
vt 0.5006 0.1563 0.4524
vt 0.4498 0.1563 0.4524
vt 0.3817 0.1563 0.4524
vt 0.3309 0.1563 0.4524
vt 0.2628 0.1563 0.4524
vt 0.2120 0.1563 0.4524
vt 0.1438 0.1563 0.4524
vt 0.0930 0.1563 0.4524
vt 0.0249 0.1563 0.4524
vt -0.0259 0.1563 0.4524
vt -0.0940 0.1563 0.4524
vt -0.1448 0.1563 0.4524
vt -0.2129 0.1563 0.4524
vt -0.2637 0.1563 0.4524
vt -0.3319 0.1563 0.4524
vt -0.3827 0.1563 0.4524
vt -0.4508 0.1563 0.4524
vt -0.5016 0.1563 0.4524
vt -0.5697 0.1563 0.4524
vt -0.6205 0.1563 0.4524
vt -0.6886 0.1563 0.4524
vt -0.7394 0.1563 0.4524
vt -0.8076 0.1563 0.4524
vt -0.8584 0.1563 0.4524
vt -0.9265 0.1563 0.4524
vt -0.9773 0.1563 0.4524
vt -1.0454 0.1563 0.4524
vt -1.0962 0.1563 0.4524
vt -1.1643 0.1563 0.4524
vt -1.2151 0.1563 0.4524
vt -1.2833 0.1563 0.4524
vt -1.3341 0.1563 0.4524
vt -1.5920 0.1563 0.4524
vt 2.3087 0.7586 0.5476
vt 2.3087 0.1817 0.5476
vt 2.1897 0.1817 0.5476
vt 2.0708 0.7586 0.5476
vt 2.1897 0.7586 0.5476
vt 2.0708 0.1817 0.5476
vt 1.9519 0.1817 0.5476
vt 1.8330 0.7586 0.5476
vt 1.9519 0.7586 0.5476
vt 1.8330 0.1817 0.5476
vt 1.7140 0.1817 0.5476
vt 1.5951 0.7586 0.5476
vt 1.7140 0.7586 0.5476
vt 1.5951 0.1817 0.5476
vt 1.4762 0.1817 0.5476
vt 1.3573 0.7586 0.5476
vt 1.4762 0.7586 0.5476
vt 1.3573 0.1817 0.5476
vt 1.2383 0.1817 0.5476
vt 1.1194 0.7586 0.5476
vt 1.2383 0.7586 0.5476
vt 1.1194 0.1817 0.5476
vt 1.0005 0.1817 0.5476
vt 0.8816 0.7586 0.5476
vt 1.0005 0.7586 0.5476
vt 0.8816 0.1817 0.5476
vt 0.7626 0.1817 0.5476
vt 0.6437 0.7586 0.5476
vt 0.7626 0.7586 0.5476
vt 0.6437 0.1817 0.5476
vt -1.1401 0.1817 0.5476
vt -1.1401 0.7586 0.5476
vt -1.0212 0.7586 0.5476
vt -0.9023 0.1817 0.5476
vt -1.0212 0.1817 0.5476
vt -0.9023 0.7586 0.5476
vt -0.7834 0.7586 0.5476
vt -0.6644 0.1817 0.5476
vt -0.7834 0.1817 0.5476
vt -0.6644 0.7586 0.5476
vt -0.5455 0.7586 0.5476
vt -0.4266 0.1817 0.5476
vt -0.5455 0.1817 0.5476
vt -0.4266 0.7586 0.5476
vt -0.3077 0.7586 0.5476
vt -0.1887 0.1817 0.5476
vt -0.3077 0.1817 0.5476
vt -0.1887 0.7586 0.5476
vt -0.0698 0.7586 0.5476
vt 0.0491 0.1817 0.5476
vt -0.0698 0.1817 0.5476
vt 0.0491 0.7586 0.5476
vt 0.1680 0.7586 0.5476
vt 0.2870 0.1817 0.5476
vt 0.1680 0.1817 0.5476
vt 0.2870 0.7586 0.5476
vt 0.4059 0.7586 0.5476
vt 0.5248 0.1817 0.5476
vt 0.4059 0.1817 0.5476
vt 0.5248 0.7586 0.5476
vt -1.3087 0.1817 0.4524
vt -1.3087 0.7586 0.4524
vt -1.1897 0.7586 0.4524
vt -1.0708 0.1817 0.4524
vt -1.1897 0.1817 0.4524
vt -1.0708 0.7586 0.4524
vt -0.9519 0.7586 0.4524
vt -0.8330 0.1817 0.4524
vt -0.9519 0.1817 0.4524
vt -0.8330 0.7586 0.4524
vt -0.7140 0.7586 0.4524
vt -0.5951 0.1817 0.4524
vt -0.7140 0.1817 0.4524
vt -0.5951 0.7586 0.4524
vt -0.4762 0.7586 0.4524
vt -0.3573 0.1817 0.4524
vt -0.4762 0.1817 0.4524
vt -0.3573 0.7586 0.4524
vt -0.2383 0.7586 0.4524
vt -0.1194 0.1817 0.4524
vt -0.2383 0.1817 0.4524
vt -0.1194 0.7586 0.4524
vt -0.0005 0.7586 0.4524
vt 0.1184 0.1817 0.4524
vt -0.0005 0.1817 0.4524
vt 0.1184 0.7586 0.4524
vt 0.2374 0.7586 0.4524
vt 0.3563 0.1817 0.4524
vt 0.2374 0.1817 0.4524
vt 0.3563 0.7586 0.4524
vt 2.1401 0.7586 0.4524
vt 2.1401 0.1817 0.4524
vt 2.0212 0.1817 0.4524
vt 1.9023 0.7586 0.4524
vt 2.0212 0.7586 0.4524
vt 1.9023 0.1817 0.4524
vt 1.7834 0.1817 0.4524
vt 1.6644 0.7586 0.4524
vt 1.7834 0.7586 0.4524
vt 1.6644 0.1817 0.4524
vt 1.5455 0.1817 0.4524
vt 1.4266 0.7586 0.4524
vt 1.5455 0.7586 0.4524
vt 1.4266 0.1817 0.4524
vt 1.3077 0.1817 0.4524
vt 1.1887 0.7586 0.4524
vt 1.3077 0.7586 0.4524
vt 1.1887 0.1817 0.4524
vt 1.0698 0.1817 0.4524
vt 0.9509 0.7586 0.4524
vt 1.0698 0.7586 0.4524
vt 0.9509 0.1817 0.4524
vt 0.8320 0.1817 0.4524
vt 0.7130 0.7586 0.4524
vt 0.8320 0.7586 0.4524
vt 0.7130 0.1817 0.4524
vt 0.5941 0.1817 0.4524
vt 0.4752 0.7586 0.4524
vt 0.5941 0.7586 0.4524
vt 0.4752 0.1817 0.4524
vt 0.7586 0.5476 -0.9023
vt 0.1817 0.5476 -0.9023
vt 0.1817 0.4524 -0.9023
vt 0.7586 0.4524 -0.9023
vt 0.7586 0.5476 -1.1401
vt 0.1817 0.5476 -1.1401
vt 0.1817 0.4524 -1.1401
vt 0.7586 0.4524 -1.1401
vt 0.7586 0.5476 -0.6644
vt 0.1817 0.5476 -0.6644
vt 0.1817 0.4524 -0.6644
vt 0.7586 0.4524 -0.6644
vt 0.7586 0.5476 -0.4266
vt 0.1817 0.5476 -0.4266
vt 0.1817 0.4524 -0.4266
vt 0.7586 0.4524 -0.4266
vt 0.7586 0.5476 -0.1887
vt 0.1817 0.5476 -0.1887
vt 0.1817 0.4524 -0.1887
vt 0.7586 0.4524 -0.1887
vt 0.7586 0.5476 0.0491
vt 0.1817 0.5476 0.0491
vt 0.1817 0.4524 0.0491
vt 0.7586 0.4524 0.0491
vt 0.7586 0.5476 0.2870
vt 0.1817 0.5476 0.2870
vt 0.1817 0.4524 0.2870
vt 0.7586 0.4524 0.2870
vt 0.7586 0.5476 0.5248
vt 0.1817 0.5476 0.5248
vt 0.1817 0.4524 0.5248
vt 0.7586 0.4524 0.5248
vt 0.7586 0.5476 0.7626
vt 0.1817 0.5476 0.7626
vt 0.1817 0.4524 0.7626
vt 0.7586 0.4524 0.7626
vt 0.7586 0.5476 1.0005
vt 0.1817 0.5476 1.0005
vt 0.1817 0.4524 1.0005
vt 0.7586 0.4524 1.0005
vt 0.7586 0.5476 1.2383
vt 0.1817 0.5476 1.2383
vt 0.1817 0.4524 1.2383
vt 0.7586 0.4524 1.2383
vt 0.7586 0.5476 1.4762
vt 0.1817 0.5476 1.4762
vt 0.1817 0.4524 1.4762
vt 0.7586 0.4524 1.4762
vt 0.7586 0.5476 1.7140
vt 0.1817 0.5476 1.7140
vt 0.1817 0.4524 1.7140
vt 0.7586 0.4524 1.7140
vt 0.7586 0.5476 1.9519
vt 0.1817 0.5476 1.9519
vt 0.1817 0.4524 1.9519
vt 0.7586 0.4524 1.9519
vt 0.7586 0.5476 2.1897
vt 0.1817 0.5476 2.1897
vt 0.1817 0.4524 2.1897
vt 0.7586 0.4524 2.1897
vt 0.8183 0.5476 2.3087
vt 0.2414 0.5476 2.3087
vt 0.2414 0.4524 2.3087
vt 0.8183 0.4524 2.3087
vt 0.8183 0.5476 2.0708
vt 0.2414 0.5476 2.0708
vt 0.2414 0.4524 2.0708
vt 0.8183 0.4524 2.0708
vt 0.8183 0.5476 1.8330
vt 0.2414 0.5476 1.8330
vt 0.2414 0.4524 1.8330
vt 0.8183 0.4524 1.8330
vt 0.8183 0.5476 1.5951
vt 0.2414 0.5476 1.5951
vt 0.2414 0.4524 1.5951
vt 0.8183 0.4524 1.5951
vt 0.8183 0.5476 1.3573
vt 0.2414 0.5476 1.3573
vt 0.2414 0.4524 1.3573
vt 0.8183 0.4524 1.3573
vt 0.8183 0.5476 1.1194
vt 0.2414 0.5476 1.1194
vt 0.2414 0.4524 1.1194
vt 0.8183 0.4524 1.1194
vt 0.8183 0.5476 0.8816
vt 0.2414 0.5476 0.8816
vt 0.2414 0.4524 0.8816
vt 0.8183 0.4524 0.8816
vt 0.8183 0.5476 0.6437
vt 0.2414 0.5476 0.6437
vt 0.2414 0.4524 0.6437
vt 0.8183 0.4524 0.6437
vt 0.8183 0.5476 0.4059
vt 0.2414 0.5476 0.4059
vt 0.2414 0.4524 0.4059
vt 0.8183 0.4524 0.4059
vt 0.8183 0.5476 0.1680
vt 0.2414 0.5476 0.1680
vt 0.2414 0.4524 0.1680
vt 0.8183 0.4524 0.1680
vt 0.8183 0.5476 -0.0698
vt 0.2414 0.5476 -0.0698
vt 0.2414 0.4524 -0.0698
vt 0.8183 0.4524 -0.0698
vt 0.8183 0.5476 -0.3077
vt 0.2414 0.5476 -0.3077
vt 0.2414 0.4524 -0.3077
vt 0.8183 0.4524 -0.3077
vt 0.8183 0.5476 -0.5455
vt 0.2414 0.5476 -0.5455
vt 0.2414 0.4524 -0.5455
vt 0.8183 0.4524 -0.5455
vt 0.8183 0.5476 -0.7834
vt 0.2414 0.5476 -0.7834
vt 0.2414 0.4524 -0.7834
vt 0.8183 0.4524 -0.7834
vt 0.8183 0.5476 -1.0212
vt 0.2414 0.5476 -1.0212
vt 0.2414 0.4524 -1.0212
vt 0.8183 0.4524 -1.0212
vt 1.5709 0.4524 0.1563
vt 1.6390 0.4524 0.1563
vt 1.6390 0.5476 0.1563
vt 1.5709 0.5476 0.1563
vt 1.3331 0.4524 0.1563
vt 1.4012 0.4524 0.1563
vt 1.4012 0.5476 0.1563
vt 1.3331 0.5476 0.1563
vt 1.0952 0.4524 0.1563
vt 1.1633 0.4524 0.1563
vt 1.1633 0.5476 0.1563
vt 1.0952 0.5476 0.1563
vt 0.8574 0.4524 0.1563
vt 0.9255 0.4524 0.1563
vt 0.9255 0.5476 0.1563
vt 0.8574 0.5476 0.1563
vt 0.6195 0.4524 0.1563
vt 0.6876 0.4524 0.1563
vt 0.6876 0.5476 0.1563
vt 0.6195 0.5476 0.1563
vt 0.3817 0.4524 0.1563
vt 0.4498 0.4524 0.1563
vt 0.4498 0.5476 0.1563
vt 0.3817 0.5476 0.1563
vt 0.1438 0.4524 0.1563
vt 0.2120 0.4524 0.1563
vt 0.2120 0.5476 0.1563
vt 0.1438 0.5476 0.1563
vt -0.0940 0.4524 0.1563
vt -0.0259 0.4524 0.1563
vt -0.0259 0.5476 0.1563
vt -0.0940 0.5476 0.1563
vt 1.8088 0.4524 0.1563
vt 1.8769 0.4524 0.1563
vt 1.8769 0.5476 0.1563
vt 1.8088 0.5476 0.1563
vt 2.0466 0.4524 0.1563
vt 2.1147 0.4524 0.1563
vt 2.1147 0.5476 0.1563
vt 2.0466 0.5476 0.1563
vt -0.3319 0.4524 0.1563
vt -0.2637 0.4524 0.1563
vt -0.2637 0.5476 0.1563
vt -0.3319 0.5476 0.1563
vt -0.5697 0.4524 0.1563
vt -0.5016 0.4524 0.1563
vt -0.5016 0.5476 0.1563
vt -0.5697 0.5476 0.1563
vt -0.8076 0.4524 0.1563
vt -0.7394 0.4524 0.1563
vt -0.7394 0.5476 0.1563
vt -0.8076 0.5476 0.1563
vt -1.0454 0.4524 0.1563
vt -0.9773 0.4524 0.1563
vt -0.9773 0.5476 0.1563
vt -1.0454 0.5476 0.1563
vt -1.2833 0.4524 0.1563
vt -1.2151 0.4524 0.1563
vt -1.2151 0.5476 0.1563
vt -1.2833 0.5476 0.1563
vt -1.0466 0.4524 0.7840
vt -1.0466 0.5476 0.7840
vt -1.1147 0.5476 0.7840
vt -1.1147 0.4524 0.7840
vt -0.8088 0.4524 0.7840
vt -0.8088 0.5476 0.7840
vt -0.8769 0.5476 0.7840
vt -0.8769 0.4524 0.7840
vt -0.5709 0.4524 0.7840
vt -0.5709 0.5476 0.7840
vt -0.6390 0.5476 0.7840
vt -0.6390 0.4524 0.7840
vt -0.3331 0.4524 0.7840
vt -0.3331 0.5476 0.7840
vt -0.4012 0.5476 0.7840
vt -0.4012 0.4524 0.7840
vt -0.0952 0.4524 0.7840
vt -0.0952 0.5476 0.7840
vt -0.1633 0.5476 0.7840
vt -0.1633 0.4524 0.7840
vt 0.1426 0.4524 0.7840
vt 0.1426 0.5476 0.7840
vt 0.0745 0.5476 0.7840
vt 0.0745 0.4524 0.7840
vt 0.3805 0.4524 0.7840
vt 0.3805 0.5476 0.7840
vt 0.3124 0.5476 0.7840
vt 0.3124 0.4524 0.7840
vt 0.6183 0.4524 0.7840
vt 0.6183 0.5476 0.7840
vt 0.5502 0.5476 0.7840
vt 0.5502 0.4524 0.7840
vt 0.8562 0.4524 0.7840
vt 0.8562 0.5476 0.7840
vt 0.7880 0.5476 0.7840
vt 0.7880 0.4524 0.7840
vt 1.0940 0.4524 0.7840
vt 1.0940 0.5476 0.7840
vt 1.0259 0.5476 0.7840
vt 1.0259 0.4524 0.7840
vt 1.3319 0.4524 0.7840
vt 1.3319 0.5476 0.7840
vt 1.2637 0.5476 0.7840
vt 1.2637 0.4524 0.7840
vt 1.5697 0.4524 0.7840
vt 1.5697 0.5476 0.7840
vt 1.5016 0.5476 0.7840
vt 1.5016 0.4524 0.7840
vt 1.8076 0.4524 0.7840
vt 1.8076 0.5476 0.7840
vt 1.7394 0.5476 0.7840
vt 1.7394 0.4524 0.7840
vt 2.0454 0.4524 0.7840
vt 2.0454 0.5476 0.7840
vt 1.9773 0.5476 0.7840
vt 1.9773 0.4524 0.7840
vt 2.2833 0.4524 0.7840
vt 2.2833 0.5476 0.7840
vt 2.2151 0.5476 0.7840
vt 2.2151 0.4524 0.7840
vt -0.9023 0.5476 0.7586
vt -0.9023 0.4524 0.7586
vt 0.1563 0.4524 -0.8769
vt 0.1563 0.5476 -0.8769
vt -1.1401 0.5476 0.7586
vt -1.1401 0.4524 0.7586
vt 0.1563 0.4524 -1.1147
vt 0.1563 0.5476 -1.1147
vt -0.6644 0.5476 0.7586
vt -0.6644 0.4524 0.7586
vt 0.1563 0.4524 -0.6390
vt 0.1563 0.5476 -0.6390
vt -0.4266 0.5476 0.7586
vt -0.4266 0.4524 0.7586
vt 0.1563 0.4524 -0.4012
vt 0.1563 0.5476 -0.4012
vt -0.1887 0.5476 0.7586
vt -0.1887 0.4524 0.7586
vt 0.1563 0.4524 -0.1633
vt 0.1563 0.5476 -0.1633
vt 0.0491 0.5476 0.7586
vt 0.0491 0.4524 0.7586
vt 0.1563 0.4524 0.0745
vt 0.1563 0.5476 0.0745
vt 0.2870 0.5476 0.7586
vt 0.2870 0.4524 0.7586
vt 0.1563 0.4524 0.3124
vt 0.1563 0.5476 0.3124
vt 0.5248 0.5476 0.7586
vt 0.5248 0.4524 0.7586
vt 0.1563 0.4524 0.5502
vt 0.1563 0.5476 0.5502
vt 0.7626 0.5476 0.7586
vt 0.7626 0.4524 0.7586
vt 0.1563 0.4524 0.7880
vt 0.1563 0.5476 0.7880
vt 1.0005 0.5476 0.7586
vt 1.0005 0.4524 0.7586
vt 0.1563 0.4524 1.0259
vt 0.1563 0.5476 1.0259
vt 1.2383 0.5476 0.7586
vt 1.2383 0.4524 0.7586
vt 0.1563 0.4524 1.2637
vt 0.1563 0.5476 1.2637
vt 1.4762 0.5476 0.7586
vt 1.4762 0.4524 0.7586
vt 0.1563 0.4524 1.5016
vt 0.1563 0.5476 1.5016
vt 1.7140 0.5476 0.7586
vt 1.7140 0.4524 0.7586
vt 0.1563 0.4524 1.7394
vt 0.1563 0.5476 1.7394
vt 1.9519 0.5476 0.7586
vt 1.9519 0.4524 0.7586
vt 0.1563 0.4524 1.9773
vt 0.1563 0.5476 1.9773
vt 2.1897 0.5476 0.7586
vt 2.1897 0.4524 0.7586
vt 0.1563 0.4524 2.2151
vt 0.1563 0.5476 2.2151
vt -1.3087 0.5476 0.1817
vt -1.3087 0.4524 0.1817
vt 0.2160 0.4524 2.2833
vt 0.2160 0.5476 2.2833
vt -1.0708 0.5476 0.1817
vt -1.0708 0.4524 0.1817
vt 0.2160 0.4524 2.0454
vt 0.2160 0.5476 2.0454
vt -0.8330 0.5476 0.1817
vt -0.8330 0.4524 0.1817
vt 0.2160 0.4524 1.8076
vt 0.2160 0.5476 1.8076
vt -0.5951 0.5476 0.1817
vt -0.5951 0.4524 0.1817
vt 0.2160 0.4524 1.5697
vt 0.2160 0.5476 1.5697
vt -0.3573 0.5476 0.1817
vt -0.3573 0.4524 0.1817
vt 0.2160 0.4524 1.3319
vt 0.2160 0.5476 1.3319
vt -0.1194 0.5476 0.1817
vt -0.1194 0.4524 0.1817
vt 0.2160 0.4524 1.0940
vt 0.2160 0.5476 1.0940
vt 0.1184 0.5476 0.1817
vt 0.1184 0.4524 0.1817
vt 0.2160 0.4524 0.8562
vt 0.2160 0.5476 0.8562
vt 0.3563 0.5476 0.1817
vt 0.3563 0.4524 0.1817
vt 0.2160 0.4524 0.6183
vt 0.2160 0.5476 0.6183
vt 0.5941 0.5476 0.1817
vt 0.5941 0.4524 0.1817
vt 0.2160 0.4524 0.3805
vt 0.2160 0.5476 0.3805
vt 0.8320 0.5476 0.1817
vt 0.8320 0.4524 0.1817
vt 0.2160 0.4524 0.1426
vt 0.2160 0.5476 0.1426
vt 1.0698 0.5476 0.1817
vt 1.0698 0.4524 0.1817
vt 0.2160 0.4524 -0.0952
vt 0.2160 0.5476 -0.0952
vt 1.3077 0.5476 0.1817
vt 1.3077 0.4524 0.1817
vt 0.2160 0.4524 -0.3331
vt 0.2160 0.5476 -0.3331
vt 1.5455 0.5476 0.1817
vt 1.5455 0.4524 0.1817
vt 0.2160 0.4524 -0.5709
vt 0.2160 0.5476 -0.5709
vt 1.7834 0.5476 0.1817
vt 1.7834 0.4524 0.1817
vt 0.2160 0.4524 -0.8088
vt 0.2160 0.5476 -0.8088
vt 2.0212 0.5476 0.1817
vt 2.0212 0.4524 0.1817
vt 0.2160 0.4524 -1.0466
vt 0.2160 0.5476 -1.0466
vt 0.0509 0.6762 0.4384
vt 0.0509 0.3619 0.3744
vt 1.0088 0.3619 0.3744
vt 1.0088 0.6762 0.4384
vt 0.5027 0.4210 1.0088
vt 0.5284 0.4262 1.0088
vt 0.4973 0.5790 1.0088
vt 0.4716 0.5738 1.0088
vt 0.5786 0.8508 0.3523
vt 0.4854 0.8508 0.3334
vt 0.4854 0.0895 0.3334
vt 0.5786 0.0895 0.3523
vt 0.6256 0.3619 0.9491
vt 0.5616 0.6762 0.9491
vt 0.3744 0.6381 0.9491
vt 0.3869 0.5767 0.9491
vt 0.4122 0.4523 0.9491
vt 0.4384 0.3238 0.9491
vt 0.4384 -0.0088 0.3238
vt 0.4384 0.0895 0.3238
vt 0.6256 -0.0088 0.3619
vt 0.4384 0.9491 0.3238
vt 0.4384 0.8508 0.3238
vt 0.6256 0.9491 0.3619
vt 0.4384 0.9491 0.6762
vt 0.6256 0.0895 0.6381
vt 0.6256 0.8508 0.6381
vt 0.6256 0.9491 0.6381
vt 0.4384 -0.0088 0.6762
vt 0.6256 -0.0088 0.6381
vt -0.0088 0.5767 0.6131
vt 0.8508 0.6381 0.6256
vt 0.0895 0.6381 0.6256
vt -0.0088 0.6381 0.6256
vt 0.0895 0.5767 0.6131
vt 0.9491 0.6381 0.6256
vt 0.8508 0.5767 0.6131
vt 0.9491 0.5767 0.6131
vt 0.9491 0.4523 0.5878
vt 0.0895 0.3238 0.5616
vt 0.8508 0.3238 0.5616
vt 0.9491 0.3238 0.5616
vt 0.8508 0.4523 0.5878
vt -0.0088 0.3238 0.5616
vt 0.0895 0.4523 0.5878
vt -0.0088 0.4523 0.5878
vt 2.5920 0.0895 0.4045
vt 2.5920 0.8508 0.4045
vt 2.2713 0.8508 0.4045
vt 2.2713 0.0895 0.4045
vt 0.9105 0.4045 -1.5920
vt 0.1492 0.4045 -1.5920
vt 0.8508 0.4045 -1.2713
vt 0.0895 0.4045 -1.2713
vt -1.3514 0.8691 0.5855
vt -1.5120 0.8691 0.5855
vt -1.5120 0.0713 0.5855
vt -1.3514 0.0713 0.5855
vt -1.3514 0.0713 0.5955
vt -1.5120 0.0713 0.5955
vt -1.3514 0.8691 0.5955
vt -1.5120 0.8691 0.5955
vt 2.3514 0.5855 0.0713
vt 2.5120 0.5855 0.0713
vt 2.5120 0.5955 0.0713
vt 2.3514 0.5955 0.0713
vt 0.1309 0.5855 -1.3514
vt 0.9287 0.5855 -1.3514
vt 0.9287 0.5955 -1.3514
vt 0.1309 0.5955 -1.3514
vt -1.5120 0.5855 0.8691
vt -1.3514 0.5855 0.8691
vt -1.3514 0.5955 0.8691
vt -1.5120 0.5955 0.8691
vt 0.0713 0.5855 -1.5120
vt 0.8691 0.5855 -1.5120
vt 0.8691 0.5955 -1.5120
vt 0.0713 0.5955 -1.5120
vt 1.8354 1.9844 0.9995
vt -0.8354 1.9846 0.9995
vt -0.8354 -2.0504 0.0005
vt 1.8354 -2.0505 0.0005
vt 1.5225 1.9844 0.3295
vt 1.3489 1.9844 0.3295
vt 1.8354 1.9844 0.3295
vt -0.8354 1.9844 0.3295
vt 1.8354 -2.0505 -0.6695
vt -0.8354 -2.0504 -0.6695
vt -1.5405 -1.4110 0.9687
vt 2.5440 -1.4110 0.9687
vt 0.5506 0.7003 1.0623
vt 2.0326 -1.3963 1.2959
vt 2.0323 0.6958 1.3632
vt 0.0928 0.6956 1.3633
vt -1.4970 -1.3985 1.2972
vt 5.6098 3.1158 1.1623
vt 5.8476 3.1752 1.1623
vt 5.7235 3.5588 1.1623
vt 5.4852 3.4988 1.1623
vt 6.6011 0.0664 0.1986
vt 6.8330 0.1241 0.1986
vt 6.6888 0.5700 0.1986
vt 6.4561 0.5121 0.1986
vt 5.7625 2.6460 1.1623
vt 5.9994 2.7048 1.1623
vt 5.8746 3.0906 1.1623
vt 5.6372 3.0312 1.1623
vt 6.7728 -0.4622 0.1986
vt 7.0036 -0.4048 0.1986
vt 6.8589 0.0428 0.1986
vt 6.6273 -0.0148 0.1986
vt 0.5298 0.4850 1.5251
vt 0.3556 0.4306 1.5251
vt 0.5065 -0.0091 1.5251
vt 0.6798 0.0439 1.5251
vt 0.2832 0.4108 1.5251
vt 0.1091 0.3565 1.5251
vt 0.2604 -0.0810 1.5251
vt 0.4338 -0.0280 1.5251
vt 0.9995 0.2611 1.0000
vt 0.0005 0.0005 0.7500
vt 0.0005 0.2611 0.5000
vt 0.9995 0.9995 0.2500
vt 0.0005 0.9995 0.2500
vt 0.9232 -3.8941 0.0006
vt 0.9239 4.8940 0.0005
vt 0.8928 4.5206 0.9994
vt 0.8921 -3.5205 0.9995
vt 0.0768 4.8940 0.0005
vt 0.0761 -3.8932 0.0006
vt 0.1072 -3.5198 0.9995
vt 0.1079 4.5205 0.9994
vt -2.3968 0.9865 -0.5295
vt 3.2196 -0.1292 -1.1460
vt 3.2196 0.0642 -1.1460
vt -2.3968 1.2106 -0.5295
vt -0.1773 -0.2080 -2.4306
vt 1.0448 0.9612 -2.1279
vt -0.1380 -0.0156 -2.4209
vt -0.1772 -0.0156 -2.4306
vt -0.1380 -0.2080 -2.4209
vt 1.0448 0.7276 -2.1279
vt 2.1605 -0.2106 -1.8515
vt 2.1605 -0.1144 -1.8515
vt 2.1605 -0.0181 -1.8515
vt 1.5295 0.9865 3.3968
vt 1.5295 1.2106 3.3968
vt 1.3927 1.2106 3.4306
vt 1.3927 0.9865 3.4306
vt 1.9959 -2.2266 -0.1292
vt 2.1460 -2.2196 -0.1292
vt 1.5295 3.3968 0.9865
vt 1.3927 3.4306 0.9865
vt -1.0104 0.0333 -2.3843
vt -1.1605 0.0333 -2.3773
vt -1.0104 -0.1600 -2.3843
vt -0.9185 0.0294 -2.3895
vt -1.1605 -0.1600 -2.3773
vt 3.3773 -0.1600 -1.1605
vt 3.3773 0.0333 -1.1605
vt 2.0104 -2.3843 -0.1600
vt 2.1605 -2.3773 -0.1600
vt 1.1376 -2.2667 -0.1790
vt 1.1773 -2.4306 -0.2080
vt 1.0999 -2.2574 -0.1790
vt 1.1380 -2.4209 -0.2080
vt -1.7064 -0.1790 2.1246
vt -1.7064 -0.0828 2.1246
vt -1.8515 -0.1144 2.1605
vt -1.8515 -0.2106 2.1605
vt -0.0496 -1.9726 0.7276
vt -0.0448 -2.1279 0.7276
vt -1.1246 -1.7064 -0.1790
vt -1.1605 -1.8515 -0.2106
vt -2.7332 3.7373 0.7346
vt 0.0404 0.7609 -0.3463
vt 0.5039 0.8654 0.5502
vt 0.5039 0.8600 0.5099
vt 0.0404 0.7554 -0.3868
vt 0.4961 0.2521 1.3290
vt 0.4961 0.2575 1.3694
vt 0.0326 0.1530 0.4729
vt 0.0326 0.1475 0.4323
vt 0.9674 0.7349 -0.3114
vt 0.9596 0.1270 0.5079
vt 0.9596 0.1216 0.4673
vt 0.9674 0.7295 -0.3519
vt 0.9995 0.0678 0.6297
vt 0.5000 0.9995 0.8146
vt 0.0005 0.0005 0.3703
vt 0.0005 0.0678 0.9995
vt -3.0272 0.1809 2.4517
vt -3.0279 0.0881 2.4487
vt -3.0272 -0.0348 2.4517
vt 0.6726 0.5834 0.2948
vt 0.3320 0.5363 0.8061
vt 0.4654 0.3584 0.4683
vt 0.5698 0.3788 0.3153
vt 0.6661 0.3199 0.0967
vt 0.6726 0.7506 0.4109
vt 4.0880 0.9035 8.0868
vt 4.2152 0.9035 8.0778
vt 4.2905 0.9790 8.0725
vt 4.0127 0.9790 8.0921
vt 4.0880 0.0965 8.0868
vt 4.0127 0.0210 8.0921
vt 4.2152 0.0965 8.0778
vt 4.2905 0.0210 8.0725
vt 8.3124 0.0965 0.5983
vt 8.1476 0.0965 0.5575
vt 8.0743 0.0210 0.5393
vt 8.3857 0.0210 0.6164
vt 8.3124 0.9035 0.5983
vt 8.3857 0.9790 0.6164
vt 8.1476 0.9035 0.5575
vt 8.0743 0.9790 0.5393
vt 4.3564 0.0965 -0.3817
vt 4.1916 0.0965 -0.4225
vt 4.1183 0.0210 -0.4407
vt 4.4297 0.0210 -0.3635
vt 4.3564 0.9035 -0.3817
vt 4.4297 0.9790 -0.3635
vt 4.1916 0.9035 -0.4225
vt 4.1183 0.9790 -0.4407
vt 0.5704 0.0965 -1.3196
vt 0.4056 0.0965 -1.3604
vt 0.3323 0.0210 -1.3786
vt 0.6437 0.0210 -1.3014
vt 0.5704 0.9035 -1.3196
vt 0.6437 0.9790 -1.3014
vt 0.4056 0.9035 -1.3604
vt 0.3323 0.9790 -1.3786
vt -3.2924 0.0965 -2.2765
vt -3.4572 0.0965 -2.3173
vt -3.5305 0.0210 -2.3355
vt -3.2191 0.0210 -2.2583
vt -3.2924 0.9035 -2.2765
vt -3.2191 0.9790 -2.2583
vt -3.4572 0.9035 -2.3173
vt -3.5305 0.9790 -2.3355
vt -7.1476 0.0965 -3.2315
vt -7.3124 0.0965 -3.2723
vt -7.3856 0.0210 -3.2905
vt -7.0743 0.0210 -3.2133
vt -7.1476 0.9035 -3.2315
vt -7.0743 0.9790 -3.2133
vt -7.3124 0.9035 -3.2723
vt -7.3856 0.9790 -3.2905
vt 0.0005 0.0005 0.9498
vt 0.9995 0.9995 0.0332
vt 0.9992 0.0005 0.0005
vt 0.0009 0.9995 0.9998
vt 0.0008 0.9995 0.9996
vt 0.9995 0.9995 0.0321
vt 0.0005 0.0005 0.9664
vt 0.6136 0.0756 0.4744
vt 0.0778 0.1921 0.4683
vt -0.0382 0.1889 0.4669
vt -0.0382 0.0536 0.4666
vt 0.9230 0.8265 0.4801
vt 0.6135 0.9327 0.4760
vt 0.5498 0.8265 0.4751
vt 0.4510 0.8265 0.4739
vt 0.5498 0.1921 0.4739
vt -0.0382 0.9327 0.4682
vt 0.0778 0.8265 0.4694
vt 0.4510 0.1921 0.4727
vt 1.0382 0.0914 0.4795
vt 1.0382 0.9327 0.4821
vt 0.9230 0.1921 0.4783
vt 0.0770 0.4801 0.8265
vt 0.4502 0.4751 0.8265
vt 0.4509 0.5283 0.8263
vt 0.0777 0.5334 0.8263
vt 0.1735 0.4751 0.4502
vt 0.8079 0.4739 0.4502
vt 0.8080 0.5271 0.4509
vt 0.1737 0.5283 0.4509
vt 0.5490 0.4739 0.8265
vt 0.9222 0.4694 0.8265
vt 0.9229 0.5226 0.8264
vt 0.5496 0.5271 0.8264
vt 0.1921 0.4727 0.5490
vt 0.8265 0.4739 0.5490
vt 0.8264 0.5271 0.5496
vt 0.1920 0.5259 0.5496
vt 0.0778 0.4683 0.1921
vt 0.4510 0.4727 0.1921
vt 0.4504 0.5259 0.1920
vt 0.0772 0.5215 0.1920
vt 0.1735 0.4694 0.9222
vt 0.8079 0.4683 0.9222
vt 0.8080 0.5215 0.9228
vt 0.1736 0.5226 0.9229
vt 0.5498 0.4739 0.1921
vt 0.9230 0.4783 0.1921
vt 0.9224 0.5316 0.1920
vt 0.5491 0.5271 0.1920
vt 0.1921 0.4783 0.0770
vt 0.8265 0.4801 0.0770
vt 0.8263 0.5334 0.0777
vt 0.1920 0.5316 0.0776
vt 0.1665 -0.0936 1.8792
vt 4.0280 -0.0936 0.6334
vt -1.1846 -0.0936 2.3180
# 2868 texture coords

g Raekoja_plats_11
usemtl krohv_kollane
s off
f 1/1/1 2/2/1 3/3/1 
f 3/3/1 4/4/1 1/1/1 
f 5/5/2 6/6/2 7/7/2 
f 7/7/3 8/8/3 5/5/3 
f 9/9/4 10/10/4 11/11/4 
f 11/11/5 12/12/5 9/9/5 
f 6/13/6 11/11/6 10/10/6 
f 10/10/7 7/14/7 6/13/7 
f 13/15/8 14/16/8 15/17/8 
f 15/17/8 16/18/8 13/15/8 
f 17/19/9 18/20/9 19/21/9 
f 19/21/10 20/22/10 17/19/10 
f 21/23/11 12/12/11 22/24/11 
f 22/24/12 23/25/12 21/23/12 
f 12/12/13 21/23/13 9/9/13 
f 24/26/14 25/27/14 26/28/14 
f 26/28/15 27/29/15 24/26/15 
f 28/30/16 29/31/16 27/29/16 
f 27/29/17 26/28/17 28/30/17 
f 27/29/18 29/31/18 17/19/18 
f 17/19/10 20/22/10 27/29/10 
f 13/32/19 16/33/19 30/34/19 
f 30/34/20 31/35/20 13/32/20 
f 16/33/21 19/21/21 18/20/21 
f 18/20/22 30/34/22 16/33/22 
f 31/35/23 30/34/23 32/36/23 
f 32/36/24 33/37/24 31/35/24 
f 31/35/25 33/37/25 26/28/25 
f 26/28/26 25/27/26 31/35/26 
f 29/31/27 28/30/27 32/36/27 
f 32/36/28 30/34/28 29/31/28 
f 34/38/29 35/39/29 36/40/29 
f 36/40/30 37/41/30 34/38/30 
f 35/39/29 38/42/29 36/40/29 
f 37/41/24 36/40/24 39/43/24 
f 40/44/31 37/41/31 41/45/31 
f 41/45/32 42/46/32 40/44/32 
f 40/44/33 43/47/33 37/41/33 
f 41/45/32 37/41/32 39/43/32 
f 44/48/34 45/49/34 46/50/34 
f 46/50/35 47/51/35 44/48/35 
f 46/50/36 45/49/36 48/52/36 
f 27/29/37 48/53/37 49/54/37 
f 49/54/38 50/55/38 27/29/38 
f 48/53/39 45/56/39 49/54/39 
f 45/56/40 51/57/40 52/58/40 
f 52/58/41 49/54/41 45/56/41 
f 24/26/42 53/59/42 52/58/42 
f 52/58/43 51/57/43 24/26/43 
f 24/26/44 27/29/44 50/55/44 
f 50/55/45 53/59/45 24/26/45 
f 54/60/46 14/61/46 55/62/46 
f 55/62/47 56/63/47 54/60/47 
f 57/64/48 54/60/48 56/63/48 
f 58/65/8 55/66/8 14/16/8 
f 14/16/8 13/15/8 58/65/8 
f 51/57/33 13/32/33 31/35/33 
f 31/35/33 25/27/33 51/57/33 
f 25/27/33 24/26/33 51/57/33 
f 51/57/49 59/67/49 58/68/49 
f 58/68/50 13/32/50 51/57/50 
f 60/69/51 57/70/51 56/71/51 
f 56/71/52 59/72/52 60/69/52 
f 51/73/53 60/69/53 59/72/53 
f 61/74/54 62/75/54 55/76/54 
f 55/76/55 58/77/55 61/74/55 
f 63/78/29 64/79/29 65/80/29 
f 65/80/29 66/81/29 63/78/29 
f 37/41/32 63/78/32 67/82/32 
f 67/82/32 34/38/32 37/41/32 
f 37/41/31 68/83/31 64/79/31 
f 64/79/56 63/78/56 37/41/56 
f 37/41/57 43/47/57 68/83/57 
f 69/84/30 42/46/30 64/79/30 
f 64/79/31 68/83/31 69/84/31 
f 69/84/58 40/44/58 42/46/58 
f 42/46/32 70/85/32 71/86/32 
f 71/86/32 64/79/32 42/46/32 
f 72/87/52 73/88/52 74/89/52 
f 74/89/52 75/90/52 72/87/52 
f 76/91/59 77/92/59 78/93/59 
f 78/93/59 70/94/59 76/91/59 
f 70/94/59 78/93/59 79/95/59 
f 79/95/59 71/96/59 70/94/59 
f 80/97/60 81/98/60 82/99/60 
f 82/99/60 83/100/60 80/97/60 
f 81/98/61 84/101/61 82/99/61 
f 85/102/60 83/100/60 82/99/60 
f 86/103/52 87/104/52 88/105/52 
f 88/105/52 89/106/52 86/103/52 
f 89/106/52 72/87/52 75/90/52 
f 75/90/52 90/107/52 89/106/52 
f 88/105/52 72/87/52 89/106/52 
f 86/103/24 89/106/24 91/108/24 
f 91/108/60 92/109/60 93/110/60 
f 93/110/60 86/103/60 91/108/60 
f 92/109/60 94/111/60 95/112/60 
f 95/112/60 93/110/60 92/109/60 
f 94/111/52 96/113/52 97/114/52 
f 97/114/52 95/112/52 94/111/52 
f 96/113/60 98/115/60 99/116/60 
f 99/116/60 97/114/60 96/113/60 
f 98/115/52 100/117/52 101/118/52 
f 101/118/52 99/116/52 98/115/52 
f 100/117/52 102/119/52 103/120/52 
f 103/120/52 101/118/52 100/117/52 
f 104/121/62 105/122/62 106/123/62 
f 106/123/62 107/124/62 104/121/62 
f 108/125/52 109/126/52 110/127/52 
f 110/127/52 111/128/52 108/125/52 
f 112/129/63 113/130/63 114/131/63 
f 114/131/63 115/132/63 112/129/63 
f 116/133/60 117/134/60 89/106/60 
f 89/106/60 118/135/60 116/133/60 
f 119/136/60 120/137/60 117/134/60 
f 117/134/60 116/133/60 119/136/60 
f 121/138/64 122/139/64 120/137/64 
f 120/137/52 119/136/52 121/138/52 
f 123/140/62 124/141/62 122/139/62 
f 122/139/64 121/138/64 123/140/64 
f 125/142/52 126/143/52 124/141/52 
f 124/141/52 123/140/52 125/142/52 
f 127/144/52 128/145/52 126/143/52 
f 126/143/52 125/142/52 127/144/52 
f 129/146/60 130/147/60 3/148/60 
f 3/148/60 2/149/60 129/146/60 
f 118/135/52 89/106/52 90/107/52 
f 90/107/52 131/150/52 118/135/52 
usemtl paekivi
f 132/151/65 133/152/65 134/153/65 
f 134/153/66 135/154/66 132/151/66 
f 136/155/66 135/154/66 134/153/66 
f 132/151/66 137/156/66 138/157/66 
f 138/157/66 133/152/66 132/151/66 
usemtl telliskivi
f 139/158/67 140/159/67 141/160/67 
f 141/160/68 142/161/68 139/158/68 
f 140/159/68 139/158/68 143/162/68 
f 141/160/69 140/159/69 144/163/69 
f 144/163/70 145/164/70 141/160/70 
f 142/161/70 141/160/70 145/164/70 
f 145/164/71 146/165/71 142/161/71 
f 147/166/72 148/167/72 149/168/72 
f 149/168/73 150/169/73 147/166/73 
f 151/170/66 147/166/66 150/169/66 
f 152/171/74 148/167/74 147/166/74 
f 147/166/75 153/172/75 152/171/75 
f 149/168/76 154/173/76 155/174/76 
f 155/174/65 150/169/65 149/168/65 
f 156/175/77 148/167/77 152/171/77 
f 152/171/78 157/176/78 156/175/78 
f 156/175/79 154/173/79 149/168/79 
f 149/168/80 148/167/80 156/175/80 
f 140/177/81 158/178/81 157/176/81 
f 157/176/82 144/179/82 140/177/82 
f 152/171/83 153/172/83 144/179/83 
f 144/179/84 157/176/84 152/171/84 
f 144/179/85 153/172/85 159/180/85 
f 147/166/86 137/181/86 159/180/86 
f 159/180/87 153/172/87 147/166/87 
f 143/182/88 160/183/88 158/178/88 
f 158/178/89 140/177/89 143/182/89 
usemtl krohv_kollane
f 161/184/1 4/4/1 3/3/1 
f 3/3/1 80/185/1 161/184/1 
f 120/137/60 94/111/60 92/109/60 
f 92/109/60 117/134/60 120/137/60 
f 124/141/60 98/115/60 96/113/60 
f 96/113/62 122/139/62 124/141/62 
f 128/145/52 102/119/52 100/117/52 
f 100/117/52 126/143/52 128/145/52 
f 103/120/60 102/119/60 112/129/60 
f 112/129/60 162/186/60 103/120/60 
f 163/187/60 107/124/60 129/146/60 
f 129/146/60 164/188/60 163/187/60 
f 165/189/62 104/121/62 107/124/62 
f 107/124/62 163/187/62 165/189/62 
f 166/190/60 111/128/60 104/121/60 
f 104/121/60 165/189/60 166/190/60 
f 167/191/52 108/125/52 111/128/52 
f 111/128/52 166/190/52 167/191/52 
f 168/192/52 115/132/52 108/125/52 
f 108/125/52 167/191/52 168/192/52 
f 162/186/52 112/129/52 115/132/52 
f 115/132/52 168/192/52 162/186/52 
f 164/188/60 129/146/60 2/149/60 
f 2/149/60 169/193/60 164/188/60 
f 169/194/1 2/2/1 1/1/1 
f 1/1/90 170/195/90 169/194/90 
f 171/196/91 172/197/91 170/195/91 
f 170/195/92 1/1/92 171/196/92 
f 173/198/93 138/199/93 170/195/93 
f 170/195/94 172/197/94 173/198/94 
f 128/145/60 127/144/60 174/200/60 
f 174/200/35 113/130/35 128/145/35 
f 130/147/60 81/98/60 80/97/60 
f 80/97/60 3/148/60 130/147/60 
f 106/123/60 175/201/60 81/98/60 
f 81/98/60 130/147/60 106/123/60 
f 105/122/62 176/202/62 175/201/62 
f 175/201/62 106/123/62 105/122/62 
f 110/127/60 177/203/60 176/202/60 
f 176/202/60 105/122/60 110/127/60 
f 109/126/52 178/204/52 177/203/52 
f 177/203/52 110/127/52 109/126/52 
f 114/131/35 179/205/35 178/204/35 
f 178/204/60 109/126/60 114/131/60 
f 113/130/35 174/200/35 179/205/35 
f 179/205/35 114/131/35 113/130/35 
f 180/206/60 119/136/60 116/133/60 
f 116/133/60 181/207/60 180/206/60 
f 182/208/60 123/140/60 121/138/60 
f 121/138/60 183/209/60 182/208/60 
f 184/210/35 127/144/35 125/142/35 
f 125/142/60 185/211/60 184/210/60 
f 186/212/52 118/135/52 131/150/52 
f 131/150/52 187/213/52 186/212/52 
f 83/214/95 188/215/95 189/216/95 
f 189/216/95 80/185/95 83/214/95 
f 80/185/1 189/216/1 161/184/1 
f 184/210/52 190/217/52 191/218/52 
f 191/218/52 192/219/52 184/210/52 
f 193/220/60 194/221/60 195/222/60 
f 195/222/60 196/223/60 193/220/60 
f 197/224/60 198/225/60 194/221/60 
f 194/221/60 193/220/60 197/224/60 
f 199/226/52 200/227/52 198/225/52 
f 198/225/52 197/224/52 199/226/52 
f 201/228/52 202/229/52 200/227/52 
f 200/227/52 199/226/52 201/228/52 
f 192/219/52 191/218/52 202/229/52 
f 202/229/52 201/228/52 192/219/52 
f 203/230/60 180/206/60 181/207/60 
f 181/207/60 204/231/60 203/230/60 
f 205/232/52 183/209/52 180/206/52 
f 180/206/52 203/230/52 205/232/52 
f 206/233/60 182/208/60 183/209/60 
f 183/209/60 205/232/60 206/233/60 
f 207/234/35 185/211/35 182/208/35 
f 182/208/60 206/233/60 207/234/60 
f 190/217/60 184/210/60 185/211/60 
f 185/211/96 207/234/96 190/217/96 
f 208/235/52 186/212/52 187/213/52 
f 187/213/52 209/236/52 208/235/52 
f 176/202/60 193/220/60 196/223/60 
f 196/223/62 175/201/62 176/202/62 
f 178/204/52 199/226/52 197/224/52 
f 197/224/52 177/203/52 178/204/52 
f 174/200/52 192/219/52 201/228/52 
f 201/228/52 179/205/52 174/200/52 
usemtl aken_2
f 210/237/60 211/238/60 212/239/60 
f 212/239/60 213/240/60 210/237/60 
f 214/241/60 215/242/60 216/243/60 
f 216/243/60 217/244/60 214/241/60 
f 218/241/52 219/238/52 220/245/52 
f 220/245/52 221/246/52 218/241/52 
f 222/245/52 223/247/52 224/248/52 
f 224/248/52 225/238/52 222/245/52 
f 226/243/60 227/249/60 228/250/60 
f 228/250/64 229/242/64 226/243/64 
f 230/245/60 231/244/60 232/237/60 
f 232/237/60 233/251/60 230/245/60 
f 234/252/60 235/253/60 236/237/60 
f 236/237/60 237/251/60 234/252/60 
usemtl aken
f 238/241/52 239/238/52 240/254/52 
f 240/254/52 241/246/52 238/241/52 
f 242/241/52 243/255/52 244/254/52 
f 244/254/52 245/240/52 242/241/52 
f 246/254/52 247/240/52 248/241/52 
f 248/241/52 249/255/52 246/254/52 
f 250/256/96 251/246/96 252/241/96 
f 252/241/60 253/255/60 250/256/60 
f 254/245/60 255/240/60 256/241/60 
f 256/241/60 257/255/60 254/245/60 
usemtl krohv_kollane
f 45/56/60 258/257/60 259/258/60 
f 259/258/97 51/57/97 45/56/97 
f 260/259/98 258/257/98 45/49/98 
f 45/49/99 44/48/99 260/259/99 
f 44/259/60 60/260/60 261/260/60 
f 261/260/100 260/259/100 44/259/100 
f 259/258/60 261/260/60 60/69/60 
f 60/69/64 51/73/64 259/258/64 
f 47/261/52 57/64/52 262/262/52 
f 262/262/62 263/263/62 47/261/62 
f 264/260/60 262/262/60 57/70/60 
f 57/70/63 60/69/63 264/260/63 
f 44/259/101 265/259/101 264/260/101 
f 264/260/97 60/260/97 44/259/97 
f 263/263/102 265/259/102 44/48/102 
f 44/48/52 47/51/52 263/263/52 
usemtl krohv_valge
f 266/264/103 267/265/103 68/266/103 
f 68/266/103 43/267/103 266/264/103 
f 268/268/104 266/264/104 43/267/104 
f 43/267/105 40/269/105 268/268/105 
f 269/270/106 268/268/106 40/269/106 
f 40/269/31 69/271/31 269/270/31 
f 267/265/31 269/270/31 69/271/31 
f 69/271/107 68/266/107 267/265/107 
f 270/272/108 271/273/108 267/274/108 
f 267/274/108 266/275/108 270/272/108 
f 272/276/109 270/277/109 266/278/109 
f 266/278/109 268/279/109 272/276/109 
f 273/280/110 272/281/110 268/282/110 
f 268/282/110 269/283/110 273/280/110 
f 271/284/33 273/285/33 269/286/33 
f 269/286/33 267/287/33 271/284/33 
f 274/288/111 275/289/111 130/290/111 
f 130/290/112 129/291/112 274/288/112 
f 276/292/113 274/288/113 129/291/113 
f 129/291/114 107/293/114 276/292/114 
f 277/294/112 276/292/112 107/293/112 
f 107/293/112 106/295/112 277/294/112 
f 275/289/115 277/294/115 106/295/115 
f 106/295/116 130/290/116 275/289/116 
f 278/296/117 279/297/117 113/298/117 
f 113/298/118 112/299/118 278/296/118 
f 280/300/119 278/296/119 112/299/119 
f 112/299/120 102/301/120 280/300/120 
f 281/302/121 280/300/121 102/301/121 
f 102/301/121 128/303/121 281/302/121 
f 279/297/119 281/302/119 128/303/119 
f 128/303/122 113/298/122 279/297/122 
f 282/304/112 283/305/112 105/306/112 
f 105/306/112 104/307/112 282/304/112 
f 284/308/113 282/304/113 104/307/113 
f 104/307/114 111/309/114 284/308/114 
f 285/310/121 284/308/121 111/309/121 
f 111/309/121 110/311/121 285/310/121 
f 283/305/113 285/310/113 110/311/113 
f 110/311/114 105/306/114 283/305/114 
f 286/312/100 287/313/100 109/314/100 
f 109/314/121 108/315/121 286/312/121 
f 288/316/115 286/312/115 108/315/115 
f 108/315/122 115/317/122 288/316/122 
f 289/318/117 288/316/117 115/317/117 
f 115/317/118 114/319/118 289/318/118 
f 287/313/115 289/318/115 114/319/115 
f 114/319/123 109/314/123 287/313/123 
f 290/320/115 291/321/115 89/322/115 
f 89/322/115 117/323/115 290/320/115 
f 292/324/124 290/320/124 117/323/124 
f 117/323/124 92/325/124 292/324/124 
f 293/326/114 292/324/114 92/325/114 
f 92/325/125 91/327/125 293/326/125 
f 291/321/100 293/326/100 91/327/100 
f 91/327/121 89/322/121 291/321/121 
f 294/328/126 295/329/126 120/330/126 
f 120/330/125 122/331/125 294/328/125 
f 296/332/100 294/328/100 122/331/100 
f 122/331/101 96/333/101 296/332/101 
f 297/334/114 296/332/114 96/333/114 
f 96/333/122 94/335/122 297/334/122 
f 295/329/117 297/334/117 94/335/117 
f 94/335/117 120/330/117 295/329/117 
f 298/336/127 299/337/127 124/338/127 
f 124/338/128 126/339/128 298/336/128 
f 300/340/129 298/336/129 126/339/129 
f 126/339/129 100/341/129 300/340/129 
f 301/342/130 300/340/130 100/341/130 
f 100/341/131 98/343/131 301/342/131 
f 299/337/112 301/342/112 98/343/112 
f 98/343/112 124/338/112 299/337/112 
f 225/344/132 224/345/132 279/346/132 
f 279/346/132 278/347/132 225/344/132 
f 222/348/33 225/349/33 278/350/33 
f 278/350/33 280/351/33 222/348/33 
f 223/352/133 222/353/133 280/354/133 
f 280/354/133 281/355/133 223/352/133 
f 224/356/109 223/357/109 281/358/109 
f 281/358/109 279/359/109 224/356/109 
f 237/360/132 236/361/132 275/362/132 
f 275/362/134 274/363/134 237/360/134 
f 234/364/33 237/365/33 274/366/33 
f 274/366/33 276/367/33 234/364/33 
f 235/368/135 234/369/135 276/370/135 
f 276/370/135 277/371/135 235/368/135 
f 236/372/109 235/373/109 277/374/109 
f 277/374/109 275/375/109 236/372/109 
f 233/376/134 232/377/134 283/378/134 
f 283/378/134 282/379/134 233/376/134 
f 230/380/33 233/381/33 282/382/33 
f 282/382/33 284/383/33 230/380/33 
f 231/384/135 230/385/135 284/386/135 
f 284/386/135 285/387/135 231/384/135 
f 232/388/109 231/389/109 285/390/109 
f 285/390/109 283/391/109 232/388/109 
f 229/392/132 228/393/132 287/394/132 
f 287/394/134 286/395/134 229/392/134 
f 226/396/33 229/397/33 286/398/33 
f 286/398/33 288/399/33 226/396/33 
f 227/400/136 226/401/136 288/402/136 
f 288/402/135 289/403/135 227/400/135 
f 228/404/109 227/405/109 289/406/109 
f 289/406/109 287/407/109 228/404/109 
f 210/408/109 213/409/109 291/410/109 
f 291/410/109 290/411/109 210/408/109 
f 211/412/137 210/413/137 290/414/137 
f 290/414/132 292/415/132 211/412/132 
f 212/416/33 211/417/33 292/418/33 
f 292/418/33 293/419/33 212/416/33 
f 213/420/138 212/421/138 293/422/138 
f 293/422/135 291/423/135 213/420/135 
f 214/424/109 217/425/109 295/426/109 
f 295/426/109 294/427/109 214/424/109 
f 215/428/132 214/429/132 294/430/132 
f 294/430/132 296/431/132 215/428/132 
f 216/432/33 215/433/33 296/434/33 
f 296/434/33 297/435/33 216/432/33 
f 217/436/139 216/437/139 297/438/139 
f 297/438/139 295/439/139 217/436/139 
f 218/440/109 221/441/109 299/442/109 
f 299/442/109 298/443/109 218/440/109 
f 219/444/137 218/445/137 298/446/137 
f 298/446/132 300/447/132 219/444/132 
f 220/448/33 219/449/33 300/450/33 
f 300/450/33 301/451/33 220/448/33 
f 221/452/136 220/453/136 301/454/136 
f 301/454/140 299/455/140 221/452/140 
f 84/456/112 81/457/112 302/458/112 
f 302/458/129 303/459/129 84/456/129 
f 304/460/117 305/461/117 119/462/117 
f 119/462/117 180/463/117 304/460/117 
f 306/464/126 304/460/126 180/463/126 
f 180/463/128 183/465/128 306/464/128 
f 307/466/129 306/464/129 183/465/129 
f 183/465/129 121/467/129 307/466/129 
f 305/461/114 307/466/114 121/467/114 
f 121/467/122 119/462/122 305/461/122 
f 308/468/112 309/469/112 123/470/112 
f 123/470/112 182/471/112 308/468/112 
f 310/472/127 308/468/127 182/471/127 
f 182/471/128 185/473/128 310/472/128 
f 311/474/129 310/472/129 185/473/129 
f 185/473/129 125/475/129 311/474/129 
f 309/469/130 311/474/130 125/475/130 
f 125/475/131 123/470/131 309/469/131 
f 312/476/121 313/477/121 127/478/121 
f 127/478/141 184/479/141 312/476/141 
f 314/480/142 312/476/142 184/479/142 
f 184/479/143 192/481/143 314/480/143 
f 315/482/121 314/480/121 192/481/121 
f 192/481/121 174/483/121 315/482/121 
f 313/477/119 315/482/119 174/483/119 
f 174/483/120 127/478/120 313/477/120 
f 316/484/113 317/485/113 176/486/113 
f 176/486/114 177/487/114 316/484/114 
f 318/488/121 316/484/121 177/487/121 
f 177/487/121 197/489/121 318/488/121 
f 319/490/113 318/488/113 197/489/113 
f 197/489/114 193/491/114 319/490/114 
f 317/485/112 319/490/112 193/491/112 
f 193/491/112 176/486/112 317/485/112 
f 320/492/115 321/493/115 178/494/115 
f 178/494/122 179/495/122 320/492/122 
f 322/496/117 320/492/117 179/495/117 
f 179/495/117 201/497/117 322/496/117 
f 323/498/126 322/496/126 201/497/126 
f 201/497/143 199/499/143 323/498/143 
f 321/493/121 323/498/121 199/499/121 
f 199/499/121 178/494/121 321/493/121 
f 241/500/144 240/501/144 305/502/144 
f 305/502/144 304/503/144 241/500/144 
f 238/504/109 241/505/109 304/506/109 
f 304/506/109 306/507/109 238/504/109 
f 239/508/132 238/509/132 306/510/132 
f 306/510/132 307/511/132 239/508/132 
f 240/512/33 239/513/33 307/514/33 
f 307/514/33 305/515/33 240/512/33 
f 245/516/145 244/517/145 309/518/145 
f 309/518/133 308/519/133 245/516/133 
f 242/520/109 245/521/109 308/522/109 
f 308/522/109 310/523/109 242/520/109 
f 243/524/132 242/525/132 310/526/132 
f 310/526/132 311/527/132 243/524/132 
f 244/528/33 243/529/33 311/530/33 
f 311/530/33 309/531/33 244/528/33 
f 247/532/133 246/533/133 313/534/133 
f 313/534/133 312/535/133 247/532/133 
f 248/536/109 247/537/109 312/538/109 
f 312/538/109 314/539/109 248/536/109 
f 249/540/132 248/541/132 314/542/132 
f 314/542/132 315/543/132 249/540/132 
f 246/544/33 249/545/33 315/546/33 
f 315/546/33 313/547/33 246/544/33 
f 254/548/33 257/549/33 317/550/33 
f 317/550/33 316/551/33 254/548/33 
f 255/552/135 254/553/135 316/554/135 
f 316/554/135 318/555/135 255/552/135 
f 256/556/109 255/557/109 318/558/109 
f 318/558/109 319/559/109 256/556/109 
f 257/560/134 256/561/134 319/562/134 
f 319/562/134 317/563/134 257/560/134 
f 250/564/33 253/565/33 321/566/33 
f 321/566/33 320/567/33 250/564/33 
f 251/568/133 250/569/133 320/570/133 
f 320/570/144 322/571/144 251/568/144 
f 252/572/109 251/573/109 322/574/109 
f 322/574/109 323/575/109 252/572/109 
f 253/576/134 252/577/134 323/578/134 
f 323/578/134 321/579/134 253/576/134 
f 186/580/100 324/581/100 325/582/100 
f 325/582/100 118/583/100 186/580/100 
f 326/584/100 324/581/100 186/580/100 
f 186/580/121 208/585/121 326/584/121 
f 181/586/121 116/587/121 327/588/121 
f 327/588/141 328/589/141 181/586/141 
f 325/582/113 327/588/113 116/587/113 
f 116/587/125 118/583/125 325/582/125 
f 329/590/113 302/458/113 81/457/113 
f 81/457/114 175/591/114 329/590/114 
f 196/592/129 330/593/129 329/590/129 
f 329/590/121 175/591/121 196/592/121 
f 331/594/129 330/593/129 196/592/129 
f 196/592/129 195/595/129 331/594/129 
f 181/586/117 328/589/117 332/596/117 
f 332/596/124 204/597/124 181/586/124 
f 333/598/139 334/599/139 325/600/139 
f 325/600/139 324/601/139 333/598/139 
f 335/602/139 333/598/139 324/601/139 
f 324/601/146 326/603/146 335/602/146 
f 336/604/132 337/605/132 332/606/132 
f 332/606/147 328/607/147 336/604/147 
f 338/608/148 336/604/148 328/607/148 
f 328/607/134 327/609/134 338/608/134 
f 334/610/33 338/611/33 327/612/33 
f 327/612/33 325/613/33 334/610/33 
f 339/614/33 340/615/33 302/616/33 
f 302/616/33 329/617/33 339/614/33 
f 341/618/135 339/619/135 329/620/135 
f 329/620/135 330/621/135 341/618/135 
f 342/622/146 341/618/146 330/621/146 
f 330/621/133 331/623/133 342/622/133 
f 340/624/132 343/625/132 303/626/132 
f 303/626/134 302/627/134 340/624/134 
f 344/628/149 345/629/149 30/630/149 
f 30/630/150 18/631/150 344/628/150 
f 346/632/151 347/633/151 17/634/151 
f 17/634/152 29/635/152 346/632/152 
f 345/636/153 346/637/153 29/638/153 
f 29/638/153 30/639/153 345/636/153 
f 348/640/154 349/641/154 50/642/154 
f 50/642/154 49/643/154 348/640/154 
f 350/644/155 348/645/155 49/646/155 
f 49/646/156 52/647/156 350/644/156 
f 351/648/157 350/649/157 52/650/157 
f 52/650/157 53/651/157 351/648/157 
f 349/652/129 351/653/129 53/654/129 
f 53/654/124 50/655/124 349/652/124 
f 352/656/158 353/657/158 263/658/158 
f 263/658/158 262/659/158 352/656/158 
f 354/660/33 352/661/33 262/662/33 
f 262/662/33 264/663/33 354/660/33 
f 355/664/159 354/665/159 264/666/159 
f 264/666/160 265/667/160 355/664/160 
f 353/668/109 355/669/109 265/670/109 
f 265/670/109 263/671/109 353/668/109 
f 356/672/160 357/673/160 259/674/160 
f 259/674/161 258/675/161 356/672/161 
f 358/676/109 356/677/109 258/678/109 
f 258/678/109 260/679/109 358/676/109 
f 359/680/162 358/681/162 260/682/162 
f 260/682/158 261/683/158 359/680/158 
f 357/684/33 359/685/33 261/686/33 
f 261/686/33 259/687/33 357/684/33 
usemtl katus_v_ike
f 61/688/163 360/689/163 361/690/163 
f 361/690/164 362/691/164 61/688/164 
usemtl krohv_pruun
f 363/692/68 88/693/68 87/694/68 
f 87/694/165 364/695/165 363/692/165 
f 87/694/68 146/696/68 145/697/68 
f 145/697/166 364/695/166 87/694/166 
f 62/698/167 61/699/167 362/700/167 
f 365/701/168 366/702/168 367/703/168 
f 367/703/169 146/696/169 365/701/169 
f 87/694/134 365/701/134 146/696/134 
usemtl katus_hall
f 363/704/170 368/705/170 369/706/170 
f 369/706/171 88/707/171 363/704/171 
f 368/705/172 370/708/172 369/706/172 
f 371/709/173 88/707/173 369/706/173 
f 372/710/174 373/711/174 370/708/174 
f 370/708/175 368/705/175 372/710/175 
f 371/709/176 369/706/176 374/712/176 
f 374/712/177 375/713/177 371/709/177 
f 375/713/178 374/712/178 373/711/178 
f 373/711/177 376/714/177 375/713/177 
f 373/711/179 372/710/179 377/715/179 
f 377/715/180 376/714/180 373/711/180 
f 378/716/181 379/717/181 380/718/181 
f 380/718/182 377/715/182 378/716/182 
f 372/710/183 368/705/183 363/704/183 
f 363/704/184 381/719/184 372/710/184 
f 363/704/185 364/720/185 381/719/185 
f 381/719/186 378/716/186 377/715/186 
f 377/715/184 372/710/184 381/719/184 
f 378/716/187 381/719/187 65/721/187 
f 65/721/188 382/722/188 378/716/188 
f 382/722/189 65/721/189 383/723/189 
f 383/723/190 384/724/190 382/722/190 
f 379/717/191 385/725/191 386/726/191 
f 386/726/191 380/718/191 379/717/191 
f 378/716/192 387/727/192 385/725/192 
f 385/725/193 379/717/193 378/716/193 
f 382/722/194 388/728/194 387/727/194 
f 387/727/195 378/716/195 382/722/195 
f 384/724/196 389/729/196 388/728/196 
f 388/728/197 382/722/197 384/724/197 
f 390/730/198 391/731/198 88/707/198 
f 88/707/198 371/709/198 390/730/198 
f 392/732/198 390/730/198 371/709/198 
f 371/709/198 375/713/198 392/732/198 
f 393/733/198 392/732/198 375/713/198 
f 375/713/198 376/714/198 393/733/198 
f 394/734/199 377/735/199 380/736/199 
f 376/737/200 377/735/200 394/734/200 
f 380/736/201 386/738/201 395/739/201 
f 395/739/202 394/734/202 380/736/202 
f 394/734/203 395/739/203 396/740/203 
f 396/740/204 376/737/204 394/734/204 
f 145/741/205 144/742/205 397/743/205 
f 397/743/206 398/744/206 145/741/206 
f 399/745/207 400/746/207 401/747/207 
f 401/747/208 402/748/208 399/745/208 
f 400/746/209 403/749/209 401/747/209 
f 404/750/210 402/748/210 401/747/210 
f 145/741/211 398/744/211 381/751/211 
f 381/751/212 364/752/212 145/741/212 
f 398/744/213 397/743/213 63/753/213 
f 63/753/214 66/754/214 398/744/214 
f 66/754/215 65/755/215 381/751/215 
f 381/751/216 398/744/216 66/754/216 
f 405/756/217 402/757/217 404/758/217 
f 404/758/218 151/759/218 405/756/218 
f 406/760/219 151/759/219 404/758/219 
usemtl katus
f 16/761/220 22/762/220 12/763/220 
f 12/763/221 11/764/221 16/761/221 
f 22/762/222 16/761/222 15/765/222 
f 20/766/223 19/767/223 16/761/223 
f 16/761/224 6/768/224 20/766/224 
f 16/761/225 11/764/225 6/768/225 
f 20/766/226 6/768/226 5/769/226 
f 5/769/227 27/770/227 20/766/227 
f 407/771/228 23/772/228 15/765/228 
f 15/765/229 408/773/229 407/771/229 
f 23/772/230 22/762/230 15/765/230 
f 408/773/229 15/765/229 409/774/229 
f 27/770/231 5/769/231 410/775/231 
f 410/775/232 48/776/232 27/770/232 
usemtl krohv_kollane
f 48/777/233 410/778/233 411/779/233 
f 411/779/52 46/780/52 48/777/52 
f 411/779/234 410/778/234 412/781/234 
usemtl katus_hall
f 412/782/109 400/783/109 399/784/109 
f 399/784/235 411/785/235 412/782/235 
usemtl krohv_kollane
f 413/786/236 414/787/236 407/787/236 
f 407/787/236 415/786/236 413/786/236 
usemtl katus_punane___r
f 139/788/237 416/789/237 417/790/237 
f 417/790/238 143/791/238 139/788/238 
f 418/792/239 417/793/239 416/794/239 
f 416/794/239 419/795/239 418/792/239 
f 417/790/240 420/796/240 160/797/240 
f 160/797/241 143/791/241 417/790/241 
f 421/798/242 160/797/242 420/796/242 
f 422/799/243 423/800/243 420/801/243 
f 420/801/244 424/802/244 422/799/244 
f 424/802/245 420/801/245 418/803/245 
f 418/803/33 425/804/33 424/802/33 
f 418/803/246 420/801/246 417/805/246 
f 426/806/247 427/807/247 428/808/247 
f 428/808/247 429/809/247 426/806/247 
f 427/807/248 426/806/248 430/810/248 
f 429/811/109 431/812/109 432/813/109 
f 432/813/109 426/814/109 429/811/109 
f 433/815/249 420/816/249 423/817/249 
f 423/817/249 434/818/249 433/815/249 
f 421/798/250 420/796/250 433/819/250 
f 433/819/251 435/820/251 421/798/251 
f 436/821/252 421/798/252 435/820/252 
f 437/822/253 430/810/253 426/806/253 
f 426/806/253 438/823/253 437/822/253 
f 439/824/249 440/825/249 441/826/249 
f 441/826/253 442/827/253 439/824/253 
f 432/813/254 443/828/254 444/829/254 
f 444/829/255 426/814/255 432/813/255 
f 438/830/255 426/814/255 444/829/255 
f 445/831/109 446/832/109 440/833/109 
f 440/833/256 447/834/256 445/831/256 
f 440/833/256 439/835/256 447/834/256 
f 448/836/256 445/831/256 447/834/256 
f 436/821/257 435/820/257 446/832/257 
f 446/832/258 445/831/258 436/821/258 
f 8/837/259 158/838/259 421/839/259 
f 421/839/260 5/840/260 8/837/260 
f 158/838/259 160/841/259 421/839/259 
f 421/839/261 436/842/261 445/843/261 
f 445/843/262 5/840/262 421/839/262 
f 448/844/263 443/845/263 5/840/263 
f 5/840/260 445/843/260 448/844/260 
f 5/840/264 443/845/264 432/846/264 
f 154/847/265 9/848/265 21/849/265 
f 21/849/266 155/850/266 154/847/266 
f 157/851/267 158/838/267 8/837/267 
f 8/837/268 7/852/268 157/851/268 
f 157/853/109 7/854/109 10/855/109 
f 10/855/109 156/856/109 157/853/109 
f 431/857/269 410/858/269 5/840/269 
f 5/840/270 432/846/270 431/857/270 
f 154/847/271 156/856/271 10/855/271 
f 10/855/272 9/848/272 154/847/272 
usemtl krohv_kollane
f 413/859/273 415/860/273 150/861/273 
f 150/861/274 155/8/274 413/859/274 
f 413/859/275 155/8/275 21/780/275 
f 21/780/276 414/862/276 413/859/276 
f 414/862/277 21/780/277 23/863/277 
f 23/863/278 407/864/278 414/862/278 
usemtl katus_punane___r
f 449/865/279 450/866/279 451/867/279 
f 451/867/279 452/868/279 449/865/279 
f 453/869/152 454/870/152 455/871/152 
f 455/871/152 456/872/152 453/869/152 
f 451/873/280 450/874/280 32/875/280 
f 32/875/281 28/876/281 451/873/281 
f 457/877/282 458/878/282 459/879/282 
f 459/879/282 460/880/282 457/877/282 
f 449/881/283 452/882/283 26/883/283 
f 26/883/284 33/884/284 449/881/284 
f 459/885/285 458/886/285 26/883/285 
f 26/883/285 452/882/285 459/885/285 
f 460/887/286 459/888/286 452/868/286 
f 452/868/286 451/867/286 460/887/286 
f 457/889/287 460/890/287 451/873/287 
f 451/873/288 28/876/288 457/889/288 
f 454/891/289 453/892/289 32/875/289 
f 32/875/280 450/874/280 454/891/280 
f 455/893/290 454/894/290 450/866/290 
f 450/866/290 449/865/290 455/893/290 
f 456/895/291 455/896/291 449/881/291 
f 449/881/292 33/884/292 456/895/292 
usemtl trepp
f 461/897/60 462/898/60 463/899/60 
f 463/899/60 464/900/60 461/897/60 
f 465/901/112 466/902/112 467/903/112 
f 467/903/125 468/904/125 465/901/125 
f 469/905/117 470/906/117 468/904/117 
f 468/904/125 467/903/125 469/905/125 
f 471/907/123 472/908/123 473/909/123 
f 473/909/121 474/910/121 471/907/121 
f 472/908/124 475/911/124 476/912/124 
f 476/912/123 473/909/123 472/908/123 
f 477/913/60 478/914/60 479/915/60 
f 479/915/60 480/916/60 477/913/60 
f 473/917/293 481/918/293 85/919/293 
f 85/919/294 82/920/294 473/917/294 
f 474/921/294 473/917/294 82/920/294 
f 82/920/294 84/922/294 474/921/294 
f 471/923/109 474/924/109 84/925/109 
f 84/925/109 303/926/109 471/923/109 
f 472/927/109 471/923/109 303/926/109 
f 303/926/109 331/928/109 472/927/109 
f 475/929/109 472/927/109 331/928/109 
f 331/928/109 195/930/109 475/929/109 
f 476/931/295 475/932/295 195/933/295 
f 195/933/295 482/934/295 476/931/295 
f 483/935/295 476/931/295 482/934/295 
f 482/934/295 484/936/295 483/935/295 
f 465/937/294 485/938/294 486/939/294 
f 486/939/294 487/940/294 465/937/294 
f 466/941/294 465/937/294 487/940/294 
f 487/940/294 204/942/294 466/941/294 
f 467/943/109 466/944/109 204/945/109 
f 204/945/109 332/946/109 467/943/109 
f 469/947/109 467/943/109 332/946/109 
f 332/946/109 326/948/109 469/947/109 
f 470/949/109 469/947/109 326/948/109 
f 326/948/109 208/950/109 470/949/109 
f 468/951/9 470/952/9 208/953/9 
f 208/953/9 488/954/9 468/951/9 
f 489/955/9 468/951/9 488/954/9 
f 488/954/9 490/956/9 489/955/9 
f 462/957/109 461/958/109 473/904/109 
f 473/904/109 476/959/109 462/957/109 
f 463/960/295 462/961/295 476/931/295 
f 476/931/295 483/935/295 463/960/295 
f 461/962/294 464/963/294 481/918/294 
f 481/918/293 473/917/293 461/962/293 
f 479/964/109 478/965/109 465/966/109 
f 465/966/109 468/909/109 479/964/109 
f 480/967/295 479/968/295 468/951/295 
f 468/951/295 489/955/295 480/967/295 
f 478/969/293 477/970/293 485/938/293 
f 485/938/293 465/937/293 478/969/293 
f 337/971/109 335/972/109 326/948/109 
f 326/948/109 332/946/109 337/971/109 
f 343/973/109 342/974/109 331/928/109 
f 331/928/109 303/926/109 343/973/109 
f 347/975/296 344/976/296 18/977/296 
f 18/977/296 17/978/296 347/975/296 
usemtl krohv_hall
f 491/979/297 492/980/297 493/981/297 
f 493/981/298 494/982/298 491/979/298 
f 370/983/299 495/984/299 496/985/299 
f 496/985/300 369/986/300 370/983/300 
f 370/987/301 373/988/301 497/989/301 
f 497/989/302 495/990/302 370/987/302 
f 373/991/303 374/992/303 498/993/303 
f 498/993/304 497/994/304 373/991/304 
f 496/995/305 498/996/305 374/997/305 
f 374/997/306 369/998/306 496/995/306 
f 491/999/307 494/1000/307 496/1001/307 
f 496/1001/308 495/1002/308 491/999/308 
f 497/989/309 499/1003/309 492/1004/309 
f 492/1004/310 491/1005/310 497/989/310 
f 495/990/311 497/989/311 491/1005/311 
f 500/1006/312 499/1007/312 497/1008/312 
f 497/1008/313 498/1009/313 500/1006/313 
f 496/995/314 494/1010/314 493/1011/314 
f 493/1011/315 500/1012/315 496/995/315 
f 498/996/316 496/995/316 500/1012/316 
f 500/1013/317 493/981/317 492/980/317 
f 492/980/318 499/1014/318 500/1013/318 
f 435/1015/319 501/1016/319 502/1017/319 
f 502/1017/320 446/1018/320 435/1015/320 
f 433/1019/321 503/1020/321 504/1021/321 
f 504/1021/322 501/1022/322 433/1019/322 
f 435/1023/323 433/1019/323 501/1022/323 
f 503/1024/324 505/1025/324 506/1026/324 
f 506/1026/325 504/1027/325 503/1024/325 
f 502/1028/326 505/1029/326 440/1030/326 
f 440/1030/327 446/1031/327 502/1028/327 
f 505/1029/326 502/1028/326 506/1032/326 
f 447/1033/2 507/1034/2 508/1035/2 
f 508/1035/2 444/1036/2 447/1033/2 
f 439/1037/328 509/1038/328 510/1039/328 
f 510/1039/329 507/1040/329 439/1037/329 
f 447/1041/330 439/1037/330 507/1040/330 
f 509/1042/331 511/1043/331 512/1044/331 
f 512/1044/331 510/1045/331 509/1042/331 
f 438/1046/53 444/1047/53 508/1048/53 
f 508/1048/332 512/1049/332 438/1046/332 
f 511/1050/333 438/1046/333 512/1049/333 
f 506/1032/334 502/1028/334 513/1051/334 
f 513/1051/335 514/1052/335 506/1032/335 
f 515/1053/336 513/1054/336 502/1017/336 
f 502/1017/337 501/1016/337 515/1053/337 
f 501/1022/338 504/1021/338 516/1055/338 
f 516/1055/339 515/1056/339 501/1022/339 
f 506/1026/340 514/1057/340 516/1058/340 
f 516/1058/341 504/1027/341 506/1026/341 
f 512/1049/342 508/1048/342 517/1059/342 
f 517/1059/343 518/1060/343 512/1049/343 
f 519/1061/344 517/1062/344 508/1035/344 
f 508/1035/345 507/1034/345 519/1061/345 
f 507/1040/346 510/1039/346 520/1063/346 
f 520/1063/347 519/1064/347 507/1040/347 
f 518/1065/348 520/1066/348 510/1045/348 
f 510/1045/349 512/1044/349 518/1065/349 
f 521/1067/124 522/1068/124 514/1052/124 
f 514/1052/124 513/1051/124 521/1067/124 
f 523/1069/350 521/1070/350 513/1054/350 
f 513/1054/350 515/1053/350 523/1069/350 
f 524/1071/351 523/1072/351 515/1056/351 
f 515/1056/351 516/1055/351 524/1071/351 
f 522/1073/331 524/1074/331 516/1058/331 
f 516/1058/331 514/1057/331 522/1073/331 
f 525/1075/149 526/1076/149 518/1060/149 
f 518/1060/149 517/1059/149 525/1075/149 
f 527/1077/2 525/1078/2 517/1062/2 
f 517/1062/2 519/1061/2 527/1077/2 
f 528/1079/151 527/1080/151 519/1064/151 
f 519/1064/151 520/1063/151 528/1079/151 
f 526/1081/331 528/1082/331 520/1066/331 
f 520/1066/331 518/1065/331 526/1081/331 
f 521/1083/352 529/1084/352 530/1085/352 
f 530/1085/353 522/1086/353 521/1083/353 
f 531/1087/354 529/1084/354 521/1083/354 
f 521/1083/355 523/1088/355 531/1087/355 
f 524/1089/356 532/1090/356 531/1087/356 
f 531/1087/357 523/1088/357 524/1089/357 
f 530/1085/358 532/1090/358 524/1089/358 
f 524/1089/358 522/1086/358 530/1085/358 
f 525/1091/359 533/1092/359 534/1093/359 
f 534/1093/360 526/1094/360 525/1091/360 
f 535/1095/361 533/1092/361 525/1091/361 
f 525/1091/362 527/1096/362 535/1095/362 
f 528/1097/363 536/1098/363 535/1095/363 
f 535/1095/364 527/1096/364 528/1097/364 
f 534/1093/365 536/1098/365 528/1097/365 
f 528/1097/366 526/1094/366 534/1093/366 
f 537/1099/150 538/1100/150 530/1101/150 
f 530/1101/150 529/1102/150 537/1099/150 
f 531/1103/350 539/1104/350 540/1105/350 
f 540/1105/350 529/1106/350 531/1103/350 
f 529/1106/350 540/1105/350 537/1107/350 
f 541/1108/367 539/1109/367 531/1110/367 
f 531/1110/367 532/1111/367 541/1108/367 
f 530/1112/331 538/1113/331 542/1114/331 
f 542/1114/331 532/1115/331 530/1112/331 
f 532/1115/331 542/1114/331 541/1116/331 
f 543/1117/149 544/1118/149 534/1119/149 
f 534/1119/149 533/1120/149 543/1117/149 
f 535/1121/350 545/1122/350 546/1123/350 
f 546/1123/368 533/1124/368 535/1121/368 
f 533/1124/2 546/1123/2 543/1125/2 
f 547/1126/151 545/1127/151 535/1128/151 
f 535/1128/151 536/1129/151 547/1126/151 
f 534/1130/331 544/1131/331 548/1132/331 
f 548/1132/369 536/1133/369 534/1130/369 
f 536/1133/249 548/1132/249 547/1134/249 
f 544/1135/109 543/1136/109 549/1137/109 
f 549/1137/109 550/1138/109 544/1135/109 
f 546/1139/109 551/1140/109 549/1137/109 
f 549/1137/109 543/1136/109 546/1139/109 
f 546/1139/109 548/1141/109 552/1142/109 
f 552/1142/109 551/1140/109 546/1139/109 
f 548/1141/109 544/1135/109 550/1138/109 
f 550/1138/109 552/1142/109 548/1141/109 
f 545/1143/109 547/1144/109 553/1145/109 
f 553/1145/109 554/1146/109 545/1143/109 
f 548/1141/109 555/1147/109 553/1145/109 
f 553/1145/109 547/1144/109 548/1141/109 
f 548/1141/109 546/1139/109 556/1148/109 
f 556/1148/109 555/1147/109 548/1141/109 
f 546/1139/109 545/1143/109 554/1146/109 
f 554/1146/109 556/1148/109 546/1139/109 
f 538/1149/109 537/1150/109 557/1151/109 
f 557/1151/109 558/1152/109 538/1149/109 
f 540/1153/109 559/1154/109 557/1151/109 
f 557/1151/109 537/1150/109 540/1153/109 
f 540/1153/109 542/1155/109 560/1156/109 
f 560/1156/109 559/1154/109 540/1153/109 
f 542/1155/109 538/1149/109 558/1152/109 
f 558/1152/109 560/1156/109 542/1155/109 
f 539/1157/109 541/1158/109 561/1159/109 
f 561/1159/109 562/1160/109 539/1157/109 
f 542/1155/109 563/1161/109 561/1159/109 
f 561/1159/109 541/1158/109 542/1155/109 
f 542/1155/109 540/1153/109 564/1162/109 
f 564/1162/109 563/1161/109 542/1155/109 
f 540/1153/109 539/1157/109 562/1160/109 
f 562/1160/109 564/1162/109 540/1153/109 
f 565/1163/370 566/1164/370 562/1165/370 
f 562/1165/370 561/1166/370 565/1163/370 
f 567/1167/371 565/1168/371 561/1169/371 
f 561/1169/371 563/1170/371 567/1167/371 
f 568/1171/372 567/1172/372 563/1173/372 
f 563/1173/372 564/1174/372 568/1171/372 
f 566/1175/373 568/1176/373 564/1177/373 
f 564/1177/373 562/1178/373 566/1175/373 
f 569/1179/149 570/1180/149 554/1181/149 
f 554/1181/149 553/1182/149 569/1179/149 
f 571/1183/371 569/1184/371 553/1185/371 
f 553/1185/371 555/1186/371 571/1183/371 
f 572/1187/152 571/1188/152 555/1189/152 
f 555/1189/152 556/1190/152 572/1187/152 
f 570/1191/247 572/1192/247 556/1193/247 
f 556/1193/247 554/1194/247 570/1191/247 
f 573/1195/156 574/1196/156 558/1197/156 
f 558/1197/156 557/1198/156 573/1195/156 
f 575/1199/374 573/1200/374 557/1201/374 
f 557/1201/374 559/1202/374 575/1199/374 
f 576/1203/375 575/1204/375 559/1205/375 
f 559/1205/375 560/1206/375 576/1203/375 
f 574/1207/376 576/1208/376 560/1209/376 
f 560/1209/376 558/1210/376 574/1207/376 
f 577/1211/151 578/1212/151 550/1213/151 
f 550/1213/151 549/1214/151 577/1211/151 
f 579/1215/377 577/1216/377 549/1217/377 
f 549/1217/377 551/1218/377 579/1215/377 
f 580/1219/282 579/1220/282 551/1221/282 
f 551/1221/282 552/1222/282 580/1219/282 
f 578/1223/378 580/1224/378 552/1225/378 
f 552/1225/378 550/1226/378 578/1223/378 
f 581/1227/379 582/1228/379 583/1229/379 
f 583/1229/380 584/1230/380 581/1227/380 
f 585/1231/381 586/1232/381 583/1233/381 
f 583/1233/381 582/1234/381 585/1231/381 
f 587/1235/382 588/1236/382 586/1237/382 
f 586/1237/383 585/1238/383 587/1235/383 
f 587/1239/384 581/1240/384 584/1241/384 
f 584/1241/385 588/1242/385 587/1239/385 
f 583/1243/386 589/1244/386 590/1245/386 
f 590/1245/387 584/1246/387 583/1243/387 
f 583/1243/388 586/1247/388 591/1248/388 
f 591/1248/389 589/1244/389 583/1243/389 
f 588/1249/390 592/1250/390 591/1248/390 
f 591/1248/391 586/1247/391 588/1249/391 
f 588/1249/392 584/1246/392 590/1245/392 
f 590/1245/393 592/1250/393 588/1249/393 
f 593/1251/394 594/1252/394 590/1253/394 
f 590/1253/395 589/1254/395 593/1251/395 
f 595/1255/396 593/1256/396 589/1257/396 
f 589/1257/396 591/1258/396 595/1255/396 
f 596/1259/397 595/1260/397 591/1261/397 
f 591/1261/397 592/1262/397 596/1259/397 
f 594/1263/398 596/1264/398 592/1265/398 
f 592/1265/399 590/1266/399 594/1263/399 
f 597/1267/400 598/1268/400 594/1269/400 
f 594/1269/401 593/1270/401 597/1267/401 
f 599/1271/402 597/1267/402 593/1270/402 
f 593/1270/403 595/1272/403 599/1271/403 
f 600/1273/404 599/1271/404 595/1272/404 
f 595/1272/405 596/1274/405 600/1273/405 
f 598/1268/406 600/1273/406 596/1274/406 
f 596/1274/407 594/1269/407 598/1268/407 
f 601/1275/408 602/1276/408 598/1277/408 
f 598/1277/408 597/1278/408 601/1275/408 
f 599/1279/409 603/1280/409 604/1281/409 
f 604/1281/410 597/1282/410 599/1279/410 
f 597/1282/396 604/1281/396 601/1283/396 
f 605/1284/397 603/1285/397 599/1286/397 
f 599/1286/397 600/1287/397 605/1284/397 
f 598/1288/411 602/1289/411 606/1290/411 
f 606/1290/411 600/1291/411 598/1288/411 
f 600/1291/411 606/1290/411 605/1292/411 
f 605/1293/109 607/1294/109 608/1295/109 
f 608/1295/109 603/1296/109 605/1293/109 
f 606/1297/109 609/1298/109 607/1294/109 
f 607/1294/109 605/1293/109 606/1297/109 
f 604/1299/109 610/1300/109 609/1298/109 
f 609/1298/109 606/1297/109 604/1299/109 
f 604/1299/109 603/1296/109 608/1295/109 
f 608/1295/109 610/1300/109 604/1299/109 
f 601/1301/412 611/1302/412 612/1303/412 
f 612/1303/413 602/1304/413 601/1301/413 
f 604/1299/109 613/1305/109 611/1302/109 
f 611/1302/414 601/1301/414 604/1299/414 
f 606/1297/109 614/1306/109 613/1305/109 
f 613/1305/109 604/1299/109 606/1297/109 
f 606/1297/109 602/1304/109 612/1303/109 
f 612/1303/109 614/1306/109 606/1297/109 
f 615/1307/415 616/1308/415 608/1309/415 
f 608/1309/416 607/1310/416 615/1307/416 
f 617/1311/417 615/1312/417 607/1313/417 
f 607/1313/417 609/1314/417 617/1311/417 
f 618/1315/418 617/1316/418 609/1317/418 
f 609/1317/418 610/1318/418 618/1315/418 
f 616/1319/419 618/1320/419 610/1321/419 
f 610/1321/420 608/1322/420 616/1319/420 
f 619/1323/421 620/1324/421 612/1325/421 
f 612/1325/421 611/1326/421 619/1323/421 
f 621/1327/422 619/1328/422 611/1329/422 
f 611/1329/422 613/1330/422 621/1327/422 
f 622/1331/423 621/1332/423 613/1333/423 
f 613/1333/423 614/1334/423 622/1331/423 
f 620/1335/424 622/1336/424 614/1337/424 
f 614/1337/424 612/1338/424 620/1335/424 
usemtl katus
f 448/1339/425 447/1340/425 444/1341/425 
f 444/1341/426 443/1342/426 448/1339/426 
usemtl krohv_hall
f 623/1343/331 624/1344/331 505/1025/331 
f 505/1025/331 503/1024/331 623/1343/331 
f 625/1345/331 626/1346/331 511/1043/331 
f 511/1043/331 509/1042/331 625/1345/331 
f 439/1037/427 442/1347/427 625/1348/427 
f 625/1348/428 509/1038/428 439/1037/428 
f 437/1349/429 438/1046/429 511/1050/429 
f 511/1050/430 626/1350/430 437/1349/430 
f 623/1351/431 503/1020/431 433/1019/431 
f 433/1019/431 434/1352/431 623/1351/431 
f 624/1353/150 441/1354/150 440/1030/150 
f 440/1030/150 505/1029/150 624/1353/150 
usemtl karniis
f 627/1355/432 628/1356/432 169/1357/432 
f 169/1357/433 170/1358/433 627/1355/433 
f 406/1359/434 404/1360/434 629/1361/434 
f 629/1361/435 630/1362/435 406/1359/435 
f 630/1362/436 629/1361/436 628/1356/436 
f 628/1356/437 627/1355/437 630/1362/437 
f 629/1363/438 404/1364/438 401/1365/438 
f 401/1365/439 366/1366/439 629/1363/439 
f 367/1367/440 366/1366/440 401/1365/440 
f 628/1368/441 365/1369/441 163/1370/441 
f 163/1370/442 169/1371/442 628/1368/442 
f 86/1372/441 93/1373/441 365/1369/441 
f 365/1369/443 87/1374/443 86/1372/443 
f 93/1373/109 95/1375/109 97/1376/109 
f 97/1376/444 365/1369/444 93/1373/444 
f 99/1377/445 101/1378/445 365/1369/445 
f 365/1369/446 97/1376/446 99/1377/446 
f 103/1379/447 162/1380/447 365/1369/447 
f 365/1369/448 101/1378/448 103/1379/448 
f 162/1380/109 168/1381/109 167/1382/109 
f 167/1382/449 365/1369/449 162/1380/449 
f 166/1383/450 163/1370/450 365/1369/450 
f 365/1369/451 167/1382/451 166/1383/451 
f 166/1383/109 165/1384/109 163/1370/109 
f 169/1371/109 163/1370/109 164/1385/109 
f 629/1363/452 366/1366/452 365/1369/452 
f 365/1369/453 628/1368/453 629/1363/453 
usemtl aken
f 356/1386/52 358/1387/52 359/1388/52 
f 359/1388/52 357/245/52 356/1386/52 
f 350/1389/43 351/1390/43 349/1391/43 
f 349/1391/10 348/1392/10 350/1389/10 
usemtl uks
f 345/252/22 344/1393/22 347/1392/22 
f 347/1392/454 346/1394/454 345/252/454 
usemtl aken
f 353/241/52 352/1395/52 354/245/52 
f 354/245/52 355/1396/52 353/241/52 
usemtl krohv_valge
f 631/1397/455 632/1398/455 633/1399/455 
f 633/1399/455 634/1400/455 631/1397/455 
f 635/1401/456 631/1402/456 634/1403/456 
f 634/1403/456 636/1404/456 635/1401/456 
f 637/1405/457 635/1406/457 636/1407/457 
f 636/1407/458 638/1408/458 637/1405/458 
f 632/1409/459 637/1410/459 638/1411/459 
f 638/1411/460 633/1412/460 632/1409/460 
f 637/1410/461 632/1409/461 639/1413/461 
f 639/1413/462 640/1414/462 637/1410/462 
f 641/1415/463 639/1416/463 632/1398/463 
f 632/1398/464 631/1397/464 641/1415/464 
f 631/1402/465 635/1401/465 642/1417/465 
f 642/1417/466 641/1418/466 631/1402/466 
f 640/1419/467 642/1420/467 635/1406/467 
f 635/1406/468 637/1405/468 640/1419/468 
f 643/1421/469 644/1422/469 640/1414/469 
f 640/1414/470 639/1413/470 643/1421/470 
f 645/1423/471 643/1424/471 639/1416/471 
f 639/1416/471 641/1415/471 645/1423/471 
f 646/1425/472 645/1426/472 641/1418/472 
f 641/1418/472 642/1417/472 646/1425/472 
f 644/1427/473 646/1428/473 642/1420/473 
f 642/1420/457 640/1419/457 644/1427/457 
f 643/1429/474 647/1430/474 648/1431/474 
f 648/1431/475 644/1432/475 643/1429/475 
f 649/1433/476 647/1430/476 643/1429/476 
f 643/1429/477 645/1434/477 649/1433/477 
f 646/1435/478 650/1436/478 649/1433/478 
f 649/1433/479 645/1434/479 646/1435/479 
f 648/1431/480 650/1436/480 646/1435/480 
f 646/1435/481 644/1432/481 648/1431/481 
f 651/1437/482 652/1438/482 648/1439/482 
f 648/1439/482 647/1440/482 651/1437/482 
f 649/1441/471 653/1442/471 654/1443/471 
f 654/1443/471 647/1444/471 649/1441/471 
f 647/1444/471 654/1443/471 651/1445/471 
f 655/1446/483 653/1447/483 649/1448/483 
f 649/1448/483 650/1449/483 655/1446/483 
f 648/1450/473 652/1451/473 656/1452/473 
f 656/1452/484 650/1453/484 648/1450/484 
f 650/1453/484 656/1452/484 655/1454/484 
f 652/1455/109 651/1456/109 657/1457/109 
f 657/1457/109 658/1458/109 652/1455/109 
f 654/1459/109 659/1460/109 657/1457/109 
f 657/1457/109 651/1456/109 654/1459/109 
f 654/1459/109 656/1461/109 660/1462/109 
f 660/1462/109 659/1460/109 654/1459/109 
f 656/1461/109 652/1455/109 658/1458/109 
f 658/1458/109 660/1462/109 656/1461/109 
f 653/1463/109 655/1464/109 661/1465/109 
f 661/1465/109 662/1466/109 653/1463/109 
f 656/1461/109 663/1467/109 661/1465/109 
f 661/1465/109 655/1464/109 656/1461/109 
f 656/1461/109 654/1459/109 664/1468/109 
f 664/1468/109 663/1467/109 656/1461/109 
f 654/1459/109 653/1463/109 662/1466/109 
f 662/1466/109 664/1468/109 654/1459/109 
usemtl krohv_kollane
f 665/1469/95 4/4/95 161/184/95 
f 161/184/485 666/1470/485 665/1469/485 
f 667/1471/1 189/216/1 188/215/1 
f 188/215/1 668/1472/1 667/1471/1 
f 669/1473/95 670/1474/95 671/1475/95 
f 671/1475/485 672/1476/485 669/1473/485 
f 673/1477/95 674/1478/95 675/1479/95 
f 675/1479/95 676/1480/95 673/1477/95 
f 138/199/1 173/198/1 669/1473/1 
f 669/1473/1 133/1481/1 138/199/1 
f 665/1469/1 670/1474/1 172/197/1 
f 172/197/1 171/196/1 665/1469/1 
f 133/1481/485 669/1473/485 672/1476/485 
f 672/1476/486 134/1482/486 133/1481/486 
f 666/1470/486 671/1475/486 670/1474/486 
f 670/1474/485 665/1469/485 666/1470/485 
f 134/1482/486 672/1476/486 673/1477/486 
f 673/1477/95 136/1483/95 134/1482/95 
f 676/1480/1 136/1483/1 673/1477/1 
f 667/1471/1 674/1478/1 671/1475/1 
f 671/1475/486 666/1470/486 667/1471/486 
f 675/1479/1 674/1478/1 667/1471/1 
f 667/1471/1 668/1472/1 675/1479/1 
usemtl aken_2
f 677/1484/487 678/252/487 679/1485/487 
f 679/1485/1 680/1392/1 677/1484/1 
usemtl aken2_v_ike
f 681/1486/1 682/252/1 683/1487/1 
f 683/1487/1 684/1488/1 681/1486/1 
usemtl aken
f 685/1489/95 686/1487/95 687/1490/95 
f 687/1490/95 688/1484/95 685/1489/95 
usemtl aken_v_ike
f 689/1491/1 690/1487/1 691/1392/1 
f 691/1392/1 692/1484/1 689/1491/1 
usemtl krohv_valge
f 693/1492/488 694/1493/488 4/1494/488 
f 4/1494/489 665/1495/489 693/1492/489 
f 695/1496/1 693/1492/1 665/1495/1 
f 665/1495/1 171/1497/1 695/1496/1 
f 696/1498/488 695/1496/488 171/1497/488 
f 171/1497/489 1/1499/489 696/1498/489 
f 694/1493/1 696/1498/1 1/1499/1 
f 1/1499/1 4/1494/1 694/1493/1 
f 697/1500/95 698/1501/95 173/1502/95 
f 173/1502/489 172/1503/489 697/1500/489 
f 699/1504/1 697/1500/1 172/1503/1 
f 172/1503/1 670/1505/1 699/1504/1 
f 700/1506/95 699/1504/95 670/1505/95 
f 670/1505/489 669/1507/489 700/1506/489 
f 698/1501/1 700/1506/1 669/1507/1 
f 669/1507/1 173/1502/1 698/1501/1 
f 701/1508/490 702/1509/490 666/1510/490 
f 666/1510/1 161/1511/1 701/1508/1 
f 703/1512/1 701/1508/1 161/1511/1 
f 161/1511/1 189/1513/1 703/1512/1 
f 704/1514/1 703/1512/1 189/1513/1 
f 189/1513/1 667/1515/1 704/1514/1 
f 702/1509/1 704/1514/1 667/1515/1 
f 667/1515/491 666/1510/491 702/1509/491 
f 705/1516/1 706/1517/1 672/1518/1 
f 672/1518/490 671/1519/490 705/1516/490 
f 707/1520/489 705/1516/489 671/1519/489 
f 671/1519/491 674/1521/491 707/1520/491 
f 708/1522/487 707/1520/487 674/1521/487 
f 674/1521/95 673/1523/95 708/1522/95 
f 706/1517/1 708/1522/1 673/1523/1 
f 673/1523/1 672/1518/1 706/1517/1 
f 679/1524/492 678/1525/492 697/1526/492 
f 697/1526/493 699/1527/493 679/1524/493 
f 680/1528/109 679/1529/109 699/1530/109 
f 699/1530/109 700/1531/109 680/1528/109 
f 677/1532/494 680/1533/494 700/1534/494 
f 700/1534/494 698/1535/494 677/1532/494 
f 678/1536/33 677/1537/33 698/1538/33 
f 698/1538/33 697/1539/33 678/1536/33 
f 681/1540/495 684/1541/495 693/1542/495 
f 693/1542/495 695/1543/495 681/1540/495 
f 682/1544/33 681/1545/33 695/1546/33 
f 695/1546/33 696/1547/33 682/1544/33 
f 683/1548/496 682/1549/496 696/1550/496 
f 696/1550/496 694/1551/496 683/1548/496 
f 684/1552/109 683/1553/109 694/1554/109 
f 694/1554/109 693/1555/109 684/1552/109 
f 686/1556/496 685/1557/496 705/1558/496 
f 705/1558/497 707/1559/497 686/1556/497 
f 687/1560/109 686/1561/109 707/1562/109 
f 707/1562/109 708/1563/109 687/1560/109 
f 688/1564/498 687/1565/498 708/1566/498 
f 708/1566/498 706/1567/498 688/1564/498 
f 685/1568/33 688/1569/33 706/1570/33 
f 706/1570/33 705/1571/33 685/1568/33 
f 689/1572/33 692/1573/33 702/1574/33 
f 702/1574/33 701/1575/33 689/1572/33 
f 690/1576/496 689/1577/496 701/1578/496 
f 701/1578/496 703/1579/496 690/1576/496 
f 691/1580/109 690/1581/109 703/1582/109 
f 703/1582/109 704/1583/109 691/1580/109 
f 692/1584/498 691/1585/498 704/1586/498 
f 704/1586/498 702/1587/498 692/1584/498 
usemtl krohv_kollane
f 709/1588/499 710/1589/499 711/1590/499 
f 711/1590/52 77/92/52 709/1588/52 
f 712/1591/62 713/1592/62 77/92/62 
f 77/92/60 711/1590/60 712/1591/60 
f 78/93/500 77/92/500 713/1592/500 
f 714/79/500 79/85/500 78/489/500 
f 78/489/500 713/520/500 714/79/500 
f 714/1593/62 713/1594/62 712/1595/62 
f 712/1595/62 715/1596/62 714/1593/62 
f 711/1597/499 710/1598/499 74/1599/499 
f 74/1599/499 716/1600/499 711/1597/499 
f 717/1601/60 715/1596/60 716/1600/60 
f 716/1600/501 74/1599/501 717/1601/501 
f 714/1593/327 715/1596/327 717/1601/327 
usemtl luuk_2
f 273/1602/32 271/1603/32 270/1604/32 
f 270/1604/32 272/237/32 273/1602/32 
usemtl luuk
f 718/1605/62 719/1606/62 720/1607/62 
f 720/1607/62 721/1608/62 718/1605/62 
f 721/1608/33 720/1607/33 712/1609/33 
f 712/1609/33 711/1610/33 721/1608/33 
f 718/1605/502 721/1608/502 711/1610/502 
f 711/1610/502 716/1611/502 718/1605/502 
f 719/1606/109 718/1605/109 716/1611/109 
f 716/1611/109 715/1612/109 719/1606/109 
f 720/1607/503 719/1606/503 715/1612/503 
f 715/1612/503 712/1609/503 720/1607/503 
usemtl krohv_kollane
f 74/89/52 131/150/52 90/107/52 
f 90/107/52 75/90/52 74/89/52 
f 74/89/52 209/236/52 187/213/52 
f 187/213/52 131/150/52 74/89/52 
f 74/89/504 710/1589/504 709/1588/504 
f 709/1588/60 209/236/60 74/89/60 
f 70/85/32 42/46/32 41/45/32 
f 41/45/32 76/1613/32 70/85/32 
f 41/45/61 722/1614/61 723/1615/61 
f 723/1615/32 76/1613/32 41/45/32 
usemtl krohv_hall
f 191/1616/52 190/1617/52 724/1618/52 
f 724/1618/52 725/1619/52 191/1616/52 
f 709/1620/35 726/1621/35 727/1622/35 
f 727/1622/60 209/1623/60 709/1620/60 
f 76/1624/32 723/1625/32 728/1626/32 
f 728/1626/32 729/1627/32 76/1624/32 
f 730/1628/32 729/1627/32 728/1626/32 
f 731/1629/505 732/1630/505 38/1631/505 
f 38/1631/505 733/1632/505 731/1629/505 
f 730/1628/506 728/1626/506 731/1629/506 
f 731/1629/507 734/1633/507 730/1628/507 
f 733/1632/505 734/1633/505 731/1629/505 
f 482/1634/60 195/1635/60 735/1636/60 
f 735/1636/60 484/1637/60 482/1634/60 
f 735/1636/60 195/1635/60 194/1638/60 
f 194/1638/60 198/1639/60 736/1640/60 
f 736/1640/60 735/1636/60 194/1638/60 
f 198/1639/52 200/1641/52 737/1642/52 
f 737/1642/52 736/1640/52 198/1639/52 
f 200/1641/52 202/1643/52 738/1644/52 
f 738/1644/52 737/1642/52 200/1641/52 
f 202/1643/52 191/1616/52 725/1619/52 
f 725/1619/52 738/1644/52 202/1643/52 
f 739/1645/60 204/1646/60 487/1647/60 
f 487/1647/60 486/1648/60 739/1645/60 
f 204/1646/60 739/1645/60 203/1649/60 
f 740/1650/52 205/1651/52 203/1649/52 
f 203/1649/52 739/1645/52 740/1650/52 
f 741/1652/60 206/1653/60 205/1651/60 
f 205/1651/60 740/1650/60 741/1652/60 
f 742/1654/60 207/1655/60 206/1653/60 
f 206/1653/60 741/1652/60 742/1654/60 
f 724/1618/60 190/1617/60 207/1655/60 
f 207/1655/60 742/1654/60 724/1618/60 
f 727/1622/52 490/1656/52 488/1657/52 
f 488/1657/52 209/1623/52 727/1622/52 
f 209/1623/52 488/1657/52 208/1658/52 
f 743/1659/59 77/1660/59 76/1661/59 
f 76/1661/59 729/1662/59 743/1659/59 
f 726/1621/35 709/1620/35 77/1660/35 
f 77/1660/60 743/1659/60 726/1621/60 
f 744/1663/29 734/1633/29 733/1632/29 
f 733/1632/29 35/1664/29 744/1663/29 
f 35/1664/29 733/1632/29 38/1631/29 
usemtl krohv_valge
f 745/290/508 746/295/508 662/1466/508 
f 662/1466/509 661/1465/509 745/290/509 
f 747/306/510 745/290/510 661/1465/510 
f 661/1465/510 663/1467/510 747/306/510 
f 748/311/511 747/306/511 663/1467/511 
f 663/1467/511 664/1468/511 748/311/511 
f 746/295/512 748/311/512 664/1468/512 
f 664/1468/513 662/1466/513 746/295/513 
f 749/273/472 750/272/472 658/1458/472 
f 658/1458/514 657/1457/514 749/273/514 
f 751/276/515 749/273/515 657/1457/515 
f 657/1457/515 659/1460/515 751/276/515 
f 752/280/516 751/276/516 659/1460/516 
f 659/1460/516 660/1462/516 752/280/516 
f 750/272/517 752/280/517 660/1462/517 
f 660/1462/517 658/1458/517 750/272/517 
f 753/1665/30 754/1666/30 755/1667/30 
f 755/1667/32 756/1668/32 753/1665/32 
f 757/1669/518 758/1670/518 759/1671/518 
f 759/1671/519 760/1672/519 757/1669/519 
f 753/1673/33 756/1674/33 36/1675/33 
f 36/1675/33 722/1676/33 753/1673/33 
f 761/1677/108 762/1678/108 763/1679/108 
f 763/1679/108 764/1680/108 761/1677/108 
f 764/1681/32 763/1682/32 754/1666/32 
f 754/1666/30 753/1665/30 764/1681/30 
f 761/1683/33 764/1684/33 753/1673/33 
f 753/1673/33 722/1676/33 761/1683/33 
f 758/1685/520 757/1686/520 36/1675/520 
f 36/1675/520 756/1674/520 758/1685/520 
f 759/1687/30 758/1688/30 756/1668/30 
f 756/1668/32 755/1667/32 759/1687/32 
f 765/1689/521 766/1690/521 723/1691/521 
f 723/1691/521 722/1692/521 765/1689/521 
f 767/1693/33 765/1694/33 722/1676/33 
f 722/1676/33 36/1675/33 767/1693/33 
f 768/1695/522 767/1696/522 36/1697/522 
f 36/1697/522 38/1698/522 768/1695/522 
f 769/1699/109 768/1700/109 38/1701/109 
f 38/1701/109 732/1702/109 769/1699/109 
f 770/1703/108 769/1704/108 732/1705/108 
f 732/1705/108 731/1706/108 770/1703/108 
f 771/1707/109 770/1708/109 731/1709/109 
f 731/1709/109 728/1710/109 771/1707/109 
f 766/1690/521 771/1711/521 728/1712/521 
f 728/1712/521 723/1691/521 766/1690/521 
f 755/1713/523 754/1714/523 41/1715/523 
f 41/1715/523 39/1716/523 755/1713/523 
f 763/1717/524 762/1718/524 41/1715/524 
f 41/1715/525 754/1714/525 763/1717/525 
f 760/1719/523 759/1720/523 755/1713/523 
f 755/1713/523 39/1716/523 760/1719/523 
usemtl esiaken_uks
f 766/1721/57 772/1722/57 773/1723/57 
f 773/1723/57 771/237/57 766/1721/57 
f 772/1722/526 766/1721/526 767/239/526 
f 767/239/32 768/1724/32 772/1722/32 
f 767/239/32 766/1721/32 765/242/32 
usemtl krohv_kollane
f 151/1725/527 150/1726/527 415/1727/527 
f 415/1727/528 405/1728/528 151/1725/528 
f 774/787/529 405/786/529 415/786/529 
f 415/786/236 407/787/236 774/787/236 
f 775/390/530 46/1729/530 411/1730/530 
f 411/1730/531 776/387/531 775/390/531 
usemtl katus_hall
f 399/784/532 776/1731/532 411/1730/532 
f 405/756/533 774/1732/533 777/1733/533 
f 777/1733/534 776/1734/534 405/756/534 
f 776/1735/109 399/1736/109 402/1737/109 
f 402/757/109 405/756/109 776/1734/109 
usemtl krohv_kollane
f 774/1738/535 407/1739/535 408/1740/535 
f 408/1740/536 777/1741/536 774/1738/536 
f 777/1741/537 408/1740/537 775/1742/537 
f 775/1742/538 776/1743/538 777/1741/538 
usemtl katus
f 775/1744/539 408/1745/539 409/1746/539 
f 409/1746/540 46/1747/540 775/1744/540 
usemtl trepp
f 139/5/97 142/139/97 419/128/97 
f 419/128/97 416/863/97 139/5/97 
usemtl katus_punane
f 778/1748/109 403/1749/109 427/1750/109 
f 427/1750/109 779/1751/109 778/1748/109 
f 419/1752/109 779/1751/109 780/1753/109 
f 780/1753/33 781/1754/33 419/1752/33 
f 779/1751/109 419/1752/109 782/1755/109 
f 782/1755/109 778/1748/109 779/1751/109 
f 779/1751/541 427/1750/541 430/1756/541 
f 430/1756/542 437/1757/542 779/1751/542 
f 626/1758/543 779/1751/543 437/1757/543 
f 781/1754/544 582/1759/544 581/1760/544 
f 581/1760/545 419/1752/545 781/1754/545 
f 425/1761/545 419/1752/545 581/1760/545 
f 780/1753/546 779/1751/546 626/1758/546 
f 626/1758/547 587/1762/547 780/1753/547 
f 625/1763/548 624/1764/548 623/1765/548 
f 623/1765/549 424/1766/549 625/1763/549 
f 623/1765/550 422/1767/550 424/1766/550 
f 625/1763/551 424/1766/551 587/1762/551 
f 587/1762/552 626/1758/552 625/1763/552 
f 780/1753/553 587/1762/553 585/1768/553 
f 424/1766/554 425/1761/554 581/1760/554 
f 581/1760/555 587/1762/555 424/1766/555 
f 781/1754/556 780/1753/556 585/1768/556 
f 585/1768/557 582/1759/557 781/1754/557 
f 403/1749/33 778/1748/33 782/1755/33 
f 782/1755/558 367/1769/558 403/1749/558 
f 782/1755/559 146/1770/559 367/1769/559 
f 403/1749/207 367/1769/207 401/1771/207 
f 423/1772/560 422/1767/560 623/1765/560 
f 623/1765/561 434/1773/561 423/1772/561 
f 441/1774/562 624/1764/562 625/1763/562 
f 625/1763/563 442/1775/563 441/1774/563 
usemtl katus
f 412/241/109 427/27/109 403/863/109 
f 403/863/109 400/242/109 412/241/109 
usemtl paekivi
f 429/31/499 428/34/499 410/244/499 
f 410/244/499 431/37/499 429/31/499 
f 428/34/499 427/27/499 412/241/499 
f 412/241/499 410/244/499 428/34/499 
usemtl krohv_kollane
f 146/553/109 782/557/109 419/243/109 
f 419/243/109 142/13/109 146/553/109 
usemtl krohv_aed
f 783/1776/278 784/1777/278 785/1778/278 
f 785/1778/278 786/1779/278 783/1776/278 
f 784/1777/278 783/1776/278 787/1780/278 
f 787/1780/278 788/1781/278 784/1777/278 
f 789/1782/278 790/1783/278 788/1781/278 
f 788/1781/278 787/1780/278 789/1782/278 
f 791/1784/564 792/1785/564 793/1786/564 
f 793/1786/564 794/1787/564 791/1784/564 
f 795/1788/109 796/1789/109 797/1790/109 
f 797/1790/109 798/1791/109 795/1788/109 
f 799/1792/565 800/1793/565 801/1794/565 
f 801/1794/565 802/1795/565 799/1792/565 
f 797/1790/566 796/1789/566 783/1796/566 
f 783/1796/567 786/1797/567 797/1790/567 
f 803/1798/568 798/1791/568 797/1790/568 
f 797/1790/569 786/1797/569 803/1798/569 
f 795/1788/570 798/1791/570 803/1798/570 
f 803/1798/571 804/1799/571 795/1788/571 
f 783/1796/572 796/1789/572 795/1788/572 
f 795/1788/573 804/1799/573 783/1796/573 
f 787/1800/574 799/1792/574 802/1795/574 
f 802/1795/574 789/1801/574 787/1800/574 
f 783/1802/575 800/1793/575 799/1792/575 
f 799/1792/574 787/1800/574 783/1802/574 
f 804/1803/576 801/1794/576 800/1793/576 
f 800/1793/577 783/1802/577 804/1803/577 
f 790/1804/574 789/1801/574 802/1795/574 
f 802/1795/578 805/1805/578 790/1804/578 
f 801/1794/576 804/1803/576 805/1805/576 
f 805/1805/579 802/1795/579 801/1794/579 
f 784/1806/580 806/1807/580 807/1808/580 
f 807/1808/580 785/1809/580 784/1806/580 
f 808/1810/580 809/1811/580 785/1809/580 
f 785/1809/580 807/1808/580 808/1810/580 
f 788/1812/581 810/1813/581 806/1807/581 
f 806/1807/580 784/1806/580 788/1812/580 
f 811/1814/580 812/1815/580 810/1813/580 
f 810/1813/582 788/1812/582 811/1814/582 
f 786/1816/580 785/1809/580 809/1811/580 
f 809/1811/582 803/1817/582 786/1816/582 
f 813/1818/580 811/1814/580 803/1817/580 
f 803/1817/581 809/1811/581 813/1818/581 
f 814/1819/580 812/1815/580 811/1814/580 
f 811/1814/580 813/1818/580 814/1819/580 
f 815/1820/109 816/1821/109 813/1822/109 
f 813/1822/109 809/1823/109 815/1820/109 
f 817/1824/33 818/1825/33 806/1826/33 
f 806/1826/33 810/1827/33 817/1824/33 
f 818/1828/583 819/1829/583 820/1830/583 
f 820/1830/584 806/1831/584 818/1828/584 
f 821/1832/585 822/1833/585 806/1831/585 
f 806/1831/586 820/1830/586 821/1832/586 
f 823/1834/587 824/1835/587 806/1831/587 
f 806/1831/588 822/1833/588 823/1834/588 
f 825/1836/589 826/1837/589 806/1831/589 
f 806/1831/590 824/1835/590 825/1836/590 
f 827/1838/591 828/1839/591 806/1831/591 
f 806/1831/592 826/1837/592 827/1838/592 
f 829/1840/593 830/1841/593 806/1831/593 
f 806/1831/594 828/1839/594 829/1840/594 
f 831/1842/595 832/1843/595 806/1831/595 
f 806/1831/596 830/1841/596 831/1842/596 
f 833/1844/597 834/1845/597 806/1831/597 
f 806/1831/598 832/1843/598 833/1844/598 
f 835/1846/599 836/1847/599 806/1831/599 
f 806/1831/600 834/1845/600 835/1846/600 
f 837/1848/601 838/1849/601 806/1831/601 
f 806/1831/602 836/1847/602 837/1848/602 
f 839/1850/603 840/1851/603 806/1831/603 
f 806/1831/604 838/1849/604 839/1850/604 
f 841/1852/605 842/1853/605 806/1831/605 
f 806/1831/606 840/1851/606 841/1852/606 
f 843/1854/607 844/1855/607 806/1831/607 
f 806/1831/608 842/1853/608 843/1854/608 
f 845/1856/609 846/1857/609 806/1831/609 
f 806/1831/610 844/1855/610 845/1856/610 
f 847/1858/611 848/1859/611 806/1831/611 
f 806/1831/612 846/1857/612 847/1858/612 
f 849/1860/613 850/1861/613 806/1831/613 
f 806/1831/614 848/1859/614 849/1860/614 
f 851/1862/615 852/1863/615 806/1831/615 
f 806/1831/616 850/1861/616 851/1862/616 
f 853/1864/617 854/1865/617 806/1831/617 
f 806/1831/618 852/1863/618 853/1864/618 
f 855/1866/619 856/1867/619 806/1831/619 
f 806/1831/620 854/1865/620 855/1866/620 
f 857/1868/621 858/1869/621 806/1831/621 
f 806/1831/622 856/1867/622 857/1868/622 
f 859/1870/623 860/1871/623 806/1831/623 
f 806/1831/624 858/1869/624 859/1870/624 
f 861/1872/625 862/1873/625 806/1831/625 
f 806/1831/626 860/1871/626 861/1872/626 
f 863/1874/627 864/1875/627 806/1831/627 
f 806/1831/628 862/1873/628 863/1874/628 
f 865/1876/629 866/1877/629 806/1831/629 
f 806/1831/630 864/1875/630 865/1876/630 
f 867/1878/631 868/1879/631 806/1831/631 
f 806/1831/632 866/1877/632 867/1878/632 
f 869/1880/633 870/1881/633 806/1831/633 
f 806/1831/634 868/1879/634 869/1880/634 
f 871/1882/635 872/1883/635 806/1831/635 
f 806/1831/636 870/1881/636 871/1882/636 
f 873/1884/637 874/1885/637 806/1831/637 
f 806/1831/638 872/1883/638 873/1884/638 
f 875/1886/639 876/1887/639 806/1831/639 
f 806/1831/640 874/1885/640 875/1886/640 
f 877/1888/641 878/1889/641 806/1831/641 
f 806/1831/642 876/1887/642 877/1888/642 
f 879/1890/643 807/1891/643 806/1831/643 
f 806/1831/644 878/1889/644 879/1890/644 
f 809/1892/643 808/1893/643 880/1894/643 
f 880/1894/645 815/1895/645 809/1892/645 
f 881/1896/646 882/1897/646 815/1895/646 
f 815/1895/647 880/1894/647 881/1896/647 
f 883/1898/648 884/1899/648 815/1895/648 
f 815/1895/649 882/1897/649 883/1898/649 
f 885/1900/650 886/1901/650 815/1895/650 
f 815/1895/651 884/1899/651 885/1900/651 
f 887/1902/652 888/1903/652 815/1895/652 
f 815/1895/653 886/1901/653 887/1902/653 
f 889/1904/654 890/1905/654 815/1895/654 
f 815/1895/655 888/1903/655 889/1904/655 
f 891/1906/656 892/1907/656 815/1895/656 
f 815/1895/590 890/1905/590 891/1906/590 
f 893/1908/657 894/1909/657 815/1895/657 
f 815/1895/658 892/1907/658 893/1908/658 
f 895/1910/659 896/1911/659 815/1895/659 
f 815/1895/660 894/1909/660 895/1910/660 
f 897/1912/661 898/1913/661 815/1895/661 
f 815/1895/662 896/1911/662 897/1912/662 
f 899/1914/663 900/1915/663 815/1895/663 
f 815/1895/664 898/1913/664 899/1914/664 
f 901/1916/665 902/1917/665 815/1895/665 
f 815/1895/666 900/1915/666 901/1916/666 
f 903/1918/667 904/1919/667 815/1895/667 
f 815/1895/668 902/1917/668 903/1918/668 
f 905/1920/669 906/1921/669 815/1895/669 
f 815/1895/670 904/1919/670 905/1920/670 
f 907/1922/671 908/1923/671 815/1895/671 
f 815/1895/672 906/1921/672 907/1922/672 
f 909/1924/673 910/1925/673 815/1895/673 
f 815/1895/614 908/1923/614 909/1924/614 
f 911/1926/674 912/1927/674 815/1895/674 
f 815/1895/616 910/1925/616 911/1926/616 
f 913/1928/675 914/1929/675 815/1895/675 
f 815/1895/676 912/1927/676 913/1928/676 
f 915/1930/677 916/1931/677 815/1895/677 
f 815/1895/678 914/1929/678 915/1930/678 
f 917/1932/679 918/1933/679 815/1895/679 
f 815/1895/680 916/1931/680 917/1932/680 
f 919/1934/681 920/1935/681 815/1895/681 
f 815/1895/682 918/1933/682 919/1934/682 
f 921/1936/683 922/1937/683 815/1895/683 
f 815/1895/684 920/1935/684 921/1936/684 
f 923/1938/685 924/1939/685 815/1895/685 
f 815/1895/628 922/1937/628 923/1938/628 
f 925/1940/686 926/1941/686 815/1895/686 
f 815/1895/687 924/1939/687 925/1940/687 
f 927/1942/688 928/1943/688 815/1895/688 
f 815/1895/689 926/1941/689 927/1942/689 
f 929/1944/690 930/1945/690 815/1895/690 
f 815/1895/691 928/1943/691 929/1944/691 
f 931/1946/692 932/1947/692 815/1895/692 
f 815/1895/693 930/1945/693 931/1946/693 
f 933/1948/694 934/1949/694 815/1895/694 
f 815/1895/695 932/1947/695 933/1948/695 
f 935/1950/696 936/1951/696 815/1895/696 
f 815/1895/634 934/1949/634 935/1950/634 
f 937/1952/697 938/1953/697 815/1895/697 
f 815/1895/698 936/1951/698 937/1952/698 
f 939/1954/583 940/1955/583 815/1895/583 
f 815/1895/699 938/1953/699 939/1954/699 
f 816/1956/700 941/1957/700 942/1958/700 
f 942/1958/701 813/1959/701 816/1956/701 
f 943/1960/702 944/1961/702 813/1959/702 
f 813/1959/703 942/1958/703 943/1960/703 
f 945/1962/704 946/1963/704 813/1959/704 
f 813/1959/705 944/1961/705 945/1962/705 
f 947/1964/706 948/1965/706 813/1959/706 
f 813/1959/707 946/1963/707 947/1964/707 
f 949/1966/708 950/1967/708 813/1959/708 
f 813/1959/709 948/1965/709 949/1966/709 
f 951/1968/710 952/1969/710 813/1959/710 
f 813/1959/711 950/1967/711 951/1968/711 
f 953/1970/712 954/1971/712 813/1959/712 
f 813/1959/713 952/1969/713 953/1970/713 
f 955/1972/714 956/1973/714 813/1959/714 
f 813/1959/715 954/1971/715 955/1972/715 
f 957/1974/716 958/1975/716 813/1959/716 
f 813/1959/717 956/1973/717 957/1974/717 
f 959/1976/718 960/1977/718 813/1959/718 
f 813/1959/719 958/1975/719 959/1976/719 
f 961/1978/720 962/1979/720 813/1959/720 
f 813/1959/721 960/1977/721 961/1978/721 
f 963/1980/722 964/1981/722 813/1959/722 
f 813/1959/723 962/1979/723 963/1980/723 
f 965/1982/724 966/1983/724 813/1959/724 
f 813/1959/725 964/1981/725 965/1982/725 
f 967/1984/726 968/1985/726 813/1959/726 
f 813/1959/723 966/1983/723 967/1984/723 
f 969/1986/727 970/1987/727 813/1959/727 
f 813/1959/728 968/1985/728 969/1986/728 
f 971/1988/729 972/1989/729 813/1959/729 
f 813/1959/725 970/1987/725 971/1988/725 
f 973/1990/730 974/1991/730 813/1959/730 
f 813/1959/731 972/1989/731 973/1990/731 
f 975/1992/732 976/1993/732 813/1959/732 
f 813/1959/733 974/1991/733 975/1992/733 
f 977/1994/734 978/1995/734 813/1959/734 
f 813/1959/735 976/1993/735 977/1994/735 
f 979/1996/736 980/1997/736 813/1959/736 
f 813/1959/737 978/1995/737 979/1996/737 
f 981/1998/738 982/1999/738 813/1959/738 
f 813/1959/739 980/1997/739 981/1998/739 
f 983/2000/740 984/2001/740 813/1959/740 
f 813/1959/741 982/1999/741 983/2000/741 
f 985/2002/742 986/2003/742 813/1959/742 
f 813/1959/743 984/2001/743 985/2002/743 
f 987/2004/744 988/2005/744 813/1959/744 
f 813/1959/745 986/2003/745 987/2004/745 
f 989/2006/746 990/2007/746 813/1959/746 
f 813/1959/747 988/2005/747 989/2006/747 
f 991/2008/748 992/2009/748 813/1959/748 
f 813/1959/739 990/2007/739 991/2008/739 
f 993/2010/749 994/2011/749 813/1959/749 
f 813/1959/747 992/2009/747 993/2010/747 
f 995/2012/750 996/2013/750 813/1959/750 
f 813/1959/751 994/2011/751 995/2012/751 
f 997/2014/752 998/2015/752 813/1959/752 
f 813/1959/753 996/2013/753 997/2014/753 
f 999/2016/754 1000/2017/754 813/1959/754 
f 813/1959/755 998/2015/755 999/2016/755 
f 1001/2018/756 814/2019/756 813/1959/756 
f 813/1959/757 1000/2017/757 1001/2018/757 
f 810/2020/756 812/2021/756 1002/2022/756 
f 1002/2022/758 817/2023/758 810/2020/758 
f 1003/2024/759 1004/2025/759 817/2023/759 
f 817/2023/760 1002/2022/760 1003/2024/760 
f 1005/2026/761 1006/2027/761 817/2023/761 
f 817/2023/762 1004/2025/762 1005/2026/762 
f 1007/2028/763 1008/2029/763 817/2023/763 
f 817/2023/764 1006/2027/764 1007/2028/764 
f 1009/2030/765 1010/2031/765 817/2023/765 
f 817/2023/766 1008/2029/766 1009/2030/766 
f 1011/2032/767 1012/2033/767 817/2023/767 
f 817/2023/768 1010/2031/768 1011/2032/768 
f 1013/2034/710 1014/2035/710 817/2023/710 
f 817/2023/769 1012/2033/769 1013/2034/769 
f 1015/2036/770 1016/2037/770 817/2023/770 
f 817/2023/771 1014/2035/771 1015/2036/771 
f 1017/2038/772 1018/2039/772 817/2023/772 
f 817/2023/773 1016/2037/773 1017/2038/773 
f 1019/2040/774 1020/2041/774 817/2023/774 
f 817/2023/775 1018/2039/775 1019/2040/775 
f 1021/2042/776 1022/2043/776 817/2023/776 
f 817/2023/777 1020/2041/777 1021/2042/777 
f 1023/2044/718 1024/2045/718 817/2023/718 
f 817/2023/769 1022/2043/769 1023/2044/769 
f 1025/2046/778 1026/2047/778 817/2023/778 
f 817/2023/777 1024/2045/777 1025/2046/777 
f 1027/2048/724 1028/2049/724 817/2023/724 
f 817/2023/779 1026/2047/779 1027/2048/779 
f 1029/2050/780 1030/2051/780 817/2023/780 
f 817/2023/781 1028/2049/781 1029/2050/781 
f 1031/2052/782 1032/2053/782 817/2023/782 
f 817/2023/783 1030/2051/783 1031/2052/783 
f 1033/2054/784 1034/2055/784 817/2023/784 
f 817/2023/785 1032/2053/785 1033/2054/785 
f 1035/2056/786 1036/2057/786 817/2023/786 
f 817/2023/787 1034/2055/787 1035/2056/787 
f 1037/2058/732 1038/2059/732 817/2023/732 
f 817/2023/788 1036/2057/788 1037/2058/788 
f 1039/2060/789 1040/2061/789 817/2023/789 
f 817/2023/790 1038/2059/790 1039/2060/790 
f 1041/2062/791 1042/2063/791 817/2023/791 
f 817/2023/792 1040/2061/792 1041/2062/792 
f 1043/2064/793 1044/2065/793 817/2023/793 
f 817/2023/794 1042/2063/794 1043/2064/794 
f 1045/2066/795 1046/2067/795 817/2023/795 
f 817/2023/751 1044/2065/751 1045/2066/751 
f 1047/2068/796 1048/2069/796 817/2023/796 
f 817/2023/739 1046/2067/739 1047/2068/739 
f 1049/2070/797 1050/2071/797 817/2023/797 
f 817/2023/798 1048/2069/798 1049/2070/798 
f 1051/2072/746 1052/2073/746 817/2023/746 
f 817/2023/799 1050/2071/799 1051/2072/799 
f 1053/2074/800 1054/2075/800 817/2023/800 
f 817/2023/801 1052/2073/801 1053/2074/801 
f 1055/2076/802 1056/2077/802 817/2023/802 
f 817/2023/803 1054/2075/803 1055/2076/803 
f 1057/2078/804 1058/2079/804 817/2023/804 
f 817/2023/805 1056/2077/805 1057/2078/805 
f 1059/2080/806 1060/2081/806 817/2023/806 
f 817/2023/807 1058/2079/807 1059/2080/807 
f 1061/2082/700 1062/2083/700 817/2023/700 
f 817/2023/808 1060/2081/808 1061/2082/808 
f 819/1829/809 940/1955/809 1063/2084/809 
f 1063/2084/810 820/1830/810 819/1829/810 
f 940/1955/811 939/1954/811 1063/2084/811 
f 1064/2085/812 820/1830/812 1063/2084/812 
f 824/1835/813 823/1834/813 1065/2086/813 
f 1065/2086/814 1066/2087/814 824/1835/814 
f 1067/2088/815 936/1951/815 1066/2087/815 
f 1066/2087/278 1065/2086/278 1067/2088/278 
f 936/1951/816 935/1950/816 1066/2087/816 
f 1068/2089/817 824/1835/817 1066/2087/817 
f 828/1839/818 827/1838/818 1069/2090/818 
f 1069/2090/642 1070/2091/642 828/1839/642 
f 1071/2092/819 932/1947/819 1070/2091/819 
f 1070/2091/820 1069/2090/820 1071/2092/820 
f 932/1947/821 931/1946/821 1070/2091/821 
f 1072/2093/822 828/1839/822 1070/2091/822 
f 832/1843/816 831/1842/816 1073/2094/816 
f 1073/2094/823 1074/2095/823 832/1843/823 
f 1075/2096/824 928/1943/824 1074/2095/824 
f 1074/2095/278 1073/2094/278 1075/2096/278 
f 928/1943/813 927/1942/813 1074/2095/813 
f 1076/2097/825 832/1843/825 1074/2095/825 
f 836/1847/826 835/1846/826 1077/2098/826 
f 1077/2098/827 1078/2099/827 836/1847/827 
f 1079/2100/824 924/1939/824 1078/2099/824 
f 1078/2099/278 1077/2098/278 1079/2100/278 
f 924/1939/818 923/1938/818 1078/2099/818 
f 1080/2101/812 836/1847/812 1078/2099/812 
f 840/1851/813 839/1850/813 1081/2102/813 
f 1081/2102/814 1082/2103/814 840/1851/814 
f 1083/2104/815 920/1935/815 1082/2103/815 
f 1082/2103/278 1081/2102/278 1083/2104/278 
f 920/1935/813 919/1934/813 1082/2103/813 
f 1084/2105/825 840/1851/825 1082/2103/825 
f 844/1855/828 843/1854/828 1085/2106/828 
f 1085/2106/829 1086/2107/829 844/1855/829 
f 1087/2108/830 916/1931/830 1086/2107/830 
f 1086/2107/278 1085/2106/278 1087/2108/278 
f 916/1931/818 915/1930/818 1086/2107/818 
f 1088/2109/812 844/1855/812 1086/2107/812 
f 848/1859/831 847/1858/831 1089/2110/831 
f 1089/2110/832 1090/2111/832 848/1859/832 
f 1091/2112/833 912/1927/833 1090/2111/833 
f 1090/2111/583 1089/2110/583 1091/2112/583 
f 912/1927/831 911/1926/831 1090/2111/831 
f 1092/2113/817 848/1859/817 1090/2111/817 
f 808/1893/834 807/1891/834 1093/2114/834 
f 1093/2114/835 880/1894/835 808/1893/835 
f 807/1891/836 879/1890/836 1093/2114/836 
f 1094/2115/812 880/1894/812 1093/2114/812 
f 884/1899/818 883/1898/818 1095/2116/818 
f 1095/2116/814 1096/2117/814 884/1899/814 
f 1097/2118/837 876/1887/837 1096/2117/837 
f 1096/2117/278 1095/2116/278 1097/2118/278 
f 876/1887/826 875/1886/826 1096/2117/826 
f 1098/2119/817 884/1899/817 1096/2117/817 
f 888/1903/813 887/1902/813 1099/2120/813 
f 1099/2120/814 1100/2121/814 888/1903/814 
f 1101/2122/838 872/1883/838 1100/2121/838 
f 1100/2121/583 1099/2120/583 1101/2122/583 
f 872/1883/641 871/1882/641 1100/2121/641 
f 1102/2123/839 888/1903/839 1100/2121/839 
f 892/1907/821 891/1906/821 1103/2124/821 
f 1103/2124/823 1104/2125/823 892/1907/823 
f 1105/2126/840 868/1879/840 1104/2125/840 
f 1104/2125/278 1103/2124/278 1105/2126/278 
f 868/1879/828 867/1878/828 1104/2125/828 
f 1106/2127/825 892/1907/825 1104/2125/825 
f 896/1911/826 895/1910/826 1107/2128/826 
f 1107/2128/827 1108/2129/827 896/1911/827 
f 1109/2130/824 864/1875/824 1108/2129/824 
f 1108/2129/278 1107/2128/278 1109/2130/278 
f 864/1875/818 863/1874/818 1108/2129/818 
f 1110/2131/812 896/1911/812 1108/2129/812 
f 900/1915/818 899/1914/818 1111/2132/818 
f 1111/2132/814 1112/2133/814 900/1915/814 
f 1113/2134/841 860/1871/841 1112/2133/841 
f 1112/2133/278 1111/2132/278 1113/2134/278 
f 860/1871/828 859/1870/828 1112/2133/828 
f 1114/2135/825 900/1915/825 1112/2133/825 
f 904/1919/813 903/1918/813 1115/2136/813 
f 1115/2136/814 1116/2137/814 904/1919/814 
f 1117/2138/830 856/1867/830 1116/2137/830 
f 1116/2137/278 1115/2136/278 1117/2138/278 
f 856/1867/813 855/1866/813 1116/2137/813 
f 1118/2139/825 904/1919/825 1116/2137/825 
f 908/1923/818 907/1922/818 1119/2140/818 
f 1119/2140/642 1120/2141/642 908/1923/642 
f 1121/2142/819 852/1863/819 1120/2141/819 
f 1120/2141/820 1119/2140/820 1121/2142/820 
f 852/1863/821 851/1862/821 1120/2141/821 
f 1122/2143/842 908/1923/842 1120/2141/842 
f 941/1957/843 1062/2083/843 1123/2144/843 
f 1123/2144/844 942/1958/844 941/1957/844 
f 1062/2083/845 1061/2082/845 1123/2144/845 
f 1124/2145/846 942/1958/846 1123/2144/846 
f 946/1963/847 945/1962/847 1125/2146/847 
f 1125/2146/848 1126/2147/848 946/1963/848 
f 1127/2148/849 1058/2079/849 1126/2147/849 
f 1126/2147/535 1125/2146/535 1127/2148/535 
f 1058/2079/850 1057/2078/850 1126/2147/850 
f 1128/2149/846 946/1963/846 1126/2147/846 
f 950/1967/851 949/1966/851 1129/2150/851 
f 1129/2150/848 1130/2151/848 950/1967/848 
f 1131/2152/852 1054/2075/852 1130/2151/852 
f 1130/2151/535 1129/2150/535 1131/2152/535 
f 1054/2075/851 1053/2074/851 1130/2151/851 
f 1132/2153/846 950/1967/846 1130/2151/846 
f 954/1971/847 953/1970/847 1133/2154/847 
f 1133/2154/848 1134/2155/848 954/1971/848 
f 1135/2156/853 1050/2071/853 1134/2155/853 
f 1134/2155/535 1133/2154/535 1135/2156/535 
f 1050/2071/854 1049/2070/854 1134/2155/854 
f 1136/2157/855 954/1971/855 1134/2155/855 
f 958/1975/856 957/1974/856 1137/2158/856 
f 1137/2158/848 1138/2159/848 958/1975/848 
f 1139/2160/857 1046/2067/857 1138/2159/857 
f 1138/2159/535 1137/2158/535 1139/2160/535 
f 1046/2067/856 1045/2066/856 1138/2159/856 
f 1140/2161/855 958/1975/855 1138/2159/855 
f 962/1979/847 961/1978/847 1141/2162/847 
f 1141/2162/858 1142/2163/858 962/1979/858 
f 1143/2164/859 1042/2063/859 1142/2163/859 
f 1142/2163/860 1141/2162/860 1143/2164/860 
f 1042/2063/847 1041/2062/847 1142/2163/847 
f 1144/2165/861 962/1979/861 1142/2163/861 
f 966/1983/851 965/1982/851 1145/2166/851 
f 1145/2166/848 1146/2167/848 966/1983/848 
f 1147/2168/852 1038/2059/852 1146/2167/852 
f 1146/2167/535 1145/2166/535 1147/2168/535 
f 1038/2059/851 1037/2058/851 1146/2167/851 
f 1148/2169/846 966/1983/846 1146/2167/846 
f 970/1987/847 969/1986/847 1149/2170/847 
f 1149/2170/858 1150/2171/858 970/1987/858 
f 1151/2172/859 1034/2055/859 1150/2171/859 
f 1150/2171/860 1149/2170/860 1151/2172/860 
f 1034/2055/847 1033/2054/847 1150/2171/847 
f 1152/2173/861 970/1987/861 1150/2171/861 
f 812/2021/843 814/2019/843 1153/2174/843 
f 1153/2174/862 1002/2022/862 812/2021/862 
f 814/2019/863 1001/2018/863 1153/2174/863 
f 1154/2175/864 1002/2022/864 1153/2174/864 
f 1006/2027/856 1005/2026/856 1155/2176/856 
f 1155/2176/848 1156/2177/848 1006/2027/848 
f 1157/2178/865 998/2015/865 1156/2177/865 
f 1156/2177/866 1155/2176/866 1157/2178/866 
f 998/2015/867 997/2014/867 1156/2177/867 
f 1158/2179/868 1006/2027/868 1156/2177/868 
f 1010/2031/847 1009/2030/847 1159/2180/847 
f 1159/2180/858 1160/2181/858 1010/2031/858 
f 1161/2182/859 994/2011/859 1160/2181/859 
f 1160/2181/860 1159/2180/860 1161/2182/860 
f 994/2011/847 993/2010/847 1160/2181/847 
f 1162/2183/861 1010/2031/861 1160/2181/861 
f 1014/2035/851 1013/2034/851 1163/2184/851 
f 1163/2184/848 1164/2185/848 1014/2035/848 
f 1165/2186/852 990/2007/852 1164/2185/852 
f 1164/2185/535 1163/2184/535 1165/2186/535 
f 990/2007/851 989/2006/851 1164/2185/851 
f 1166/2187/846 1014/2035/846 1164/2185/846 
f 1018/2039/847 1017/2038/847 1167/2188/847 
f 1167/2188/858 1168/2189/858 1018/2039/858 
f 1169/2190/859 986/2003/859 1168/2189/859 
f 1168/2189/860 1167/2188/860 1169/2190/860 
f 986/2003/847 985/2002/847 1168/2189/847 
f 1170/2191/861 1018/2039/861 1168/2189/861 
f 1022/2043/851 1021/2042/851 1171/2192/851 
f 1171/2192/848 1172/2193/848 1022/2043/848 
f 1173/2194/869 982/1999/869 1172/2193/869 
f 1172/2193/535 1171/2192/535 1173/2194/535 
f 982/1999/856 981/1998/856 1172/2193/856 
f 1174/2195/855 1022/2043/855 1172/2193/855 
f 1026/2047/870 1025/2046/870 1175/2196/870 
f 1175/2196/871 1176/2197/871 1026/2047/871 
f 1177/2198/869 978/1995/869 1176/2197/869 
f 1176/2197/535 1175/2196/535 1177/2198/535 
f 978/1995/872 977/1994/872 1176/2197/872 
f 1178/2199/861 1026/2047/861 1176/2197/861 
f 1030/2051/873 1029/2050/873 1179/2200/873 
f 1179/2200/848 1180/2201/848 1030/2051/848 
f 1181/2202/865 974/1991/865 1180/2201/865 
f 1180/2201/866 1179/2200/866 1181/2202/866 
f 974/1991/874 973/1990/874 1180/2201/874 
f 1182/2203/846 1030/2051/846 1180/2201/846 
f 1098/2204/509 1096/2205/509 1158/2206/509 
f 1158/2206/509 1156/2207/509 1098/2204/509 
f 1094/2208/875 1093/2209/875 1154/2210/875 
f 1154/2210/875 1153/2211/875 1094/2208/875 
f 1102/2212/875 1100/2213/875 1162/2214/875 
f 1162/2214/875 1160/2215/875 1102/2212/875 
f 1106/2216/875 1104/2217/875 1166/2218/875 
f 1166/2218/875 1164/2219/875 1106/2216/875 
f 1110/2220/875 1108/2221/875 1170/2222/875 
f 1170/2222/875 1168/2223/875 1110/2220/875 
f 1114/2224/875 1112/2225/875 1174/2226/875 
f 1174/2226/875 1172/2227/875 1114/2224/875 
f 1118/2228/875 1116/2229/875 1178/2230/875 
f 1178/2230/875 1176/2231/875 1118/2228/875 
f 1122/2232/876 1120/2233/876 1182/2234/876 
f 1182/2234/876 1180/2235/876 1122/2232/876 
f 1091/2236/875 1089/2237/875 1151/2238/875 
f 1151/2238/875 1149/2239/875 1091/2236/875 
f 1087/2240/875 1085/2241/875 1147/2242/875 
f 1147/2242/875 1145/2243/875 1087/2240/875 
f 1083/2244/875 1081/2245/875 1143/2246/875 
f 1143/2246/875 1141/2247/875 1083/2244/875 
f 1079/2248/875 1077/2249/875 1139/2250/875 
f 1139/2250/875 1137/2251/875 1079/2248/875 
f 1075/2252/875 1073/2253/875 1135/2254/875 
f 1135/2254/875 1133/2255/875 1075/2252/875 
f 1071/2256/509 1069/2257/509 1131/2258/509 
f 1131/2258/509 1129/2259/509 1071/2256/509 
f 1067/2260/875 1065/2261/875 1127/2262/875 
f 1127/2262/875 1125/2263/875 1067/2260/875 
f 1064/2264/565 1063/2265/565 1124/2266/565 
f 1124/2266/565 1123/2267/565 1064/2264/565 
f 1068/2268/565 1066/2269/565 1128/2270/565 
f 1128/2270/565 1126/2271/565 1068/2268/565 
f 1072/2272/877 1070/2273/877 1132/2274/877 
f 1132/2274/877 1130/2275/877 1072/2272/877 
f 1076/2276/565 1074/2277/565 1136/2278/565 
f 1136/2278/565 1134/2279/565 1076/2276/565 
f 1080/2280/878 1078/2281/878 1140/2282/878 
f 1140/2282/878 1138/2283/878 1080/2280/878 
f 1084/2284/878 1082/2285/878 1144/2286/878 
f 1144/2286/878 1142/2287/878 1084/2284/878 
f 1088/2288/565 1086/2289/565 1148/2290/565 
f 1148/2290/565 1146/2291/565 1088/2288/565 
f 1092/2292/879 1090/2293/879 1152/2294/879 
f 1152/2294/879 1150/2295/879 1092/2292/879 
f 1121/2296/565 1119/2297/565 1181/2298/565 
f 1181/2298/565 1179/2299/565 1121/2296/565 
f 1117/2300/565 1115/2301/565 1177/2302/565 
f 1177/2302/565 1175/2303/565 1117/2300/565 
f 1113/2304/565 1111/2305/565 1173/2306/565 
f 1173/2306/565 1171/2307/565 1113/2304/565 
f 1109/2308/878 1107/2309/878 1169/2310/878 
f 1169/2310/878 1167/2311/878 1109/2308/878 
f 1105/2312/565 1103/2313/565 1165/2314/565 
f 1165/2314/565 1163/2315/565 1105/2312/565 
f 1101/2316/879 1099/2317/879 1161/2318/879 
f 1161/2318/879 1159/2319/879 1101/2316/879 
f 1097/2320/565 1095/2321/565 1157/2322/565 
f 1157/2322/565 1155/2323/565 1097/2320/565 
f 1012/2324/109 1011/2325/109 870/2326/109 
f 870/2326/109 869/2327/109 1012/2324/109 
f 1016/2328/109 1015/2329/109 866/2330/109 
f 866/2330/109 865/2331/109 1016/2328/109 
f 1020/2332/109 1019/2333/109 862/2334/109 
f 862/2334/109 861/2335/109 1020/2332/109 
f 1024/2336/109 1023/2337/109 858/2338/109 
f 858/2338/109 857/2339/109 1024/2336/109 
f 1028/2340/109 1027/2341/109 854/2342/109 
f 854/2342/109 853/2343/109 1028/2340/109 
f 1032/2344/109 1031/2345/109 850/2346/109 
f 850/2346/109 849/2347/109 1032/2344/109 
f 1036/2348/109 1035/2349/109 846/2350/109 
f 846/2350/109 845/2351/109 1036/2348/109 
f 1040/2352/109 1039/2353/109 842/2354/109 
f 842/2354/109 841/2355/109 1040/2352/109 
f 1008/2356/109 1007/2357/109 874/2358/109 
f 874/2358/109 873/2359/109 1008/2356/109 
f 1004/2360/109 1003/2361/109 878/2362/109 
f 878/2362/109 877/2363/109 1004/2360/109 
f 1044/2364/109 1043/2365/109 838/2366/109 
f 838/2366/109 837/2367/109 1044/2364/109 
f 1048/2368/109 1047/2369/109 834/2370/109 
f 834/2370/109 833/2371/109 1048/2368/109 
f 1052/2372/109 1051/2373/109 830/2374/109 
f 830/2374/109 829/2375/109 1052/2372/109 
f 1056/2376/109 1055/2377/109 826/2378/109 
f 826/2378/109 825/2379/109 1056/2376/109 
f 1060/2380/109 1059/2381/109 822/2382/109 
f 822/2382/109 821/2383/109 1060/2380/109 
f 999/2384/33 882/2385/33 881/2386/33 
f 881/2386/33 1000/2387/33 999/2384/33 
f 995/2388/33 886/2389/33 885/2390/33 
f 885/2390/33 996/2391/33 995/2388/33 
f 991/2392/33 890/2393/33 889/2394/33 
f 889/2394/33 992/2395/33 991/2392/33 
f 987/2396/33 894/2397/33 893/2398/33 
f 893/2398/33 988/2399/33 987/2396/33 
f 983/2400/33 898/2401/33 897/2402/33 
f 897/2402/33 984/2403/33 983/2400/33 
f 979/2404/33 902/2405/33 901/2406/33 
f 901/2406/33 980/2407/33 979/2404/33 
f 975/2408/33 906/2409/33 905/2410/33 
f 905/2410/33 976/2411/33 975/2408/33 
f 971/2412/33 910/2413/33 909/2414/33 
f 909/2414/33 972/2415/33 971/2412/33 
f 967/2416/33 914/2417/33 913/2418/33 
f 913/2418/33 968/2419/33 967/2416/33 
f 963/2420/33 918/2421/33 917/2422/33 
f 917/2422/33 964/2423/33 963/2420/33 
f 959/2424/33 922/2425/33 921/2426/33 
f 921/2426/33 960/2427/33 959/2424/33 
f 955/2428/33 926/2429/33 925/2430/33 
f 925/2430/33 956/2431/33 955/2428/33 
f 951/2432/33 930/2433/33 929/2434/33 
f 929/2434/33 952/2435/33 951/2432/33 
f 947/2436/33 934/2437/33 933/2438/33 
f 933/2438/33 948/2439/33 947/2436/33 
f 943/2440/33 938/2441/33 937/2442/33 
f 937/2442/33 944/2443/33 943/2440/33 
f 879/1890/880 878/1889/880 1093/2114/880 
f 877/1888/881 876/1887/881 1097/2118/881 
f 875/1886/624 874/1885/624 1096/2117/624 
f 873/1884/882 872/1883/882 1101/2122/882 
f 871/1882/883 870/1881/883 1100/2121/883 
f 869/1880/687 868/1879/687 1105/2126/687 
f 867/1878/884 866/1877/884 1104/2125/884 
f 865/1876/880 864/1875/880 1109/2130/880 
f 863/1874/880 862/1873/880 1108/2129/880 
f 861/1872/624 860/1871/624 1113/2134/624 
f 859/1870/687 858/1869/687 1112/2133/687 
f 857/1868/885 856/1867/885 1117/2138/885 
f 855/1866/886 854/1865/886 1116/2137/886 
f 853/1864/881 852/1863/881 1121/2142/881 
f 851/1862/887 850/1861/887 1120/2141/887 
f 849/1860/880 848/1859/880 1092/2113/880 
f 847/1858/888 846/1857/888 1089/2110/888 
f 845/1856/624 844/1855/624 1088/2109/624 
f 843/1854/884 842/1853/884 1085/2106/884 
f 841/1852/887 840/1851/887 1084/2105/887 
f 839/1850/886 838/1849/886 1081/2102/886 
f 837/1848/624 836/1847/624 1080/2101/624 
f 835/1846/624 834/1845/624 1077/2098/624 
f 833/1844/885 832/1843/885 1076/2097/885 
f 831/1842/888 830/1841/888 1073/2094/888 
f 829/1840/687 828/1839/687 1072/2093/687 
f 827/1838/882 826/1837/882 1069/2090/882 
f 825/1836/880 824/1835/880 1068/2089/880 
f 823/1834/881 822/1833/881 1065/2086/881 
f 820/1830/624 1064/2085/624 821/1832/624 
f 939/1954/880 938/1953/880 1063/2084/880 
f 1067/2088/885 937/1952/885 936/1951/885 
f 1066/2087/624 935/1950/624 934/1949/624 
f 1071/2092/884 933/1948/884 932/1947/884 
f 1070/2091/887 931/1946/887 930/1945/887 
f 1075/2096/886 929/1944/886 928/1943/886 
f 1074/2095/881 927/1942/881 926/1941/881 
f 1079/2100/880 925/1940/880 924/1939/880 
f 1078/2099/880 923/1938/880 922/1937/880 
f 1083/2104/888 921/1936/888 920/1935/888 
f 1082/2103/687 919/1934/687 918/1933/687 
f 1087/2108/882 917/1932/882 916/1931/882 
f 1086/2107/880 915/1930/880 914/1929/880 
f 1091/2112/886 913/1928/886 912/1927/886 
f 1090/2111/624 911/1926/624 910/1925/624 
f 1122/2143/687 909/1924/687 908/1923/687 
f 1119/2140/885 907/1922/885 906/1921/885 
f 1118/2139/888 905/1920/888 904/1919/888 
f 1115/2136/881 903/1918/881 902/1917/881 
f 1114/2135/887 901/1916/887 900/1915/887 
f 1111/2132/880 899/1914/880 898/1913/880 
f 1110/2131/624 897/1912/624 896/1911/624 
f 1107/2128/624 895/1910/624 894/1909/624 
f 1106/2127/882 893/1908/882 892/1907/882 
f 1103/2124/887 891/1906/887 890/1905/887 
f 1102/2123/889 889/1904/889 888/1903/889 
f 1099/2120/884 887/1902/884 886/1901/884 
f 1098/2119/880 885/1900/880 884/1899/880 
f 1095/2116/885 883/1898/885 882/1897/885 
f 880/1894/624 1094/2115/624 881/1896/624 
f 1001/2018/890 1000/2017/890 1153/2174/890 
f 999/2016/891 998/2015/891 1157/2178/891 
f 1156/2177/892 997/2014/892 996/2013/892 
f 995/2012/739 994/2011/739 1161/2182/739 
f 1160/2181/893 993/2010/893 992/2009/893 
f 991/2008/890 990/2007/890 1165/2186/890 
f 1164/2185/894 989/2006/894 988/2005/894 
f 987/2004/739 986/2003/739 1169/2190/739 
f 1168/2189/891 985/2002/891 984/2001/891 
f 983/2000/893 982/1999/893 1173/2194/893 
f 1172/2193/739 981/1998/739 980/1997/739 
f 979/1996/893 978/1995/893 1177/2198/893 
f 1176/2197/895 977/1994/895 976/1993/895 
f 975/1992/896 974/1991/896 1181/2202/896 
f 1180/2201/892 973/1990/892 972/1989/892 
f 971/1988/739 970/1987/739 1152/2173/739 
f 1149/2170/891 969/1986/891 968/1985/891 
f 967/1984/895 966/1983/895 1148/2169/895 
f 1145/2166/897 965/1982/897 964/1981/897 
f 963/1980/892 962/1979/892 1144/2165/892 
f 1141/2162/891 961/1978/891 960/1977/891 
f 959/1976/891 958/1975/891 1140/2161/891 
f 1137/2158/739 957/1974/739 956/1973/739 
f 955/1972/891 954/1971/891 1136/2157/891 
f 1133/2154/895 953/1970/895 952/1969/895 
f 951/1968/898 950/1967/898 1132/2153/898 
f 1129/2150/892 949/1966/892 948/1965/892 
f 947/1964/890 946/1963/890 1128/2149/890 
f 1125/2146/891 945/1962/891 944/1961/891 
f 942/1958/846 1124/2145/846 943/1960/846 
f 1061/2082/846 1060/2081/846 1123/2144/846 
f 1059/2080/739 1058/2079/739 1127/2148/739 
f 1126/2147/897 1057/2078/897 1056/2077/897 
f 1055/2076/893 1054/2075/893 1131/2152/893 
f 1130/2151/899 1053/2074/899 1052/2073/899 
f 1051/2072/894 1050/2071/894 1135/2156/894 
f 1134/2155/739 1049/2070/739 1048/2069/739 
f 1047/2068/891 1046/2067/891 1139/2160/891 
f 1138/2159/739 1045/2066/739 1044/2065/739 
f 1043/2064/739 1042/2063/739 1143/2164/739 
f 1142/2163/893 1041/2062/893 1040/2061/893 
f 1039/2060/890 1038/2059/890 1147/2168/890 
f 1146/2167/894 1037/2058/894 1036/2057/894 
f 1035/2056/739 1034/2055/739 1151/2172/739 
f 1150/2171/891 1033/2054/891 1032/2053/891 
f 1031/2052/893 1030/2051/893 1182/2203/893 
f 1179/2200/900 1029/2050/900 1028/2049/900 
f 1027/2048/894 1026/2047/894 1178/2199/894 
f 1175/2196/892 1025/2046/892 1024/2045/892 
f 1023/2044/891 1022/2043/891 1174/2195/891 
f 1171/2192/892 1021/2042/892 1020/2041/892 
f 1019/2040/739 1018/2039/739 1170/2191/739 
f 1167/2188/891 1017/2038/891 1016/2037/891 
f 1015/2036/895 1014/2035/895 1166/2187/895 
f 1163/2184/897 1013/2034/897 1012/2033/897 
f 1011/2032/892 1010/2031/892 1162/2183/892 
f 1159/2180/891 1009/2030/891 1008/2029/891 
f 1007/2028/893 1006/2027/893 1158/2179/893 
f 1155/2176/739 1005/2026/739 1004/2025/739 
f 1002/2022/897 1154/2175/897 1003/2024/897 
f 885/2390/901 1098/2444/901 1156/2445/901 
f 1156/2445/902 996/2391/902 885/2390/902 
f 1007/2446/903 1158/2206/903 1096/2205/903 
f 1096/2205/904 874/2447/904 1007/2446/904 
f 881/2386/905 1094/2448/905 1153/2449/905 
f 1153/2449/905 1000/2387/905 881/2386/905 
f 1003/2450/906 1154/2210/906 1093/2209/906 
f 1093/2209/906 878/2451/906 1003/2450/906 
f 889/2394/907 1102/2452/907 1160/2453/907 
f 1160/2453/907 992/2395/907 889/2394/907 
f 1011/2454/908 1162/2214/908 1100/2213/908 
f 1100/2213/908 870/2455/908 1011/2454/908 
f 893/2398/905 1106/2456/905 1164/2457/905 
f 1164/2457/905 988/2399/905 893/2398/905 
f 1015/2458/906 1166/2218/906 1104/2217/906 
f 1104/2217/906 866/2459/906 1015/2458/906 
f 897/2402/907 1110/2460/907 1168/2461/907 
f 1168/2461/907 984/2403/907 897/2402/907 
f 1019/2462/908 1170/2222/908 1108/2221/908 
f 1108/2221/908 862/2463/908 1019/2462/908 
f 901/2406/909 1114/2464/909 1172/2465/909 
f 1172/2465/909 980/2407/909 901/2406/909 
f 1023/2466/910 1174/2226/910 1112/2225/910 
f 1112/2225/910 858/2467/910 1023/2466/910 
f 905/2410/905 1118/2468/905 1176/2469/905 
f 1176/2469/905 976/2411/905 905/2410/905 
f 1027/2470/906 1178/2230/906 1116/2229/906 
f 1116/2229/906 854/2471/906 1027/2470/906 
f 909/2414/911 1122/2472/911 1180/2473/911 
f 1180/2473/902 972/2415/902 909/2414/902 
f 1031/2474/903 1182/2234/903 1120/2233/903 
f 1120/2233/912 850/2475/912 1031/2474/912 
f 913/2418/907 1091/2476/907 1149/2477/907 
f 1149/2477/907 968/2419/907 913/2418/907 
f 1035/2478/908 1151/2238/908 1089/2237/908 
f 1089/2237/908 846/2479/908 1035/2478/908 
f 917/2422/905 1087/2480/905 1145/2481/905 
f 1145/2481/905 964/2423/905 917/2422/905 
f 1039/2482/906 1147/2242/906 1085/2241/906 
f 1085/2241/906 842/2483/906 1039/2482/906 
f 921/2426/907 1083/2484/907 1141/2485/907 
f 1141/2485/907 960/2427/907 921/2426/907 
f 1043/2486/908 1143/2246/908 1081/2245/908 
f 1081/2245/908 838/2487/908 1043/2486/908 
f 925/2430/909 1079/2488/909 1137/2489/909 
f 1137/2489/913 956/2431/913 925/2430/913 
f 1047/2490/906 1139/2250/906 1077/2249/906 
f 1077/2249/914 834/2491/914 1047/2490/914 
f 929/2434/905 1075/2492/905 1133/2493/905 
f 1133/2493/905 952/2435/905 929/2434/905 
f 1051/2494/906 1135/2254/906 1073/2253/906 
f 1073/2253/906 830/2495/906 1051/2494/906 
f 933/2438/901 1071/2496/901 1129/2497/901 
f 1129/2497/902 948/2439/902 933/2438/902 
f 1055/2498/903 1131/2258/903 1069/2257/903 
f 1069/2257/904 826/2499/904 1055/2498/904 
f 937/2442/909 1067/2500/909 1125/2501/909 
f 1125/2501/913 944/2443/913 937/2442/913 
f 1059/2502/906 1127/2262/906 1065/2261/906 
f 1065/2261/914 822/2503/914 1059/2502/914 
f 821/2383/915 1064/2504/915 1123/2505/915 
f 1123/2505/915 1060/2380/915 821/2383/915 
f 943/2506/916 1124/2266/916 1063/2265/916 
f 1063/2265/916 938/2507/916 943/2506/916 
f 825/2379/917 1068/2508/917 1126/2509/917 
f 1126/2509/917 1056/2376/917 825/2379/917 
f 947/2510/918 1128/2270/918 1066/2269/918 
f 1066/2269/918 934/2511/918 947/2510/918 
f 829/2375/919 1072/2512/919 1130/2513/919 
f 1130/2513/920 1052/2372/920 829/2375/920 
f 951/2514/921 1132/2274/921 1070/2273/921 
f 1070/2273/922 930/2515/922 951/2514/922 
f 833/2371/917 1076/2516/917 1134/2517/917 
f 1134/2517/917 1048/2368/917 833/2371/917 
f 955/2518/918 1136/2278/918 1074/2277/918 
f 1074/2277/918 926/2519/918 955/2518/918 
f 837/2367/923 1080/2520/923 1138/2521/923 
f 1138/2521/923 1044/2364/923 837/2367/923 
f 959/2522/924 1140/2282/924 1078/2281/924 
f 1078/2281/924 922/2523/924 959/2522/924 
f 841/2355/923 1084/2524/923 1142/2525/923 
f 1142/2525/915 1040/2352/915 841/2355/915 
f 963/2526/925 1144/2286/925 1082/2285/925 
f 1082/2285/922 918/2527/922 963/2526/922 
f 845/2351/915 1088/2528/915 1146/2529/915 
f 1146/2529/923 1036/2348/923 845/2351/923 
f 967/2530/922 1148/2290/922 1086/2289/922 
f 1086/2289/925 914/2531/925 967/2530/925 
f 849/2347/926 1092/2532/926 1150/2533/926 
f 1150/2533/927 1032/2344/927 849/2347/927 
f 971/2534/928 1152/2294/928 1090/2293/928 
f 1090/2293/929 910/2535/929 971/2534/929 
f 853/2343/915 1121/2536/915 1179/2537/915 
f 1179/2537/923 1028/2340/923 853/2343/923 
f 975/2538/922 1181/2298/922 1119/2297/922 
f 1119/2297/925 906/2539/925 975/2538/925 
f 857/2339/917 1117/2540/917 1175/2541/917 
f 1175/2541/917 1024/2336/917 857/2339/917 
f 979/2542/918 1177/2302/918 1115/2301/918 
f 1115/2301/918 902/2543/918 979/2542/918 
f 861/2335/930 1113/2544/930 1171/2545/930 
f 1171/2545/931 1020/2332/931 861/2335/931 
f 983/2546/918 1173/2306/918 1111/2305/918 
f 1111/2305/924 898/2547/924 983/2546/924 
f 865/2331/923 1109/2548/923 1167/2549/923 
f 1167/2549/915 1016/2328/915 865/2331/915 
f 987/2550/925 1169/2310/925 1107/2309/925 
f 1107/2309/922 894/2551/922 987/2550/922 
f 869/2327/915 1105/2552/915 1163/2553/915 
f 1163/2553/923 1012/2324/923 869/2327/923 
f 991/2554/922 1165/2314/922 1103/2313/922 
f 1103/2313/925 890/2555/925 991/2554/925 
f 873/2359/926 1101/2556/926 1159/2557/926 
f 1159/2557/927 1008/2356/927 873/2359/927 
f 995/2558/928 1161/2318/928 1099/2317/928 
f 1099/2317/929 886/2559/929 995/2558/929 
f 877/2363/915 1097/2560/915 1155/2561/915 
f 1155/2561/923 1004/2360/923 877/2363/923 
f 999/2562/922 1157/2322/922 1095/2321/922 
f 1095/2321/925 882/2563/925 999/2562/925 
f 1183/2564/499 1184/2565/499 1185/2566/499 
f 1185/2566/499 1186/2567/499 1183/2564/499 
f 1187/2568/109 1188/2569/109 1189/2570/109 
f 1189/2570/109 1190/2571/109 1187/2568/109 
f 1191/2572/295 1192/2573/295 1193/2574/295 
f 1193/2574/295 1194/2575/295 1191/2572/295 
f 1189/2570/932 1188/2569/932 1195/2576/932 
f 1195/2576/933 1196/2577/933 1189/2570/933 
f 1190/2571/934 1189/2570/934 1196/2577/934 
f 1196/2577/935 1197/2578/935 1190/2571/935 
f 1187/2568/936 1198/2579/936 1199/2580/936 
f 1199/2580/937 1200/2581/937 1187/2568/937 
f 1198/2579/938 1187/2568/938 1190/2571/938 
f 1190/2571/939 1197/2578/939 1198/2579/939 
f 1188/2569/940 1187/2568/940 1200/2581/940 
f 1200/2581/941 1195/2576/941 1188/2569/941 
f 1201/2582/942 1194/2575/942 1193/2574/942 
f 1193/2574/943 1202/2583/943 1201/2582/943 
f 1203/2584/943 1191/2572/943 1194/2575/943 
f 1194/2575/944 1201/2582/944 1203/2584/944 
f 1200/2585/943 1204/2586/943 1192/2573/943 
f 1192/2573/944 1195/2587/944 1200/2585/944 
f 1191/2572/943 1203/2584/943 1195/2587/943 
f 1195/2587/942 1192/2573/942 1191/2572/942 
f 1202/2583/943 1193/2574/943 1192/2573/943 
f 1192/2573/943 1204/2586/943 1202/2583/943 
f 1196/2588/135 1205/2589/135 1206/2590/135 
f 1206/2590/135 1197/2591/135 1196/2588/135 
f 1205/2589/135 1196/2588/135 1207/2592/135 
f 1207/2592/135 1208/2593/135 1205/2589/135 
f 1209/2594/945 1206/2595/945 1205/2596/945 
f 1205/2596/945 1208/2597/945 1209/2594/945 
f 1206/2595/945 1209/2594/945 1210/2598/945 
f 1210/2598/945 1197/2599/945 1206/2595/945 
f 1211/2600/945 1198/2601/945 1197/2599/945 
f 1197/2599/945 1210/2598/945 1211/2600/945 
f 1199/2602/155 1202/2603/155 1204/2604/155 
f 1204/2604/155 1200/2605/155 1199/2602/155 
f 1202/2603/155 1199/2602/155 1212/2606/155 
f 1212/2606/155 1201/2607/155 1202/2603/155 
f 1213/2608/155 1214/2609/155 1201/2607/155 
f 1201/2607/155 1212/2606/155 1213/2608/155 
f 1214/2609/946 1213/2608/946 1210/2598/946 
f 1210/2598/946 1209/2594/946 1214/2609/946 
f 1198/2601/946 1211/2600/946 1212/2606/946 
f 1212/2606/946 1199/2602/946 1198/2601/946 
f 1210/2598/946 1213/2608/946 1212/2606/946 
f 1212/2606/946 1211/2600/946 1210/2598/946 
f 1215/1779/499 1216/1776/499 1217/1783/499 
f 1217/1783/499 1218/1781/499 1215/1779/499 
f 1219/1784/947 1220/2610/947 1221/2611/947 
f 1221/2611/947 1222/1787/947 1219/1784/947 
f 1220/2610/947 1219/1784/947 1223/2612/947 
f 1223/2612/947 1224/1786/947 1220/2610/947 
f 1225/2613/947 1226/1785/947 1224/1786/947 
f 1224/1786/947 1223/2612/947 1225/2613/947 
f 1227/1788/109 1228/1789/109 1229/1790/109 
f 1229/1790/109 1230/1791/109 1227/1788/109 
f 1231/1792/948 1232/1793/948 1233/1794/948 
f 1233/1794/948 1234/1795/948 1231/1792/948 
f 1229/1790/949 1228/1789/949 1235/1796/949 
f 1235/1796/950 1236/1797/950 1229/1790/950 
f 1230/1791/951 1229/1790/951 1236/1797/951 
f 1236/1797/952 1219/1798/952 1230/1791/952 
f 1227/1788/953 1230/1791/953 1219/1798/953 
f 1219/1798/954 1222/1799/954 1227/1788/954 
f 1228/1789/955 1227/1788/955 1222/1799/955 
f 1222/1799/956 1235/1796/956 1228/1789/956 
f 1224/1805/957 1234/1795/957 1233/1794/957 
f 1233/1794/943 1220/2614/943 1224/1805/943 
f 1237/1804/943 1231/1792/943 1234/1795/943 
f 1234/1795/944 1224/1805/944 1237/1804/944 
f 1222/1803/943 1221/2615/943 1232/1793/943 
f 1232/1793/944 1235/1802/944 1222/1803/944 
f 1231/1792/943 1237/1804/943 1235/1802/943 
f 1235/1802/957 1232/1793/957 1231/1792/957 
f 1220/2614/943 1233/1794/943 1232/1793/943 
f 1232/1793/943 1221/2615/943 1220/2614/943 
f 1219/1817/958 1238/1811/958 1239/1818/958 
f 1239/1818/502 1223/2616/502 1219/1817/502 
f 1236/1816/139 1240/1810/139 1238/1811/139 
f 1238/1811/959 1219/1817/959 1236/1816/959 
f 1226/1814/502 1225/2617/502 1241/1813/502 
f 1241/1813/959 1242/1812/959 1226/1814/959 
f 1243/1807/139 1236/1816/139 1242/1812/139 
f 1242/1812/960 1241/1813/960 1243/1807/960 
f 1244/1808/139 1240/1810/139 1236/1816/139 
f 1236/1816/139 1243/1807/139 1244/1808/139 
f 1223/2616/502 1239/1818/502 1245/1819/502 
f 1245/1819/502 1225/2617/502 1223/2616/502 
f 1246/1815/502 1241/1813/502 1225/2617/502 
f 1225/2617/502 1245/1819/502 1246/1815/502 
f 1247/1820/109 1248/1821/109 1239/1822/109 
f 1239/1822/109 1238/1823/109 1247/1820/109 
f 1249/1824/33 1250/1825/33 1243/1826/33 
f 1243/1826/33 1241/1827/33 1249/1824/33 
f 1250/1828/499 1251/1829/499 1252/1830/499 
f 1252/1830/120 1243/1831/120 1250/1828/120 
f 1253/1832/961 1254/1833/961 1243/1831/961 
f 1243/1831/962 1252/1830/962 1253/1832/962 
f 1255/1834/963 1256/1835/963 1243/1831/963 
f 1243/1831/964 1254/1833/964 1255/1834/964 
f 1257/1836/965 1258/1837/965 1243/1831/965 
f 1243/1831/966 1256/1835/966 1257/1836/966 
f 1259/1838/967 1260/1839/967 1243/1831/967 
f 1243/1831/968 1258/1837/968 1259/1838/968 
f 1261/1840/969 1262/1841/969 1243/1831/969 
f 1243/1831/970 1260/1839/970 1261/1840/970 
f 1263/1842/971 1264/1843/971 1243/1831/971 
f 1243/1831/972 1262/1841/972 1263/1842/972 
f 1265/1844/973 1266/1845/973 1243/1831/973 
f 1243/1831/974 1264/1843/974 1265/1844/974 
f 1267/1846/975 1268/1847/975 1243/1831/975 
f 1243/1831/976 1266/1845/976 1267/1846/976 
f 1269/1848/977 1270/1849/977 1243/1831/977 
f 1243/1831/978 1268/1847/978 1269/1848/978 
f 1271/1850/979 1272/1851/979 1243/1831/979 
f 1243/1831/980 1270/1849/980 1271/1850/980 
f 1273/1852/122 1274/1853/122 1243/1831/122 
f 1243/1831/981 1272/1851/981 1273/1852/981 
f 1275/1854/982 1276/1855/982 1243/1831/982 
f 1243/1831/983 1274/1853/983 1275/1854/983 
f 1277/1856/984 1278/1857/984 1243/1831/984 
f 1243/1831/985 1276/1855/985 1277/1856/985 
f 1279/1858/986 1280/1859/986 1243/1831/986 
f 1243/1831/987 1278/1857/987 1279/1858/987 
f 1281/1860/988 1282/1861/988 1243/1831/988 
f 1243/1831/989 1280/1859/989 1281/1860/989 
f 1283/1862/990 1284/1863/990 1243/1831/990 
f 1243/1831/991 1282/1861/991 1283/1862/991 
f 1285/1864/992 1286/1865/992 1243/1831/992 
f 1243/1831/993 1284/1863/993 1285/1864/993 
f 1287/1866/994 1288/1867/994 1243/1831/994 
f 1243/1831/995 1286/1865/995 1287/1866/995 
f 1289/1868/996 1290/1869/996 1243/1831/996 
f 1243/1831/997 1288/1867/997 1289/1868/997 
f 1291/1870/36 1292/1871/36 1243/1831/36 
f 1243/1831/998 1290/1869/998 1291/1870/998 
f 1293/1872/999 1294/1873/999 1243/1831/999 
f 1243/1831/1000 1292/1871/1000 1293/1872/1000 
f 1295/1874/1001 1296/1875/1001 1243/1831/1001 
f 1243/1831/1002 1294/1873/1002 1295/1874/1002 
f 1297/1876/52 1298/1877/52 1243/1831/52 
f 1243/1831/1003 1296/1875/1003 1297/1876/1003 
f 1299/1878/1004 1300/1879/1004 1243/1831/1004 
f 1243/1831/1005 1298/1877/1005 1299/1878/1005 
f 1301/1880/1006 1302/1881/1006 1243/1831/1006 
f 1243/1831/1007 1300/1879/1007 1301/1880/1007 
f 1303/1882/1008 1304/1883/1008 1243/1831/1008 
f 1243/1831/1009 1302/1881/1009 1303/1882/1009 
f 1305/1884/1010 1306/1885/1010 1243/1831/1010 
f 1243/1831/1011 1304/1883/1011 1305/1884/1011 
f 1307/1886/1012 1308/1887/1012 1243/1831/1012 
f 1243/1831/1013 1306/1885/1013 1307/1886/1013 
f 1309/1888/128 1310/1889/128 1243/1831/128 
f 1243/1831/1014 1308/1887/1014 1309/1888/1014 
f 1311/1890/499 1244/1891/499 1243/1831/499 
f 1243/1831/1015 1310/1889/1015 1311/1890/1015 
f 1238/1892/499 1240/1893/499 1312/1894/499 
f 1312/1894/123 1247/1895/123 1238/1892/123 
f 1313/1896/1008 1314/1897/1008 1247/1895/1008 
f 1247/1895/1016 1312/1894/1016 1313/1896/1016 
f 1315/1898/1017 1316/1899/1017 1247/1895/1017 
f 1247/1895/1018 1314/1897/1018 1315/1898/1018 
f 1317/1900/1019 1318/1901/1019 1247/1895/1019 
f 1247/1895/1020 1316/1899/1020 1317/1900/1020 
f 1319/1902/51 1320/1903/51 1247/1895/51 
f 1247/1895/1021 1318/1901/1021 1319/1902/1021 
f 1321/1904/1022 1322/1905/1022 1247/1895/1022 
f 1247/1895/1023 1320/1903/1023 1321/1904/1023 
f 1323/1906/1024 1324/1907/1024 1247/1895/1024 
f 1247/1895/1025 1322/1905/1025 1323/1906/1025 
f 1325/1908/127 1326/1909/127 1247/1895/127 
f 1247/1895/1026 1324/1907/1026 1325/1908/1026 
f 1327/1910/1027 1328/1911/1027 1247/1895/1027 
f 1247/1895/1028 1326/1909/1028 1327/1910/1028 
f 1329/1912/1029 1330/1913/1029 1247/1895/1029 
f 1247/1895/1030 1328/1911/1030 1329/1912/1030 
f 1331/1914/122 1332/1915/122 1247/1895/122 
f 1247/1895/1031 1330/1913/1031 1331/1914/1031 
f 1333/1916/1032 1334/1917/1032 1247/1895/1032 
f 1247/1895/1033 1332/1915/1033 1333/1916/1033 
f 1335/1918/1034 1336/1919/1034 1247/1895/1034 
f 1247/1895/1035 1334/1917/1035 1335/1918/1035 
f 1337/1920/1036 1338/1921/1036 1247/1895/1036 
f 1247/1895/1037 1336/1919/1037 1337/1920/1037 
f 1339/1922/1038 1340/1923/1038 1247/1895/1038 
f 1247/1895/1039 1338/1921/1039 1339/1922/1039 
f 1341/1924/1040 1342/1925/1040 1247/1895/1040 
f 1247/1895/1041 1340/1923/1041 1341/1924/1041 
f 1343/1926/1042 1344/1927/1042 1247/1895/1042 
f 1247/1895/1043 1342/1925/1043 1343/1926/1043 
f 1345/1928/1044 1346/1929/1044 1247/1895/1044 
f 1247/1895/1045 1344/1927/1045 1345/1928/1045 
f 1347/1930/1046 1348/1931/1046 1247/1895/1046 
f 1247/1895/1047 1346/1929/1047 1347/1930/1047 
f 1349/1932/35 1350/1933/35 1247/1895/35 
f 1247/1895/1048 1348/1931/1048 1349/1932/1048 
f 1351/1934/1049 1352/1935/1049 1247/1895/1049 
f 1247/1895/1050 1350/1933/1050 1351/1934/1050 
f 1353/1936/1051 1354/1937/1051 1247/1895/1051 
f 1247/1895/1000 1352/1935/1000 1353/1936/1000 
f 1355/1938/1052 1356/1939/1052 1247/1895/1052 
f 1247/1895/1053 1354/1937/1053 1355/1938/1053 
f 1357/1940/1054 1358/1941/1054 1247/1895/1054 
f 1247/1895/1055 1356/1939/1055 1357/1940/1055 
f 1359/1942/1056 1360/1943/1056 1247/1895/1056 
f 1247/1895/1057 1358/1941/1057 1359/1942/1057 
f 1361/1944/1058 1362/1945/1058 1247/1895/1058 
f 1247/1895/1059 1360/1943/1059 1361/1944/1059 
f 1363/1946/1060 1364/1947/1060 1247/1895/1060 
f 1247/1895/1061 1362/1945/1061 1363/1946/1061 
f 1365/1948/1062 1366/1949/1062 1247/1895/1062 
f 1247/1895/1063 1364/1947/1063 1365/1948/1063 
f 1367/1950/1064 1368/1951/1064 1247/1895/1064 
f 1247/1895/1065 1366/1949/1065 1367/1950/1065 
f 1369/1952/1012 1370/1953/1012 1247/1895/1012 
f 1247/1895/1066 1368/1951/1066 1369/1952/1066 
f 1371/1954/499 1372/1955/499 1247/1895/499 
f 1247/1895/1067 1370/1953/1067 1371/1954/1067 
f 1248/1956/946 1373/1957/946 1374/1958/946 
f 1374/1958/1068 1239/1959/1068 1248/1956/1068 
f 1375/1960/1069 1376/1961/1069 1239/1959/1069 
f 1239/1959/1070 1374/1958/1070 1375/1960/1070 
f 1377/1962/1071 1378/1963/1071 1239/1959/1071 
f 1239/1959/1072 1376/1961/1072 1377/1962/1072 
f 1379/1964/1073 1380/1965/1073 1239/1959/1073 
f 1239/1959/1074 1378/1963/1074 1379/1964/1074 
f 1381/1966/1075 1382/1967/1075 1239/1959/1075 
f 1239/1959/1076 1380/1965/1076 1381/1966/1076 
f 1383/1968/1077 1384/1969/1077 1239/1959/1077 
f 1239/1959/1078 1382/1967/1078 1383/1968/1078 
f 1385/1970/1079 1386/1971/1079 1239/1959/1079 
f 1239/1959/1080 1384/1969/1080 1385/1970/1080 
f 1387/1972/1081 1388/1973/1081 1239/1959/1081 
f 1239/1959/1082 1386/1971/1082 1387/1972/1082 
f 1389/1974/1083 1390/1975/1083 1239/1959/1083 
f 1239/1959/1084 1388/1973/1084 1389/1974/1084 
f 1391/1976/1085 1392/1977/1085 1239/1959/1085 
f 1239/1959/1086 1390/1975/1086 1391/1976/1086 
f 1393/1978/1087 1394/1979/1087 1239/1959/1087 
f 1239/1959/1088 1392/1977/1088 1393/1978/1088 
f 1395/1980/1089 1396/1981/1089 1239/1959/1089 
f 1239/1959/1088 1394/1979/1088 1395/1980/1088 
f 1397/1982/1090 1398/1983/1090 1239/1959/1090 
f 1239/1959/1091 1396/1981/1091 1397/1982/1091 
f 1399/1984/1092 1400/1985/1092 1239/1959/1092 
f 1239/1959/1093 1398/1983/1093 1399/1984/1093 
f 1401/1986/1094 1402/1987/1094 1239/1959/1094 
f 1239/1959/1095 1400/1985/1095 1401/1986/1095 
f 1403/1988/1096 1404/1989/1096 1239/1959/1096 
f 1239/1959/1097 1402/1987/1097 1403/1988/1097 
f 1405/1990/1098 1406/1991/1098 1239/1959/1098 
f 1239/1959/1099 1404/1989/1099 1405/1990/1099 
f 1407/1992/1100 1408/1993/1100 1239/1959/1100 
f 1239/1959/1101 1406/1991/1101 1407/1992/1101 
f 1409/1994/1102 1410/1995/1102 1239/1959/1102 
f 1239/1959/1103 1408/1993/1103 1409/1994/1103 
f 1411/1996/1104 1412/1997/1104 1239/1959/1104 
f 1239/1959/1105 1410/1995/1105 1411/1996/1105 
f 1413/1998/1106 1414/1999/1106 1239/1959/1106 
f 1239/1959/1107 1412/1997/1107 1413/1998/1107 
f 1415/2000/1108 1416/2001/1108 1239/1959/1108 
f 1239/1959/1109 1414/1999/1109 1415/2000/1109 
f 1417/2002/1110 1418/2003/1110 1239/1959/1110 
f 1239/1959/1111 1416/2001/1111 1417/2002/1111 
f 1419/2004/1112 1420/2005/1112 1239/1959/1112 
f 1239/1959/1113 1418/2003/1113 1419/2004/1113 
f 1421/2006/1114 1422/2007/1114 1239/1959/1114 
f 1239/1959/1115 1420/2005/1115 1421/2006/1115 
f 1423/2008/1116 1424/2009/1116 1239/1959/1116 
f 1239/1959/1117 1422/2007/1117 1423/2008/1117 
f 1425/2010/1118 1426/2011/1118 1239/1959/1118 
f 1239/1959/1119 1424/2009/1119 1425/2010/1119 
f 1427/2012/1120 1428/2013/1120 1239/1959/1120 
f 1239/1959/1121 1426/2011/1121 1427/2012/1121 
f 1429/2014/1122 1430/2015/1122 1239/1959/1122 
f 1239/1959/1123 1428/2013/1123 1429/2014/1123 
f 1431/2016/1073 1432/2017/1073 1239/1959/1073 
f 1239/1959/1124 1430/2015/1124 1431/2016/1124 
f 1433/2018/946 1245/2019/946 1239/1959/946 
f 1239/1959/1125 1432/2017/1125 1433/2018/1125 
f 1241/2020/946 1246/2021/946 1434/2022/946 
f 1434/2022/1126 1249/2023/1126 1241/2020/1126 
f 1435/2024/1127 1436/2025/1127 1249/2023/1127 
f 1249/2023/1128 1434/2022/1128 1435/2024/1128 
f 1437/2026/1129 1438/2027/1129 1249/2023/1129 
f 1249/2023/1130 1436/2025/1130 1437/2026/1130 
f 1439/2028/1131 1440/2029/1131 1249/2023/1131 
f 1249/2023/1132 1438/2027/1132 1439/2028/1132 
f 1441/2030/1133 1442/2031/1133 1249/2023/1133 
f 1249/2023/1134 1440/2029/1134 1441/2030/1134 
f 1443/2032/1135 1444/2033/1135 1249/2023/1135 
f 1249/2023/1136 1442/2031/1136 1443/2032/1136 
f 1445/2034/1137 1446/2035/1137 1249/2023/1137 
f 1249/2023/1138 1444/2033/1138 1445/2034/1138 
f 1447/2036/1139 1448/2037/1139 1249/2023/1139 
f 1249/2023/1140 1446/2035/1140 1447/2036/1140 
f 1449/2038/1141 1450/2039/1141 1249/2023/1141 
f 1249/2023/1142 1448/2037/1142 1449/2038/1142 
f 1451/2040/1143 1452/2041/1143 1249/2023/1143 
f 1249/2023/1144 1450/2039/1144 1451/2040/1144 
f 1453/2042/1145 1454/2043/1145 1249/2023/1145 
f 1249/2023/1146 1452/2041/1146 1453/2042/1146 
f 1455/2044/1147 1456/2045/1147 1249/2023/1147 
f 1249/2023/1148 1454/2043/1148 1455/2044/1148 
f 1457/2046/1149 1458/2047/1149 1249/2023/1149 
f 1249/2023/1150 1456/2045/1150 1457/2046/1150 
f 1459/2048/1151 1460/2049/1151 1249/2023/1151 
f 1249/2023/1152 1458/2047/1152 1459/2048/1152 
f 1461/2050/1153 1462/2051/1153 1249/2023/1153 
f 1249/2023/1154 1460/2049/1154 1461/2050/1154 
f 1463/2052/1155 1464/2053/1155 1249/2023/1155 
f 1249/2023/1156 1462/2051/1156 1463/2052/1156 
f 1465/2054/1157 1466/2055/1157 1249/2023/1157 
f 1249/2023/1158 1464/2053/1158 1465/2054/1158 
f 1467/2056/1159 1468/2057/1159 1249/2023/1159 
f 1249/2023/1160 1466/2055/1160 1467/2056/1160 
f 1469/2058/1161 1470/2059/1161 1249/2023/1161 
f 1249/2023/1162 1468/2057/1162 1469/2058/1162 
f 1471/2060/1163 1472/2061/1163 1249/2023/1163 
f 1249/2023/1164 1470/2059/1164 1471/2060/1164 
f 1473/2062/1165 1474/2063/1165 1249/2023/1165 
f 1249/2023/1166 1472/2061/1166 1473/2062/1166 
f 1475/2064/1167 1476/2065/1167 1249/2023/1167 
f 1249/2023/1168 1474/2063/1168 1475/2064/1168 
f 1477/2066/1169 1478/2067/1169 1249/2023/1169 
f 1249/2023/1170 1476/2065/1170 1477/2066/1170 
f 1479/2068/1171 1480/2069/1171 1249/2023/1171 
f 1249/2023/1172 1478/2067/1172 1479/2068/1172 
f 1481/2070/1118 1482/2071/1118 1249/2023/1118 
f 1249/2023/1173 1480/2069/1173 1481/2070/1173 
f 1483/2072/1174 1484/2073/1174 1249/2023/1174 
f 1249/2023/1175 1482/2071/1175 1483/2072/1175 
f 1485/2074/1176 1486/2075/1176 1249/2023/1176 
f 1249/2023/1177 1484/2073/1177 1485/2074/1177 
f 1487/2076/1127 1488/2077/1127 1249/2023/1127 
f 1249/2023/1119 1486/2075/1119 1487/2076/1119 
f 1489/2078/1178 1490/2079/1178 1249/2023/1178 
f 1249/2023/1179 1488/2077/1179 1489/2078/1179 
f 1491/2080/1180 1492/2081/1180 1249/2023/1180 
f 1249/2023/1181 1490/2079/1181 1491/2080/1181 
f 1493/2082/946 1494/2083/946 1249/2023/946 
f 1249/2023/1182 1492/2081/1182 1493/2082/1182 
f 1251/1829/60 1372/1955/60 1495/2084/60 
f 1495/2084/499 1252/1830/499 1251/1829/499 
f 1372/1955/1183 1371/1954/1183 1495/2084/1183 
f 1496/2085/1184 1252/1830/1184 1495/2084/1184 
f 1256/1835/1185 1255/1834/1185 1497/2086/1185 
f 1497/2086/101 1498/2087/101 1256/1835/101 
f 1499/2088/327 1368/1951/327 1498/2087/327 
f 1498/2087/97 1497/2086/97 1499/2088/97 
f 1368/1951/1186 1367/1950/1186 1498/2087/1186 
f 1500/2089/1187 1256/1835/1187 1498/2087/1187 
f 1260/1839/1186 1259/1838/1186 1501/2090/1186 
f 1501/2090/62 1502/2091/62 1260/1839/62 
f 1503/2092/1188 1364/1947/1188 1502/2091/1188 
f 1502/2091/499 1501/2090/499 1503/2092/499 
f 1364/1947/1186 1363/1946/1186 1502/2091/1186 
f 1504/2093/1187 1260/1839/1187 1502/2091/1187 
f 1264/1843/1189 1263/1842/1189 1505/2094/1189 
f 1505/2094/62 1506/2095/62 1264/1843/62 
f 1507/2096/1190 1360/1943/1190 1506/2095/1190 
f 1506/2095/62 1505/2094/62 1507/2096/62 
f 1360/1943/1191 1359/1942/1191 1506/2095/1191 
f 1508/2097/1184 1264/1843/1184 1506/2095/1184 
f 1268/1847/1191 1267/1846/1191 1509/2098/1191 
f 1509/2098/101 1510/2099/101 1268/1847/101 
f 1511/2100/327 1356/1939/327 1510/2099/327 
f 1510/2099/97 1509/2098/97 1511/2100/97 
f 1356/1939/1192 1355/1938/1192 1510/2099/1192 
f 1512/2101/112 1268/1847/112 1510/2099/112 
f 1272/1851/1186 1271/1850/1186 1513/2102/1186 
f 1513/2102/62 1514/2103/62 1272/1851/62 
f 1515/2104/1188 1352/1935/1188 1514/2103/1188 
f 1514/2103/499 1513/2102/499 1515/2104/499 
f 1352/1935/1186 1351/1934/1186 1514/2103/1186 
f 1516/2105/1187 1272/1851/1187 1514/2103/1187 
f 1276/1855/1186 1275/1854/1186 1517/2106/1186 
f 1517/2106/62 1518/2107/62 1276/1855/62 
f 1519/2108/1190 1348/1931/1190 1518/2107/1190 
f 1518/2107/62 1517/2106/62 1519/2108/62 
f 1348/1931/1191 1347/1930/1191 1518/2107/1191 
f 1520/2109/1184 1276/1855/1184 1518/2107/1184 
f 1280/1859/1193 1279/1858/1193 1521/2110/1193 
f 1521/2110/1194 1522/2111/1194 1280/1859/1194 
f 1523/2112/1195 1344/1927/1195 1522/2111/1195 
f 1522/2111/62 1521/2110/62 1523/2112/62 
f 1344/1927/1196 1343/1926/1196 1522/2111/1196 
f 1524/2113/1197 1280/1859/1197 1522/2111/1197 
f 1240/1893/100 1244/1891/100 1525/2114/100 
f 1525/2114/499 1312/1894/499 1240/1893/499 
f 1244/1891/1198 1311/1890/1198 1525/2114/1198 
f 1526/2115/1187 1312/1894/1187 1525/2114/1187 
f 1316/1899/1186 1315/1898/1186 1527/2116/1186 
f 1527/2116/97 1528/2117/97 1316/1899/97 
f 1529/2118/1199 1308/1887/1199 1528/2117/1199 
f 1528/2117/97 1527/2116/97 1529/2118/97 
f 1308/1887/1185 1307/1886/1185 1528/2117/1185 
f 1530/2119/1184 1316/1899/1184 1528/2117/1184 
f 1320/1903/36 1319/1902/36 1531/2120/36 
f 1531/2120/62 1532/2121/62 1320/1903/62 
f 1533/2122/1195 1304/1883/1195 1532/2121/1195 
f 1532/2121/62 1531/2120/62 1533/2122/62 
f 1304/1883/36 1303/1882/36 1532/2121/36 
f 1534/2123/1184 1320/1903/1184 1532/2121/1184 
f 1324/1907/1186 1323/1906/1186 1535/2124/1186 
f 1535/2124/62 1536/2125/62 1324/1907/62 
f 1537/2126/1188 1300/1879/1188 1536/2125/1188 
f 1536/2125/499 1535/2124/499 1537/2126/499 
f 1300/1879/1186 1299/1878/1186 1536/2125/1186 
f 1538/2127/1187 1324/1907/1187 1536/2125/1187 
f 1328/1911/1186 1327/1910/1186 1539/2128/1186 
f 1539/2128/62 1540/2129/62 1328/1911/62 
f 1541/2130/1199 1296/1875/1199 1540/2129/1199 
f 1540/2129/97 1539/2128/97 1541/2130/97 
f 1296/1875/101 1295/1874/101 1540/2129/101 
f 1542/2131/101 1328/1911/101 1540/2129/101 
f 1332/1915/36 1331/1914/36 1543/2132/36 
f 1543/2132/62 1544/2133/62 1332/1915/62 
f 1545/2134/1195 1292/1871/1195 1544/2133/1195 
f 1544/2133/62 1543/2132/62 1545/2134/62 
f 1292/1871/36 1291/1870/36 1544/2133/36 
f 1546/2135/1184 1332/1915/1184 1544/2133/1184 
f 1336/1919/101 1335/1918/101 1547/2136/101 
f 1547/2136/101 1548/2137/101 1336/1919/101 
f 1549/2138/1200 1288/1867/1200 1548/2137/1200 
f 1548/2137/97 1547/2136/97 1549/2138/97 
f 1288/1867/1186 1287/1866/1186 1548/2137/1186 
f 1550/2139/1187 1336/1919/1187 1548/2137/1187 
f 1340/1923/1201 1339/1922/1201 1551/2140/1201 
f 1551/2140/1194 1552/2141/1194 1340/1923/1194 
f 1553/2142/1188 1284/1863/1188 1552/2141/1188 
f 1552/2141/499 1551/2140/499 1553/2142/499 
f 1284/1863/1202 1283/1862/1202 1552/2141/1202 
f 1554/2143/1203 1340/1923/1203 1552/2141/1203 
f 1373/1957/946 1494/2083/946 1555/2144/946 
f 1555/2144/946 1374/1958/946 1373/1957/946 
f 1494/2083/1204 1493/2082/1204 1555/2144/1204 
f 1556/2145/8 1374/1958/8 1555/2144/8 
f 1378/1963/1205 1377/1962/1205 1557/2146/1205 
f 1557/2146/8 1558/2147/8 1378/1963/8 
f 1559/2148/1206 1490/2079/1206 1558/2147/1206 
f 1558/2147/1207 1557/2146/1207 1559/2148/1207 
f 1490/2079/1208 1489/2078/1208 1558/2147/1208 
f 1560/2149/1209 1378/1963/1209 1558/2147/1209 
f 1382/1967/1210 1381/1966/1210 1561/2150/1210 
f 1561/2150/8 1562/2151/8 1382/1967/8 
f 1563/2152/1211 1486/2075/1211 1562/2151/1211 
f 1562/2151/8 1561/2150/8 1563/2152/8 
f 1486/2075/1212 1485/2074/1212 1562/2151/1212 
f 1564/2153/1213 1382/1967/1213 1562/2151/1213 
f 1386/1971/1214 1385/1970/1214 1565/2154/1214 
f 1565/2154/8 1566/2155/8 1386/1971/8 
f 1567/2156/1215 1482/2071/1215 1566/2155/1215 
f 1566/2155/8 1565/2154/8 1567/2156/8 
f 1482/2071/1214 1481/2070/1214 1566/2155/1214 
f 1568/2157/1213 1386/1971/1213 1566/2155/1213 
f 1390/1975/1210 1389/1974/1210 1569/2158/1210 
f 1569/2158/8 1570/2159/8 1390/1975/8 
f 1571/2160/1216 1478/2067/1216 1570/2159/1216 
f 1570/2159/946 1569/2158/946 1571/2160/946 
f 1478/2067/1210 1477/2066/1210 1570/2159/1210 
f 1572/2161/1217 1390/1975/1217 1570/2159/1217 
f 1394/1979/1210 1393/1978/1210 1573/2162/1210 
f 1573/2162/8 1574/2163/8 1394/1979/8 
f 1575/2164/1216 1474/2063/1216 1574/2163/1216 
f 1574/2163/946 1573/2162/946 1575/2164/946 
f 1474/2063/1210 1473/2062/1210 1574/2163/1210 
f 1576/2165/1217 1394/1979/1217 1574/2163/1217 
f 1398/1983/1218 1397/1982/1218 1577/2166/1218 
f 1577/2166/947 1578/2167/947 1398/1983/947 
f 1579/2168/1219 1470/2059/1219 1578/2167/1219 
f 1578/2167/947 1577/2166/947 1579/2168/947 
f 1470/2059/1214 1469/2058/1214 1578/2167/1214 
f 1580/2169/1213 1398/1983/1213 1578/2167/1213 
f 1402/1987/1220 1401/1986/1220 1581/2170/1220 
f 1581/2170/1221 1582/2171/1221 1402/1987/1221 
f 1583/2172/1215 1466/2055/1215 1582/2171/1215 
f 1582/2171/8 1581/2170/8 1583/2172/8 
f 1466/2055/1210 1465/2054/1210 1582/2171/1210 
f 1584/2173/1217 1402/1987/1217 1582/2171/1217 
f 1246/2021/1222 1245/2019/1222 1585/2174/1222 
f 1585/2174/946 1434/2022/946 1246/2021/946 
f 1245/2019/1223 1433/2018/1223 1585/2174/1223 
f 1586/2175/1217 1434/2022/1217 1585/2174/1217 
f 1438/2027/1210 1437/2026/1210 1587/2176/1210 
f 1587/2176/8 1588/2177/8 1438/2027/8 
f 1589/2178/1068 1430/2015/1068 1588/2177/1068 
f 1588/2177/1207 1587/2176/1207 1589/2178/1207 
f 1430/2015/1210 1429/2014/1210 1588/2177/1210 
f 1590/2179/1217 1438/2027/1217 1588/2177/1217 
f 1442/2031/1214 1441/2030/1214 1591/2180/1214 
f 1591/2180/8 1592/2181/8 1442/2031/8 
f 1593/2182/1215 1426/2011/1215 1592/2181/1215 
f 1592/2181/8 1591/2180/8 1593/2182/8 
f 1426/2011/1214 1425/2010/1214 1592/2181/1214 
f 1594/2183/1213 1442/2031/1213 1592/2181/1213 
f 1446/2035/1220 1445/2034/1220 1595/2184/1220 
f 1595/2184/1213 1596/2185/1213 1446/2035/1213 
f 1597/2186/1215 1422/2007/1215 1596/2185/1215 
f 1596/2185/8 1595/2184/8 1597/2186/8 
f 1422/2007/1210 1421/2006/1210 1596/2185/1210 
f 1598/2187/1217 1446/2035/1217 1596/2185/1217 
f 1450/2039/1210 1449/2038/1210 1599/2188/1210 
f 1599/2188/8 1600/2189/8 1450/2039/8 
f 1601/2190/1068 1418/2003/1068 1600/2189/1068 
f 1600/2189/1207 1599/2188/1207 1601/2190/1207 
f 1418/2003/1210 1417/2002/1210 1600/2189/1210 
f 1602/2191/1217 1450/2039/1217 1600/2189/1217 
f 1454/2043/1224 1453/2042/1224 1603/2192/1224 
f 1603/2192/1225 1604/2193/1225 1454/2043/1225 
f 1605/2194/1226 1414/1999/1226 1604/2193/1226 
f 1604/2193/1226 1603/2192/1226 1605/2194/1226 
f 1414/1999/1227 1413/1998/1227 1604/2193/1227 
f 1606/2195/1213 1454/2043/1213 1604/2193/1213 
f 1458/2047/1228 1457/2046/1228 1607/2196/1228 
f 1607/2196/1221 1608/2197/1221 1458/2047/1221 
f 1609/2198/1229 1410/1995/1229 1608/2197/1229 
f 1608/2197/947 1607/2196/947 1609/2198/947 
f 1410/1995/1224 1409/1994/1224 1608/2197/1224 
f 1610/2199/1217 1458/2047/1217 1608/2197/1217 
f 1462/2051/1210 1461/2050/1210 1611/2200/1210 
f 1611/2200/8 1612/2201/8 1462/2051/8 
f 1613/2202/1216 1406/1991/1216 1612/2201/1216 
f 1612/2201/946 1611/2200/946 1613/2202/946 
f 1406/1991/1210 1405/1990/1210 1612/2201/1210 
f 1614/2203/1217 1462/2051/1217 1612/2201/1217 
f 1530/2204/1230 1528/2205/1230 1590/2206/1230 
f 1590/2206/1230 1588/2207/1230 1530/2204/1230 
f 1526/2208/1231 1525/2209/1231 1586/2210/1231 
f 1586/2210/1231 1585/2211/1231 1526/2208/1231 
f 1534/2212/1231 1532/2213/1231 1594/2214/1231 
f 1594/2214/1231 1592/2215/1231 1534/2212/1231 
f 1538/2216/1231 1536/2217/1231 1598/2218/1231 
f 1598/2218/1231 1596/2219/1231 1538/2216/1231 
f 1542/2220/1230 1540/2221/1230 1602/2222/1230 
f 1602/2222/1230 1600/2223/1230 1542/2220/1230 
f 1546/2224/1232 1544/2225/1232 1606/2226/1232 
f 1606/2226/1232 1604/2227/1232 1546/2224/1232 
f 1550/2228/1232 1548/2229/1232 1610/2230/1232 
f 1610/2230/1232 1608/2231/1232 1550/2228/1232 
f 1554/2232/1232 1552/2233/1232 1614/2234/1232 
f 1614/2234/1232 1612/2235/1232 1554/2232/1232 
f 1523/2236/1231 1521/2237/1231 1583/2238/1231 
f 1583/2238/1231 1581/2239/1231 1523/2236/1231 
f 1519/2240/1231 1517/2241/1231 1579/2242/1231 
f 1579/2242/1231 1577/2243/1231 1519/2240/1231 
f 1515/2244/1231 1513/2245/1231 1575/2246/1231 
f 1575/2246/1231 1573/2247/1231 1515/2244/1231 
f 1511/2248/1233 1509/2249/1233 1571/2250/1233 
f 1571/2250/1233 1569/2251/1233 1511/2248/1233 
f 1507/2252/1231 1505/2253/1231 1567/2254/1231 
f 1567/2254/1231 1565/2255/1231 1507/2252/1231 
f 1503/2256/1231 1501/2257/1231 1563/2258/1231 
f 1563/2258/1231 1561/2259/1231 1503/2256/1231 
f 1499/2260/1230 1497/2261/1230 1559/2262/1230 
f 1559/2262/1230 1557/2263/1230 1499/2260/1230 
f 1496/2264/295 1495/2265/295 1556/2266/295 
f 1556/2266/295 1555/2267/295 1496/2264/295 
f 1500/2268/948 1498/2269/948 1560/2270/948 
f 1560/2270/948 1558/2271/948 1500/2268/948 
f 1504/2272/1234 1502/2273/1234 1564/2274/1234 
f 1564/2274/1234 1562/2275/1234 1504/2272/1234 
f 1508/2276/948 1506/2277/948 1568/2278/948 
f 1568/2278/948 1566/2279/948 1508/2276/948 
f 1512/2280/295 1510/2281/295 1572/2282/295 
f 1572/2282/295 1570/2283/295 1512/2280/295 
f 1516/2284/948 1514/2285/948 1576/2286/948 
f 1576/2286/948 1574/2287/948 1516/2284/948 
f 1520/2288/948 1518/2289/948 1580/2290/948 
f 1580/2290/948 1578/2291/948 1520/2288/948 
f 1524/2292/948 1522/2293/948 1584/2294/948 
f 1584/2294/948 1582/2295/948 1524/2292/948 
f 1553/2296/1235 1551/2297/1235 1613/2298/1235 
f 1613/2298/1235 1611/2299/1235 1553/2296/1235 
f 1549/2300/1235 1547/2301/1235 1609/2302/1235 
f 1609/2302/1235 1607/2303/1235 1549/2300/1235 
f 1545/2304/948 1543/2305/948 1605/2306/948 
f 1605/2306/948 1603/2307/948 1545/2304/948 
f 1541/2308/948 1539/2309/948 1601/2310/948 
f 1601/2310/948 1599/2311/948 1541/2308/948 
f 1537/2312/1234 1535/2313/1234 1597/2314/1234 
f 1597/2314/1234 1595/2315/1234 1537/2312/1234 
f 1533/2316/948 1531/2317/948 1593/2318/948 
f 1593/2318/948 1591/2319/948 1533/2316/948 
f 1529/2320/948 1527/2321/948 1589/2322/948 
f 1589/2322/948 1587/2323/948 1529/2320/948 
f 1302/2326/109 1301/2327/109 1444/2324/109 
f 1444/2324/109 1443/2325/109 1302/2326/109 
f 1298/2330/109 1297/2331/109 1448/2328/109 
f 1448/2328/109 1447/2329/109 1298/2330/109 
f 1294/2334/109 1293/2335/109 1452/2332/109 
f 1452/2332/109 1451/2333/109 1294/2334/109 
f 1290/2338/109 1289/2339/109 1456/2336/109 
f 1456/2336/109 1455/2337/109 1290/2338/109 
f 1286/2342/109 1285/2343/109 1460/2340/109 
f 1460/2340/109 1459/2341/109 1286/2342/109 
f 1282/2346/109 1281/2347/109 1464/2344/109 
f 1464/2344/109 1463/2345/109 1282/2346/109 
f 1278/2350/109 1277/2351/109 1468/2348/109 
f 1468/2348/109 1467/2349/109 1278/2350/109 
f 1274/2354/109 1273/2355/109 1472/2352/109 
f 1472/2352/109 1471/2353/109 1274/2354/109 
f 1306/2358/109 1305/2359/109 1440/2356/109 
f 1440/2356/109 1439/2357/109 1306/2358/109 
f 1310/2362/109 1309/2363/109 1436/2360/109 
f 1436/2360/109 1435/2361/109 1310/2362/109 
f 1270/2366/109 1269/2367/109 1476/2364/109 
f 1476/2364/109 1475/2365/109 1270/2366/109 
f 1266/2370/109 1265/2371/109 1480/2368/109 
f 1480/2368/109 1479/2369/109 1266/2370/109 
f 1262/2374/109 1261/2375/109 1484/2372/109 
f 1484/2372/109 1483/2373/109 1262/2374/109 
f 1258/2378/109 1257/2379/109 1488/2376/109 
f 1488/2376/109 1487/2377/109 1258/2378/109 
f 1254/2382/109 1253/2383/109 1492/2380/109 
f 1492/2380/109 1491/2381/109 1254/2382/109 
f 1314/2385/33 1313/2386/33 1432/2387/33 
f 1432/2387/33 1431/2384/33 1314/2385/33 
f 1318/2389/33 1317/2390/33 1428/2391/33 
f 1428/2391/33 1427/2388/33 1318/2389/33 
f 1322/2393/33 1321/2394/33 1424/2395/33 
f 1424/2395/33 1423/2392/33 1322/2393/33 
f 1326/2397/33 1325/2398/33 1420/2399/33 
f 1420/2399/33 1419/2396/33 1326/2397/33 
f 1330/2401/33 1329/2402/33 1416/2403/33 
f 1416/2403/33 1415/2400/33 1330/2401/33 
f 1334/2405/33 1333/2406/33 1412/2407/33 
f 1412/2407/33 1411/2404/33 1334/2405/33 
f 1338/2409/33 1337/2410/33 1408/2411/33 
f 1408/2411/33 1407/2408/33 1338/2409/33 
f 1342/2413/33 1341/2414/33 1404/2415/33 
f 1404/2415/33 1403/2412/33 1342/2413/33 
f 1346/2417/33 1345/2418/33 1400/2419/33 
f 1400/2419/33 1399/2416/33 1346/2417/33 
f 1350/2421/33 1349/2422/33 1396/2423/33 
f 1396/2423/33 1395/2420/33 1350/2421/33 
f 1354/2425/33 1353/2426/33 1392/2427/33 
f 1392/2427/33 1391/2424/33 1354/2425/33 
f 1358/2429/33 1357/2430/33 1388/2431/33 
f 1388/2431/33 1387/2428/33 1358/2429/33 
f 1362/2433/33 1361/2434/33 1384/2435/33 
f 1384/2435/33 1383/2432/33 1362/2433/33 
f 1366/2437/33 1365/2438/33 1380/2439/33 
f 1380/2439/33 1379/2436/33 1366/2437/33 
f 1370/2441/33 1369/2442/33 1376/2443/33 
f 1376/2443/33 1375/2440/33 1370/2441/33 
f 1311/1890/1236 1310/1889/1236 1525/2114/1236 
f 1309/1888/1014 1308/1887/1014 1529/2118/1014 
f 1307/1886/1014 1306/1885/1014 1528/2117/1014 
f 1305/1884/1236 1304/1883/1236 1533/2122/1236 
f 1303/1882/1014 1302/1881/1014 1532/2121/1014 
f 1301/1880/1237 1300/1879/1237 1537/2126/1237 
f 1299/1878/1236 1298/1877/1236 1536/2125/1236 
f 1297/1876/1014 1296/1875/1014 1541/2130/1014 
f 1295/1874/1237 1294/1873/1237 1540/2129/1237 
f 1293/1872/1236 1292/1871/1236 1545/2134/1236 
f 1291/1870/1014 1290/1869/1014 1544/2133/1014 
f 1289/1868/1238 1288/1867/1238 1549/2138/1238 
f 1287/1866/1236 1286/1865/1236 1548/2137/1236 
f 1285/1864/1239 1284/1863/1239 1553/2142/1239 
f 1283/1862/1240 1282/1861/1240 1552/2141/1240 
f 1281/1860/1241 1280/1859/1241 1524/2113/1241 
f 1279/1858/1014 1278/1857/1014 1521/2110/1014 
f 1277/1856/1236 1276/1855/1236 1520/2109/1236 
f 1275/1854/1198 1274/1853/1198 1517/2106/1198 
f 1273/1852/1014 1272/1851/1014 1516/2105/1014 
f 1271/1850/1236 1270/1849/1236 1513/2102/1236 
f 1269/1848/1242 1268/1847/1242 1512/2101/1242 
f 1267/1846/1014 1266/1845/1014 1509/2098/1014 
f 1265/1844/1236 1264/1843/1236 1508/2097/1236 
f 1263/1842/1243 1262/1841/1243 1505/2094/1243 
f 1261/1840/1014 1260/1839/1014 1504/2093/1014 
f 1259/1838/1236 1258/1837/1236 1501/2090/1236 
f 1257/1836/1187 1256/1835/1187 1500/2089/1187 
f 1255/1834/1014 1254/1833/1014 1497/2086/1014 
f 1252/1830/1236 1496/2085/1236 1253/1832/1236 
f 1371/1954/1014 1370/1953/1014 1495/2084/1014 
f 1499/2088/1236 1369/1952/1236 1368/1951/1236 
f 1498/2087/1187 1367/1950/1187 1366/1949/1187 
f 1503/2092/1014 1365/1948/1014 1364/1947/1014 
f 1502/2091/1236 1363/1946/1236 1362/1945/1236 
f 1507/2096/1243 1361/1944/1243 1360/1943/1243 
f 1506/2095/1014 1359/1942/1014 1358/1941/1014 
f 1511/2100/1236 1357/1940/1236 1356/1939/1236 
f 1510/2099/1244 1355/1938/1244 1354/1937/1244 
f 1515/2104/1014 1353/1936/1014 1352/1935/1014 
f 1514/2103/1236 1351/1934/1236 1350/1933/1236 
f 1519/2108/1188 1349/1932/1188 1348/1931/1188 
f 1518/2107/1014 1347/1930/1014 1346/1929/1014 
f 1523/2112/1236 1345/1928/1236 1344/1927/1236 
f 1522/2111/1245 1343/1926/1245 1342/1925/1245 
f 1554/2143/1246 1341/1924/1246 1340/1923/1246 
f 1551/2140/1247 1339/1922/1247 1338/1921/1247 
f 1550/2139/1014 1337/1920/1014 1336/1919/1014 
f 1547/2136/1237 1335/1918/1237 1334/1917/1237 
f 1546/2135/1236 1333/1916/1236 1332/1915/1236 
f 1543/2132/1014 1331/1914/1014 1330/1913/1014 
f 1542/2131/1238 1329/1912/1238 1328/1911/1238 
f 1539/2128/1236 1327/1910/1236 1326/1909/1236 
f 1538/2127/1014 1325/1908/1014 1324/1907/1014 
f 1535/2124/1238 1323/1906/1238 1322/1905/1238 
f 1534/2123/1236 1321/1904/1236 1320/1903/1236 
f 1531/2120/1014 1319/1902/1014 1318/1901/1014 
f 1530/2119/1236 1317/1900/1236 1316/1899/1236 
f 1527/2116/1236 1315/1898/1236 1314/1897/1236 
f 1312/1894/1014 1526/2115/1014 1313/1896/1014 
f 1433/2018/1248 1432/2017/1248 1585/2174/1248 
f 1431/2016/1249 1430/2015/1249 1589/2178/1249 
f 1588/2177/1248 1429/2014/1248 1428/2013/1248 
f 1427/2012/1248 1426/2011/1248 1593/2182/1248 
f 1592/2181/1249 1425/2010/1249 1424/2009/1249 
f 1423/2008/1248 1422/2007/1248 1597/2186/1248 
f 1596/2185/1217 1421/2006/1217 1420/2005/1217 
f 1419/2004/1249 1418/2003/1249 1601/2190/1249 
f 1600/2189/1248 1417/2002/1248 1416/2001/1248 
f 1415/2000/1250 1414/1999/1250 1605/2194/1250 
f 1604/2193/1251 1413/1998/1251 1412/1997/1251 
f 1411/1996/1252 1410/1995/1252 1609/2198/1252 
f 1608/2197/1253 1409/1994/1253 1408/1993/1253 
f 1407/1992/1249 1406/1991/1249 1613/2202/1249 
f 1612/2201/1248 1405/1990/1248 1404/1989/1248 
f 1403/1988/1217 1402/1987/1217 1584/2173/1217 
f 1581/2170/1249 1401/1986/1249 1400/1985/1249 
f 1399/1984/1248 1398/1983/1248 1580/2169/1248 
f 1577/2166/1216 1397/1982/1216 1396/1981/1216 
f 1395/1980/1249 1394/1979/1249 1576/2165/1249 
f 1573/2162/1248 1393/1978/1248 1392/1977/1248 
f 1391/1976/1254 1390/1975/1254 1572/2161/1254 
f 1569/2158/1248 1389/1974/1248 1388/1973/1248 
f 1387/1972/1248 1386/1971/1248 1568/2157/1248 
f 1565/2154/1255 1385/1970/1255 1384/1969/1255 
f 1383/1968/1248 1382/1967/1248 1564/2153/1248 
f 1561/2150/1248 1381/1966/1248 1380/1965/1248 
f 1379/1964/1255 1378/1963/1255 1560/2149/1255 
f 1557/2146/1248 1377/1962/1248 1376/1961/1248 
f 1374/1958/1256 1556/2145/1256 1375/1960/1256 
f 1493/2082/1182 1492/2081/1182 1555/2144/1182 
f 1491/2080/1249 1490/2079/1249 1559/2148/1249 
f 1558/2147/1257 1489/2078/1257 1488/2077/1257 
f 1487/2076/1249 1486/2075/1249 1563/2152/1249 
f 1562/2151/1249 1485/2074/1249 1484/2073/1249 
f 1483/2072/1257 1482/2071/1257 1567/2156/1257 
f 1566/2155/1249 1481/2070/1249 1480/2069/1249 
f 1479/2068/1249 1478/2067/1249 1571/2160/1249 
f 1570/2159/1258 1477/2066/1258 1476/2065/1258 
f 1475/2064/1249 1474/2063/1249 1575/2164/1249 
f 1574/2163/1248 1473/2062/1248 1472/2061/1248 
f 1471/2060/1223 1470/2059/1223 1579/2168/1223 
f 1578/2167/1249 1469/2058/1249 1468/2057/1249 
f 1467/2056/1248 1466/2055/1248 1583/2172/1248 
f 1582/2171/1217 1465/2054/1217 1464/2053/1217 
f 1463/2052/1249 1462/2051/1249 1614/2203/1249 
f 1611/2200/1248 1461/2050/1248 1460/2049/1248 
f 1459/2048/1250 1458/2047/1250 1610/2199/1250 
f 1607/2196/1259 1457/2046/1259 1456/2045/1259 
f 1455/2044/1260 1454/2043/1260 1606/2195/1260 
f 1603/2192/1253 1453/2042/1253 1452/2041/1253 
f 1451/2040/1249 1450/2039/1249 1602/2191/1249 
f 1599/2188/1248 1449/2038/1248 1448/2037/1248 
f 1447/2036/1217 1446/2035/1217 1598/2187/1217 
f 1595/2184/1249 1445/2034/1249 1444/2033/1249 
f 1443/2032/1248 1442/2031/1248 1594/2183/1248 
f 1591/2180/1249 1441/2030/1249 1440/2029/1249 
f 1439/2028/1249 1438/2027/1249 1590/2179/1249 
f 1587/2176/1248 1437/2026/1248 1436/2025/1248 
f 1434/2022/1249 1586/2175/1249 1435/2024/1249 
f 1317/2390/1261 1530/2444/1261 1588/2445/1261 
f 1588/2445/1262 1428/2391/1262 1317/2390/1262 
f 1439/2446/1263 1590/2206/1263 1528/2205/1263 
f 1528/2205/1264 1306/2447/1264 1439/2446/1264 
f 1313/2386/1262 1526/2448/1262 1585/2449/1262 
f 1585/2449/1262 1432/2387/1262 1313/2386/1262 
f 1435/2450/1265 1586/2210/1265 1525/2209/1265 
f 1525/2209/1265 1310/2451/1265 1435/2450/1265 
f 1321/2394/1266 1534/2452/1266 1592/2453/1266 
f 1592/2453/1267 1424/2395/1267 1321/2394/1267 
f 1443/2454/1268 1594/2214/1268 1532/2213/1268 
f 1532/2213/1264 1302/2455/1264 1443/2454/1264 
f 1325/2398/1262 1538/2456/1262 1596/2457/1262 
f 1596/2457/1269 1420/2399/1269 1325/2398/1269 
f 1447/2458/1264 1598/2218/1264 1536/2217/1264 
f 1536/2217/1263 1298/2459/1263 1447/2458/1263 
f 1329/2402/1270 1542/2460/1270 1600/2461/1270 
f 1600/2461/1262 1416/2403/1262 1329/2402/1262 
f 1451/2462/1263 1602/2222/1263 1540/2221/1263 
f 1540/2221/1268 1294/2463/1268 1451/2462/1268 
f 1333/2406/1271 1546/2464/1271 1604/2465/1271 
f 1604/2465/1272 1412/2407/1272 1333/2406/1272 
f 1455/2466/1273 1606/2226/1273 1544/2225/1273 
f 1544/2225/1264 1290/2467/1264 1455/2466/1264 
f 1337/2410/1274 1550/2468/1274 1608/2469/1274 
f 1608/2469/1275 1408/2411/1275 1337/2410/1275 
f 1459/2470/1276 1610/2230/1276 1548/2229/1276 
f 1548/2229/1263 1286/2471/1263 1459/2470/1263 
f 1341/2414/1274 1554/2472/1274 1612/2473/1274 
f 1612/2473/1274 1404/2415/1274 1341/2414/1274 
f 1463/2474/1277 1614/2234/1277 1552/2233/1277 
f 1552/2233/1277 1282/2475/1277 1463/2474/1277 
f 1345/2418/1267 1523/2476/1267 1581/2477/1267 
f 1581/2477/1266 1400/2419/1266 1345/2418/1266 
f 1467/2478/1264 1583/2238/1264 1521/2237/1264 
f 1521/2237/1268 1278/2479/1268 1467/2478/1268 
f 1349/2422/1262 1519/2480/1262 1577/2481/1262 
f 1577/2481/1261 1396/2423/1261 1349/2422/1261 
f 1471/2482/1264 1579/2242/1264 1517/2241/1264 
f 1517/2241/1263 1274/2483/1263 1471/2482/1263 
f 1353/2426/1262 1515/2484/1262 1573/2485/1262 
f 1573/2485/1262 1392/2427/1262 1353/2426/1262 
f 1475/2486/1265 1575/2246/1265 1513/2245/1265 
f 1513/2245/1265 1270/2487/1265 1475/2486/1265 
f 1357/2430/1269 1511/2488/1269 1569/2489/1269 
f 1569/2489/1262 1388/2431/1262 1357/2430/1262 
f 1479/2490/1263 1571/2250/1263 1509/2249/1263 
f 1509/2249/1264 1266/2491/1264 1479/2490/1264 
f 1361/2434/1266 1507/2492/1266 1565/2493/1266 
f 1565/2493/1278 1384/2435/1278 1361/2434/1278 
f 1483/2494/1264 1567/2254/1264 1505/2253/1264 
f 1505/2253/1264 1262/2495/1264 1483/2494/1264 
f 1365/2438/1262 1503/2496/1262 1561/2497/1262 
f 1561/2497/1279 1380/2439/1279 1365/2438/1279 
f 1487/2498/1280 1563/2258/1280 1501/2257/1280 
f 1501/2257/1265 1258/2499/1265 1487/2498/1265 
f 1369/2442/1261 1499/2500/1261 1557/2501/1261 
f 1557/2501/1279 1376/2443/1279 1369/2442/1279 
f 1491/2502/1281 1559/2262/1281 1497/2261/1281 
f 1497/2261/1264 1254/2503/1264 1491/2502/1264 
f 1253/2383/1282 1496/2504/1282 1555/2505/1282 
f 1555/2505/1282 1492/2380/1282 1253/2383/1282 
f 1375/2506/1283 1556/2266/1283 1495/2265/1283 
f 1495/2265/1284 1370/2507/1284 1375/2506/1284 
f 1257/2379/1282 1500/2508/1282 1558/2509/1282 
f 1558/2509/1285 1488/2376/1285 1257/2379/1285 
f 1379/2510/1286 1560/2270/1286 1498/2269/1286 
f 1498/2269/1287 1366/2511/1287 1379/2510/1287 
f 1261/2375/1285 1504/2512/1285 1562/2513/1285 
f 1562/2513/1282 1484/2372/1282 1261/2375/1282 
f 1383/2514/1287 1564/2274/1287 1502/2273/1287 
f 1502/2273/1286 1362/2515/1286 1383/2514/1286 
f 1265/2371/1282 1508/2516/1282 1566/2517/1282 
f 1566/2517/1282 1480/2368/1282 1265/2371/1282 
f 1387/2518/1284 1568/2278/1284 1506/2277/1284 
f 1506/2277/1284 1358/2519/1284 1387/2518/1284 
f 1269/2367/1282 1512/2520/1282 1570/2521/1282 
f 1570/2521/1285 1476/2364/1285 1269/2367/1285 
f 1391/2522/1288 1572/2282/1288 1510/2281/1288 
f 1510/2281/1287 1354/2523/1287 1391/2522/1287 
f 1273/2355/1289 1516/2524/1289 1574/2525/1289 
f 1574/2525/1289 1472/2352/1289 1273/2355/1289 
f 1395/2526/1286 1576/2286/1286 1514/2285/1286 
f 1514/2285/1286 1350/2527/1286 1395/2526/1286 
f 1277/2351/1282 1520/2528/1282 1578/2529/1282 
f 1578/2529/1282 1468/2348/1282 1277/2351/1282 
f 1399/2530/1284 1580/2290/1284 1518/2289/1284 
f 1518/2289/1284 1346/2531/1284 1399/2530/1284 
f 1281/2347/1282 1524/2532/1282 1582/2533/1282 
f 1582/2533/1282 1464/2344/1282 1281/2347/1282 
f 1403/2534/1284 1584/2294/1284 1522/2293/1284 
f 1522/2293/1283 1342/2535/1283 1403/2534/1283 
f 1285/2343/1290 1553/2536/1290 1611/2537/1290 
f 1611/2537/1289 1460/2340/1289 1285/2343/1289 
f 1407/2538/1291 1613/2298/1291 1551/2297/1291 
f 1551/2297/1292 1338/2539/1292 1407/2538/1292 
f 1289/2339/1293 1549/2540/1293 1607/2541/1293 
f 1607/2541/1293 1456/2336/1293 1289/2339/1293 
f 1411/2542/1294 1609/2302/1294 1547/2301/1294 
f 1547/2301/1294 1334/2543/1294 1411/2542/1294 
f 1293/2335/1282 1545/2544/1282 1603/2545/1282 
f 1603/2545/1295 1452/2332/1295 1293/2335/1295 
f 1415/2546/1296 1605/2306/1296 1543/2305/1296 
f 1543/2305/1294 1330/2547/1294 1415/2546/1294 
f 1297/2331/1289 1541/2548/1289 1599/2549/1289 
f 1599/2549/1289 1448/2328/1289 1297/2331/1289 
f 1419/2550/1286 1601/2310/1286 1539/2309/1286 
f 1539/2309/1286 1326/2551/1286 1419/2550/1286 
f 1301/2327/1285 1537/2552/1285 1595/2553/1285 
f 1595/2553/1282 1444/2324/1282 1301/2327/1282 
f 1423/2554/1287 1597/2314/1287 1535/2313/1287 
f 1535/2313/1288 1322/2555/1288 1423/2554/1288 
f 1305/2359/1282 1533/2556/1282 1591/2557/1282 
f 1591/2557/1282 1440/2356/1282 1305/2359/1282 
f 1427/2558/1284 1593/2318/1284 1531/2317/1284 
f 1531/2317/1284 1318/2559/1284 1427/2558/1284 
f 1309/2363/1289 1529/2560/1289 1587/2561/1289 
f 1587/2561/1289 1436/2360/1289 1309/2363/1289 
f 1431/2562/1286 1589/2322/1286 1527/2321/1286 
f 1527/2321/1286 1314/2563/1286 1431/2562/1286 
f 1615/1779/129 1616/1776/129 1617/1783/129 
f 1617/1783/129 1618/1781/129 1615/1779/129 
f 1619/1784/946 1620/2610/946 1621/2611/946 
f 1621/2611/946 1622/1787/946 1619/1784/946 
f 1620/2610/946 1619/1784/946 1623/2612/946 
f 1623/2612/946 1624/1786/946 1620/2610/946 
f 1625/2613/946 1626/1785/946 1624/1786/946 
f 1624/1786/946 1623/2612/946 1625/2613/946 
f 1627/1788/109 1628/1789/109 1629/1790/109 
f 1629/1790/109 1630/1791/109 1627/1788/109 
f 1631/1792/948 1632/1793/948 1633/1794/948 
f 1633/1794/948 1634/1795/948 1631/1792/948 
f 1629/1790/932 1628/1789/932 1635/1796/932 
f 1635/1796/1297 1636/1797/1297 1629/1790/1297 
f 1630/1791/1298 1629/1790/1298 1636/1797/1298 
f 1636/1797/1299 1619/1798/1299 1630/1791/1299 
f 1627/1788/1300 1630/1791/1300 1619/1798/1300 
f 1619/1798/1301 1622/1799/1301 1627/1788/1301 
f 1628/1789/940 1627/1788/940 1622/1799/940 
f 1622/1799/941 1635/1796/941 1628/1789/941 
f 1624/1805/957 1634/1795/957 1633/1794/957 
f 1633/1794/943 1620/2614/943 1624/1805/943 
f 1637/1804/943 1631/1792/943 1634/1795/943 
f 1634/1795/944 1624/1805/944 1637/1804/944 
f 1622/1803/943 1621/2615/943 1632/1793/943 
f 1632/1793/944 1635/1802/944 1622/1803/944 
f 1631/1792/943 1637/1804/943 1635/1802/943 
f 1635/1802/957 1632/1793/957 1631/1792/957 
f 1620/2614/943 1633/1794/943 1632/1793/943 
f 1632/1793/943 1621/2615/943 1620/2614/943 
f 1619/1817/1302 1638/1811/1302 1639/1818/1302 
f 1639/1818/502 1623/2616/502 1619/1817/502 
f 1636/1816/139 1640/1810/139 1638/1811/139 
f 1638/1811/959 1619/1817/959 1636/1816/959 
f 1626/1814/502 1625/2617/502 1641/1813/502 
f 1641/1813/959 1642/1812/959 1626/1814/959 
f 1643/1807/139 1636/1816/139 1642/1812/139 
f 1642/1812/1303 1641/1813/1303 1643/1807/1303 
f 1644/1808/139 1640/1810/139 1636/1816/139 
f 1636/1816/139 1643/1807/139 1644/1808/139 
f 1623/2616/502 1639/1818/502 1645/1819/502 
f 1645/1819/502 1625/2617/502 1623/2616/502 
f 1646/1815/502 1641/1813/502 1625/2617/502 
f 1625/2617/502 1645/1819/502 1646/1815/502 
f 1647/1820/109 1648/1821/109 1639/1822/109 
f 1639/1822/109 1638/1823/109 1647/1820/109 
f 1649/1824/33 1650/1825/33 1643/1826/33 
f 1643/1826/33 1641/1827/33 1649/1824/33 
f 1650/1828/97 1651/1829/97 1652/1830/97 
f 1652/1830/127 1643/1831/127 1650/1828/127 
f 1653/1832/961 1654/1833/961 1643/1831/961 
f 1643/1831/1304 1652/1830/1304 1653/1832/1304 
f 1655/1834/1305 1656/1835/1305 1643/1831/1305 
f 1643/1831/1016 1654/1833/1016 1655/1834/1016 
f 1657/1836/128 1658/1837/128 1643/1831/128 
f 1643/1831/1306 1656/1835/1306 1657/1836/1306 
f 1659/1838/1307 1660/1839/1307 1643/1831/1307 
f 1643/1831/1308 1658/1837/1308 1659/1838/1308 
f 1661/1840/1309 1662/1841/1309 1643/1831/1309 
f 1643/1831/1310 1660/1839/1310 1661/1840/1310 
f 1663/1842/127 1664/1843/127 1643/1831/127 
f 1643/1831/1311 1662/1841/1311 1663/1842/1311 
f 1665/1844/1312 1666/1845/1312 1643/1831/1312 
f 1643/1831/1313 1664/1843/1313 1665/1844/1313 
f 1667/1846/975 1668/1847/975 1643/1831/975 
f 1643/1831/976 1666/1845/976 1667/1846/976 
f 1669/1848/1314 1670/1849/1314 1643/1831/1314 
f 1643/1831/1315 1668/1847/1315 1669/1848/1315 
f 1671/1850/1316 1672/1851/1316 1643/1831/1316 
f 1643/1831/1317 1670/1849/1317 1671/1850/1317 
f 1673/1852/1318 1674/1853/1318 1643/1831/1318 
f 1643/1831/1319 1672/1851/1319 1673/1852/1319 
f 1675/1854/1320 1676/1855/1320 1643/1831/1320 
f 1643/1831/1321 1674/1853/1321 1675/1854/1321 
f 1677/1856/1322 1678/1857/1322 1643/1831/1322 
f 1643/1831/1323 1676/1855/1323 1677/1856/1323 
f 1679/1858/1324 1680/1859/1324 1643/1831/1324 
f 1643/1831/1325 1678/1857/1325 1679/1858/1325 
f 1681/1860/1326 1682/1861/1326 1643/1831/1326 
f 1643/1831/1327 1680/1859/1327 1681/1860/1327 
f 1683/1862/1328 1684/1863/1328 1643/1831/1328 
f 1643/1831/1329 1682/1861/1329 1683/1862/1329 
f 1685/1864/1330 1686/1865/1330 1643/1831/1330 
f 1643/1831/1331 1684/1863/1331 1685/1864/1331 
f 1687/1866/1332 1688/1867/1332 1643/1831/1332 
f 1643/1831/1333 1686/1865/1333 1687/1866/1333 
f 1689/1868/1334 1690/1869/1334 1643/1831/1334 
f 1643/1831/1335 1688/1867/1335 1689/1868/1335 
f 1691/1870/35 1692/1871/35 1643/1831/35 
f 1643/1831/1336 1690/1869/1336 1691/1870/1336 
f 1693/1872/999 1694/1873/999 1643/1831/999 
f 1643/1831/1337 1692/1871/1337 1693/1872/1337 
f 1695/1874/1338 1696/1875/1338 1643/1831/1338 
f 1643/1831/1339 1694/1873/1339 1695/1874/1339 
f 1697/1876/63 1698/1877/63 1643/1831/63 
f 1643/1831/1340 1696/1875/1340 1697/1876/1340 
f 1699/1878/1341 1700/1879/1341 1643/1831/1341 
f 1643/1831/1342 1698/1877/1342 1699/1878/1342 
f 1701/1880/1343 1702/1881/1343 1643/1831/1343 
f 1643/1831/1344 1700/1879/1344 1701/1880/1344 
f 1703/1882/51 1704/1883/51 1643/1831/51 
f 1643/1831/1345 1702/1881/1345 1703/1882/1345 
f 1705/1884/1010 1706/1885/1010 1643/1831/1010 
f 1643/1831/1346 1704/1883/1346 1705/1884/1346 
f 1707/1886/1012 1708/1887/1012 1643/1831/1012 
f 1643/1831/1347 1706/1885/1347 1707/1886/1347 
f 1709/1888/128 1710/1889/128 1643/1831/128 
f 1643/1831/1348 1708/1887/1348 1709/1888/1348 
f 1711/1890/499 1644/1891/499 1643/1831/499 
f 1643/1831/1349 1710/1889/1349 1711/1890/1349 
f 1638/1892/499 1640/1893/499 1712/1894/499 
f 1712/1894/1350 1647/1895/1350 1638/1892/1350 
f 1713/1896/1351 1714/1897/1351 1647/1895/1351 
f 1647/1895/1352 1712/1894/1352 1713/1896/1352 
f 1715/1898/1353 1716/1899/1353 1647/1895/1353 
f 1647/1895/1354 1714/1897/1354 1715/1898/1354 
f 1717/1900/965 1718/1901/965 1647/1895/965 
f 1647/1895/1355 1716/1899/1355 1717/1900/1355 
f 1719/1902/142 1720/1903/142 1647/1895/142 
f 1647/1895/1356 1718/1901/1356 1719/1902/1356 
f 1721/1904/961 1722/1905/961 1647/1895/961 
f 1647/1895/1357 1720/1903/1357 1721/1904/1357 
f 1723/1906/1358 1724/1907/1358 1647/1895/1358 
f 1647/1895/1359 1722/1905/1359 1723/1906/1359 
f 1725/1908/143 1726/1909/143 1647/1895/143 
f 1647/1895/1360 1724/1907/1360 1725/1908/1360 
f 1727/1910/1024 1728/1911/1024 1647/1895/1024 
f 1647/1895/1361 1726/1909/1361 1727/1910/1361 
f 1729/1912/1362 1730/1913/1362 1647/1895/1362 
f 1647/1895/1363 1728/1911/1363 1729/1912/1363 
f 1731/1914/1364 1732/1915/1364 1647/1895/1364 
f 1647/1895/1365 1730/1913/1365 1731/1914/1365 
f 1733/1916/1366 1734/1917/1366 1647/1895/1366 
f 1647/1895/1367 1732/1915/1367 1733/1916/1367 
f 1735/1918/1368 1736/1919/1368 1647/1895/1368 
f 1647/1895/1367 1734/1917/1367 1735/1918/1367 
f 1737/1920/1369 1738/1921/1369 1647/1895/1369 
f 1647/1895/1321 1736/1919/1321 1737/1920/1321 
f 1739/1922/1370 1740/1923/1370 1647/1895/1370 
f 1647/1895/1371 1738/1921/1371 1739/1922/1371 
f 1741/1924/1372 1742/1925/1372 1647/1895/1372 
f 1647/1895/1373 1740/1923/1373 1741/1924/1373 
f 1743/1926/1374 1744/1927/1374 1647/1895/1374 
f 1647/1895/1327 1742/1925/1327 1743/1926/1327 
f 1745/1928/1375 1746/1929/1375 1647/1895/1375 
f 1647/1895/1376 1744/1927/1376 1745/1928/1376 
f 1747/1930/1326 1748/1931/1326 1647/1895/1326 
f 1647/1895/1377 1746/1929/1377 1747/1930/1377 
f 1749/1932/1378 1750/1933/1378 1647/1895/1378 
f 1647/1895/1379 1748/1931/1379 1749/1932/1379 
f 1751/1934/1380 1752/1935/1380 1647/1895/1380 
f 1647/1895/1381 1750/1933/1381 1751/1934/1381 
f 1753/1936/1382 1754/1937/1382 1647/1895/1382 
f 1647/1895/1383 1752/1935/1383 1753/1936/1383 
f 1755/1938/1058 1756/1939/1058 1647/1895/1058 
f 1647/1895/1384 1754/1937/1384 1755/1938/1384 
f 1757/1940/1385 1758/1941/1385 1647/1895/1385 
f 1647/1895/998 1756/1939/998 1757/1940/998 
f 1759/1942/1386 1760/1943/1386 1647/1895/1386 
f 1647/1895/1336 1758/1941/1336 1759/1942/1336 
f 1761/1944/1387 1762/1945/1387 1647/1895/1387 
f 1647/1895/1388 1760/1943/1388 1761/1944/1388 
f 1763/1946/1389 1764/1947/1389 1647/1895/1389 
f 1647/1895/1390 1762/1945/1390 1763/1946/1390 
f 1765/1948/1391 1766/1949/1391 1647/1895/1391 
f 1647/1895/1005 1764/1947/1005 1765/1948/1005 
f 1767/1950/1392 1768/1951/1392 1647/1895/1392 
f 1647/1895/1393 1766/1949/1393 1767/1950/1393 
f 1769/1952/1394 1770/1953/1394 1647/1895/1394 
f 1647/1895/1395 1768/1951/1395 1769/1952/1395 
f 1771/1954/97 1772/1955/97 1647/1895/97 
f 1647/1895/1346 1770/1953/1346 1771/1954/1346 
f 1648/1956/946 1773/1957/946 1774/1958/946 
f 1774/1958/1396 1639/1959/1396 1648/1956/1396 
f 1775/1960/1069 1776/1961/1069 1639/1959/1069 
f 1639/1959/1397 1774/1958/1397 1775/1960/1397 
f 1777/1962/1398 1778/1963/1398 1639/1959/1398 
f 1639/1959/1399 1776/1961/1399 1777/1962/1399 
f 1779/1964/1400 1780/1965/1400 1639/1959/1400 
f 1639/1959/1401 1778/1963/1401 1779/1964/1401 
f 1781/1966/1075 1782/1967/1075 1639/1959/1075 
f 1639/1959/1402 1780/1965/1402 1781/1966/1402 
f 1783/1968/1077 1784/1969/1077 1639/1959/1077 
f 1639/1959/1078 1782/1967/1078 1783/1968/1078 
f 1785/1970/1403 1786/1971/1403 1639/1959/1403 
f 1639/1959/1404 1784/1969/1404 1785/1970/1404 
f 1787/1972/1081 1788/1973/1081 1639/1959/1081 
f 1639/1959/1082 1786/1971/1082 1787/1972/1082 
f 1789/1974/1081 1790/1975/1081 1639/1959/1081 
f 1639/1959/1405 1788/1973/1405 1789/1974/1405 
f 1791/1976/1406 1792/1977/1406 1639/1959/1406 
f 1639/1959/1407 1790/1975/1407 1791/1976/1407 
f 1793/1978/1408 1794/1979/1408 1639/1959/1408 
f 1639/1959/1144 1792/1977/1144 1793/1978/1144 
f 1795/1980/1089 1796/1981/1089 1639/1959/1089 
f 1639/1959/1088 1794/1979/1088 1795/1980/1088 
f 1797/1982/1409 1798/1983/1409 1639/1959/1409 
f 1639/1959/1410 1796/1981/1410 1797/1982/1410 
f 1799/1984/1411 1800/1985/1411 1639/1959/1411 
f 1639/1959/1412 1798/1983/1412 1799/1984/1412 
f 1801/1986/1413 1802/1987/1413 1639/1959/1413 
f 1639/1959/1414 1800/1985/1414 1801/1986/1414 
f 1803/1988/1415 1804/1989/1415 1639/1959/1415 
f 1639/1959/1416 1802/1987/1416 1803/1988/1416 
f 1805/1990/1417 1806/1991/1417 1639/1959/1417 
f 1639/1959/1418 1804/1989/1418 1805/1990/1418 
f 1807/1992/1100 1808/1993/1100 1639/1959/1100 
f 1639/1959/1419 1806/1991/1419 1807/1992/1419 
f 1809/1994/1214 1810/1995/1214 1639/1959/1214 
f 1639/1959/1166 1808/1993/1166 1809/1994/1166 
f 1811/1996/1420 1812/1997/1420 1639/1959/1420 
f 1639/1959/1421 1810/1995/1421 1811/1996/1421 
f 1813/1998/1422 1814/1999/1422 1639/1959/1422 
f 1639/1959/1423 1812/1997/1423 1813/1998/1423 
f 1815/2000/1424 1816/2001/1424 1639/1959/1424 
f 1639/1959/1425 1814/1999/1425 1815/2000/1425 
f 1817/2002/1426 1818/2003/1426 1639/1959/1426 
f 1639/1959/1427 1816/2001/1427 1817/2002/1427 
f 1819/2004/1428 1820/2005/1428 1639/1959/1428 
f 1639/1959/1429 1818/2003/1429 1819/2004/1429 
f 1821/2006/1116 1822/2007/1116 1639/1959/1116 
f 1639/1959/1115 1820/2005/1115 1821/2006/1115 
f 1823/2008/1430 1824/2009/1430 1639/1959/1430 
f 1639/1959/1117 1822/2007/1117 1823/2008/1117 
f 1825/2010/1431 1826/2011/1431 1639/1959/1431 
f 1639/1959/1432 1824/2009/1432 1825/2010/1432 
f 1827/2012/1120 1828/2013/1120 1639/1959/1120 
f 1639/1959/1433 1826/2011/1433 1827/2012/1433 
f 1829/2014/1434 1830/2015/1434 1639/1959/1434 
f 1639/1959/1123 1828/2013/1123 1829/2014/1123 
f 1831/2016/1435 1832/2017/1435 1639/1959/1435 
f 1639/1959/1436 1830/2015/1436 1831/2016/1436 
f 1833/2018/946 1645/2019/946 1639/1959/946 
f 1639/1959/1437 1832/2017/1437 1833/2018/1437 
f 1641/2020/946 1646/2021/946 1834/2022/946 
f 1834/2022/1126 1649/2023/1126 1641/2020/1126 
f 1835/2024/1438 1836/2025/1438 1649/2023/1438 
f 1649/2023/1439 1834/2022/1439 1835/2024/1439 
f 1837/2026/1440 1838/2027/1440 1649/2023/1440 
f 1649/2023/1441 1836/2025/1441 1837/2026/1441 
f 1839/2028/1131 1840/2029/1131 1649/2023/1131 
f 1649/2023/1132 1838/2027/1132 1839/2028/1132 
f 1841/2030/1442 1842/2031/1442 1649/2023/1442 
f 1649/2023/1443 1840/2029/1443 1841/2030/1443 
f 1843/2032/1444 1844/2033/1444 1649/2023/1444 
f 1649/2023/1445 1842/2031/1445 1843/2032/1445 
f 1845/2034/1446 1846/2035/1446 1649/2023/1446 
f 1649/2023/1447 1844/2033/1447 1845/2034/1447 
f 1847/2036/1448 1848/2037/1448 1649/2023/1448 
f 1649/2023/1449 1846/2035/1449 1847/2036/1449 
f 1849/2038/1450 1850/2039/1450 1649/2023/1450 
f 1649/2023/1451 1848/2037/1451 1849/2038/1451 
f 1851/2040/1452 1852/2041/1452 1649/2023/1452 
f 1649/2023/1453 1850/2039/1453 1851/2040/1453 
f 1853/2042/1454 1854/2043/1454 1649/2023/1454 
f 1649/2023/1455 1852/2041/1455 1853/2042/1455 
f 1855/2044/1448 1856/2045/1448 1649/2023/1448 
f 1649/2023/1456 1854/2043/1456 1855/2044/1456 
f 1857/2046/1457 1858/2047/1457 1649/2023/1457 
f 1649/2023/1456 1856/2045/1456 1857/2046/1456 
f 1859/2048/1458 1860/2049/1458 1649/2023/1458 
f 1649/2023/1459 1858/2047/1459 1859/2048/1459 
f 1861/2050/1454 1862/2051/1454 1649/2023/1454 
f 1649/2023/1460 1860/2049/1460 1861/2050/1460 
f 1863/2052/1461 1864/2053/1461 1649/2023/1461 
f 1649/2023/1462 1862/2051/1462 1863/2052/1462 
f 1865/2054/1463 1866/2055/1463 1649/2023/1463 
f 1649/2023/1464 1864/2053/1464 1865/2054/1464 
f 1867/2056/1465 1868/2057/1465 1649/2023/1465 
f 1649/2023/1466 1866/2055/1466 1867/2056/1466 
f 1869/2058/1467 1870/2059/1467 1649/2023/1467 
f 1649/2023/1468 1868/2057/1468 1869/2058/1468 
f 1871/2060/1469 1872/2061/1469 1649/2023/1469 
f 1649/2023/1470 1870/2059/1470 1871/2060/1470 
f 1873/2062/1471 1874/2063/1471 1649/2023/1471 
f 1649/2023/1472 1872/2061/1472 1873/2062/1472 
f 1875/2064/1473 1876/2065/1473 1649/2023/1473 
f 1649/2023/1474 1874/2063/1474 1875/2064/1474 
f 1877/2066/1422 1878/2067/1422 1649/2023/1422 
f 1649/2023/1168 1876/2065/1168 1877/2066/1168 
f 1879/2068/1475 1880/2069/1475 1649/2023/1475 
f 1649/2023/1111 1878/2067/1111 1879/2068/1111 
f 1881/2070/1476 1882/2071/1476 1649/2023/1476 
f 1649/2023/1477 1880/2069/1477 1881/2070/1477 
f 1883/2072/1174 1884/2073/1174 1649/2023/1174 
f 1649/2023/1478 1882/2071/1478 1883/2072/1478 
f 1885/2074/1176 1886/2075/1176 1649/2023/1176 
f 1649/2023/1479 1884/2073/1479 1885/2074/1479 
f 1887/2076/1480 1888/2077/1480 1649/2023/1480 
f 1649/2023/1481 1886/2075/1481 1887/2076/1481 
f 1889/2078/1482 1890/2079/1482 1649/2023/1482 
f 1649/2023/1483 1888/2077/1483 1889/2078/1483 
f 1891/2080/1180 1892/2081/1180 1649/2023/1180 
f 1649/2023/1181 1890/2079/1181 1891/2080/1181 
f 1893/2082/946 1894/2083/946 1649/2023/946 
f 1649/2023/1484 1892/2081/1484 1893/2082/1484 
f 1651/1829/62 1772/1955/62 1895/2084/62 
f 1895/2084/1485 1652/1830/1485 1651/1829/1485 
f 1772/1955/1486 1771/1954/1486 1895/2084/1486 
f 1896/2085/500 1652/1830/500 1895/2084/500 
f 1656/1835/1186 1655/1834/1186 1897/2086/1186 
f 1897/2086/62 1898/2087/62 1656/1835/62 
f 1899/2088/126 1768/1951/126 1898/2087/126 
f 1898/2087/60 1897/2086/60 1899/2088/60 
f 1768/1951/1192 1767/1950/1192 1898/2087/1192 
f 1900/2089/112 1656/1835/112 1898/2087/112 
f 1660/1839/1186 1659/1838/1186 1901/2090/1186 
f 1901/2090/62 1902/2091/62 1660/1839/62 
f 1903/2092/1487 1764/1947/1487 1902/2091/1487 
f 1902/2091/60 1901/2090/60 1903/2092/60 
f 1764/1947/1186 1763/1946/1186 1902/2091/1186 
f 1904/2093/1187 1660/1839/1187 1902/2091/1187 
f 1664/1843/130 1663/1842/130 1905/2094/130 
f 1905/2094/97 1906/2095/97 1664/1843/97 
f 1907/2096/1488 1760/1943/1488 1906/2095/1488 
f 1906/2095/97 1905/2094/97 1907/2096/97 
f 1760/1943/36 1759/1942/36 1906/2095/36 
f 1908/2097/1184 1664/1843/1184 1906/2095/1184 
f 1668/1847/1191 1667/1846/1191 1909/2098/1191 
f 1909/2098/101 1910/2099/101 1668/1847/101 
f 1911/2100/1195 1756/1939/1195 1910/2099/1195 
f 1910/2099/62 1909/2098/62 1911/2100/62 
f 1756/1939/1186 1755/1938/1186 1910/2099/1186 
f 1912/2101/1187 1668/1847/1187 1910/2099/1187 
f 1672/1851/1201 1671/1850/1201 1913/2102/1201 
f 1913/2102/500 1914/2103/500 1672/1851/500 
f 1915/2104/1194 1752/1935/1194 1914/2103/1194 
f 1914/2103/1489 1913/2102/1489 1915/2104/1489 
f 1752/1935/1201 1751/1934/1201 1914/2103/1201 
f 1916/2105/1187 1672/1851/1187 1914/2103/1187 
f 1676/1855/1186 1675/1854/1186 1917/2106/1186 
f 1917/2106/62 1918/2107/62 1676/1855/62 
f 1919/2108/1190 1748/1931/1190 1918/2107/1190 
f 1918/2107/62 1917/2106/62 1919/2108/62 
f 1748/1931/1185 1747/1930/1185 1918/2107/1185 
f 1920/2109/1184 1676/1855/1184 1918/2107/1184 
f 1680/1859/1191 1679/1858/1191 1921/2110/1191 
f 1921/2110/101 1922/2111/101 1680/1859/101 
f 1923/2112/1195 1744/1927/1195 1922/2111/1195 
f 1922/2111/62 1921/2110/62 1923/2112/62 
f 1744/1927/1186 1743/1926/1186 1922/2111/1186 
f 1924/2113/1187 1680/1859/1187 1922/2111/1187 
f 1640/1893/100 1644/1891/100 1925/2114/100 
f 1925/2114/499 1712/1894/499 1640/1893/499 
f 1644/1891/1198 1711/1890/1198 1925/2114/1198 
f 1926/2115/1187 1712/1894/1187 1925/2114/1187 
f 1716/1899/1186 1715/1898/1186 1927/2116/1186 
f 1927/2116/97 1928/2117/97 1716/1899/97 
f 1929/2118/1199 1708/1887/1199 1928/2117/1199 
f 1928/2117/97 1927/2116/97 1929/2118/97 
f 1708/1887/1185 1707/1886/1185 1928/2117/1185 
f 1930/2119/1184 1716/1899/1184 1928/2117/1184 
f 1720/1903/36 1719/1902/36 1931/2120/36 
f 1931/2120/62 1932/2121/62 1720/1903/62 
f 1933/2122/1195 1704/1883/1195 1932/2121/1195 
f 1932/2121/62 1931/2120/62 1933/2122/62 
f 1704/1883/36 1703/1882/36 1932/2121/36 
f 1934/2123/1184 1720/1903/1184 1932/2121/1184 
f 1724/1907/1191 1723/1906/1191 1935/2124/1191 
f 1935/2124/1184 1936/2125/1184 1724/1907/1184 
f 1937/2126/1195 1700/1879/1195 1936/2125/1195 
f 1936/2125/62 1935/2124/62 1937/2126/62 
f 1700/1879/1186 1699/1878/1186 1936/2125/1186 
f 1938/2127/1187 1724/1907/1187 1936/2125/1187 
f 1728/1911/1186 1727/1910/1186 1939/2128/1186 
f 1939/2128/62 1940/2129/62 1728/1911/62 
f 1941/2130/126 1696/1875/126 1940/2129/126 
f 1940/2129/60 1939/2128/60 1941/2130/60 
f 1696/1875/1186 1695/1874/1186 1940/2129/1186 
f 1942/2131/1187 1728/1911/1187 1940/2129/1187 
f 1732/1915/1186 1731/1914/1186 1943/2132/1186 
f 1943/2132/62 1944/2133/62 1732/1915/62 
f 1945/2134/1195 1692/1871/1195 1944/2133/1195 
f 1944/2133/62 1943/2132/62 1945/2134/62 
f 1692/1871/36 1691/1870/36 1944/2133/36 
f 1946/2135/1184 1732/1915/1184 1944/2133/1184 
f 1736/1919/1185 1735/1918/1185 1947/2136/1185 
f 1947/2136/101 1948/2137/101 1736/1919/101 
f 1949/2138/1195 1688/1867/1195 1948/2137/1195 
f 1948/2137/62 1947/2136/62 1949/2138/62 
f 1688/1867/1186 1687/1866/1186 1948/2137/1186 
f 1950/2139/1187 1736/1919/1187 1948/2137/1187 
f 1740/1923/1186 1739/1922/1186 1951/2140/1186 
f 1951/2140/62 1952/2141/62 1740/1923/62 
f 1953/2142/126 1684/1863/126 1952/2141/126 
f 1952/2141/60 1951/2140/60 1953/2142/60 
f 1684/1863/1192 1683/1862/1192 1952/2141/1192 
f 1954/2143/112 1740/1923/112 1952/2141/112 
f 1773/1957/946 1894/2083/946 1955/2144/946 
f 1955/2144/946 1774/1958/946 1773/1957/946 
f 1894/2083/1490 1893/2082/1490 1955/2144/1490 
f 1956/2145/945 1774/1958/945 1955/2144/945 
f 1778/1963/1210 1777/1962/1210 1957/2146/1210 
f 1957/2146/8 1958/2147/8 1778/1963/8 
f 1959/2148/1206 1890/2079/1206 1958/2147/1206 
f 1958/2147/1207 1957/2146/1207 1959/2148/1207 
f 1890/2079/1210 1889/2078/1210 1958/2147/1210 
f 1960/2149/1217 1778/1963/1217 1958/2147/1217 
f 1782/1967/1210 1781/1966/1210 1961/2150/1210 
f 1961/2150/8 1962/2151/8 1782/1967/8 
f 1963/2152/1211 1886/2075/1211 1962/2151/1211 
f 1962/2151/8 1961/2150/8 1963/2152/8 
f 1886/2075/1212 1885/2074/1212 1962/2151/1212 
f 1964/2153/1213 1782/1967/1213 1962/2151/1213 
f 1786/1971/167 1785/1970/167 1965/2154/167 
f 1965/2154/947 1966/2155/947 1786/1971/947 
f 1967/2156/1491 1882/2071/1491 1966/2155/1491 
f 1966/2155/947 1965/2154/947 1967/2156/947 
f 1882/2071/167 1881/2070/167 1966/2155/167 
f 1968/2157/1213 1786/1971/1213 1966/2155/1213 
f 1790/1975/1210 1789/1974/1210 1969/2158/1210 
f 1969/2158/8 1970/2159/8 1790/1975/8 
f 1971/2160/1206 1878/2067/1206 1970/2159/1206 
f 1970/2159/1207 1969/2158/1207 1971/2160/1207 
f 1878/2067/1210 1877/2066/1210 1970/2159/1210 
f 1972/2161/1217 1790/1975/1217 1970/2159/1217 
f 1794/1979/1210 1793/1978/1210 1973/2162/1210 
f 1973/2162/8 1974/2163/8 1794/1979/8 
f 1975/2164/1211 1874/2063/1211 1974/2163/1211 
f 1974/2163/8 1973/2162/8 1975/2164/8 
f 1874/2063/1212 1873/2062/1212 1974/2163/1212 
f 1976/2165/1213 1794/1979/1213 1974/2163/1213 
f 1798/1983/1492 1797/1982/1492 1977/2166/1492 
f 1977/2166/1493 1978/2167/1493 1798/1983/1493 
f 1979/2168/1491 1870/2059/1491 1978/2167/1491 
f 1978/2167/947 1977/2166/947 1979/2168/947 
f 1870/2059/1494 1869/2058/1494 1978/2167/1494 
f 1980/2169/1495 1798/1983/1495 1978/2167/1495 
f 1802/1987/1224 1801/1986/1224 1981/2170/1224 
f 1981/2170/945 1982/2171/945 1802/1987/945 
f 1983/2172/1493 1866/2055/1493 1982/2171/1493 
f 1982/2171/1496 1981/2170/1496 1983/2172/1496 
f 1866/2055/1224 1865/2054/1224 1982/2171/1224 
f 1984/2173/1217 1802/1987/1217 1982/2171/1217 
f 1646/2021/1222 1645/2019/1222 1985/2174/1222 
f 1985/2174/946 1834/2022/946 1646/2021/946 
f 1645/2019/1258 1833/2018/1258 1985/2174/1258 
f 1986/2175/1226 1834/2022/1226 1985/2174/1226 
f 1838/2027/1210 1837/2026/1210 1987/2176/1210 
f 1987/2176/8 1988/2177/8 1838/2027/8 
f 1989/2178/1216 1830/2015/1216 1988/2177/1216 
f 1988/2177/946 1987/2176/946 1989/2178/946 
f 1830/2015/1210 1829/2014/1210 1988/2177/1210 
f 1990/2179/1217 1838/2027/1217 1988/2177/1217 
f 1842/2031/1210 1841/2030/1210 1991/2180/1210 
f 1991/2180/8 1992/2181/8 1842/2031/8 
f 1993/2182/1211 1826/2011/1211 1992/2181/1211 
f 1992/2181/8 1991/2180/8 1993/2182/8 
f 1826/2011/1220 1825/2010/1220 1992/2181/1220 
f 1994/2183/1213 1842/2031/1213 1992/2181/1213 
f 1846/2035/1212 1845/2034/1212 1995/2184/1212 
f 1995/2184/1221 1996/2185/1221 1846/2035/1221 
f 1997/2186/1215 1822/2007/1215 1996/2185/1215 
f 1996/2185/8 1995/2184/8 1997/2186/8 
f 1822/2007/1210 1821/2006/1210 1996/2185/1210 
f 1998/2187/1217 1846/2035/1217 1996/2185/1217 
f 1850/2039/1208 1849/2038/1208 1999/2188/1208 
f 1999/2188/8 2000/2189/8 1850/2039/8 
f 2001/2190/1497 1818/2003/1497 2000/2189/1497 
f 2000/2189/1207 1999/2188/1207 2001/2190/1207 
f 1818/2003/1210 1817/2002/1210 2000/2189/1210 
f 2002/2191/1217 1850/2039/1217 2000/2189/1217 
f 1854/2043/1210 1853/2042/1210 2003/2192/1210 
f 2003/2192/8 2004/2193/8 1854/2043/8 
f 2005/2194/1211 1814/1999/1211 2004/2193/1211 
f 2004/2193/8 2003/2192/8 2005/2194/8 
f 1814/1999/1220 1813/1998/1220 2004/2193/1220 
f 2006/2195/1213 1854/2043/1213 2004/2193/1213 
f 1858/2047/1214 1857/2046/1214 2007/2196/1214 
f 2007/2196/8 2008/2197/8 1858/2047/8 
f 2009/2198/1215 1810/1995/1215 2008/2197/1215 
f 2008/2197/8 2007/2196/8 2009/2198/8 
f 1810/1995/1214 1809/1994/1214 2008/2197/1214 
f 2010/2199/1213 1858/2047/1213 2008/2197/1213 
f 1862/2051/1498 1861/2050/1498 2011/2200/1498 
f 2011/2200/8 2012/2201/8 1862/2051/8 
f 2013/2202/1068 1806/1991/1068 2012/2201/1068 
f 2012/2201/1207 2011/2200/1207 2013/2202/1207 
f 1806/1991/1498 1805/1990/1498 2012/2201/1498 
f 2014/2203/1217 1862/2051/1217 2012/2201/1217 
f 1930/2204/1233 1928/2205/1233 1990/2206/1233 
f 1990/2206/1233 1988/2207/1233 1930/2204/1233 
f 1926/2208/1231 1925/2209/1231 1986/2210/1231 
f 1986/2210/1231 1985/2211/1231 1926/2208/1231 
f 1934/2212/1231 1932/2213/1231 1994/2214/1231 
f 1994/2214/1231 1992/2215/1231 1934/2212/1231 
f 1938/2216/1231 1936/2217/1231 1998/2218/1231 
f 1998/2218/1231 1996/2219/1231 1938/2216/1231 
f 1942/2220/1231 1940/2221/1231 2002/2222/1231 
f 2002/2222/1231 2000/2223/1231 1942/2220/1231 
f 1946/2224/1231 1944/2225/1231 2006/2226/1231 
f 2006/2226/1231 2004/2227/1231 1946/2224/1231 
f 1950/2228/1231 1948/2229/1231 2010/2230/1231 
f 2010/2230/1231 2008/2231/1231 1950/2228/1231 
f 1954/2232/1231 1952/2233/1231 2014/2234/1231 
f 2014/2234/1231 2012/2235/1231 1954/2232/1231 
f 1923/2236/1499 1921/2237/1499 1983/2238/1499 
f 1983/2238/1499 1981/2239/1499 1923/2236/1499 
f 1919/2240/1232 1917/2241/1232 1979/2242/1232 
f 1979/2242/1232 1977/2243/1232 1919/2240/1232 
f 1915/2244/1231 1913/2245/1231 1975/2246/1231 
f 1975/2246/1231 1973/2247/1231 1915/2244/1231 
f 1911/2248/1230 1909/2249/1230 1971/2250/1230 
f 1971/2250/1230 1969/2251/1230 1911/2248/1230 
f 1907/2252/1231 1905/2253/1231 1967/2254/1231 
f 1967/2254/1231 1965/2255/1231 1907/2252/1231 
f 1903/2256/1231 1901/2257/1231 1963/2258/1231 
f 1963/2258/1231 1961/2259/1231 1903/2256/1231 
f 1899/2260/1231 1897/2261/1231 1959/2262/1231 
f 1959/2262/1231 1957/2263/1231 1899/2260/1231 
f 1896/2264/1500 1895/2265/1500 1956/2266/1500 
f 1956/2266/1500 1955/2267/1500 1896/2264/1500 
f 1900/2268/295 1898/2269/295 1960/2270/295 
f 1960/2270/295 1958/2271/295 1900/2268/295 
f 1904/2272/1234 1902/2273/1234 1964/2274/1234 
f 1964/2274/1234 1962/2275/1234 1904/2272/1234 
f 1908/2276/948 1906/2277/948 1968/2278/948 
f 1968/2278/948 1966/2279/948 1908/2276/948 
f 1912/2280/948 1910/2281/948 1972/2282/948 
f 1972/2282/948 1970/2283/948 1912/2280/948 
f 1916/2284/1501 1914/2285/1501 1976/2286/1501 
f 1976/2286/1501 1974/2287/1501 1916/2284/1501 
f 1920/2288/1235 1918/2289/1235 1980/2290/1235 
f 1980/2290/1235 1978/2291/1235 1920/2288/1235 
f 1924/2292/948 1922/2293/948 1984/2294/948 
f 1984/2294/948 1982/2295/948 1924/2292/948 
f 1953/2296/948 1951/2297/948 2013/2298/948 
f 2013/2298/948 2011/2299/948 1953/2296/948 
f 1949/2300/948 1947/2301/948 2009/2302/948 
f 2009/2302/948 2007/2303/948 1949/2300/948 
f 1945/2304/948 1943/2305/948 2005/2306/948 
f 2005/2306/948 2003/2307/948 1945/2304/948 
f 1941/2308/948 1939/2309/948 2001/2310/948 
f 2001/2310/948 1999/2311/948 1941/2308/948 
f 1937/2312/948 1935/2313/948 1997/2314/948 
f 1997/2314/948 1995/2315/948 1937/2312/948 
f 1933/2316/948 1931/2317/948 1993/2318/948 
f 1993/2318/948 1991/2319/948 1933/2316/948 
f 1929/2320/295 1927/2321/295 1989/2322/295 
f 1989/2322/295 1987/2323/295 1929/2320/295 
f 1702/2326/109 1701/2327/109 1844/2324/109 
f 1844/2324/109 1843/2325/109 1702/2326/109 
f 1698/2330/109 1697/2331/109 1848/2328/109 
f 1848/2328/109 1847/2329/109 1698/2330/109 
f 1694/2334/109 1693/2335/109 1852/2332/109 
f 1852/2332/109 1851/2333/109 1694/2334/109 
f 1690/2338/109 1689/2339/109 1856/2336/109 
f 1856/2336/109 1855/2337/109 1690/2338/109 
f 1686/2342/109 1685/2343/109 1860/2340/109 
f 1860/2340/109 1859/2341/109 1686/2342/109 
f 1682/2346/109 1681/2347/109 1864/2344/109 
f 1864/2344/109 1863/2345/109 1682/2346/109 
f 1678/2350/109 1677/2351/109 1868/2348/109 
f 1868/2348/109 1867/2349/109 1678/2350/109 
f 1674/2354/109 1673/2355/109 1872/2352/109 
f 1872/2352/109 1871/2353/109 1674/2354/109 
f 1706/2358/109 1705/2359/109 1840/2356/109 
f 1840/2356/109 1839/2357/109 1706/2358/109 
f 1710/2362/109 1709/2363/109 1836/2360/109 
f 1836/2360/109 1835/2361/109 1710/2362/109 
f 1670/2366/109 1669/2367/109 1876/2364/109 
f 1876/2364/109 1875/2365/109 1670/2366/109 
f 1666/2370/109 1665/2371/109 1880/2368/109 
f 1880/2368/109 1879/2369/109 1666/2370/109 
f 1662/2374/109 1661/2375/109 1884/2372/109 
f 1884/2372/109 1883/2373/109 1662/2374/109 
f 1658/2378/109 1657/2379/109 1888/2376/109 
f 1888/2376/109 1887/2377/109 1658/2378/109 
f 1654/2382/109 1653/2383/109 1892/2380/109 
f 1892/2380/109 1891/2381/109 1654/2382/109 
f 1714/2385/33 1713/2386/33 1832/2387/33 
f 1832/2387/33 1831/2384/33 1714/2385/33 
f 1718/2389/33 1717/2390/33 1828/2391/33 
f 1828/2391/33 1827/2388/33 1718/2389/33 
f 1722/2393/33 1721/2394/33 1824/2395/33 
f 1824/2395/33 1823/2392/33 1722/2393/33 
f 1726/2397/33 1725/2398/33 1820/2399/33 
f 1820/2399/33 1819/2396/33 1726/2397/33 
f 1730/2401/33 1729/2402/33 1816/2403/33 
f 1816/2403/33 1815/2400/33 1730/2401/33 
f 1734/2405/33 1733/2406/33 1812/2407/33 
f 1812/2407/33 1811/2404/33 1734/2405/33 
f 1738/2409/33 1737/2410/33 1808/2411/33 
f 1808/2411/33 1807/2408/33 1738/2409/33 
f 1742/2413/33 1741/2414/33 1804/2415/33 
f 1804/2415/33 1803/2412/33 1742/2413/33 
f 1746/2417/33 1745/2418/33 1800/2419/33 
f 1800/2419/33 1799/2416/33 1746/2417/33 
f 1750/2421/33 1749/2422/33 1796/2423/33 
f 1796/2423/33 1795/2420/33 1750/2421/33 
f 1754/2425/33 1753/2426/33 1792/2427/33 
f 1792/2427/33 1791/2424/33 1754/2425/33 
f 1758/2429/33 1757/2430/33 1788/2431/33 
f 1788/2431/33 1787/2428/33 1758/2429/33 
f 1762/2433/33 1761/2434/33 1784/2435/33 
f 1784/2435/33 1783/2432/33 1762/2433/33 
f 1766/2437/33 1765/2438/33 1780/2439/33 
f 1780/2439/33 1779/2436/33 1766/2437/33 
f 1770/2441/33 1769/2442/33 1776/2443/33 
f 1776/2443/33 1775/2440/33 1770/2441/33 
f 1711/1890/1236 1710/1889/1236 1925/2114/1236 
f 1709/1888/1014 1708/1887/1014 1929/2118/1014 
f 1707/1886/1014 1706/1885/1014 1928/2117/1014 
f 1705/1884/1236 1704/1883/1236 1933/2122/1236 
f 1703/1882/1014 1702/1881/1014 1932/2121/1014 
f 1701/1880/1236 1700/1879/1236 1937/2126/1236 
f 1699/1878/1236 1698/1877/1236 1936/2125/1236 
f 1697/1876/1014 1696/1875/1014 1941/2130/1014 
f 1695/1874/1236 1694/1873/1236 1940/2129/1236 
f 1693/1872/1236 1692/1871/1236 1945/2134/1236 
f 1691/1870/1014 1690/1869/1014 1944/2133/1014 
f 1689/1868/1236 1688/1867/1236 1949/2138/1236 
f 1687/1866/1187 1686/1865/1187 1948/2137/1187 
f 1685/1864/1014 1684/1863/1014 1953/2142/1014 
f 1683/1862/1502 1682/1861/1502 1952/2141/1502 
f 1681/1860/1187 1680/1859/1187 1924/2113/1187 
f 1679/1858/1014 1678/1857/1014 1921/2110/1014 
f 1677/1856/1502 1676/1855/1502 1920/2109/1502 
f 1675/1854/1187 1674/1853/1187 1917/2106/1187 
f 1673/1852/1239 1672/1851/1239 1916/2105/1239 
f 1671/1850/1503 1670/1849/1503 1913/2102/1503 
f 1669/1848/1237 1668/1847/1237 1912/2101/1237 
f 1667/1846/1014 1666/1845/1014 1909/2098/1014 
f 1665/1844/1236 1664/1843/1236 1908/2097/1236 
f 1663/1842/1188 1662/1841/1188 1905/2094/1188 
f 1661/1840/1014 1660/1839/1014 1904/2093/1014 
f 1659/1838/1236 1658/1837/1236 1901/2090/1236 
f 1657/1836/1504 1656/1835/1504 1900/2089/1504 
f 1655/1834/1236 1654/1833/1236 1897/2086/1236 
f 1652/1830/1505 1896/2085/1505 1653/1832/1505 
f 1771/1954/1506 1770/1953/1506 1895/2084/1506 
f 1899/2088/1014 1769/1952/1014 1768/1951/1014 
f 1898/2087/1502 1767/1950/1502 1766/1949/1502 
f 1903/2092/1014 1765/1948/1014 1764/1947/1014 
f 1902/2091/1236 1763/1946/1236 1762/1945/1236 
f 1907/2096/1198 1761/1944/1198 1760/1943/1198 
f 1906/2095/1014 1759/1942/1014 1758/1941/1014 
f 1911/2100/1236 1757/1940/1236 1756/1939/1236 
f 1910/2099/1238 1755/1938/1238 1754/1937/1238 
f 1915/2104/1507 1753/1936/1507 1752/1935/1507 
f 1914/2103/1247 1751/1934/1247 1750/1933/1247 
f 1919/2108/1187 1749/1932/1187 1748/1931/1187 
f 1918/2107/1504 1747/1930/1504 1746/1929/1504 
f 1923/2112/1236 1745/1928/1236 1744/1927/1236 
f 1922/2111/1187 1743/1926/1187 1742/1925/1187 
f 1954/2143/1504 1741/1924/1504 1740/1923/1504 
f 1951/2140/1236 1739/1922/1236 1738/1921/1236 
f 1950/2139/1187 1737/1920/1187 1736/1919/1187 
f 1947/2136/1014 1735/1918/1014 1734/1917/1014 
f 1946/2135/1236 1733/1916/1236 1732/1915/1236 
f 1943/2132/1187 1731/1914/1187 1730/1913/1187 
f 1942/2131/1014 1729/1912/1014 1728/1911/1014 
f 1939/2128/1236 1727/1910/1236 1726/1909/1236 
f 1938/2127/1014 1725/1908/1014 1724/1907/1014 
f 1935/2124/1014 1723/1906/1014 1722/1905/1014 
f 1934/2123/1236 1721/1904/1236 1720/1903/1236 
f 1931/2120/1014 1719/1902/1014 1718/1901/1014 
f 1930/2119/1236 1717/1900/1236 1716/1899/1236 
f 1927/2116/1236 1715/1898/1236 1714/1897/1236 
f 1712/1894/1014 1926/2115/1014 1713/1896/1014 
f 1833/2018/1226 1832/2017/1226 1985/2174/1226 
f 1831/2016/1254 1830/2015/1254 1989/2178/1254 
f 1988/2177/1248 1829/2014/1248 1828/2013/1248 
f 1827/2012/1217 1826/2011/1217 1993/2182/1217 
f 1992/2181/1255 1825/2010/1255 1824/2009/1255 
f 1823/2008/1248 1822/2007/1248 1997/2186/1248 
f 1996/2185/1217 1821/2006/1217 1820/2005/1217 
f 1819/2004/1255 1818/2003/1255 2001/2190/1255 
f 2000/2189/1248 1817/2002/1248 1816/2001/1248 
f 1815/2000/1217 1814/1999/1217 2005/2194/1217 
f 2004/2193/1249 1813/1998/1249 1812/1997/1249 
f 1811/1996/1248 1810/1995/1248 2009/2198/1248 
f 2008/2197/1249 1809/1994/1249 1808/1993/1249 
f 1807/1992/1508 1806/1991/1508 2013/2202/1508 
f 2012/2201/1248 1805/1990/1248 1804/1989/1248 
f 1803/1988/1508 1802/1987/1508 1984/2173/1508 
f 1981/2170/1509 1801/1986/1509 1800/1985/1509 
f 1799/1984/1252 1798/1983/1252 1980/2169/1252 
f 1977/2166/1249 1797/1982/1249 1796/1981/1249 
f 1795/1980/1248 1794/1979/1248 1976/2165/1248 
f 1973/2162/1248 1793/1978/1248 1792/1977/1248 
f 1791/1976/1249 1790/1975/1249 1972/2161/1249 
f 1969/2158/1248 1789/1974/1248 1788/1973/1248 
f 1787/1972/1248 1786/1971/1248 1968/2157/1248 
f 1965/2154/1249 1785/1970/1249 1784/1969/1249 
f 1783/1968/1248 1782/1967/1248 1964/2153/1248 
f 1961/2150/1217 1781/1966/1217 1780/1965/1217 
f 1779/1964/1249 1778/1963/1249 1960/2149/1249 
f 1957/2146/1248 1777/1962/1248 1776/1961/1248 
f 1774/1958/1510 1956/2145/1510 1775/1960/1510 
f 1893/2082/1511 1892/2081/1511 1955/2144/1511 
f 1891/2080/1249 1890/2079/1249 1959/2148/1249 
f 1958/2147/1248 1889/2078/1248 1888/2077/1248 
f 1887/2076/1217 1886/2075/1217 1963/2152/1217 
f 1962/2151/1249 1885/2074/1249 1884/2073/1249 
f 1883/2072/1248 1882/2071/1248 1967/2156/1248 
f 1966/2155/1249 1881/2070/1249 1880/2069/1249 
f 1879/2068/1249 1878/2067/1249 1971/2160/1249 
f 1970/2159/1248 1877/2066/1248 1876/2065/1248 
f 1875/2064/1249 1874/2063/1249 1975/2164/1249 
f 1974/2163/1249 1873/2062/1249 1872/2061/1249 
f 1871/2060/1248 1870/2059/1248 1979/2168/1248 
f 1978/2167/1259 1869/2058/1259 1868/2057/1259 
f 1867/2056/1508 1866/2055/1508 1983/2172/1508 
f 1982/2171/1509 1865/2054/1509 1864/2053/1509 
f 1863/2052/1249 1862/2051/1249 2014/2203/1249 
f 2011/2200/1509 1861/2050/1509 1860/2049/1509 
f 1859/2048/1248 1858/2047/1248 2010/2199/1248 
f 2007/2196/1249 1857/2046/1249 1856/2045/1249 
f 1855/2044/1248 1854/2043/1248 2006/2195/1248 
f 2003/2192/1217 1853/2042/1217 1852/2041/1217 
f 1851/2040/1249 1850/2039/1249 2002/2191/1249 
f 1999/2188/1257 1849/2038/1257 1848/2037/1257 
f 1847/2036/1217 1846/2035/1217 1998/2187/1217 
f 1995/2184/1249 1845/2034/1249 1844/2033/1249 
f 1843/2032/1257 1842/2031/1257 1994/2183/1257 
f 1991/2180/1217 1841/2030/1217 1840/2029/1217 
f 1839/2028/1249 1838/2027/1249 1990/2179/1249 
f 1987/2176/1258 1837/2026/1258 1836/2025/1258 
f 1834/2022/1226 1986/2175/1226 1835/2024/1226 
f 1717/2390/1269 1930/2444/1269 1988/2445/1269 
f 1988/2445/1262 1828/2391/1262 1717/2390/1262 
f 1839/2446/1263 1990/2206/1263 1928/2205/1263 
f 1928/2205/1264 1706/2447/1264 1839/2446/1264 
f 1713/2386/1262 1926/2448/1262 1985/2449/1262 
f 1985/2449/1261 1832/2387/1261 1713/2386/1261 
f 1835/2450/1264 1986/2210/1264 1925/2209/1264 
f 1925/2209/1263 1710/2451/1263 1835/2450/1263 
f 1721/2394/1266 1934/2452/1266 1992/2453/1266 
f 1992/2453/1278 1824/2395/1278 1721/2394/1278 
f 1843/2454/1264 1994/2214/1264 1932/2213/1264 
f 1932/2213/1264 1702/2455/1264 1843/2454/1264 
f 1725/2398/1262 1938/2456/1262 1996/2457/1262 
f 1996/2457/1261 1820/2399/1261 1725/2398/1261 
f 1847/2458/1264 1998/2218/1264 1936/2217/1264 
f 1936/2217/1263 1698/2459/1263 1847/2458/1263 
f 1729/2402/1262 1942/2460/1262 2000/2461/1262 
f 2000/2461/1279 1816/2403/1279 1729/2402/1279 
f 1851/2462/1280 2002/2222/1280 1940/2221/1280 
f 1940/2221/1265 1694/2463/1265 1851/2462/1265 
f 1733/2406/1266 1946/2464/1266 2004/2465/1266 
f 2004/2465/1266 1812/2407/1266 1733/2406/1266 
f 1855/2466/1264 2006/2226/1264 1944/2225/1264 
f 1944/2225/1264 1690/2467/1264 1855/2466/1264 
f 1737/2410/1266 1950/2468/1266 2008/2469/1266 
f 2008/2469/1266 1808/2411/1266 1737/2410/1266 
f 1859/2470/1264 2010/2230/1264 1948/2229/1264 
f 1948/2229/1264 1686/2471/1264 1859/2470/1264 
f 1741/2414/1279 1954/2472/1279 2012/2473/1279 
f 2012/2473/1279 1804/2415/1279 1741/2414/1279 
f 1863/2474/1280 2014/2234/1280 1952/2233/1280 
f 1952/2233/1280 1682/2475/1280 1863/2474/1280 
f 1745/2418/1512 1923/2476/1512 1981/2477/1512 
f 1981/2477/1513 1800/2419/1513 1745/2418/1513 
f 1867/2478/1514 1983/2238/1514 1921/2237/1514 
f 1921/2237/1264 1678/2479/1264 1867/2478/1264 
f 1749/2422/1271 1919/2480/1271 1977/2481/1271 
f 1977/2481/1271 1796/2423/1271 1749/2422/1271 
f 1871/2482/1515 1979/2242/1515 1917/2241/1515 
f 1917/2241/1515 1674/2483/1515 1871/2482/1515 
f 1753/2426/1513 1915/2484/1513 1973/2485/1513 
f 1973/2485/1516 1792/2427/1516 1753/2426/1516 
f 1875/2486/1280 1975/2246/1280 1913/2245/1280 
f 1913/2245/1517 1670/2487/1517 1875/2486/1517 
f 1757/2430/1261 1911/2488/1261 1969/2489/1261 
f 1969/2489/1279 1788/2431/1279 1757/2430/1279 
f 1879/2490/1281 1971/2250/1281 1909/2249/1281 
f 1909/2249/1264 1666/2491/1264 1879/2490/1264 
f 1761/2434/1266 1907/2492/1266 1965/2493/1266 
f 1965/2493/1266 1784/2435/1266 1761/2434/1266 
f 1883/2494/1264 1967/2254/1264 1905/2253/1264 
f 1905/2253/1264 1662/2495/1264 1883/2494/1264 
f 1765/2438/1279 1903/2496/1279 1961/2497/1279 
f 1961/2497/1261 1780/2439/1261 1765/2438/1261 
f 1887/2498/1264 1963/2258/1264 1901/2257/1264 
f 1901/2257/1281 1658/2499/1281 1887/2498/1281 
f 1769/2442/1279 1899/2500/1279 1957/2501/1279 
f 1957/2501/1279 1776/2443/1279 1769/2442/1279 
f 1891/2502/1280 1959/2262/1280 1897/2261/1280 
f 1897/2261/1280 1654/2503/1280 1891/2502/1280 
f 1653/2383/1518 1896/2504/1518 1955/2505/1518 
f 1955/2505/1519 1892/2380/1519 1653/2383/1519 
f 1775/2506/1520 1956/2266/1520 1895/2265/1520 
f 1895/2265/1521 1770/2507/1521 1775/2506/1521 
f 1657/2379/1289 1900/2508/1289 1958/2509/1289 
f 1958/2509/1289 1888/2376/1289 1657/2379/1289 
f 1779/2510/1286 1960/2270/1286 1898/2269/1286 
f 1898/2269/1286 1766/2511/1286 1779/2510/1286 
f 1661/2375/1285 1904/2512/1285 1962/2513/1285 
f 1962/2513/1282 1884/2372/1282 1661/2375/1282 
f 1783/2514/1287 1964/2274/1287 1902/2273/1287 
f 1902/2273/1286 1762/2515/1286 1783/2514/1286 
f 1665/2371/1282 1908/2516/1282 1966/2517/1282 
f 1966/2517/1282 1880/2368/1282 1665/2371/1282 
f 1787/2518/1284 1968/2278/1284 1906/2277/1284 
f 1906/2277/1284 1758/2519/1284 1787/2518/1284 
f 1669/2367/1289 1912/2520/1289 1970/2521/1289 
f 1970/2521/1289 1876/2364/1289 1669/2367/1289 
f 1791/2522/1286 1972/2282/1286 1910/2281/1286 
f 1910/2281/1288 1754/2523/1288 1791/2522/1288 
f 1673/2355/1522 1916/2524/1522 1974/2525/1522 
f 1974/2525/1282 1872/2352/1282 1673/2355/1282 
f 1795/2526/1523 1976/2286/1523 1914/2285/1523 
f 1914/2285/1292 1750/2527/1292 1795/2526/1292 
f 1677/2351/1293 1920/2528/1293 1978/2529/1293 
f 1978/2529/1293 1868/2348/1293 1677/2351/1293 
f 1799/2530/1294 1980/2290/1294 1918/2289/1294 
f 1918/2289/1294 1746/2531/1294 1799/2530/1294 
f 1681/2347/1282 1924/2532/1282 1982/2533/1282 
f 1982/2533/1522 1864/2344/1522 1681/2347/1522 
f 1803/2534/1292 1984/2294/1292 1922/2293/1292 
f 1922/2293/1523 1742/2535/1523 1803/2534/1523 
f 1685/2343/1289 1953/2536/1289 2011/2537/1289 
f 2011/2537/1290 1860/2340/1290 1685/2343/1290 
f 1807/2538/1292 2013/2298/1292 1951/2297/1292 
f 1951/2297/1291 1738/2539/1291 1807/2538/1291 
f 1689/2339/1282 1949/2540/1282 2007/2541/1282 
f 2007/2541/1282 1856/2336/1282 1689/2339/1282 
f 1811/2542/1284 2009/2302/1284 1947/2301/1284 
f 1947/2301/1284 1734/2543/1284 1811/2542/1284 
f 1693/2335/1282 1945/2544/1282 2003/2545/1282 
f 2003/2545/1282 1852/2332/1282 1693/2335/1282 
f 1815/2546/1284 2005/2306/1284 1943/2305/1284 
f 1943/2305/1284 1730/2547/1284 1815/2546/1284 
f 1697/2331/1289 1941/2548/1289 1999/2549/1289 
f 1999/2549/1289 1848/2328/1289 1697/2331/1289 
f 1819/2550/1286 2001/2310/1286 1939/2309/1286 
f 1939/2309/1286 1726/2551/1286 1819/2550/1286 
f 1701/2327/1282 1937/2552/1282 1995/2553/1282 
f 1995/2553/1282 1844/2324/1282 1701/2327/1282 
f 1823/2554/1284 1997/2314/1284 1935/2313/1284 
f 1935/2313/1284 1722/2555/1284 1823/2554/1284 
f 1705/2359/1282 1933/2556/1282 1991/2557/1282 
f 1991/2557/1282 1840/2356/1282 1705/2359/1282 
f 1827/2558/1284 1993/2318/1284 1931/2317/1284 
f 1931/2317/1284 1718/2559/1284 1827/2558/1284 
f 1709/2363/1289 1929/2560/1289 1987/2561/1289 
f 1987/2561/1289 1836/2360/1289 1709/2363/1289 
f 1831/2562/1288 1989/2322/1288 1927/2321/1288 
f 1927/2321/1286 1714/2563/1286 1831/2562/1286 
f 2015/1779/499 2016/1776/499 2017/1783/499 
f 2017/1783/499 2018/1781/499 2015/1779/499 
f 2019/1784/947 2020/2610/947 2021/2611/947 
f 2021/2611/947 2022/1787/947 2019/1784/947 
f 2020/2610/947 2019/1784/947 2023/2612/947 
f 2023/2612/947 2024/1786/947 2020/2610/947 
f 2025/2613/947 2026/1785/947 2024/1786/947 
f 2024/1786/947 2023/2612/947 2025/2613/947 
f 2027/1788/109 2028/1789/109 2029/1790/109 
f 2029/1790/109 2030/1791/109 2027/1788/109 
f 2031/1792/948 2032/1793/948 2033/1794/948 
f 2033/1794/948 2034/1795/948 2031/1792/948 
f 2029/1790/932 2028/1789/932 2035/1796/932 
f 2035/1796/1297 2036/1797/1297 2029/1790/1297 
f 2030/1791/1298 2029/1790/1298 2036/1797/1298 
f 2036/1797/1299 2019/1798/1299 2030/1791/1299 
f 2027/1788/1300 2030/1791/1300 2019/1798/1300 
f 2019/1798/954 2022/1799/954 2027/1788/954 
f 2028/1789/955 2027/1788/955 2022/1799/955 
f 2022/1799/941 2035/1796/941 2028/1789/941 
f 2024/1805/948 2034/1795/948 2033/1794/948 
f 2033/1794/948 2020/2614/948 2024/1805/948 
f 2037/1804/943 2031/1792/943 2034/1795/943 
f 2034/1795/1524 2024/1805/1524 2037/1804/1524 
f 2022/1803/948 2021/2615/948 2032/1793/948 
f 2032/1793/1525 2035/1802/1525 2022/1803/1525 
f 2031/1792/943 2037/1804/943 2035/1802/943 
f 2035/1802/957 2032/1793/957 2031/1792/957 
f 2020/2614/948 2033/1794/948 2032/1793/948 
f 2032/1793/948 2021/2615/948 2020/2614/948 
f 2019/1817/1302 2038/1811/1302 2039/1818/1302 
f 2039/1818/502 2023/2616/502 2019/1817/502 
f 2036/1816/139 2040/1810/139 2038/1811/139 
f 2038/1811/959 2019/1817/959 2036/1816/959 
f 2026/1814/502 2025/2617/502 2041/1813/502 
f 2041/1813/959 2042/1812/959 2026/1814/959 
f 2043/1807/139 2036/1816/139 2042/1812/139 
f 2042/1812/1303 2041/1813/1303 2043/1807/1303 
f 2044/1808/139 2040/1810/139 2036/1816/139 
f 2036/1816/139 2043/1807/139 2044/1808/139 
f 2023/2616/502 2039/1818/502 2045/1819/502 
f 2045/1819/502 2025/2617/502 2023/2616/502 
f 2046/1815/502 2041/1813/502 2025/2617/502 
f 2025/2617/502 2045/1819/502 2046/1815/502 
f 2047/1820/109 2048/1821/109 2039/1822/109 
f 2039/1822/109 2038/1823/109 2047/1820/109 
f 2049/1824/33 2050/1825/33 2043/1826/33 
f 2043/1826/33 2041/1827/33 2049/1824/33 
f 2050/1828/97 2051/1829/97 2052/1830/97 
f 2052/1830/127 2043/1831/127 2050/1828/127 
f 2053/1832/961 2054/1833/961 2043/1831/961 
f 2043/1831/1526 2052/1830/1526 2053/1832/1526 
f 2055/1834/1527 2056/1835/1527 2043/1831/1527 
f 2043/1831/964 2054/1833/964 2055/1834/964 
f 2057/1836/51 2058/1837/51 2043/1831/51 
f 2043/1831/1357 2056/1835/1357 2057/1836/1357 
f 2059/1838/967 2060/1839/967 2043/1831/967 
f 2043/1831/1528 2058/1837/1528 2059/1838/1528 
f 2061/1840/1309 2062/1841/1309 2043/1831/1309 
f 2043/1831/1310 2060/1839/1310 2061/1840/1310 
f 2063/1842/119 2064/1843/119 2043/1831/119 
f 2043/1831/1026 2062/1841/1026 2063/1842/1026 
f 2065/1844/1529 2066/1845/1529 2043/1831/1529 
f 2043/1831/974 2064/1843/974 2065/1844/974 
f 2067/1846/975 2068/1847/975 2043/1831/975 
f 2043/1831/976 2066/1845/976 2067/1846/976 
f 2069/1848/1530 2070/1849/1530 2043/1831/1530 
f 2043/1831/1531 2068/1847/1531 2069/1848/1531 
f 2071/1850/1532 2072/1851/1532 2043/1831/1532 
f 2043/1831/1533 2070/1849/1533 2071/1850/1533 
f 2073/1852/1318 2074/1853/1318 2043/1831/1318 
f 2043/1831/1534 2072/1851/1534 2073/1852/1534 
f 2075/1854/1535 2076/1855/1535 2043/1831/1535 
f 2043/1831/1536 2074/1853/1536 2075/1854/1536 
f 2077/1856/1537 2078/1857/1537 2043/1831/1537 
f 2043/1831/1538 2076/1855/1538 2077/1856/1538 
f 2079/1858/1539 2080/1859/1539 2043/1831/1539 
f 2043/1831/1540 2078/1857/1540 2079/1858/1540 
f 2081/1860/130 2082/1861/130 2043/1831/130 
f 2043/1831/1541 2080/1859/1541 2081/1860/1541 
f 2083/1862/1542 2084/1863/1542 2043/1831/1542 
f 2043/1831/1543 2082/1861/1543 2083/1862/1543 
f 2085/1864/1324 2086/1865/1324 2043/1831/1324 
f 2043/1831/1331 2084/1863/1331 2085/1864/1331 
f 2087/1866/994 2088/1867/994 2043/1831/994 
f 2043/1831/1379 2086/1865/1379 2087/1866/1379 
f 2089/1868/996 2090/1869/996 2043/1831/996 
f 2043/1831/1335 2088/1867/1335 2089/1868/1335 
f 2091/1870/1544 2092/1871/1544 2043/1831/1544 
f 2043/1831/998 2090/1869/998 2091/1870/998 
f 2093/1872/999 2094/1873/999 2043/1831/999 
f 2043/1831/1337 2092/1871/1337 2093/1872/1337 
f 2095/1874/1001 2096/1875/1001 2043/1831/1001 
f 2043/1831/1339 2094/1873/1339 2095/1874/1339 
f 2097/1876/1545 2098/1877/1545 2043/1831/1545 
f 2043/1831/1003 2096/1875/1003 2097/1876/1003 
f 2099/1878/1341 2100/1879/1341 2043/1831/1341 
f 2043/1831/1342 2098/1877/1342 2099/1878/1342 
f 2101/1880/1006 2102/1881/1006 2043/1831/1006 
f 2043/1831/1344 2100/1879/1344 2101/1880/1344 
f 2103/1882/1008 2104/1883/1008 2043/1831/1008 
f 2043/1831/1009 2102/1881/1009 2103/1882/1009 
f 2105/1884/1546 2106/1885/1546 2043/1831/1546 
f 2043/1831/1547 2104/1883/1547 2105/1884/1547 
f 2107/1886/1548 2108/1887/1548 2043/1831/1548 
f 2043/1831/1066 2106/1885/1066 2107/1886/1066 
f 2109/1888/128 2110/1889/128 2043/1831/128 
f 2043/1831/1014 2108/1887/1014 2109/1888/1014 
f 2111/1890/499 2044/1891/499 2043/1831/499 
f 2043/1831/499 2110/1889/499 2111/1890/499 
f 2038/1892/499 2040/1893/499 2112/1894/499 
f 2112/1894/1350 2047/1895/1350 2038/1892/1350 
f 2113/1896/1351 2114/1897/1351 2047/1895/1351 
f 2047/1895/1549 2112/1894/1549 2113/1896/1549 
f 2115/1898/1022 2116/1899/1022 2047/1895/1022 
f 2047/1895/1354 2114/1897/1354 2115/1898/1354 
f 2117/1900/1550 2118/1901/1550 2047/1895/1550 
f 2047/1895/1551 2116/1899/1551 2117/1900/1551 
f 2119/1902/142 2120/1903/142 2047/1895/142 
f 2047/1895/1552 2118/1901/1552 2119/1902/1552 
f 2121/1904/1024 2122/1905/1024 2047/1895/1024 
f 2047/1895/1553 2120/1903/1553 2121/1904/1553 
f 2123/1906/1358 2124/1907/1358 2047/1895/1358 
f 2047/1895/1359 2122/1905/1359 2123/1906/1359 
f 2125/1908/1554 2126/1909/1554 2047/1895/1554 
f 2047/1895/968 2124/1907/968 2125/1908/968 
f 2127/1910/1555 2128/1911/1555 2047/1895/1555 
f 2047/1895/1361 2126/1909/1361 2127/1910/1361 
f 2129/1912/1362 2130/1913/1362 2047/1895/1362 
f 2047/1895/1556 2128/1911/1556 2129/1912/1556 
f 2131/1914/973 2132/1915/973 2047/1895/973 
f 2047/1895/1365 2130/1913/1365 2131/1914/1365 
f 2133/1916/1557 2134/1917/1557 2047/1895/1557 
f 2047/1895/1558 2132/1915/1558 2133/1916/1558 
f 2135/1918/1559 2136/1919/1559 2047/1895/1559 
f 2047/1895/1560 2134/1917/1560 2135/1918/1560 
f 2137/1920/1561 2138/1921/1561 2047/1895/1561 
f 2047/1895/1562 2136/1919/1562 2137/1920/1562 
f 2139/1922/1370 2140/1923/1370 2047/1895/1370 
f 2047/1895/1371 2138/1921/1371 2139/1922/1371 
f 2141/1924/36 2142/1925/36 2047/1895/36 
f 2047/1895/985 2140/1923/985 2141/1924/985 
f 2143/1926/1320 2144/1927/1320 2047/1895/1320 
f 2047/1895/1540 2142/1925/1540 2143/1926/1540 
f 2145/1928/1375 2146/1929/1375 2047/1895/1375 
f 2047/1895/1376 2144/1927/1376 2145/1928/1376 
f 2147/1930/1563 2148/1931/1563 2047/1895/1563 
f 2047/1895/1564 2146/1929/1564 2147/1930/1564 
f 2149/1932/1565 2150/1933/1565 2047/1895/1565 
f 2047/1895/1566 2148/1931/1566 2149/1932/1566 
f 2151/1934/1567 2152/1935/1567 2047/1895/1567 
f 2047/1895/1568 2150/1933/1568 2151/1934/1568 
f 2153/1936/1569 2154/1937/1569 2047/1895/1569 
f 2047/1895/1570 2152/1935/1570 2153/1936/1570 
f 2155/1938/1571 2156/1939/1571 2047/1895/1571 
f 2047/1895/1572 2154/1937/1572 2155/1938/1572 
f 2157/1940/1573 2158/1941/1573 2047/1895/1573 
f 2047/1895/998 2156/1939/998 2157/1940/998 
f 2159/1942/1386 2160/1943/1386 2047/1895/1386 
f 2047/1895/1336 2158/1941/1336 2159/1942/1336 
f 2161/1944/1574 2162/1945/1574 2047/1895/1574 
f 2047/1895/1575 2160/1943/1575 2161/1944/1575 
f 2163/1946/1576 2164/1947/1576 2047/1895/1576 
f 2047/1895/1390 2162/1945/1390 2163/1946/1390 
f 2165/1948/1391 2166/1949/1391 2047/1895/1391 
f 2047/1895/1393 2164/1947/1393 2165/1948/1393 
f 2167/1950/1577 2168/1951/1577 2047/1895/1577 
f 2047/1895/1578 2166/1949/1578 2167/1950/1578 
f 2169/1952/1186 2170/1953/1186 2047/1895/1186 
f 2047/1895/1579 2168/1951/1579 2169/1952/1579 
f 2171/1954/97 2172/1955/97 2047/1895/97 
f 2047/1895/1580 2170/1953/1580 2171/1954/1580 
f 2048/1956/946 2173/1957/946 2174/1958/946 
f 2174/1958/1396 2039/1959/1396 2048/1956/1396 
f 2175/1960/1581 2176/1961/1581 2039/1959/1581 
f 2039/1959/1582 2174/1958/1582 2175/1960/1582 
f 2177/1962/1071 2178/1963/1071 2039/1959/1071 
f 2039/1959/1072 2176/1961/1072 2177/1962/1072 
f 2179/1964/1446 2180/1965/1446 2039/1959/1446 
f 2039/1959/1401 2178/1963/1401 2179/1964/1401 
f 2181/1966/1583 2182/1967/1583 2039/1959/1583 
f 2039/1959/1584 2180/1965/1584 2181/1966/1584 
f 2183/1968/1077 2184/1969/1077 2039/1959/1077 
f 2039/1959/1078 2182/1967/1078 2183/1968/1078 
f 2185/1970/1585 2186/1971/1585 2039/1959/1585 
f 2039/1959/1586 2184/1969/1586 2185/1970/1586 
f 2187/1972/1444 2188/1973/1444 2039/1959/1444 
f 2039/1959/1587 2186/1971/1587 2187/1972/1587 
f 2189/1974/1083 2190/1975/1083 2039/1959/1083 
f 2039/1959/1084 2188/1973/1084 2189/1974/1084 
f 2191/1976/1588 2192/1977/1588 2039/1959/1588 
f 2039/1959/1407 2190/1975/1407 2191/1976/1407 
f 2193/1978/1589 2194/1979/1589 2039/1959/1589 
f 2039/1959/1590 2192/1977/1590 2193/1978/1590 
f 2195/1980/1089 2196/1981/1089 2039/1959/1089 
f 2039/1959/1591 2194/1979/1591 2195/1980/1591 
f 2197/1982/1409 2198/1983/1409 2039/1959/1409 
f 2039/1959/1410 2196/1981/1410 2197/1982/1410 
f 2199/1984/1592 2200/1985/1592 2039/1959/1592 
f 2039/1959/1593 2198/1983/1593 2199/1984/1593 
f 2201/1986/1594 2202/1987/1594 2039/1959/1594 
f 2039/1959/1595 2200/1985/1595 2201/1986/1595 
f 2203/1988/1415 2204/1989/1415 2039/1959/1415 
f 2039/1959/1416 2202/1987/1416 2203/1988/1416 
f 2205/1990/1596 2206/1991/1596 2039/1959/1596 
f 2039/1959/1597 2204/1989/1597 2205/1990/1597 
f 2207/1992/1598 2208/1993/1598 2039/1959/1598 
f 2039/1959/1599 2206/1991/1599 2207/1992/1599 
f 2209/1994/1214 2210/1995/1214 2039/1959/1214 
f 2039/1959/1600 2208/1993/1600 2209/1994/1600 
f 2211/1996/1601 2212/1997/1601 2039/1959/1601 
f 2039/1959/1421 2210/1995/1421 2211/1996/1421 
f 2213/1998/1602 2214/1999/1602 2039/1959/1602 
f 2039/1959/1603 2212/1997/1603 2213/1998/1603 
f 2215/2000/1161 2216/2001/1161 2039/1959/1161 
f 2039/1959/1604 2214/1999/1604 2215/2000/1604 
f 2217/2002/1605 2218/2003/1605 2039/1959/1605 
f 2039/1959/1111 2216/2001/1111 2217/2002/1111 
f 2219/2004/1606 2220/2005/1606 2039/1959/1606 
f 2039/1959/1607 2218/2003/1607 2219/2004/1607 
f 2221/2006/1167 2222/2007/1167 2039/1959/1167 
f 2039/1959/1608 2220/2005/1608 2221/2006/1608 
f 2223/2008/1430 2224/2009/1430 2039/1959/1430 
f 2039/1959/1117 2222/2007/1117 2223/2008/1117 
f 2225/2010/1431 2226/2011/1431 2039/1959/1431 
f 2039/1959/1119 2224/2009/1119 2225/2010/1119 
f 2227/2012/1073 2228/2013/1073 2039/1959/1073 
f 2039/1959/1609 2226/2011/1609 2227/2012/1609 
f 2229/2014/1434 2230/2015/1434 2039/1959/1434 
f 2039/1959/1123 2228/2013/1123 2229/2014/1123 
f 2231/2016/1435 2232/2017/1435 2039/1959/1435 
f 2039/1959/1249 2230/2015/1249 2231/2016/1249 
f 2233/2018/946 2045/2019/946 2039/1959/946 
f 2039/1959/1610 2232/2017/1610 2233/2018/1610 
f 2041/2020/946 2046/2021/946 2234/2022/946 
f 2234/2022/1126 2049/2023/1126 2041/2020/1126 
f 2235/2024/1611 2236/2025/1611 2049/2023/1611 
f 2049/2023/1612 2234/2022/1612 2235/2024/1612 
f 2237/2026/1613 2238/2027/1613 2049/2023/1613 
f 2049/2023/1614 2236/2025/1614 2237/2026/1614 
f 2239/2028/1127 2240/2029/1127 2049/2023/1127 
f 2049/2023/1132 2238/2027/1132 2239/2028/1132 
f 2241/2030/1442 2242/2031/1442 2049/2023/1442 
f 2049/2023/1615 2240/2029/1615 2241/2030/1615 
f 2243/2032/1444 2244/2033/1444 2049/2023/1444 
f 2049/2023/1616 2242/2031/1616 2243/2032/1616 
f 2245/2034/1133 2246/2035/1133 2049/2023/1133 
f 2049/2023/1138 2244/2033/1138 2245/2034/1138 
f 2247/2036/1139 2248/2037/1139 2049/2023/1139 
f 2049/2023/1617 2246/2035/1617 2247/2036/1617 
f 2249/2038/1618 2250/2039/1618 2049/2023/1618 
f 2049/2023/1619 2248/2037/1619 2249/2038/1619 
f 2251/2040/1620 2252/2041/1620 2049/2023/1620 
f 2049/2023/1144 2250/2039/1144 2251/2040/1144 
f 2253/2042/1454 2254/2043/1454 2049/2023/1454 
f 2049/2023/1621 2252/2041/1621 2253/2042/1621 
f 2255/2044/1408 2256/2045/1408 2049/2023/1408 
f 2049/2023/1456 2254/2043/1456 2255/2044/1456 
f 2257/2046/1457 2258/2047/1457 2049/2023/1457 
f 2049/2023/1456 2256/2045/1456 2257/2046/1456 
f 2259/2048/1622 2260/2049/1622 2049/2023/1622 
f 2049/2023/1623 2258/2047/1623 2259/2048/1623 
f 2261/2050/1624 2262/2051/1624 2049/2023/1624 
f 2049/2023/1625 2260/2049/1625 2261/2050/1625 
f 2263/2052/1626 2264/2053/1626 2049/2023/1626 
f 2049/2023/1627 2262/2051/1627 2263/2052/1627 
f 2265/2054/1628 2266/2055/1628 2049/2023/1628 
f 2049/2023/1629 2264/2053/1629 2265/2054/1629 
f 2267/2056/1465 2268/2057/1465 2049/2023/1465 
f 2049/2023/1630 2266/2055/1630 2267/2056/1630 
f 2269/2058/1467 2270/2059/1467 2049/2023/1467 
f 2049/2023/1631 2268/2057/1631 2269/2058/1631 
f 2271/2060/1163 2272/2061/1163 2049/2023/1163 
f 2049/2023/1421 2270/2059/1421 2271/2060/1421 
f 2273/2062/1165 2274/2063/1165 2049/2023/1165 
f 2049/2023/1632 2272/2061/1632 2273/2062/1632 
f 2275/2064/1633 2276/2065/1633 2049/2023/1633 
f 2049/2023/1634 2274/2063/1634 2275/2064/1634 
f 2277/2066/1169 2278/2067/1169 2049/2023/1169 
f 2049/2023/1168 2276/2065/1168 2277/2066/1168 
f 2279/2068/1635 2280/2069/1635 2049/2023/1635 
f 2049/2023/1172 2278/2067/1172 2279/2068/1172 
f 2281/2070/1606 2282/2071/1606 2049/2023/1606 
f 2049/2023/1636 2280/2069/1636 2281/2070/1636 
f 2283/2072/1174 2284/2073/1174 2049/2023/1174 
f 2049/2023/1637 2282/2071/1637 2283/2072/1637 
f 2285/2074/1638 2286/2075/1638 2049/2023/1638 
f 2049/2023/1177 2284/2073/1177 2285/2074/1177 
f 2287/2076/1639 2288/2077/1639 2049/2023/1639 
f 2049/2023/1481 2286/2075/1481 2287/2076/1481 
f 2289/2078/1178 2290/2079/1178 2049/2023/1178 
f 2049/2023/1483 2288/2077/1483 2289/2078/1483 
f 2291/2080/1640 2292/2081/1640 2049/2023/1640 
f 2049/2023/1181 2290/2079/1181 2291/2080/1181 
f 2293/2082/946 2294/2083/946 2049/2023/946 
f 2049/2023/1484 2292/2081/1484 2293/2082/1484 
f 2051/1829/97 2172/1955/97 2295/2084/97 
f 2295/2084/97 2052/1830/97 2051/1829/97 
f 2172/1955/97 2171/1954/97 2295/2084/97 
f 2296/2085/1184 2052/1830/1184 2295/2084/1184 
f 2056/1835/1186 2055/1834/1186 2297/2086/1186 
f 2297/2086/62 2298/2087/62 2056/1835/62 
f 2299/2088/1188 2168/1951/1188 2298/2087/1188 
f 2298/2087/499 2297/2086/499 2299/2088/499 
f 2168/1951/1186 2167/1950/1186 2298/2087/1186 
f 2300/2089/1187 2056/1835/1187 2298/2087/1187 
f 2060/1839/1192 2059/1838/1192 2301/2090/1192 
f 2301/2090/62 2302/2091/62 2060/1839/62 
f 2303/2092/114 2164/1947/114 2302/2091/114 
f 2302/2091/60 2301/2090/60 2303/2092/60 
f 2164/1947/1186 2163/1946/1186 2302/2091/1186 
f 2304/2093/1187 2060/1839/1187 2302/2091/1187 
f 2064/1843/36 2063/1842/36 2305/2094/36 
f 2305/2094/62 2306/2095/62 2064/1843/62 
f 2307/2096/1195 2160/1943/1195 2306/2095/1195 
f 2306/2095/62 2305/2094/62 2307/2096/62 
f 2160/1943/36 2159/1942/36 2306/2095/36 
f 2308/2097/1184 2064/1843/1184 2306/2095/1184 
f 2068/1847/1191 2067/1846/1191 2309/2098/1191 
f 2309/2098/101 2310/2099/101 2068/1847/101 
f 2311/2100/1195 2156/1939/1195 2310/2099/1195 
f 2310/2099/62 2309/2098/62 2311/2100/62 
f 2156/1939/1186 2155/1938/1186 2310/2099/1186 
f 2312/2101/1187 2068/1847/1187 2310/2099/1187 
f 2072/1851/1201 2071/1850/1201 2313/2102/1201 
f 2313/2102/500 2314/2103/500 2072/1851/500 
f 2315/2104/1194 2152/1935/1194 2314/2103/1194 
f 2314/2103/1489 2313/2102/1489 2315/2104/1489 
f 2152/1935/1201 2151/1934/1201 2314/2103/1201 
f 2316/2105/1187 2072/1851/1187 2314/2103/1187 
f 2076/1855/1196 2075/1854/1196 2317/2106/1196 
f 2317/2106/62 2318/2107/62 2076/1855/62 
f 2319/2108/1641 2148/1931/1641 2318/2107/1641 
f 2318/2107/62 2317/2106/62 2319/2108/62 
f 2148/1931/1193 2147/1930/1193 2318/2107/1193 
f 2320/2109/1184 2076/1855/1184 2318/2107/1184 
f 2080/1859/1185 2079/1858/1185 2321/2110/1185 
f 2321/2110/101 2322/2111/101 2080/1859/101 
f 2323/2112/327 2144/1927/327 2322/2111/327 
f 2322/2111/97 2321/2110/97 2323/2112/97 
f 2144/1927/1186 2143/1926/1186 2322/2111/1186 
f 2324/2113/1187 2080/1859/1187 2322/2111/1187 
f 2040/1893/100 2044/1891/100 2325/2114/100 
f 2325/2114/499 2112/1894/499 2040/1893/499 
f 2044/1891/1502 2111/1890/1502 2325/2114/1502 
f 2326/2115/112 2112/1894/112 2325/2114/112 
f 2116/1899/1186 2115/1898/1186 2327/2116/1186 
f 2327/2116/62 2328/2117/62 2116/1899/62 
f 2329/2118/1188 2108/1887/1188 2328/2117/1188 
f 2328/2117/499 2327/2116/499 2329/2118/499 
f 2108/1887/1186 2107/1886/1186 2328/2117/1186 
f 2330/2119/1187 2116/1899/1187 2328/2117/1187 
f 2120/1903/130 2119/1902/130 2331/2120/130 
f 2331/2120/97 2332/2121/97 2120/1903/97 
f 2333/2122/1200 2104/1883/1200 2332/2121/1200 
f 2332/2121/97 2331/2120/97 2333/2122/97 
f 2104/1883/36 2103/1882/36 2332/2121/36 
f 2334/2123/1184 2120/1903/1184 2332/2121/1184 
f 2124/1907/1191 2123/1906/1191 2335/2124/1191 
f 2335/2124/1184 2336/2125/1184 2124/1907/1184 
f 2337/2126/1195 2100/1879/1195 2336/2125/1195 
f 2336/2125/62 2335/2124/62 2337/2126/62 
f 2100/1879/1186 2099/1878/1186 2336/2125/1186 
f 2338/2127/1187 2124/1907/1187 2336/2125/1187 
f 2128/1911/1186 2127/1910/1186 2339/2128/1186 
f 2339/2128/62 2340/2129/62 2128/1911/62 
f 2341/2130/1188 2096/1875/1188 2340/2129/1188 
f 2340/2129/499 2339/2128/499 2341/2130/499 
f 2096/1875/1186 2095/1874/1186 2340/2129/1186 
f 2342/2131/1187 2128/1911/1187 2340/2129/1187 
f 2132/1915/1186 2131/1914/1186 2343/2132/1186 
f 2343/2132/97 2344/2133/97 2132/1915/97 
f 2345/2134/327 2092/1871/327 2344/2133/327 
f 2344/2133/97 2343/2132/97 2345/2134/97 
f 2092/1871/1642 2091/1870/1642 2344/2133/1642 
f 2346/2135/1184 2132/1915/1184 2344/2133/1184 
f 2136/1919/1191 2135/1918/1191 2347/2136/1191 
f 2347/2136/1184 2348/2137/1184 2136/1919/1184 
f 2349/2138/1195 2088/1867/1195 2348/2137/1195 
f 2348/2137/62 2347/2136/62 2349/2138/62 
f 2088/1867/1186 2087/1866/1186 2348/2137/1186 
f 2350/2139/1187 2136/1919/1187 2348/2137/1187 
f 2140/1923/1186 2139/1922/1186 2351/2140/1186 
f 2351/2140/62 2352/2141/62 2140/1923/62 
f 2353/2142/1188 2084/1863/1188 2352/2141/1188 
f 2352/2141/499 2351/2140/499 2353/2142/499 
f 2084/1863/1186 2083/1862/1186 2352/2141/1186 
f 2354/2143/1187 2140/1923/1187 2352/2141/1187 
f 2173/1957/946 2294/2083/946 2355/2144/946 
f 2355/2144/946 2174/1958/946 2173/1957/946 
f 2294/2083/1223 2293/2082/1223 2355/2144/1223 
f 2356/2145/1217 2174/1958/1217 2355/2144/1217 
f 2178/1963/1205 2177/1962/1205 2357/2146/1205 
f 2357/2146/8 2358/2147/8 2178/1963/8 
f 2359/2148/1206 2290/2079/1206 2358/2147/1206 
f 2358/2147/1207 2357/2146/1207 2359/2148/1207 
f 2290/2079/1210 2289/2078/1210 2358/2147/1210 
f 2360/2149/1217 2178/1963/1217 2358/2147/1217 
f 2182/1967/1498 2181/1966/1498 2361/2150/1498 
f 2361/2150/947 2362/2151/947 2182/1967/947 
f 2363/2152/1643 2286/2075/1643 2362/2151/1643 
f 2362/2151/947 2361/2150/947 2363/2152/947 
f 2286/2075/1644 2285/2074/1644 2362/2151/1644 
f 2364/2153/1213 2182/1967/1213 2362/2151/1213 
f 2186/1971/1220 2185/1970/1220 2365/2154/1220 
f 2365/2154/1221 2366/2155/1221 2186/1971/1221 
f 2367/2156/1215 2282/2071/1215 2366/2155/1215 
f 2366/2155/8 2365/2154/8 2367/2156/8 
f 2282/2071/1210 2281/2070/1210 2366/2155/1210 
f 2368/2157/1217 2186/1971/1217 2366/2155/1217 
f 2190/1975/1210 2189/1974/1210 2369/2158/1210 
f 2369/2158/8 2370/2159/8 2190/1975/8 
f 2371/2160/1216 2278/2067/1216 2370/2159/1216 
f 2370/2159/946 2369/2158/946 2371/2160/946 
f 2278/2067/1210 2277/2066/1210 2370/2159/1210 
f 2372/2161/1217 2190/1975/1217 2370/2159/1217 
f 2194/1979/1205 2193/1978/1205 2373/2162/1205 
f 2373/2162/8 2374/2163/8 2194/1979/8 
f 2375/2164/1645 2274/2063/1645 2374/2163/1645 
f 2374/2163/947 2373/2162/947 2375/2164/947 
f 2274/2063/1221 2273/2062/1221 2374/2163/1221 
f 2376/2165/1221 2194/1979/1221 2374/2163/1221 
f 2198/1983/1492 2197/1982/1492 2377/2166/1492 
f 2377/2166/1493 2378/2167/1493 2198/1983/1493 
f 2379/2168/1215 2270/2059/1215 2378/2167/1215 
f 2378/2167/8 2377/2166/8 2379/2168/8 
f 2270/2059/1646 2269/2058/1646 2378/2167/1646 
f 2380/2169/1647 2198/1983/1647 2378/2167/1647 
f 2202/1987/1224 2201/1986/1224 2381/2170/1224 
f 2381/2170/1493 2382/2171/1493 2202/1987/1493 
f 2383/2172/1216 2266/2055/1216 2382/2171/1216 
f 2382/2171/946 2381/2170/946 2383/2172/946 
f 2266/2055/1648 2265/2054/1648 2382/2171/1648 
f 2384/2173/1649 2202/1987/1649 2382/2171/1649 
f 2046/2021/1222 2045/2019/1222 2385/2174/1222 
f 2385/2174/946 2234/2022/946 2046/2021/946 
f 2045/2019/1223 2233/2018/1223 2385/2174/1223 
f 2386/2175/1217 2234/2022/1217 2385/2174/1217 
f 2238/2027/1210 2237/2026/1210 2387/2176/1210 
f 2387/2176/8 2388/2177/8 2238/2027/8 
f 2389/2178/1216 2230/2015/1216 2388/2177/1216 
f 2388/2177/946 2387/2176/946 2389/2178/946 
f 2230/2015/1210 2229/2014/1210 2388/2177/1210 
f 2390/2179/1217 2238/2027/1217 2388/2177/1217 
f 2242/2031/1210 2241/2030/1210 2391/2180/1210 
f 2391/2180/8 2392/2181/8 2242/2031/8 
f 2393/2182/1211 2226/2011/1211 2392/2181/1211 
f 2392/2181/8 2391/2180/8 2393/2182/8 
f 2226/2011/1220 2225/2010/1220 2392/2181/1220 
f 2394/2183/1213 2242/2031/1213 2392/2181/1213 
f 2246/2035/1214 2245/2034/1214 2395/2184/1214 
f 2395/2184/8 2396/2185/8 2246/2035/8 
f 2397/2186/1491 2222/2007/1491 2396/2185/1491 
f 2396/2185/947 2395/2184/947 2397/2186/947 
f 2222/2007/1218 2221/2006/1218 2396/2185/1218 
f 2398/2187/1221 2246/2035/1221 2396/2185/1221 
f 2250/2039/1210 2249/2038/1210 2399/2188/1210 
f 2399/2188/8 2400/2189/8 2250/2039/8 
f 2401/2190/1216 2218/2003/1216 2400/2189/1216 
f 2400/2189/946 2399/2188/946 2401/2190/946 
f 2218/2003/1210 2217/2002/1210 2400/2189/1210 
f 2402/2191/1217 2250/2039/1217 2400/2189/1217 
f 2254/2043/1208 2253/2042/1208 2403/2192/1208 
f 2403/2192/947 2404/2193/947 2254/2043/947 
f 2405/2194/1650 2214/1999/1650 2404/2193/1650 
f 2404/2193/947 2403/2192/947 2405/2194/947 
f 2214/1999/1220 2213/1998/1220 2404/2193/1220 
f 2406/2195/1213 2254/2043/1213 2404/2193/1213 
f 2258/2047/1214 2257/2046/1214 2407/2196/1214 
f 2407/2196/8 2408/2197/8 2258/2047/8 
f 2409/2198/1215 2210/1995/1215 2408/2197/1215 
f 2408/2197/8 2407/2196/8 2409/2198/8 
f 2210/1995/1214 2209/1994/1214 2408/2197/1214 
f 2410/2199/1213 2258/2047/1213 2408/2197/1213 
f 2262/2051/1224 2261/2050/1224 2411/2200/1224 
f 2411/2200/1493 2412/2201/1493 2262/2051/1493 
f 2413/2202/1216 2206/1991/1216 2412/2201/1216 
f 2412/2201/946 2411/2200/946 2413/2202/946 
f 2206/1991/1648 2205/1990/1648 2412/2201/1648 
f 2414/2203/1649 2262/2051/1649 2412/2201/1649 
f 2330/2204/1231 2328/2205/1231 2390/2206/1231 
f 2390/2206/1231 2388/2207/1231 2330/2204/1231 
f 2326/2208/1231 2325/2209/1231 2386/2210/1231 
f 2386/2210/1231 2385/2211/1231 2326/2208/1231 
f 2334/2212/1231 2332/2213/1231 2394/2214/1231 
f 2394/2214/1231 2392/2215/1231 2334/2212/1231 
f 2338/2216/293 2336/2217/293 2398/2218/293 
f 2398/2218/293 2396/2219/293 2338/2216/293 
f 2342/2220/1231 2340/2221/1231 2402/2222/1231 
f 2402/2222/1231 2400/2223/1231 2342/2220/1231 
f 2346/2224/1231 2344/2225/1231 2406/2226/1231 
f 2406/2226/1231 2404/2227/1231 2346/2224/1231 
f 2350/2228/1231 2348/2229/1231 2410/2230/1231 
f 2410/2230/1231 2408/2231/1231 2350/2228/1231 
f 2354/2232/1231 2352/2233/1231 2414/2234/1231 
f 2414/2234/1231 2412/2235/1231 2354/2232/1231 
f 2323/2236/1499 2321/2237/1499 2383/2238/1499 
f 2383/2238/1499 2381/2239/1499 2323/2236/1499 
f 2319/2240/1232 2317/2241/1232 2379/2242/1232 
f 2379/2242/1232 2377/2243/1232 2319/2240/1232 
f 2315/2244/1231 2313/2245/1231 2375/2246/1231 
f 2375/2246/1231 2373/2247/1231 2315/2244/1231 
f 2311/2248/1233 2309/2249/1233 2371/2250/1233 
f 2371/2250/1233 2369/2251/1233 2311/2248/1233 
f 2307/2252/1231 2305/2253/1231 2367/2254/1231 
f 2367/2254/1231 2365/2255/1231 2307/2252/1231 
f 2303/2256/1231 2301/2257/1231 2363/2258/1231 
f 2363/2258/1231 2361/2259/1231 2303/2256/1231 
f 2299/2260/1231 2297/2261/1231 2359/2262/1231 
f 2359/2262/1231 2357/2263/1231 2299/2260/1231 
f 2296/2264/948 2295/2265/948 2356/2266/948 
f 2356/2266/948 2355/2267/948 2296/2264/948 
f 2300/2268/948 2298/2269/948 2360/2270/948 
f 2360/2270/948 2358/2271/948 2300/2268/948 
f 2304/2272/1234 2302/2273/1234 2364/2274/1234 
f 2364/2274/1234 2362/2275/1234 2304/2272/1234 
f 2308/2276/948 2306/2277/948 2368/2278/948 
f 2368/2278/948 2366/2279/948 2308/2276/948 
f 2312/2280/948 2310/2281/948 2372/2282/948 
f 2372/2282/948 2370/2283/948 2312/2280/948 
f 2316/2284/1501 2314/2285/1501 2376/2286/1501 
f 2376/2286/1501 2374/2287/1501 2316/2284/1501 
f 2320/2288/1235 2318/2289/1235 2380/2290/1235 
f 2380/2290/1235 2378/2291/1235 2320/2288/1235 
f 2324/2292/1235 2322/2293/1235 2384/2294/1235 
f 2384/2294/1235 2382/2295/1235 2324/2292/1235 
f 2353/2296/948 2351/2297/948 2413/2298/948 
f 2413/2298/948 2411/2299/948 2353/2296/948 
f 2349/2300/948 2347/2301/948 2409/2302/948 
f 2409/2302/948 2407/2303/948 2349/2300/948 
f 2345/2304/948 2343/2305/948 2405/2306/948 
f 2405/2306/948 2403/2307/948 2345/2304/948 
f 2341/2308/948 2339/2309/948 2401/2310/948 
f 2401/2310/948 2399/2311/948 2341/2308/948 
f 2337/2312/948 2335/2313/948 2397/2314/948 
f 2397/2314/948 2395/2315/948 2337/2312/948 
f 2333/2316/295 2331/2317/295 2393/2318/295 
f 2393/2318/295 2391/2319/295 2333/2316/295 
f 2329/2320/948 2327/2321/948 2389/2322/948 
f 2389/2322/948 2387/2323/948 2329/2320/948 
f 2102/2326/109 2101/2327/109 2244/2324/109 
f 2244/2324/109 2243/2325/109 2102/2326/109 
f 2098/2330/109 2097/2331/109 2248/2328/109 
f 2248/2328/109 2247/2329/109 2098/2330/109 
f 2094/2334/109 2093/2335/109 2252/2332/109 
f 2252/2332/109 2251/2333/109 2094/2334/109 
f 2090/2338/109 2089/2339/109 2256/2336/109 
f 2256/2336/109 2255/2337/109 2090/2338/109 
f 2086/2342/109 2085/2343/109 2260/2340/109 
f 2260/2340/109 2259/2341/109 2086/2342/109 
f 2082/2346/109 2081/2347/109 2264/2344/109 
f 2264/2344/109 2263/2345/109 2082/2346/109 
f 2078/2350/109 2077/2351/109 2268/2348/109 
f 2268/2348/109 2267/2349/109 2078/2350/109 
f 2074/2354/109 2073/2355/109 2272/2352/109 
f 2272/2352/109 2271/2353/109 2074/2354/109 
f 2106/2358/109 2105/2359/109 2240/2356/109 
f 2240/2356/109 2239/2357/109 2106/2358/109 
f 2110/2362/109 2109/2363/109 2236/2360/109 
f 2236/2360/109 2235/2361/109 2110/2362/109 
f 2070/2366/109 2069/2367/109 2276/2364/109 
f 2276/2364/109 2275/2365/109 2070/2366/109 
f 2066/2370/109 2065/2371/109 2280/2368/109 
f 2280/2368/109 2279/2369/109 2066/2370/109 
f 2062/2374/109 2061/2375/109 2284/2372/109 
f 2284/2372/109 2283/2373/109 2062/2374/109 
f 2058/2378/109 2057/2379/109 2288/2376/109 
f 2288/2376/109 2287/2377/109 2058/2378/109 
f 2054/2382/109 2053/2383/109 2292/2380/109 
f 2292/2380/109 2291/2381/109 2054/2382/109 
f 2114/2385/33 2113/2386/33 2232/2387/33 
f 2232/2387/33 2231/2384/33 2114/2385/33 
f 2118/2389/33 2117/2390/33 2228/2391/33 
f 2228/2391/33 2227/2388/33 2118/2389/33 
f 2122/2393/33 2121/2394/33 2224/2395/33 
f 2224/2395/33 2223/2392/33 2122/2393/33 
f 2126/2397/33 2125/2398/33 2220/2399/33 
f 2220/2399/33 2219/2396/33 2126/2397/33 
f 2130/2401/33 2129/2402/33 2216/2403/33 
f 2216/2403/33 2215/2400/33 2130/2401/33 
f 2134/2405/33 2133/2406/33 2212/2407/33 
f 2212/2407/33 2211/2404/33 2134/2405/33 
f 2138/2409/33 2137/2410/33 2208/2411/33 
f 2208/2411/33 2207/2408/33 2138/2409/33 
f 2142/2413/33 2141/2414/33 2204/2415/33 
f 2204/2415/33 2203/2412/33 2142/2413/33 
f 2146/2417/33 2145/2418/33 2200/2419/33 
f 2200/2419/33 2199/2416/33 2146/2417/33 
f 2150/2421/33 2149/2422/33 2196/2423/33 
f 2196/2423/33 2195/2420/33 2150/2421/33 
f 2154/2425/33 2153/2426/33 2192/2427/33 
f 2192/2427/33 2191/2424/33 2154/2425/33 
f 2158/2429/33 2157/2430/33 2188/2431/33 
f 2188/2431/33 2187/2428/33 2158/2429/33 
f 2162/2433/33 2161/2434/33 2184/2435/33 
f 2184/2435/33 2183/2432/33 2162/2433/33 
f 2166/2437/33 2165/2438/33 2180/2439/33 
f 2180/2439/33 2179/2436/33 2166/2437/33 
f 2170/2441/33 2169/2442/33 2176/2443/33 
f 2176/2443/33 2175/2440/33 2170/2441/33 
f 2111/1890/1502 2110/1889/1502 2325/2114/1502 
f 2109/1888/1014 2108/1887/1014 2329/2118/1014 
f 2107/1886/1236 2106/1885/1236 2328/2117/1236 
f 2105/1884/1238 2104/1883/1238 2333/2122/1238 
f 2103/1882/1014 2102/1881/1014 2332/2121/1014 
f 2101/1880/1236 2100/1879/1236 2337/2126/1236 
f 2099/1878/1236 2098/1877/1236 2336/2125/1236 
f 2097/1876/1014 2096/1875/1014 2341/2130/1014 
f 2095/1874/1236 2094/1873/1236 2340/2129/1236 
f 2093/1872/1236 2092/1871/1236 2345/2134/1236 
f 2091/1870/1014 2090/1869/1014 2344/2133/1014 
f 2089/1868/1236 2088/1867/1236 2349/2138/1236 
f 2087/1866/1187 2086/1865/1187 2348/2137/1187 
f 2085/1864/1014 2084/1863/1014 2353/2142/1014 
f 2083/1862/1236 2082/1861/1236 2352/2141/1236 
f 2081/1860/1014 2080/1859/1014 2324/2113/1014 
f 2079/1858/1014 2078/1857/1014 2321/2110/1014 
f 2077/1856/1236 2076/1855/1236 2320/2109/1236 
f 2075/1854/1651 2074/1853/1651 2317/2106/1651 
f 2073/1852/1507 2072/1851/1507 2316/2105/1507 
f 2071/1850/1652 2070/1849/1652 2313/2102/1652 
f 2069/1848/1187 2068/1847/1187 2312/2101/1187 
f 2067/1846/1014 2066/1845/1014 2309/2098/1014 
f 2065/1844/1236 2064/1843/1236 2308/2097/1236 
f 2063/1842/1014 2062/1841/1014 2305/2094/1014 
f 2061/1840/1014 2060/1839/1014 2304/2093/1014 
f 2059/1838/1502 2058/1837/1502 2301/2090/1502 
f 2057/1836/1014 2056/1835/1014 2300/2089/1014 
f 2055/1834/1236 2054/1833/1236 2297/2086/1236 
f 2052/1830/1502 2296/2085/1502 2053/1832/1502 
f 2171/1954/1504 2170/1953/1504 2295/2084/1504 
f 2299/2088/1014 2169/1952/1014 2168/1951/1014 
f 2298/2087/1236 2167/1950/1236 2166/1949/1236 
f 2303/2092/1504 2165/1948/1504 2164/1947/1504 
f 2302/2091/1236 2163/1946/1236 2162/1945/1236 
f 2307/2096/1236 2161/1944/1236 2160/1943/1236 
f 2306/2095/1014 2159/1942/1014 2158/1941/1014 
f 2311/2100/1236 2157/1940/1236 2156/1939/1236 
f 2310/2099/1236 2155/1938/1236 2154/1937/1236 
f 2315/2104/1653 2153/1936/1653 2152/1935/1653 
f 2314/2103/1503 2151/1934/1503 2150/1933/1503 
f 2319/2108/1654 2149/1932/1654 2148/1931/1654 
f 2318/2107/1014 2147/1930/1014 2146/1929/1014 
f 2323/2112/1236 2145/1928/1236 2144/1927/1236 
f 2322/2111/1236 2143/1926/1236 2142/1925/1236 
f 2354/2143/1014 2141/1924/1014 2140/1923/1014 
f 2351/2140/1236 2139/1922/1236 2138/1921/1236 
f 2350/2139/1187 2137/1920/1187 2136/1919/1187 
f 2347/2136/1014 2135/1918/1014 2134/1917/1014 
f 2346/2135/1236 2133/1916/1236 2132/1915/1236 
f 2343/2132/1187 2131/1914/1187 2130/1913/1187 
f 2342/2131/1014 2129/1912/1014 2128/1911/1014 
f 2339/2128/1236 2127/1910/1236 2126/1909/1236 
f 2338/2127/1014 2125/1908/1014 2124/1907/1014 
f 2335/2124/1014 2123/1906/1014 2122/1905/1014 
f 2334/2123/1236 2121/1904/1236 2120/1903/1236 
f 2331/2120/1237 2119/1902/1237 2118/1901/1237 
f 2330/2119/1014 2117/1900/1014 2116/1899/1014 
f 2327/2116/1236 2115/1898/1236 2114/1897/1236 
f 2112/1894/1504 2326/2115/1504 2113/1896/1504 
f 2233/2018/1217 2232/2017/1217 2385/2174/1217 
f 2231/2016/1249 2230/2015/1249 2389/2178/1249 
f 2388/2177/1248 2229/2014/1248 2228/2013/1248 
f 2227/2012/1254 2226/2011/1254 2393/2182/1254 
f 2392/2181/1249 2225/2010/1249 2224/2009/1249 
f 2223/2008/1248 2222/2007/1248 2397/2186/1248 
f 2396/2185/1254 2221/2006/1254 2220/2005/1254 
f 2219/2004/1249 2218/2003/1249 2401/2190/1249 
f 2400/2189/1248 2217/2002/1248 2216/2001/1248 
f 2215/2000/1255 2214/1999/1255 2405/2194/1255 
f 2404/2193/1249 2213/1998/1249 2212/1997/1249 
f 2211/1996/1248 2210/1995/1248 2409/2198/1248 
f 2408/2197/1255 2209/1994/1255 2208/1993/1255 
f 2207/1992/1259 2206/1991/1259 2413/2202/1259 
f 2412/2201/1260 2205/1990/1260 2204/1989/1260 
f 2203/1988/1655 2202/1987/1655 2384/2173/1655 
f 2381/2170/1656 2201/1986/1656 2200/1985/1656 
f 2199/1984/1509 2198/1983/1509 2380/2169/1509 
f 2377/2166/1249 2197/1982/1249 2196/1981/1249 
f 2195/1980/1258 2194/1979/1258 2376/2165/1258 
f 2373/2162/1226 2193/1978/1226 2192/1977/1226 
f 2191/1976/1249 2190/1975/1249 2372/2161/1249 
f 2369/2158/1248 2189/1974/1248 2188/1973/1248 
f 2187/1972/1217 2186/1971/1217 2368/2157/1217 
f 2365/2154/1249 2185/1970/1249 2184/1969/1249 
f 2183/1968/1248 2182/1967/1248 2364/2153/1248 
f 2361/2150/1217 2181/1966/1217 2180/1965/1217 
f 2179/1964/1249 2178/1963/1249 2360/2149/1249 
f 2357/2146/1248 2177/1962/1248 2176/1961/1248 
f 2174/1958/1217 2356/2145/1217 2175/1960/1217 
f 2293/2082/1217 2292/2081/1217 2355/2144/1217 
f 2291/2080/1249 2290/2079/1249 2359/2148/1249 
f 2358/2147/1248 2289/2078/1248 2288/2077/1248 
f 2287/2076/1217 2286/2075/1217 2363/2152/1217 
f 2362/2151/1249 2285/2074/1249 2284/2073/1249 
f 2283/2072/1248 2282/2071/1248 2367/2156/1248 
f 2366/2155/1217 2281/2070/1217 2280/2069/1217 
f 2279/2068/1249 2278/2067/1249 2371/2160/1249 
f 2370/2159/1248 2277/2066/1248 2276/2065/1248 
f 2275/2064/1226 2274/2063/1226 2375/2164/1226 
f 2374/2163/1254 2273/2062/1254 2272/2061/1254 
f 2271/2060/1248 2270/2059/1248 2379/2168/1248 
f 2378/2167/1508 2269/2058/1508 2268/2057/1508 
f 2267/2056/1657 2266/2055/1657 2383/2172/1657 
f 2382/2171/1658 2265/2054/1658 2264/2053/1658 
f 2263/2052/1251 2262/2051/1251 2414/2203/1251 
f 2411/2200/1252 2261/2050/1252 2260/2049/1252 
f 2259/2048/1257 2258/2047/1257 2410/2199/1257 
f 2407/2196/1249 2257/2046/1249 2256/2045/1249 
f 2255/2044/1248 2254/2043/1248 2406/2195/1248 
f 2403/2192/1257 2253/2042/1257 2252/2041/1257 
f 2251/2040/1249 2250/2039/1249 2402/2191/1249 
f 2399/2188/1248 2249/2038/1248 2248/2037/1248 
f 2247/2036/1258 2246/2035/1258 2398/2187/1258 
f 2395/2184/1249 2245/2034/1249 2244/2033/1249 
f 2243/2032/1248 2242/2031/1248 2394/2183/1248 
f 2391/2180/1258 2241/2030/1258 2240/2029/1258 
f 2239/2028/1249 2238/2027/1249 2390/2179/1249 
f 2387/2176/1248 2237/2026/1248 2236/2025/1248 
f 2234/2022/1217 2386/2175/1217 2235/2024/1217 
f 2117/2390/1279 2330/2444/1279 2388/2445/1279 
f 2388/2445/1262 2228/2391/1262 2117/2390/1262 
f 2239/2446/1265 2390/2206/1265 2328/2205/1265 
f 2328/2205/1280 2106/2447/1280 2239/2446/1280 
f 2113/2386/1262 2326/2448/1262 2385/2449/1262 
f 2385/2449/1269 2232/2387/1269 2113/2386/1269 
f 2235/2450/1264 2386/2210/1264 2325/2209/1264 
f 2325/2209/1263 2110/2451/1263 2235/2450/1263 
f 2121/2394/1266 2334/2452/1266 2392/2453/1266 
f 2392/2453/1267 2224/2395/1267 2121/2394/1267 
f 2243/2454/1268 2394/2214/1268 2332/2213/1268 
f 2332/2213/1264 2102/2455/1264 2243/2454/1264 
f 2125/2398/1262 2338/2456/1262 2396/2457/1262 
f 2396/2457/1269 2220/2399/1269 2125/2398/1269 
f 2247/2458/1264 2398/2218/1264 2336/2217/1264 
f 2336/2217/1263 2098/2459/1263 2247/2458/1263 
f 2129/2402/1262 2342/2460/1262 2400/2461/1262 
f 2400/2461/1262 2216/2403/1262 2129/2402/1262 
f 2251/2462/1265 2402/2222/1265 2340/2221/1265 
f 2340/2221/1265 2094/2463/1265 2251/2462/1265 
f 2133/2406/1266 2346/2464/1266 2404/2465/1266 
f 2404/2465/1266 2212/2407/1266 2133/2406/1266 
f 2255/2466/1264 2406/2226/1264 2344/2225/1264 
f 2344/2225/1264 2090/2467/1264 2255/2466/1264 
f 2137/2410/1266 2350/2468/1266 2408/2469/1266 
f 2408/2469/1266 2208/2411/1266 2137/2410/1266 
f 2259/2470/1264 2410/2230/1264 2348/2229/1264 
f 2348/2229/1264 2086/2471/1264 2259/2470/1264 
f 2141/2414/1262 2354/2472/1262 2412/2473/1262 
f 2412/2473/1262 2204/2415/1262 2141/2414/1262 
f 2263/2474/1265 2414/2234/1265 2352/2233/1265 
f 2352/2233/1265 2082/2475/1265 2263/2474/1265 
f 2145/2418/1512 2323/2476/1512 2381/2477/1512 
f 2381/2477/1659 2200/2419/1659 2145/2418/1659 
f 2267/2478/1660 2383/2238/1660 2321/2237/1660 
f 2321/2237/1264 2078/2479/1264 2267/2478/1264 
f 2149/2422/1661 2319/2480/1661 2377/2481/1661 
f 2377/2481/1271 2196/2423/1271 2149/2422/1271 
f 2271/2482/1662 2379/2242/1662 2317/2241/1662 
f 2317/2241/1663 2074/2483/1663 2271/2482/1663 
f 2153/2426/1659 2315/2484/1659 2373/2485/1659 
f 2373/2485/1512 2192/2427/1512 2153/2426/1512 
f 2275/2486/1264 2375/2246/1264 2313/2245/1264 
f 2313/2245/1660 2070/2487/1660 2275/2486/1660 
f 2157/2430/1269 2311/2488/1269 2369/2489/1269 
f 2369/2489/1262 2188/2431/1262 2157/2430/1262 
f 2279/2490/1263 2371/2250/1263 2309/2249/1263 
f 2309/2249/1264 2066/2491/1264 2279/2490/1264 
f 2161/2434/1266 2307/2492/1266 2365/2493/1266 
f 2365/2493/1266 2184/2435/1266 2161/2434/1266 
f 2283/2494/1264 2367/2254/1264 2305/2253/1264 
f 2305/2253/1264 2062/2495/1264 2283/2494/1264 
f 2165/2438/1262 2303/2496/1262 2361/2497/1262 
f 2361/2497/1261 2180/2439/1261 2165/2438/1261 
f 2287/2498/1264 2363/2258/1264 2301/2257/1264 
f 2301/2257/1263 2058/2499/1263 2287/2498/1263 
f 2169/2442/1262 2299/2500/1262 2357/2501/1262 
f 2357/2501/1279 2176/2443/1279 2169/2442/1279 
f 2291/2502/1280 2359/2262/1280 2297/2261/1280 
f 2297/2261/1265 2054/2503/1265 2291/2502/1265 
f 2053/2383/1282 2296/2504/1282 2355/2505/1282 
f 2355/2505/1282 2292/2380/1282 2053/2383/1282 
f 2175/2506/1284 2356/2266/1284 2295/2265/1284 
f 2295/2265/1283 2170/2507/1283 2175/2506/1283 
f 2057/2379/1289 2300/2508/1289 2358/2509/1289 
f 2358/2509/1289 2288/2376/1289 2057/2379/1289 
f 2179/2510/1286 2360/2270/1286 2298/2269/1286 
f 2298/2269/1286 2166/2511/1286 2179/2510/1286 
f 2061/2375/1285 2304/2512/1285 2362/2513/1285 
f 2362/2513/1282 2284/2372/1282 2061/2375/1282 
f 2183/2514/1287 2364/2274/1287 2302/2273/1287 
f 2302/2273/1286 2162/2515/1286 2183/2514/1286 
f 2065/2371/1282 2308/2516/1282 2366/2517/1282 
f 2366/2517/1282 2280/2368/1282 2065/2371/1282 
f 2187/2518/1284 2368/2278/1284 2306/2277/1284 
f 2306/2277/1284 2158/2519/1284 2187/2518/1284 
f 2069/2367/1282 2312/2520/1282 2370/2521/1282 
f 2370/2521/1285 2276/2364/1285 2069/2367/1285 
f 2191/2522/1286 2372/2282/1286 2310/2281/1286 
f 2310/2281/1286 2154/2523/1286 2191/2522/1286 
f 2073/2355/1522 2316/2524/1522 2374/2525/1522 
f 2374/2525/1282 2272/2352/1282 2073/2355/1282 
f 2195/2526/1523 2376/2286/1523 2314/2285/1523 
f 2314/2285/1292 2150/2527/1292 2195/2526/1292 
f 2077/2351/1293 2320/2528/1293 2378/2529/1293 
f 2378/2529/1293 2268/2348/1293 2077/2351/1293 
f 2199/2530/1294 2380/2290/1294 2318/2289/1294 
f 2318/2289/1294 2146/2531/1294 2199/2530/1294 
f 2081/2347/1664 2324/2532/1664 2382/2533/1664 
f 2382/2533/1664 2264/2344/1664 2081/2347/1664 
f 2203/2534/1291 2384/2294/1291 2322/2293/1291 
f 2322/2293/1291 2142/2535/1291 2203/2534/1291 
f 2085/2343/1289 2353/2536/1289 2411/2537/1289 
f 2411/2537/1290 2260/2340/1290 2085/2343/1290 
f 2207/2538/1292 2413/2298/1292 2351/2297/1292 
f 2351/2297/1665 2138/2539/1665 2207/2538/1665 
f 2089/2339/1282 2349/2540/1282 2407/2541/1282 
f 2407/2541/1282 2256/2336/1282 2089/2339/1282 
f 2211/2542/1284 2409/2302/1284 2347/2301/1284 
f 2347/2301/1284 2134/2543/1284 2211/2542/1284 
f 2093/2335/1282 2345/2544/1282 2403/2545/1282 
f 2403/2545/1285 2252/2332/1285 2093/2335/1285 
f 2215/2546/1286 2405/2306/1286 2343/2305/1286 
f 2343/2305/1287 2130/2547/1287 2215/2546/1287 
f 2097/2331/1289 2341/2548/1289 2399/2549/1289 
f 2399/2549/1289 2248/2328/1289 2097/2331/1289 
f 2219/2550/1286 2401/2310/1286 2339/2309/1286 
f 2339/2309/1286 2126/2551/1286 2219/2550/1286 
f 2101/2327/1282 2337/2552/1282 2395/2553/1282 
f 2395/2553/1282 2244/2324/1282 2101/2327/1282 
f 2223/2554/1284 2397/2314/1284 2335/2313/1284 
f 2335/2313/1284 2122/2555/1284 2223/2554/1284 
f 2105/2359/1282 2333/2556/1282 2391/2557/1282 
f 2391/2557/1285 2240/2356/1285 2105/2359/1285 
f 2227/2558/1288 2393/2318/1288 2331/2317/1288 
f 2331/2317/1287 2118/2559/1287 2227/2558/1287 
f 2109/2363/1289 2329/2560/1289 2387/2561/1289 
f 2387/2561/1289 2236/2360/1289 2109/2363/1289 
f 2231/2562/1286 2389/2322/1286 2327/2321/1286 
f 2327/2321/1286 2114/2563/1286 2231/2562/1286 
f 2415/1779/499 2416/1776/499 2417/1783/499 
f 2417/1783/499 2418/1781/499 2415/1779/499 
f 2419/1784/1213 2420/2610/1213 2421/2611/1213 
f 2421/2611/1213 2422/1787/1213 2419/1784/1213 
f 2420/2610/1213 2419/1784/1213 2423/2612/1213 
f 2423/2612/1213 2424/1786/1213 2420/2610/1213 
f 2425/2613/1213 2426/1785/1213 2424/1786/1213 
f 2424/1786/1213 2423/2612/1213 2425/2613/1213 
f 2427/1788/109 2428/1789/109 2429/1790/109 
f 2429/1790/109 2430/1791/109 2427/1788/109 
f 2431/1792/948 2432/1793/948 2433/1794/948 
f 2433/1794/948 2434/1795/948 2431/1792/948 
f 2429/1790/1666 2428/1789/1666 2435/1796/1666 
f 2435/1796/1667 2436/1797/1667 2429/1790/1667 
f 2430/1791/951 2429/1790/951 2436/1797/951 
f 2436/1797/1668 2419/1798/1668 2430/1791/1668 
f 2427/1788/1669 2430/1791/1669 2419/1798/1669 
f 2419/1798/1670 2422/1799/1670 2427/1788/1670 
f 2428/1789/1671 2427/1788/1671 2422/1799/1671 
f 2422/1799/1672 2435/1796/1672 2428/1789/1672 
f 2424/1805/957 2434/1795/957 2433/1794/957 
f 2433/1794/943 2420/2614/943 2424/1805/943 
f 2437/1804/1673 2431/1792/1673 2434/1795/1673 
f 2434/1795/944 2424/1805/944 2437/1804/944 
f 2422/1803/943 2421/2615/943 2432/1793/943 
f 2432/1793/944 2435/1802/944 2422/1803/944 
f 2431/1792/1673 2437/1804/1673 2435/1802/1673 
f 2435/1802/1674 2432/1793/1674 2431/1792/1674 
f 2420/2614/943 2433/1794/943 2432/1793/943 
f 2432/1793/943 2421/2615/943 2420/2614/943 
f 2419/1817/958 2438/1811/958 2439/1818/958 
f 2439/1818/502 2423/2616/502 2419/1817/502 
f 2436/1816/502 2440/1810/502 2438/1811/502 
f 2438/1811/959 2419/1817/959 2436/1816/959 
f 2426/1814/502 2425/2617/502 2441/1813/502 
f 2441/1813/959 2442/1812/959 2426/1814/959 
f 2443/1807/502 2436/1816/502 2442/1812/502 
f 2442/1812/958 2441/1813/958 2443/1807/958 
f 2444/1808/502 2440/1810/502 2436/1816/502 
f 2436/1816/502 2443/1807/502 2444/1808/502 
f 2423/2616/502 2439/1818/502 2445/1819/502 
f 2445/1819/502 2425/2617/502 2423/2616/502 
f 2446/1815/502 2441/1813/502 2425/2617/502 
f 2425/2617/502 2445/1819/502 2446/1815/502 
f 2447/1820/109 2448/1821/109 2439/1822/109 
f 2439/1822/109 2438/1823/109 2447/1820/109 
f 2449/1824/33 2450/1825/33 2443/1826/33 
f 2443/1826/33 2441/1827/33 2449/1824/33 
f 2450/1828/499 2451/1829/499 2452/1830/499 
f 2452/1830/120 2443/1831/120 2450/1828/120 
f 2453/1832/1675 2454/1833/1675 2443/1831/1675 
f 2443/1831/1676 2452/1830/1676 2453/1832/1676 
f 2455/1834/963 2456/1835/963 2443/1831/963 
f 2443/1831/1016 2454/1833/1016 2455/1834/1016 
f 2457/1836/1022 2458/1837/1022 2443/1831/1022 
f 2443/1831/970 2456/1835/970 2457/1836/970 
f 2459/1838/967 2460/1839/967 2443/1831/967 
f 2443/1831/1677 2458/1837/1677 2459/1838/1677 
f 2461/1840/969 2462/1841/969 2443/1831/969 
f 2443/1831/1028 2460/1839/1028 2461/1840/1028 
f 2463/1842/119 2464/1843/119 2443/1831/119 
f 2443/1831/1678 2462/1841/1678 2463/1842/1678 
f 2465/1844/973 2466/1845/973 2443/1831/973 
f 2443/1831/1679 2464/1843/1679 2465/1844/1679 
f 2467/1846/975 2468/1847/975 2443/1831/975 
f 2443/1831/1680 2466/1845/1680 2467/1846/1680 
f 2469/1848/1681 2470/1849/1681 2443/1831/1681 
f 2443/1831/1682 2468/1847/1682 2469/1848/1682 
f 2471/1850/979 2472/1851/979 2443/1831/979 
f 2443/1831/1683 2470/1849/1683 2471/1850/1683 
f 2473/1852/1364 2474/1853/1364 2443/1831/1364 
f 2443/1831/1540 2472/1851/1540 2473/1852/1540 
f 2475/1854/1684 2476/1855/1684 2443/1831/1684 
f 2443/1831/1685 2474/1853/1685 2475/1854/1685 
f 2477/1856/1686 2478/1857/1686 2443/1831/1686 
f 2443/1831/1543 2476/1855/1543 2477/1856/1543 
f 2479/1858/1687 2480/1859/1687 2443/1831/1687 
f 2443/1831/1688 2478/1857/1688 2479/1858/1688 
f 2481/1860/1689 2482/1861/1689 2443/1831/1689 
f 2443/1831/1690 2480/1859/1690 2481/1860/1690 
f 2483/1862/990 2484/1863/990 2443/1831/990 
f 2443/1831/1691 2482/1861/1691 2483/1862/1691 
f 2485/1864/1330 2486/1865/1330 2443/1831/1330 
f 2443/1831/987 2484/1863/987 2485/1864/987 
f 2487/1866/36 2488/1867/36 2443/1831/36 
f 2443/1831/1572 2486/1865/1572 2487/1866/1572 
f 2489/1868/1692 2490/1869/1692 2443/1831/1692 
f 2443/1831/1693 2488/1867/1693 2489/1868/1693 
f 2491/1870/1694 2492/1871/1694 2443/1831/1694 
f 2443/1831/998 2490/1869/998 2491/1870/998 
f 2493/1872/52 2494/1873/52 2443/1831/52 
f 2443/1831/1695 2492/1871/1695 2493/1872/1695 
f 2495/1874/1001 2496/1875/1001 2443/1831/1001 
f 2443/1831/1696 2494/1873/1696 2495/1874/1696 
f 2497/1876/1571 2498/1877/1571 2443/1831/1571 
f 2443/1831/1697 2496/1875/1697 2497/1876/1697 
f 2499/1878/1008 2500/1879/1008 2443/1831/1008 
f 2443/1831/1578 2498/1877/1578 2499/1878/1578 
f 2501/1880/1698 2502/1881/1698 2443/1831/1698 
f 2443/1831/1699 2500/1879/1699 2501/1880/1699 
f 2503/1882/1700 2504/1883/1700 2443/1831/1700 
f 2443/1831/1009 2502/1881/1009 2503/1882/1009 
f 2505/1884/128 2506/1885/128 2443/1831/128 
f 2443/1831/1701 2504/1883/1701 2505/1884/1701 
f 2507/1886/1702 2508/1887/1702 2443/1831/1702 
f 2443/1831/1013 2506/1885/1013 2507/1886/1013 
f 2509/1888/1577 2510/1889/1577 2443/1831/1577 
f 2443/1831/1014 2508/1887/1014 2509/1888/1014 
f 2511/1890/499 2444/1891/499 2443/1831/499 
f 2443/1831/1703 2510/1889/1703 2511/1890/1703 
f 2438/1892/499 2440/1893/499 2512/1894/499 
f 2512/1894/123 2447/1895/123 2438/1892/123 
f 2513/1896/1704 2514/1897/1704 2447/1895/1704 
f 2447/1895/1705 2512/1894/1705 2513/1896/1705 
f 2515/1898/1706 2516/1899/1706 2447/1895/1706 
f 2447/1895/1707 2514/1897/1707 2515/1898/1707 
f 2517/1900/119 2518/1901/119 2447/1895/119 
f 2447/1895/1708 2516/1899/1708 2517/1900/1708 
f 2519/1902/961 2520/1903/961 2447/1895/961 
f 2447/1895/1021 2518/1901/1021 2519/1902/1021 
f 2521/1904/1709 2522/1905/1709 2447/1895/1709 
f 2447/1895/1710 2520/1903/1710 2521/1904/1710 
f 2523/1906/122 2524/1907/122 2447/1895/122 
f 2447/1895/1711 2522/1905/1711 2523/1906/1711 
f 2525/1908/1712 2526/1909/1712 2447/1895/1712 
f 2447/1895/1713 2524/1907/1713 2525/1908/1713 
f 2527/1910/1714 2528/1911/1714 2447/1895/1714 
f 2447/1895/1560 2526/1909/1560 2527/1910/1560 
f 2529/1912/1684 2530/1913/1684 2447/1895/1684 
f 2447/1895/1715 2528/1911/1715 2529/1912/1715 
f 2531/1914/1716 2532/1915/1716 2447/1895/1716 
f 2447/1895/1031 2530/1913/1031 2531/1914/1031 
f 2533/1916/1717 2534/1917/1717 2447/1895/1717 
f 2447/1895/1718 2532/1915/1718 2533/1916/1718 
f 2535/1918/1719 2536/1919/1719 2447/1895/1719 
f 2447/1895/1329 2534/1917/1329 2535/1918/1329 
f 2537/1920/1720 2538/1921/1720 2447/1895/1720 
f 2447/1895/1721 2536/1919/1721 2537/1920/1721 
f 2539/1922/1722 2540/1923/1722 2447/1895/1722 
f 2447/1895/1331 2538/1921/1331 2539/1922/1331 
f 2541/1924/1723 2542/1925/1723 2447/1895/1723 
f 2447/1895/1724 2540/1923/1724 2541/1924/1724 
f 2543/1926/1725 2544/1927/1725 2447/1895/1725 
f 2447/1895/1726 2542/1925/1726 2543/1926/1726 
f 2545/1928/1727 2546/1929/1727 2447/1895/1727 
f 2447/1895/1728 2544/1927/1728 2545/1928/1728 
f 2547/1930/52 2548/1931/52 2447/1895/52 
f 2447/1895/995 2546/1929/995 2547/1930/995 
f 2549/1932/1729 2550/1933/1729 2447/1895/1729 
f 2447/1895/1730 2548/1931/1730 2549/1932/1730 
f 2551/1934/1731 2552/1935/1731 2447/1895/1731 
f 2447/1895/998 2550/1933/998 2551/1934/998 
f 2553/1936/1051 2554/1937/1051 2447/1895/1051 
f 2447/1895/1732 2552/1935/1732 2553/1936/1732 
f 2555/1938/1733 2556/1939/1733 2447/1895/1733 
f 2447/1895/1734 2554/1937/1734 2555/1938/1734 
f 2557/1940/1735 2558/1941/1735 2447/1895/1735 
f 2447/1895/1339 2556/1939/1339 2557/1940/1339 
f 2559/1942/128 2560/1943/128 2447/1895/128 
f 2447/1895/1342 2558/1941/1342 2559/1942/1342 
f 2561/1944/1573 2562/1945/1573 2447/1895/1573 
f 2447/1895/1342 2560/1943/1342 2561/1944/1342 
f 2563/1946/1343 2564/1947/1343 2447/1895/1343 
f 2447/1895/1579 2562/1945/1579 2563/1946/1579 
f 2565/1948/1062 2566/1949/1062 2447/1895/1062 
f 2447/1895/1736 2564/1947/1736 2565/1948/1736 
f 2567/1950/1700 2568/1951/1700 2447/1895/1700 
f 2447/1895/1701 2566/1949/1701 2567/1950/1701 
f 2569/1952/1737 2570/1953/1737 2447/1895/1737 
f 2447/1895/1505 2568/1951/1505 2569/1952/1505 
f 2571/1954/499 2572/1955/499 2447/1895/499 
f 2447/1895/1738 2570/1953/1738 2571/1954/1738 
f 2448/1956/946 2573/1957/946 2574/1958/946 
f 2574/1958/1396 2439/1959/1396 2448/1956/1396 
f 2575/1960/1118 2576/1961/1118 2439/1959/1118 
f 2439/1959/1739 2574/1958/1739 2575/1960/1739 
f 2577/1962/1071 2578/1963/1071 2439/1959/1071 
f 2439/1959/1399 2576/1961/1399 2577/1962/1399 
f 2579/1964/1740 2580/1965/1740 2439/1959/1740 
f 2439/1959/1741 2578/1963/1741 2579/1964/1741 
f 2581/1966/1127 2582/1967/1127 2439/1959/1127 
f 2439/1959/1742 2580/1965/1742 2581/1966/1742 
f 2583/1968/1743 2584/1969/1743 2439/1959/1743 
f 2439/1959/1078 2582/1967/1078 2583/1968/1078 
f 2585/1970/1744 2586/1971/1744 2439/1959/1744 
f 2439/1959/1745 2584/1969/1745 2585/1970/1745 
f 2587/1972/1133 2588/1973/1133 2439/1959/1133 
f 2439/1959/1746 2586/1971/1746 2587/1972/1746 
f 2589/1974/1083 2590/1975/1083 2439/1959/1083 
f 2439/1959/1405 2588/1973/1405 2589/1974/1405 
f 2591/1976/1747 2592/1977/1747 2439/1959/1747 
f 2439/1959/1591 2590/1975/1591 2591/1976/1591 
f 2593/1978/1620 2594/1979/1620 2439/1959/1620 
f 2439/1959/1154 2592/1977/1154 2593/1978/1154 
f 2595/1980/1089 2596/1981/1089 2439/1959/1089 
f 2439/1959/1748 2594/1979/1748 2595/1980/1748 
f 2597/1982/1749 2598/1983/1749 2439/1959/1749 
f 2439/1959/1748 2596/1981/1748 2597/1982/1748 
f 2599/1984/1092 2600/1985/1092 2439/1959/1092 
f 2439/1959/1750 2598/1983/1750 2599/1984/1750 
f 2601/1986/1094 2602/1987/1094 2439/1959/1094 
f 2439/1959/1751 2600/1985/1751 2601/1986/1751 
f 2603/1988/1752 2604/1989/1752 2439/1959/1752 
f 2439/1959/1470 2602/1987/1470 2603/1988/1470 
f 2605/1990/1098 2606/1991/1098 2439/1959/1098 
f 2439/1959/1753 2604/1989/1753 2605/1990/1753 
f 2607/1992/1100 2608/1993/1100 2439/1959/1100 
f 2439/1959/1603 2606/1991/1603 2607/1992/1603 
f 2609/1994/1754 2610/1995/1754 2439/1959/1754 
f 2439/1959/1755 2608/1993/1755 2609/1994/1755 
f 2611/1996/1104 2612/1997/1104 2439/1959/1104 
f 2439/1959/1756 2610/1995/1756 2611/1996/1756 
f 2613/1998/1106 2614/1999/1106 2439/1959/1106 
f 2439/1959/1757 2612/1997/1757 2613/1998/1757 
f 2615/2000/1758 2616/2001/1758 2439/1959/1758 
f 2439/1959/1759 2614/1999/1759 2615/2000/1759 
f 2617/2002/1110 2618/2003/1110 2439/1959/1110 
f 2439/1959/1760 2616/2001/1760 2617/2002/1760 
f 2619/2004/1428 2620/2005/1428 2439/1959/1428 
f 2439/1959/1761 2618/2003/1761 2619/2004/1761 
f 2621/2006/1167 2622/2007/1167 2439/1959/1167 
f 2439/1959/1762 2620/2005/1762 2621/2006/1762 
f 2623/2008/1116 2624/2009/1116 2439/1959/1116 
f 2439/1959/1177 2622/2007/1177 2623/2008/1177 
f 2625/2010/1763 2626/2011/1763 2439/1959/1763 
f 2439/1959/1764 2624/2009/1764 2625/2010/1764 
f 2627/2012/1073 2628/2013/1073 2439/1959/1073 
f 2439/1959/1765 2626/2011/1765 2627/2012/1765 
f 2629/2014/1122 2630/2015/1122 2439/1959/1122 
f 2439/1959/1766 2628/2013/1766 2629/2014/1766 
f 2631/2016/1435 2632/2017/1435 2439/1959/1435 
f 2439/1959/1124 2630/2015/1124 2631/2016/1124 
f 2633/2018/1767 2445/2019/1767 2439/1959/1767 
f 2439/1959/1768 2632/2017/1768 2633/2018/1768 
f 2441/2020/1767 2446/2021/1767 2634/2022/1767 
f 2634/2022/1206 2449/2023/1206 2441/2020/1206 
f 2635/2024/1438 2636/2025/1438 2449/2023/1438 
f 2449/2023/1769 2634/2022/1769 2635/2024/1769 
f 2637/2026/1129 2638/2027/1129 2449/2023/1129 
f 2449/2023/1401 2636/2025/1401 2637/2026/1401 
f 2639/2028/1127 2640/2029/1127 2449/2023/1127 
f 2449/2023/1128 2638/2027/1128 2639/2028/1128 
f 2641/2030/1069 2642/2031/1069 2449/2023/1069 
f 2449/2023/1770 2640/2029/1770 2641/2030/1770 
f 2643/2032/1583 2644/2033/1583 2449/2023/1583 
f 2449/2023/1771 2642/2031/1771 2643/2032/1771 
f 2645/2034/1133 2646/2035/1133 2449/2023/1133 
f 2449/2023/1142 2644/2033/1142 2645/2034/1142 
f 2647/2036/1448 2648/2037/1448 2449/2023/1448 
f 2449/2023/1616 2646/2035/1616 2647/2036/1616 
f 2649/2038/1141 2650/2039/1141 2449/2023/1141 
f 2449/2023/1453 2648/2037/1453 2649/2038/1453 
f 2651/2040/1772 2652/2041/1772 2449/2023/1772 
f 2449/2023/1773 2650/2039/1773 2651/2040/1773 
f 2653/2042/1774 2654/2043/1774 2449/2023/1774 
f 2449/2023/1775 2652/2041/1775 2653/2042/1775 
f 2655/2044/1147 2656/2045/1147 2449/2023/1147 
f 2449/2023/1776 2654/2043/1776 2655/2044/1776 
f 2657/2046/1777 2658/2047/1777 2449/2023/1777 
f 2449/2023/1778 2656/2045/1778 2657/2046/1778 
f 2659/2048/1151 2660/2049/1151 2449/2023/1151 
f 2449/2023/1779 2658/2047/1779 2659/2048/1779 
f 2661/2050/1780 2662/2051/1780 2449/2023/1780 
f 2449/2023/1781 2660/2049/1781 2661/2050/1781 
f 2663/2052/1782 2664/2053/1782 2449/2023/1782 
f 2449/2023/1783 2662/2051/1783 2663/2052/1783 
f 2665/2054/1784 2666/2055/1784 2449/2023/1784 
f 2449/2023/1410 2664/2053/1410 2665/2054/1410 
f 2667/2056/1159 2668/2057/1159 2449/2023/1159 
f 2449/2023/1785 2666/2055/1785 2667/2056/1785 
f 2669/2058/1786 2670/2059/1786 2449/2023/1786 
f 2449/2023/1787 2668/2057/1787 2669/2058/1787 
f 2671/2060/1469 2672/2061/1469 2449/2023/1469 
f 2449/2023/1788 2670/2059/1788 2671/2060/1788 
f 2673/2062/1161 2674/2063/1161 2449/2023/1161 
f 2449/2023/1789 2672/2061/1789 2673/2062/1789 
f 2675/2064/1633 2676/2065/1633 2449/2023/1633 
f 2449/2023/1101 2674/2063/1101 2675/2064/1101 
f 2677/2066/1169 2678/2067/1169 2449/2023/1169 
f 2449/2023/1790 2676/2065/1790 2677/2066/1790 
f 2679/2068/1167 2680/2069/1167 2449/2023/1167 
f 2449/2023/1111 2678/2067/1111 2679/2068/1111 
f 2681/2070/1606 2682/2071/1606 2449/2023/1606 
f 2449/2023/1173 2680/2069/1173 2681/2070/1173 
f 2683/2072/1791 2684/2073/1791 2449/2023/1791 
f 2449/2023/1608 2682/2071/1608 2683/2072/1608 
f 2685/2074/1073 2686/2075/1073 2449/2023/1073 
f 2449/2023/1479 2684/2073/1479 2685/2074/1479 
f 2687/2076/1639 2688/2077/1639 2449/2023/1639 
f 2449/2023/1792 2686/2075/1792 2687/2076/1792 
f 2689/2078/1793 2690/2079/1793 2449/2023/1793 
f 2449/2023/1794 2688/2077/1794 2689/2078/1794 
f 2691/2080/1079 2692/2081/1079 2449/2023/1079 
f 2449/2023/1795 2690/2079/1795 2691/2080/1795 
f 2693/2082/946 2694/2083/946 2449/2023/946 
f 2449/2023/1249 2692/2081/1249 2693/2082/1249 
f 2451/1829/499 2572/1955/499 2695/2084/499 
f 2695/2084/499 2452/1830/499 2451/1829/499 
f 2572/1955/1198 2571/1954/1198 2695/2084/1198 
f 2696/2085/1187 2452/1830/1187 2695/2084/1187 
f 2456/1835/1186 2455/1834/1186 2697/2086/1186 
f 2697/2086/62 2698/2087/62 2456/1835/62 
f 2699/2088/126 2568/1951/126 2698/2087/126 
f 2698/2087/60 2697/2086/60 2699/2088/60 
f 2568/1951/1186 2567/1950/1186 2698/2087/1186 
f 2700/2089/1187 2456/1835/1187 2698/2087/1187 
f 2460/1839/1186 2459/1838/1186 2701/2090/1186 
f 2701/2090/62 2702/2091/62 2460/1839/62 
f 2703/2092/1190 2564/1947/1190 2702/2091/1190 
f 2702/2091/62 2701/2090/62 2703/2092/62 
f 2564/1947/1191 2563/1946/1191 2702/2091/1191 
f 2704/2093/1184 2460/1839/1184 2702/2091/1184 
f 2464/1843/36 2463/1842/36 2705/2094/36 
f 2705/2094/62 2706/2095/62 2464/1843/62 
f 2707/2096/1195 2560/1943/1195 2706/2095/1195 
f 2706/2095/62 2705/2094/62 2707/2096/62 
f 2560/1943/36 2559/1942/36 2706/2095/36 
f 2708/2097/1184 2464/1843/1184 2706/2095/1184 
f 2468/1847/1186 2467/1846/1186 2709/2098/1186 
f 2709/2098/62 2710/2099/62 2468/1847/62 
f 2711/2100/126 2556/1939/126 2710/2099/126 
f 2710/2099/60 2709/2098/60 2711/2100/60 
f 2556/1939/1192 2555/1938/1192 2710/2099/1192 
f 2712/2101/112 2468/1847/112 2710/2099/112 
f 2472/1851/1186 2471/1850/1186 2713/2102/1186 
f 2713/2102/62 2714/2103/62 2472/1851/62 
f 2715/2104/1190 2552/1935/1190 2714/2103/1190 
f 2714/2103/62 2713/2102/62 2715/2104/62 
f 2552/1935/1191 2551/1934/1191 2714/2103/1191 
f 2716/2105/1184 2472/1851/1184 2714/2103/1184 
f 2476/1855/36 2475/1854/36 2717/2106/36 
f 2717/2106/62 2718/2107/62 2476/1855/62 
f 2719/2108/1195 2548/1931/1195 2718/2107/1195 
f 2718/2107/62 2717/2106/62 2719/2108/62 
f 2548/1931/36 2547/1930/36 2718/2107/36 
f 2720/2109/1184 2476/1855/1184 2718/2107/1184 
f 2480/1859/1201 2479/1858/1201 2721/2110/1201 
f 2721/2110/1194 2722/2111/1194 2480/1859/1194 
f 2723/2112/1487 2544/1927/1487 2722/2111/1487 
f 2722/2111/60 2721/2110/60 2723/2112/60 
f 2544/1927/1796 2543/1926/1796 2722/2111/1796 
f 2724/2113/1797 2480/1859/1797 2722/2111/1797 
f 2440/1893/100 2444/1891/100 2725/2114/100 
f 2725/2114/499 2512/1894/499 2440/1893/499 
f 2444/1891/1198 2511/1890/1198 2725/2114/1198 
f 2726/2115/1187 2512/1894/1187 2725/2114/1187 
f 2516/1899/1798 2515/1898/1798 2727/2116/1798 
f 2727/2116/62 2728/2117/62 2516/1899/62 
f 2729/2118/126 2508/1887/126 2728/2117/126 
f 2728/2117/60 2727/2116/60 2729/2118/60 
f 2508/1887/1798 2507/1886/1798 2728/2117/1798 
f 2730/2119/1187 2516/1899/1187 2728/2117/1187 
f 2520/1903/1186 2519/1902/1186 2731/2120/1186 
f 2731/2120/62 2732/2121/62 2520/1903/62 
f 2733/2122/1190 2504/1883/1190 2732/2121/1190 
f 2732/2121/62 2731/2120/62 2733/2122/62 
f 2504/1883/1185 2503/1882/1185 2732/2121/1185 
f 2734/2123/1184 2520/1903/1184 2732/2121/1184 
f 2524/1907/36 2523/1906/36 2735/2124/36 
f 2735/2124/62 2736/2125/62 2524/1907/62 
f 2737/2126/1195 2500/1879/1195 2736/2125/1195 
f 2736/2125/62 2735/2124/62 2737/2126/62 
f 2500/1879/36 2499/1878/36 2736/2125/36 
f 2738/2127/1184 2524/1907/1184 2736/2125/1184 
f 2528/1911/1191 2527/1910/1191 2739/2128/1191 
f 2739/2128/101 2740/2129/101 2528/1911/101 
f 2741/2130/327 2496/1875/327 2740/2129/327 
f 2740/2129/97 2739/2128/97 2741/2130/97 
f 2496/1875/1192 2495/1874/1192 2740/2129/1192 
f 2742/2131/112 2528/1911/112 2740/2129/112 
f 2532/1915/1186 2531/1914/1186 2743/2132/1186 
f 2743/2132/62 2744/2133/62 2532/1915/62 
f 2745/2134/1190 2492/1871/1190 2744/2133/1190 
f 2744/2133/62 2743/2132/62 2745/2134/62 
f 2492/1871/1185 2491/1870/1185 2744/2133/1185 
f 2746/2135/1184 2532/1915/1184 2744/2133/1184 
f 2536/1919/130 2535/1918/130 2747/2136/130 
f 2747/2136/97 2748/2137/97 2536/1919/97 
f 2749/2138/1488 2488/1867/1488 2748/2137/1488 
f 2748/2137/97 2747/2136/97 2749/2138/97 
f 2488/1867/36 2487/1866/36 2748/2137/36 
f 2750/2139/1184 2536/1919/1184 2748/2137/1184 
f 2540/1923/1799 2539/1922/1799 2751/2140/1799 
f 2751/2140/1800 2752/2141/1800 2540/1923/1800 
f 2753/2142/1195 2484/1863/1195 2752/2141/1195 
f 2752/2141/62 2751/2140/62 2753/2142/62 
f 2484/1863/1202 2483/1862/1202 2752/2141/1202 
f 2754/2143/1203 2540/1923/1203 2752/2141/1203 
f 2573/1957/946 2694/2083/946 2755/2144/946 
f 2755/2144/946 2574/1958/946 2573/1957/946 
f 2694/2083/1223 2693/2082/1223 2755/2144/1223 
f 2756/2145/1217 2574/1958/1217 2755/2144/1217 
f 2578/1963/1210 2577/1962/1210 2757/2146/1210 
f 2757/2146/8 2758/2147/8 2578/1963/8 
f 2759/2148/1643 2690/2079/1643 2758/2147/1643 
f 2758/2147/947 2757/2146/947 2759/2148/947 
f 2690/2079/1221 2689/2078/1221 2758/2147/1221 
f 2760/2149/1221 2578/1963/1221 2758/2147/1221 
f 2582/1967/1214 2581/1966/1214 2761/2150/1214 
f 2761/2150/8 2762/2151/8 2582/1967/8 
f 2763/2152/1215 2686/2075/1215 2762/2151/1215 
f 2762/2151/8 2761/2150/8 2763/2152/8 
f 2686/2075/1214 2685/2074/1214 2762/2151/1214 
f 2764/2153/1213 2582/1967/1213 2762/2151/1213 
f 2586/1971/1208 2585/1970/1208 2765/2154/1208 
f 2765/2154/8 2766/2155/8 2586/1971/8 
f 2767/2156/1497 2682/2071/1497 2766/2155/1497 
f 2766/2155/1207 2765/2154/1207 2767/2156/1207 
f 2682/2071/1210 2681/2070/1210 2766/2155/1210 
f 2768/2157/1217 2586/1971/1217 2766/2155/1217 
f 2590/1975/1210 2589/1974/1210 2769/2158/1210 
f 2769/2158/8 2770/2159/8 2590/1975/8 
f 2771/2160/1216 2678/2067/1216 2770/2159/1216 
f 2770/2159/946 2769/2158/946 2771/2160/946 
f 2678/2067/1210 2677/2066/1210 2770/2159/1210 
f 2772/2161/1217 2590/1975/1217 2770/2159/1217 
f 2594/1979/1214 2593/1978/1214 2773/2162/1214 
f 2773/2162/8 2774/2163/8 2594/1979/8 
f 2775/2164/1215 2674/2063/1215 2774/2163/1215 
f 2774/2163/8 2773/2162/8 2775/2164/8 
f 2674/2063/1214 2673/2062/1214 2774/2163/1214 
f 2776/2165/1213 2594/1979/1213 2774/2163/1213 
f 2598/1983/1212 2597/1982/1212 2777/2166/1212 
f 2777/2166/1221 2778/2167/1221 2598/1983/1221 
f 2779/2168/1491 2670/2059/1491 2778/2167/1491 
f 2778/2167/947 2777/2166/947 2779/2168/947 
f 2670/2059/1210 2669/2058/1210 2778/2167/1210 
f 2780/2169/1217 2598/1983/1217 2778/2167/1217 
f 2602/1987/1210 2601/1986/1210 2781/2170/1210 
f 2781/2170/8 2782/2171/8 2602/1987/8 
f 2783/2172/1216 2666/2055/1216 2782/2171/1216 
f 2782/2171/946 2781/2170/946 2783/2172/946 
f 2666/2055/1210 2665/2054/1210 2782/2171/1210 
f 2784/2173/1217 2602/1987/1217 2782/2171/1217 
f 2446/2021/1222 2445/2019/1222 2785/2174/1222 
f 2785/2174/1767 2634/2022/1767 2446/2021/1767 
f 2445/2019/1801 2633/2018/1801 2785/2174/1801 
f 2786/2175/1213 2634/2022/1213 2785/2174/1213 
f 2638/2027/1210 2637/2026/1210 2787/2176/1210 
f 2787/2176/8 2788/2177/8 2638/2027/8 
f 2789/2178/1068 2630/2015/1068 2788/2177/1068 
f 2788/2177/1207 2787/2176/1207 2789/2178/1207 
f 2630/2015/1210 2629/2014/1210 2788/2177/1210 
f 2790/2179/1217 2638/2027/1217 2788/2177/1217 
f 2642/2031/1210 2641/2030/1210 2791/2180/1210 
f 2791/2180/8 2792/2181/8 2642/2031/8 
f 2793/2182/1206 2626/2011/1206 2792/2181/1206 
f 2792/2181/1207 2791/2180/1207 2793/2182/1207 
f 2626/2011/1210 2625/2010/1210 2792/2181/1210 
f 2794/2183/1217 2642/2031/1217 2792/2181/1217 
f 2646/2035/1214 2645/2034/1214 2795/2184/1214 
f 2795/2184/8 2796/2185/8 2646/2035/8 
f 2797/2186/1215 2622/2007/1215 2796/2185/1215 
f 2796/2185/8 2795/2184/8 2797/2186/8 
f 2622/2007/1214 2621/2006/1214 2796/2185/1214 
f 2798/2187/1213 2646/2035/1213 2796/2185/1213 
f 2650/2039/1212 2649/2038/1212 2799/2188/1212 
f 2799/2188/1221 2800/2189/1221 2650/2039/1221 
f 2801/2190/1491 2618/2003/1491 2800/2189/1491 
f 2800/2189/947 2799/2188/947 2801/2190/947 
f 2618/2003/1210 2617/2002/1210 2800/2189/1210 
f 2802/2191/1217 2650/2039/1217 2800/2189/1217 
f 2654/2043/1224 2653/2042/1224 2803/2192/1224 
f 2803/2192/1493 2804/2193/1493 2654/2043/1493 
f 2805/2194/1216 2614/1999/1216 2804/2193/1216 
f 2804/2193/946 2803/2192/946 2805/2194/946 
f 2614/1999/1648 2613/1998/1648 2804/2193/1648 
f 2806/2195/1649 2654/2043/1649 2804/2193/1649 
f 2658/2047/1494 2657/2046/1494 2807/2196/1494 
f 2807/2196/947 2808/2197/947 2658/2047/947 
f 2809/2198/1802 2610/1995/1802 2808/2197/1802 
f 2808/2197/947 2807/2196/947 2809/2198/947 
f 2610/1995/1803 2609/1994/1803 2808/2197/1803 
f 2810/2199/1213 2658/2047/1213 2808/2197/1213 
f 2662/2051/1220 2661/2050/1220 2811/2200/1220 
f 2811/2200/1221 2812/2201/1221 2662/2051/1221 
f 2813/2202/1215 2606/1991/1215 2812/2201/1215 
f 2812/2201/8 2811/2200/8 2813/2202/8 
f 2606/1991/1210 2605/1990/1210 2812/2201/1210 
f 2814/2203/1217 2662/2051/1217 2812/2201/1217 
f 2730/2204/1231 2728/2205/1231 2790/2206/1231 
f 2790/2206/1231 2788/2207/1231 2730/2204/1231 
f 2726/2208/1231 2725/2209/1231 2786/2210/1231 
f 2786/2210/1231 2785/2211/1231 2726/2208/1231 
f 2734/2212/1230 2732/2213/1230 2794/2214/1230 
f 2794/2214/1230 2792/2215/1230 2734/2212/1230 
f 2738/2216/1231 2736/2217/1231 2798/2218/1231 
f 2798/2218/1231 2796/2219/1231 2738/2216/1231 
f 2742/2220/1231 2740/2221/1231 2802/2222/1231 
f 2802/2222/1231 2800/2223/1231 2742/2220/1231 
f 2746/2224/1230 2744/2225/1230 2806/2226/1230 
f 2806/2226/1230 2804/2227/1230 2746/2224/1230 
f 2750/2228/1232 2748/2229/1232 2810/2230/1232 
f 2810/2230/1232 2808/2231/1232 2750/2228/1232 
f 2754/2232/1232 2752/2233/1232 2814/2234/1232 
f 2814/2234/1232 2812/2235/1232 2754/2232/1232 
f 2723/2236/1231 2721/2237/1231 2783/2238/1231 
f 2783/2238/1231 2781/2239/1231 2723/2236/1231 
f 2719/2240/293 2717/2241/293 2779/2242/293 
f 2779/2242/293 2777/2243/293 2719/2240/293 
f 2715/2244/1231 2713/2245/1231 2775/2246/1231 
f 2775/2246/1231 2773/2247/1231 2715/2244/1231 
f 2711/2248/1231 2709/2249/1231 2771/2250/1231 
f 2771/2250/1231 2769/2251/1231 2711/2248/1231 
f 2707/2252/1230 2705/2253/1230 2767/2254/1230 
f 2767/2254/1230 2765/2255/1230 2707/2252/1230 
f 2703/2256/1231 2701/2257/1231 2763/2258/1231 
f 2763/2258/1231 2761/2259/1231 2703/2256/1231 
f 2699/2260/1231 2697/2261/1231 2759/2262/1231 
f 2759/2262/1231 2757/2263/1231 2699/2260/1231 
f 2696/2264/948 2695/2265/948 2756/2266/948 
f 2756/2266/948 2755/2267/948 2696/2264/948 
f 2700/2268/1234 2698/2269/1234 2760/2270/1234 
f 2760/2270/1234 2758/2271/1234 2700/2268/1234 
f 2704/2272/948 2702/2273/948 2764/2274/948 
f 2764/2274/948 2762/2275/948 2704/2272/948 
f 2708/2276/948 2706/2277/948 2768/2278/948 
f 2768/2278/948 2766/2279/948 2708/2276/948 
f 2712/2280/295 2710/2281/295 2772/2282/295 
f 2772/2282/295 2770/2283/295 2712/2280/295 
f 2716/2284/948 2714/2285/948 2776/2286/948 
f 2776/2286/948 2774/2287/948 2716/2284/948 
f 2720/2288/948 2718/2289/948 2780/2290/948 
f 2780/2290/948 2778/2291/948 2720/2288/948 
f 2724/2292/948 2722/2293/948 2784/2294/948 
f 2784/2294/948 2782/2295/948 2724/2292/948 
f 2753/2296/1235 2751/2297/1235 2813/2298/1235 
f 2813/2298/1235 2811/2299/1235 2753/2296/1235 
f 2749/2300/1235 2747/2301/1235 2809/2302/1235 
f 2809/2302/1235 2807/2303/1235 2749/2300/1235 
f 2745/2304/948 2743/2305/948 2805/2306/948 
f 2805/2306/948 2803/2307/948 2745/2304/948 
f 2741/2308/948 2739/2309/948 2801/2310/948 
f 2801/2310/948 2799/2311/948 2741/2308/948 
f 2737/2312/948 2735/2313/948 2797/2314/948 
f 2797/2314/948 2795/2315/948 2737/2312/948 
f 2733/2316/948 2731/2317/948 2793/2318/948 
f 2793/2318/948 2791/2319/948 2733/2316/948 
f 2729/2320/948 2727/2321/948 2789/2322/948 
f 2789/2322/948 2787/2323/948 2729/2320/948 
f 2502/2326/109 2501/2327/109 2644/2324/109 
f 2644/2324/109 2643/2325/109 2502/2326/109 
f 2498/2330/109 2497/2331/109 2648/2328/109 
f 2648/2328/109 2647/2329/109 2498/2330/109 
f 2494/2334/109 2493/2335/109 2652/2332/109 
f 2652/2332/109 2651/2333/109 2494/2334/109 
f 2490/2338/109 2489/2339/109 2656/2336/109 
f 2656/2336/109 2655/2337/109 2490/2338/109 
f 2486/2342/109 2485/2343/109 2660/2340/109 
f 2660/2340/109 2659/2341/109 2486/2342/109 
f 2482/2346/109 2481/2347/109 2664/2344/109 
f 2664/2344/109 2663/2345/109 2482/2346/109 
f 2478/2350/109 2477/2351/109 2668/2348/109 
f 2668/2348/109 2667/2349/109 2478/2350/109 
f 2474/2354/109 2473/2355/109 2672/2352/109 
f 2672/2352/109 2671/2353/109 2474/2354/109 
f 2506/2358/109 2505/2359/109 2640/2356/109 
f 2640/2356/109 2639/2357/109 2506/2358/109 
f 2510/2362/109 2509/2363/109 2636/2360/109 
f 2636/2360/109 2635/2361/109 2510/2362/109 
f 2470/2366/109 2469/2367/109 2676/2364/109 
f 2676/2364/109 2675/2365/109 2470/2366/109 
f 2466/2370/109 2465/2371/109 2680/2368/109 
f 2680/2368/109 2679/2369/109 2466/2370/109 
f 2462/2374/109 2461/2375/109 2684/2372/109 
f 2684/2372/109 2683/2373/109 2462/2374/109 
f 2458/2378/109 2457/2379/109 2688/2376/109 
f 2688/2376/109 2687/2377/109 2458/2378/109 
f 2454/2382/109 2453/2383/109 2692/2380/109 
f 2692/2380/109 2691/2381/109 2454/2382/109 
f 2514/2385/33 2513/2386/33 2632/2387/33 
f 2632/2387/33 2631/2384/33 2514/2385/33 
f 2518/2389/33 2517/2390/33 2628/2391/33 
f 2628/2391/33 2627/2388/33 2518/2389/33 
f 2522/2393/33 2521/2394/33 2624/2395/33 
f 2624/2395/33 2623/2392/33 2522/2393/33 
f 2526/2397/33 2525/2398/33 2620/2399/33 
f 2620/2399/33 2619/2396/33 2526/2397/33 
f 2530/2401/33 2529/2402/33 2616/2403/33 
f 2616/2403/33 2615/2400/33 2530/2401/33 
f 2534/2405/33 2533/2406/33 2612/2407/33 
f 2612/2407/33 2611/2404/33 2534/2405/33 
f 2538/2409/33 2537/2410/33 2608/2411/33 
f 2608/2411/33 2607/2408/33 2538/2409/33 
f 2542/2413/33 2541/2414/33 2604/2415/33 
f 2604/2415/33 2603/2412/33 2542/2413/33 
f 2546/2417/33 2545/2418/33 2600/2419/33 
f 2600/2419/33 2599/2416/33 2546/2417/33 
f 2550/2421/33 2549/2422/33 2596/2423/33 
f 2596/2423/33 2595/2420/33 2550/2421/33 
f 2554/2425/33 2553/2426/33 2592/2427/33 
f 2592/2427/33 2591/2424/33 2554/2425/33 
f 2558/2429/33 2557/2430/33 2588/2431/33 
f 2588/2431/33 2587/2428/33 2558/2429/33 
f 2562/2433/33 2561/2434/33 2584/2435/33 
f 2584/2435/33 2583/2432/33 2562/2433/33 
f 2566/2437/33 2565/2438/33 2580/2439/33 
f 2580/2439/33 2579/2436/33 2566/2437/33 
f 2570/2441/33 2569/2442/33 2576/2443/33 
f 2576/2443/33 2575/2440/33 2570/2441/33 
f 2511/1890/1187 2510/1889/1187 2725/2114/1187 
f 2509/1888/1014 2508/1887/1014 2729/2118/1014 
f 2507/1886/1236 2506/1885/1236 2728/2117/1236 
f 2505/1884/1014 2504/1883/1014 2733/2122/1014 
f 2503/1882/1014 2502/1881/1014 2732/2121/1014 
f 2501/1880/1502 2500/1879/1502 2737/2126/1502 
f 2499/1878/1014 2498/1877/1014 2736/2125/1014 
f 2497/1876/1236 2496/1875/1236 2741/2130/1236 
f 2495/1874/1502 2494/1873/1502 2740/2129/1502 
f 2493/1872/1014 2492/1871/1014 2745/2134/1014 
f 2491/1870/1014 2490/1869/1014 2744/2133/1014 
f 2489/1868/1198 2488/1867/1198 2749/2138/1198 
f 2487/1866/1014 2486/1865/1014 2748/2137/1014 
f 2485/1864/1236 2484/1863/1236 2753/2142/1236 
f 2483/1862/1804 2482/1861/1804 2752/2141/1804 
f 2481/1860/1805 2480/1859/1805 2724/2113/1805 
f 2479/1858/1247 2478/1857/1247 2721/2110/1247 
f 2477/1856/1236 2476/1855/1236 2720/2109/1236 
f 2475/1854/1504 2474/1853/1504 2717/2106/1504 
f 2473/1852/1236 2472/1851/1236 2716/2105/1236 
f 2471/1850/1187 2470/1849/1187 2713/2102/1187 
f 2469/1848/1504 2468/1847/1504 2712/2101/1504 
f 2467/1846/1236 2466/1845/1236 2709/2098/1236 
f 2465/1844/1236 2464/1843/1236 2708/2097/1236 
f 2463/1842/1014 2462/1841/1014 2705/2094/1014 
f 2461/1840/1236 2460/1839/1236 2704/2093/1236 
f 2459/1838/1187 2458/1837/1187 2701/2090/1187 
f 2457/1836/1014 2456/1835/1014 2700/2089/1014 
f 2455/1834/1236 2454/1833/1236 2697/2086/1236 
f 2452/1830/1187 2696/2085/1187 2453/1832/1187 
f 2571/1954/1187 2570/1953/1187 2695/2084/1187 
f 2699/2088/1014 2569/1952/1014 2568/1951/1014 
f 2698/2087/1236 2567/1950/1236 2566/1949/1236 
f 2703/2092/1187 2565/1948/1187 2564/1947/1187 
f 2702/2091/1014 2563/1946/1014 2562/1945/1014 
f 2707/2096/1236 2561/1944/1236 2560/1943/1236 
f 2706/2095/1014 2559/1942/1014 2558/1941/1014 
f 2711/2100/1014 2557/1940/1014 2556/1939/1014 
f 2710/2099/1502 2555/1938/1502 2554/1937/1502 
f 2715/2104/1187 2553/1936/1187 2552/1935/1187 
f 2714/2103/1014 2551/1934/1014 2550/1933/1014 
f 2719/2108/1502 2549/1932/1502 2548/1931/1502 
f 2718/2107/1014 2547/1930/1014 2546/1929/1014 
f 2723/2112/1239 2545/1928/1239 2544/1927/1239 
f 2722/2111/1806 2543/1926/1806 2542/1925/1806 
f 2754/2143/1807 2541/1924/1807 2540/1923/1807 
f 2751/2140/1014 2539/1922/1014 2538/1921/1014 
f 2750/2139/1236 2537/1920/1236 2536/1919/1236 
f 2747/2136/1188 2535/1918/1188 2534/1917/1188 
f 2746/2135/1236 2533/1916/1236 2532/1915/1236 
f 2743/2132/1236 2531/1914/1236 2530/1913/1236 
f 2742/2131/1504 2529/1912/1504 2528/1911/1504 
f 2739/2128/1014 2527/1910/1014 2526/1909/1014 
f 2738/2127/1236 2525/1908/1236 2524/1907/1236 
f 2735/2124/1504 2523/1906/1504 2522/1905/1504 
f 2734/2123/1236 2521/1904/1236 2520/1903/1236 
f 2731/2120/1236 2519/1902/1236 2518/1901/1236 
f 2730/2119/1014 2517/1900/1014 2516/1899/1014 
f 2727/2116/1236 2515/1898/1236 2514/1897/1236 
f 2512/1894/1187 2726/2115/1187 2513/1896/1187 
f 2633/2018/1249 2632/2017/1249 2785/2174/1249 
f 2631/2016/1249 2630/2015/1249 2789/2178/1249 
f 2788/2177/1248 2629/2014/1248 2628/2013/1248 
f 2627/2012/1249 2626/2011/1249 2793/2182/1249 
f 2792/2181/1248 2625/2010/1248 2624/2009/1248 
f 2623/2008/1248 2622/2007/1248 2797/2186/1248 
f 2796/2185/1249 2621/2006/1249 2620/2005/1249 
f 2619/2004/1248 2618/2003/1248 2801/2190/1248 
f 2800/2189/1217 2617/2002/1217 2616/2001/1217 
f 2615/2000/1249 2614/1999/1249 2805/2194/1249 
f 2804/2193/1658 2613/1998/1658 2612/1997/1658 
f 2611/1996/1656 2610/1995/1656 2809/2198/1656 
f 2808/2197/1655 2609/1994/1655 2608/1993/1655 
f 2607/1992/1248 2606/1991/1248 2813/2202/1248 
f 2812/2201/1217 2605/1990/1217 2604/1989/1217 
f 2603/1988/1249 2602/1987/1249 2784/2173/1249 
f 2781/2170/1248 2601/1986/1248 2600/1985/1248 
f 2599/1984/1226 2598/1983/1226 2780/2169/1226 
f 2777/2166/1249 2597/1982/1249 2596/1981/1249 
f 2595/1980/1248 2594/1979/1248 2776/2165/1248 
f 2773/2162/1249 2593/1978/1249 2592/1977/1249 
f 2591/1976/1216 2590/1975/1216 2772/2161/1216 
f 2769/2158/1248 2589/1974/1248 2588/1973/1248 
f 2587/1972/1249 2586/1971/1249 2768/2157/1249 
f 2765/2154/1257 2585/1970/1257 2584/1969/1257 
f 2583/1968/1248 2582/1967/1248 2764/2153/1248 
f 2761/2150/1249 2581/1966/1249 2580/1965/1249 
f 2579/1964/1258 2578/1963/1258 2760/2149/1258 
f 2757/2146/1248 2577/1962/1248 2576/1961/1248 
f 2574/1958/1249 2756/2145/1249 2575/1960/1249 
f 2693/2082/1248 2692/2081/1248 2755/2144/1248 
f 2691/2080/1249 2690/2079/1249 2759/2148/1249 
f 2758/2147/1254 2689/2078/1254 2688/2077/1254 
f 2687/2076/1248 2686/2075/1248 2763/2152/1248 
f 2762/2151/1249 2685/2074/1249 2684/2073/1249 
f 2683/2072/1255 2682/2071/1255 2767/2156/1255 
f 2766/2155/1248 2681/2070/1248 2680/2069/1248 
f 2679/2068/1249 2678/2067/1249 2771/2160/1249 
f 2770/2159/1223 2677/2066/1223 2676/2065/1223 
f 2675/2064/1248 2674/2063/1248 2775/2164/1248 
f 2774/2163/1249 2673/2062/1249 2672/2061/1249 
f 2671/2060/1248 2670/2059/1248 2779/2168/1248 
f 2778/2167/1226 2669/2058/1226 2668/2057/1226 
f 2667/2056/1249 2666/2055/1249 2783/2172/1249 
f 2782/2171/1248 2665/2054/1248 2664/2053/1248 
f 2663/2052/1217 2662/2051/1217 2814/2203/1217 
f 2811/2200/1249 2661/2050/1249 2660/2049/1249 
f 2659/2048/1658 2658/2047/1658 2810/2199/1658 
f 2807/2196/1657 2657/2046/1657 2656/2045/1657 
f 2655/2044/1655 2654/2043/1655 2806/2195/1655 
f 2803/2192/1248 2653/2042/1248 2652/2041/1248 
f 2651/2040/1217 2650/2039/1217 2802/2191/1217 
f 2799/2188/1249 2649/2038/1249 2648/2037/1249 
f 2647/2036/1248 2646/2035/1248 2798/2187/1248 
f 2795/2184/1249 2645/2034/1249 2644/2033/1249 
f 2643/2032/1249 2642/2031/1249 2794/2183/1249 
f 2791/2180/1248 2641/2030/1248 2640/2029/1248 
f 2639/2028/1249 2638/2027/1249 2790/2179/1249 
f 2787/2176/1248 2637/2026/1248 2636/2025/1248 
f 2634/2022/1248 2786/2175/1248 2635/2024/1248 
f 2517/2390/1279 2730/2444/1279 2788/2445/1279 
f 2788/2445/1279 2628/2391/1279 2517/2390/1279 
f 2639/2446/1280 2790/2206/1280 2728/2205/1280 
f 2728/2205/1280 2506/2447/1280 2639/2446/1280 
f 2513/2386/1266 2726/2448/1266 2785/2449/1266 
f 2785/2449/1266 2632/2387/1266 2513/2386/1266 
f 2635/2450/1264 2786/2210/1264 2725/2209/1264 
f 2725/2209/1264 2510/2451/1264 2635/2450/1264 
f 2521/2394/1261 2734/2452/1261 2792/2453/1261 
f 2792/2453/1279 2624/2395/1279 2521/2394/1279 
f 2643/2454/1281 2794/2214/1281 2732/2213/1281 
f 2732/2213/1264 2502/2455/1264 2643/2454/1264 
f 2525/2398/1266 2738/2456/1266 2796/2457/1266 
f 2796/2457/1266 2620/2399/1266 2525/2398/1266 
f 2647/2458/1264 2798/2218/1264 2736/2217/1264 
f 2736/2217/1264 2498/2459/1264 2647/2458/1264 
f 2529/2402/1279 2742/2460/1279 2800/2461/1279 
f 2800/2461/1261 2616/2403/1261 2529/2402/1261 
f 2651/2462/1264 2802/2222/1264 2740/2221/1264 
f 2740/2221/1281 2494/2463/1281 2651/2462/1281 
f 2533/2406/1261 2746/2464/1261 2804/2465/1261 
f 2804/2465/1279 2612/2407/1279 2533/2406/1279 
f 2655/2466/1281 2806/2226/1281 2744/2225/1281 
f 2744/2225/1264 2490/2467/1264 2655/2466/1264 
f 2537/2410/1271 2750/2468/1271 2808/2469/1271 
f 2808/2469/1272 2608/2411/1272 2537/2410/1272 
f 2659/2470/1808 2810/2230/1808 2748/2229/1808 
f 2748/2229/1264 2486/2471/1264 2659/2470/1264 
f 2541/2414/1809 2754/2472/1809 2812/2473/1809 
f 2812/2473/1512 2604/2415/1512 2541/2414/1512 
f 2663/2474/1515 2814/2234/1515 2752/2233/1515 
f 2752/2233/1810 2482/2475/1810 2663/2474/1810 
f 2545/2418/1513 2723/2476/1513 2781/2477/1513 
f 2781/2477/1809 2600/2419/1809 2545/2418/1809 
f 2667/2478/1280 2783/2238/1280 2721/2237/1280 
f 2721/2237/1517 2478/2479/1517 2667/2478/1517 
f 2549/2422/1278 2719/2480/1278 2777/2481/1278 
f 2777/2481/1266 2596/2423/1266 2549/2422/1266 
f 2671/2482/1264 2779/2242/1264 2717/2241/1264 
f 2717/2241/1264 2474/2483/1264 2671/2482/1264 
f 2553/2426/1266 2715/2484/1266 2773/2485/1266 
f 2773/2485/1266 2592/2427/1266 2553/2426/1266 
f 2675/2486/1264 2775/2246/1264 2713/2245/1264 
f 2713/2245/1264 2470/2487/1264 2675/2486/1264 
f 2557/2430/1279 2711/2488/1279 2769/2489/1279 
f 2769/2489/1279 2588/2431/1279 2557/2430/1279 
f 2679/2490/1280 2771/2250/1280 2709/2249/1280 
f 2709/2249/1280 2466/2491/1280 2679/2490/1280 
f 2561/2434/1261 2707/2492/1261 2765/2493/1261 
f 2765/2493/1279 2584/2435/1279 2561/2434/1279 
f 2683/2494/1811 2767/2254/1811 2705/2253/1811 
f 2705/2253/1264 2462/2495/1264 2683/2494/1264 
f 2565/2438/1266 2703/2496/1266 2761/2497/1266 
f 2761/2497/1266 2580/2439/1266 2565/2438/1266 
f 2687/2498/1264 2763/2258/1264 2701/2257/1264 
f 2701/2257/1264 2458/2499/1264 2687/2498/1264 
f 2569/2442/1279 2699/2500/1279 2757/2501/1279 
f 2757/2501/1279 2576/2443/1279 2569/2442/1279 
f 2691/2502/1280 2759/2262/1280 2697/2261/1280 
f 2697/2261/1280 2454/2503/1280 2691/2502/1280 
f 2453/2383/1282 2696/2504/1282 2755/2505/1282 
f 2755/2505/1812 2692/2380/1812 2453/2383/1812 
f 2575/2506/1813 2756/2266/1813 2695/2265/1813 
f 2695/2265/1814 2570/2507/1814 2575/2506/1814 
f 2457/2379/1812 2700/2508/1812 2758/2509/1812 
f 2758/2509/1815 2688/2376/1815 2457/2379/1815 
f 2579/2510/1816 2760/2270/1816 2698/2269/1816 
f 2698/2269/1813 2566/2511/1813 2579/2510/1813 
f 2461/2375/1282 2704/2512/1282 2762/2513/1282 
f 2762/2513/1282 2684/2372/1282 2461/2375/1282 
f 2583/2514/1284 2764/2274/1284 2702/2273/1284 
f 2702/2273/1284 2562/2515/1284 2583/2514/1284 
f 2465/2371/1815 2708/2516/1815 2766/2517/1815 
f 2766/2517/1812 2680/2368/1812 2465/2371/1812 
f 2587/2518/1813 2768/2278/1813 2706/2277/1813 
f 2706/2277/1816 2558/2519/1816 2587/2518/1816 
f 2469/2367/1817 2712/2520/1817 2770/2521/1817 
f 2770/2521/1817 2676/2364/1817 2469/2367/1817 
f 2591/2522/1813 2772/2282/1813 2710/2281/1813 
f 2710/2281/1813 2554/2523/1813 2591/2522/1813 
f 2473/2355/1282 2716/2524/1282 2774/2525/1282 
f 2774/2525/1282 2672/2352/1282 2473/2355/1282 
f 2595/2526/1284 2776/2286/1284 2714/2285/1284 
f 2714/2285/1284 2550/2527/1284 2595/2526/1284 
f 2477/2351/1282 2720/2528/1282 2778/2529/1282 
f 2778/2529/1815 2668/2348/1815 2477/2351/1815 
f 2599/2530/1818 2780/2290/1818 2718/2289/1818 
f 2718/2289/1284 2546/2531/1284 2599/2530/1284 
f 2481/2347/1289 2724/2532/1289 2782/2533/1289 
f 2782/2533/1817 2664/2344/1817 2481/2347/1817 
f 2603/2534/1813 2784/2294/1813 2722/2293/1813 
f 2722/2293/1288 2542/2535/1288 2603/2534/1288 
f 2485/2343/1293 2753/2536/1293 2811/2537/1293 
f 2811/2537/1293 2660/2340/1293 2485/2343/1293 
f 2607/2538/1294 2813/2298/1294 2751/2297/1294 
f 2751/2297/1294 2538/2539/1294 2607/2538/1294 
f 2489/2339/1293 2749/2540/1293 2807/2541/1293 
f 2807/2541/1293 2656/2336/1293 2489/2339/1293 
f 2611/2542/1294 2809/2302/1294 2747/2301/1294 
f 2747/2301/1294 2534/2543/1294 2611/2542/1294 
f 2493/2335/1289 2745/2544/1289 2803/2545/1289 
f 2803/2545/1817 2652/2332/1817 2493/2335/1817 
f 2615/2546/1813 2805/2306/1813 2743/2305/1813 
f 2743/2305/1286 2530/2547/1286 2615/2546/1286 
f 2497/2331/1282 2741/2548/1282 2799/2549/1282 
f 2799/2549/1282 2648/2328/1282 2497/2331/1282 
f 2619/2550/1284 2801/2310/1284 2739/2309/1284 
f 2739/2309/1284 2526/2551/1284 2619/2550/1284 
f 2501/2327/1282 2737/2552/1282 2795/2553/1282 
f 2795/2553/1282 2644/2324/1282 2501/2327/1282 
f 2623/2554/1284 2797/2314/1284 2735/2313/1284 
f 2735/2313/1283 2522/2555/1283 2623/2554/1283 
f 2505/2359/1289 2733/2556/1289 2791/2557/1289 
f 2791/2557/1289 2640/2356/1289 2505/2359/1289 
f 2627/2558/1286 2793/2318/1286 2731/2317/1286 
f 2731/2317/1286 2518/2559/1286 2627/2558/1286 
f 2509/2363/1289 2729/2560/1289 2787/2561/1289 
f 2787/2561/1817 2636/2360/1817 2509/2363/1817 
f 2631/2562/1813 2789/2322/1813 2727/2321/1813 
f 2727/2321/1286 2514/2563/1286 2631/2562/1286 
f 2815/2618/499 2816/2619/499 2817/2620/499 
f 2817/2620/499 2818/2621/499 2815/2618/499 
f 2819/1784/947 2820/2610/947 2821/2611/947 
f 2821/2611/947 2822/1787/947 2819/1784/947 
f 2820/2610/947 2819/1784/947 2823/2612/947 
f 2823/2612/947 2824/1786/947 2820/2610/947 
f 2824/1786/947 2823/2612/947 2825/2613/947 
f 2825/2613/947 2826/1785/947 2824/1786/947 
f 2827/1788/109 2828/1789/109 2829/1790/109 
f 2829/1790/109 2830/1791/109 2827/1788/109 
f 2831/1792/948 2832/1793/948 2833/1794/948 
f 2833/1794/948 2834/1795/948 2831/1792/948 
f 2829/1790/1819 2828/1789/1819 2835/1796/1819 
f 2835/1796/1820 2836/1797/1820 2829/1790/1820 
f 2830/1791/1821 2829/1790/1821 2836/1797/1821 
f 2836/1797/1668 2819/1798/1668 2830/1791/1668 
f 2827/1788/1822 2830/1791/1822 2819/1798/1822 
f 2819/1798/1823 2822/1799/1823 2827/1788/1823 
f 2828/1789/1824 2827/1788/1824 2822/1799/1824 
f 2822/1799/955 2835/1796/955 2828/1789/955 
f 2824/1805/1825 2834/1795/1825 2833/1794/1825 
f 2833/1794/1826 2820/2614/1826 2824/1805/1826 
f 2837/1804/1673 2831/1792/1673 2834/1795/1673 
f 2834/1795/1827 2824/1805/1827 2837/1804/1827 
f 2822/1803/1826 2821/2615/1826 2832/1793/1826 
f 2832/1793/1828 2835/1802/1828 2822/1803/1828 
f 2831/1792/1673 2837/1804/1673 2835/1802/1673 
f 2835/1802/1674 2832/1793/1674 2831/1792/1674 
f 2820/2614/1826 2833/1794/1826 2832/1793/1826 
f 2832/1793/1826 2821/2615/1826 2820/2614/1826 
f 2819/1817/1302 2838/1811/1302 2839/1818/1302 
f 2839/1818/502 2823/2616/502 2819/1817/502 
f 2836/1816/502 2840/1810/502 2838/1811/502 
f 2838/1811/959 2819/1817/959 2836/1816/959 
f 2826/1814/502 2825/2617/502 2841/1813/502 
f 2841/1813/959 2842/1812/959 2826/1814/959 
f 2843/1807/502 2836/1816/502 2842/1812/502 
f 2842/1812/1302 2841/1813/1302 2843/1807/1302 
f 2844/1808/502 2840/1810/502 2836/1816/502 
f 2836/1816/502 2843/1807/502 2844/1808/502 
f 2823/2616/502 2839/1818/502 2845/1819/502 
f 2845/1819/502 2825/2617/502 2823/2616/502 
f 2846/1815/502 2841/1813/502 2825/2617/502 
f 2825/2617/502 2845/1819/502 2846/1815/502 
f 2847/1820/109 2848/1821/109 2839/1822/109 
f 2839/1822/109 2838/1823/109 2847/1820/109 
f 2849/1824/33 2850/1825/33 2843/1826/33 
f 2843/1826/33 2841/1827/33 2849/1824/33 
f 2850/1828/499 2851/1829/499 2852/1830/499 
f 2852/1830/120 2843/1831/120 2850/1828/120 
f 2853/1832/961 2854/1833/961 2843/1831/961 
f 2843/1831/1676 2852/1830/1676 2853/1832/1676 
f 2855/1834/1527 2856/1835/1527 2843/1831/1527 
f 2843/1831/1829 2854/1833/1829 2855/1834/1829 
f 2857/1836/1830 2858/1837/1830 2843/1831/1830 
f 2843/1831/1357 2856/1835/1357 2857/1836/1357 
f 2859/1838/967 2860/1839/967 2843/1831/967 
f 2843/1831/1677 2858/1837/1677 2859/1838/1677 
f 2861/1840/1831 2862/1841/1831 2843/1831/1831 
f 2843/1831/1832 2860/1839/1832 2861/1840/1832 
f 2863/1842/119 2864/1843/119 2843/1831/119 
f 2843/1831/1678 2862/1841/1678 2863/1842/1678 
f 2865/1844/1714 2866/1845/1714 2843/1831/1714 
f 2843/1831/974 2864/1843/974 2865/1844/974 
f 2867/1846/975 2868/1847/975 2843/1831/975 
f 2843/1831/1833 2866/1845/1833 2867/1846/1833 
f 2869/1848/1834 2870/1849/1834 2843/1831/1834 
f 2843/1831/1835 2868/1847/1835 2869/1848/1835 
f 2871/1850/979 2872/1851/979 2843/1831/979 
f 2843/1831/1683 2870/1849/1683 2871/1850/1683 
f 2873/1852/1836 2874/1853/1836 2843/1831/1836 
f 2843/1831/1682 2872/1851/1682 2873/1852/1682 
f 2875/1854/1684 2876/1855/1684 2843/1831/1684 
f 2843/1831/1540 2874/1853/1540 2875/1854/1540 
f 2877/1856/1837 2878/1857/1837 2843/1831/1837 
f 2843/1831/985 2876/1855/985 2877/1856/985 
f 2879/1858/1838 2880/1859/1838 2843/1831/1838 
f 2843/1831/1688 2878/1857/1688 2879/1858/1688 
f 2881/1860/1839 2882/1861/1839 2843/1831/1839 
f 2843/1831/1840 2880/1859/1840 2881/1860/1840 
f 2883/1862/990 2884/1863/990 2843/1831/990 
f 2843/1831/1841 2882/1861/1841 2883/1862/1841 
f 2885/1864/1842 2886/1865/1842 2843/1831/1842 
f 2843/1831/993 2884/1863/993 2885/1864/993 
f 2887/1866/1843 2888/1867/1843 2843/1831/1843 
f 2843/1831/1844 2886/1865/1844 2887/1866/1844 
f 2889/1868/996 2890/1869/996 2843/1831/996 
f 2843/1831/1335 2888/1867/1335 2889/1868/1335 
f 2891/1870/1845 2892/1871/1845 2843/1831/1845 
f 2843/1831/998 2890/1869/998 2891/1870/998 
f 2893/1872/1544 2894/1873/1544 2843/1831/1544 
f 2843/1831/1575 2892/1871/1575 2893/1872/1575 
f 2895/1874/1001 2896/1875/1001 2843/1831/1001 
f 2843/1831/1575 2894/1873/1575 2895/1874/1575 
f 2897/1876/1056 2898/1877/1056 2843/1831/1056 
f 2843/1831/1003 2896/1875/1003 2897/1876/1003 
f 2899/1878/1545 2900/1879/1545 2843/1831/1545 
f 2843/1831/1578 2898/1877/1578 2899/1878/1578 
f 2901/1880/1006 2902/1881/1006 2843/1831/1006 
f 2843/1831/1344 2900/1879/1344 2901/1880/1344 
f 2903/1882/1387 2904/1883/1387 2843/1831/1387 
f 2843/1831/1009 2902/1881/1009 2903/1882/1009 
f 2905/1884/1545 2906/1885/1545 2843/1831/1545 
f 2843/1831/1846 2904/1883/1846 2905/1884/1846 
f 2907/1886/1548 2908/1887/1548 2843/1831/1548 
f 2843/1831/1066 2906/1885/1066 2907/1886/1066 
f 2909/1888/1577 2910/1889/1577 2843/1831/1577 
f 2843/1831/1348 2908/1887/1348 2909/1888/1348 
f 2911/1890/499 2844/1891/499 2843/1831/499 
f 2843/1831/1703 2910/1889/1703 2911/1890/1703 
f 2838/1892/499 2840/1893/499 2912/1894/499 
f 2912/1894/123 2847/1895/123 2838/1892/123 
f 2913/1896/1704 2914/1897/1704 2847/1895/1704 
f 2847/1895/1705 2912/1894/1705 2913/1896/1705 
f 2915/1898/1019 2916/1899/1019 2847/1895/1019 
f 2847/1895/1357 2914/1897/1357 2915/1898/1357 
f 2917/1900/1847 2918/1901/1847 2847/1895/1847 
f 2847/1895/1848 2916/1899/1848 2917/1900/1848 
f 2919/1902/1550 2920/1903/1550 2847/1895/1550 
f 2847/1895/970 2918/1901/970 2919/1902/970 
f 2921/1904/1849 2922/1905/1849 2847/1895/1849 
f 2847/1895/1710 2920/1903/1710 2921/1904/1710 
f 2923/1906/1850 2924/1907/1850 2847/1895/1850 
f 2847/1895/968 2922/1905/968 2923/1906/968 
f 2925/1908/1851 2926/1909/1851 2847/1895/1851 
f 2847/1895/1713 2924/1907/1713 2925/1908/1713 
f 2927/1910/1714 2928/1911/1714 2847/1895/1714 
f 2847/1895/1363 2926/1909/1363 2927/1910/1363 
f 2929/1912/1852 2930/1913/1852 2847/1895/1852 
f 2847/1895/1853 2928/1911/1853 2929/1912/1853 
f 2931/1914/1854 2932/1915/1854 2847/1895/1854 
f 2847/1895/1718 2930/1913/1718 2931/1914/1718 
f 2933/1916/1854 2934/1917/1854 2847/1895/1854 
f 2847/1895/1718 2932/1915/1718 2933/1916/1718 
f 2935/1918/1855 2936/1919/1855 2847/1895/1855 
f 2847/1895/1856 2934/1917/1856 2935/1918/1856 
f 2937/1920/1857 2938/1921/1857 2847/1895/1857 
f 2847/1895/1858 2936/1919/1858 2937/1920/1858 
f 2939/1922/1722 2940/1923/1722 2847/1895/1722 
f 2847/1895/1859 2938/1921/1859 2939/1922/1859 
f 2941/1924/986 2942/1925/986 2847/1895/986 
f 2847/1895/1860 2940/1923/1860 2941/1924/1860 
f 2943/1926/1320 2944/1927/1320 2847/1895/1320 
f 2847/1895/1540 2942/1925/1540 2943/1926/1540 
f 2945/1928/1861 2946/1929/1861 2847/1895/1861 
f 2847/1895/1728 2944/1927/1728 2945/1928/1728 
f 2947/1930/52 2948/1931/52 2847/1895/52 
f 2847/1895/1564 2946/1929/1564 2947/1930/1564 
f 2949/1932/1330 2950/1933/1330 2847/1895/1330 
f 2847/1895/1840 2948/1931/1840 2949/1932/1840 
f 2951/1934/1731 2952/1935/1731 2847/1895/1731 
f 2847/1895/1862 2950/1933/1862 2951/1934/1862 
f 2953/1936/1863 2954/1937/1863 2847/1895/1863 
f 2847/1895/1732 2952/1935/1732 2953/1936/1732 
f 2955/1938/1733 2956/1939/1733 2847/1895/1733 
f 2847/1895/1864 2954/1937/1864 2955/1938/1864 
f 2957/1940/1865 2958/1941/1865 2847/1895/1865 
f 2847/1895/1002 2956/1939/1002 2957/1940/1002 
f 2959/1942/128 2960/1943/128 2847/1895/128 
f 2847/1895/1697 2958/1941/1697 2959/1942/1697 
f 2961/1944/1866 2962/1945/1866 2847/1895/1866 
f 2847/1895/1342 2960/1943/1342 2961/1944/1342 
f 2963/1946/1343 2964/1947/1343 2847/1895/1343 
f 2847/1895/1867 2962/1945/1867 2963/1946/1867 
f 2965/1948/1868 2966/1949/1868 2847/1895/1868 
f 2847/1895/1736 2964/1947/1736 2965/1948/1736 
f 2967/1950/1389 2968/1951/1389 2847/1895/1389 
f 2847/1895/1869 2966/1949/1869 2967/1950/1869 
f 2969/1952/1546 2970/1953/1546 2847/1895/1546 
f 2847/1895/1183 2968/1951/1183 2969/1952/1183 
f 2971/1954/499 2972/1955/499 2847/1895/499 
f 2847/1895/1738 2970/1953/1738 2971/1954/1738 
f 2848/1956/946 2973/1957/946 2974/1958/946 
f 2974/1958/1396 2839/1959/1396 2848/1956/1396 
f 2975/1960/1118 2976/1961/1118 2839/1959/1118 
f 2839/1959/1870 2974/1958/1870 2975/1960/1870 
f 2977/1962/1071 2978/1963/1071 2839/1959/1071 
f 2839/1959/1871 2976/1961/1871 2977/1962/1871 
f 2979/1964/1872 2980/1965/1872 2839/1959/1872 
f 2839/1959/1401 2978/1963/1401 2979/1964/1401 
f 2981/1966/1127 2982/1967/1127 2839/1959/1127 
f 2839/1959/1742 2980/1965/1742 2981/1966/1742 
f 2983/1968/1873 2984/1969/1873 2839/1959/1873 
f 2839/1959/1874 2982/1967/1874 2983/1968/1874 
f 2985/1970/1585 2986/1971/1585 2839/1959/1585 
f 2839/1959/1586 2984/1969/1586 2985/1970/1586 
f 2987/1972/1133 2988/1973/1133 2839/1959/1133 
f 2839/1959/1875 2986/1971/1875 2987/1972/1875 
f 2989/1974/1137 2990/1975/1137 2839/1959/1137 
f 2839/1959/1084 2988/1973/1084 2989/1974/1084 
f 2991/1976/1876 2992/1977/1876 2839/1959/1876 
f 2839/1959/1407 2990/1975/1407 2991/1976/1407 
f 2993/1978/1620 2994/1979/1620 2839/1959/1620 
f 2839/1959/1154 2992/1977/1154 2993/1978/1154 
f 2995/1980/1877 2996/1981/1877 2839/1959/1877 
f 2839/1959/1878 2994/1979/1878 2995/1980/1878 
f 2997/1982/1879 2998/1983/1879 2839/1959/1879 
f 2839/1959/1748 2996/1981/1748 2997/1982/1748 
f 2999/1984/1092 3000/1985/1092 2839/1959/1092 
f 2839/1959/1880 2998/1983/1880 2999/1984/1880 
f 3001/1986/1881 3002/1987/1881 2839/1959/1881 
f 2839/1959/1095 3000/1985/1095 3001/1986/1095 
f 3003/1988/1882 3004/1989/1882 2839/1959/1882 
f 2839/1959/1788 3002/1987/1788 3003/1988/1788 
f 3005/1990/1098 3006/1991/1098 2839/1959/1098 
f 2839/1959/1753 3004/1989/1753 3005/1990/1753 
f 3007/1992/1883 3008/1993/1883 2839/1959/1883 
f 2839/1959/1884 3006/1991/1884 3007/1992/1884 
f 3009/1994/1885 3010/1995/1885 2839/1959/1885 
f 2839/1959/1790 3008/1993/1790 3009/1994/1790 
f 3011/1996/1886 3012/1997/1886 2839/1959/1886 
f 2839/1959/1887 3010/1995/1887 3011/1996/1887 
f 3013/1998/1888 3014/1999/1888 2839/1959/1888 
f 2839/1959/1889 3012/1997/1889 3013/1998/1889 
f 3015/2000/1890 3016/2001/1890 2839/1959/1890 
f 2839/1959/1891 3014/1999/1891 3015/2000/1891 
f 3017/2002/1605 3018/2003/1605 2839/1959/1605 
f 2839/1959/1760 3016/2001/1760 3017/2002/1760 
f 3019/2004/1606 3020/2005/1606 2839/1959/1606 
f 2839/1959/1607 3018/2003/1607 3019/2004/1607 
f 3021/2006/1167 3022/2007/1167 2839/1959/1167 
f 2839/1959/1762 3020/2005/1762 3021/2006/1762 
f 3023/2008/1892 3024/2009/1892 2839/1959/1892 
f 2839/1959/1893 3022/2007/1893 3023/2008/1893 
f 3025/2010/1431 3026/2011/1431 2839/1959/1431 
f 2839/1959/1894 3024/2009/1894 3025/2010/1894 
f 3027/2012/1127 3028/2013/1127 2839/1959/1127 
f 2839/1959/1765 3026/2011/1765 3027/2012/1765 
f 3029/2014/1434 3030/2015/1434 2839/1959/1434 
f 2839/1959/1895 3028/2013/1895 3029/2014/1895 
f 3031/2016/1435 3032/2017/1435 2839/1959/1435 
f 2839/1959/1249 3030/2015/1249 3031/2016/1249 
f 3033/2018/1896 2845/2019/1896 2839/1959/1896 
f 2839/1959/1768 3032/2017/1768 3033/2018/1768 
f 2841/2020/1896 2846/2021/1896 3034/2022/1896 
f 3034/2022/1497 2849/2023/1497 2841/2020/1497 
f 3035/2024/1611 3036/2025/1611 2849/2023/1611 
f 2849/2023/1769 3034/2022/1769 3035/2024/1769 
f 3037/2026/1613 3038/2027/1613 2849/2023/1613 
f 2849/2023/1614 3036/2025/1614 3037/2026/1614 
f 3039/2028/1897 3040/2029/1897 2849/2023/1897 
f 2849/2023/1898 3038/2027/1898 3039/2028/1898 
f 3041/2030/1442 3042/2031/1442 2849/2023/1442 
f 2849/2023/1770 3040/2029/1770 3041/2030/1770 
f 3043/2032/1141 3044/2033/1141 2849/2023/1141 
f 2849/2023/1771 3042/2031/1771 3043/2032/1771 
f 3045/2034/1133 3046/2035/1133 2849/2023/1133 
f 2849/2023/1899 3044/2033/1899 3045/2034/1899 
f 3047/2036/1139 3048/2037/1139 2849/2023/1139 
f 2849/2023/1616 3046/2035/1616 3047/2036/1616 
f 3049/2038/1618 3050/2039/1618 2849/2023/1618 
f 2849/2023/1619 3048/2037/1619 3049/2038/1619 
f 3051/2040/1900 3052/2041/1900 2849/2023/1900 
f 2849/2023/1901 3050/2039/1901 3051/2040/1901 
f 3053/2042/1774 3054/2043/1774 2849/2023/1774 
f 2849/2023/1902 3052/2041/1902 3053/2042/1902 
f 3055/2044/1903 3056/2045/1903 2849/2023/1903 
f 2849/2023/1776 3054/2043/1776 3055/2044/1776 
f 3057/2046/1218 3058/2047/1218 2849/2023/1218 
f 2849/2023/1453 3056/2045/1453 3057/2046/1453 
f 3059/2048/1092 3060/2049/1092 2849/2023/1092 
f 2849/2023/1904 3058/2047/1904 3059/2048/1904 
f 3061/2050/1780 3062/2051/1780 2849/2023/1780 
f 2849/2023/1154 3060/2049/1154 3061/2050/1154 
f 3063/2052/1905 3064/2053/1905 2849/2023/1905 
f 2849/2023/1783 3062/2051/1783 3063/2052/1783 
f 3065/2054/1906 3066/2055/1906 2849/2023/1906 
f 2849/2023/1748 3064/2053/1748 3065/2054/1748 
f 3067/2056/1159 3068/2057/1159 2849/2023/1159 
f 2849/2023/1462 3066/2055/1462 3067/2056/1462 
f 3069/2058/1907 3070/2059/1907 2849/2023/1907 
f 2849/2023/1908 3068/2057/1908 3069/2058/1908 
f 3071/2060/1909 3072/2061/1909 2849/2023/1909 
f 2849/2023/1788 3070/2059/1788 3071/2060/1788 
f 3073/2062/1161 3074/2063/1161 2849/2023/1161 
f 2849/2023/1472 3072/2061/1472 3073/2062/1472 
f 3075/2064/1910 3076/2065/1910 2849/2023/1910 
f 2849/2023/1101 3074/2063/1101 3075/2064/1101 
f 3077/2066/1911 3078/2067/1911 2849/2023/1911 
f 2849/2023/1168 3076/2065/1168 3077/2066/1168 
f 3079/2068/1167 3080/2069/1167 2849/2023/1167 
f 2849/2023/1607 3078/2067/1607 3079/2068/1607 
f 3081/2070/1606 3082/2071/1606 2849/2023/1606 
f 2849/2023/1172 3080/2069/1172 3081/2070/1172 
f 3083/2072/1912 3084/2073/1912 2849/2023/1912 
f 2849/2023/1637 3082/2071/1637 3083/2072/1637 
f 3085/2074/1073 3086/2075/1073 2849/2023/1073 
f 2849/2023/1479 3084/2073/1479 3085/2074/1479 
f 3087/2076/1913 3088/2077/1913 2849/2023/1913 
f 2849/2023/1792 3086/2075/1792 3087/2076/1792 
f 3089/2078/1178 3090/2079/1178 2849/2023/1178 
f 2849/2023/1483 3088/2077/1483 3089/2078/1483 
f 3091/2080/1079 3092/2081/1079 2849/2023/1079 
f 2849/2023/1204 3090/2079/1204 3091/2080/1204 
f 3093/2082/946 3094/2083/946 2849/2023/946 
f 2849/2023/1914 3092/2081/1914 3093/2082/1914 
f 2851/1829/499 2972/1955/499 3095/2084/499 
f 3095/2084/499 2852/1830/499 2851/1829/499 
f 2972/1955/1198 2971/1954/1198 3095/2084/1198 
f 3096/2085/1187 2852/1830/1187 3095/2084/1187 
f 2856/1835/1186 2855/1834/1186 3097/2086/1186 
f 3097/2086/62 3098/2087/62 2856/1835/62 
f 3099/2088/1188 2968/1951/1188 3098/2087/1188 
f 3098/2087/499 3097/2086/499 3099/2088/499 
f 2968/1951/1186 2967/1950/1186 3098/2087/1186 
f 3100/2089/1187 2856/1835/1187 3098/2087/1187 
f 2860/1839/1186 2859/1838/1186 3101/2090/1186 
f 3101/2090/62 3102/2091/62 2860/1839/62 
f 3103/2092/1199 2964/1947/1199 3102/2091/1199 
f 3102/2091/97 3101/2090/97 3103/2092/97 
f 2964/1947/101 2963/1946/101 3102/2091/101 
f 3104/2093/101 2860/1839/101 3102/2091/101 
f 2864/1843/36 2863/1842/36 3105/2094/36 
f 3105/2094/62 3106/2095/62 2864/1843/62 
f 3107/2096/1195 2960/1943/1195 3106/2095/1195 
f 3106/2095/62 3105/2094/62 3107/2096/62 
f 2960/1943/36 2959/1942/36 3106/2095/36 
f 3108/2097/1184 2864/1843/1184 3106/2095/1184 
f 2868/1847/1192 2867/1846/1192 3109/2098/1192 
f 3109/2098/62 3110/2099/62 2868/1847/62 
f 3111/2100/114 2956/1939/114 3110/2099/114 
f 3110/2099/60 3109/2098/60 3111/2100/60 
f 2956/1939/1186 2955/1938/1186 3110/2099/1186 
f 3112/2101/1187 2868/1847/1187 3110/2099/1187 
f 2872/1851/1186 2871/1850/1186 3113/2102/1186 
f 3113/2102/62 3114/2103/62 2872/1851/62 
f 3115/2104/1190 2952/1935/1190 3114/2103/1190 
f 3114/2103/62 3113/2102/62 3115/2104/62 
f 2952/1935/1191 2951/1934/1191 3114/2103/1191 
f 3116/2105/1184 2872/1851/1184 3114/2103/1184 
f 2876/1855/36 2875/1854/36 3117/2106/36 
f 3117/2106/62 3118/2107/62 2876/1855/62 
f 3119/2108/1195 2948/1931/1195 3118/2107/1195 
f 3118/2107/62 3117/2106/62 3119/2108/62 
f 2948/1931/36 2947/1930/36 3118/2107/36 
f 3120/2109/1184 2876/1855/1184 3118/2107/1184 
f 2880/1859/1186 2879/1858/1186 3121/2110/1186 
f 3121/2110/62 3122/2111/62 2880/1859/62 
f 3123/2112/126 2944/1927/126 3122/2111/126 
f 3122/2111/60 3121/2110/60 3123/2112/60 
f 2944/1927/1186 2943/1926/1186 3122/2111/1186 
f 3124/2113/1187 2880/1859/1187 3122/2111/1187 
f 2840/1893/100 2844/1891/100 3125/2114/100 
f 3125/2114/499 2912/1894/499 2840/1893/499 
f 2844/1891/1198 2911/1890/1198 3125/2114/1198 
f 3126/2115/1187 2912/1894/1187 3125/2114/1187 
f 2916/1899/1186 2915/1898/1186 3127/2116/1186 
f 3127/2116/62 3128/2117/62 2916/1899/62 
f 3129/2118/1188 2908/1887/1188 3128/2117/1188 
f 3128/2117/499 3127/2116/499 3129/2118/499 
f 2908/1887/1186 2907/1886/1186 3128/2117/1186 
f 3130/2119/1187 2916/1899/1187 3128/2117/1187 
f 2920/1903/1186 2919/1902/1186 3131/2120/1186 
f 3131/2120/62 3132/2121/62 2920/1903/62 
f 3133/2122/1190 2904/1883/1190 3132/2121/1190 
f 3132/2121/62 3131/2120/62 3133/2122/62 
f 2904/1883/1191 2903/1882/1191 3132/2121/1191 
f 3134/2123/1184 2920/1903/1184 3132/2121/1184 
f 2924/1907/1642 2923/1906/1642 3135/2124/1642 
f 3135/2124/97 3136/2125/97 2924/1907/97 
f 3137/2126/327 2900/1879/327 3136/2125/327 
f 3136/2125/97 3135/2124/97 3137/2126/97 
f 2900/1879/1642 2899/1878/1642 3136/2125/1642 
f 3138/2127/1184 2924/1907/1184 3136/2125/1184 
f 2928/1911/1186 2927/1910/1186 3139/2128/1186 
f 3139/2128/62 3140/2129/62 2928/1911/62 
f 3141/2130/1188 2896/1875/1188 3140/2129/1188 
f 3140/2129/499 3139/2128/499 3141/2130/499 
f 2896/1875/1186 2895/1874/1186 3140/2129/1186 
f 3142/2131/1187 2928/1911/1187 3140/2129/1187 
f 2932/1915/1186 2931/1914/1186 3143/2132/1186 
f 3143/2132/62 3144/2133/62 2932/1915/62 
f 3145/2134/1190 2892/1871/1190 3144/2133/1190 
f 3144/2133/62 3143/2132/62 3145/2134/62 
f 2892/1871/1191 2891/1870/1191 3144/2133/1191 
f 3146/2135/1184 2932/1915/1184 3144/2133/1184 
f 2936/1919/1193 2935/1918/1193 3147/2136/1193 
f 3147/2136/1194 3148/2137/1194 2936/1919/1194 
f 3149/2138/327 2888/1867/327 3148/2137/327 
f 3148/2137/97 3147/2136/97 3149/2138/97 
f 2888/1867/1915 2887/1866/1915 3148/2137/1915 
f 3150/2139/1916 2936/1919/1916 3148/2137/1916 
f 2940/1923/1799 2939/1922/1799 3151/2140/1799 
f 3151/2140/1243 3152/2141/1243 2940/1923/1243 
f 3153/2142/1917 2884/1863/1917 3152/2141/1917 
f 3152/2141/1243 3151/2140/1243 3153/2142/1243 
f 2884/1863/1201 2883/1862/1201 3152/2141/1201 
f 3154/2143/1187 2940/1923/1187 3152/2141/1187 
f 2973/1957/946 3094/2083/946 3155/2144/946 
f 3155/2144/946 2974/1958/946 2973/1957/946 
f 3094/2083/1223 3093/2082/1223 3155/2144/1223 
f 3156/2145/1217 2974/1958/1217 3155/2144/1217 
f 2978/1963/1208 2977/1962/1208 3157/2146/1208 
f 3157/2146/8 3158/2147/8 2978/1963/8 
f 3159/2148/1497 3090/2079/1497 3158/2147/1497 
f 3158/2147/1207 3157/2146/1207 3159/2148/1207 
f 3090/2079/1210 3089/2078/1210 3158/2147/1210 
f 3160/2149/1217 2978/1963/1217 3158/2147/1217 
f 2982/1967/1214 2981/1966/1214 3161/2150/1214 
f 3161/2150/8 3162/2151/8 2982/1967/8 
f 3163/2152/1215 3086/2075/1215 3162/2151/1215 
f 3162/2151/8 3161/2150/8 3163/2152/8 
f 3086/2075/1214 3085/2074/1214 3162/2151/1214 
f 3164/2153/1213 2982/1967/1213 3162/2151/1213 
f 2986/1971/1210 2985/1970/1210 3165/2154/1210 
f 3165/2154/8 3166/2155/8 2986/1971/8 
f 3167/2156/1216 3082/2071/1216 3166/2155/1216 
f 3166/2155/946 3165/2154/946 3167/2156/946 
f 3082/2071/1210 3081/2070/1210 3166/2155/1210 
f 3168/2157/1217 2986/1971/1217 3166/2155/1217 
f 2990/1975/1210 2989/1974/1210 3169/2158/1210 
f 3169/2158/8 3170/2159/8 2990/1975/8 
f 3171/2160/1068 3078/2067/1068 3170/2159/1068 
f 3170/2159/1207 3169/2158/1207 3171/2160/1207 
f 3078/2067/1210 3077/2066/1210 3170/2159/1210 
f 3172/2161/1217 2990/1975/1217 3170/2159/1217 
f 2994/1979/1214 2993/1978/1214 3173/2162/1214 
f 3173/2162/8 3174/2163/8 2994/1979/8 
f 3175/2164/1215 3074/2063/1215 3174/2163/1215 
f 3174/2163/8 3173/2162/8 3175/2164/8 
f 3074/2063/1214 3073/2062/1214 3174/2163/1214 
f 3176/2165/1213 2994/1979/1213 3174/2163/1213 
f 2998/1983/1220 2997/1982/1220 3177/2166/1220 
f 3177/2166/1213 3178/2167/1213 2998/1983/1213 
f 3179/2168/1215 3070/2059/1215 3178/2167/1215 
f 3178/2167/8 3177/2166/8 3179/2168/8 
f 3070/2059/1210 3069/2058/1210 3178/2167/1210 
f 3180/2169/1217 2998/1983/1217 3178/2167/1217 
f 3002/1987/1210 3001/1986/1210 3181/2170/1210 
f 3181/2170/8 3182/2171/8 3002/1987/8 
f 3183/2172/1068 3066/2055/1068 3182/2171/1068 
f 3182/2171/1207 3181/2170/1207 3183/2172/1207 
f 3066/2055/1210 3065/2054/1210 3182/2171/1210 
f 3184/2173/1217 3002/1987/1217 3182/2171/1217 
f 2846/2021/1222 2845/2019/1222 3185/2174/1222 
f 3185/2174/1896 3034/2022/1896 2846/2021/1896 
f 2845/2019/1918 3033/2018/1918 3185/2174/1918 
f 3186/2175/1213 3034/2022/1213 3185/2174/1213 
f 3038/2027/1210 3037/2026/1210 3187/2176/1210 
f 3187/2176/8 3188/2177/8 3038/2027/8 
f 3189/2178/1216 3030/2015/1216 3188/2177/1216 
f 3188/2177/946 3187/2176/946 3189/2178/946 
f 3030/2015/1210 3029/2014/1210 3188/2177/1210 
f 3190/2179/1217 3038/2027/1217 3188/2177/1217 
f 3042/2031/1210 3041/2030/1210 3191/2180/1210 
f 3191/2180/8 3192/2181/8 3042/2031/8 
f 3193/2182/1216 3026/2011/1216 3192/2181/1216 
f 3192/2181/946 3191/2180/946 3193/2182/946 
f 3026/2011/1210 3025/2010/1210 3192/2181/1210 
f 3194/2183/1217 3042/2031/1217 3192/2181/1217 
f 3046/2035/1218 3045/2034/1218 3195/2184/1218 
f 3195/2184/947 3196/2185/947 3046/2035/947 
f 3197/2186/1919 3022/2007/1919 3196/2185/1919 
f 3196/2185/947 3195/2184/947 3197/2186/947 
f 3022/2007/1214 3021/2006/1214 3196/2185/1214 
f 3198/2187/1213 3046/2035/1213 3196/2185/1213 
f 3050/2039/1220 3049/2038/1220 3199/2188/1220 
f 3199/2188/1213 3200/2189/1213 3050/2039/1213 
f 3201/2190/1215 3018/2003/1215 3200/2189/1215 
f 3200/2189/8 3199/2188/8 3201/2190/8 
f 3018/2003/1210 3017/2002/1210 3200/2189/1210 
f 3202/2191/1217 3050/2039/1217 3200/2189/1217 
f 3054/2043/1224 3053/2042/1224 3203/2192/1224 
f 3203/2192/945 3204/2193/945 3054/2043/945 
f 3205/2194/1493 3014/1999/1493 3204/2193/1493 
f 3204/2193/1496 3203/2192/1496 3205/2194/1496 
f 3014/1999/1224 3013/1998/1224 3204/2193/1224 
f 3206/2195/1217 3054/2043/1217 3204/2193/1217 
f 3058/2047/1214 3057/2046/1214 3207/2196/1214 
f 3207/2196/8 3208/2197/8 3058/2047/8 
f 3209/2198/1215 3010/1995/1215 3208/2197/1215 
f 3208/2197/8 3207/2196/8 3209/2198/8 
f 3010/1995/1214 3009/1994/1214 3208/2197/1214 
f 3210/2199/1213 3058/2047/1213 3208/2197/1213 
f 3062/2051/1220 3061/2050/1220 3211/2200/1220 
f 3211/2200/1213 3212/2201/1213 3062/2051/1213 
f 3213/2202/1215 3006/1991/1215 3212/2201/1215 
f 3212/2201/8 3211/2200/8 3213/2202/8 
f 3006/1991/1210 3005/1990/1210 3212/2201/1210 
f 3214/2203/1217 3062/2051/1217 3212/2201/1217 
f 3130/2204/1231 3128/2205/1231 3190/2206/1231 
f 3190/2206/1231 3188/2207/1231 3130/2204/1231 
f 3126/2208/1231 3125/2209/1231 3186/2210/1231 
f 3186/2210/1231 3185/2211/1231 3126/2208/1231 
f 3134/2212/1230 3132/2213/1230 3194/2214/1230 
f 3194/2214/1230 3192/2215/1230 3134/2212/1230 
f 3138/2216/1231 3136/2217/1231 3198/2218/1231 
f 3198/2218/1231 3196/2219/1231 3138/2216/1231 
f 3142/2220/1231 3140/2221/1231 3202/2222/1231 
f 3202/2222/1231 3200/2223/1231 3142/2220/1231 
f 3146/2224/1499 3144/2225/1499 3206/2226/1499 
f 3206/2226/1499 3204/2227/1499 3146/2224/1499 
f 3150/2228/1232 3148/2229/1232 3210/2230/1232 
f 3210/2230/1232 3208/2231/1232 3150/2228/1232 
f 3154/2232/1231 3152/2233/1231 3214/2234/1231 
f 3214/2234/1231 3212/2235/1231 3154/2232/1231 
f 3123/2236/1231 3121/2237/1231 3183/2238/1231 
f 3183/2238/1231 3181/2239/1231 3123/2236/1231 
f 3119/2240/1231 3117/2241/1231 3179/2242/1231 
f 3179/2242/1231 3177/2243/1231 3119/2240/1231 
f 3115/2244/1231 3113/2245/1231 3175/2246/1231 
f 3175/2246/1231 3173/2247/1231 3115/2244/1231 
f 3111/2248/1231 3109/2249/1231 3171/2250/1231 
f 3171/2250/1231 3169/2251/1231 3111/2248/1231 
f 3107/2252/1230 3105/2253/1230 3167/2254/1230 
f 3167/2254/1230 3165/2255/1230 3107/2252/1230 
f 3103/2256/1231 3101/2257/1231 3163/2258/1231 
f 3163/2258/1231 3161/2259/1231 3103/2256/1231 
f 3099/2260/293 3097/2261/293 3159/2262/293 
f 3159/2262/293 3157/2263/293 3099/2260/293 
f 3096/2264/948 3095/2265/948 3156/2266/948 
f 3156/2266/948 3155/2267/948 3096/2264/948 
f 3100/2268/948 3098/2269/948 3160/2270/948 
f 3160/2270/948 3158/2271/948 3100/2268/948 
f 3104/2272/295 3102/2273/295 3164/2274/295 
f 3164/2274/295 3162/2275/295 3104/2272/295 
f 3108/2276/948 3106/2277/948 3168/2278/948 
f 3168/2278/948 3166/2279/948 3108/2276/948 
f 3112/2280/948 3110/2281/948 3172/2282/948 
f 3172/2282/948 3170/2283/948 3112/2280/948 
f 3116/2284/948 3114/2285/948 3176/2286/948 
f 3176/2286/948 3174/2287/948 3116/2284/948 
f 3120/2288/948 3118/2289/948 3180/2290/948 
f 3180/2290/948 3178/2291/948 3120/2288/948 
f 3124/2292/948 3122/2293/948 3184/2294/948 
f 3184/2294/948 3182/2295/948 3124/2292/948 
f 3153/2296/1235 3151/2297/1235 3213/2298/1235 
f 3213/2298/1235 3211/2299/1235 3153/2296/1235 
f 3149/2300/1235 3147/2301/1235 3209/2302/1235 
f 3209/2302/1235 3207/2303/1235 3149/2300/1235 
f 3145/2304/948 3143/2305/948 3205/2306/948 
f 3205/2306/948 3203/2307/948 3145/2304/948 
f 3141/2308/1234 3139/2309/1234 3201/2310/1234 
f 3201/2310/1234 3199/2311/1234 3141/2308/1234 
f 3137/2312/948 3135/2313/948 3197/2314/948 
f 3197/2314/948 3195/2315/948 3137/2312/948 
f 3133/2316/948 3131/2317/948 3193/2318/948 
f 3193/2318/948 3191/2319/948 3133/2316/948 
f 3129/2320/948 3127/2321/948 3189/2322/948 
f 3189/2322/948 3187/2323/948 3129/2320/948 
f 2902/2326/109 2901/2327/109 3044/2324/109 
f 3044/2324/109 3043/2325/109 2902/2326/109 
f 2898/2330/109 2897/2331/109 3048/2328/109 
f 3048/2328/109 3047/2329/109 2898/2330/109 
f 2894/2334/109 2893/2335/109 3052/2332/109 
f 3052/2332/109 3051/2333/109 2894/2334/109 
f 2890/2338/109 2889/2339/109 3056/2336/109 
f 3056/2336/109 3055/2337/109 2890/2338/109 
f 2886/2342/109 2885/2343/109 3060/2340/109 
f 3060/2340/109 3059/2341/109 2886/2342/109 
f 2882/2346/109 2881/2347/109 3064/2344/109 
f 3064/2344/109 3063/2345/109 2882/2346/109 
f 2878/2350/109 2877/2351/109 3068/2348/109 
f 3068/2348/109 3067/2349/109 2878/2350/109 
f 2874/2354/109 2873/2355/109 3072/2352/109 
f 3072/2352/109 3071/2353/109 2874/2354/109 
f 2906/2358/109 2905/2359/109 3040/2356/109 
f 3040/2356/109 3039/2357/109 2906/2358/109 
f 2910/2362/109 2909/2363/109 3036/2360/109 
f 3036/2360/109 3035/2361/109 2910/2362/109 
f 2870/2366/109 2869/2367/109 3076/2364/109 
f 3076/2364/109 3075/2365/109 2870/2366/109 
f 2866/2370/109 2865/2371/109 3080/2368/109 
f 3080/2368/109 3079/2369/109 2866/2370/109 
f 2862/2374/109 2861/2375/109 3084/2372/109 
f 3084/2372/109 3083/2373/109 2862/2374/109 
f 2858/2378/109 2857/2379/109 3088/2376/109 
f 3088/2376/109 3087/2377/109 2858/2378/109 
f 2854/2382/109 2853/2383/109 3092/2380/109 
f 3092/2380/109 3091/2381/109 2854/2382/109 
f 2914/2385/33 2913/2386/33 3032/2387/33 
f 3032/2387/33 3031/2384/33 2914/2385/33 
f 2918/2389/33 2917/2390/33 3028/2391/33 
f 3028/2391/33 3027/2388/33 2918/2389/33 
f 2922/2393/33 2921/2394/33 3024/2395/33 
f 3024/2395/33 3023/2392/33 2922/2393/33 
f 2926/2397/33 2925/2398/33 3020/2399/33 
f 3020/2399/33 3019/2396/33 2926/2397/33 
f 2930/2401/33 2929/2402/33 3016/2403/33 
f 3016/2403/33 3015/2400/33 2930/2401/33 
f 2934/2405/33 2933/2406/33 3012/2407/33 
f 3012/2407/33 3011/2404/33 2934/2405/33 
f 2938/2409/33 2937/2410/33 3008/2411/33 
f 3008/2411/33 3007/2408/33 2938/2409/33 
f 2942/2413/33 2941/2414/33 3004/2415/33 
f 3004/2415/33 3003/2412/33 2942/2413/33 
f 2946/2417/33 2945/2418/33 3000/2419/33 
f 3000/2419/33 2999/2416/33 2946/2417/33 
f 2950/2421/33 2949/2422/33 2996/2423/33 
f 2996/2423/33 2995/2420/33 2950/2421/33 
f 2954/2425/33 2953/2426/33 2992/2427/33 
f 2992/2427/33 2991/2424/33 2954/2425/33 
f 2958/2429/33 2957/2430/33 2988/2431/33 
f 2988/2431/33 2987/2428/33 2958/2429/33 
f 2962/2433/33 2961/2434/33 2984/2435/33 
f 2984/2435/33 2983/2432/33 2962/2433/33 
f 2966/2437/33 2965/2438/33 2980/2439/33 
f 2980/2439/33 2979/2436/33 2966/2437/33 
f 2970/2441/33 2969/2442/33 2976/2443/33 
f 2976/2443/33 2975/2440/33 2970/2441/33 
f 2911/1890/1187 2910/1889/1187 3125/2114/1187 
f 2909/1888/1014 2908/1887/1014 3129/2118/1014 
f 2907/1886/1236 2906/1885/1236 3128/2117/1236 
f 2905/1884/1014 2904/1883/1014 3133/2122/1014 
f 2903/1882/1014 2902/1881/1014 3132/2121/1014 
f 2901/1880/1236 2900/1879/1236 3137/2126/1236 
f 2899/1878/1014 2898/1877/1014 3136/2125/1014 
f 2897/1876/1014 2896/1875/1014 3141/2130/1014 
f 2895/1874/1236 2894/1873/1236 3140/2129/1236 
f 2893/1872/1014 2892/1871/1014 3145/2134/1014 
f 2891/1870/1014 2890/1869/1014 3144/2133/1014 
f 2889/1868/1236 2888/1867/1236 3149/2138/1236 
f 2887/1866/1507 2886/1865/1507 3148/2137/1507 
f 2885/1864/1920 2884/1863/1920 3153/2142/1920 
f 2883/1862/1247 2882/1861/1247 3152/2141/1247 
f 2881/1860/1014 2880/1859/1014 3124/2113/1014 
f 2879/1858/1247 2878/1857/1247 3121/2110/1247 
f 2877/1856/1236 2876/1855/1236 3120/2109/1236 
f 2875/1854/1014 2874/1853/1014 3117/2106/1014 
f 2873/1852/1502 2872/1851/1502 3116/2105/1502 
f 2871/1850/1187 2870/1849/1187 3113/2102/1187 
f 2869/1848/1014 2868/1847/1014 3112/2101/1014 
f 2867/1846/1502 2866/1845/1502 3109/2098/1502 
f 2865/1844/1236 2864/1843/1236 3108/2097/1236 
f 2863/1842/1014 2862/1841/1014 3105/2094/1014 
f 2861/1840/1238 2860/1839/1238 3104/2093/1238 
f 2859/1838/1187 2858/1837/1187 3101/2090/1187 
f 2857/1836/1014 2856/1835/1014 3100/2089/1014 
f 2855/1834/1198 2854/1833/1198 3097/2086/1198 
f 2852/1830/1187 3096/2085/1187 2853/1832/1187 
f 2971/1954/1187 2970/1953/1187 3095/2084/1187 
f 3099/2088/1188 2969/1952/1188 2968/1951/1188 
f 3098/2087/1236 2967/1950/1236 2966/1949/1236 
f 3103/2092/1187 2965/1948/1187 2964/1947/1187 
f 3102/2091/1237 2963/1946/1237 2962/1945/1237 
f 3107/2096/1236 2961/1944/1236 2960/1943/1236 
f 3106/2095/1014 2959/1942/1014 2958/1941/1014 
f 3111/2100/1504 2957/1940/1504 2956/1939/1504 
f 3110/2099/1236 2955/1938/1236 2954/1937/1236 
f 3115/2104/1187 2953/1936/1187 2952/1935/1187 
f 3114/2103/1504 2951/1934/1504 2950/1933/1504 
f 3119/2108/1236 2949/1932/1236 2948/1931/1236 
f 3118/2107/1014 2947/1930/1014 2946/1929/1014 
f 3123/2112/1239 2945/1928/1239 2944/1927/1239 
f 3122/2111/1236 2943/1926/1236 2942/1925/1236 
f 3154/2143/1239 2941/1924/1239 2940/1923/1239 
f 3151/2140/1921 2939/1922/1921 2938/1921/1921 
f 3150/2139/1503 2937/1920/1503 2936/1919/1503 
f 3147/2136/1014 2935/1918/1014 2934/1917/1014 
f 3146/2135/1236 2933/1916/1236 2932/1915/1236 
f 3143/2132/1236 2931/1914/1236 2930/1913/1236 
f 3142/2131/1014 2929/1912/1014 2928/1911/1014 
f 3139/2128/1236 2927/1910/1236 2926/1909/1236 
f 3138/2127/1236 2925/1908/1236 2924/1907/1236 
f 3135/2124/1014 2923/1906/1014 2922/1905/1014 
f 3134/2123/1236 2921/1904/1236 2920/1903/1236 
f 3131/2120/1236 2919/1902/1236 2918/1901/1236 
f 3130/2119/1014 2917/1900/1014 2916/1899/1014 
f 3127/2116/1236 2915/1898/1236 2914/1897/1236 
f 2912/1894/1187 3126/2115/1187 2913/1896/1187 
f 3033/2018/1249 3032/2017/1249 3185/2174/1249 
f 3031/2016/1249 3030/2015/1249 3189/2178/1249 
f 3188/2177/1258 3029/2014/1258 3028/2013/1258 
f 3027/2012/1249 3026/2011/1249 3193/2182/1249 
f 3192/2181/1248 3025/2010/1248 3024/2009/1248 
f 3023/2008/1258 3022/2007/1258 3197/2186/1258 
f 3196/2185/1249 3021/2006/1249 3020/2005/1249 
f 3019/2004/1248 3018/2003/1248 3201/2190/1248 
f 3200/2189/1217 3017/2002/1217 3016/2001/1217 
f 3015/2000/1259 3014/1999/1259 3205/2194/1259 
f 3204/2193/1509 3013/1998/1509 3012/1997/1509 
f 3011/1996/1248 3010/1995/1248 3209/2198/1248 
f 3208/2197/1255 3009/1994/1255 3008/1993/1255 
f 3007/1992/1248 3006/1991/1248 3213/2202/1248 
f 3212/2201/1217 3005/1990/1217 3004/1989/1217 
f 3003/1988/1249 3002/1987/1249 3184/2173/1249 
f 3181/2170/1248 3001/1986/1248 3000/1985/1248 
f 2999/1984/1217 2998/1983/1217 3180/2169/1217 
f 3177/2166/1249 2997/1982/1249 2996/1981/1249 
f 2995/1980/1248 2994/1979/1248 3176/2165/1248 
f 3173/2162/1249 2993/1978/1249 2992/1977/1249 
f 2991/1976/1249 2990/1975/1249 3172/2161/1249 
f 3169/2158/1248 2989/1974/1248 2988/1973/1248 
f 2987/1972/1249 2986/1971/1249 3168/2157/1249 
f 3165/2154/1248 2985/1970/1248 2984/1969/1248 
f 2983/1968/1248 2982/1967/1248 3164/2153/1248 
f 3161/2150/1249 2981/1966/1249 2980/1965/1249 
f 2979/1964/1249 2978/1963/1249 3160/2149/1249 
f 3157/2146/1257 2977/1962/1257 2976/1961/1257 
f 2974/1958/1249 3156/2145/1249 2975/1960/1249 
f 3093/2082/1248 3092/2081/1248 3155/2144/1248 
f 3091/2080/1255 3090/2079/1255 3159/2148/1255 
f 3158/2147/1248 3089/2078/1248 3088/2077/1248 
f 3087/2076/1248 3086/2075/1248 3163/2152/1248 
f 3162/2151/1249 3085/2074/1249 3084/2073/1249 
f 3083/2072/1249 3082/2071/1249 3167/2156/1249 
f 3166/2155/1248 3081/2070/1248 3080/2069/1248 
f 3079/2068/1249 3078/2067/1249 3171/2160/1249 
f 3170/2159/1248 3077/2066/1248 3076/2065/1248 
f 3075/2064/1248 3074/2063/1248 3175/2164/1248 
f 3174/2163/1249 3073/2062/1249 3072/2061/1249 
f 3071/2060/1248 3070/2059/1248 3179/2168/1248 
f 3178/2167/1217 3069/2058/1217 3068/2057/1217 
f 3067/2056/1249 3066/2055/1249 3183/2172/1249 
f 3182/2171/1248 3065/2054/1248 3064/2053/1248 
f 3063/2052/1217 3062/2051/1217 3214/2203/1217 
f 3211/2200/1249 3061/2050/1249 3060/2049/1249 
f 3059/2048/1257 3058/2047/1257 3210/2199/1257 
f 3207/2196/1249 3057/2046/1249 3056/2045/1249 
f 3055/2044/1508 3054/2043/1508 3206/2195/1508 
f 3203/2192/1252 3053/2042/1252 3052/2041/1252 
f 3051/2040/1217 3050/2039/1217 3202/2191/1217 
f 3199/2188/1249 3049/2038/1249 3048/2037/1249 
f 3047/2036/1248 3046/2035/1248 3198/2187/1248 
f 3195/2184/1254 3045/2034/1254 3044/2033/1254 
f 3043/2032/1249 3042/2031/1249 3194/2183/1249 
f 3191/2180/1248 3041/2030/1248 3040/2029/1248 
f 3039/2028/1254 3038/2027/1254 3190/2179/1254 
f 3187/2176/1248 3037/2026/1248 3036/2025/1248 
f 3034/2022/1248 3186/2175/1248 3035/2024/1248 
f 2917/2390/1279 3130/2444/1279 3188/2445/1279 
f 3188/2445/1922 3028/2391/1922 2917/2390/1922 
f 3039/2446/1280 3190/2206/1280 3128/2205/1280 
f 3128/2205/1280 2906/2447/1280 3039/2446/1280 
f 2913/2386/1266 3126/2448/1266 3185/2449/1266 
f 3185/2449/1266 3032/2387/1266 2913/2386/1266 
f 3035/2450/1264 3186/2210/1264 3125/2209/1264 
f 3125/2209/1264 2910/2451/1264 3035/2450/1264 
f 2921/2394/1261 3134/2452/1261 3192/2453/1261 
f 3192/2453/1279 3024/2395/1279 2921/2394/1279 
f 3043/2454/1281 3194/2214/1281 3132/2213/1281 
f 3132/2213/1264 2902/2455/1264 3043/2454/1264 
f 2925/2398/1266 3138/2456/1266 3196/2457/1266 
f 3196/2457/1266 3020/2399/1266 2925/2398/1266 
f 3047/2458/1264 3198/2218/1264 3136/2217/1264 
f 3136/2217/1264 2898/2459/1264 3047/2458/1264 
f 2929/2402/1279 3142/2460/1279 3200/2461/1279 
f 3200/2461/1261 3016/2403/1261 2929/2402/1261 
f 3051/2462/1264 3202/2222/1264 3140/2221/1264 
f 3140/2221/1281 2894/2463/1281 3051/2462/1281 
f 2933/2406/1512 3146/2464/1512 3204/2465/1512 
f 3204/2465/1513 3012/2407/1513 2933/2406/1513 
f 3055/2466/1514 3206/2226/1514 3144/2225/1514 
f 3144/2225/1264 2890/2467/1264 3055/2466/1264 
f 2937/2410/1271 3150/2468/1271 3208/2469/1271 
f 3208/2469/1271 3008/2411/1271 2937/2410/1271 
f 3059/2470/1515 3210/2230/1515 3148/2229/1515 
f 3148/2229/1515 2886/2471/1515 3059/2470/1515 
f 2941/2414/1513 3154/2472/1513 3212/2473/1513 
f 3212/2473/1512 3004/2415/1512 2941/2414/1512 
f 3063/2474/1264 3214/2234/1264 3152/2233/1264 
f 3152/2233/1514 2882/2475/1514 3063/2474/1514 
f 2945/2418/1513 3123/2476/1513 3181/2477/1513 
f 3181/2477/1274 3000/2419/1274 2945/2418/1274 
f 3067/2478/1265 3183/2238/1265 3121/2237/1265 
f 3121/2237/1517 2878/2479/1517 3067/2478/1517 
f 2949/2422/1266 3119/2480/1266 3177/2481/1266 
f 3177/2481/1266 2996/2423/1266 2949/2422/1266 
f 3071/2482/1264 3179/2242/1264 3117/2241/1264 
f 3117/2241/1264 2874/2483/1264 3071/2482/1264 
f 2953/2426/1266 3115/2484/1266 3173/2485/1266 
f 3173/2485/1266 2992/2427/1266 2953/2426/1266 
f 3075/2486/1264 3175/2246/1264 3113/2245/1264 
f 3113/2245/1264 2870/2487/1264 3075/2486/1264 
f 2957/2430/1279 3111/2488/1279 3169/2489/1279 
f 3169/2489/1262 2988/2431/1262 2957/2430/1262 
f 3079/2490/1265 3171/2250/1265 3109/2249/1265 
f 3109/2249/1280 2866/2491/1280 3079/2490/1280 
f 2961/2434/1261 3107/2492/1261 3165/2493/1261 
f 3165/2493/1262 2984/2435/1262 2961/2434/1262 
f 3083/2494/1263 3167/2254/1263 3105/2253/1263 
f 3105/2253/1264 2862/2495/1264 3083/2494/1264 
f 2965/2438/1266 3103/2496/1266 3161/2497/1266 
f 3161/2497/1266 2980/2439/1266 2965/2438/1266 
f 3087/2498/1264 3163/2258/1264 3101/2257/1264 
f 3101/2257/1264 2858/2499/1264 3087/2498/1264 
f 2969/2442/1262 3099/2500/1262 3157/2501/1262 
f 3157/2501/1262 2976/2443/1262 2969/2442/1262 
f 3091/2502/1265 3159/2262/1265 3097/2261/1265 
f 3097/2261/1265 2854/2503/1265 3091/2502/1265 
f 2853/2383/1282 3096/2504/1282 3155/2505/1282 
f 3155/2505/1285 3092/2380/1285 2853/2383/1285 
f 2975/2506/1286 3156/2266/1286 3095/2265/1286 
f 3095/2265/1287 2970/2507/1287 2975/2506/1287 
f 2857/2379/1289 3100/2508/1289 3158/2509/1289 
f 3158/2509/1289 3088/2376/1289 2857/2379/1289 
f 2979/2510/1286 3160/2270/1286 3098/2269/1286 
f 3098/2269/1286 2966/2511/1286 2979/2510/1286 
f 2861/2375/1282 3104/2512/1282 3162/2513/1282 
f 3162/2513/1282 3084/2372/1282 2861/2375/1282 
f 2983/2514/1923 3164/2274/1923 3102/2273/1923 
f 3102/2273/1923 2962/2515/1923 2983/2514/1923 
f 2865/2371/1282 3108/2516/1282 3166/2517/1282 
f 3166/2517/1285 3080/2368/1285 2865/2371/1285 
f 2987/2518/1286 3168/2278/1286 3106/2277/1286 
f 3106/2277/1287 2958/2519/1287 2987/2518/1287 
f 2869/2367/1289 3112/2520/1289 3170/2521/1289 
f 3170/2521/1289 3076/2364/1289 2869/2367/1289 
f 2991/2522/1286 3172/2282/1286 3110/2281/1286 
f 3110/2281/1286 2954/2523/1286 2991/2522/1286 
f 2873/2355/1282 3116/2524/1282 3174/2525/1282 
f 3174/2525/1282 3072/2352/1282 2873/2355/1282 
f 2995/2526/1284 3176/2286/1284 3114/2285/1284 
f 3114/2285/1283 2950/2527/1283 2995/2526/1283 
f 2877/2351/1282 3120/2528/1282 3178/2529/1282 
f 3178/2529/1282 3068/2348/1282 2877/2351/1282 
f 2999/2530/1284 3180/2290/1284 3118/2289/1284 
f 3118/2289/1284 2946/2531/1284 2999/2530/1284 
f 2881/2347/1289 3124/2532/1289 3182/2533/1289 
f 3182/2533/1289 3064/2344/1289 2881/2347/1289 
f 3003/2534/1286 3184/2294/1286 3122/2293/1286 
f 3122/2293/1286 2942/2535/1286 3003/2534/1286 
f 2885/2343/1295 3153/2536/1295 3211/2537/1295 
f 3211/2537/1282 3060/2340/1282 2885/2343/1282 
f 3007/2538/1294 3213/2298/1294 3151/2297/1294 
f 3151/2297/1296 2938/2539/1296 3007/2538/1296 
f 2889/2339/1293 3149/2540/1293 3207/2541/1293 
f 3207/2541/1293 3056/2336/1293 2889/2339/1293 
f 3011/2542/1294 3209/2302/1294 3147/2301/1294 
f 3147/2301/1294 2934/2543/1294 3011/2542/1294 
f 2893/2335/1817 3145/2544/1817 3203/2545/1817 
f 3203/2545/1290 3052/2332/1290 2893/2335/1290 
f 3015/2546/1292 3205/2306/1292 3143/2305/1292 
f 3143/2305/1924 2930/2547/1924 3015/2546/1924 
f 2897/2331/1285 3141/2548/1285 3199/2549/1285 
f 3199/2549/1282 3048/2328/1282 2897/2331/1282 
f 3019/2550/1287 3201/2310/1287 3139/2309/1287 
f 3139/2309/1286 2926/2551/1286 3019/2550/1286 
f 2901/2327/1282 3137/2552/1282 3195/2553/1282 
f 3195/2553/1282 3044/2324/1282 2901/2327/1282 
f 3023/2554/1284 3197/2314/1284 3135/2313/1284 
f 3135/2313/1284 2922/2555/1284 3023/2554/1284 
f 2905/2359/1817 3133/2556/1817 3191/2557/1817 
f 3191/2557/1289 3040/2356/1289 2905/2359/1289 
f 3027/2558/1286 3193/2318/1286 3131/2317/1286 
f 3131/2317/1813 2918/2559/1813 3027/2558/1813 
f 2909/2363/1817 3129/2560/1817 3187/2561/1817 
f 3187/2561/1289 3036/2360/1289 2909/2363/1289 
f 3031/2562/1286 3189/2322/1286 3127/2321/1286 
f 3127/2321/1813 2914/2563/1813 3031/2562/1813 
f 3215/2622/1925 3216/2623/1925 2837/1783/1925 
f 2837/1783/1926 2842/1781/1926 3215/2622/1926 
f 3217/2624/117 3215/2622/117 2842/1781/117 
f 2842/1781/117 2836/1779/117 3217/2624/117 
f 3218/2625/1927 3217/2624/1927 2836/1779/1927 
f 2836/1779/1928 2835/1776/1928 3218/2625/1928 
f 3216/2623/150 3218/2625/150 2835/1776/150 
f 2835/1776/150 2837/1783/150 3216/2623/150 
f 2818/2626/109 2817/2627/109 3216/2628/109 
f 3216/2628/109 3215/2629/109 2818/2626/109 
f 2815/2630/943 2818/2631/943 3215/2632/943 
f 3215/2632/943 3217/2633/943 2815/2630/943 
f 2816/2634/33 2815/2635/33 3217/2636/33 
f 3217/2636/33 3218/2637/33 2816/2634/33 
f 2817/2638/502 2816/2639/502 3218/2640/502 
f 3218/2640/502 3216/2641/502 2817/2638/502 
f 791/1784/33 794/1787/33 3219/1787/33 
f 3219/1787/33 3220/1784/33 791/1784/33 
f 792/1785/1929 791/1784/1929 3220/1784/1929 
f 3220/1784/1929 3221/1785/1929 792/1785/1929 
f 793/1786/109 792/1785/109 3221/1785/109 
f 3221/1785/109 3222/1786/109 793/1786/109 
f 794/1787/1930 793/1786/1930 3222/1786/1930 
f 3222/1786/1930 3219/1787/1930 794/1787/1930 
f 1186/2567/109 1185/2566/109 3223/2566/109 
f 3223/2566/109 3224/2567/109 1186/2567/109 
f 1183/2564/943 1186/2567/943 3224/2567/943 
f 3224/2567/943 3225/2564/943 1183/2564/943 
f 1184/2565/33 1183/2564/33 3225/2564/33 
f 3225/2564/33 3226/2565/33 1184/2565/33 
f 1185/2566/502 1184/2565/502 3226/2565/502 
f 3226/2565/502 3223/2566/502 1185/2566/502 
f 1218/1781/109 1217/1783/109 3227/1783/109 
f 3227/1783/109 3228/1781/109 1218/1781/109 
f 1215/1779/134 1218/1781/134 3228/1781/134 
f 3228/1781/134 3229/1779/134 1215/1779/134 
f 1216/1776/33 1215/1779/33 3229/1779/33 
f 3229/1779/33 3230/1776/33 1216/1776/33 
f 1217/1783/502 1216/1776/502 3230/1776/502 
f 3230/1776/502 3227/1783/502 1217/1783/502 
f 1618/1781/109 1617/1783/109 3231/1783/109 
f 3231/1783/109 3232/1781/109 1618/1781/109 
f 1615/1779/1931 1618/1781/1931 3232/1781/1931 
f 3232/1781/1931 3233/1779/1931 1615/1779/1931 
f 1616/1776/33 1615/1779/33 3233/1779/33 
f 3233/1779/33 3234/1776/33 1616/1776/33 
f 1617/1783/502 1616/1776/502 3234/1776/502 
f 3234/1776/502 3231/1783/502 1617/1783/502 
f 2018/1781/109 2017/1783/109 3235/1783/109 
f 3235/1783/109 3236/1781/109 2018/1781/109 
f 2015/1779/943 2018/1781/943 3236/1781/943 
f 3236/1781/943 3237/1779/943 2015/1779/943 
f 2016/1776/33 2015/1779/33 3237/1779/33 
f 3237/1779/33 3238/1776/33 2016/1776/33 
f 2017/1783/502 2016/1776/502 3238/1776/502 
f 3238/1776/502 3235/1783/502 2017/1783/502 
f 2418/1781/109 2417/1783/109 3239/1783/109 
f 3239/1783/109 3240/1781/109 2418/1781/109 
f 2415/1779/943 2418/1781/943 3240/1781/943 
f 3240/1781/943 3241/1779/943 2415/1779/943 
f 2416/1776/33 2415/1779/33 3241/1779/33 
f 3241/1779/33 3242/1776/33 2416/1776/33 
f 2417/1783/502 2416/1776/502 3242/1776/502 
f 3242/1776/502 3239/1783/502 2417/1783/502 
usemtl puit
f 3243/2642/1932 3244/2643/1932 73/2644/1932 
f 73/2644/1932 72/2645/1932 3243/2642/1932 
f 390/2646/1933 392/2647/1933 3243/2642/1933 
f 3243/2642/1934 391/2648/1934 390/2646/1934 
f 392/2647/60 393/2649/60 3244/2643/60 
f 3244/2643/123 3243/2642/123 392/2647/123 
f 72/2645/1231 88/2650/1231 391/2648/1231 
f 391/2648/1302 3243/2642/1302 72/2645/1302 
f 73/2644/1935 3244/2643/1935 393/2649/1935 
f 393/2649/1935 376/2651/1935 73/2644/1935 
usemtl katus_v_ike
f 360/2652/1936 3245/2653/1936 361/2654/1936 
f 62/2655/1937 362/2656/1937 361/2657/1937 
f 361/2657/1938 3245/2658/1938 62/2655/1938 
usemtl krohv_hall
f 567/2659/109 568/2660/109 566/2661/109 
f 566/2661/109 565/2662/109 567/2659/109 
f 571/2663/109 572/2664/109 570/2665/109 
f 570/2665/109 569/2666/109 571/2663/109 
f 574/2667/109 573/2668/109 575/2669/109 
f 575/2669/109 576/2670/109 574/2667/109 
f 578/2671/109 577/2672/109 579/2673/109 
f 579/2673/109 580/2674/109 578/2671/109 
f 615/2675/109 617/2676/109 618/2677/109 
f 618/2677/109 616/2678/109 615/2675/109 
f 622/2679/1939 620/2680/1939 619/2681/1939 
f 619/2681/1940 621/2682/1940 622/2679/1940 
usemtl krohv_valge
f 746/295/109 745/290/109 747/306/109 
f 747/306/109 748/311/109 746/295/109 
f 750/272/109 749/273/109 751/276/109 
f 751/276/109 752/280/109 750/272/109 
usemtl uks
f 341/2683/60 342/237/60 343/1487/60 
f 343/1487/60 339/251/60 341/2683/60 
f 340/245/60 339/251/60 343/1487/60 
f 335/2684/60 337/237/60 336/2683/60 
f 336/2683/60 333/2685/60 335/2684/60 
f 336/2683/60 338/2686/60 334/2687/60 
f 334/2687/60 333/2685/60 336/2683/60 
usemtl puit
f 62/2688/1941 3245/2689/1941 56/2690/1941 
f 56/2690/1942 55/2691/1942 62/2688/1942 
f 360/2692/1943 61/2693/1943 58/2694/1943 
f 58/2694/1944 59/2695/1944 360/2692/1944 
f 3245/2689/1945 360/2692/1945 59/2695/1945 
f 59/2695/1946 56/2690/1946 3245/2689/1946 
usemtl krohv_rohekas
f 3246/2696/1947 3247/2697/1947 384/2698/1947 
f 384/2698/1947 383/2699/1947 3246/2696/1947 
f 3248/2700/1200 395/2701/1200 386/2702/1200 
f 386/2702/1948 385/2703/1948 3248/2700/1948 
f 3248/2700/1949 3249/2704/1949 3250/2705/1949 
f 3250/2705/60 395/2701/60 3248/2700/60 
f 395/2701/52 3251/2706/52 3252/2707/52 
f 3252/2707/52 396/2708/52 395/2701/52 
f 3251/2706/52 395/2701/52 3250/2705/52 
f 3246/2709/8 383/2710/8 65/2711/8 
f 65/2711/8 64/2712/8 3246/2709/8 
f 71/2713/1950 3247/2714/1950 3246/2715/1950 
f 3246/2715/1951 64/2716/1951 71/2713/1951 
f 388/2717/1952 389/2718/1952 3253/2719/1952 
f 3253/2719/1953 387/2720/1953 388/2717/1953 
f 389/2718/1952 3254/2721/1952 3253/2719/1952 
f 387/2720/1954 3253/2719/1954 3248/2700/1954 
f 3248/2700/1955 385/2703/1955 387/2720/1955 
f 3247/2697/1956 3254/2722/1956 389/2723/1956 
f 389/2723/1956 384/2698/1956 3247/2697/1956 
f 3247/2714/1957 71/2713/1957 3253/2724/1957 
f 3253/2724/1958 3254/2725/1958 3247/2714/1958 
f 71/2713/1959 79/2726/1959 3248/2727/1959 
f 3248/2727/1960 3253/2724/1960 71/2713/1960 
f 79/2726/1961 714/2728/1961 3249/2729/1961 
f 3249/2729/1962 3248/2727/1962 79/2726/1962 
f 74/2730/144 73/2731/144 3252/2732/144 
f 3252/2732/144 3251/2733/144 74/2730/144 
f 714/2728/1963 717/2734/1963 3250/2735/1963 
f 3250/2735/1964 3249/2729/1964 714/2728/1964 
f 717/2734/1965 74/2736/1965 3251/2737/1965 
f 3251/2737/1966 3250/2735/1966 717/2734/1966 
usemtl katus_punane
f 425/1761/1967 418/2738/1967 419/1752/1967 
usemtl katus_hall
f 3255/2739/1161 3256/2740/1161 3257/2741/1161 
f 3257/2741/1161 3258/2742/1161 3255/2739/1161 
f 3259/2743/52 3260/2744/52 3261/2745/52 
f 3261/2745/52 3262/2746/52 3259/2743/52 
f 3259/2743/1968 3262/2746/1968 3258/2742/1968 
f 3258/2742/1968 3257/2741/1968 3259/2743/1968 
f 3263/2747/1969 3264/2748/1969 3265/2749/1969 
f 3265/2749/1969 3266/2750/1969 3263/2747/1969 
f 3260/2744/1970 3264/2748/1970 3263/2747/1970 
f 3263/2747/1970 3256/2740/1970 3260/2744/1970 
f 3258/2742/295 3262/2746/295 3261/2745/295 
f 3261/2745/295 3255/2739/295 3258/2742/295 
f 3263/2747/1161 3266/2750/1161 3257/2741/1161 
f 3257/2741/1161 3256/2740/1161 3263/2747/1161 
f 3264/2748/60 3260/2744/60 3259/2743/60 
f 3259/2743/60 3265/2749/60 3264/2748/60 
f 3265/2749/1971 3259/2743/1971 3257/2741/1971 
f 3257/2741/1971 3266/2750/1971 3265/2749/1971 
f 3261/2745/1972 3260/2744/1972 3256/2740/1972 
f 3256/2740/1972 3255/2739/1972 3261/2745/1972 
usemtl metall_k_lg
f 3267/1610/294 3268/1609/294 3269/1606/294 
f 3269/1606/294 3270/1605/294 3267/1610/294 
usemtl metall_esi
f 3271/1610/60 3272/2751/60 3273/2752/60 
f 3273/2752/96 3274/2753/96 3271/1610/96 
f 3275/2754/52 3274/2753/52 3273/2752/52 
usemtl metall_k_lg
f 3276/1606/1935 3277/1609/1935 3278/1610/1935 
f 3278/1610/1935 3279/1605/1935 3276/1606/1935 
usemtl telliskivi
f 3280/2755/1973 170/2756/1973 147/166/1973 
f 147/166/66 151/170/66 3280/2755/66 
f 170/2756/1974 138/2757/1974 137/181/1974 
f 137/181/1975 147/166/1975 170/2756/1975 
usemtl krohv_valge
f 3280/2758/1976 406/2759/1976 630/2760/1976 
f 630/2760/1977 627/2761/1977 3280/2758/1977 
f 170/2762/1978 3280/2758/1978 627/2761/1978 
f 3280/2758/1979 151/2763/1979 406/2759/1979 
usemtl krohv_aed
f 3220/2764/1980 3219/2765/1980 804/2766/1980 
f 804/2766/1981 803/2767/1981 3220/2764/1981 
f 3221/2768/1982 3220/2764/1982 803/2767/1982 
f 803/2767/1982 811/2769/1982 3221/2768/1982 
f 3222/2770/1983 3221/2768/1983 811/2769/1983 
f 811/2769/1984 805/2771/1984 3222/2770/1984 
f 3219/2765/1982 3222/2770/1982 805/2771/1982 
f 805/2771/1982 804/2766/1982 3219/2765/1982 
f 3224/2772/1925 3223/2773/1925 1203/2774/1925 
f 1203/2774/1985 1207/2775/1985 3224/2772/1985 
f 3225/2776/150 3224/2772/150 1207/2775/150 
f 1207/2775/150 1196/2777/150 3225/2776/150 
f 3226/2778/1925 3225/2776/1925 1196/2777/1925 
f 1196/2777/1985 1195/2779/1985 3226/2778/1985 
f 3223/2773/150 3226/2778/150 1195/2779/150 
f 1195/2779/150 1203/2774/150 3223/2773/150 
f 3228/2780/1925 3227/2781/1925 1237/2782/1925 
f 1237/2782/1985 1242/2783/1985 3228/2780/1985 
f 3229/2784/150 3228/2780/150 1242/2783/150 
f 1242/2783/150 1236/2785/150 3229/2784/150 
f 3230/2786/1925 3229/2784/1925 1236/2785/1925 
f 1236/2785/1985 1235/2787/1985 3230/2786/1985 
f 3227/2781/150 3230/2786/150 1235/2787/150 
f 1235/2787/150 1237/2782/150 3227/2781/150 
f 3232/2788/1986 3231/2789/1986 1637/2790/1986 
f 1637/2790/1986 1642/2791/1986 3232/2788/1986 
f 3233/2792/150 3232/2788/150 1642/2791/150 
f 1642/2791/150 1636/2793/150 3233/2792/150 
f 3234/2794/1925 3233/2792/1925 1636/2793/1925 
f 1636/2793/1925 1635/2795/1925 3234/2794/1925 
f 3231/2789/1187 3234/2794/1187 1635/2795/1187 
f 1635/2795/1187 1637/2790/1187 3231/2789/1187 
f 3236/2796/1198 3235/2797/1198 2037/2798/1198 
f 2037/2798/1986 2042/2799/1986 3236/2796/1986 
f 3237/2800/150 3236/2796/150 2042/2799/150 
f 2042/2799/150 2036/2801/150 3237/2800/150 
f 3238/2802/1925 3237/2800/1925 2036/2801/1925 
f 2036/2801/1188 2035/2803/1188 3238/2802/1188 
f 3235/2797/1187 3238/2802/1187 2035/2803/1187 
f 2035/2803/1187 2037/2798/1187 3235/2797/1187 
f 3240/2804/1987 3239/2805/1987 2437/2806/1987 
f 2437/2806/1928 2442/2807/1928 3240/2804/1928 
f 3241/2808/150 3240/2804/150 2442/2807/150 
f 2442/2807/150 2436/2809/150 3241/2808/150 
f 3242/2810/1925 3241/2808/1925 2436/2809/1925 
f 2436/2809/1988 2435/2811/1988 3242/2810/1988 
f 3239/2805/1989 3242/2810/1989 2435/2811/1989 
f 2435/2811/1989 2437/2806/1989 3239/2805/1989 
usemtl Rkp_11_akenv02
f 3281/2812/1990 3282/2813/1990 3283/2814/1990 
f 3284/2815/1991 3282/2813/1991 3281/2812/1991 
f 3285/2816/1992 3286/2817/1992 3287/2818/1992 
f 3288/2814/1993 3287/2818/1993 3286/2817/1993 
usemtl rkp11_krohv_kollane
f 409/2819/1994 3289/2820/1994 47/2821/1994 
f 46/2822/1995 409/2819/1995 47/2821/1995 
f 3290/2823/1996 54/2824/1996 3291/2825/1996 
f 3291/2825/1992 3292/2826/1992 3293/2827/1992 
f 54/2824/1992 57/2828/1992 3292/2826/1992 
f 3292/2826/1997 57/2828/1997 3294/2829/1997 
f 409/2819/1998 3295/2830/1998 3289/2820/1998 
f 57/2828/1999 47/2821/1999 3289/2820/1999 
f 3289/2820/1993 3294/2829/1993 57/2828/1993 
f 15/2831/2000 14/2832/2000 3290/2823/2000 
f 14/2832/2000 54/2824/2000 3290/2823/2000 
f 54/2824/1992 3292/2826/1992 3291/2825/1992 
f 3292/2826/2001 3295/2830/2001 3293/2827/2001 
f 3295/2830/1999 409/2819/1999 3293/2827/1999 
f 409/2819/1990 15/2831/1990 3296/2833/1990 
f 3296/2833/1993 3293/2827/1993 409/2819/1993 
f 3290/2823/2002 3296/2833/2002 15/2831/2002 
usemtl rkp11_krohv_valge
f 3290/2834/2003 3291/2835/2003 3282/2836/2003 
f 3282/2836/2003 3284/2837/2003 3290/2834/2003 
usemtl krohv_valge
f 3291/2838/2004 3293/2839/2004 3283/2840/2004 
f 3283/2840/2004 3282/2841/2004 3291/2838/2004 
usemtl rkp11_krohv_valge
f 3292/2842/2005 3294/2843/2005 3286/2844/2005 
f 3286/2844/2005 3285/2845/2005 3292/2842/2005 
usemtl krohv_valge
f 3295/2846/52 3292/2847/52 3285/2848/52 
f 3285/2848/52 3287/2849/52 3295/2846/52 
f 3289/2850/2006 3295/2851/2006 3287/2852/2006 
f 3287/2852/2006 3288/2853/2006 3289/2850/2006 
f 3294/2854/1161 3289/2855/1161 3288/2856/1161 
f 3288/2856/1161 3286/2857/1161 3294/2854/1161 
f 3293/2858/2007 3296/2859/2007 3281/2860/2007 
f 3281/2860/2007 3283/2861/2007 3293/2858/2007 
f 3296/2862/234 3290/2863/234 3284/2864/234 
f 3284/2864/1989 3281/2865/1989 3296/2862/1989 
usemtl telliskivi
f 3297/2866/2008 3298/2867/2008 144/179/2008 159/180/2008 
f 3299/2868/86 3297/2866/86 159/180/86 137/181/86 
usemtl krohv_kollane
f 3298/742/89 3300/743/89 397/743/89 144/742/89 
f 3300/743/2009 67/753/2009 63/753/2009 397/743/2009 
f 3301/743/2009 34/753/2009 67/753/2009 3300/743/2009 
f 3302/743/2009 35/753/2009 34/753/2009 3301/743/2009 
f 3303/743/2009 744/753/2009 35/753/2009 3302/743/2009 
# 7 polygons - 6782 triangles

#
# object xxx
#

v  38.3423 65.3663 20.2500
v  49.9267 69.1035 20.2500
v  49.9267 69.1035 18.4555
v  38.3423 65.3663 18.4555
v  53.9800 70.4200 20.2500
v  53.9800 70.4200 18.4555
v  32.0089 63.3193 20.2500
v  32.0089 63.3193 18.4555
v  49.9267 69.1035 14.6627
v  38.3423 65.3663 14.6627
v  53.9800 70.4200 14.6627
v  32.0089 63.3193 14.6627
v  49.9267 69.1035 13.6989
v  38.3423 65.3663 13.6989
v  53.9800 70.4200 13.6989
v  32.0089 63.3193 13.6989
# 16 vertices

vn -0.3070 0.9517 0.0000
vn -0.3089 0.9511 0.0000
vn -0.3075 0.9515 0.0000
# 3 vertex normals

vt 5.0522 -0.1023 0.6394
vt -0.0166 -0.1023 0.8483
vt -1.7912 -0.1023 0.9256
vt -3.3545 1.0957 0.3771
vt -1.4574 1.5596 0.3771
# 5 texture coords

g xxx
usemtl krohv_kollane
s off
f 3304/2869/2010 3305/2870/2010 3306/2870/2010 3307/2869/2010 
f 3305/2870/2011 3308/2871/2011 3309/2871/2011 3306/2870/2011 
f 3310/2872/2012 3304/2873/2012 3307/2873/2012 3311/2872/2012 
f 3307/2869/2010 3306/2870/2010 3312/2870/2010 3313/2869/2010 
f 3306/2870/2011 3309/2871/2011 3314/2871/2011 3312/2870/2011 
f 3311/2872/2012 3307/2873/2012 3313/2873/2012 3315/2872/2012 
f 3313/2869/2010 3312/2870/2010 3316/2870/2010 3317/2869/2010 
f 3312/2870/2011 3314/2871/2011 3318/2871/2011 3316/2870/2011 
f 3315/2872/2012 3313/2873/2012 3317/2873/2012 3319/2872/2012 
# 9 polygons

