# 3ds Max Wavefront OBJ Exporter v0.97b - (c)2007 guruware
# File Created: 02.04.2012 17:22:13

mtllib Uus_18.mtl

#
# object Uus_18
#

v  280.1120 259.6913 8.2584
v  290.5700 260.1827 8.1991
v  280.1082 259.7410 8.1991
v  268.9939 258.4047 6.8459
v  268.8959 259.6768 6.8459
v  268.7962 259.6691 6.8304
v  268.8942 258.3970 6.8304
v  268.7111 260.7748 8.8083
v  268.7962 259.6691 8.5627
v  268.9751 257.3440 8.8083
v  268.8942 258.3970 8.5627
v  268.7112 260.7748 6.0453
v  268.9751 257.3440 6.0453
v  268.6305 260.7686 6.0002
v  268.8944 257.3378 6.0002
v  268.6305 260.7686 5.9002
v  268.8944 257.3378 5.9002
v  268.6926 260.7734 5.9002
v  268.9565 257.3426 5.9002
v  268.8959 259.6768 8.5627
v  268.9939 258.4047 8.5627
v  269.1515 258.4075 10.1845
v  269.0471 259.7641 10.1845
v  268.7094 259.7381 10.0668
v  268.8138 258.3815 10.0668
v  269.0470 259.7641 10.3816
v  269.1515 258.4075 10.3816
v  268.0341 257.2716 8.8083
v  267.8619 257.2584 9.1043
v  267.5980 260.6891 9.1043
v  267.7702 260.7024 8.8083
v  268.7604 259.6664 6.8157
v  268.8584 258.3942 6.8157
v  268.9047 258.3566 11.3559
v  268.9105 258.2808 11.5360
v  268.8941 258.4937 11.5360
v  268.9022 258.3883 11.3559
v  268.8900 258.5466 11.3559
v  268.8845 258.6188 11.3838
v  268.8898 258.5495 11.5529
v  268.8783 258.6994 11.4097
v  268.8828 258.6402 11.5801
v  268.8566 258.9811 11.6334
v  268.8500 259.0666 11.6381
v  268.8500 259.0666 11.4584
v  268.8563 258.9855 11.4540
v  268.8643 258.8807 11.6249
v  268.8630 258.8980 11.4466
v  268.8736 258.7602 11.6073
v  268.8708 258.7970 11.4318
v  269.1041 258.3720 11.3559
v  269.1099 258.2962 11.5360
v  269.1539 258.3758 11.3559
v  269.1597 258.3000 11.5360
v  270.1335 258.4512 11.3559
v  270.3204 258.3893 11.5360
v  269.0494 259.0819 10.2654
v  269.0873 258.5901 10.2654
v  269.1371 258.5940 10.2654
v  269.0993 259.0858 10.2654
v  269.0873 258.5901 11.2666
v  269.1371 258.5940 11.2666
v  269.0803 258.6808 11.3015
v  269.1302 258.6847 11.3015
v  269.0748 258.7522 11.3245
v  269.1247 258.7560 11.3245
v  269.0682 258.8385 11.3441
v  269.1180 258.8424 11.3441
v  269.0612 258.9298 11.3574
v  269.1110 258.9337 11.3574
v  269.0549 259.0108 11.3643
v  269.1048 259.0147 11.3643
v  269.0494 259.0819 11.3643
v  269.0993 259.0858 11.3643
v  269.1559 258.3500 10.8358
v  269.1515 258.4075 10.8662
v  269.1016 258.4036 10.8662
v  269.1060 258.3462 10.8358
v  269.1559 258.3500 10.6460
v  269.1060 258.3462 10.6460
v  269.0992 259.0858 10.1845
v  269.1016 258.4036 10.1845
v  269.0494 259.0819 10.1845
v  269.1620 258.2708 10.3530
v  269.1122 258.2669 10.3530
v  269.1016 258.4036 10.3315
v  269.1675 258.1985 10.4094
v  269.1177 258.1947 10.4094
v  269.1692 258.1770 10.4888
v  269.1194 258.1732 10.4888
v  269.1675 258.1985 10.5681
v  269.1177 258.1947 10.5681
v  269.1620 258.2708 10.6245
v  269.1122 258.2669 10.6245
v  269.0935 258.5090 11.5360
v  269.1016 258.4036 11.3559
v  269.0894 258.5619 11.3559
v  269.0839 258.6341 11.3838
v  269.0892 258.5648 11.5529
v  269.0777 258.7148 11.4097
v  269.0822 258.6555 11.5801
v  269.0560 258.9965 11.6334
v  269.0494 259.0819 11.6381
v  269.0494 259.0819 11.4584
v  269.0557 259.0008 11.4540
v  269.0638 258.8961 11.6249
v  269.0624 258.9133 11.4466
v  269.0730 258.7756 11.6073
v  269.0702 258.8123 11.4318
v  269.1515 258.4075 11.3559
v  269.1433 258.5129 11.5360
v  269.1391 258.5687 11.5529
v  269.1321 258.6594 11.5801
v  269.1058 259.0003 11.6334
v  269.0992 259.0858 11.6381
v  269.1136 258.8999 11.6249
v  269.1228 258.7794 11.6073
v  270.1311 258.4828 11.3559
v  270.3040 258.6022 11.5360
v  270.3167 258.6593 11.5529
v  270.3371 258.7521 11.5801
v  270.3644 259.0972 11.6334
v  270.3626 259.1830 11.6381
v  270.3636 258.9961 11.6249
v  270.3552 258.8742 11.6073
v  268.7954 259.7765 11.3559
v  268.8059 259.6395 11.5360
v  268.7896 259.8523 11.5360
v  268.7978 259.7449 11.3559
v  268.8100 259.5866 11.3559
v  268.8156 259.5144 11.3838
v  268.8102 259.5837 11.5529
v  268.8217 259.4337 11.4097
v  268.8172 259.4930 11.5801
v  268.8434 259.1520 11.6334
v  268.8438 259.1477 11.4540
v  268.8357 259.2524 11.6249
v  268.8370 259.2352 11.4466
v  268.8264 259.3729 11.6073
v  268.8293 259.3362 11.4318
v  268.9948 259.7919 11.3559
v  268.9890 259.8677 11.5360
v  269.0446 259.7957 11.3559
v  269.0388 259.8715 11.5360
v  270.0243 259.8711 11.3559
v  270.1994 259.9608 11.5360
v  269.0614 259.5775 10.2654
v  269.0116 259.5737 10.2654
v  269.0614 259.5775 11.2666
v  269.0116 259.5737 11.2666
v  269.0684 259.4868 11.3015
v  269.0186 259.4830 11.3015
v  269.0739 259.4155 11.3245
v  269.0240 259.4116 11.3245
v  269.0805 259.3292 11.3441
v  269.0307 259.3253 11.3441
v  269.0876 259.2378 11.3574
v  269.0377 259.2340 11.3574
v  269.0938 259.1568 11.3643
v  269.0439 259.1530 11.3643
v  269.0426 259.8215 10.8358
v  268.9972 259.7602 10.8662
v  269.0471 259.7641 10.8662
v  268.9928 259.8177 10.8358
v  269.0426 259.8215 10.6460
v  268.9928 259.8177 10.6460
v  268.9972 259.7602 10.1845
v  268.9867 259.8969 10.3530
v  269.0365 259.9008 10.3530
v  268.9972 259.7602 10.3315
v  268.9811 259.9692 10.4094
v  269.0310 259.9730 10.4094
v  268.9795 259.9906 10.4888
v  269.0293 259.9945 10.4888
v  268.9811 259.9692 10.5681
v  269.0310 259.9730 10.5681
v  268.9867 259.8969 10.6245
v  269.0365 259.9008 10.6245
v  269.0053 259.6548 11.5360
v  268.9972 259.7602 11.3559
v  269.0094 259.6019 11.3559
v  269.0150 259.5297 11.3838
v  269.0096 259.5990 11.5529
v  269.0211 259.4491 11.4097
v  269.0166 259.5083 11.5801
v  269.0428 259.1674 11.6334
v  269.0432 259.1630 11.4540
v  269.0351 259.2678 11.6249
v  269.0364 259.2505 11.4466
v  269.0258 259.3883 11.6073
v  269.0287 259.3515 11.4318
v  269.0471 259.7641 11.3559
v  269.0551 259.6586 11.5360
v  269.0594 259.6028 11.5529
v  269.0664 259.5121 11.5801
v  269.0927 259.1712 11.6334
v  269.0849 259.2716 11.6249
v  269.0757 259.3921 11.6073
v  270.0267 259.8394 11.3559
v  270.2158 259.7480 11.5360
v  270.2371 259.6935 11.5529
v  270.2715 259.6049 11.5801
v  270.3512 259.2680 11.6334
v  270.3350 259.3678 11.6249
v  270.3080 259.4869 11.6073
v  269.2515 255.5806 6.0453
v  269.1535 256.8527 6.0453
v  269.0137 256.8419 6.0453
v  269.1117 255.5698 6.0453
v  269.0137 256.8419 8.5386
v  269.1893 254.5601 8.8083
v  269.1117 255.5698 8.5386
v  269.1894 254.5601 6.0453
v  269.1087 254.5529 6.0002
v  269.1087 254.5529 5.9002
v  269.1709 254.5585 5.9002
v  269.1535 256.8527 8.5386
v  269.2515 255.5806 8.5386
v  269.3715 255.5480 10.1845
v  269.2670 256.9046 10.1845
v  268.9294 256.8786 10.0668
v  269.0338 255.5220 10.0668
v  269.2670 256.9046 10.3816
v  269.3715 255.5480 10.3816
v  268.2492 254.4766 8.8083
v  268.0771 254.4613 9.1043
v  269.1247 255.4971 11.3559
v  269.1305 255.4213 11.5360
v  269.1141 255.6342 11.5360
v  269.1222 255.5288 11.3559
v  269.1100 255.6871 11.3559
v  269.1045 255.7593 11.3838
v  269.1098 255.6900 11.5529
v  269.0983 255.8399 11.4097
v  269.1028 255.7807 11.5801
v  269.0766 256.1216 11.6334
v  269.0700 256.2071 11.6381
v  269.0700 256.2071 11.4584
v  269.0763 256.1260 11.4540
v  269.0843 256.0212 11.6249
v  269.0830 256.0385 11.4466
v  269.0936 255.9007 11.6073
v  269.0908 255.9375 11.4318
v  269.3241 255.5125 11.3559
v  269.3299 255.4367 11.5360
v  269.3739 255.5163 11.3559
v  269.3797 255.4405 11.5360
v  270.3535 255.5917 11.3559
v  270.5404 255.5298 11.5360
v  269.2694 256.2224 10.2654
v  269.3073 255.7307 10.2654
v  269.3571 255.7345 10.2654
v  269.3193 256.2263 10.2654
v  269.3073 255.7307 11.2666
v  269.3571 255.7345 11.2666
v  269.3003 255.8213 11.3015
v  269.3502 255.8251 11.3015
v  269.2948 255.8927 11.3245
v  269.3447 255.8965 11.3245
v  269.2882 255.9790 11.3441
v  269.3380 255.9829 11.3441
v  269.2811 256.0703 11.3574
v  269.3310 256.0742 11.3574
v  269.2749 256.1513 11.3643
v  269.3248 256.1552 11.3643
v  269.2694 256.2224 11.3643
v  269.3193 256.2263 11.3643
v  269.3759 255.4905 10.8358
v  269.3715 255.5480 10.8662
v  269.3216 255.5441 10.8662
v  269.3260 255.4867 10.8358
v  269.3759 255.4905 10.6460
v  269.3260 255.4867 10.6460
v  269.3192 256.2263 10.1845
v  269.3216 255.5441 10.1845
v  269.2694 256.2224 10.1845
v  269.3820 255.4113 10.3530
v  269.3322 255.4074 10.3530
v  269.3216 255.5441 10.3315
v  269.3875 255.3390 10.4094
v  269.3377 255.3352 10.4094
v  269.3892 255.3175 10.4888
v  269.3394 255.3137 10.4888
v  269.3875 255.3390 10.5681
v  269.3377 255.3352 10.5681
v  269.3820 255.4113 10.6245
v  269.3322 255.4074 10.6245
v  269.3135 255.6495 11.5360
v  269.3216 255.5441 11.3559
v  269.3094 255.7024 11.3559
v  269.3039 255.7746 11.3838
v  269.3092 255.7053 11.5529
v  269.2977 255.8553 11.4097
v  269.3022 255.7961 11.5801
v  269.2760 256.1370 11.6334
v  269.2694 256.2224 11.6381
v  269.2694 256.2224 11.4584
v  269.2757 256.1413 11.4540
v  269.2838 256.0366 11.6249
v  269.2824 256.0538 11.4466
v  269.2930 255.9161 11.6073
v  269.2902 255.9528 11.4318
v  269.3715 255.5480 11.3559
v  269.3633 255.6534 11.5360
v  269.3590 255.7092 11.5529
v  269.3521 255.7999 11.5801
v  269.3258 256.1408 11.6334
v  269.3192 256.2263 11.6381
v  269.3336 256.0404 11.6249
v  269.3428 255.9199 11.6073
v  270.3511 255.6233 11.3559
v  270.5240 255.7427 11.5360
v  270.5367 255.7998 11.5529
v  270.5571 255.8926 11.5801
v  270.5844 256.2376 11.6334
v  270.5826 256.3235 11.6381
v  270.5836 256.1366 11.6249
v  270.5752 256.0147 11.6073
v  269.0154 256.9170 11.3559
v  269.0259 256.7800 11.5360
v  269.0096 256.9928 11.5360
v  269.0178 256.8854 11.3559
v  269.0300 256.7271 11.3559
v  269.0356 256.6549 11.3838
v  269.0302 256.7242 11.5529
v  269.0417 256.5742 11.4097
v  269.0372 256.6335 11.5801
v  269.0634 256.2925 11.6334
v  269.0638 256.2882 11.4540
v  269.0557 256.3929 11.6249
v  269.0570 256.3756 11.4466
v  269.0464 256.5134 11.6073
v  269.0493 256.4767 11.4318
v  269.2148 256.9324 11.3559
v  269.2090 257.0082 11.5360
v  269.2646 256.9362 11.3559
v  269.2588 257.0120 11.5360
v  270.2443 257.0116 11.3559
v  270.4194 257.1013 11.5360
v  269.2814 256.7180 10.2654
v  269.2316 256.7142 10.2654
v  269.2814 256.7180 11.2666
v  269.2316 256.7142 11.2666
v  269.2884 256.6273 11.3015
v  269.2386 256.6235 11.3015
v  269.2939 256.5560 11.3245
v  269.2440 256.5521 11.3245
v  269.3005 256.4696 11.3441
v  269.2507 256.4658 11.3441
v  269.3076 256.3783 11.3574
v  269.2577 256.3745 11.3574
v  269.3138 256.2973 11.3643
v  269.2639 256.2935 11.3643
v  269.2626 256.9620 10.8358
v  269.2172 256.9007 10.8662
v  269.2670 256.9046 10.8662
v  269.2128 256.9582 10.8358
v  269.2626 256.9620 10.6460
v  269.2128 256.9582 10.6460
v  269.2172 256.9007 10.1845
v  269.2067 257.0374 10.3530
v  269.2565 257.0412 10.3530
v  269.2172 256.9007 10.3315
v  269.2011 257.1097 10.4094
v  269.2510 257.1135 10.4094
v  269.1995 257.1311 10.4888
v  269.2493 257.1350 10.4888
v  269.2011 257.1097 10.5681
v  269.2510 257.1135 10.5681
v  269.2067 257.0374 10.6245
v  269.2565 257.0412 10.6245
v  269.2253 256.7953 11.5360
v  269.2172 256.9007 11.3559
v  269.2294 256.7424 11.3559
v  269.2350 256.6702 11.3838
v  269.2296 256.7395 11.5529
v  269.2411 256.5896 11.4097
v  269.2366 256.6488 11.5801
v  269.2628 256.3079 11.6334
v  269.2632 256.3035 11.4540
v  269.2551 256.4083 11.6249
v  269.2564 256.3910 11.4466
v  269.2458 256.5288 11.6073
v  269.2487 256.4920 11.4318
v  269.2670 256.9046 11.3559
v  269.2751 256.7991 11.5360
v  269.2794 256.7433 11.5529
v  269.2864 256.6526 11.5801
v  269.3127 256.3117 11.6334
v  269.3049 256.4121 11.6249
v  269.2957 256.5326 11.6073
v  270.2467 256.9799 11.3559
v  270.4358 256.8885 11.5360
v  270.4571 256.8340 11.5529
v  270.4915 256.7453 11.5801
v  270.5712 256.4085 11.6334
v  270.5550 256.5083 11.6249
v  270.5280 256.6274 11.6073
v  268.7665 261.3590 6.8459
v  268.6685 262.6311 6.8459
v  268.5688 262.6235 6.8304
v  268.6668 261.3513 6.8304
v  268.4837 263.7292 8.8083
v  268.5688 262.6235 8.5627
v  268.6668 261.3513 8.5627
v  268.4838 263.7292 6.0453
v  268.4031 263.7230 6.0002
v  268.4031 263.7230 5.9002
v  268.4652 263.7277 5.9002
v  268.6685 262.6311 8.5627
v  268.7665 261.3590 8.5627
v  268.9241 261.3618 10.1845
v  268.8197 262.7184 10.1845
v  268.4821 262.6924 10.0668
v  268.5865 261.3358 10.0668
v  268.8197 262.7184 10.3816
v  268.9241 261.3618 10.3816
v  267.3706 263.6435 9.1043
v  267.5428 263.6567 8.8083
v  268.5331 262.6207 6.8157
v  268.6310 261.3486 6.8157
v  268.6773 261.3110 11.3559
v  268.6831 261.2352 11.5360
v  268.6667 261.4480 11.5360
v  268.6749 261.3427 11.3559
v  268.6627 261.5009 11.3559
v  268.6571 261.5731 11.3838
v  268.6625 261.5038 11.5529
v  268.6509 261.6538 11.4097
v  268.6555 261.5946 11.5801
v  268.6292 261.9355 11.6334
v  268.6227 262.0209 11.6381
v  268.6227 262.0209 11.4584
v  268.6289 261.9398 11.4540
v  268.6370 261.8351 11.6249
v  268.6357 261.8524 11.4466
v  268.6462 261.7146 11.6073
v  268.6434 261.7513 11.4318
v  268.8767 261.3263 11.3559
v  268.8825 261.2505 11.5360
v  268.9265 261.3302 11.3559
v  268.9324 261.2544 11.5360
v  269.9062 261.4055 11.3559
v  270.0930 261.3437 11.5360
v  268.8221 262.0363 10.2654
v  268.8599 261.5445 10.2654
v  268.9098 261.5483 10.2654
v  268.8719 262.0401 10.2654
v  268.8599 261.5445 11.2666
v  268.9098 261.5483 11.2666
v  268.8530 261.6352 11.3015
v  268.9028 261.6390 11.3015
v  268.8475 261.7066 11.3245
v  268.8973 261.7104 11.3245
v  268.8408 261.7929 11.3441
v  268.8907 261.7967 11.3441
v  268.8338 261.8842 11.3574
v  268.8836 261.8880 11.3574
v  268.8275 261.9652 11.3643
v  268.8774 261.9690 11.3643
v  268.8221 262.0363 11.3643
v  268.8719 262.0401 11.3643
v  268.9285 261.3044 10.8358
v  268.9241 261.3618 10.8662
v  268.8743 261.3580 10.8662
v  268.8787 261.3005 10.8358
v  268.9285 261.3044 10.6460
v  268.8787 261.3005 10.6460
v  268.8719 262.0401 10.1845
v  268.8743 261.3580 10.1845
v  268.8221 262.0363 10.1845
v  268.9346 261.2251 10.3530
v  268.8848 261.2213 10.3530
v  268.8743 261.3580 10.3315
v  268.9402 261.1529 10.4094
v  268.8904 261.1490 10.4094
v  268.9418 261.1314 10.4888
v  268.8920 261.1276 10.4888
v  268.9402 261.1529 10.5681
v  268.8904 261.1490 10.5681
v  268.9346 261.2251 10.6245
v  268.8848 261.2213 10.6245
v  268.8662 261.4634 11.5360
v  268.8743 261.3580 11.3559
v  268.8621 261.5163 11.3559
v  268.8565 261.5885 11.3838
v  268.8619 261.5192 11.5529
v  268.8503 261.6691 11.4097
v  268.8549 261.6099 11.5801
v  268.8287 261.9508 11.6334
v  268.8221 262.0363 11.6381
v  268.8221 262.0363 11.4584
v  268.8283 261.9552 11.4540
v  268.8364 261.8504 11.6249
v  268.8351 261.8677 11.4466
v  268.8457 261.7299 11.6073
v  268.8428 261.7667 11.4318
v  268.9241 261.3618 11.3559
v  268.9160 261.4672 11.5360
v  268.9117 261.5230 11.5529
v  268.9047 261.6137 11.5801
v  268.8785 261.9547 11.6334
v  268.8719 262.0401 11.6381
v  268.8862 261.8542 11.6249
v  268.8955 261.7338 11.6073
v  269.9037 261.4372 11.3559
v  270.0767 261.5565 11.5360
v  270.0894 261.6136 11.5529
v  270.1098 261.7065 11.5801
v  270.1371 262.0515 11.6334
v  270.1352 262.1373 11.6381
v  270.1363 261.9504 11.6249
v  270.1279 261.8286 11.6073
v  268.5680 262.7309 11.3559
v  268.5786 262.5938 11.5360
v  268.5622 262.8067 11.5360
v  268.5705 262.6992 11.3559
v  268.5826 262.5409 11.3559
v  268.5882 262.4688 11.3838
v  268.5829 262.5380 11.5529
v  268.5944 262.3881 11.4097
v  268.5898 262.4473 11.5801
v  268.6161 262.1064 11.6334
v  268.6164 262.1021 11.4540
v  268.6083 262.2068 11.6249
v  268.6097 262.1895 11.4466
v  268.5991 262.3273 11.6073
v  268.6019 262.2906 11.4318
v  268.7674 262.7462 11.3559
v  268.7616 262.8220 11.5360
v  268.8173 262.7501 11.3559
v  268.8114 262.8259 11.5360
v  269.7969 262.8254 11.3559
v  269.9721 262.9152 11.5360
v  268.8341 262.5319 10.2654
v  268.7842 262.5280 10.2654
v  268.8341 262.5319 11.2666
v  268.7842 262.5280 11.2666
v  268.8410 262.4412 11.3015
v  268.7912 262.4374 11.3015
v  268.8466 262.3698 11.3245
v  268.7967 262.3660 11.3245
v  268.8532 262.2835 11.3441
v  268.8033 262.2797 11.3441
v  268.8602 262.1922 11.3574
v  268.8104 262.1884 11.3574
v  268.8665 262.1112 11.3643
v  268.8166 262.1074 11.3643
v  268.8153 262.7759 10.8358
v  268.7699 262.7146 10.8662
v  268.8197 262.7184 10.8662
v  268.7654 262.7720 10.8358
v  268.8153 262.7759 10.6460
v  268.7654 262.7720 10.6460
v  268.7699 262.7146 10.1845
v  268.7593 262.8513 10.3530
v  268.8092 262.8551 10.3530
v  268.7699 262.7146 10.3315
v  268.7538 262.9235 10.4094
v  268.8036 262.9274 10.4094
v  268.7521 262.9450 10.4888
v  268.8020 262.9488 10.4888
v  268.7538 262.9235 10.5681
v  268.8036 262.9274 10.5681
v  268.7593 262.8513 10.6245
v  268.8092 262.8551 10.6245
v  268.7780 262.6092 11.5360
v  268.7699 262.7146 11.3559
v  268.7820 262.5563 11.3559
v  268.7876 262.4841 11.3838
v  268.7823 262.5534 11.5529
v  268.7938 262.4034 11.4097
v  268.7892 262.4626 11.5801
v  268.8155 262.1217 11.6334
v  268.8158 262.1174 11.4540
v  268.8078 262.2221 11.6249
v  268.8091 262.2049 11.4466
v  268.7985 262.3426 11.6073
v  268.8013 262.3059 11.4318
v  268.8197 262.7184 11.3559
v  268.8278 262.6130 11.5360
v  268.8321 262.5572 11.5529
v  268.8391 262.4665 11.5801
v  268.8653 262.1255 11.6334
v  268.8576 262.2260 11.6249
v  268.8483 262.3465 11.6073
v  269.7993 262.7938 11.3559
v  269.9885 262.7023 11.5360
v  270.0098 262.6478 11.5529
v  270.0441 262.5592 11.5801
v  270.1239 262.2224 11.6334
v  270.1076 262.3221 11.6249
v  270.0807 262.4413 11.6073
v  268.5451 264.2359 6.8459
v  268.4471 265.5081 6.8459
v  268.3474 265.5004 6.8304
v  268.4454 264.2282 6.8304
v  268.2536 266.7202 8.8083
v  268.3474 265.5004 8.5627
v  268.4454 264.2282 8.5627
v  268.2536 266.7202 6.0453
v  268.1729 266.7154 6.0002
v  268.1729 266.7154 5.9002
v  268.2350 266.7191 5.9002
v  268.4471 265.5081 8.5627
v  268.5451 264.2359 8.5627
v  268.7027 264.2387 10.1845
v  268.5983 265.5953 10.1845
v  268.2607 265.5694 10.0668
v  268.3651 264.2127 10.0668
v  268.5983 265.5953 10.3816
v  268.7027 264.2387 10.3816
v  267.1389 266.6548 9.1043
v  267.3113 266.6649 8.8083
v  268.3116 265.4976 6.8157
v  268.4096 264.2255 6.8157
v  268.4559 264.1879 11.3559
v  268.4617 264.1121 11.5360
v  268.4454 264.3250 11.5360
v  268.4535 264.2195 11.3559
v  268.4413 264.3778 11.3559
v  268.4357 264.4500 11.3838
v  268.4411 264.3807 11.5529
v  268.4295 264.5307 11.4097
v  268.4341 264.4715 11.5801
v  268.4079 264.8124 11.6334
v  268.4013 264.8979 11.6381
v  268.4013 264.8979 11.4584
v  268.4075 264.8167 11.4540
v  268.4156 264.7120 11.6249
v  268.4142 264.7293 11.4466
v  268.4249 264.5915 11.6073
v  268.4220 264.6282 11.4318
v  268.6553 264.2032 11.3559
v  268.6612 264.1274 11.5360
v  268.7051 264.2071 11.3559
v  268.7110 264.1313 11.5360
v  269.6848 264.2824 11.3559
v  269.8716 264.2206 11.5360
v  268.6007 264.9132 10.2654
v  268.6385 264.4214 10.2654
v  268.6884 264.4253 10.2654
v  268.6505 264.9170 10.2654
v  268.6385 264.4214 11.2666
v  268.6884 264.4253 11.2666
v  268.6316 264.5121 11.3015
v  268.6814 264.5159 11.3015
v  268.6261 264.5835 11.3245
v  268.6759 264.5873 11.3245
v  268.6194 264.6698 11.3441
v  268.6693 264.6736 11.3441
v  268.6124 264.7611 11.3574
v  268.6623 264.7650 11.3574
v  268.6062 264.8421 11.3643
v  268.6560 264.8459 11.3643
v  268.6007 264.9132 11.3643
v  268.6505 264.9170 11.3643
v  268.7071 264.1813 10.8358
v  268.7027 264.2387 10.8662
v  268.6529 264.2349 10.8662
v  268.6573 264.1774 10.8358
v  268.7071 264.1813 10.6460
v  268.6573 264.1774 10.6460
v  268.6505 264.9170 10.1845
v  268.6529 264.2349 10.1845
v  268.6007 264.9132 10.1845
v  268.7132 264.1021 10.3530
v  268.6634 264.0982 10.3530
v  268.6529 264.2349 10.3315
v  268.7188 264.0298 10.4094
v  268.6690 264.0259 10.4094
v  268.7204 264.0083 10.4888
v  268.6706 264.0045 10.4888
v  268.7188 264.0298 10.5681
v  268.6690 264.0259 10.5681
v  268.7132 264.1021 10.6245
v  268.6634 264.0982 10.6245
v  268.6448 264.3403 11.5360
v  268.6529 264.2349 11.3559
v  268.6407 264.3932 11.3559
v  268.6352 264.4654 11.3838
v  268.6405 264.3961 11.5529
v  268.6289 264.5460 11.4097
v  268.6335 264.4868 11.5801
v  268.6073 264.8278 11.6334
v  268.6007 264.9132 11.6381
v  268.6007 264.9132 11.4584
v  268.6069 264.8321 11.4540
v  268.6150 264.7273 11.6249
v  268.6137 264.7446 11.4466
v  268.6243 264.6068 11.6073
v  268.6214 264.6436 11.4318
v  268.7027 264.2387 11.3559
v  268.6946 264.3441 11.5360
v  268.6903 264.3999 11.5529
v  268.6833 264.4907 11.5801
v  268.6571 264.8316 11.6334
v  268.6505 264.9170 11.6381
v  268.6648 264.7312 11.6249
v  268.6741 264.6107 11.6073
v  269.6823 264.3141 11.3559
v  269.8553 264.4334 11.5360
v  269.8680 264.4905 11.5529
v  269.8884 264.5834 11.5801
v  269.9157 264.9284 11.6334
v  269.9138 265.0142 11.6381
v  269.9149 264.8274 11.6249
v  269.9065 264.7055 11.6073
v  268.3466 265.6078 11.3559
v  268.3572 265.4707 11.5360
v  268.3408 265.6836 11.5360
v  268.3491 265.5761 11.3559
v  268.3612 265.4178 11.3559
v  268.3668 265.3456 11.3838
v  268.3615 265.4149 11.5529
v  268.3730 265.2650 11.4097
v  268.3684 265.3242 11.5801
v  268.3947 264.9833 11.6334
v  268.3950 264.9789 11.4540
v  268.3870 265.0837 11.6249
v  268.3883 265.0664 11.4466
v  268.3777 265.2042 11.6073
v  268.3805 265.1674 11.4318
v  268.5460 265.6231 11.3559
v  268.5402 265.6989 11.5360
v  268.5959 265.6270 11.3559
v  268.5900 265.7028 11.5360
v  269.5755 265.7024 11.3559
v  269.7507 265.7921 11.5360
v  268.6127 265.4088 10.2654
v  268.5628 265.4050 10.2654
v  268.6127 265.4088 11.2666
v  268.5628 265.4049 11.2666
v  268.6197 265.3181 11.3015
v  268.5698 265.3143 11.3015
v  268.6252 265.2467 11.3245
v  268.5753 265.2429 11.3245
v  268.6318 265.1604 11.3441
v  268.5819 265.1566 11.3441
v  268.6388 265.0691 11.3574
v  268.5890 265.0653 11.3574
v  268.6451 264.9881 11.3643
v  268.5952 264.9843 11.3643
v  268.5939 265.6528 10.8358
v  268.5485 265.5915 10.8662
v  268.5983 265.5953 10.8662
v  268.5440 265.6490 10.8358
v  268.5939 265.6528 10.6460
v  268.5440 265.6490 10.6460
v  268.5485 265.5915 10.1845
v  268.5380 265.7282 10.3530
v  268.5878 265.7320 10.3530
v  268.5485 265.5915 10.3315
v  268.5324 265.8004 10.4094
v  268.5822 265.8043 10.4094
v  268.5307 265.8219 10.4888
v  268.5806 265.8257 10.4888
v  268.5324 265.8004 10.5681
v  268.5822 265.8043 10.5681
v  268.5380 265.7282 10.6245
v  268.5878 265.7320 10.6245
v  268.5566 265.4861 11.5360
v  268.5485 265.5915 11.3559
v  268.5606 265.4332 11.3559
v  268.5662 265.3610 11.3838
v  268.5609 265.4303 11.5529
v  268.5724 265.2804 11.4097
v  268.5678 265.3396 11.5801
v  268.5941 264.9986 11.6334
v  268.5944 264.9943 11.4540
v  268.5864 265.0990 11.6249
v  268.5877 265.0818 11.4466
v  268.5771 265.2195 11.6073
v  268.5799 265.1828 11.4318
v  268.5983 265.5953 11.3559
v  268.6064 265.4899 11.5360
v  268.6107 265.4341 11.5529
v  268.6177 265.3434 11.5801
v  268.6439 265.0025 11.6334
v  268.6362 265.1029 11.6249
v  268.6269 265.2234 11.6073
v  269.5779 265.6707 11.3559
v  269.7671 265.5792 11.5360
v  269.7884 265.5247 11.5529
v  269.8227 265.4361 11.5801
v  269.9025 265.0993 11.6334
v  269.8862 265.1991 11.6249
v  269.8593 265.3182 11.6073
v  280.4680 255.0933 11.7833
v  279.5170 267.3801 11.7833
v  272.8350 266.9886 14.6766
v  273.7601 254.9662 14.6766
v  273.8015 254.5010 14.6766
v  273.3994 254.9341 14.3175
v  269.4456 254.5829 10.3816
v  278.3711 255.3758 10.8206
v  278.1665 255.3577 10.4105
v  269.1709 254.5585 4.8864
v  278.1313 255.3545 4.8864
v  278.1665 255.3577 10.0004
v  278.1313 255.3545 10.0005
v  268.5106 266.7352 10.3816
v  279.5170 267.3801 4.8864
v  268.2350 266.7191 4.8864
v  275.2321 260.3738 15.7294
v  275.1677 261.2116 15.7294
v  273.4043 261.0759 15.7294
v  273.4688 260.2381 15.7294
v  268.7502 260.2673 8.5627
v  268.7003 260.2635 8.5627
v  268.7463 259.6653 8.5627
v  268.7503 260.2674 6.8459
v  268.7005 260.2635 6.8459
v  268.7964 259.6691 6.8459
v  268.7465 259.6653 6.8459
v  268.7128 260.7531 8.5627
v  268.6667 261.3513 8.5627
v  268.6169 261.3475 8.5627
v  268.6629 260.7493 8.5627
v  268.6669 261.3513 6.8459
v  268.6171 261.3475 6.8459
v  268.7130 260.7531 6.8459
v  268.6631 260.7493 6.8459
v  268.5689 262.6235 8.5627
v  268.5228 263.2217 8.5627
v  268.4730 263.2179 8.5627
v  268.5190 262.6197 8.5627
v  268.5230 263.2217 6.8459
v  268.4731 263.2179 6.8459
v  268.5690 262.6235 6.8459
v  268.5192 262.6197 6.8459
v  268.4915 263.6299 8.5627
v  268.3956 264.2244 8.5627
v  268.4416 263.6261 8.5627
v  268.4456 264.2282 6.8459
v  268.3957 264.2244 6.8459
v  268.4916 263.6300 6.8459
v  268.4417 263.6261 6.8459
v  268.3475 265.5003 8.5627
v  268.3015 266.0986 8.5627
v  268.2516 266.0948 8.5627
v  268.2977 265.4965 8.5627
v  268.3016 266.0986 6.8459
v  268.2518 266.0948 6.8459
v  268.3477 265.5004 6.8459
v  268.2978 265.4965 6.8459
v  268.9401 257.7987 8.5627
v  268.8941 258.3969 8.5627
v  268.8442 258.3931 8.5627
v  268.8903 257.7949 8.5627
v  268.8942 258.3970 6.8459
v  268.8444 258.3931 6.8459
v  268.9403 257.7987 6.8459
v  268.8904 257.7949 6.8459
v  280.3196 257.0099 11.2275
v  288.1678 257.4761 11.2991
v  280.3150 257.0688 11.2991
v  280.4679 255.0933 9.0574
v  289.7217 255.2846 8.5512
v  289.7500 254.9739 8.1991
v  280.1522 255.0652 9.0504
v  280.1840 254.3116 8.1991
v  289.6827 255.7126 9.0712
v  290.1518 255.7568 9.0953
v  290.9002 255.8273 8.1991
v  269.2317 257.3638 10.3815
v  268.9677 260.7946 10.3815
v  268.7404 263.7489 10.3816
v  273.4407 254.4690 14.3175
v  289.8770 259.4028 8.0991
v  280.1661 258.9928 8.0991
v  280.1661 258.9928 7.1277
v  289.8770 259.4028 4.8864
v  280.1661 258.9928 4.8864
v  280.1522 255.0652 8.1991
v  280.1521 255.0652 8.1010
v  290.0594 255.7481 8.0991
v  289.8735 255.7355 7.0783
v  290.0594 255.7481 7.0796
v  290.1500 255.8015 7.0596
v  280.4679 255.0933 8.1001
v  289.6827 255.7126 8.1004
v  289.6851 255.6866 8.1038
v  289.6714 255.7219 7.0742
v  290.1525 255.7691 7.0764
v  290.1534 255.7569 7.0796
v  290.1534 255.7569 8.0991
v  289.6439 255.7200 7.0597
v  289.6412 255.7471 7.0596
v  289.6436 255.7200 6.8317
v  289.6436 255.7200 4.8864
v  289.6412 255.7471 6.8317
v  290.1500 255.8015 4.8864
v  280.4673 255.1012 4.8864
v  280.4673 255.1012 8.0991
v  289.6412 255.7471 4.8864
v  268.6926 260.7734 4.8864
v  268.9565 257.3426 4.8864
v  268.4652 263.7278 4.8864
v  268.2376 257.3954 6.0452
v  268.2377 257.3954 5.8227
v  268.4608 254.4954 5.8227
v  268.4608 254.4954 6.0452
v  267.9732 257.3750 5.8227
v  268.1966 254.4719 5.8227
v  267.9732 257.3751 4.8864
v  268.1966 254.4719 4.8864
v  268.9667 257.4515 4.8864
v  269.1893 254.5601 4.8864
v  268.9669 257.4515 6.0453
v  269.1895 254.5601 6.0453
v  280.4679 255.0933 4.8864
v  278.4124 254.9107 10.8206
v  278.2079 254.8925 10.4105
v  278.2079 254.8925 10.0004
v  278.1727 254.8894 10.0005
v  278.1726 254.8894 4.8864
v  275.2321 260.3738 13.8642
v  275.1677 261.2116 13.8642
v  273.4043 261.0759 14.6274
v  273.4688 260.2381 14.6274
# 921 vertices

vn -0.0347 0.7618 0.6469
vn -0.0323 0.7652 0.6430
vn -0.0323 0.7651 0.6431
vn -0.1527 -0.0118 0.9882
vn -0.9971 -0.0767 0.0000
vn -0.9971 -0.0767 -0.0001
vn -0.9970 -0.0768 -0.0009
vn -0.9971 -0.0767 -0.0000
vn -0.9970 -0.0768 0.0003
vn -0.9971 -0.0766 0.0000
vn -0.4854 -0.0373 0.8735
vn -0.4852 -0.0373 0.8736
vn 0.0000 0.0000 -1.0000
vn 0.0769 -0.9970 0.0000
vn -0.0769 0.9970 0.0000
vn -0.9970 -0.0768 0.0000
vn -0.3273 -0.0252 0.9446
vn 0.0768 -0.9970 0.0000
vn -0.0768 0.9970 0.0000
vn -0.8612 -0.0663 -0.5039
vn -0.8612 -0.0662 -0.5040
vn -0.3778 -0.0291 0.9254
vn -0.3777 -0.0291 0.9255
vn -0.9971 -0.0767 -0.0002
vn -0.9969 -0.0787 0.0013
vn -0.9971 -0.0767 0.0001
vn -0.9971 -0.0764 0.0002
vn -0.9970 -0.0768 -0.0002
vn -0.9971 -0.0766 -0.0001
vn -0.9971 -0.0768 -0.0002
vn -0.9970 -0.0769 0.0000
vn -0.9970 -0.0773 -0.0002
vn -0.9971 -0.0764 -0.0002
vn -0.9971 -0.0765 -0.0003
vn -0.9970 -0.0770 -0.0003
vn 0.0710 -0.9185 -0.3889
vn 0.0698 -0.9186 -0.3889
vn 0.0707 -0.9185 -0.3890
vn 0.0707 -0.9186 -0.3889
vn 0.0000 0.0000 1.0000
vn -0.0782 0.9969 0.0000
vn -0.0280 0.3571 -0.9336
vn -0.0233 0.3049 -0.9521
vn -0.0239 0.3052 -0.9520
vn -0.0173 0.2202 -0.9753
vn -0.0168 0.2200 -0.9754
vn -0.0112 0.1433 -0.9896
vn -0.0066 0.0844 -0.9964
vn 0.0364 -0.4649 0.8846
vn 0.0356 -0.4656 0.8843
vn 0.0762 -0.9971 0.0000
vn -0.0160 0.2036 -0.9789
vn 0.7096 -0.0553 -0.7024
vn 0.0465 -0.6121 -0.7894
vn 0.0481 -0.6126 -0.7889
vn 0.0737 -0.9623 -0.2619
vn 0.0731 -0.9622 -0.2623
vn 0.0731 -0.9622 0.2622
vn 0.0737 -0.9621 0.2626
vn 0.0480 -0.6119 0.7894
vn 0.0466 -0.6127 0.7889
vn 0.0199 -0.2605 0.9653
vn 0.0204 -0.2602 0.9653
vn 0.9971 0.0766 -0.0006
vn 0.9971 0.0761 0.0005
vn 0.9970 0.0768 -0.0003
vn 0.9971 0.0762 0.0001
vn 0.9971 0.0766 -0.0000
vn 0.9971 0.0767 0.0000
vn -0.0275 0.3585 -0.9331
vn 0.0221 -0.2883 0.9573
vn -0.0233 0.3038 -0.9524
vn -0.0235 0.3042 -0.9523
vn 0.0219 -0.2856 0.9581
vn 0.0042 -0.0546 0.9985
vn -0.0041 0.0538 -0.9985
vn -0.0041 0.0539 -0.9985
vn 0.0065 -0.0839 0.9965
vn -0.0064 0.0838 -0.9965
vn 0.0111 -0.1437 0.9896
vn -0.0111 0.1441 -0.9895
vn 0.0170 -0.2196 0.9754
vn 0.0169 -0.2198 0.9754
vn -0.0170 0.2198 -0.9754
vn -0.0168 0.2196 -0.9754
vn 0.0780 -0.9969 0.0000
vn 0.0226 -0.2883 0.9573
vn 0.0224 -0.2856 0.9581
vn 0.0064 -0.0839 0.9965
vn 0.0110 -0.1437 0.9896
vn 0.0109 -0.1437 0.9896
vn 0.0167 -0.2198 0.9754
vn 0.0172 -0.2196 0.9754
vn 0.0766 -0.9971 0.0000
vn 0.0222 -0.2883 0.9573
vn 0.0220 -0.2856 0.9581
vn 0.0065 -0.0838 0.9965
vn -0.9971 -0.0764 0.0000
vn -0.9972 -0.0751 0.0010
vn -0.9970 -0.0769 -0.0001
vn -0.9970 -0.0775 0.0001
vn -0.9972 -0.0753 -0.0010
vn -0.9971 -0.0767 0.0005
vn -0.9971 -0.0762 -0.0004
vn -0.9971 -0.0767 -0.0004
vn -0.9970 -0.0770 0.0001
vn -0.9971 -0.0760 -0.0008
vn -0.9971 -0.0764 -0.0007
vn -0.9970 -0.0778 0.0009
vn -0.0710 0.9185 -0.3889
vn -0.0698 0.9186 -0.3889
vn -0.0707 0.9186 -0.3888
vn -0.0707 0.9186 -0.3889
vn 0.0764 -0.9971 0.0000
vn 0.0271 -0.3572 -0.9336
vn 0.0273 -0.3571 -0.9337
vn 0.0239 -0.3048 -0.9521
vn 0.0232 -0.3053 -0.9520
vn 0.0173 -0.2202 -0.9753
vn 0.0172 -0.2202 -0.9753
vn 0.0109 -0.1434 -0.9896
vn 0.0112 -0.1431 -0.9896
vn 0.0064 -0.0844 -0.9964
vn -0.0364 0.4655 0.8843
vn -0.0356 0.4650 0.8846
vn -0.0764 0.9971 0.0000
vn 0.0158 -0.2036 -0.9789
vn 0.6932 0.1636 -0.7019
vn -0.0465 0.6127 -0.7889
vn -0.0476 0.6121 -0.7893
vn -0.0755 0.9620 -0.2623
vn -0.0730 0.9626 -0.2608
vn -0.0730 0.9621 0.2626
vn -0.0755 0.9623 0.2612
vn -0.0477 0.6126 0.7889
vn -0.0464 0.6122 0.7893
vn -0.0199 0.2602 0.9653
vn -0.0203 0.2604 0.9653
vn 0.9970 0.0772 0.0018
vn 0.9971 0.0759 -0.0009
vn 0.9970 0.0772 0.0005
vn 0.9971 0.0760 -0.0002
vn 0.9971 0.0766 -0.0001
vn 0.9970 0.0779 0.0000
vn 0.9970 0.0772 -0.0002
vn 0.0275 -0.3584 -0.9332
vn -0.0221 0.2883 0.9573
vn 0.0233 -0.3043 -0.9523
vn 0.0235 -0.3038 -0.9524
vn -0.0219 0.2856 0.9581
vn -0.0042 0.0546 0.9985
vn 0.0041 -0.0539 -0.9985
vn 0.0041 -0.0538 -0.9985
vn -0.0065 0.0839 0.9965
vn 0.0064 -0.0838 -0.9965
vn -0.0111 0.1437 0.9896
vn 0.0111 -0.1441 -0.9895
vn -0.0170 0.2198 0.9754
vn -0.0168 0.2196 0.9754
vn 0.0170 -0.2196 -0.9755
vn 0.0169 -0.2198 -0.9754
vn -0.0780 0.9969 0.0000
vn -0.0782 0.9969 -0.0000
vn -0.0217 0.2856 0.9581
vn -0.0064 0.0839 0.9965
vn -0.0110 0.1437 0.9896
vn -0.0109 0.1437 0.9896
vn -0.0167 0.2198 0.9754
vn -0.0766 0.9971 0.0000
vn -0.0222 0.2883 0.9573
vn -0.0220 0.2855 0.9581
vn -0.0064 0.0838 0.9965
vn -0.0169 0.2197 0.9754
vn -0.0169 0.2198 0.9754
vn -0.9970 -0.0774 0.0042
vn -0.9971 -0.0768 -0.0001
vn -0.9971 -0.0764 -0.0034
vn -0.9971 -0.0766 -0.0005
vn -0.9970 -0.0771 0.0097
vn -0.9970 -0.0769 -0.0003
vn -0.9971 -0.0765 0.0023
vn -0.9970 -0.0775 -0.0059
vn -0.9970 -0.0767 0.0037
vn -0.9970 -0.0771 -0.0057
vn -0.9970 -0.0773 0.0000
vn -0.9970 -0.0770 0.0002
vn -0.9971 -0.0765 0.0003
vn -0.9970 -0.0773 -0.0007
vn -0.9971 -0.0767 -0.0006
vn -0.9971 -0.0766 -0.0003
vn -0.9971 -0.0763 0.0005
vn -0.9971 -0.0766 0.0003
vn -0.9971 -0.0760 0.0005
vn -0.9970 -0.0768 -0.0011
vn -0.9972 -0.0752 -0.0006
vn -0.9971 -0.0763 0.0000
vn -0.9971 -0.0767 0.0008
vn -0.9971 -0.0764 -0.0000
vn -0.9970 -0.0775 -0.0002
vn -0.9971 -0.0763 -0.0005
vn -0.9970 -0.0773 0.0001
vn -0.9970 -0.0770 -0.0002
vn -0.9968 -0.0796 0.0048
vn -0.9971 -0.0762 0.0000
vn -0.9970 -0.0770 0.0008
vn -0.9970 -0.0775 0.0008
vn -0.9971 -0.0762 -0.0002
vn -0.9971 -0.0764 -0.0001
vn -0.9970 -0.0776 0.0003
vn -0.9970 -0.0775 0.0002
vn -0.9972 -0.0754 -0.0007
vn -0.9971 -0.0756 -0.0004
vn -0.9970 -0.0773 0.0006
vn -0.9970 -0.0769 -0.0002
vn -0.9970 -0.0773 -0.0001
vn -0.9970 -0.0770 0.0000
vn -0.9971 -0.0763 -0.0002
vn -0.9970 -0.0768 0.0006
vn -0.9970 -0.0771 0.0002
vn -0.9971 -0.0766 0.0001
vn -0.9970 -0.0770 -0.0000
vn -0.9970 -0.0772 -0.0005
vn -0.9971 -0.0767 0.0004
vn -0.9970 -0.0768 -0.0006
vn -0.4850 -0.0373 0.8737
vn -0.4854 -0.0374 0.8735
vn 0.0770 -0.9970 0.0000
vn -0.0770 0.9970 0.0000
vn -0.3274 -0.0252 0.9446
vn -0.8611 -0.0662 -0.5041
vn -0.9970 -0.0769 0.0002
vn -0.9971 -0.0761 0.0005
vn 0.0710 -0.9186 -0.3888
vn 0.0709 -0.9185 -0.3889
vn 0.0701 -0.9186 -0.3888
vn 0.0707 -0.9186 -0.3888
vn -0.0761 0.9971 0.0000
vn -0.0272 0.3575 -0.9335
vn -0.0273 0.3575 -0.9335
vn -0.0232 0.3049 -0.9521
vn -0.0172 0.2202 -0.9753
vn -0.0111 0.1433 -0.9896
vn 0.0364 -0.4648 0.8846
vn 0.0355 -0.4656 0.8843
vn 0.0759 -0.9971 0.0000
vn 0.0467 -0.6122 -0.7893
vn 0.0481 -0.6127 -0.7889
vn 0.0734 -0.9622 -0.2621
vn 0.0734 -0.9622 0.2624
vn 0.0480 -0.6121 0.7893
vn 0.0467 -0.6128 0.7889
vn 0.0198 -0.2605 0.9653
vn 0.0204 -0.2601 0.9654
vn 0.9970 0.0772 -0.0013
vn 0.9971 0.0763 0.0004
vn 0.9970 0.0769 -0.0002
vn 0.9971 0.0763 0.0001
vn 0.9971 0.0766 0.0001
vn 0.9971 0.0762 0.0000
vn 0.0221 -0.2882 0.9573
vn -0.0233 0.3039 -0.9524
vn 0.0220 -0.2854 0.9582
vn 0.0170 -0.2198 0.9754
vn -0.0169 0.2196 -0.9754
vn 0.0225 -0.2882 0.9573
vn 0.0217 -0.2857 0.9581
vn 0.0223 -0.2853 0.9582
vn 0.0168 -0.2198 0.9754
vn 0.0222 -0.2882 0.9573
vn 0.0220 -0.2857 0.9581
vn -0.9971 -0.0762 -0.0005
vn -0.9971 -0.0764 -0.0005
vn -0.9970 -0.0776 0.0002
vn -0.9970 -0.0776 0.0008
vn 0.0758 -0.9971 0.0000
vn 0.0169 -0.2202 -0.9753
vn 0.0172 -0.2200 -0.9754
vn 0.0110 -0.1433 -0.9896
vn -0.0365 0.4655 0.8843
vn 0.0155 -0.2038 -0.9789
vn -0.0464 0.6122 -0.7893
vn -0.0465 0.6122 -0.7893
vn -0.0465 0.6122 0.7893
vn -0.0200 0.2605 0.9653
vn -0.0198 0.2604 0.9653
vn 0.9970 0.0774 0.0021
vn 0.9971 0.0763 0.0000
vn 0.0275 -0.3584 -0.9331
vn 0.0065 -0.0838 -0.9965
vn 0.0064 -0.0839 -0.9965
vn 0.0111 -0.1440 -0.9895
vn -0.0219 0.2882 0.9573
vn -0.0217 0.2857 0.9581
vn -0.0222 0.2881 0.9573
vn -0.0219 0.2853 0.9582
vn -0.0220 0.2856 0.9581
vn -0.9970 -0.0773 0.0038
vn -0.9971 -0.0763 -0.0034
vn -0.9971 -0.0766 -0.0004
vn -0.9970 -0.0776 -0.0067
vn -0.9970 -0.0767 0.0044
vn -0.9970 -0.0769 0.0004
vn -0.9970 -0.0775 -0.0006
vn -0.9970 -0.0768 -0.0012
vn -0.9972 -0.0750 -0.0006
vn -0.9971 -0.0763 -0.0000
vn -0.9971 -0.0767 0.0009
vn -0.9968 -0.0795 0.0047
vn -0.9970 -0.0775 0.0012
vn -0.9970 -0.0774 0.0012
vn -0.9971 -0.0757 -0.0006
vn -0.9971 -0.0757 -0.0007
vn -0.9970 -0.0771 0.0001
vn 0.0760 -0.9971 0.0000
vn -0.0772 0.9970 0.0000
vn -0.8612 -0.0663 -0.5040
vn -0.3789 -0.0292 0.9250
vn -0.9971 -0.0758 -0.0011
vn -0.9970 -0.0769 -0.0005
vn -0.9972 -0.0750 0.0011
vn -0.9970 -0.0771 0.0000
vn -0.9971 -0.0759 0.0000
vn -0.9971 -0.0761 -0.0001
vn -0.9970 -0.0776 -0.0004
vn -0.9971 -0.0759 0.0001
vn -0.9970 -0.0768 0.0001
vn 0.0704 -0.9186 -0.3889
vn 0.0719 -0.9185 -0.3889
vn 0.0720 -0.9185 -0.3889
vn 0.0707 -0.9187 -0.3886
vn 0.0706 -0.9186 -0.3889
vn -0.0762 0.9971 0.0000
vn -0.0274 0.3572 -0.9336
vn -0.0273 0.3572 -0.9336
vn -0.0234 0.3050 -0.9521
vn -0.0167 0.2202 -0.9753
vn -0.0110 0.1434 -0.9896
vn -0.0109 0.1433 -0.9896
vn -0.0064 0.0844 -0.9964
vn -0.0065 0.0844 -0.9964
vn 0.0354 -0.4658 0.8842
vn 0.0365 -0.4649 0.8846
vn 0.0782 -0.9969 0.0000
vn -0.0155 0.2036 -0.9789
vn 0.7102 -0.0558 -0.7018
vn 0.0481 -0.6126 -0.7890
vn 0.0465 -0.6120 -0.7895
vn 0.0755 -0.9624 -0.2608
vn 0.0755 -0.9621 0.2622
vn 0.0737 -0.9625 0.2611
vn 0.0466 -0.6127 0.7890
vn 0.0480 -0.6119 0.7895
vn 0.9971 0.0765 0.0008
vn 0.9970 0.0772 -0.0006
vn 0.9971 0.0764 0.0004
vn 0.9970 0.0770 -0.0001
vn 0.9971 0.0766 0.0000
vn 0.9971 0.0764 0.0000
vn -0.0277 0.3584 -0.9331
vn 0.0223 -0.2882 0.9573
vn -0.0042 0.0539 -0.9985
vn -0.0042 0.0538 -0.9985
vn -0.0065 0.0839 -0.9965
vn -0.0111 0.1440 -0.9895
vn 0.0219 -0.2883 0.9573
vn 0.0043 -0.0546 0.9985
vn 0.0066 -0.0838 0.9965
vn 0.0109 -0.1438 0.9895
vn 0.0113 -0.1436 0.9896
vn 0.0768 -0.9971 0.0000
vn 0.0220 -0.2853 0.9582
vn 0.0064 -0.0838 0.9965
vn 0.0111 -0.1438 0.9896
vn 0.0111 -0.1438 0.9895
vn 0.0169 -0.2196 0.9754
vn -0.9970 -0.0769 0.0003
vn -0.9969 -0.0787 -0.0011
vn -0.9971 -0.0763 0.0003
vn -0.9970 -0.0771 0.0005
vn -0.9971 -0.0763 -0.0001
vn -0.9971 -0.0765 -0.0000
vn -0.9971 -0.0762 -0.0003
vn -0.9970 -0.0772 0.0000
vn -0.9970 -0.0773 0.0002
vn -0.9970 -0.0768 -0.0001
vn -0.0704 0.9186 -0.3889
vn -0.0720 0.9184 -0.3889
vn -0.0719 0.9185 -0.3889
vn -0.0707 0.9185 -0.3891
vn -0.0706 0.9186 -0.3889
vn 0.0774 -0.9970 0.0000
vn 0.0272 -0.3575 -0.9335
vn 0.0277 -0.3572 -0.9336
vn 0.0233 -0.3049 -0.9521
vn 0.0232 -0.3050 -0.9521
vn 0.0168 -0.2202 -0.9753
vn 0.0065 -0.0844 -0.9964
vn 0.0156 -0.2036 -0.9789
vn 0.6933 0.1641 -0.7017
vn -0.0480 0.6121 -0.7893
vn -0.0468 0.6127 -0.7889
vn -0.0755 0.9623 0.2611
vn -0.0468 0.6122 0.7893
vn -0.0481 0.6126 0.7889
vn -0.0204 0.2605 0.9653
vn 0.9971 0.0765 -0.0012
vn 0.9970 0.0776 0.0010
vn 0.9971 0.0762 -0.0006
vn 0.9970 0.0773 0.0001
vn 0.0277 -0.3584 -0.9331
vn 0.0275 -0.3590 -0.9329
vn -0.0223 0.2883 0.9573
vn -0.0222 0.2882 0.9573
vn 0.0233 -0.3039 -0.9524
vn 0.0233 -0.3038 -0.9524
vn -0.0221 0.2856 0.9581
vn -0.0224 0.2856 0.9581
vn -0.0217 0.2853 0.9582
vn -0.0041 0.0546 0.9985
vn -0.0066 0.0839 0.9965
vn -0.0113 0.1437 0.9896
vn -0.0172 0.2198 0.9754
vn -0.0767 0.9971 0.0000
vn -0.0110 0.1436 0.9896
vn -0.9970 -0.0769 0.0001
vn -0.9970 -0.0770 0.0007
vn -0.9970 -0.0773 0.0035
vn -0.9971 -0.0766 -0.0049
vn -0.9969 -0.0774 0.0140
vn -0.9970 -0.0774 -0.0042
vn -0.9971 -0.0756 0.0075
vn -0.9971 -0.0765 0.0000
vn -0.9970 -0.0768 -0.0031
vn -0.9969 -0.0757 0.0193
vn -0.9971 -0.0758 0.0004
vn -0.9970 -0.0774 0.0004
vn -0.9971 -0.0760 0.0006
vn -0.9971 -0.0764 0.0001
vn -0.9970 -0.0773 -0.0012
vn -0.9971 -0.0764 -0.0008
vn -0.9971 -0.0767 -0.0010
vn -0.9971 -0.0763 0.0002
vn -0.9971 -0.0767 -0.0007
vn -0.9970 -0.0771 -0.0002
vn -0.9971 -0.0762 -0.0006
vn -0.9970 -0.0776 0.0010
vn -0.9971 -0.0765 -0.0011
vn -0.9970 -0.0776 0.0000
vn -0.9970 -0.0774 -0.0002
vn -0.9970 -0.0771 -0.0001
vn -0.9970 -0.0777 0.0004
vn -0.9971 -0.0768 -0.0006
vn -0.9971 -0.0764 -0.0003
vn -0.9970 -0.0772 -0.0001
vn -0.9971 -0.0760 0.0002
vn -0.9971 -0.0759 0.0009
vn -0.9970 -0.0772 -0.0018
vn -0.4859 -0.0374 0.8732
vn 0.0765 -0.9971 0.0000
vn -0.9971 -0.0760 -0.0002
vn -0.9971 -0.0767 0.0002
vn -0.9970 -0.0775 -0.0001
vn -0.9971 -0.0761 0.0004
vn -0.9971 -0.0764 0.0004
vn -0.9971 -0.0766 0.0002
vn -0.9970 -0.0768 0.0004
vn 0.0705 -0.9186 -0.3888
vn 0.0715 -0.9185 -0.3889
vn 0.0720 -0.9185 -0.3888
vn -0.0280 0.3574 -0.9335
vn -0.0168 0.2202 -0.9753
vn -0.0169 0.2202 -0.9753
vn -0.0109 0.1432 -0.9896
vn -0.0066 0.0845 -0.9964
vn 0.0357 -0.4656 0.8843
vn -0.0160 0.2037 -0.9789
vn 0.0476 -0.6119 -0.7895
vn 0.0480 -0.6121 -0.7893
vn 0.0749 -0.9624 -0.2612
vn 0.0749 -0.9621 0.2622
vn 0.0737 -0.9624 0.2615
vn 0.0476 -0.6121 0.7893
vn 0.0204 -0.2605 0.9653
vn 0.9971 0.0765 0.0011
vn 0.9970 0.0777 -0.0011
vn 0.9971 0.0761 0.0007
vn 0.9970 0.0773 -0.0001
vn -0.0277 0.3585 -0.9331
vn -0.0276 0.3584 -0.9332
vn 0.0221 -0.2887 0.9572
vn -0.0110 0.1440 -0.9895
vn 0.0169 -0.2197 0.9754
vn 0.0224 -0.2853 0.9582
vn 0.0112 -0.1437 0.9896
vn 0.0171 -0.2198 0.9754
vn 0.0172 -0.2197 0.9754
vn 0.0767 -0.9971 0.0000
vn 0.0222 -0.2881 0.9573
vn -0.9969 -0.0788 -0.0012
vn -0.9970 -0.0770 0.0005
vn -0.9971 -0.0759 -0.0004
vn -0.9971 -0.0766 0.0004
vn -0.9971 -0.0762 0.0001
vn -0.0715 0.9185 -0.3888
vn 0.0780 -0.9969 -0.0001
vn 0.0273 -0.3575 -0.9335
vn 0.0280 -0.3571 -0.9336
vn 0.0109 -0.1433 -0.9896
vn -0.0355 0.4650 0.8846
vn 0.0155 -0.2036 -0.9789
vn 0.6934 0.1636 -0.7018
vn -0.0466 0.6127 -0.7890
vn -0.0736 0.9625 -0.2612
vn -0.0749 0.9622 -0.2620
vn -0.0749 0.9623 0.2615
vn -0.0736 0.9622 0.2623
vn -0.0477 0.6126 0.7890
vn -0.0199 0.2605 0.9653
vn -0.0198 0.2605 0.9653
vn 0.9971 0.0768 -0.0003
vn 0.9971 0.0764 -0.0003
vn 0.9970 0.0770 0.0000
vn 0.0277 -0.3586 -0.9331
vn -0.0223 0.2881 0.9573
vn 0.0235 -0.3042 -0.9523
vn 0.0042 -0.0539 -0.9985
vn 0.0111 -0.1442 -0.9895
vn -0.0169 0.2196 0.9754
vn 0.0169 -0.2196 -0.9754
vn 0.0170 -0.2195 -0.9755
vn -0.0218 0.2856 0.9581
vn -0.0219 0.2857 0.9581
vn -0.0043 0.0546 0.9985
vn -0.0112 0.1437 0.9896
vn -0.0171 0.2197 0.9754
vn -0.9970 -0.0768 0.0005
vn -0.9970 -0.0775 0.0060
vn -0.9970 -0.0776 0.0071
vn -0.9970 -0.0770 -0.0056
vn -0.9971 -0.0765 0.0009
vn -0.9971 -0.0761 0.0031
vn -0.9970 -0.0769 -0.0033
vn -0.9970 -0.0770 -0.0051
vn -0.9968 -0.0757 0.0238
vn -0.9970 -0.0770 -0.0008
vn -0.9970 -0.0775 -0.0008
vn -0.9971 -0.0763 0.0001
vn -0.9970 -0.0774 -0.0012
vn -0.9970 -0.0777 0.0010
vn -0.9971 -0.0765 -0.0012
vn -0.9970 -0.0777 0.0000
vn -0.9970 -0.0770 -0.0006
vn -0.9971 -0.0762 -0.0007
vn -0.9971 -0.0766 -0.0002
vn -0.9970 -0.0768 -0.0005
vn -0.9971 -0.0765 -0.0002
vn -0.9970 -0.0772 -0.0006
vn -0.9972 -0.0749 0.0029
vn 0.3957 0.0306 0.9179
vn 0.3954 0.0304 0.9180
vn 0.3952 0.0352 0.9179
vn 0.0885 -0.9961 -0.0000
vn 0.0885 -0.9961 0.0000
vn 0.0885 -0.9961 -0.0001
vn 0.0887 -0.9961 -0.0004
vn 0.0902 -0.9959 0.0000
vn 0.0890 -0.9960 0.0001
vn 0.0897 -0.9960 0.0000
vn 0.0888 -0.9961 -0.0002
vn 0.0885 -0.9961 0.0004
vn -0.0585 0.9983 -0.0000
vn -0.0585 0.9983 0.0000
vn -0.0587 0.9983 0.0003
vn -0.0594 0.9982 0.0000
vn -0.0588 0.9983 -0.0003
vn -0.0586 0.9983 -0.0001
vn -0.0586 0.9983 0.0000
vn -0.0586 0.9983 -0.0011
vn -0.0762 0.9971 -0.0000
vn 0.0756 -0.9971 0.0000
vn 0.9970 0.0768 0.0001
vn 0.9971 0.0767 0.0001
vn -0.0758 0.9971 -0.0000
vn 0.9970 0.0769 0.0001
vn -0.0764 0.9971 -0.0000
vn 0.0780 -0.9970 0.0000
vn 0.0762 -0.9971 -0.0000
vn 0.0763 -0.9971 -0.0000
vn 0.0764 -0.9971 -0.0000
vn -0.0763 0.9971 -0.0000
vn 0.0444 -0.7615 0.6467
vn 0.0399 -0.7701 0.6367
vn 0.0400 -0.7704 0.6363
vn 0.0517 -0.7466 0.6633
vn 0.0473 -0.7557 0.6532
vn 0.0517 -0.7467 0.6631
vn 0.0517 -0.7468 0.6631
vn 0.0517 -0.7468 0.6630
vn 0.7640 0.0579 0.6426
vn -0.0392 0.7554 0.6541
vn -0.0338 0.7630 0.6455
vn -0.6789 -0.0522 0.7323
vn -0.6789 -0.0522 0.7324
vn -0.6788 -0.0522 0.7325
vn -0.6789 -0.0523 0.7324
vn -0.7021 -0.0540 0.7101
vn -0.7020 -0.0539 0.7101
vn -0.7020 -0.0541 0.7101
vn -0.7021 -0.0540 0.7100
vn -0.6788 -0.0521 0.7325
vn -0.6789 -0.0520 0.7324
vn -0.7021 -0.0539 0.7101
vn -0.7020 -0.0538 0.7101
vn -0.7021 -0.0541 0.7101
vn -0.7021 -0.0541 0.7100
vn -0.7014 -0.0623 0.7101
vn -0.7013 -0.0624 0.7102
vn -0.0056 0.1320 -0.9912
vn -0.0422 0.9991 0.0000
vn -0.9991 -0.0422 0.0000
vn -0.9991 -0.0422 0.0009
vn 0.1318 0.0100 -0.9912
vn 0.0673 -0.9977 0.0001
vn 0.0674 -0.9977 0.0000
vn 0.0676 -0.9977 0.0000
vn 0.9971 0.0759 -0.0010
vn 0.9971 0.0756 0.0000
vn 0.9971 0.0756 -0.0000
vn 0.0087 -0.1289 -0.9916
vn 0.0086 -0.1282 -0.9917
vn 0.0089 -0.1302 -0.9914
vn 0.0091 -0.1317 -0.9912
vn 0.0487 -0.4560 -0.8887
vn 0.0239 -0.2533 -0.9671
vn 0.0932 -0.9956 0.0000
vn 0.9958 0.0912 0.0005
vn 0.4637 0.0427 -0.8849
vn 0.9951 0.0986 -0.0013
vn 0.9962 0.0875 0.0000
vn 0.1063 -0.9943 0.0000
vn 0.0673 -0.9977 -0.0000
vn 0.0673 -0.9977 0.0000
vn 0.0676 -0.9977 -0.0001
vn 0.0684 -0.9977 -0.0004
vn 0.9971 0.0755 0.0004
vn 0.9972 0.0754 0.0008
vn 0.0084 -0.1250 -0.9921
vn 0.0086 -0.1278 -0.9918
vn 0.0087 -0.1288 -0.9916
vn 0.0488 -0.4562 -0.8885
vn 0.0490 -0.4568 -0.8882
vn 0.0236 -0.2519 -0.9675
vn 0.0939 -0.9956 0.0001
vn 0.0938 -0.9956 0.0001
vn 0.0937 -0.9956 0.0000
vn 0.0919 -0.9818 -0.1664
vn 0.9959 0.0908 0.0000
vn 0.9959 0.0907 -0.0000
vn 0.9970 0.0768 -0.0002
vn -0.0001 -0.0000 1.0000
vn -0.0768 0.9971 -0.0000
vn -0.0767 0.9971 0.0001
vn -0.0768 0.9970 0.0001
vn 0.0884 -0.9961 -0.0000
vn 0.0887 -0.9961 0.0000
vn -0.0887 0.9961 0.0001
vn -0.9970 -0.0771 -0.0005
vn -0.9970 -0.0772 -0.0002
vn -0.0887 0.9961 0.0000
vn 0.9970 0.0772 0.0000
vn 0.9970 0.0772 -0.0000
vn 0.0886 -0.9961 0.0000
vn 0.0882 -0.9961 -0.0000
vn 0.0877 -0.9961 -0.0000
vn -0.5715 -0.0508 -0.8190
vn -0.5715 -0.0507 -0.8190
vn -0.8906 -0.0792 0.4478
vn -0.8907 -0.0791 0.4477
vn -0.9961 -0.0886 0.0000
vn -0.9961 -0.0885 0.0000
vn -0.9961 -0.0887 0.0000
vn 0.0028 0.0003 1.0000
# 682 vertex normals

vt 4.0948 -0.4938 2.1295
vt -2.8772 -0.5333 2.4570
vt 4.0973 -0.5333 2.1626
vt 0.9995 0.9995 0.0005
vt 0.0005 0.9995 0.0014
vt 0.0005 0.0005 0.9995
vt 0.0005 0.0005 0.9995
vt 0.9995 0.0005 0.9986
vt 0.9995 0.9995 0.0005
vt -1.2205 1.9540 0.5529
vt -0.1115 -0.0239 0.5529
vt -0.1115 1.7084 0.5529
vt 2.2205 1.9540 0.5529
vt -1.2205 1.9540 0.5529
vt -0.1115 1.7084 0.5529
vt 2.2205 1.9540 0.5529
vt -0.1115 1.7084 0.5529
vt 1.1644 1.7084 0.5524
vt -0.1115 -0.0239 0.5529
vt -1.2205 1.9540 0.5529
vt -1.2205 -0.8090 0.5527
vt -0.1115 -0.0239 0.5529
vt -1.2205 -0.8090 0.5527
vt 2.2205 -0.8090 0.5529
vt 1.1644 -0.0239 0.5524
vt -0.1115 -0.0239 0.5529
vt 2.2205 -0.8090 0.5529
vt 1.1644 -0.0239 0.5524
vt 2.2205 -0.8090 0.5529
vt 2.2205 1.9540 0.5529
vt 1.1644 1.7084 0.5524
vt 1.1644 -0.0239 0.5524
vt 2.2205 1.9540 0.5529
vt -1.2205 -0.8540 0.9993
vt 2.2205 -0.8540 0.9995
vt 2.2205 -0.8090 0.5529
vt 2.2205 -0.8090 0.5529
vt -1.2205 -0.8090 0.5527
vt -1.2205 -0.8540 0.9993
vt -1.2205 -0.9540 0.9993
vt 2.2205 -0.9540 0.9995
vt 2.2205 -0.8540 0.9995
vt 2.2205 -0.8540 0.9995
vt -1.2205 -0.8540 0.9993
vt -1.2205 -0.9540 0.9993
vt -1.2205 -0.9540 0.6555
vt 2.2205 -0.9540 0.6557
vt 2.2205 -0.9540 0.9995
vt 2.2205 -0.9540 0.9995
vt -1.2205 -0.9540 0.9993
vt -1.2205 -0.9540 0.6555
vt -0.1115 -0.0083 0.0010
vt -0.1115 1.7084 0.0010
vt -0.1115 1.7084 0.5529
vt -0.1115 1.7084 0.5529
vt -0.1115 -0.0239 0.5529
vt -0.1115 -0.0083 0.0010
vt -0.1115 1.7084 0.0010
vt 1.1644 1.7084 0.0005
vt 1.1644 1.7084 0.5524
vt 1.1644 1.7084 0.5524
vt -0.1115 1.7084 0.5529
vt -0.1115 1.7084 0.0010
vt 1.1644 1.7084 0.0005
vt 1.1644 -0.0083 0.0005
vt 1.1644 -0.0239 0.5524
vt 1.1644 -0.0239 0.5524
vt 1.1644 1.7084 0.5524
vt 1.1644 1.7084 0.0005
vt 0.0005 0.9995 0.9988
vt 0.0005 0.0005 0.9995
vt 0.9995 0.0005 0.0006
vt 0.9995 0.0005 0.0006
vt 0.9995 0.9995 0.0005
vt 0.0005 0.9995 0.9988
vt 1.1736 0.4603 0.0005
vt -0.1736 0.4603 0.0006
vt -0.1736 0.3426 0.9995
vt -0.1736 0.3426 0.9995
vt 1.1736 0.3426 0.9994
vt 1.1736 0.4603 0.0005
vt -0.1736 0.3426 0.9995
vt -0.1736 0.4603 0.0006
vt -0.1736 0.6574 0.0006
vt 1.1736 0.3426 0.9994
vt 1.1736 0.6574 0.0005
vt 1.1736 0.4603 0.0005
vt 0.6897 0.0076 0.0006
vt 0.6897 0.4424 0.9995
vt 0.0003 0.4424 0.9993
vt 0.0003 0.0076 0.0005
vt 0.6897 0.0076 0.0006
vt 0.0003 0.4424 0.9993
vt 0.0000 0.0000 0.0000
vt 0.0000 0.0000 41738587290283803000.0000
vt 0.0000 0.0000 448711876411392.0000
vt 0.0000 0.0000 448711876411392.0000
vt 0.0000 17509996450728116000.0000 13.7637
vt 0.0000 0.0000 0.0000
vt -0.1115 -0.0239 0.5529
vt 1.1644 -0.0239 0.5524
vt -0.1115 -0.0239 0.5529
vt 1.1644 -0.0239 0.5524
vt -0.1115 -0.0239 0.5529
vt 1.1644 -0.0239 0.5524
vt 0.9031 0.0005 0.9995
vt 0.9995 0.6381 0.9995
vt 0.7289 0.6381 0.9995
vt 0.8625 0.0005 0.9995
vt 0.9031 0.0005 0.9995
vt 0.7289 0.6381 0.9995
vt 0.6616 0.0005 0.9995
vt 0.8625 0.0005 0.9995
vt 0.7289 0.6381 0.9995
vt 0.5698 0.0000 0.9995
vt 0.6616 0.0005 0.9995
vt 0.7289 0.6381 0.9995
vt 0.5698 0.0000 0.9995
vt 0.7289 0.6381 0.9995
vt 0.6579 0.6385 0.9995
vt 0.4673 0.0000 0.9995
vt 0.5698 0.0000 0.9995
vt 0.6579 0.6385 0.9995
vt 0.4673 0.0000 0.9995
vt 0.6579 0.6385 0.9995
vt 0.5426 0.6385 0.9995
vt 0.1091 0.6385 0.9995
vt 0.0005 0.6385 0.9995
vt 0.0005 0.0000 0.9995
vt 0.1091 0.6385 0.9995
vt 0.0005 0.0000 0.9995
vt 0.1036 0.0000 0.9995
vt 0.2368 0.6385 0.9995
vt 0.1091 0.6385 0.9995
vt 0.1036 0.0000 0.9995
vt 0.2368 0.6385 0.9995
vt 0.1036 0.0000 0.9995
vt 0.2148 0.0000 0.9995
vt 0.3900 0.6385 0.9995
vt 0.2368 0.6385 0.9995
vt 0.2148 0.0000 0.9995
vt 0.3900 0.6385 0.9995
vt 0.2148 0.0000 0.9995
vt 0.3433 0.0000 0.9995
vt 0.5426 0.6385 0.9995
vt 0.3900 0.6385 0.9995
vt 0.3433 0.0000 0.9995
vt 0.4673 0.0000 0.9995
vt 0.5426 0.6385 0.9995
vt 0.3433 0.0000 0.9995
vt 0.9031 0.0005 0.9076
vt 0.9995 0.6381 0.9076
vt 0.9995 0.6381 0.9995
vt 0.9995 0.6381 0.9995
vt 0.9031 0.0005 0.9995
vt 0.9031 0.0005 0.9076
vt 0.9031 0.0005 0.8846
vt 0.9995 0.6381 0.8846
vt 0.9995 0.6381 0.9076
vt 0.9995 0.6381 0.9076
vt 0.9031 0.0005 0.9076
vt 0.9031 0.0005 0.8846
vt 0.9031 0.0005 0.0005
vt 0.9995 0.6381 0.0005
vt 0.9995 0.6381 0.8846
vt 0.9995 0.6381 0.8846
vt 0.9031 0.0005 0.8846
vt 0.9031 0.0005 0.0005
vt 0.0005 0.0766 0.9995
vt 0.5411 0.0766 0.9995
vt 0.5411 0.0766 0.0005
vt 0.5411 0.0766 0.0005
vt 0.0005 0.0766 0.0005
vt 0.0005 0.0766 0.9995
vt 0.5411 0.0766 0.9995
vt 0.5411 0.7672 0.9995
vt 0.5411 0.7672 0.0005
vt 0.5411 0.7672 0.0005
vt 0.5411 0.0766 0.0005
vt 0.5411 0.0766 0.9995
vt 0.5411 0.7672 0.9995
vt 0.4415 0.7895 0.9995
vt 0.4415 0.7895 0.0005
vt 0.4415 0.7895 0.0005
vt 0.5411 0.7672 0.0005
vt 0.5411 0.7672 0.9995
vt 0.4415 0.7895 0.9995
vt 0.3630 0.8042 0.9995
vt 0.3630 0.8042 0.0005
vt 0.3630 0.8042 0.0005
vt 0.4415 0.7895 0.0005
vt 0.4415 0.7895 0.9995
vt 0.3630 0.8042 0.9995
vt 0.2681 0.8167 0.9995
vt 0.2681 0.8167 0.0005
vt 0.2681 0.8167 0.0005
vt 0.3630 0.8042 0.0005
vt 0.3630 0.8042 0.9995
vt 0.2681 0.8167 0.9995
vt 0.1677 0.8252 0.9995
vt 0.1677 0.8252 0.0005
vt 0.1677 0.8252 0.0005
vt 0.2681 0.8167 0.0005
vt 0.2681 0.8167 0.9995
vt 0.1677 0.8252 0.9995
vt 0.0787 0.8296 0.9995
vt 0.0787 0.8296 0.0005
vt 0.0787 0.8296 0.0005
vt 0.1677 0.8252 0.0005
vt 0.1677 0.8252 0.9995
vt 0.0787 0.8296 0.9995
vt 0.0005 0.8296 0.9995
vt 0.0005 0.8296 0.0005
vt 0.0005 0.8296 0.0005
vt 0.0787 0.8296 0.0005
vt 0.0787 0.8296 0.9995
vt 0.8094 0.4924 0.0011
vt 0.7459 0.5117 0.0011
vt 0.7459 0.5117 0.9995
vt 0.7459 0.5117 0.9995
vt 0.8094 0.4924 0.9995
vt 0.8094 0.4924 0.0011
vt 0.8094 0.3712 0.0011
vt 0.8094 0.4924 0.0011
vt 0.8094 0.4924 0.9995
vt 0.8094 0.4924 0.9995
vt 0.8094 0.3712 0.9995
vt 0.8094 0.3712 0.0011
vt 0.0005 0.0004 0.0011
vt 0.7459 0.0004 0.0011
vt 0.7459 0.0004 0.9995
vt 0.7459 0.0004 0.9995
vt 0.0005 0.0004 0.9995
vt 0.0005 0.0004 0.0011
vt 0.7459 0.1705 0.0011
vt 0.8965 0.1842 0.0011
vt 0.8965 0.1842 0.9995
vt 0.8965 0.1842 0.9995
vt 0.7459 0.1705 0.9995
vt 0.7459 0.1705 0.0011
vt 0.8965 0.1842 0.0011
vt 0.9759 0.2203 0.0011
vt 0.9759 0.2203 0.9995
vt 0.9759 0.2203 0.9995
vt 0.8965 0.1842 0.9995
vt 0.8965 0.1842 0.0011
vt 0.9759 0.2203 0.0011
vt 0.9995 0.2709 0.0011
vt 0.9995 0.2709 0.9995
vt 0.9995 0.2709 0.9995
vt 0.9759 0.2203 0.9995
vt 0.9759 0.2203 0.0011
vt 0.9995 0.2709 0.0011
vt 0.9759 0.3215 0.0011
vt 0.9759 0.3215 0.9995
vt 0.9759 0.3215 0.9995
vt 0.9995 0.2709 0.9995
vt 0.9995 0.2709 0.0011
vt 0.9759 0.3215 0.0011
vt 0.8965 0.3575 0.0011
vt 0.8965 0.3575 0.9995
vt 0.8965 0.3575 0.9995
vt 0.9759 0.3215 0.9995
vt 0.9759 0.3215 0.0011
vt 0.8965 0.3575 0.0011
vt 0.8094 0.3712 0.0011
vt 0.8094 0.3712 0.9995
vt 0.8094 0.3712 0.9995
vt 0.8965 0.3575 0.9995
vt 0.8965 0.3575 0.0011
vt 0.8094 0.3712 0.0011
vt 0.8965 0.3575 0.0011
vt 0.9759 0.3215 0.0011
vt 0.8094 0.3712 0.0011
vt 0.9759 0.3215 0.0011
vt 0.9995 0.2709 0.0011
vt 0.8094 0.3712 0.0011
vt 0.9995 0.2709 0.0011
vt 0.9759 0.2203 0.0011
vt 0.8094 0.3712 0.0011
vt 0.9759 0.2203 0.0011
vt 0.8965 0.1842 0.0011
vt 0.8094 0.3712 0.0011
vt 0.8965 0.1842 0.0011
vt 0.7459 0.1705 0.0011
vt 0.7459 0.5117 0.0011
vt 0.8094 0.4924 0.0011
vt 0.8094 0.3712 0.0011
vt 0.7459 0.5117 0.0011
vt 0.8094 0.3712 0.0011
vt 0.7459 0.1705 0.0011
vt 0.0005 0.9076 0.9347
vt 0.2711 0.9076 0.9347
vt 0.2711 0.9995 0.9347
vt 0.2711 0.9995 0.9347
vt 0.0005 0.9995 0.9347
vt 0.0005 0.9076 0.9347
vt 0.3815 0.3100 0.0000
vt 0.4094 0.3100 0.0000
vt 0.4094 0.3100 0.2000
vt 0.4094 0.3100 0.2000
vt 0.3815 0.3100 0.2000
vt 0.3815 0.3100 0.0000
vt 0.2431 0.3100 0.0000
vt 0.3815 0.3100 0.0000
vt 0.3815 0.3100 0.2000
vt 0.3815 0.3100 0.2000
vt 0.2431 0.3100 0.2000
vt 0.2431 0.3100 0.0000
vt 0.1799 0.3409 0.0000
vt 0.2431 0.3100 0.0000
vt 0.2431 0.3100 0.2000
vt 0.2431 0.3100 0.2000
vt 0.1799 0.3409 0.2000
vt 0.1799 0.3409 0.0000
vt 0.2711 0.9076 0.9347
vt 0.3421 0.9076 0.9454
vt 0.3421 0.9995 0.9454
vt 0.3421 0.9995 0.9454
vt 0.2711 0.9995 0.9347
vt 0.2711 0.9076 0.9347
vt 0.1093 0.3697 0.0000
vt 0.1799 0.3409 0.0000
vt 0.1799 0.3409 0.2000
vt 0.1799 0.3409 0.2000
vt 0.1093 0.3697 0.2000
vt 0.1093 0.3697 0.0000
vt 0.3421 0.9076 0.9454
vt 0.4574 0.9076 0.9627
vt 0.4574 0.9995 0.9627
vt 0.4574 0.9995 0.9627
vt 0.3421 0.9995 0.9454
vt 0.3421 0.9076 0.9454
vt 0.8909 0.9076 0.9965
vt 0.9995 0.9076 0.9995
vt 0.9995 0.9995 0.9995
vt 0.9995 0.9995 0.9995
vt 0.8909 0.9995 0.9965
vt 0.8909 0.9076 0.9965
vt -0.2122 0.4238 0.0000
vt -0.1412 0.4189 0.0000
vt -0.1412 0.4189 0.2000
vt -0.1412 0.4189 0.2000
vt -0.2122 0.4238 0.2000
vt -0.2122 0.4238 0.0000
vt 0.7632 0.9076 0.9911
vt 0.8909 0.9076 0.9965
vt 0.8909 0.9995 0.9965
vt 0.8909 0.9995 0.9965
vt 0.7632 0.9995 0.9911
vt 0.7632 0.9076 0.9911
vt -0.1412 0.4189 0.0000
vt -0.0646 0.4107 0.0000
vt -0.0646 0.4107 0.2000
vt -0.0646 0.4107 0.2000
vt -0.1412 0.4189 0.2000
vt -0.1412 0.4189 0.0000
vt 0.6100 0.9076 0.9800
vt 0.7632 0.9076 0.9911
vt 0.7632 0.9995 0.9911
vt 0.7632 0.9995 0.9911
vt 0.6100 0.9995 0.9800
vt 0.6100 0.9076 0.9800
vt -0.0646 0.4107 0.0000
vt 0.0239 0.3943 0.0000
vt 0.0239 0.3943 0.2000
vt 0.0239 0.3943 0.2000
vt -0.0646 0.4107 0.2000
vt -0.0646 0.4107 0.0000
vt 0.4574 0.9076 0.9627
vt 0.6100 0.9076 0.9800
vt 0.6100 0.9995 0.9800
vt 0.6100 0.9995 0.9800
vt 0.4574 0.9995 0.9627
vt 0.4574 0.9076 0.9627
vt 0.0239 0.3943 0.0000
vt 0.1093 0.3697 0.0000
vt 0.1093 0.3697 0.2000
vt 0.1093 0.3697 0.2000
vt 0.0239 0.3943 0.2000
vt 0.0239 0.3943 0.0000
vt 0.3815 -0.2339 -0.0500
vt 0.3815 0.3100 -0.0500
vt 0.3815 0.3100 0.0000
vt 0.3815 0.3100 0.0000
vt 0.3815 -0.2339 0.0000
vt 0.3815 -0.2339 -0.0500
vt 0.3815 -1.1240 -0.0500
vt 0.3815 -0.8278 -0.0500
vt 0.3815 -0.8278 0.0000
vt 0.3815 -0.8278 0.0000
vt 0.3815 -1.1240 0.0000
vt 0.3815 -1.1240 -0.0500
vt 0.0005 0.8846 0.9347
vt 0.2711 0.8846 0.9347
vt 0.2711 0.9076 0.9347
vt 0.2711 0.9076 0.9347
vt 0.0005 0.9076 0.9347
vt 0.0005 0.8846 0.9347
vt 0.3815 0.3100 -0.0500
vt 0.4094 0.3100 -0.0500
vt 0.4094 0.3100 0.0000
vt 0.4094 0.3100 0.0000
vt 0.3815 0.3100 0.0000
vt 0.3815 0.3100 -0.0500
vt 0.2711 0.8846 0.9347
vt 0.3421 0.8846 0.9454
vt 0.3421 0.9076 0.9454
vt 0.3421 0.9076 0.9454
vt 0.2711 0.9076 0.9347
vt 0.2711 0.8846 0.9347
vt 0.3421 0.8846 0.9454
vt 0.4574 0.8846 0.9627
vt 0.4574 0.9076 0.9627
vt 0.4574 0.9076 0.9627
vt 0.3421 0.9076 0.9454
vt 0.3421 0.8846 0.9454
vt 0.8909 0.8846 0.9965
vt 0.9995 0.8846 0.9995
vt 0.9995 0.9076 0.9995
vt 0.9995 0.9076 0.9995
vt 0.8909 0.9076 0.9965
vt 0.8909 0.8846 0.9965
vt 0.7632 0.8846 0.9911
vt 0.8909 0.8846 0.9965
vt 0.8909 0.9076 0.9965
vt 0.8909 0.9076 0.9965
vt 0.7632 0.9076 0.9911
vt 0.7632 0.8846 0.9911
vt 0.6100 0.8846 0.9800
vt 0.7632 0.8846 0.9911
vt 0.7632 0.9076 0.9911
vt 0.7632 0.9076 0.9911
vt 0.6100 0.9076 0.9800
vt 0.6100 0.8846 0.9800
vt 0.4574 0.8846 0.9627
vt 0.6100 0.8846 0.9800
vt 0.6100 0.9076 0.9800
vt 0.6100 0.9076 0.9800
vt 0.4574 0.9076 0.9627
vt 0.4574 0.8846 0.9627
vt 0.3815 0.3100 -0.0500
vt 0.3815 -0.2339 -0.0500
vt 0.3815 0.3100 -1.9733
vt 0.0005 0.0005 0.9347
vt 0.2711 0.0005 0.9347
vt 0.2711 0.8846 0.9347
vt 0.2711 0.8846 0.9347
vt 0.0005 0.8846 0.9347
vt 0.0005 0.0005 0.9347
vt 0.3815 0.3100 -1.9733
vt 0.4094 0.3100 -1.9733
vt 0.4094 0.3100 -0.0500
vt 0.4094 0.3100 -0.0500
vt 0.3815 0.3100 -0.0500
vt 0.3815 0.3100 -1.9733
vt 0.2711 0.0005 0.9347
vt 0.3421 0.0005 0.9454
vt 0.3421 0.8846 0.9454
vt 0.3421 0.8846 0.9454
vt 0.2711 0.8846 0.9347
vt 0.2711 0.0005 0.9347
vt 0.3421 0.0005 0.9454
vt 0.4574 0.0005 0.9627
vt 0.4574 0.8846 0.9627
vt 0.4574 0.8846 0.9627
vt 0.3421 0.8846 0.9454
vt 0.3421 0.0005 0.9454
vt 0.8909 0.0005 0.9965
vt 0.9995 0.0005 0.9995
vt 0.9995 0.8846 0.9995
vt 0.9995 0.8846 0.9995
vt 0.8909 0.8846 0.9965
vt 0.8909 0.0005 0.9965
vt 0.7632 0.0005 0.9911
vt 0.8909 0.0005 0.9965
vt 0.8909 0.8846 0.9965
vt 0.8909 0.8846 0.9965
vt 0.7632 0.8846 0.9911
vt 0.7632 0.0005 0.9911
vt 0.6100 0.0005 0.9800
vt 0.7632 0.0005 0.9911
vt 0.7632 0.8846 0.9911
vt 0.7632 0.8846 0.9911
vt 0.6100 0.8846 0.9800
vt 0.6100 0.0005 0.9800
vt 0.4574 0.0005 0.9627
vt 0.6100 0.0005 0.9800
vt 0.6100 0.8846 0.9800
vt 0.6100 0.8846 0.9800
vt 0.4574 0.8846 0.9627
vt 0.4574 0.0005 0.9627
vt 0.3815 0.3100 -1.9733
vt 0.3815 -0.2339 -0.0500
vt 0.3815 -0.8278 -0.0500
vt 0.9031 0.0005 0.9995
vt 0.7289 0.6381 0.9995
vt 0.9995 0.6381 0.9995
vt 0.8625 0.0005 0.9995
vt 0.7289 0.6381 0.9995
vt 0.9031 0.0005 0.9995
vt 0.6616 0.0005 0.9995
vt 0.7289 0.6381 0.9995
vt 0.8625 0.0005 0.9995
vt 0.5698 0.0000 0.9995
vt 0.7289 0.6381 0.9995
vt 0.6616 0.0005 0.9995
vt 0.5698 0.0000 0.9995
vt 0.6579 0.6385 0.9995
vt 0.7289 0.6381 0.9995
vt 0.4673 0.0000 0.9995
vt 0.6579 0.6385 0.9995
vt 0.5698 0.0000 0.9995
vt 0.4673 0.0000 0.9995
vt 0.5426 0.6385 0.9995
vt 0.6579 0.6385 0.9995
vt 0.1091 0.6385 0.9995
vt 0.0005 0.0000 0.9995
vt 0.0005 0.6385 0.9995
vt 0.1091 0.6385 0.9995
vt 0.1036 0.0000 0.9995
vt 0.0005 0.0000 0.9995
vt 0.2368 0.6385 0.9995
vt 0.1036 0.0000 0.9995
vt 0.1091 0.6385 0.9995
vt 0.2368 0.6385 0.9995
vt 0.2148 0.0000 0.9995
vt 0.1036 0.0000 0.9995
vt 0.3900 0.6385 0.9995
vt 0.2148 0.0000 0.9995
vt 0.2368 0.6385 0.9995
vt 0.3900 0.6385 0.9995
vt 0.3433 0.0000 0.9995
vt 0.2148 0.0000 0.9995
vt 0.5426 0.6385 0.9995
vt 0.3433 0.0000 0.9995
vt 0.3900 0.6385 0.9995
vt 0.4673 0.0000 0.9995
vt 0.3433 0.0000 0.9995
vt 0.5426 0.6385 0.9995
vt 0.9031 0.0005 0.9076
vt 0.9995 0.6381 0.9995
vt 0.9995 0.6381 0.9076
vt 0.9995 0.6381 0.9995
vt 0.9031 0.0005 0.9076
vt 0.9031 0.0005 0.9995
vt 0.9031 0.0005 0.8846
vt 0.9995 0.6381 0.9076
vt 0.9995 0.6381 0.8846
vt 0.9995 0.6381 0.9076
vt 0.9031 0.0005 0.8846
vt 0.9031 0.0005 0.9076
vt 0.9031 0.0005 0.0005
vt 0.9995 0.6381 0.8846
vt 0.9995 0.6381 0.0005
vt 0.9995 0.6381 0.8846
vt 0.9031 0.0005 0.0005
vt 0.9031 0.0005 0.8846
vt 0.0005 0.0766 0.9995
vt 0.5411 0.0766 0.0005
vt 0.5411 0.0766 0.9995
vt 0.5411 0.0766 0.0005
vt 0.0005 0.0766 0.9995
vt 0.0005 0.0766 0.0005
vt 0.5411 0.0766 0.9995
vt 0.5411 0.7672 0.0005
vt 0.5411 0.7672 0.9995
vt 0.5411 0.7672 0.0005
vt 0.5411 0.0766 0.9995
vt 0.5411 0.0766 0.0005
vt 0.5411 0.7672 0.9995
vt 0.4415 0.7895 0.0005
vt 0.4415 0.7895 0.9995
vt 0.4415 0.7895 0.0005
vt 0.5411 0.7672 0.9995
vt 0.5411 0.7672 0.0005
vt 0.4415 0.7895 0.9995
vt 0.3630 0.8042 0.0005
vt 0.3630 0.8042 0.9995
vt 0.3630 0.8042 0.0005
vt 0.4415 0.7895 0.9995
vt 0.4415 0.7895 0.0005
vt 0.3630 0.8042 0.9995
vt 0.2681 0.8167 0.0005
vt 0.2681 0.8167 0.9995
vt 0.2681 0.8167 0.0005
vt 0.3630 0.8042 0.9995
vt 0.3630 0.8042 0.0005
vt 0.2681 0.8167 0.9995
vt 0.1677 0.8252 0.0005
vt 0.1677 0.8252 0.9995
vt 0.1677 0.8252 0.0005
vt 0.2681 0.8167 0.9995
vt 0.2681 0.8167 0.0005
vt 0.1677 0.8252 0.9995
vt 0.0787 0.8296 0.0005
vt 0.0787 0.8296 0.9995
vt 0.0787 0.8296 0.0005
vt 0.1677 0.8252 0.9995
vt 0.1677 0.8252 0.0005
vt 0.0787 0.8296 0.9995
vt 0.0005 0.8296 0.0005
vt 0.0005 0.8296 0.9995
vt 0.0005 0.8296 0.0005
vt 0.0787 0.8296 0.9995
vt 0.0787 0.8296 0.0005
vt 0.8094 0.4924 0.0011
vt 0.7459 0.5117 0.9995
vt 0.7459 0.5117 0.0011
vt 0.7459 0.5117 0.9995
vt 0.8094 0.4924 0.0011
vt 0.8094 0.4924 0.9995
vt 0.8094 0.3712 0.0011
vt 0.8094 0.4924 0.9995
vt 0.8094 0.4924 0.0011
vt 0.8094 0.4924 0.9995
vt 0.8094 0.3712 0.0011
vt 0.8094 0.3712 0.9995
vt 0.0005 0.0004 0.0011
vt 0.7459 0.0004 0.9995
vt 0.7459 0.0004 0.0011
vt 0.7459 0.0004 0.9995
vt 0.0005 0.0004 0.0011
vt 0.0005 0.0004 0.9995
vt 0.7459 0.1705 0.0011
vt 0.8965 0.1842 0.9995
vt 0.8965 0.1842 0.0011
vt 0.8965 0.1842 0.9995
vt 0.7459 0.1705 0.0011
vt 0.7459 0.1705 0.9995
vt 0.8965 0.1842 0.0011
vt 0.9759 0.2203 0.9995
vt 0.9759 0.2203 0.0011
vt 0.9759 0.2203 0.9995
vt 0.8965 0.1842 0.0011
vt 0.8965 0.1842 0.9995
vt 0.9759 0.2203 0.0011
vt 0.9995 0.2709 0.9995
vt 0.9995 0.2709 0.0011
vt 0.9995 0.2709 0.9995
vt 0.9759 0.2203 0.0011
vt 0.9759 0.2203 0.9995
vt 0.9995 0.2709 0.0011
vt 0.9759 0.3215 0.9995
vt 0.9759 0.3215 0.0011
vt 0.9759 0.3215 0.9995
vt 0.9995 0.2709 0.0011
vt 0.9995 0.2709 0.9995
vt 0.9759 0.3215 0.0011
vt 0.8965 0.3575 0.9995
vt 0.8965 0.3575 0.0011
vt 0.8965 0.3575 0.9995
vt 0.9759 0.3215 0.0011
vt 0.9759 0.3215 0.9995
vt 0.8965 0.3575 0.0011
vt 0.8094 0.3712 0.9995
vt 0.8094 0.3712 0.0011
vt 0.8094 0.3712 0.9995
vt 0.8965 0.3575 0.0011
vt 0.8965 0.3575 0.9995
vt 0.8094 0.3712 0.0011
vt 0.9759 0.3215 0.0011
vt 0.8965 0.3575 0.0011
vt 0.8094 0.3712 0.0011
vt 0.9995 0.2709 0.0011
vt 0.9759 0.3215 0.0011
vt 0.8094 0.3712 0.0011
vt 0.9759 0.2203 0.0011
vt 0.9995 0.2709 0.0011
vt 0.8094 0.3712 0.0011
vt 0.8965 0.1842 0.0011
vt 0.9759 0.2203 0.0011
vt 0.8094 0.3712 0.0011
vt 0.7459 0.1705 0.0011
vt 0.8965 0.1842 0.0011
vt 0.7459 0.5117 0.0011
vt 0.8094 0.3712 0.0011
vt 0.8094 0.4924 0.0011
vt 0.7459 0.5117 0.0011
vt 0.7459 0.1705 0.0011
vt 0.8094 0.3712 0.0011
vt 0.0005 0.9076 0.9347
vt 0.2711 0.9995 0.9347
vt 0.2711 0.9076 0.9347
vt 0.2711 0.9995 0.9347
vt 0.0005 0.9076 0.9347
vt 0.0005 0.9995 0.9347
vt 0.3815 0.3100 0.0000
vt 0.4094 0.3100 0.2000
vt 0.4094 0.3100 0.0000
vt 0.4094 0.3100 0.2000
vt 0.3815 0.3100 0.0000
vt 0.3815 0.3100 0.2000
vt 0.2431 0.3100 0.0000
vt 0.3815 0.3100 0.2000
vt 0.3815 0.3100 0.0000
vt 0.3815 0.3100 0.2000
vt 0.2431 0.3100 0.0000
vt 0.2431 0.3100 0.2000
vt 0.1799 0.3409 0.0000
vt 0.2431 0.3100 0.2000
vt 0.2431 0.3100 0.0000
vt 0.2431 0.3100 0.2000
vt 0.1799 0.3409 0.0000
vt 0.1799 0.3409 0.2000
vt 0.2711 0.9076 0.9347
vt 0.3421 0.9995 0.9454
vt 0.3421 0.9076 0.9454
vt 0.3421 0.9995 0.9454
vt 0.2711 0.9076 0.9347
vt 0.2711 0.9995 0.9347
vt 0.1093 0.3697 0.0000
vt 0.1799 0.3409 0.2000
vt 0.1799 0.3409 0.0000
vt 0.1799 0.3409 0.2000
vt 0.1093 0.3697 0.0000
vt 0.1093 0.3697 0.2000
vt 0.3421 0.9076 0.9454
vt 0.4574 0.9995 0.9627
vt 0.4574 0.9076 0.9627
vt 0.4574 0.9995 0.9627
vt 0.3421 0.9076 0.9454
vt 0.3421 0.9995 0.9454
vt 0.8909 0.9076 0.9965
vt 0.9995 0.9995 0.9995
vt 0.9995 0.9076 0.9995
vt 0.9995 0.9995 0.9995
vt 0.8909 0.9076 0.9965
vt 0.8909 0.9995 0.9965
vt -0.2122 0.4238 0.0000
vt -0.1412 0.4189 0.2000
vt -0.1412 0.4189 0.0000
vt -0.1412 0.4189 0.2000
vt -0.2122 0.4238 0.0000
vt -0.2122 0.4238 0.2000
vt 0.7632 0.9076 0.9911
vt 0.8909 0.9995 0.9965
vt 0.8909 0.9076 0.9965
vt 0.8909 0.9995 0.9965
vt 0.7632 0.9076 0.9911
vt 0.7632 0.9995 0.9911
vt -0.1412 0.4189 0.0000
vt -0.0646 0.4107 0.2000
vt -0.0646 0.4107 0.0000
vt -0.0646 0.4107 0.2000
vt -0.1412 0.4189 0.0000
vt -0.1412 0.4189 0.2000
vt 0.6100 0.9076 0.9800
vt 0.7632 0.9995 0.9911
vt 0.7632 0.9076 0.9911
vt 0.7632 0.9995 0.9911
vt 0.6100 0.9076 0.9800
vt 0.6100 0.9995 0.9800
vt -0.0646 0.4107 0.0000
vt 0.0239 0.3943 0.2000
vt 0.0239 0.3943 0.0000
vt 0.0239 0.3943 0.2000
vt -0.0646 0.4107 0.0000
vt -0.0646 0.4107 0.2000
vt 0.4574 0.9076 0.9627
vt 0.6100 0.9995 0.9800
vt 0.6100 0.9076 0.9800
vt 0.6100 0.9995 0.9800
vt 0.4574 0.9076 0.9627
vt 0.4574 0.9995 0.9627
vt 0.0239 0.3943 0.0000
vt 0.1093 0.3697 0.2000
vt 0.1093 0.3697 0.0000
vt 0.1093 0.3697 0.2000
vt 0.0239 0.3943 0.0000
vt 0.0239 0.3943 0.2000
vt 0.3815 -0.2339 -0.0500
vt 0.3815 0.3100 0.0000
vt 0.3815 0.3100 -0.0500
vt 0.3815 0.3100 0.0000
vt 0.3815 -0.2339 -0.0500
vt 0.3815 -0.2339 0.0000
vt 0.3815 -1.1240 -0.0500
vt 0.3815 -0.8278 0.0000
vt 0.3815 -0.8278 -0.0500
vt 0.3815 -0.8278 0.0000
vt 0.3815 -1.1240 -0.0500
vt 0.3815 -1.1240 0.0000
vt 0.0005 0.8846 0.9347
vt 0.2711 0.9076 0.9347
vt 0.2711 0.8846 0.9347
vt 0.2711 0.9076 0.9347
vt 0.0005 0.8846 0.9347
vt 0.0005 0.9076 0.9347
vt 0.3815 0.3100 -0.0500
vt 0.4094 0.3100 0.0000
vt 0.4094 0.3100 -0.0500
vt 0.4094 0.3100 0.0000
vt 0.3815 0.3100 -0.0500
vt 0.3815 0.3100 0.0000
vt 0.2711 0.8846 0.9347
vt 0.3421 0.9076 0.9454
vt 0.3421 0.8846 0.9454
vt 0.3421 0.9076 0.9454
vt 0.2711 0.8846 0.9347
vt 0.2711 0.9076 0.9347
vt 0.3421 0.8846 0.9454
vt 0.4574 0.9076 0.9627
vt 0.4574 0.8846 0.9627
vt 0.4574 0.9076 0.9627
vt 0.3421 0.8846 0.9454
vt 0.3421 0.9076 0.9454
vt 0.8909 0.8846 0.9965
vt 0.9995 0.9076 0.9995
vt 0.9995 0.8846 0.9995
vt 0.9995 0.9076 0.9995
vt 0.8909 0.8846 0.9965
vt 0.8909 0.9076 0.9965
vt 0.7632 0.8846 0.9911
vt 0.8909 0.9076 0.9965
vt 0.8909 0.8846 0.9965
vt 0.8909 0.9076 0.9965
vt 0.7632 0.8846 0.9911
vt 0.7632 0.9076 0.9911
vt 0.6100 0.8846 0.9800
vt 0.7632 0.9076 0.9911
vt 0.7632 0.8846 0.9911
vt 0.7632 0.9076 0.9911
vt 0.6100 0.8846 0.9800
vt 0.6100 0.9076 0.9800
vt 0.4574 0.8846 0.9627
vt 0.6100 0.9076 0.9800
vt 0.6100 0.8846 0.9800
vt 0.6100 0.9076 0.9800
vt 0.4574 0.8846 0.9627
vt 0.4574 0.9076 0.9627
vt 0.3815 0.3100 -0.0500
vt 0.3815 0.3100 -1.9733
vt 0.3815 -0.2339 -0.0500
vt 0.0005 0.0005 0.9347
vt 0.2711 0.8846 0.9347
vt 0.2711 0.0005 0.9347
vt 0.2711 0.8846 0.9347
vt 0.0005 0.0005 0.9347
vt 0.0005 0.8846 0.9347
vt 0.3815 0.3100 -1.9733
vt 0.4094 0.3100 -0.0500
vt 0.4094 0.3100 -1.9733
vt 0.4094 0.3100 -0.0500
vt 0.3815 0.3100 -1.9733
vt 0.3815 0.3100 -0.0500
vt 0.2711 0.0005 0.9347
vt 0.3421 0.8846 0.9454
vt 0.3421 0.0005 0.9454
vt 0.3421 0.8846 0.9454
vt 0.2711 0.0005 0.9347
vt 0.2711 0.8846 0.9347
vt 0.3421 0.0005 0.9454
vt 0.4574 0.8846 0.9627
vt 0.4574 0.0005 0.9627
vt 0.4574 0.8846 0.9627
vt 0.3421 0.0005 0.9454
vt 0.3421 0.8846 0.9454
vt 0.8909 0.0005 0.9965
vt 0.9995 0.8846 0.9995
vt 0.9995 0.0005 0.9995
vt 0.9995 0.8846 0.9995
vt 0.8909 0.0005 0.9965
vt 0.8909 0.8846 0.9965
vt 0.7632 0.0005 0.9911
vt 0.8909 0.8846 0.9965
vt 0.8909 0.0005 0.9965
vt 0.8909 0.8846 0.9965
vt 0.7632 0.0005 0.9911
vt 0.7632 0.8846 0.9911
vt 0.6100 0.0005 0.9800
vt 0.7632 0.8846 0.9911
vt 0.7632 0.0005 0.9911
vt 0.7632 0.8846 0.9911
vt 0.6100 0.0005 0.9800
vt 0.6100 0.8846 0.9800
vt 0.4574 0.0005 0.9627
vt 0.6100 0.8846 0.9800
vt 0.6100 0.0005 0.9800
vt 0.6100 0.8846 0.9800
vt 0.4574 0.0005 0.9627
vt 0.4574 0.8846 0.9627
vt 0.3815 0.3100 -1.9733
vt 0.3815 -0.8278 -0.0500
vt 0.3815 -0.2339 -0.0500
vt 0.0005 0.0766 0.0005
vt 0.5411 0.0766 0.0005
vt 0.5411 0.7672 0.0005
vt 0.0005 0.8296 0.0005
vt 0.0005 0.0766 0.0005
vt 0.5411 0.7672 0.0005
vt 0.0005 0.8296 0.0005
vt 0.5411 0.7672 0.0005
vt 0.4415 0.7895 0.0005
vt 0.0005 0.8296 0.0005
vt 0.4415 0.7895 0.0005
vt 0.3630 0.8042 0.0005
vt 0.0005 0.8296 0.0005
vt 0.3630 0.8042 0.0005
vt 0.2681 0.8167 0.0005
vt 0.0005 0.8296 0.0005
vt 0.2681 0.8167 0.0005
vt 0.1677 0.8252 0.0005
vt 0.0005 0.8296 0.0005
vt 0.1677 0.8252 0.0005
vt 0.0787 0.8296 0.0005
vt 0.0005 0.0766 0.0005
vt 0.5411 0.7672 0.0005
vt 0.5411 0.0766 0.0005
vt 0.0005 0.8296 0.0005
vt 0.5411 0.7672 0.0005
vt 0.0005 0.0766 0.0005
vt 0.0005 0.8296 0.0005
vt 0.4415 0.7895 0.0005
vt 0.5411 0.7672 0.0005
vt 0.0005 0.8296 0.0005
vt 0.3630 0.8042 0.0005
vt 0.4415 0.7895 0.0005
vt 0.0005 0.8296 0.0005
vt 0.2681 0.8167 0.0005
vt 0.3630 0.8042 0.0005
vt 0.0005 0.8296 0.0005
vt 0.1677 0.8252 0.0005
vt 0.2681 0.8167 0.0005
vt 0.0005 0.8296 0.0005
vt 0.0787 0.8296 0.0005
vt 0.1677 0.8252 0.0005
vt 0.0897 0.8868 0.9995
vt 0.0005 0.8896 0.9995
vt 0.0005 0.8296 0.9995
vt 0.0897 0.8868 0.9995
vt 0.0005 0.8296 0.9995
vt 0.0787 0.8296 0.9995
vt 0.1858 0.8821 0.9995
vt 0.0897 0.8868 0.9995
vt 0.0787 0.8296 0.9995
vt 0.1858 0.8821 0.9995
vt 0.0787 0.8296 0.9995
vt 0.1677 0.8252 0.9995
vt 0.2969 0.8727 0.9995
vt 0.1858 0.8821 0.9995
vt 0.1677 0.8252 0.9995
vt 0.2969 0.8727 0.9995
vt 0.1677 0.8252 0.9995
vt 0.2681 0.8167 0.9995
vt 0.4042 0.8586 0.9995
vt 0.2969 0.8727 0.9995
vt 0.2681 0.8167 0.9995
vt 0.4042 0.8586 0.9995
vt 0.2681 0.8167 0.9995
vt 0.3630 0.8042 0.9995
vt 0.4928 0.8420 0.9995
vt 0.4042 0.8586 0.9995
vt 0.3630 0.8042 0.9995
vt 0.4928 0.8420 0.9995
vt 0.3630 0.8042 0.9995
vt 0.4415 0.7895 0.9995
vt 0.5722 0.8242 0.9995
vt 0.4928 0.8420 0.9995
vt 0.4415 0.7895 0.9995
vt 0.5722 0.8242 0.9995
vt 0.4415 0.7895 0.9995
vt 0.5411 0.7672 0.9995
vt 0.7459 0.5117 0.9995
vt 0.7459 0.8242 0.9995
vt 0.5722 0.8242 0.9995
vt 0.7459 0.5117 0.9995
vt 0.5722 0.8242 0.9995
vt 0.5411 0.7672 0.9995
vt 0.7459 0.5117 0.9995
vt 0.5411 0.7672 0.9995
vt 0.5411 0.1224 0.9995
vt 0.8094 0.4924 0.9995
vt 0.7459 0.5117 0.9995
vt 0.5411 0.1224 0.9995
vt 0.8094 0.3712 0.9995
vt 0.8094 0.4924 0.9995
vt 0.5411 0.1224 0.9995
vt 0.5411 0.1224 0.9995
vt 0.0005 0.1224 0.9995
vt 0.0005 0.0004 0.9995
vt 0.5411 0.1224 0.9995
vt 0.0005 0.0004 0.9995
vt 0.7459 0.0004 0.9995
vt 0.5411 0.1224 0.9995
vt 0.7459 0.0004 0.9995
vt 0.7459 0.1705 0.9995
vt 0.8094 0.3712 0.9995
vt 0.5411 0.1224 0.9995
vt 0.7459 0.1705 0.9995
vt 0.8094 0.3712 0.9995
vt 0.7459 0.1705 0.9995
vt 0.8965 0.1842 0.9995
vt 0.8094 0.3712 0.9995
vt 0.8965 0.1842 0.9995
vt 0.9759 0.2203 0.9995
vt 0.8094 0.3712 0.9995
vt 0.9759 0.2203 0.9995
vt 0.9995 0.2709 0.9995
vt 0.8094 0.3712 0.9995
vt 0.9995 0.2709 0.9995
vt 0.9759 0.3215 0.9995
vt 0.8094 0.3712 0.9995
vt 0.9759 0.3215 0.9995
vt 0.8965 0.3575 0.9995
vt 0.0897 0.8868 0.9995
vt 0.0005 0.8296 0.9995
vt 0.0005 0.8896 0.9995
vt 0.0897 0.8868 0.9995
vt 0.0787 0.8296 0.9995
vt 0.0005 0.8296 0.9995
vt 0.1858 0.8821 0.9995
vt 0.0787 0.8296 0.9995
vt 0.0897 0.8868 0.9995
vt 0.1858 0.8821 0.9995
vt 0.1677 0.8252 0.9995
vt 0.0787 0.8296 0.9995
vt 0.2969 0.8727 0.9995
vt 0.1677 0.8252 0.9995
vt 0.1858 0.8821 0.9995
vt 0.2969 0.8727 0.9995
vt 0.2681 0.8167 0.9995
vt 0.1677 0.8252 0.9995
vt 0.4042 0.8586 0.9995
vt 0.2681 0.8167 0.9995
vt 0.2969 0.8727 0.9995
vt 0.4042 0.8586 0.9995
vt 0.3630 0.8042 0.9995
vt 0.2681 0.8167 0.9995
vt 0.4928 0.8420 0.9995
vt 0.3630 0.8042 0.9995
vt 0.4042 0.8586 0.9995
vt 0.4928 0.8420 0.9995
vt 0.4415 0.7895 0.9995
vt 0.3630 0.8042 0.9995
vt 0.5722 0.8242 0.9995
vt 0.4415 0.7895 0.9995
vt 0.4928 0.8420 0.9995
vt 0.5722 0.8242 0.9995
vt 0.5411 0.7672 0.9995
vt 0.4415 0.7895 0.9995
vt 0.7459 0.5117 0.9995
vt 0.5722 0.8242 0.9995
vt 0.7459 0.8242 0.9995
vt 0.7459 0.5117 0.9995
vt 0.5411 0.7672 0.9995
vt 0.5722 0.8242 0.9995
vt 0.7459 0.5117 0.9995
vt 0.5411 0.1224 0.9995
vt 0.5411 0.7672 0.9995
vt 0.8094 0.4924 0.9995
vt 0.5411 0.1224 0.9995
vt 0.7459 0.5117 0.9995
vt 0.8094 0.3712 0.9995
vt 0.5411 0.1224 0.9995
vt 0.8094 0.4924 0.9995
vt 0.5411 0.1224 0.9995
vt 0.0005 0.0004 0.9995
vt 0.0005 0.1224 0.9995
vt 0.5411 0.1224 0.9995
vt 0.7459 0.0004 0.9995
vt 0.0005 0.0004 0.9995
vt 0.5411 0.1224 0.9995
vt 0.7459 0.1705 0.9995
vt 0.7459 0.0004 0.9995
vt 0.8094 0.3712 0.9995
vt 0.7459 0.1705 0.9995
vt 0.5411 0.1224 0.9995
vt 0.8094 0.3712 0.9995
vt 0.8965 0.1842 0.9995
vt 0.7459 0.1705 0.9995
vt 0.8094 0.3712 0.9995
vt 0.9759 0.2203 0.9995
vt 0.8965 0.1842 0.9995
vt 0.8094 0.3712 0.9995
vt 0.9995 0.2709 0.9995
vt 0.9759 0.2203 0.9995
vt 0.8094 0.3712 0.9995
vt 0.9759 0.3215 0.9995
vt 0.9995 0.2709 0.9995
vt 0.8094 0.3712 0.9995
vt 0.8965 0.3575 0.9995
vt 0.9759 0.3215 0.9995
vt 0.9995 0.9995 0.0005
vt 0.0005 0.9995 0.0014
vt 0.0005 0.0005 0.9995
vt 0.0005 0.0005 0.9995
vt 0.9995 0.0005 0.9986
vt 0.9995 0.9995 0.0005
vt -1.2205 1.9540 0.5529
vt -0.1115 -0.0239 0.5529
vt -0.1115 1.7084 0.5529
vt 2.2205 1.9540 0.5529
vt -1.2205 1.9540 0.5529
vt -0.1115 1.7084 0.5529
vt 2.2205 1.9540 0.5529
vt -0.1115 1.7084 0.5529
vt 1.1644 1.7084 0.5524
vt -0.1115 -0.0239 0.5529
vt -1.2205 1.9540 0.5529
vt -1.2205 -0.8090 0.5527
vt -0.1115 -0.0239 0.5529
vt -1.2205 -0.8090 0.5527
vt 2.2205 -0.8090 0.5529
vt 1.1644 -0.0239 0.5524
vt -0.1115 -0.0239 0.5529
vt 2.2205 -0.8090 0.5529
vt 1.1644 -0.0239 0.5524
vt 2.2205 -0.8090 0.5529
vt 2.2205 1.9540 0.5529
vt 1.1644 1.7084 0.5524
vt 1.1644 -0.0239 0.5524
vt 2.2205 1.9540 0.5529
vt -1.2205 -0.8540 0.9993
vt 2.2205 -0.8540 0.9995
vt 2.2205 -0.8090 0.5529
vt 2.2205 -0.8090 0.5529
vt -1.2205 -0.8090 0.5527
vt -1.2205 -0.8540 0.9993
vt -1.2205 -0.9540 0.9993
vt 2.2205 -0.9540 0.9995
vt 2.2205 -0.8540 0.9995
vt 2.2205 -0.8540 0.9995
vt -1.2205 -0.8540 0.9993
vt -1.2205 -0.9540 0.9993
vt -1.2205 -0.9540 0.6555
vt 2.2205 -0.9540 0.6557
vt 2.2205 -0.9540 0.9995
vt 2.2205 -0.9540 0.9995
vt -1.2205 -0.9540 0.9993
vt -1.2205 -0.9540 0.6555
vt -0.1115 -0.0083 0.0010
vt -0.1115 1.7084 0.0010
vt -0.1115 1.7084 0.5529
vt -0.1115 1.7084 0.5529
vt -0.1115 -0.0239 0.5529
vt -0.1115 -0.0083 0.0010
vt -0.1115 1.7084 0.0010
vt 1.1644 1.7084 0.0005
vt 1.1644 1.7084 0.5524
vt 1.1644 1.7084 0.5524
vt -0.1115 1.7084 0.5529
vt -0.1115 1.7084 0.0010
vt 1.1644 1.7084 0.0005
vt 1.1644 -0.0083 0.0005
vt 1.1644 -0.0239 0.5524
vt 1.1644 -0.0239 0.5524
vt 1.1644 1.7084 0.5524
vt 1.1644 1.7084 0.0005
vt 0.0005 0.9995 0.9988
vt 0.0005 0.0005 0.9995
vt 0.9995 0.0005 0.0006
vt 0.9995 0.0005 0.0006
vt 0.9995 0.9995 0.0005
vt 0.0005 0.9995 0.9988
vt 1.1736 0.4603 0.0005
vt -0.1736 0.4603 0.0006
vt -0.1736 0.3426 0.9995
vt -0.1736 0.3426 0.9995
vt 1.1736 0.3426 0.9994
vt 1.1736 0.4603 0.0005
vt -0.1736 0.3426 0.9995
vt -0.1736 0.4603 0.0006
vt -0.1736 0.6574 0.0006
vt 1.1736 0.3426 0.9994
vt 1.1736 0.6574 0.0005
vt 1.1736 0.4603 0.0005
vt 0.6897 0.0076 0.0006
vt 0.6897 0.4424 0.9995
vt 0.0003 0.4424 0.9993
vt 0.0003 0.0076 0.0005
vt 0.6897 0.0076 0.0006
vt 0.0003 0.4424 0.9993
vt 0.0000 0.0000 0.0000
vt 0.0000 0.0000 41738587290283803000.0000
vt 0.0000 0.0000 448711876411392.0000
vt 0.0000 0.0000 448711876411392.0000
vt 0.0000 17509996450728116000.0000 13.7637
vt 0.0000 0.0000 0.0000
vt 0.9031 0.0005 0.9995
vt 0.9995 0.6381 0.9995
vt 0.7289 0.6381 0.9995
vt 0.8625 0.0005 0.9995
vt 0.9031 0.0005 0.9995
vt 0.7289 0.6381 0.9995
vt 0.6616 0.0005 0.9995
vt 0.8625 0.0005 0.9995
vt 0.7289 0.6381 0.9995
vt 0.5698 0.0000 0.9995
vt 0.6616 0.0005 0.9995
vt 0.7289 0.6381 0.9995
vt 0.5698 0.0000 0.9995
vt 0.7289 0.6381 0.9995
vt 0.6579 0.6385 0.9995
vt 0.4673 0.0000 0.9995
vt 0.5698 0.0000 0.9995
vt 0.6579 0.6385 0.9995
vt 0.4673 0.0000 0.9995
vt 0.6579 0.6385 0.9995
vt 0.5426 0.6385 0.9995
vt 0.1091 0.6385 0.9995
vt 0.0005 0.6385 0.9995
vt 0.0005 0.0000 0.9995
vt 0.1091 0.6385 0.9995
vt 0.0005 0.0000 0.9995
vt 0.1036 0.0000 0.9995
vt 0.2368 0.6385 0.9995
vt 0.1091 0.6385 0.9995
vt 0.1036 0.0000 0.9995
vt 0.2368 0.6385 0.9995
vt 0.1036 0.0000 0.9995
vt 0.2148 0.0000 0.9995
vt 0.3900 0.6385 0.9995
vt 0.2368 0.6385 0.9995
vt 0.2148 0.0000 0.9995
vt 0.3900 0.6385 0.9995
vt 0.2148 0.0000 0.9995
vt 0.3433 0.0000 0.9995
vt 0.5426 0.6385 0.9995
vt 0.3900 0.6385 0.9995
vt 0.3433 0.0000 0.9995
vt 0.4673 0.0000 0.9995
vt 0.5426 0.6385 0.9995
vt 0.3433 0.0000 0.9995
vt 0.9031 0.0005 0.9076
vt 0.9995 0.6381 0.9076
vt 0.9995 0.6381 0.9995
vt 0.9995 0.6381 0.9995
vt 0.9031 0.0005 0.9995
vt 0.9031 0.0005 0.9076
vt 0.9031 0.0005 0.8846
vt 0.9995 0.6381 0.8846
vt 0.9995 0.6381 0.9076
vt 0.9995 0.6381 0.9076
vt 0.9031 0.0005 0.9076
vt 0.9031 0.0005 0.8846
vt 0.9031 0.0005 0.0005
vt 0.9995 0.6381 0.0005
vt 0.9995 0.6381 0.8846
vt 0.9995 0.6381 0.8846
vt 0.9031 0.0005 0.8846
vt 0.9031 0.0005 0.0005
vt 0.0005 0.0766 0.9995
vt 0.5411 0.0766 0.9995
vt 0.5411 0.0766 0.0005
vt 0.5411 0.0766 0.0005
vt 0.0005 0.0766 0.0005
vt 0.0005 0.0766 0.9995
vt 0.5411 0.0766 0.9995
vt 0.5411 0.7672 0.9995
vt 0.5411 0.7672 0.0005
vt 0.5411 0.7672 0.0005
vt 0.5411 0.0766 0.0005
vt 0.5411 0.0766 0.9995
vt 0.5411 0.7672 0.9995
vt 0.4415 0.7895 0.9995
vt 0.4415 0.7895 0.0005
vt 0.4415 0.7895 0.0005
vt 0.5411 0.7672 0.0005
vt 0.5411 0.7672 0.9995
vt 0.4415 0.7895 0.9995
vt 0.3630 0.8042 0.9995
vt 0.3630 0.8042 0.0005
vt 0.3630 0.8042 0.0005
vt 0.4415 0.7895 0.0005
vt 0.4415 0.7895 0.9995
vt 0.3630 0.8042 0.9995
vt 0.2681 0.8167 0.9995
vt 0.2681 0.8167 0.0005
vt 0.2681 0.8167 0.0005
vt 0.3630 0.8042 0.0005
vt 0.3630 0.8042 0.9995
vt 0.2681 0.8167 0.9995
vt 0.1677 0.8252 0.9995
vt 0.1677 0.8252 0.0005
vt 0.1677 0.8252 0.0005
vt 0.2681 0.8167 0.0005
vt 0.2681 0.8167 0.9995
vt 0.1677 0.8252 0.9995
vt 0.0787 0.8296 0.9995
vt 0.0787 0.8296 0.0005
vt 0.0787 0.8296 0.0005
vt 0.1677 0.8252 0.0005
vt 0.1677 0.8252 0.9995
vt 0.0787 0.8296 0.9995
vt 0.0005 0.8296 0.9995
vt 0.0005 0.8296 0.0005
vt 0.0005 0.8296 0.0005
vt 0.0787 0.8296 0.0005
vt 0.0787 0.8296 0.9995
vt 0.8094 0.4924 0.0011
vt 0.7459 0.5117 0.0011
vt 0.7459 0.5117 0.9995
vt 0.7459 0.5117 0.9995
vt 0.8094 0.4924 0.9995
vt 0.8094 0.4924 0.0011
vt 0.8094 0.3712 0.0011
vt 0.8094 0.4924 0.0011
vt 0.8094 0.4924 0.9995
vt 0.8094 0.4924 0.9995
vt 0.8094 0.3712 0.9995
vt 0.8094 0.3712 0.0011
vt 0.0005 0.0004 0.0011
vt 0.7459 0.0004 0.0011
vt 0.7459 0.0004 0.9995
vt 0.7459 0.0004 0.9995
vt 0.0005 0.0004 0.9995
vt 0.0005 0.0004 0.0011
vt 0.7459 0.1705 0.0011
vt 0.8965 0.1842 0.0011
vt 0.8965 0.1842 0.9995
vt 0.8965 0.1842 0.9995
vt 0.7459 0.1705 0.9995
vt 0.7459 0.1705 0.0011
vt 0.8965 0.1842 0.0011
vt 0.9759 0.2203 0.0011
vt 0.9759 0.2203 0.9995
vt 0.9759 0.2203 0.9995
vt 0.8965 0.1842 0.9995
vt 0.8965 0.1842 0.0011
vt 0.9759 0.2203 0.0011
vt 0.9995 0.2709 0.0011
vt 0.9995 0.2709 0.9995
vt 0.9995 0.2709 0.9995
vt 0.9759 0.2203 0.9995
vt 0.9759 0.2203 0.0011
vt 0.9995 0.2709 0.0011
vt 0.9759 0.3215 0.0011
vt 0.9759 0.3215 0.9995
vt 0.9759 0.3215 0.9995
vt 0.9995 0.2709 0.9995
vt 0.9995 0.2709 0.0011
vt 0.9759 0.3215 0.0011
vt 0.8965 0.3575 0.0011
vt 0.8965 0.3575 0.9995
vt 0.8965 0.3575 0.9995
vt 0.9759 0.3215 0.9995
vt 0.9759 0.3215 0.0011
vt 0.8965 0.3575 0.0011
vt 0.8094 0.3712 0.0011
vt 0.8094 0.3712 0.9995
vt 0.8094 0.3712 0.9995
vt 0.8965 0.3575 0.9995
vt 0.8965 0.3575 0.0011
vt 0.8094 0.3712 0.0011
vt 0.8965 0.3575 0.0011
vt 0.9759 0.3215 0.0011
vt 0.8094 0.3712 0.0011
vt 0.9759 0.3215 0.0011
vt 0.9995 0.2709 0.0011
vt 0.8094 0.3712 0.0011
vt 0.9995 0.2709 0.0011
vt 0.9759 0.2203 0.0011
vt 0.8094 0.3712 0.0011
vt 0.9759 0.2203 0.0011
vt 0.8965 0.1842 0.0011
vt 0.8094 0.3712 0.0011
vt 0.8965 0.1842 0.0011
vt 0.7459 0.1705 0.0011
vt 0.7459 0.5117 0.0011
vt 0.8094 0.4924 0.0011
vt 0.8094 0.3712 0.0011
vt 0.7459 0.5117 0.0011
vt 0.8094 0.3712 0.0011
vt 0.7459 0.1705 0.0011
vt 0.0005 0.9076 0.9347
vt 0.2711 0.9076 0.9347
vt 0.2711 0.9995 0.9347
vt 0.2711 0.9995 0.9347
vt 0.0005 0.9995 0.9347
vt 0.0005 0.9076 0.9347
vt 0.3815 0.3100 0.0000
vt 0.4094 0.3100 0.0000
vt 0.4094 0.3100 0.2000
vt 0.4094 0.3100 0.2000
vt 0.3815 0.3100 0.2000
vt 0.3815 0.3100 0.0000
vt 0.2431 0.3100 0.0000
vt 0.3815 0.3100 0.0000
vt 0.3815 0.3100 0.2000
vt 0.3815 0.3100 0.2000
vt 0.2431 0.3100 0.2000
vt 0.2431 0.3100 0.0000
vt 0.1799 0.3409 0.0000
vt 0.2431 0.3100 0.0000
vt 0.2431 0.3100 0.2000
vt 0.2431 0.3100 0.2000
vt 0.1799 0.3409 0.2000
vt 0.1799 0.3409 0.0000
vt 0.2711 0.9076 0.9347
vt 0.3421 0.9076 0.9454
vt 0.3421 0.9995 0.9454
vt 0.3421 0.9995 0.9454
vt 0.2711 0.9995 0.9347
vt 0.2711 0.9076 0.9347
vt 0.1093 0.3697 0.0000
vt 0.1799 0.3409 0.0000
vt 0.1799 0.3409 0.2000
vt 0.1799 0.3409 0.2000
vt 0.1093 0.3697 0.2000
vt 0.1093 0.3697 0.0000
vt 0.3421 0.9076 0.9454
vt 0.4574 0.9076 0.9627
vt 0.4574 0.9995 0.9627
vt 0.4574 0.9995 0.9627
vt 0.3421 0.9995 0.9454
vt 0.3421 0.9076 0.9454
vt 0.8909 0.9076 0.9965
vt 0.9995 0.9076 0.9995
vt 0.9995 0.9995 0.9995
vt 0.9995 0.9995 0.9995
vt 0.8909 0.9995 0.9965
vt 0.8909 0.9076 0.9965
vt -0.2122 0.4238 0.0000
vt -0.1412 0.4189 0.0000
vt -0.1412 0.4189 0.2000
vt -0.1412 0.4189 0.2000
vt -0.2122 0.4238 0.2000
vt -0.2122 0.4238 0.0000
vt 0.7632 0.9076 0.9911
vt 0.8909 0.9076 0.9965
vt 0.8909 0.9995 0.9965
vt 0.8909 0.9995 0.9965
vt 0.7632 0.9995 0.9911
vt 0.7632 0.9076 0.9911
vt -0.1412 0.4189 0.0000
vt -0.0646 0.4107 0.0000
vt -0.0646 0.4107 0.2000
vt -0.0646 0.4107 0.2000
vt -0.1412 0.4189 0.2000
vt -0.1412 0.4189 0.0000
vt 0.6100 0.9076 0.9800
vt 0.7632 0.9076 0.9911
vt 0.7632 0.9995 0.9911
vt 0.7632 0.9995 0.9911
vt 0.6100 0.9995 0.9800
vt 0.6100 0.9076 0.9800
vt -0.0646 0.4107 0.0000
vt 0.0239 0.3943 0.0000
vt 0.0239 0.3943 0.2000
vt 0.0239 0.3943 0.2000
vt -0.0646 0.4107 0.2000
vt -0.0646 0.4107 0.0000
vt 0.4574 0.9076 0.9627
vt 0.6100 0.9076 0.9800
vt 0.6100 0.9995 0.9800
vt 0.6100 0.9995 0.9800
vt 0.4574 0.9995 0.9627
vt 0.4574 0.9076 0.9627
vt 0.0239 0.3943 0.0000
vt 0.1093 0.3697 0.0000
vt 0.1093 0.3697 0.2000
vt 0.1093 0.3697 0.2000
vt 0.0239 0.3943 0.2000
vt 0.0239 0.3943 0.0000
vt 0.3815 -0.2339 -0.0500
vt 0.3815 0.3100 -0.0500
vt 0.3815 0.3100 0.0000
vt 0.3815 0.3100 0.0000
vt 0.3815 -0.2339 0.0000
vt 0.3815 -0.2339 -0.0500
vt 0.3815 -1.1240 -0.0500
vt 0.3815 -0.8278 -0.0500
vt 0.3815 -0.8278 0.0000
vt 0.3815 -0.8278 0.0000
vt 0.3815 -1.1240 0.0000
vt 0.3815 -1.1240 -0.0500
vt 0.0005 0.8846 0.9347
vt 0.2711 0.8846 0.9347
vt 0.2711 0.9076 0.9347
vt 0.2711 0.9076 0.9347
vt 0.0005 0.9076 0.9347
vt 0.0005 0.8846 0.9347
vt 0.3815 0.3100 -0.0500
vt 0.4094 0.3100 -0.0500
vt 0.4094 0.3100 0.0000
vt 0.4094 0.3100 0.0000
vt 0.3815 0.3100 0.0000
vt 0.3815 0.3100 -0.0500
vt 0.2711 0.8846 0.9347
vt 0.3421 0.8846 0.9454
vt 0.3421 0.9076 0.9454
vt 0.3421 0.9076 0.9454
vt 0.2711 0.9076 0.9347
vt 0.2711 0.8846 0.9347
vt 0.3421 0.8846 0.9454
vt 0.4574 0.8846 0.9627
vt 0.4574 0.9076 0.9627
vt 0.4574 0.9076 0.9627
vt 0.3421 0.9076 0.9454
vt 0.3421 0.8846 0.9454
vt 0.8909 0.8846 0.9965
vt 0.9995 0.8846 0.9995
vt 0.9995 0.9076 0.9995
vt 0.9995 0.9076 0.9995
vt 0.8909 0.9076 0.9965
vt 0.8909 0.8846 0.9965
vt 0.7632 0.8846 0.9911
vt 0.8909 0.8846 0.9965
vt 0.8909 0.9076 0.9965
vt 0.8909 0.9076 0.9965
vt 0.7632 0.9076 0.9911
vt 0.7632 0.8846 0.9911
vt 0.6100 0.8846 0.9800
vt 0.7632 0.8846 0.9911
vt 0.7632 0.9076 0.9911
vt 0.7632 0.9076 0.9911
vt 0.6100 0.9076 0.9800
vt 0.6100 0.8846 0.9800
vt 0.4574 0.8846 0.9627
vt 0.6100 0.8846 0.9800
vt 0.6100 0.9076 0.9800
vt 0.6100 0.9076 0.9800
vt 0.4574 0.9076 0.9627
vt 0.4574 0.8846 0.9627
vt 0.3815 0.3100 -0.0500
vt 0.3815 -0.2339 -0.0500
vt 0.3815 0.3100 -1.9733
vt 0.0005 0.0005 0.9347
vt 0.2711 0.0005 0.9347
vt 0.2711 0.8846 0.9347
vt 0.2711 0.8846 0.9347
vt 0.0005 0.8846 0.9347
vt 0.0005 0.0005 0.9347
vt 0.3815 0.3100 -1.9733
vt 0.4094 0.3100 -1.9733
vt 0.4094 0.3100 -0.0500
vt 0.4094 0.3100 -0.0500
vt 0.3815 0.3100 -0.0500
vt 0.3815 0.3100 -1.9733
vt 0.2711 0.0005 0.9347
vt 0.3421 0.0005 0.9454
vt 0.3421 0.8846 0.9454
vt 0.3421 0.8846 0.9454
vt 0.2711 0.8846 0.9347
vt 0.2711 0.0005 0.9347
vt 0.3421 0.0005 0.9454
vt 0.4574 0.0005 0.9627
vt 0.4574 0.8846 0.9627
vt 0.4574 0.8846 0.9627
vt 0.3421 0.8846 0.9454
vt 0.3421 0.0005 0.9454
vt 0.8909 0.0005 0.9965
vt 0.9995 0.0005 0.9995
vt 0.9995 0.8846 0.9995
vt 0.9995 0.8846 0.9995
vt 0.8909 0.8846 0.9965
vt 0.8909 0.0005 0.9965
vt 0.7632 0.0005 0.9911
vt 0.8909 0.0005 0.9965
vt 0.8909 0.8846 0.9965
vt 0.8909 0.8846 0.9965
vt 0.7632 0.8846 0.9911
vt 0.7632 0.0005 0.9911
vt 0.6100 0.0005 0.9800
vt 0.7632 0.0005 0.9911
vt 0.7632 0.8846 0.9911
vt 0.7632 0.8846 0.9911
vt 0.6100 0.8846 0.9800
vt 0.6100 0.0005 0.9800
vt 0.4574 0.0005 0.9627
vt 0.6100 0.0005 0.9800
vt 0.6100 0.8846 0.9800
vt 0.6100 0.8846 0.9800
vt 0.4574 0.8846 0.9627
vt 0.4574 0.0005 0.9627
vt 0.3815 0.3100 -1.9733
vt 0.3815 -0.2339 -0.0500
vt 0.3815 -0.8278 -0.0500
vt 0.9031 0.0005 0.9995
vt 0.7289 0.6381 0.9995
vt 0.9995 0.6381 0.9995
vt 0.8625 0.0005 0.9995
vt 0.7289 0.6381 0.9995
vt 0.9031 0.0005 0.9995
vt 0.6616 0.0005 0.9995
vt 0.7289 0.6381 0.9995
vt 0.8625 0.0005 0.9995
vt 0.5698 0.0000 0.9995
vt 0.7289 0.6381 0.9995
vt 0.6616 0.0005 0.9995
vt 0.5698 0.0000 0.9995
vt 0.6579 0.6385 0.9995
vt 0.7289 0.6381 0.9995
vt 0.4673 0.0000 0.9995
vt 0.6579 0.6385 0.9995
vt 0.5698 0.0000 0.9995
vt 0.4673 0.0000 0.9995
vt 0.5426 0.6385 0.9995
vt 0.6579 0.6385 0.9995
vt 0.1091 0.6385 0.9995
vt 0.0005 0.0000 0.9995
vt 0.0005 0.6385 0.9995
vt 0.1091 0.6385 0.9995
vt 0.1036 0.0000 0.9995
vt 0.0005 0.0000 0.9995
vt 0.2368 0.6385 0.9995
vt 0.1036 0.0000 0.9995
vt 0.1091 0.6385 0.9995
vt 0.2368 0.6385 0.9995
vt 0.2148 0.0000 0.9995
vt 0.1036 0.0000 0.9995
vt 0.3900 0.6385 0.9995
vt 0.2148 0.0000 0.9995
vt 0.2368 0.6385 0.9995
vt 0.3900 0.6385 0.9995
vt 0.3433 0.0000 0.9995
vt 0.2148 0.0000 0.9995
vt 0.5426 0.6385 0.9995
vt 0.3433 0.0000 0.9995
vt 0.3900 0.6385 0.9995
vt 0.4673 0.0000 0.9995
vt 0.3433 0.0000 0.9995
vt 0.5426 0.6385 0.9995
vt 0.9031 0.0005 0.9076
vt 0.9995 0.6381 0.9995
vt 0.9995 0.6381 0.9076
vt 0.9995 0.6381 0.9995
vt 0.9031 0.0005 0.9076
vt 0.9031 0.0005 0.9995
vt 0.9031 0.0005 0.8846
vt 0.9995 0.6381 0.9076
vt 0.9995 0.6381 0.8846
vt 0.9995 0.6381 0.9076
vt 0.9031 0.0005 0.8846
vt 0.9031 0.0005 0.9076
vt 0.9031 0.0005 0.0005
vt 0.9995 0.6381 0.8846
vt 0.9995 0.6381 0.0005
vt 0.9995 0.6381 0.8846
vt 0.9031 0.0005 0.0005
vt 0.9031 0.0005 0.8846
vt 0.0005 0.0766 0.9995
vt 0.5411 0.0766 0.0005
vt 0.5411 0.0766 0.9995
vt 0.5411 0.0766 0.0005
vt 0.0005 0.0766 0.9995
vt 0.0005 0.0766 0.0005
vt 0.5411 0.0766 0.9995
vt 0.5411 0.7672 0.0005
vt 0.5411 0.7672 0.9995
vt 0.5411 0.7672 0.0005
vt 0.5411 0.0766 0.9995
vt 0.5411 0.0766 0.0005
vt 0.5411 0.7672 0.9995
vt 0.4415 0.7895 0.0005
vt 0.4415 0.7895 0.9995
vt 0.4415 0.7895 0.0005
vt 0.5411 0.7672 0.9995
vt 0.5411 0.7672 0.0005
vt 0.4415 0.7895 0.9995
vt 0.3630 0.8042 0.0005
vt 0.3630 0.8042 0.9995
vt 0.3630 0.8042 0.0005
vt 0.4415 0.7895 0.9995
vt 0.4415 0.7895 0.0005
vt 0.3630 0.8042 0.9995
vt 0.2681 0.8167 0.0005
vt 0.2681 0.8167 0.9995
vt 0.2681 0.8167 0.0005
vt 0.3630 0.8042 0.9995
vt 0.3630 0.8042 0.0005
vt 0.2681 0.8167 0.9995
vt 0.1677 0.8252 0.0005
vt 0.1677 0.8252 0.9995
vt 0.1677 0.8252 0.0005
vt 0.2681 0.8167 0.9995
vt 0.2681 0.8167 0.0005
vt 0.1677 0.8252 0.9995
vt 0.0787 0.8296 0.0005
vt 0.0787 0.8296 0.9995
vt 0.0787 0.8296 0.0005
vt 0.1677 0.8252 0.9995
vt 0.1677 0.8252 0.0005
vt 0.0787 0.8296 0.9995
vt 0.0005 0.8296 0.0005
vt 0.0005 0.8296 0.9995
vt 0.0005 0.8296 0.0005
vt 0.0787 0.8296 0.9995
vt 0.0787 0.8296 0.0005
vt 0.8094 0.4924 0.0011
vt 0.7459 0.5117 0.9995
vt 0.7459 0.5117 0.0011
vt 0.7459 0.5117 0.9995
vt 0.8094 0.4924 0.0011
vt 0.8094 0.4924 0.9995
vt 0.8094 0.3712 0.0011
vt 0.8094 0.4924 0.9995
vt 0.8094 0.4924 0.0011
vt 0.8094 0.4924 0.9995
vt 0.8094 0.3712 0.0011
vt 0.8094 0.3712 0.9995
vt 0.0005 0.0004 0.0011
vt 0.7459 0.0004 0.9995
vt 0.7459 0.0004 0.0011
vt 0.7459 0.0004 0.9995
vt 0.0005 0.0004 0.0011
vt 0.0005 0.0004 0.9995
vt 0.7459 0.1705 0.0011
vt 0.8965 0.1842 0.9995
vt 0.8965 0.1842 0.0011
vt 0.8965 0.1842 0.9995
vt 0.7459 0.1705 0.0011
vt 0.7459 0.1705 0.9995
vt 0.8965 0.1842 0.0011
vt 0.9759 0.2203 0.9995
vt 0.9759 0.2203 0.0011
vt 0.9759 0.2203 0.9995
vt 0.8965 0.1842 0.0011
vt 0.8965 0.1842 0.9995
vt 0.9759 0.2203 0.0011
vt 0.9995 0.2709 0.9995
vt 0.9995 0.2709 0.0011
vt 0.9995 0.2709 0.9995
vt 0.9759 0.2203 0.0011
vt 0.9759 0.2203 0.9995
vt 0.9995 0.2709 0.0011
vt 0.9759 0.3215 0.9995
vt 0.9759 0.3215 0.0011
vt 0.9759 0.3215 0.9995
vt 0.9995 0.2709 0.0011
vt 0.9995 0.2709 0.9995
vt 0.9759 0.3215 0.0011
vt 0.8965 0.3575 0.9995
vt 0.8965 0.3575 0.0011
vt 0.8965 0.3575 0.9995
vt 0.9759 0.3215 0.0011
vt 0.9759 0.3215 0.9995
vt 0.8965 0.3575 0.0011
vt 0.8094 0.3712 0.9995
vt 0.8094 0.3712 0.0011
vt 0.8094 0.3712 0.9995
vt 0.8965 0.3575 0.0011
vt 0.8965 0.3575 0.9995
vt 0.8094 0.3712 0.0011
vt 0.9759 0.3215 0.0011
vt 0.8965 0.3575 0.0011
vt 0.8094 0.3712 0.0011
vt 0.9995 0.2709 0.0011
vt 0.9759 0.3215 0.0011
vt 0.8094 0.3712 0.0011
vt 0.9759 0.2203 0.0011
vt 0.9995 0.2709 0.0011
vt 0.8094 0.3712 0.0011
vt 0.8965 0.1842 0.0011
vt 0.9759 0.2203 0.0011
vt 0.8094 0.3712 0.0011
vt 0.7459 0.1705 0.0011
vt 0.8965 0.1842 0.0011
vt 0.7459 0.5117 0.0011
vt 0.8094 0.3712 0.0011
vt 0.8094 0.4924 0.0011
vt 0.7459 0.5117 0.0011
vt 0.7459 0.1705 0.0011
vt 0.8094 0.3712 0.0011
vt 0.0005 0.9076 0.9347
vt 0.2711 0.9995 0.9347
vt 0.2711 0.9076 0.9347
vt 0.2711 0.9995 0.9347
vt 0.0005 0.9076 0.9347
vt 0.0005 0.9995 0.9347
vt 0.3815 0.3100 0.0000
vt 0.4094 0.3100 0.2000
vt 0.4094 0.3100 0.0000
vt 0.4094 0.3100 0.2000
vt 0.3815 0.3100 0.0000
vt 0.3815 0.3100 0.2000
vt 0.2431 0.3100 0.0000
vt 0.3815 0.3100 0.2000
vt 0.3815 0.3100 0.0000
vt 0.3815 0.3100 0.2000
vt 0.2431 0.3100 0.0000
vt 0.2431 0.3100 0.2000
vt 0.1799 0.3409 0.0000
vt 0.2431 0.3100 0.2000
vt 0.2431 0.3100 0.0000
vt 0.2431 0.3100 0.2000
vt 0.1799 0.3409 0.0000
vt 0.1799 0.3409 0.2000
vt 0.2711 0.9076 0.9347
vt 0.3421 0.9995 0.9454
vt 0.3421 0.9076 0.9454
vt 0.3421 0.9995 0.9454
vt 0.2711 0.9076 0.9347
vt 0.2711 0.9995 0.9347
vt 0.1093 0.3697 0.0000
vt 0.1799 0.3409 0.2000
vt 0.1799 0.3409 0.0000
vt 0.1799 0.3409 0.2000
vt 0.1093 0.3697 0.0000
vt 0.1093 0.3697 0.2000
vt 0.3421 0.9076 0.9454
vt 0.4574 0.9995 0.9627
vt 0.4574 0.9076 0.9627
vt 0.4574 0.9995 0.9627
vt 0.3421 0.9076 0.9454
vt 0.3421 0.9995 0.9454
vt 0.8909 0.9076 0.9965
vt 0.9995 0.9995 0.9995
vt 0.9995 0.9076 0.9995
vt 0.9995 0.9995 0.9995
vt 0.8909 0.9076 0.9965
vt 0.8909 0.9995 0.9965
vt -0.2122 0.4238 0.0000
vt -0.1412 0.4189 0.2000
vt -0.1412 0.4189 0.0000
vt -0.1412 0.4189 0.2000
vt -0.2122 0.4238 0.0000
vt -0.2122 0.4238 0.2000
vt 0.7632 0.9076 0.9911
vt 0.8909 0.9995 0.9965
vt 0.8909 0.9076 0.9965
vt 0.8909 0.9995 0.9965
vt 0.7632 0.9076 0.9911
vt 0.7632 0.9995 0.9911
vt -0.1412 0.4189 0.0000
vt -0.0646 0.4107 0.2000
vt -0.0646 0.4107 0.0000
vt -0.0646 0.4107 0.2000
vt -0.1412 0.4189 0.0000
vt -0.1412 0.4189 0.2000
vt 0.6100 0.9076 0.9800
vt 0.7632 0.9995 0.9911
vt 0.7632 0.9076 0.9911
vt 0.7632 0.9995 0.9911
vt 0.6100 0.9076 0.9800
vt 0.6100 0.9995 0.9800
vt -0.0646 0.4107 0.0000
vt 0.0239 0.3943 0.2000
vt 0.0239 0.3943 0.0000
vt 0.0239 0.3943 0.2000
vt -0.0646 0.4107 0.0000
vt -0.0646 0.4107 0.2000
vt 0.4574 0.9076 0.9627
vt 0.6100 0.9995 0.9800
vt 0.6100 0.9076 0.9800
vt 0.6100 0.9995 0.9800
vt 0.4574 0.9076 0.9627
vt 0.4574 0.9995 0.9627
vt 0.0239 0.3943 0.0000
vt 0.1093 0.3697 0.2000
vt 0.1093 0.3697 0.0000
vt 0.1093 0.3697 0.2000
vt 0.0239 0.3943 0.0000
vt 0.0239 0.3943 0.2000
vt 0.3815 -0.2339 -0.0500
vt 0.3815 0.3100 0.0000
vt 0.3815 0.3100 -0.0500
vt 0.3815 0.3100 0.0000
vt 0.3815 -0.2339 -0.0500
vt 0.3815 -0.2339 0.0000
vt 0.3815 -1.1240 -0.0500
vt 0.3815 -0.8278 0.0000
vt 0.3815 -0.8278 -0.0500
vt 0.3815 -0.8278 0.0000
vt 0.3815 -1.1240 -0.0500
vt 0.3815 -1.1240 0.0000
vt 0.0005 0.8846 0.9347
vt 0.2711 0.9076 0.9347
vt 0.2711 0.8846 0.9347
vt 0.2711 0.9076 0.9347
vt 0.0005 0.8846 0.9347
vt 0.0005 0.9076 0.9347
vt 0.3815 0.3100 -0.0500
vt 0.4094 0.3100 0.0000
vt 0.4094 0.3100 -0.0500
vt 0.4094 0.3100 0.0000
vt 0.3815 0.3100 -0.0500
vt 0.3815 0.3100 0.0000
vt 0.2711 0.8846 0.9347
vt 0.3421 0.9076 0.9454
vt 0.3421 0.8846 0.9454
vt 0.3421 0.9076 0.9454
vt 0.2711 0.8846 0.9347
vt 0.2711 0.9076 0.9347
vt 0.3421 0.8846 0.9454
vt 0.4574 0.9076 0.9627
vt 0.4574 0.8846 0.9627
vt 0.4574 0.9076 0.9627
vt 0.3421 0.8846 0.9454
vt 0.3421 0.9076 0.9454
vt 0.8909 0.8846 0.9965
vt 0.9995 0.9076 0.9995
vt 0.9995 0.8846 0.9995
vt 0.9995 0.9076 0.9995
vt 0.8909 0.8846 0.9965
vt 0.8909 0.9076 0.9965
vt 0.7632 0.8846 0.9911
vt 0.8909 0.9076 0.9965
vt 0.8909 0.8846 0.9965
vt 0.8909 0.9076 0.9965
vt 0.7632 0.8846 0.9911
vt 0.7632 0.9076 0.9911
vt 0.6100 0.8846 0.9800
vt 0.7632 0.9076 0.9911
vt 0.7632 0.8846 0.9911
vt 0.7632 0.9076 0.9911
vt 0.6100 0.8846 0.9800
vt 0.6100 0.9076 0.9800
vt 0.4574 0.8846 0.9627
vt 0.6100 0.9076 0.9800
vt 0.6100 0.8846 0.9800
vt 0.6100 0.9076 0.9800
vt 0.4574 0.8846 0.9627
vt 0.4574 0.9076 0.9627
vt 0.3815 0.3100 -0.0500
vt 0.3815 0.3100 -1.9733
vt 0.3815 -0.2339 -0.0500
vt 0.2711 0.8846 0.9347
vt 0.0005 0.0005 0.9347
vt 0.0005 0.8846 0.9347
vt 0.3815 0.3100 -1.9733
vt 0.4094 0.3100 -0.0500
vt 0.4094 0.3100 -1.9733
vt 0.4094 0.3100 -0.0500
vt 0.3815 0.3100 -1.9733
vt 0.3815 0.3100 -0.0500
vt 0.2711 0.0005 0.9347
vt 0.3421 0.8846 0.9454
vt 0.3421 0.0005 0.9454
vt 0.3421 0.8846 0.9454
vt 0.2711 0.0005 0.9347
vt 0.2711 0.8846 0.9347
vt 0.3421 0.0005 0.9454
vt 0.4574 0.8846 0.9627
vt 0.4574 0.0005 0.9627
vt 0.4574 0.8846 0.9627
vt 0.3421 0.0005 0.9454
vt 0.3421 0.8846 0.9454
vt 0.8909 0.0005 0.9965
vt 0.9995 0.8846 0.9995
vt 0.9995 0.0005 0.9995
vt 0.9995 0.8846 0.9995
vt 0.8909 0.0005 0.9965
vt 0.8909 0.8846 0.9965
vt 0.7632 0.0005 0.9911
vt 0.8909 0.8846 0.9965
vt 0.8909 0.0005 0.9965
vt 0.8909 0.8846 0.9965
vt 0.7632 0.0005 0.9911
vt 0.7632 0.8846 0.9911
vt 0.6100 0.0005 0.9800
vt 0.7632 0.8846 0.9911
vt 0.7632 0.0005 0.9911
vt 0.7632 0.8846 0.9911
vt 0.6100 0.0005 0.9800
vt 0.6100 0.8846 0.9800
vt 0.4574 0.0005 0.9627
vt 0.6100 0.8846 0.9800
vt 0.6100 0.0005 0.9800
vt 0.6100 0.8846 0.9800
vt 0.4574 0.0005 0.9627
vt 0.4574 0.8846 0.9627
vt 0.3815 0.3100 -1.9733
vt 0.3815 -0.8278 -0.0500
vt 0.3815 -0.2339 -0.0500
vt 0.0005 0.0766 0.0005
vt 0.5411 0.0766 0.0005
vt 0.5411 0.7672 0.0005
vt 0.0005 0.8296 0.0005
vt 0.0005 0.0766 0.0005
vt 0.5411 0.7672 0.0005
vt 0.0005 0.8296 0.0005
vt 0.5411 0.7672 0.0005
vt 0.4415 0.7895 0.0005
vt 0.0005 0.8296 0.0005
vt 0.4415 0.7895 0.0005
vt 0.3630 0.8042 0.0005
vt 0.0005 0.8296 0.0005
vt 0.3630 0.8042 0.0005
vt 0.2681 0.8167 0.0005
vt 0.0005 0.8296 0.0005
vt 0.2681 0.8167 0.0005
vt 0.1677 0.8252 0.0005
vt 0.0005 0.8296 0.0005
vt 0.1677 0.8252 0.0005
vt 0.0787 0.8296 0.0005
vt 0.0005 0.0766 0.0005
vt 0.5411 0.7672 0.0005
vt 0.5411 0.0766 0.0005
vt 0.0005 0.8296 0.0005
vt 0.5411 0.7672 0.0005
vt 0.0005 0.0766 0.0005
vt 0.0005 0.8296 0.0005
vt 0.4415 0.7895 0.0005
vt 0.5411 0.7672 0.0005
vt 0.0005 0.8296 0.0005
vt 0.3630 0.8042 0.0005
vt 0.4415 0.7895 0.0005
vt 0.0005 0.8296 0.0005
vt 0.2681 0.8167 0.0005
vt 0.3630 0.8042 0.0005
vt 0.0005 0.8296 0.0005
vt 0.1677 0.8252 0.0005
vt 0.2681 0.8167 0.0005
vt 0.0005 0.8296 0.0005
vt 0.0787 0.8296 0.0005
vt 0.1677 0.8252 0.0005
vt 0.0897 0.8868 0.9995
vt 0.0005 0.8896 0.9995
vt 0.0005 0.8296 0.9995
vt 0.0897 0.8868 0.9995
vt 0.0005 0.8296 0.9995
vt 0.0787 0.8296 0.9995
vt 0.1858 0.8821 0.9995
vt 0.0897 0.8868 0.9995
vt 0.0787 0.8296 0.9995
vt 0.1858 0.8821 0.9995
vt 0.0787 0.8296 0.9995
vt 0.1677 0.8252 0.9995
vt 0.2969 0.8727 0.9995
vt 0.1858 0.8821 0.9995
vt 0.1677 0.8252 0.9995
vt 0.2969 0.8727 0.9995
vt 0.1677 0.8252 0.9995
vt 0.2681 0.8167 0.9995
vt 0.4042 0.8586 0.9995
vt 0.2969 0.8727 0.9995
vt 0.2681 0.8167 0.9995
vt 0.4042 0.8586 0.9995
vt 0.2681 0.8167 0.9995
vt 0.3630 0.8042 0.9995
vt 0.4928 0.8420 0.9995
vt 0.4042 0.8586 0.9995
vt 0.3630 0.8042 0.9995
vt 0.4928 0.8420 0.9995
vt 0.3630 0.8042 0.9995
vt 0.4415 0.7895 0.9995
vt 0.5722 0.8242 0.9995
vt 0.4928 0.8420 0.9995
vt 0.4415 0.7895 0.9995
vt 0.5722 0.8242 0.9995
vt 0.4415 0.7895 0.9995
vt 0.5411 0.7672 0.9995
vt 0.7459 0.5117 0.9995
vt 0.7459 0.8242 0.9995
vt 0.5722 0.8242 0.9995
vt 0.7459 0.5117 0.9995
vt 0.5722 0.8242 0.9995
vt 0.5411 0.7672 0.9995
vt 0.7459 0.5117 0.9995
vt 0.5411 0.7672 0.9995
vt 0.5411 0.1224 0.9995
vt 0.8094 0.4924 0.9995
vt 0.7459 0.5117 0.9995
vt 0.5411 0.1224 0.9995
vt 0.8094 0.3712 0.9995
vt 0.8094 0.4924 0.9995
vt 0.5411 0.1224 0.9995
vt 0.5411 0.1224 0.9995
vt 0.0005 0.1224 0.9995
vt 0.0005 0.0004 0.9995
vt 0.5411 0.1224 0.9995
vt 0.0005 0.0004 0.9995
vt 0.7459 0.0004 0.9995
vt 0.5411 0.1224 0.9995
vt 0.7459 0.0004 0.9995
vt 0.7459 0.1705 0.9995
vt 0.8094 0.3712 0.9995
vt 0.5411 0.1224 0.9995
vt 0.7459 0.1705 0.9995
vt 0.8094 0.3712 0.9995
vt 0.7459 0.1705 0.9995
vt 0.8965 0.1842 0.9995
vt 0.8094 0.3712 0.9995
vt 0.8965 0.1842 0.9995
vt 0.9759 0.2203 0.9995
vt 0.8094 0.3712 0.9995
vt 0.9759 0.2203 0.9995
vt 0.9995 0.2709 0.9995
vt 0.8094 0.3712 0.9995
vt 0.9995 0.2709 0.9995
vt 0.9759 0.3215 0.9995
vt 0.8094 0.3712 0.9995
vt 0.9759 0.3215 0.9995
vt 0.8965 0.3575 0.9995
vt 0.0897 0.8868 0.9995
vt 0.0005 0.8296 0.9995
vt 0.0005 0.8896 0.9995
vt 0.0897 0.8868 0.9995
vt 0.0787 0.8296 0.9995
vt 0.0005 0.8296 0.9995
vt 0.1858 0.8821 0.9995
vt 0.0787 0.8296 0.9995
vt 0.0897 0.8868 0.9995
vt 0.1858 0.8821 0.9995
vt 0.1677 0.8252 0.9995
vt 0.0787 0.8296 0.9995
vt 0.2969 0.8727 0.9995
vt 0.1677 0.8252 0.9995
vt 0.1858 0.8821 0.9995
vt 0.2969 0.8727 0.9995
vt 0.2681 0.8167 0.9995
vt 0.1677 0.8252 0.9995
vt 0.4042 0.8586 0.9995
vt 0.2681 0.8167 0.9995
vt 0.2969 0.8727 0.9995
vt 0.4042 0.8586 0.9995
vt 0.3630 0.8042 0.9995
vt 0.2681 0.8167 0.9995
vt 0.4928 0.8420 0.9995
vt 0.3630 0.8042 0.9995
vt 0.4042 0.8586 0.9995
vt 0.4928 0.8420 0.9995
vt 0.4415 0.7895 0.9995
vt 0.3630 0.8042 0.9995
vt 0.5722 0.8242 0.9995
vt 0.4415 0.7895 0.9995
vt 0.4928 0.8420 0.9995
vt 0.5722 0.8242 0.9995
vt 0.5411 0.7672 0.9995
vt 0.4415 0.7895 0.9995
vt 0.7459 0.5117 0.9995
vt 0.5722 0.8242 0.9995
vt 0.7459 0.8242 0.9995
vt 0.7459 0.5117 0.9995
vt 0.5411 0.7672 0.9995
vt 0.5722 0.8242 0.9995
vt 0.7459 0.5117 0.9995
vt 0.5411 0.1224 0.9995
vt 0.5411 0.7672 0.9995
vt 0.8094 0.4924 0.9995
vt 0.5411 0.1224 0.9995
vt 0.7459 0.5117 0.9995
vt 0.8094 0.3712 0.9995
vt 0.5411 0.1224 0.9995
vt 0.8094 0.4924 0.9995
vt 0.5411 0.1224 0.9995
vt 0.0005 0.0004 0.9995
vt 0.0005 0.1224 0.9995
vt 0.5411 0.1224 0.9995
vt 0.7459 0.0004 0.9995
vt 0.0005 0.0004 0.9995
vt 0.5411 0.1224 0.9995
vt 0.7459 0.1705 0.9995
vt 0.7459 0.0004 0.9995
vt 0.8094 0.3712 0.9995
vt 0.7459 0.1705 0.9995
vt 0.5411 0.1224 0.9995
vt 0.8094 0.3712 0.9995
vt 0.8965 0.1842 0.9995
vt 0.7459 0.1705 0.9995
vt 0.8094 0.3712 0.9995
vt 0.9759 0.2203 0.9995
vt 0.8965 0.1842 0.9995
vt 0.8094 0.3712 0.9995
vt 0.9995 0.2709 0.9995
vt 0.9759 0.2203 0.9995
vt 0.8094 0.3712 0.9995
vt 0.9759 0.3215 0.9995
vt 0.9995 0.2709 0.9995
vt 0.8094 0.3712 0.9995
vt 0.8965 0.3575 0.9995
vt 0.9759 0.3215 0.9995
vt 0.9995 0.9995 0.0005
vt 0.0005 0.9995 0.0014
vt 0.0005 0.0005 0.9995
vt 0.0005 0.0005 0.9995
vt 0.9995 0.0005 0.9986
vt 0.9995 0.9995 0.0005
vt -1.2205 1.9540 0.5529
vt -0.1115 -0.0239 0.5529
vt -0.1115 1.7084 0.5529
vt 2.2205 1.9540 0.5529
vt -1.2205 1.9540 0.5529
vt -0.1115 1.7084 0.5529
vt 2.2205 1.9540 0.5529
vt -0.1115 1.7084 0.5529
vt 1.1644 1.7084 0.5524
vt -0.1115 -0.0239 0.5529
vt -1.2205 1.9540 0.5529
vt -1.2205 -0.8090 0.5527
vt -0.1115 -0.0239 0.5529
vt -1.2205 -0.8090 0.5527
vt 2.2205 -0.8090 0.5529
vt 1.1644 -0.0239 0.5524
vt -0.1115 -0.0239 0.5529
vt 2.2205 -0.8090 0.5529
vt 1.1644 -0.0239 0.5524
vt 2.2205 -0.8090 0.5529
vt 2.2205 1.9540 0.5529
vt 1.1644 1.7084 0.5524
vt 1.1644 -0.0239 0.5524
vt 2.2205 1.9540 0.5529
vt -1.2205 -0.8540 0.9993
vt 2.2205 -0.8540 0.9995
vt 2.2205 -0.8090 0.5529
vt 2.2205 -0.8090 0.5529
vt -1.2205 -0.8090 0.5527
vt -1.2205 -0.8540 0.9993
vt -1.2205 -0.9540 0.9993
vt 2.2205 -0.9540 0.9995
vt 2.2205 -0.8540 0.9995
vt 2.2205 -0.8540 0.9995
vt -1.2205 -0.8540 0.9993
vt -1.2205 -0.9540 0.9993
vt -1.2205 -0.9540 0.6555
vt 2.2205 -0.9540 0.6557
vt 2.2205 -0.9540 0.9995
vt 2.2205 -0.9540 0.9995
vt -1.2205 -0.9540 0.9993
vt -1.2205 -0.9540 0.6555
vt -0.1115 -0.0083 0.0010
vt -0.1115 1.7084 0.0010
vt -0.1115 1.7084 0.5529
vt -0.1115 1.7084 0.5529
vt -0.1115 -0.0239 0.5529
vt -0.1115 -0.0083 0.0010
vt -0.1115 1.7084 0.0010
vt 1.1644 1.7084 0.0005
vt 1.1644 1.7084 0.5524
vt 1.1644 1.7084 0.5524
vt -0.1115 1.7084 0.5529
vt -0.1115 1.7084 0.0010
vt 1.1644 1.7084 0.0005
vt 1.1644 -0.0083 0.0005
vt 1.1644 -0.0239 0.5524
vt 1.1644 -0.0239 0.5524
vt 1.1644 1.7084 0.5524
vt 1.1644 1.7084 0.0005
vt 0.0005 0.9995 0.9988
vt 0.0005 0.0005 0.9995
vt 0.9995 0.0005 0.0006
vt 0.9995 0.0005 0.0006
vt 0.9995 0.9995 0.0005
vt 0.0005 0.9995 0.9988
vt 1.1736 0.4603 0.0005
vt -0.1736 0.4603 0.0006
vt -0.1736 0.3426 0.9995
vt -0.1736 0.3426 0.9995
vt 1.1736 0.3426 0.9994
vt 1.1736 0.4603 0.0005
vt -0.1736 0.3426 0.9995
vt -0.1736 0.4603 0.0006
vt -0.1736 0.6574 0.0006
vt 1.1736 0.3426 0.9994
vt 1.1736 0.6574 0.0005
vt 1.1736 0.4603 0.0005
vt 0.6897 0.0076 0.0006
vt 0.6897 0.4424 0.9995
vt 0.0003 0.4424 0.9993
vt 0.0003 0.0076 0.0005
vt 0.6897 0.0076 0.0006
vt 0.0003 0.4424 0.9993
vt 0.0000 0.0000 0.0000
vt 0.0000 0.0000 41738587290283803000.0000
vt 0.0000 0.0000 448711876411392.0000
vt 0.0000 0.0000 448711876411392.0000
vt 0.0000 17509996450728116000.0000 13.7637
vt 0.0000 0.0000 0.0000
vt -0.1115 -0.0239 0.5529
vt 1.1644 -0.0239 0.5524
vt -0.1115 -0.0239 0.5529
vt 1.1644 -0.0239 0.5524
vt -0.1115 -0.0239 0.5529
vt 1.1644 -0.0239 0.5524
vt 0.9031 0.0005 0.9995
vt 0.9995 0.6381 0.9995
vt 0.7289 0.6381 0.9995
vt 0.8625 0.0005 0.9995
vt 0.9031 0.0005 0.9995
vt 0.7289 0.6381 0.9995
vt 0.6616 0.0005 0.9995
vt 0.8625 0.0005 0.9995
vt 0.7289 0.6381 0.9995
vt 0.5698 0.0000 0.9995
vt 0.6616 0.0005 0.9995
vt 0.7289 0.6381 0.9995
vt 0.5698 0.0000 0.9995
vt 0.7289 0.6381 0.9995
vt 0.6579 0.6385 0.9995
vt 0.4673 0.0000 0.9995
vt 0.5698 0.0000 0.9995
vt 0.6579 0.6385 0.9995
vt 0.4673 0.0000 0.9995
vt 0.6579 0.6385 0.9995
vt 0.5426 0.6385 0.9995
vt 0.1091 0.6385 0.9995
vt 0.0005 0.6385 0.9995
vt 0.0005 0.0000 0.9995
vt 0.1091 0.6385 0.9995
vt 0.0005 0.0000 0.9995
vt 0.1036 0.0000 0.9995
vt 0.2368 0.6385 0.9995
vt 0.1091 0.6385 0.9995
vt 0.1036 0.0000 0.9995
vt 0.2368 0.6385 0.9995
vt 0.1036 0.0000 0.9995
vt 0.2148 0.0000 0.9995
vt 0.3900 0.6385 0.9995
vt 0.2368 0.6385 0.9995
vt 0.2148 0.0000 0.9995
vt 0.3900 0.6385 0.9995
vt 0.2148 0.0000 0.9995
vt 0.3433 0.0000 0.9995
vt 0.5426 0.6385 0.9995
vt 0.3900 0.6385 0.9995
vt 0.3433 0.0000 0.9995
vt 0.4673 0.0000 0.9995
vt 0.5426 0.6385 0.9995
vt 0.3433 0.0000 0.9995
vt 0.9031 0.0005 0.9076
vt 0.9995 0.6381 0.9076
vt 0.9995 0.6381 0.9995
vt 0.9995 0.6381 0.9995
vt 0.9031 0.0005 0.9995
vt 0.9031 0.0005 0.9076
vt 0.9031 0.0005 0.8846
vt 0.9995 0.6381 0.8846
vt 0.9995 0.6381 0.9076
vt 0.9995 0.6381 0.9076
vt 0.9031 0.0005 0.9076
vt 0.9031 0.0005 0.8846
vt 0.9031 0.0005 0.0005
vt 0.9995 0.6381 0.0005
vt 0.9995 0.6381 0.8846
vt 0.9995 0.6381 0.8846
vt 0.9031 0.0005 0.8846
vt 0.9031 0.0005 0.0005
vt 0.0005 0.0766 0.9995
vt 0.5411 0.0766 0.9995
vt 0.5411 0.0766 0.0005
vt 0.5411 0.0766 0.0005
vt 0.0005 0.0766 0.0005
vt 0.0005 0.0766 0.9995
vt 0.5411 0.0766 0.9995
vt 0.5411 0.7672 0.9995
vt 0.5411 0.7672 0.0005
vt 0.5411 0.7672 0.0005
vt 0.5411 0.0766 0.0005
vt 0.5411 0.0766 0.9995
vt 0.5411 0.7672 0.9995
vt 0.4415 0.7895 0.9995
vt 0.4415 0.7895 0.0005
vt 0.4415 0.7895 0.0005
vt 0.5411 0.7672 0.0005
vt 0.5411 0.7672 0.9995
vt 0.4415 0.7895 0.9995
vt 0.3630 0.8042 0.9995
vt 0.3630 0.8042 0.0005
vt 0.3630 0.8042 0.0005
vt 0.4415 0.7895 0.0005
vt 0.4415 0.7895 0.9995
vt 0.3630 0.8042 0.9995
vt 0.2681 0.8167 0.9995
vt 0.2681 0.8167 0.0005
vt 0.2681 0.8167 0.0005
vt 0.3630 0.8042 0.0005
vt 0.3630 0.8042 0.9995
vt 0.2681 0.8167 0.9995
vt 0.1677 0.8252 0.9995
vt 0.1677 0.8252 0.0005
vt 0.1677 0.8252 0.0005
vt 0.2681 0.8167 0.0005
vt 0.2681 0.8167 0.9995
vt 0.1677 0.8252 0.9995
vt 0.0787 0.8296 0.9995
vt 0.0787 0.8296 0.0005
vt 0.0787 0.8296 0.0005
vt 0.1677 0.8252 0.0005
vt 0.1677 0.8252 0.9995
vt 0.0787 0.8296 0.9995
vt 0.0005 0.8296 0.9995
vt 0.0005 0.8296 0.0005
vt 0.0005 0.8296 0.0005
vt 0.0787 0.8296 0.0005
vt 0.0787 0.8296 0.9995
vt 0.8094 0.4924 0.0011
vt 0.7459 0.5117 0.0011
vt 0.7459 0.5117 0.9995
vt 0.7459 0.5117 0.9995
vt 0.8094 0.4924 0.9995
vt 0.8094 0.4924 0.0011
vt 0.8094 0.3712 0.0011
vt 0.8094 0.4924 0.0011
vt 0.8094 0.4924 0.9995
vt 0.8094 0.4924 0.9995
vt 0.8094 0.3712 0.9995
vt 0.8094 0.3712 0.0011
vt 0.0005 0.0004 0.0011
vt 0.7459 0.0004 0.0011
vt 0.7459 0.0004 0.9995
vt 0.7459 0.0004 0.9995
vt 0.0005 0.0004 0.9995
vt 0.0005 0.0004 0.0011
vt 0.7459 0.1705 0.0011
vt 0.8965 0.1842 0.0011
vt 0.8965 0.1842 0.9995
vt 0.8965 0.1842 0.9995
vt 0.7459 0.1705 0.9995
vt 0.7459 0.1705 0.0011
vt 0.8965 0.1842 0.0011
vt 0.9759 0.2203 0.0011
vt 0.9759 0.2203 0.9995
vt 0.9759 0.2203 0.9995
vt 0.8965 0.1842 0.9995
vt 0.8965 0.1842 0.0011
vt 0.9759 0.2203 0.0011
vt 0.9995 0.2709 0.0011
vt 0.9995 0.2709 0.9995
vt 0.9995 0.2709 0.9995
vt 0.9759 0.2203 0.9995
vt 0.9759 0.2203 0.0011
vt 0.9995 0.2709 0.0011
vt 0.9759 0.3215 0.0011
vt 0.9759 0.3215 0.9995
vt 0.9759 0.3215 0.9995
vt 0.9995 0.2709 0.9995
vt 0.9995 0.2709 0.0011
vt 0.9759 0.3215 0.0011
vt 0.8965 0.3575 0.0011
vt 0.8965 0.3575 0.9995
vt 0.8965 0.3575 0.9995
vt 0.9759 0.3215 0.9995
vt 0.9759 0.3215 0.0011
vt 0.8965 0.3575 0.0011
vt 0.8094 0.3712 0.0011
vt 0.8094 0.3712 0.9995
vt 0.8094 0.3712 0.9995
vt 0.8965 0.3575 0.9995
vt 0.8965 0.3575 0.0011
vt 0.8094 0.3712 0.0011
vt 0.8965 0.3575 0.0011
vt 0.9759 0.3215 0.0011
vt 0.8094 0.3712 0.0011
vt 0.9759 0.3215 0.0011
vt 0.9995 0.2709 0.0011
vt 0.8094 0.3712 0.0011
vt 0.9995 0.2709 0.0011
vt 0.9759 0.2203 0.0011
vt 0.8094 0.3712 0.0011
vt 0.9759 0.2203 0.0011
vt 0.8965 0.1842 0.0011
vt 0.8094 0.3712 0.0011
vt 0.8965 0.1842 0.0011
vt 0.7459 0.1705 0.0011
vt 0.7459 0.5117 0.0011
vt 0.8094 0.4924 0.0011
vt 0.8094 0.3712 0.0011
vt 0.7459 0.5117 0.0011
vt 0.8094 0.3712 0.0011
vt 0.7459 0.1705 0.0011
vt 0.0005 0.9076 0.9347
vt 0.2711 0.9076 0.9347
vt 0.2711 0.9995 0.9347
vt 0.2711 0.9995 0.9347
vt 0.0005 0.9995 0.9347
vt 0.0005 0.9076 0.9347
vt 0.3815 0.3100 0.0000
vt 0.4094 0.3100 0.0000
vt 0.4094 0.3100 0.2000
vt 0.4094 0.3100 0.2000
vt 0.3815 0.3100 0.2000
vt 0.3815 0.3100 0.0000
vt 0.2431 0.3100 0.0000
vt 0.3815 0.3100 0.0000
vt 0.3815 0.3100 0.2000
vt 0.3815 0.3100 0.2000
vt 0.2431 0.3100 0.2000
vt 0.2431 0.3100 0.0000
vt 0.1799 0.3409 0.0000
vt 0.2431 0.3100 0.0000
vt 0.2431 0.3100 0.2000
vt 0.2431 0.3100 0.2000
vt 0.1799 0.3409 0.2000
vt 0.1799 0.3409 0.0000
vt 0.2711 0.9076 0.9347
vt 0.3421 0.9076 0.9454
vt 0.3421 0.9995 0.9454
vt 0.3421 0.9995 0.9454
vt 0.2711 0.9995 0.9347
vt 0.2711 0.9076 0.9347
vt 0.1093 0.3697 0.0000
vt 0.1799 0.3409 0.0000
vt 0.1799 0.3409 0.2000
vt 0.1799 0.3409 0.2000
vt 0.1093 0.3697 0.2000
vt 0.1093 0.3697 0.0000
vt 0.3421 0.9076 0.9454
vt 0.4574 0.9076 0.9627
vt 0.4574 0.9995 0.9627
vt 0.4574 0.9995 0.9627
vt 0.3421 0.9995 0.9454
vt 0.3421 0.9076 0.9454
vt 0.8909 0.9076 0.9965
vt 0.9995 0.9076 0.9995
vt 0.9995 0.9995 0.9995
vt 0.9995 0.9995 0.9995
vt 0.8909 0.9995 0.9965
vt 0.8909 0.9076 0.9965
vt -0.2122 0.4238 0.0000
vt -0.1412 0.4189 0.0000
vt -0.1412 0.4189 0.2000
vt -0.1412 0.4189 0.2000
vt -0.2122 0.4238 0.2000
vt -0.2122 0.4238 0.0000
vt 0.7632 0.9076 0.9911
vt 0.8909 0.9076 0.9965
vt 0.8909 0.9995 0.9965
vt 0.8909 0.9995 0.9965
vt 0.7632 0.9995 0.9911
vt 0.7632 0.9076 0.9911
vt -0.1412 0.4189 0.0000
vt -0.0646 0.4107 0.0000
vt -0.0646 0.4107 0.2000
vt -0.0646 0.4107 0.2000
vt -0.1412 0.4189 0.2000
vt -0.1412 0.4189 0.0000
vt 0.6100 0.9076 0.9800
vt 0.7632 0.9076 0.9911
vt 0.7632 0.9995 0.9911
vt 0.7632 0.9995 0.9911
vt 0.6100 0.9995 0.9800
vt 0.6100 0.9076 0.9800
vt -0.0646 0.4107 0.0000
vt 0.0239 0.3943 0.0000
vt 0.0239 0.3943 0.2000
vt 0.0239 0.3943 0.2000
vt -0.0646 0.4107 0.2000
vt -0.0646 0.4107 0.0000
vt 0.4574 0.9076 0.9627
vt 0.6100 0.9076 0.9800
vt 0.6100 0.9995 0.9800
vt 0.6100 0.9995 0.9800
vt 0.4574 0.9995 0.9627
vt 0.4574 0.9076 0.9627
vt 0.0239 0.3943 0.0000
vt 0.1093 0.3697 0.0000
vt 0.1093 0.3697 0.2000
vt 0.1093 0.3697 0.2000
vt 0.0239 0.3943 0.2000
vt 0.0239 0.3943 0.0000
vt 0.3815 -0.2339 -0.0500
vt 0.3815 0.3100 -0.0500
vt 0.3815 0.3100 0.0000
vt 0.3815 0.3100 0.0000
vt 0.3815 -0.2339 0.0000
vt 0.3815 -0.2339 -0.0500
vt 0.3815 -1.1240 -0.0500
vt 0.3815 -0.8278 -0.0500
vt 0.3815 -0.8278 0.0000
vt 0.3815 -0.8278 0.0000
vt 0.3815 -1.1240 0.0000
vt 0.3815 -1.1240 -0.0500
vt 0.0005 0.8846 0.9347
vt 0.2711 0.8846 0.9347
vt 0.2711 0.9076 0.9347
vt 0.2711 0.9076 0.9347
vt 0.0005 0.9076 0.9347
vt 0.0005 0.8846 0.9347
vt 0.3815 0.3100 -0.0500
vt 0.4094 0.3100 -0.0500
vt 0.4094 0.3100 0.0000
vt 0.4094 0.3100 0.0000
vt 0.3815 0.3100 0.0000
vt 0.3815 0.3100 -0.0500
vt 0.2711 0.8846 0.9347
vt 0.3421 0.8846 0.9454
vt 0.3421 0.9076 0.9454
vt 0.3421 0.9076 0.9454
vt 0.2711 0.9076 0.9347
vt 0.2711 0.8846 0.9347
vt 0.3421 0.8846 0.9454
vt 0.4574 0.8846 0.9627
vt 0.4574 0.9076 0.9627
vt 0.4574 0.9076 0.9627
vt 0.3421 0.9076 0.9454
vt 0.3421 0.8846 0.9454
vt 0.8909 0.8846 0.9965
vt 0.9995 0.8846 0.9995
vt 0.9995 0.9076 0.9995
vt 0.9995 0.9076 0.9995
vt 0.8909 0.9076 0.9965
vt 0.8909 0.8846 0.9965
vt 0.7632 0.8846 0.9911
vt 0.8909 0.8846 0.9965
vt 0.8909 0.9076 0.9965
vt 0.8909 0.9076 0.9965
vt 0.7632 0.9076 0.9911
vt 0.7632 0.8846 0.9911
vt 0.6100 0.8846 0.9800
vt 0.7632 0.8846 0.9911
vt 0.7632 0.9076 0.9911
vt 0.7632 0.9076 0.9911
vt 0.6100 0.9076 0.9800
vt 0.6100 0.8846 0.9800
vt 0.4574 0.8846 0.9627
vt 0.6100 0.8846 0.9800
vt 0.6100 0.9076 0.9800
vt 0.6100 0.9076 0.9800
vt 0.4574 0.9076 0.9627
vt 0.4574 0.8846 0.9627
vt 0.3815 0.3100 -0.0500
vt 0.3815 -0.2339 -0.0500
vt 0.3815 0.3100 -1.9733
vt 0.0005 0.0005 0.9347
vt 0.2711 0.0005 0.9347
vt 0.2711 0.8846 0.9347
vt 0.2711 0.8846 0.9347
vt 0.0005 0.8846 0.9347
vt 0.0005 0.0005 0.9347
vt 0.3815 0.3100 -1.9733
vt 0.4094 0.3100 -1.9733
vt 0.4094 0.3100 -0.0500
vt 0.4094 0.3100 -0.0500
vt 0.3815 0.3100 -0.0500
vt 0.3815 0.3100 -1.9733
vt 0.2711 0.0005 0.9347
vt 0.3421 0.0005 0.9454
vt 0.3421 0.8846 0.9454
vt 0.3421 0.8846 0.9454
vt 0.2711 0.8846 0.9347
vt 0.2711 0.0005 0.9347
vt 0.3421 0.0005 0.9454
vt 0.4574 0.0005 0.9627
vt 0.4574 0.8846 0.9627
vt 0.4574 0.8846 0.9627
vt 0.3421 0.8846 0.9454
vt 0.3421 0.0005 0.9454
vt 0.8909 0.0005 0.9965
vt 0.9995 0.0005 0.9995
vt 0.9995 0.8846 0.9995
vt 0.9995 0.8846 0.9995
vt 0.8909 0.8846 0.9965
vt 0.8909 0.0005 0.9965
vt 0.7632 0.0005 0.9911
vt 0.8909 0.0005 0.9965
vt 0.8909 0.8846 0.9965
vt 0.8909 0.8846 0.9965
vt 0.7632 0.8846 0.9911
vt 0.7632 0.0005 0.9911
vt 0.6100 0.0005 0.9800
vt 0.7632 0.0005 0.9911
vt 0.7632 0.8846 0.9911
vt 0.7632 0.8846 0.9911
vt 0.6100 0.8846 0.9800
vt 0.6100 0.0005 0.9800
vt 0.4574 0.0005 0.9627
vt 0.6100 0.0005 0.9800
vt 0.6100 0.8846 0.9800
vt 0.6100 0.8846 0.9800
vt 0.4574 0.8846 0.9627
vt 0.4574 0.0005 0.9627
vt 0.3815 0.3100 -1.9733
vt 0.3815 -0.2339 -0.0500
vt 0.3815 -0.8278 -0.0500
vt 0.9031 0.0005 0.9995
vt 0.7289 0.6381 0.9995
vt 0.9995 0.6381 0.9995
vt 0.8625 0.0005 0.9995
vt 0.7289 0.6381 0.9995
vt 0.9031 0.0005 0.9995
vt 0.6616 0.0005 0.9995
vt 0.7289 0.6381 0.9995
vt 0.8625 0.0005 0.9995
vt 0.5698 0.0000 0.9995
vt 0.7289 0.6381 0.9995
vt 0.6616 0.0005 0.9995
vt 0.5698 0.0000 0.9995
vt 0.6579 0.6385 0.9995
vt 0.7289 0.6381 0.9995
vt 0.4673 0.0000 0.9995
vt 0.6579 0.6385 0.9995
vt 0.5698 0.0000 0.9995
vt 0.4673 0.0000 0.9995
vt 0.5426 0.6385 0.9995
vt 0.6579 0.6385 0.9995
vt 0.1091 0.6385 0.9995
vt 0.0005 0.0000 0.9995
vt 0.0005 0.6385 0.9995
vt 0.1091 0.6385 0.9995
vt 0.1036 0.0000 0.9995
vt 0.0005 0.0000 0.9995
vt 0.2368 0.6385 0.9995
vt 0.1036 0.0000 0.9995
vt 0.1091 0.6385 0.9995
vt 0.2368 0.6385 0.9995
vt 0.2148 0.0000 0.9995
vt 0.1036 0.0000 0.9995
vt 0.3900 0.6385 0.9995
vt 0.2148 0.0000 0.9995
vt 0.2368 0.6385 0.9995
vt 0.3900 0.6385 0.9995
vt 0.3433 0.0000 0.9995
vt 0.2148 0.0000 0.9995
vt 0.5426 0.6385 0.9995
vt 0.3433 0.0000 0.9995
vt 0.3900 0.6385 0.9995
vt 0.4673 0.0000 0.9995
vt 0.3433 0.0000 0.9995
vt 0.5426 0.6385 0.9995
vt 0.9031 0.0005 0.9076
vt 0.9995 0.6381 0.9995
vt 0.9995 0.6381 0.9076
vt 0.9995 0.6381 0.9995
vt 0.9031 0.0005 0.9076
vt 0.9031 0.0005 0.9995
vt 0.9031 0.0005 0.8846
vt 0.9995 0.6381 0.9076
vt 0.9995 0.6381 0.8846
vt 0.9995 0.6381 0.9076
vt 0.9031 0.0005 0.8846
vt 0.9031 0.0005 0.9076
vt 0.9031 0.0005 0.0005
vt 0.9995 0.6381 0.8846
vt 0.9995 0.6381 0.0005
vt 0.9995 0.6381 0.8846
vt 0.9031 0.0005 0.0005
vt 0.9031 0.0005 0.8846
vt 0.0005 0.0766 0.9995
vt 0.5411 0.0766 0.0005
vt 0.5411 0.0766 0.9995
vt 0.5411 0.0766 0.0005
vt 0.0005 0.0766 0.9995
vt 0.0005 0.0766 0.0005
vt 0.5411 0.0766 0.9995
vt 0.5411 0.7672 0.0005
vt 0.5411 0.7672 0.9995
vt 0.5411 0.7672 0.0005
vt 0.5411 0.0766 0.9995
vt 0.5411 0.0766 0.0005
vt 0.5411 0.7672 0.9995
vt 0.4415 0.7895 0.0005
vt 0.4415 0.7895 0.9995
vt 0.4415 0.7895 0.0005
vt 0.5411 0.7672 0.9995
vt 0.5411 0.7672 0.0005
vt 0.4415 0.7895 0.9995
vt 0.3630 0.8042 0.0005
vt 0.3630 0.8042 0.9995
vt 0.3630 0.8042 0.0005
vt 0.4415 0.7895 0.9995
vt 0.4415 0.7895 0.0005
vt 0.3630 0.8042 0.9995
vt 0.2681 0.8167 0.0005
vt 0.2681 0.8167 0.9995
vt 0.2681 0.8167 0.0005
vt 0.3630 0.8042 0.9995
vt 0.3630 0.8042 0.0005
vt 0.2681 0.8167 0.9995
vt 0.1677 0.8252 0.0005
vt 0.1677 0.8252 0.9995
vt 0.1677 0.8252 0.0005
vt 0.2681 0.8167 0.9995
vt 0.2681 0.8167 0.0005
vt 0.1677 0.8252 0.9995
vt 0.0787 0.8296 0.0005
vt 0.0787 0.8296 0.9995
vt 0.0787 0.8296 0.0005
vt 0.1677 0.8252 0.9995
vt 0.1677 0.8252 0.0005
vt 0.0787 0.8296 0.9995
vt 0.0005 0.8296 0.0005
vt 0.0005 0.8296 0.9995
vt 0.0005 0.8296 0.0005
vt 0.0787 0.8296 0.9995
vt 0.0787 0.8296 0.0005
vt 0.8094 0.4924 0.0011
vt 0.7459 0.5117 0.9995
vt 0.7459 0.5117 0.0011
vt 0.7459 0.5117 0.9995
vt 0.8094 0.4924 0.0011
vt 0.8094 0.4924 0.9995
vt 0.8094 0.3712 0.0011
vt 0.8094 0.4924 0.9995
vt 0.8094 0.4924 0.0011
vt 0.8094 0.4924 0.9995
vt 0.8094 0.3712 0.0011
vt 0.8094 0.3712 0.9995
vt 0.0005 0.0004 0.0011
vt 0.7459 0.0004 0.9995
vt 0.7459 0.0004 0.0011
vt 0.7459 0.0004 0.9995
vt 0.0005 0.0004 0.0011
vt 0.0005 0.0004 0.9995
vt 0.7459 0.1705 0.0011
vt 0.8965 0.1842 0.9995
vt 0.8965 0.1842 0.0011
vt 0.8965 0.1842 0.9995
vt 0.7459 0.1705 0.0011
vt 0.7459 0.1705 0.9995
vt 0.8965 0.1842 0.0011
vt 0.9759 0.2203 0.9995
vt 0.9759 0.2203 0.0011
vt 0.9759 0.2203 0.9995
vt 0.8965 0.1842 0.0011
vt 0.8965 0.1842 0.9995
vt 0.9759 0.2203 0.0011
vt 0.9995 0.2709 0.9995
vt 0.9995 0.2709 0.0011
vt 0.9995 0.2709 0.9995
vt 0.9759 0.2203 0.0011
vt 0.9759 0.2203 0.9995
vt 0.9995 0.2709 0.0011
vt 0.9759 0.3215 0.9995
vt 0.9759 0.3215 0.0011
vt 0.9759 0.3215 0.9995
vt 0.9995 0.2709 0.0011
vt 0.9995 0.2709 0.9995
vt 0.9759 0.3215 0.0011
vt 0.8965 0.3575 0.9995
vt 0.8965 0.3575 0.0011
vt 0.8965 0.3575 0.9995
vt 0.9759 0.3215 0.0011
vt 0.9759 0.3215 0.9995
vt 0.8965 0.3575 0.0011
vt 0.8094 0.3712 0.9995
vt 0.8094 0.3712 0.0011
vt 0.8094 0.3712 0.9995
vt 0.8965 0.3575 0.0011
vt 0.8965 0.3575 0.9995
vt 0.8094 0.3712 0.0011
vt 0.9759 0.3215 0.0011
vt 0.8965 0.3575 0.0011
vt 0.8094 0.3712 0.0011
vt 0.9995 0.2709 0.0011
vt 0.9759 0.3215 0.0011
vt 0.8094 0.3712 0.0011
vt 0.9759 0.2203 0.0011
vt 0.9995 0.2709 0.0011
vt 0.8094 0.3712 0.0011
vt 0.8965 0.1842 0.0011
vt 0.9759 0.2203 0.0011
vt 0.8094 0.3712 0.0011
vt 0.7459 0.1705 0.0011
vt 0.8965 0.1842 0.0011
vt 0.7459 0.5117 0.0011
vt 0.8094 0.3712 0.0011
vt 0.8094 0.4924 0.0011
vt 0.7459 0.5117 0.0011
vt 0.7459 0.1705 0.0011
vt 0.8094 0.3712 0.0011
vt 0.0005 0.9076 0.9347
vt 0.2711 0.9995 0.9347
vt 0.2711 0.9076 0.9347
vt 0.2711 0.9995 0.9347
vt 0.0005 0.9076 0.9347
vt 0.0005 0.9995 0.9347
vt 0.3815 0.3100 0.0000
vt 0.4094 0.3100 0.2000
vt 0.4094 0.3100 0.0000
vt 0.4094 0.3100 0.2000
vt 0.3815 0.3100 0.0000
vt 0.3815 0.3100 0.2000
vt 0.2431 0.3100 0.0000
vt 0.3815 0.3100 0.2000
vt 0.3815 0.3100 0.0000
vt 0.3815 0.3100 0.2000
vt 0.2431 0.3100 0.0000
vt 0.2431 0.3100 0.2000
vt 0.1799 0.3409 0.0000
vt 0.2431 0.3100 0.2000
vt 0.2431 0.3100 0.0000
vt 0.2431 0.3100 0.2000
vt 0.1799 0.3409 0.0000
vt 0.1799 0.3409 0.2000
vt 0.2711 0.9076 0.9347
vt 0.3421 0.9995 0.9454
vt 0.3421 0.9076 0.9454
vt 0.3421 0.9995 0.9454
vt 0.2711 0.9076 0.9347
vt 0.2711 0.9995 0.9347
vt 0.1093 0.3697 0.0000
vt 0.1799 0.3409 0.2000
vt 0.1799 0.3409 0.0000
vt 0.1799 0.3409 0.2000
vt 0.1093 0.3697 0.0000
vt 0.1093 0.3697 0.2000
vt 0.3421 0.9076 0.9454
vt 0.4574 0.9995 0.9627
vt 0.4574 0.9076 0.9627
vt 0.4574 0.9995 0.9627
vt 0.3421 0.9076 0.9454
vt 0.3421 0.9995 0.9454
vt 0.8909 0.9076 0.9965
vt 0.9995 0.9995 0.9995
vt 0.9995 0.9076 0.9995
vt 0.9995 0.9995 0.9995
vt 0.8909 0.9076 0.9965
vt 0.8909 0.9995 0.9965
vt -0.2122 0.4238 0.0000
vt -0.1412 0.4189 0.2000
vt -0.1412 0.4189 0.0000
vt -0.1412 0.4189 0.2000
vt -0.2122 0.4238 0.0000
vt -0.2122 0.4238 0.2000
vt 0.7632 0.9076 0.9911
vt 0.8909 0.9995 0.9965
vt 0.8909 0.9076 0.9965
vt 0.8909 0.9995 0.9965
vt 0.7632 0.9076 0.9911
vt 0.7632 0.9995 0.9911
vt -0.1412 0.4189 0.0000
vt -0.0646 0.4107 0.2000
vt -0.0646 0.4107 0.0000
vt -0.0646 0.4107 0.2000
vt -0.1412 0.4189 0.0000
vt -0.1412 0.4189 0.2000
vt 0.6100 0.9076 0.9800
vt 0.7632 0.9995 0.9911
vt 0.7632 0.9076 0.9911
vt 0.7632 0.9995 0.9911
vt 0.6100 0.9076 0.9800
vt 0.6100 0.9995 0.9800
vt -0.0646 0.4107 0.0000
vt 0.0239 0.3943 0.2000
vt 0.0239 0.3943 0.0000
vt 0.0239 0.3943 0.2000
vt -0.0646 0.4107 0.0000
vt -0.0646 0.4107 0.2000
vt 0.4574 0.9076 0.9627
vt 0.6100 0.9995 0.9800
vt 0.6100 0.9076 0.9800
vt 0.6100 0.9995 0.9800
vt 0.4574 0.9076 0.9627
vt 0.4574 0.9995 0.9627
vt 0.0239 0.3943 0.0000
vt 0.1093 0.3697 0.2000
vt 0.1093 0.3697 0.0000
vt 0.1093 0.3697 0.2000
vt 0.0239 0.3943 0.0000
vt 0.0239 0.3943 0.2000
vt 0.3815 -0.2339 -0.0500
vt 0.3815 0.3100 0.0000
vt 0.3815 0.3100 -0.0500
vt 0.3815 0.3100 0.0000
vt 0.3815 -0.2339 -0.0500
vt 0.3815 -0.2339 0.0000
vt 0.3815 -1.1240 -0.0500
vt 0.3815 -0.8278 0.0000
vt 0.3815 -0.8278 -0.0500
vt 0.3815 -0.8278 0.0000
vt 0.3815 -1.1240 -0.0500
vt 0.3815 -1.1240 0.0000
vt 0.0005 0.8846 0.9347
vt 0.2711 0.9076 0.9347
vt 0.2711 0.8846 0.9347
vt 0.2711 0.9076 0.9347
vt 0.0005 0.8846 0.9347
vt 0.0005 0.9076 0.9347
vt 0.3815 0.3100 -0.0500
vt 0.4094 0.3100 0.0000
vt 0.4094 0.3100 -0.0500
vt 0.4094 0.3100 0.0000
vt 0.3815 0.3100 -0.0500
vt 0.3815 0.3100 0.0000
vt 0.2711 0.8846 0.9347
vt 0.3421 0.9076 0.9454
vt 0.3421 0.8846 0.9454
vt 0.3421 0.9076 0.9454
vt 0.2711 0.8846 0.9347
vt 0.2711 0.9076 0.9347
vt 0.3421 0.8846 0.9454
vt 0.4574 0.9076 0.9627
vt 0.4574 0.8846 0.9627
vt 0.4574 0.9076 0.9627
vt 0.3421 0.8846 0.9454
vt 0.3421 0.9076 0.9454
vt 0.8909 0.8846 0.9965
vt 0.9995 0.9076 0.9995
vt 0.9995 0.8846 0.9995
vt 0.9995 0.9076 0.9995
vt 0.8909 0.8846 0.9965
vt 0.8909 0.9076 0.9965
vt 0.7632 0.8846 0.9911
vt 0.8909 0.9076 0.9965
vt 0.8909 0.8846 0.9965
vt 0.8909 0.9076 0.9965
vt 0.7632 0.8846 0.9911
vt 0.7632 0.9076 0.9911
vt 0.6100 0.8846 0.9800
vt 0.7632 0.9076 0.9911
vt 0.7632 0.8846 0.9911
vt 0.7632 0.9076 0.9911
vt 0.6100 0.8846 0.9800
vt 0.6100 0.9076 0.9800
vt 0.4574 0.8846 0.9627
vt 0.6100 0.9076 0.9800
vt 0.6100 0.8846 0.9800
vt 0.6100 0.9076 0.9800
vt 0.4574 0.8846 0.9627
vt 0.4574 0.9076 0.9627
vt 0.3815 0.3100 -0.0500
vt 0.3815 0.3100 -1.9733
vt 0.3815 -0.2339 -0.0500
vt 0.0005 0.0005 0.9347
vt 0.2711 0.8846 0.9347
vt 0.2711 0.0005 0.9347
vt 0.2711 0.8846 0.9347
vt 0.0005 0.0005 0.9347
vt 0.0005 0.8846 0.9347
vt 0.3815 0.3100 -1.9733
vt 0.4094 0.3100 -0.0500
vt 0.4094 0.3100 -1.9733
vt 0.4094 0.3100 -0.0500
vt 0.3815 0.3100 -1.9733
vt 0.3815 0.3100 -0.0500
vt 0.2711 0.0005 0.9347
vt 0.3421 0.8846 0.9454
vt 0.3421 0.0005 0.9454
vt 0.3421 0.8846 0.9454
vt 0.2711 0.0005 0.9347
vt 0.2711 0.8846 0.9347
vt 0.3421 0.0005 0.9454
vt 0.4574 0.8846 0.9627
vt 0.4574 0.0005 0.9627
vt 0.4574 0.8846 0.9627
vt 0.3421 0.0005 0.9454
vt 0.3421 0.8846 0.9454
vt 0.8909 0.0005 0.9965
vt 0.9995 0.8846 0.9995
vt 0.9995 0.0005 0.9995
vt 0.9995 0.8846 0.9995
vt 0.8909 0.0005 0.9965
vt 0.8909 0.8846 0.9965
vt 0.7632 0.0005 0.9911
vt 0.8909 0.8846 0.9965
vt 0.8909 0.0005 0.9965
vt 0.8909 0.8846 0.9965
vt 0.7632 0.0005 0.9911
vt 0.7632 0.8846 0.9911
vt 0.6100 0.0005 0.9800
vt 0.7632 0.8846 0.9911
vt 0.7632 0.0005 0.9911
vt 0.7632 0.8846 0.9911
vt 0.6100 0.0005 0.9800
vt 0.6100 0.8846 0.9800
vt 0.4574 0.0005 0.9627
vt 0.6100 0.8846 0.9800
vt 0.6100 0.0005 0.9800
vt 0.6100 0.8846 0.9800
vt 0.4574 0.0005 0.9627
vt 0.4574 0.8846 0.9627
vt 0.3815 0.3100 -1.9733
vt 0.3815 -0.8278 -0.0500
vt 0.3815 -0.2339 -0.0500
vt 0.0005 0.0766 0.0005
vt 0.5411 0.0766 0.0005
vt 0.5411 0.7672 0.0005
vt 0.0005 0.8296 0.0005
vt 0.0005 0.0766 0.0005
vt 0.5411 0.7672 0.0005
vt 0.0005 0.8296 0.0005
vt 0.5411 0.7672 0.0005
vt 0.4415 0.7895 0.0005
vt 0.0005 0.8296 0.0005
vt 0.4415 0.7895 0.0005
vt 0.3630 0.8042 0.0005
vt 0.0005 0.8296 0.0005
vt 0.3630 0.8042 0.0005
vt 0.2681 0.8167 0.0005
vt 0.0005 0.8296 0.0005
vt 0.2681 0.8167 0.0005
vt 0.1677 0.8252 0.0005
vt 0.0005 0.8296 0.0005
vt 0.1677 0.8252 0.0005
vt 0.0787 0.8296 0.0005
vt 0.0005 0.0766 0.0005
vt 0.5411 0.7672 0.0005
vt 0.5411 0.0766 0.0005
vt 0.0005 0.8296 0.0005
vt 0.5411 0.7672 0.0005
vt 0.0005 0.0766 0.0005
vt 0.0005 0.8296 0.0005
vt 0.4415 0.7895 0.0005
vt 0.5411 0.7672 0.0005
vt 0.0005 0.8296 0.0005
vt 0.3630 0.8042 0.0005
vt 0.4415 0.7895 0.0005
vt 0.0005 0.8296 0.0005
vt 0.2681 0.8167 0.0005
vt 0.3630 0.8042 0.0005
vt 0.0005 0.8296 0.0005
vt 0.1677 0.8252 0.0005
vt 0.2681 0.8167 0.0005
vt 0.0005 0.8296 0.0005
vt 0.0787 0.8296 0.0005
vt 0.1677 0.8252 0.0005
vt 0.0897 0.8868 0.9995
vt 0.0005 0.8896 0.9995
vt 0.0005 0.8296 0.9995
vt 0.0897 0.8868 0.9995
vt 0.0005 0.8296 0.9995
vt 0.0787 0.8296 0.9995
vt 0.1858 0.8821 0.9995
vt 0.0897 0.8868 0.9995
vt 0.0787 0.8296 0.9995
vt 0.1858 0.8821 0.9995
vt 0.0787 0.8296 0.9995
vt 0.1677 0.8252 0.9995
vt 0.2969 0.8727 0.9995
vt 0.1858 0.8821 0.9995
vt 0.1677 0.8252 0.9995
vt 0.2969 0.8727 0.9995
vt 0.1677 0.8252 0.9995
vt 0.2681 0.8167 0.9995
vt 0.4042 0.8586 0.9995
vt 0.2969 0.8727 0.9995
vt 0.2681 0.8167 0.9995
vt 0.4042 0.8586 0.9995
vt 0.2681 0.8167 0.9995
vt 0.3630 0.8042 0.9995
vt 0.4928 0.8420 0.9995
vt 0.4042 0.8586 0.9995
vt 0.3630 0.8042 0.9995
vt 0.4928 0.8420 0.9995
vt 0.3630 0.8042 0.9995
vt 0.4415 0.7895 0.9995
vt 0.5722 0.8242 0.9995
vt 0.4928 0.8420 0.9995
vt 0.4415 0.7895 0.9995
vt 0.5722 0.8242 0.9995
vt 0.4415 0.7895 0.9995
vt 0.5411 0.7672 0.9995
vt 0.7459 0.5117 0.9995
vt 0.7459 0.8242 0.9995
vt 0.5722 0.8242 0.9995
vt 0.7459 0.5117 0.9995
vt 0.5722 0.8242 0.9995
vt 0.5411 0.7672 0.9995
vt 0.7459 0.5117 0.9995
vt 0.5411 0.7672 0.9995
vt 0.5411 0.1224 0.9995
vt 0.8094 0.4924 0.9995
vt 0.7459 0.5117 0.9995
vt 0.5411 0.1224 0.9995
vt 0.8094 0.3712 0.9995
vt 0.8094 0.4924 0.9995
vt 0.5411 0.1224 0.9995
vt 0.5411 0.1224 0.9995
vt 0.0005 0.1224 0.9995
vt 0.0005 0.0004 0.9995
vt 0.5411 0.1224 0.9995
vt 0.0005 0.0004 0.9995
vt 0.7459 0.0004 0.9995
vt 0.5411 0.1224 0.9995
vt 0.7459 0.0004 0.9995
vt 0.7459 0.1705 0.9995
vt 0.8094 0.3712 0.9995
vt 0.5411 0.1224 0.9995
vt 0.7459 0.1705 0.9995
vt 0.8094 0.3712 0.9995
vt 0.7459 0.1705 0.9995
vt 0.8965 0.1842 0.9995
vt 0.8094 0.3712 0.9995
vt 0.8965 0.1842 0.9995
vt 0.9759 0.2203 0.9995
vt 0.8094 0.3712 0.9995
vt 0.9759 0.2203 0.9995
vt 0.9995 0.2709 0.9995
vt 0.8094 0.3712 0.9995
vt 0.9995 0.2709 0.9995
vt 0.9759 0.3215 0.9995
vt 0.8094 0.3712 0.9995
vt 0.9759 0.3215 0.9995
vt 0.8965 0.3575 0.9995
vt 0.0897 0.8868 0.9995
vt 0.0005 0.8296 0.9995
vt 0.0005 0.8896 0.9995
vt 0.0897 0.8868 0.9995
vt 0.0787 0.8296 0.9995
vt 0.0005 0.8296 0.9995
vt 0.1858 0.8821 0.9995
vt 0.0787 0.8296 0.9995
vt 0.0897 0.8868 0.9995
vt 0.1858 0.8821 0.9995
vt 0.1677 0.8252 0.9995
vt 0.0787 0.8296 0.9995
vt 0.2969 0.8727 0.9995
vt 0.1677 0.8252 0.9995
vt 0.1858 0.8821 0.9995
vt 0.2969 0.8727 0.9995
vt 0.2681 0.8167 0.9995
vt 0.1677 0.8252 0.9995
vt 0.4042 0.8586 0.9995
vt 0.2681 0.8167 0.9995
vt 0.2969 0.8727 0.9995
vt 0.4042 0.8586 0.9995
vt 0.3630 0.8042 0.9995
vt 0.2681 0.8167 0.9995
vt 0.4928 0.8420 0.9995
vt 0.3630 0.8042 0.9995
vt 0.4042 0.8586 0.9995
vt 0.4928 0.8420 0.9995
vt 0.4415 0.7895 0.9995
vt 0.3630 0.8042 0.9995
vt 0.5722 0.8242 0.9995
vt 0.4415 0.7895 0.9995
vt 0.4928 0.8420 0.9995
vt 0.5722 0.8242 0.9995
vt 0.5411 0.7672 0.9995
vt 0.4415 0.7895 0.9995
vt 0.7459 0.5117 0.9995
vt 0.5722 0.8242 0.9995
vt 0.7459 0.8242 0.9995
vt 0.7459 0.5117 0.9995
vt 0.5411 0.7672 0.9995
vt 0.5722 0.8242 0.9995
vt 0.7459 0.5117 0.9995
vt 0.5411 0.1224 0.9995
vt 0.5411 0.7672 0.9995
vt 0.8094 0.4924 0.9995
vt 0.5411 0.1224 0.9995
vt 0.7459 0.5117 0.9995
vt 0.8094 0.3712 0.9995
vt 0.5411 0.1224 0.9995
vt 0.8094 0.4924 0.9995
vt 0.5411 0.1224 0.9995
vt 0.0005 0.0004 0.9995
vt 0.0005 0.1224 0.9995
vt 0.5411 0.1224 0.9995
vt 0.7459 0.0004 0.9995
vt 0.0005 0.0004 0.9995
vt 0.5411 0.1224 0.9995
vt 0.7459 0.1705 0.9995
vt 0.7459 0.0004 0.9995
vt 0.8094 0.3712 0.9995
vt 0.7459 0.1705 0.9995
vt 0.5411 0.1224 0.9995
vt 0.8094 0.3712 0.9995
vt 0.8965 0.1842 0.9995
vt 0.7459 0.1705 0.9995
vt 0.8094 0.3712 0.9995
vt 0.9759 0.2203 0.9995
vt 0.8965 0.1842 0.9995
vt 0.8094 0.3712 0.9995
vt 0.9995 0.2709 0.9995
vt 0.9759 0.2203 0.9995
vt 0.8094 0.3712 0.9995
vt 0.9759 0.3215 0.9995
vt 0.9995 0.2709 0.9995
vt 0.8094 0.3712 0.9995
vt 0.8965 0.3575 0.9995
vt 0.9759 0.3215 0.9995
vt 0.9995 0.9995 0.0005
vt 0.0005 0.9995 0.0014
vt 0.0005 0.0005 0.9995
vt 0.0005 0.0005 0.9995
vt 0.9995 0.0005 0.9986
vt 0.9995 0.9995 0.0005
vt -1.2205 1.9540 0.5529
vt -0.1115 -0.0239 0.5529
vt -0.1115 1.7084 0.5529
vt 2.2205 1.9540 0.5529
vt -1.2205 1.9540 0.5529
vt -0.1115 1.7084 0.5529
vt 2.2205 1.9540 0.5529
vt -0.1115 1.7084 0.5529
vt 1.1644 1.7084 0.5524
vt -0.1115 -0.0239 0.5529
vt -1.2205 1.9540 0.5529
vt -1.2205 -0.8090 0.5527
vt -0.1115 -0.0239 0.5529
vt -1.2205 -0.8090 0.5527
vt 2.2205 -0.8090 0.5529
vt 1.1644 -0.0239 0.5524
vt -0.1115 -0.0239 0.5529
vt 2.2205 -0.8090 0.5529
vt 1.1644 -0.0239 0.5524
vt 2.2205 -0.8090 0.5529
vt 2.2205 1.9540 0.5529
vt 1.1644 1.7084 0.5524
vt 1.1644 -0.0239 0.5524
vt 2.2205 1.9540 0.5529
vt -1.2205 -0.8540 0.9993
vt 2.2205 -0.8540 0.9995
vt 2.2205 -0.8090 0.5529
vt 2.2205 -0.8090 0.5529
vt -1.2205 -0.8090 0.5527
vt -1.2205 -0.8540 0.9993
vt -1.2205 -0.9540 0.9993
vt 2.2205 -0.9540 0.9995
vt 2.2205 -0.8540 0.9995
vt 2.2205 -0.8540 0.9995
vt -1.2205 -0.8540 0.9993
vt -1.2205 -0.9540 0.9993
vt -1.2205 -0.9540 0.6555
vt 2.2205 -0.9540 0.6557
vt 2.2205 -0.9540 0.9995
vt 2.2205 -0.9540 0.9995
vt -1.2205 -0.9540 0.9993
vt -1.2205 -0.9540 0.6555
vt -0.1115 -0.0083 0.0010
vt -0.1115 1.7084 0.0010
vt -0.1115 1.7084 0.5529
vt -0.1115 1.7084 0.5529
vt -0.1115 -0.0239 0.5529
vt -0.1115 -0.0083 0.0010
vt -0.1115 1.7084 0.0010
vt 1.1644 1.7084 0.0005
vt 1.1644 1.7084 0.5524
vt 1.1644 1.7084 0.5524
vt -0.1115 1.7084 0.5529
vt -0.1115 1.7084 0.0010
vt 1.1644 1.7084 0.0005
vt 1.1644 -0.0083 0.0005
vt 1.1644 -0.0239 0.5524
vt 1.1644 -0.0239 0.5524
vt 1.1644 1.7084 0.5524
vt 1.1644 1.7084 0.0005
vt 0.0005 0.9995 0.9988
vt 0.0005 0.0005 0.9995
vt 0.9995 0.0005 0.0006
vt 0.9995 0.0005 0.0006
vt 0.9995 0.9995 0.0005
vt 0.0005 0.9995 0.9988
vt 1.1736 0.4603 0.0005
vt -0.1736 0.4603 0.0006
vt -0.1736 0.3426 0.9995
vt -0.1736 0.3426 0.9995
vt 1.1736 0.3426 0.9994
vt 1.1736 0.4603 0.0005
vt -0.1736 0.3426 0.9995
vt -0.1736 0.4603 0.0006
vt -0.1736 0.6574 0.0006
vt 1.1736 0.3426 0.9994
vt 1.1736 0.6574 0.0005
vt 1.1736 0.4603 0.0005
vt 0.6897 0.0076 0.0006
vt 0.6897 0.4424 0.9995
vt 0.0003 0.4424 0.9993
vt 0.0003 0.0076 0.0005
vt 0.6897 0.0076 0.0006
vt 0.0003 0.4424 0.9993
vt 0.0000 0.0000 0.0000
vt 0.0000 0.0000 41738587290283803000.0000
vt 0.0000 0.0000 448711876411392.0000
vt 0.0000 0.0000 448711876411392.0000
vt 0.0000 17509996450728116000.0000 13.7637
vt 0.0000 0.0000 0.0000
vt -0.1115 -0.0239 0.5529
vt 1.1644 -0.0239 0.5524
vt -0.1115 -0.0239 0.5529
vt 1.1644 -0.0239 0.5524
vt -0.1115 -0.0239 0.5529
vt 1.1644 -0.0239 0.5524
vt 0.9031 0.0005 0.9995
vt 0.9995 0.6381 0.9995
vt 0.7289 0.6381 0.9995
vt 0.8625 0.0005 0.9995
vt 0.9031 0.0005 0.9995
vt 0.7289 0.6381 0.9995
vt 0.6616 0.0005 0.9995
vt 0.8625 0.0005 0.9995
vt 0.7289 0.6381 0.9995
vt 0.5698 0.0000 0.9995
vt 0.6616 0.0005 0.9995
vt 0.7289 0.6381 0.9995
vt 0.5698 0.0000 0.9995
vt 0.7289 0.6381 0.9995
vt 0.6579 0.6385 0.9995
vt 0.4673 0.0000 0.9995
vt 0.5698 0.0000 0.9995
vt 0.6579 0.6385 0.9995
vt 0.4673 0.0000 0.9995
vt 0.6579 0.6385 0.9995
vt 0.5426 0.6385 0.9995
vt 0.1091 0.6385 0.9995
vt 0.0005 0.6385 0.9995
vt 0.0005 0.0000 0.9995
vt 0.1091 0.6385 0.9995
vt 0.0005 0.0000 0.9995
vt 0.1036 0.0000 0.9995
vt 0.2368 0.6385 0.9995
vt 0.1091 0.6385 0.9995
vt 0.1036 0.0000 0.9995
vt 0.2368 0.6385 0.9995
vt 0.1036 0.0000 0.9995
vt 0.2148 0.0000 0.9995
vt 0.3900 0.6385 0.9995
vt 0.2368 0.6385 0.9995
vt 0.2148 0.0000 0.9995
vt 0.3900 0.6385 0.9995
vt 0.2148 0.0000 0.9995
vt 0.3433 0.0000 0.9995
vt 0.5426 0.6385 0.9995
vt 0.3900 0.6385 0.9995
vt 0.3433 0.0000 0.9995
vt 0.4673 0.0000 0.9995
vt 0.5426 0.6385 0.9995
vt 0.3433 0.0000 0.9995
vt 0.9031 0.0005 0.9076
vt 0.9995 0.6381 0.9076
vt 0.9995 0.6381 0.9995
vt 0.9995 0.6381 0.9995
vt 0.9031 0.0005 0.9995
vt 0.9031 0.0005 0.9076
vt 0.9031 0.0005 0.8846
vt 0.9995 0.6381 0.8846
vt 0.9995 0.6381 0.9076
vt 0.9995 0.6381 0.9076
vt 0.9031 0.0005 0.9076
vt 0.9031 0.0005 0.8846
vt 0.9031 0.0005 0.0005
vt 0.9995 0.6381 0.0005
vt 0.9995 0.6381 0.8846
vt 0.9995 0.6381 0.8846
vt 0.9031 0.0005 0.8846
vt 0.9031 0.0005 0.0005
vt 0.0005 0.0766 0.9995
vt 0.5411 0.0766 0.9995
vt 0.5411 0.0766 0.0005
vt 0.5411 0.0766 0.0005
vt 0.0005 0.0766 0.0005
vt 0.0005 0.0766 0.9995
vt 0.5411 0.0766 0.9995
vt 0.5411 0.7672 0.9995
vt 0.5411 0.7672 0.0005
vt 0.5411 0.7672 0.0005
vt 0.5411 0.0766 0.0005
vt 0.5411 0.0766 0.9995
vt 0.5411 0.7672 0.9995
vt 0.4415 0.7895 0.9995
vt 0.4415 0.7895 0.0005
vt 0.4415 0.7895 0.0005
vt 0.5411 0.7672 0.0005
vt 0.5411 0.7672 0.9995
vt 0.4415 0.7895 0.9995
vt 0.3630 0.8042 0.9995
vt 0.3630 0.8042 0.0005
vt 0.3630 0.8042 0.0005
vt 0.4415 0.7895 0.0005
vt 0.4415 0.7895 0.9995
vt 0.3630 0.8042 0.9995
vt 0.2681 0.8167 0.9995
vt 0.2681 0.8167 0.0005
vt 0.2681 0.8167 0.0005
vt 0.3630 0.8042 0.0005
vt 0.3630 0.8042 0.9995
vt 0.2681 0.8167 0.9995
vt 0.1677 0.8252 0.9995
vt 0.1677 0.8252 0.0005
vt 0.1677 0.8252 0.0005
vt 0.2681 0.8167 0.0005
vt 0.2681 0.8167 0.9995
vt 0.1677 0.8252 0.9995
vt 0.0787 0.8296 0.9995
vt 0.0787 0.8296 0.0005
vt 0.0787 0.8296 0.0005
vt 0.1677 0.8252 0.0005
vt 0.1677 0.8252 0.9995
vt 0.0787 0.8296 0.9995
vt 0.0005 0.8296 0.9995
vt 0.0005 0.8296 0.0005
vt 0.0005 0.8296 0.0005
vt 0.0787 0.8296 0.0005
vt 0.0787 0.8296 0.9995
vt 0.8094 0.4924 0.0011
vt 0.7459 0.5117 0.0011
vt 0.7459 0.5117 0.9995
vt 0.7459 0.5117 0.9995
vt 0.8094 0.4924 0.9995
vt 0.8094 0.4924 0.0011
vt 0.8094 0.3712 0.0011
vt 0.8094 0.4924 0.0011
vt 0.8094 0.4924 0.9995
vt 0.8094 0.4924 0.9995
vt 0.8094 0.3712 0.9995
vt 0.8094 0.3712 0.0011
vt 0.0005 0.0004 0.0011
vt 0.7459 0.0004 0.0011
vt 0.7459 0.0004 0.9995
vt 0.7459 0.0004 0.9995
vt 0.0005 0.0004 0.9995
vt 0.0005 0.0004 0.0011
vt 0.7459 0.1705 0.0011
vt 0.8965 0.1842 0.0011
vt 0.8965 0.1842 0.9995
vt 0.8965 0.1842 0.9995
vt 0.7459 0.1705 0.9995
vt 0.7459 0.1705 0.0011
vt 0.8965 0.1842 0.0011
vt 0.9759 0.2203 0.0011
vt 0.9759 0.2203 0.9995
vt 0.9759 0.2203 0.9995
vt 0.8965 0.1842 0.9995
vt 0.8965 0.1842 0.0011
vt 0.9759 0.2203 0.0011
vt 0.9995 0.2709 0.0011
vt 0.9995 0.2709 0.9995
vt 0.9995 0.2709 0.9995
vt 0.9759 0.2203 0.9995
vt 0.9759 0.2203 0.0011
vt 0.9995 0.2709 0.0011
vt 0.9759 0.3215 0.0011
vt 0.9759 0.3215 0.9995
vt 0.9759 0.3215 0.9995
vt 0.9995 0.2709 0.9995
vt 0.9995 0.2709 0.0011
vt 0.9759 0.3215 0.0011
vt 0.8965 0.3575 0.0011
vt 0.8965 0.3575 0.9995
vt 0.8965 0.3575 0.9995
vt 0.9759 0.3215 0.9995
vt 0.9759 0.3215 0.0011
vt 0.8965 0.3575 0.0011
vt 0.8094 0.3712 0.0011
vt 0.8094 0.3712 0.9995
vt 0.8094 0.3712 0.9995
vt 0.8965 0.3575 0.9995
vt 0.8965 0.3575 0.0011
vt 0.8094 0.3712 0.0011
vt 0.8965 0.3575 0.0011
vt 0.9759 0.3215 0.0011
vt 0.8094 0.3712 0.0011
vt 0.9759 0.3215 0.0011
vt 0.9995 0.2709 0.0011
vt 0.8094 0.3712 0.0011
vt 0.9995 0.2709 0.0011
vt 0.9759 0.2203 0.0011
vt 0.8094 0.3712 0.0011
vt 0.9759 0.2203 0.0011
vt 0.8965 0.1842 0.0011
vt 0.8094 0.3712 0.0011
vt 0.8965 0.1842 0.0011
vt 0.7459 0.1705 0.0011
vt 0.7459 0.5117 0.0011
vt 0.8094 0.4924 0.0011
vt 0.8094 0.3712 0.0011
vt 0.7459 0.5117 0.0011
vt 0.8094 0.3712 0.0011
vt 0.7459 0.1705 0.0011
vt 0.0005 0.9076 0.9347
vt 0.2711 0.9076 0.9347
vt 0.2711 0.9995 0.9347
vt 0.2711 0.9995 0.9347
vt 0.0005 0.9995 0.9347
vt 0.0005 0.9076 0.9347
vt 0.3815 0.3100 0.0000
vt 0.4094 0.3100 0.0000
vt 0.4094 0.3100 0.2000
vt 0.4094 0.3100 0.2000
vt 0.3815 0.3100 0.2000
vt 0.3815 0.3100 0.0000
vt 0.2431 0.3100 0.0000
vt 0.3815 0.3100 0.0000
vt 0.3815 0.3100 0.2000
vt 0.3815 0.3100 0.2000
vt 0.2431 0.3100 0.2000
vt 0.2431 0.3100 0.0000
vt 0.1799 0.3409 0.0000
vt 0.2431 0.3100 0.0000
vt 0.2431 0.3100 0.2000
vt 0.2431 0.3100 0.2000
vt 0.1799 0.3409 0.2000
vt 0.1799 0.3409 0.0000
vt 0.2711 0.9076 0.9347
vt 0.3421 0.9076 0.9454
vt 0.3421 0.9995 0.9454
vt 0.3421 0.9995 0.9454
vt 0.2711 0.9995 0.9347
vt 0.2711 0.9076 0.9347
vt 0.1093 0.3697 0.0000
vt 0.1799 0.3409 0.0000
vt 0.1799 0.3409 0.2000
vt 0.1799 0.3409 0.2000
vt 0.1093 0.3697 0.2000
vt 0.1093 0.3697 0.0000
vt 0.3421 0.9076 0.9454
vt 0.4574 0.9076 0.9627
vt 0.4574 0.9995 0.9627
vt 0.4574 0.9995 0.9627
vt 0.3421 0.9995 0.9454
vt 0.3421 0.9076 0.9454
vt 0.8909 0.9076 0.9965
vt 0.9995 0.9076 0.9995
vt 0.9995 0.9995 0.9995
vt 0.9995 0.9995 0.9995
vt 0.8909 0.9995 0.9965
vt 0.8909 0.9076 0.9965
vt -0.2122 0.4238 0.0000
vt -0.1412 0.4189 0.0000
vt -0.1412 0.4189 0.2000
vt -0.1412 0.4189 0.2000
vt -0.2122 0.4238 0.2000
vt -0.2122 0.4238 0.0000
vt 0.7632 0.9076 0.9911
vt 0.8909 0.9076 0.9965
vt 0.8909 0.9995 0.9965
vt 0.8909 0.9995 0.9965
vt 0.7632 0.9995 0.9911
vt 0.7632 0.9076 0.9911
vt -0.1412 0.4189 0.0000
vt -0.0646 0.4107 0.0000
vt -0.0646 0.4107 0.2000
vt -0.0646 0.4107 0.2000
vt -0.1412 0.4189 0.2000
vt -0.1412 0.4189 0.0000
vt 0.6100 0.9076 0.9800
vt 0.7632 0.9076 0.9911
vt 0.7632 0.9995 0.9911
vt 0.7632 0.9995 0.9911
vt 0.6100 0.9995 0.9800
vt 0.6100 0.9076 0.9800
vt -0.0646 0.4107 0.0000
vt 0.0239 0.3943 0.0000
vt 0.0239 0.3943 0.2000
vt 0.0239 0.3943 0.2000
vt -0.0646 0.4107 0.2000
vt -0.0646 0.4107 0.0000
vt 0.4574 0.9076 0.9627
vt 0.6100 0.9076 0.9800
vt 0.6100 0.9995 0.9800
vt 0.6100 0.9995 0.9800
vt 0.4574 0.9995 0.9627
vt 0.4574 0.9076 0.9627
vt 0.0239 0.3943 0.0000
vt 0.1093 0.3697 0.0000
vt 0.1093 0.3697 0.2000
vt 0.1093 0.3697 0.2000
vt 0.0239 0.3943 0.2000
vt 0.0239 0.3943 0.0000
vt 0.3815 -0.2339 -0.0500
vt 0.3815 0.3100 -0.0500
vt 0.3815 0.3100 0.0000
vt 0.3815 0.3100 0.0000
vt 0.3815 -0.2339 0.0000
vt 0.3815 -0.2339 -0.0500
vt 0.3815 -1.1240 -0.0500
vt 0.3815 -0.8278 -0.0500
vt 0.3815 -0.8278 0.0000
vt 0.3815 -0.8278 0.0000
vt 0.3815 -1.1240 0.0000
vt 0.3815 -1.1240 -0.0500
vt 0.0005 0.8846 0.9347
vt 0.2711 0.8846 0.9347
vt 0.2711 0.9076 0.9347
vt 0.2711 0.9076 0.9347
vt 0.0005 0.9076 0.9347
vt 0.0005 0.8846 0.9347
vt 0.3815 0.3100 -0.0500
vt 0.4094 0.3100 -0.0500
vt 0.4094 0.3100 0.0000
vt 0.4094 0.3100 0.0000
vt 0.3815 0.3100 0.0000
vt 0.3815 0.3100 -0.0500
vt 0.2711 0.8846 0.9347
vt 0.3421 0.8846 0.9454
vt 0.3421 0.9076 0.9454
vt 0.3421 0.9076 0.9454
vt 0.2711 0.9076 0.9347
vt 0.2711 0.8846 0.9347
vt 0.3421 0.8846 0.9454
vt 0.4574 0.8846 0.9627
vt 0.4574 0.9076 0.9627
vt 0.4574 0.9076 0.9627
vt 0.3421 0.9076 0.9454
vt 0.3421 0.8846 0.9454
vt 0.8909 0.8846 0.9965
vt 0.9995 0.8846 0.9995
vt 0.9995 0.9076 0.9995
vt 0.9995 0.9076 0.9995
vt 0.8909 0.9076 0.9965
vt 0.8909 0.8846 0.9965
vt 0.7632 0.8846 0.9911
vt 0.8909 0.8846 0.9965
vt 0.8909 0.9076 0.9965
vt 0.8909 0.9076 0.9965
vt 0.7632 0.9076 0.9911
vt 0.7632 0.8846 0.9911
vt 0.6100 0.8846 0.9800
vt 0.7632 0.8846 0.9911
vt 0.7632 0.9076 0.9911
vt 0.7632 0.9076 0.9911
vt 0.6100 0.9076 0.9800
vt 0.6100 0.8846 0.9800
vt 0.4574 0.8846 0.9627
vt 0.6100 0.8846 0.9800
vt 0.6100 0.9076 0.9800
vt 0.6100 0.9076 0.9800
vt 0.4574 0.9076 0.9627
vt 0.4574 0.8846 0.9627
vt 0.3815 0.3100 -0.0500
vt 0.3815 -0.2339 -0.0500
vt 0.3815 0.3100 -1.9733
vt 0.0005 0.0005 0.9347
vt 0.2711 0.0005 0.9347
vt 0.2711 0.8846 0.9347
vt 0.2711 0.8846 0.9347
vt 0.0005 0.8846 0.9347
vt 0.0005 0.0005 0.9347
vt 0.3815 0.3100 -1.9733
vt 0.4094 0.3100 -1.9733
vt 0.4094 0.3100 -0.0500
vt 0.4094 0.3100 -0.0500
vt 0.3815 0.3100 -0.0500
vt 0.3815 0.3100 -1.9733
vt 0.2711 0.0005 0.9347
vt 0.3421 0.0005 0.9454
vt 0.3421 0.8846 0.9454
vt 0.3421 0.8846 0.9454
vt 0.2711 0.8846 0.9347
vt 0.2711 0.0005 0.9347
vt 0.3421 0.0005 0.9454
vt 0.4574 0.0005 0.9627
vt 0.4574 0.8846 0.9627
vt 0.4574 0.8846 0.9627
vt 0.3421 0.8846 0.9454
vt 0.3421 0.0005 0.9454
vt 0.8909 0.0005 0.9965
vt 0.9995 0.0005 0.9995
vt 0.9995 0.8846 0.9995
vt 0.9995 0.8846 0.9995
vt 0.8909 0.8846 0.9965
vt 0.8909 0.0005 0.9965
vt 0.7632 0.0005 0.9911
vt 0.8909 0.0005 0.9965
vt 0.8909 0.8846 0.9965
vt 0.8909 0.8846 0.9965
vt 0.7632 0.8846 0.9911
vt 0.7632 0.0005 0.9911
vt 0.6100 0.0005 0.9800
vt 0.7632 0.0005 0.9911
vt 0.7632 0.8846 0.9911
vt 0.7632 0.8846 0.9911
vt 0.6100 0.8846 0.9800
vt 0.6100 0.0005 0.9800
vt 0.4574 0.0005 0.9627
vt 0.6100 0.0005 0.9800
vt 0.6100 0.8846 0.9800
vt 0.6100 0.8846 0.9800
vt 0.4574 0.8846 0.9627
vt 0.4574 0.0005 0.9627
vt 0.3815 0.3100 -1.9733
vt 0.3815 -0.2339 -0.0500
vt 0.3815 -0.8278 -0.0500
vt 0.9031 0.0005 0.9995
vt 0.7289 0.6381 0.9995
vt 0.9995 0.6381 0.9995
vt 0.8625 0.0005 0.9995
vt 0.7289 0.6381 0.9995
vt 0.9031 0.0005 0.9995
vt 0.6616 0.0005 0.9995
vt 0.7289 0.6381 0.9995
vt 0.8625 0.0005 0.9995
vt 0.5698 0.0000 0.9995
vt 0.7289 0.6381 0.9995
vt 0.6616 0.0005 0.9995
vt 0.5698 0.0000 0.9995
vt 0.6579 0.6385 0.9995
vt 0.7289 0.6381 0.9995
vt 0.4673 0.0000 0.9995
vt 0.6579 0.6385 0.9995
vt 0.5698 0.0000 0.9995
vt 0.4673 0.0000 0.9995
vt 0.5426 0.6385 0.9995
vt 0.6579 0.6385 0.9995
vt 0.1091 0.6385 0.9995
vt 0.0005 0.0000 0.9995
vt 0.0005 0.6385 0.9995
vt 0.1091 0.6385 0.9995
vt 0.1036 0.0000 0.9995
vt 0.0005 0.0000 0.9995
vt 0.2368 0.6385 0.9995
vt 0.1036 0.0000 0.9995
vt 0.1091 0.6385 0.9995
vt 0.2368 0.6385 0.9995
vt 0.2148 0.0000 0.9995
vt 0.1036 0.0000 0.9995
vt 0.3900 0.6385 0.9995
vt 0.2148 0.0000 0.9995
vt 0.2368 0.6385 0.9995
vt 0.3900 0.6385 0.9995
vt 0.3433 0.0000 0.9995
vt 0.2148 0.0000 0.9995
vt 0.5426 0.6385 0.9995
vt 0.3433 0.0000 0.9995
vt 0.3900 0.6385 0.9995
vt 0.4673 0.0000 0.9995
vt 0.3433 0.0000 0.9995
vt 0.5426 0.6385 0.9995
vt 0.9031 0.0005 0.9076
vt 0.9995 0.6381 0.9995
vt 0.9995 0.6381 0.9076
vt 0.9995 0.6381 0.9995
vt 0.9031 0.0005 0.9076
vt 0.9031 0.0005 0.9995
vt 0.9031 0.0005 0.8846
vt 0.9995 0.6381 0.9076
vt 0.9995 0.6381 0.8846
vt 0.9995 0.6381 0.9076
vt 0.9031 0.0005 0.8846
vt 0.9031 0.0005 0.9076
vt 0.9031 0.0005 0.0005
vt 0.9995 0.6381 0.8846
vt 0.9995 0.6381 0.0005
vt 0.9995 0.6381 0.8846
vt 0.9031 0.0005 0.0005
vt 0.9031 0.0005 0.8846
vt 0.0005 0.0766 0.9995
vt 0.5411 0.0766 0.0005
vt 0.5411 0.0766 0.9995
vt 0.5411 0.0766 0.0005
vt 0.0005 0.0766 0.9995
vt 0.0005 0.0766 0.0005
vt 0.5411 0.0766 0.9995
vt 0.5411 0.7672 0.0005
vt 0.5411 0.7672 0.9995
vt 0.5411 0.7672 0.0005
vt 0.5411 0.0766 0.9995
vt 0.5411 0.0766 0.0005
vt 0.5411 0.7672 0.9995
vt 0.4415 0.7895 0.0005
vt 0.4415 0.7895 0.9995
vt 0.4415 0.7895 0.0005
vt 0.5411 0.7672 0.9995
vt 0.5411 0.7672 0.0005
vt 0.4415 0.7895 0.9995
vt 0.3630 0.8042 0.0005
vt 0.3630 0.8042 0.9995
vt 0.3630 0.8042 0.0005
vt 0.4415 0.7895 0.9995
vt 0.4415 0.7895 0.0005
vt 0.3630 0.8042 0.9995
vt 0.2681 0.8167 0.0005
vt 0.2681 0.8167 0.9995
vt 0.2681 0.8167 0.0005
vt 0.3630 0.8042 0.9995
vt 0.3630 0.8042 0.0005
vt 0.2681 0.8167 0.9995
vt 0.1677 0.8252 0.0005
vt 0.1677 0.8252 0.9995
vt 0.1677 0.8252 0.0005
vt 0.2681 0.8167 0.9995
vt 0.2681 0.8167 0.0005
vt 0.1677 0.8252 0.9995
vt 0.0787 0.8296 0.0005
vt 0.0787 0.8296 0.9995
vt 0.0787 0.8296 0.0005
vt 0.1677 0.8252 0.9995
vt 0.1677 0.8252 0.0005
vt 0.0787 0.8296 0.9995
vt 0.0005 0.8296 0.0005
vt 0.0005 0.8296 0.9995
vt 0.0005 0.8296 0.0005
vt 0.0787 0.8296 0.9995
vt 0.0787 0.8296 0.0005
vt 0.8094 0.4924 0.0011
vt 0.7459 0.5117 0.9995
vt 0.7459 0.5117 0.0011
vt 0.7459 0.5117 0.9995
vt 0.8094 0.4924 0.0011
vt 0.8094 0.4924 0.9995
vt 0.8094 0.3712 0.0011
vt 0.8094 0.4924 0.9995
vt 0.8094 0.4924 0.0011
vt 0.8094 0.4924 0.9995
vt 0.8094 0.3712 0.0011
vt 0.8094 0.3712 0.9995
vt 0.0005 0.0004 0.0011
vt 0.7459 0.0004 0.9995
vt 0.7459 0.0004 0.0011
vt 0.7459 0.0004 0.9995
vt 0.0005 0.0004 0.0011
vt 0.0005 0.0004 0.9995
vt 0.7459 0.1705 0.0011
vt 0.8965 0.1842 0.9995
vt 0.8965 0.1842 0.0011
vt 0.8965 0.1842 0.9995
vt 0.7459 0.1705 0.0011
vt 0.7459 0.1705 0.9995
vt 0.8965 0.1842 0.0011
vt 0.9759 0.2203 0.9995
vt 0.9759 0.2203 0.0011
vt 0.9759 0.2203 0.9995
vt 0.8965 0.1842 0.0011
vt 0.8965 0.1842 0.9995
vt 0.9759 0.2203 0.0011
vt 0.9995 0.2709 0.9995
vt 0.9995 0.2709 0.0011
vt 0.9995 0.2709 0.9995
vt 0.9759 0.2203 0.0011
vt 0.9759 0.2203 0.9995
vt 0.9995 0.2709 0.0011
vt 0.9759 0.3215 0.9995
vt 0.9759 0.3215 0.0011
vt 0.9759 0.3215 0.9995
vt 0.9995 0.2709 0.0011
vt 0.9995 0.2709 0.9995
vt 0.9759 0.3215 0.0011
vt 0.8965 0.3575 0.9995
vt 0.8965 0.3575 0.0011
vt 0.8965 0.3575 0.9995
vt 0.9759 0.3215 0.0011
vt 0.9759 0.3215 0.9995
vt 0.8965 0.3575 0.0011
vt 0.8094 0.3712 0.9995
vt 0.8094 0.3712 0.0011
vt 0.8094 0.3712 0.9995
vt 0.8965 0.3575 0.0011
vt 0.8965 0.3575 0.9995
vt 0.8094 0.3712 0.0011
vt 0.9759 0.3215 0.0011
vt 0.8965 0.3575 0.0011
vt 0.8094 0.3712 0.0011
vt 0.9995 0.2709 0.0011
vt 0.9759 0.3215 0.0011
vt 0.8094 0.3712 0.0011
vt 0.9759 0.2203 0.0011
vt 0.9995 0.2709 0.0011
vt 0.8094 0.3712 0.0011
vt 0.8965 0.1842 0.0011
vt 0.9759 0.2203 0.0011
vt 0.8094 0.3712 0.0011
vt 0.7459 0.1705 0.0011
vt 0.8965 0.1842 0.0011
vt 0.7459 0.5117 0.0011
vt 0.8094 0.3712 0.0011
vt 0.8094 0.4924 0.0011
vt 0.7459 0.5117 0.0011
vt 0.7459 0.1705 0.0011
vt 0.8094 0.3712 0.0011
vt 0.0005 0.9076 0.9347
vt 0.2711 0.9995 0.9347
vt 0.2711 0.9076 0.9347
vt 0.2711 0.9995 0.9347
vt 0.0005 0.9076 0.9347
vt 0.0005 0.9995 0.9347
vt 0.3815 0.3100 0.0000
vt 0.4094 0.3100 0.2000
vt 0.4094 0.3100 0.0000
vt 0.4094 0.3100 0.2000
vt 0.3815 0.3100 0.0000
vt 0.3815 0.3100 0.2000
vt 0.2431 0.3100 0.0000
vt 0.3815 0.3100 0.2000
vt 0.3815 0.3100 0.0000
vt 0.3815 0.3100 0.2000
vt 0.2431 0.3100 0.0000
vt 0.2431 0.3100 0.2000
vt 0.1799 0.3409 0.0000
vt 0.2431 0.3100 0.2000
vt 0.2431 0.3100 0.0000
vt 0.2431 0.3100 0.2000
vt 0.1799 0.3409 0.0000
vt 0.1799 0.3409 0.2000
vt 0.2711 0.9076 0.9347
vt 0.3421 0.9995 0.9454
vt 0.3421 0.9076 0.9454
vt 0.3421 0.9995 0.9454
vt 0.2711 0.9076 0.9347
vt 0.2711 0.9995 0.9347
vt 0.1093 0.3697 0.0000
vt 0.1799 0.3409 0.2000
vt 0.1799 0.3409 0.0000
vt 0.1799 0.3409 0.2000
vt 0.1093 0.3697 0.0000
vt 0.1093 0.3697 0.2000
vt 0.3421 0.9076 0.9454
vt 0.4574 0.9995 0.9627
vt 0.4574 0.9076 0.9627
vt 0.4574 0.9995 0.9627
vt 0.3421 0.9076 0.9454
vt 0.3421 0.9995 0.9454
vt 0.8909 0.9076 0.9965
vt 0.9995 0.9995 0.9995
vt 0.9995 0.9076 0.9995
vt 0.9995 0.9995 0.9995
vt 0.8909 0.9076 0.9965
vt 0.8909 0.9995 0.9965
vt -0.2122 0.4238 0.0000
vt -0.1412 0.4189 0.2000
vt -0.1412 0.4189 0.0000
vt -0.1412 0.4189 0.2000
vt -0.2122 0.4238 0.0000
vt -0.2122 0.4238 0.2000
vt 0.7632 0.9076 0.9911
vt 0.8909 0.9995 0.9965
vt 0.8909 0.9076 0.9965
vt 0.8909 0.9995 0.9965
vt 0.7632 0.9076 0.9911
vt 0.7632 0.9995 0.9911
vt -0.1412 0.4189 0.0000
vt -0.0646 0.4107 0.2000
vt -0.0646 0.4107 0.0000
vt -0.0646 0.4107 0.2000
vt -0.1412 0.4189 0.0000
vt -0.1412 0.4189 0.2000
vt 0.6100 0.9076 0.9800
vt 0.7632 0.9995 0.9911
vt 0.7632 0.9076 0.9911
vt 0.7632 0.9995 0.9911
vt 0.6100 0.9076 0.9800
vt 0.6100 0.9995 0.9800
vt -0.0646 0.4107 0.0000
vt 0.0239 0.3943 0.2000
vt 0.0239 0.3943 0.0000
vt 0.0239 0.3943 0.2000
vt -0.0646 0.4107 0.0000
vt -0.0646 0.4107 0.2000
vt 0.4574 0.9076 0.9627
vt 0.6100 0.9995 0.9800
vt 0.6100 0.9076 0.9800
vt 0.6100 0.9995 0.9800
vt 0.4574 0.9076 0.9627
vt 0.4574 0.9995 0.9627
vt 0.0239 0.3943 0.0000
vt 0.1093 0.3697 0.2000
vt 0.1093 0.3697 0.0000
vt 0.1093 0.3697 0.2000
vt 0.0239 0.3943 0.0000
vt 0.0239 0.3943 0.2000
vt 0.3815 -0.2339 -0.0500
vt 0.3815 0.3100 0.0000
vt 0.3815 0.3100 -0.0500
vt 0.3815 0.3100 0.0000
vt 0.3815 -0.2339 -0.0500
vt 0.3815 -0.2339 0.0000
vt 0.3815 -1.1240 -0.0500
vt 0.3815 -0.8278 0.0000
vt 0.3815 -0.8278 -0.0500
vt 0.3815 -0.8278 0.0000
vt 0.3815 -1.1240 -0.0500
vt 0.3815 -1.1240 0.0000
vt 0.0005 0.8846 0.9347
vt 0.2711 0.9076 0.9347
vt 0.2711 0.8846 0.9347
vt 0.2711 0.9076 0.9347
vt 0.0005 0.8846 0.9347
vt 0.0005 0.9076 0.9347
vt 0.3815 0.3100 -0.0500
vt 0.4094 0.3100 0.0000
vt 0.4094 0.3100 -0.0500
vt 0.4094 0.3100 0.0000
vt 0.3815 0.3100 -0.0500
vt 0.3815 0.3100 0.0000
vt 0.2711 0.8846 0.9347
vt 0.3421 0.9076 0.9454
vt 0.3421 0.8846 0.9454
vt 0.3421 0.9076 0.9454
vt 0.2711 0.8846 0.9347
vt 0.2711 0.9076 0.9347
vt 0.3421 0.8846 0.9454
vt 0.4574 0.9076 0.9627
vt 0.4574 0.8846 0.9627
vt 0.4574 0.9076 0.9627
vt 0.3421 0.8846 0.9454
vt 0.3421 0.9076 0.9454
vt 0.8909 0.8846 0.9965
vt 0.9995 0.9076 0.9995
vt 0.9995 0.8846 0.9995
vt 0.9995 0.9076 0.9995
vt 0.8909 0.8846 0.9965
vt 0.8909 0.9076 0.9965
vt 0.7632 0.8846 0.9911
vt 0.8909 0.9076 0.9965
vt 0.8909 0.8846 0.9965
vt 0.8909 0.9076 0.9965
vt 0.7632 0.8846 0.9911
vt 0.7632 0.9076 0.9911
vt 0.6100 0.8846 0.9800
vt 0.7632 0.9076 0.9911
vt 0.7632 0.8846 0.9911
vt 0.7632 0.9076 0.9911
vt 0.6100 0.8846 0.9800
vt 0.6100 0.9076 0.9800
vt 0.4574 0.8846 0.9627
vt 0.6100 0.9076 0.9800
vt 0.6100 0.8846 0.9800
vt 0.6100 0.9076 0.9800
vt 0.4574 0.8846 0.9627
vt 0.4574 0.9076 0.9627
vt 0.3815 0.3100 -0.0500
vt 0.3815 0.3100 -1.9733
vt 0.3815 -0.2339 -0.0500
vt 0.0005 0.0005 0.9347
vt 0.2711 0.8846 0.9347
vt 0.2711 0.0005 0.9347
vt 0.2711 0.8846 0.9347
vt 0.0005 0.0005 0.9347
vt 0.0005 0.8846 0.9347
vt 0.3815 0.3100 -1.9733
vt 0.4094 0.3100 -0.0500
vt 0.4094 0.3100 -1.9733
vt 0.4094 0.3100 -0.0500
vt 0.3815 0.3100 -1.9733
vt 0.3815 0.3100 -0.0500
vt 0.2711 0.0005 0.9347
vt 0.3421 0.8846 0.9454
vt 0.3421 0.0005 0.9454
vt 0.3421 0.8846 0.9454
vt 0.2711 0.0005 0.9347
vt 0.2711 0.8846 0.9347
vt 0.3421 0.0005 0.9454
vt 0.4574 0.8846 0.9627
vt 0.4574 0.0005 0.9627
vt 0.4574 0.8846 0.9627
vt 0.3421 0.0005 0.9454
vt 0.3421 0.8846 0.9454
vt 0.8909 0.0005 0.9965
vt 0.9995 0.8846 0.9995
vt 0.9995 0.0005 0.9995
vt 0.9995 0.8846 0.9995
vt 0.8909 0.0005 0.9965
vt 0.8909 0.8846 0.9965
vt 0.7632 0.0005 0.9911
vt 0.8909 0.8846 0.9965
vt 0.8909 0.0005 0.9965
vt 0.8909 0.8846 0.9965
vt 0.7632 0.0005 0.9911
vt 0.7632 0.8846 0.9911
vt 0.6100 0.0005 0.9800
vt 0.7632 0.8846 0.9911
vt 0.7632 0.0005 0.9911
vt 0.7632 0.8846 0.9911
vt 0.6100 0.0005 0.9800
vt 0.6100 0.8846 0.9800
vt 0.4574 0.0005 0.9627
vt 0.6100 0.8846 0.9800
vt 0.6100 0.0005 0.9800
vt 0.6100 0.8846 0.9800
vt 0.4574 0.0005 0.9627
vt 0.4574 0.8846 0.9627
vt 0.3815 0.3100 -1.9733
vt 0.3815 -0.8278 -0.0500
vt 0.3815 -0.2339 -0.0500
vt 0.0005 0.0766 0.0005
vt 0.5411 0.0766 0.0005
vt 0.5411 0.7672 0.0005
vt 0.0005 0.8296 0.0005
vt 0.0005 0.0766 0.0005
vt 0.5411 0.7672 0.0005
vt 0.0005 0.8296 0.0005
vt 0.5411 0.7672 0.0005
vt 0.4415 0.7895 0.0005
vt 0.0005 0.8296 0.0005
vt 0.4415 0.7895 0.0005
vt 0.3630 0.8042 0.0005
vt 0.0005 0.8296 0.0005
vt 0.3630 0.8042 0.0005
vt 0.2681 0.8167 0.0005
vt 0.0005 0.8296 0.0005
vt 0.2681 0.8167 0.0005
vt 0.1677 0.8252 0.0005
vt 0.0005 0.8296 0.0005
vt 0.1677 0.8252 0.0005
vt 0.0787 0.8296 0.0005
vt 0.0005 0.0766 0.0005
vt 0.5411 0.7672 0.0005
vt 0.5411 0.0766 0.0005
vt 0.0005 0.8296 0.0005
vt 0.5411 0.7672 0.0005
vt 0.0005 0.0766 0.0005
vt 0.0005 0.8296 0.0005
vt 0.4415 0.7895 0.0005
vt 0.5411 0.7672 0.0005
vt 0.0005 0.8296 0.0005
vt 0.3630 0.8042 0.0005
vt 0.4415 0.7895 0.0005
vt 0.0005 0.8296 0.0005
vt 0.2681 0.8167 0.0005
vt 0.3630 0.8042 0.0005
vt 0.0005 0.8296 0.0005
vt 0.1677 0.8252 0.0005
vt 0.2681 0.8167 0.0005
vt 0.0005 0.8296 0.0005
vt 0.0787 0.8296 0.0005
vt 0.1677 0.8252 0.0005
vt 0.0897 0.8868 0.9995
vt 0.0005 0.8896 0.9995
vt 0.0005 0.8296 0.9995
vt 0.0897 0.8868 0.9995
vt 0.0005 0.8296 0.9995
vt 0.0787 0.8296 0.9995
vt 0.1858 0.8821 0.9995
vt 0.0897 0.8868 0.9995
vt 0.0787 0.8296 0.9995
vt 0.1858 0.8821 0.9995
vt 0.0787 0.8296 0.9995
vt 0.1677 0.8252 0.9995
vt 0.2969 0.8727 0.9995
vt 0.1858 0.8821 0.9995
vt 0.1677 0.8252 0.9995
vt 0.2969 0.8727 0.9995
vt 0.1677 0.8252 0.9995
vt 0.2681 0.8167 0.9995
vt 0.4042 0.8586 0.9995
vt 0.2969 0.8727 0.9995
vt 0.2681 0.8167 0.9995
vt 0.4042 0.8586 0.9995
vt 0.2681 0.8167 0.9995
vt 0.3630 0.8042 0.9995
vt 0.4928 0.8420 0.9995
vt 0.4042 0.8586 0.9995
vt 0.3630 0.8042 0.9995
vt 0.4928 0.8420 0.9995
vt 0.3630 0.8042 0.9995
vt 0.4415 0.7895 0.9995
vt 0.5722 0.8242 0.9995
vt 0.4928 0.8420 0.9995
vt 0.4415 0.7895 0.9995
vt 0.5722 0.8242 0.9995
vt 0.4415 0.7895 0.9995
vt 0.5411 0.7672 0.9995
vt 0.7459 0.5117 0.9995
vt 0.7459 0.8242 0.9995
vt 0.5722 0.8242 0.9995
vt 0.7459 0.5117 0.9995
vt 0.5722 0.8242 0.9995
vt 0.5411 0.7672 0.9995
vt 0.7459 0.5117 0.9995
vt 0.5411 0.7672 0.9995
vt 0.5411 0.1224 0.9995
vt 0.8094 0.4924 0.9995
vt 0.7459 0.5117 0.9995
vt 0.5411 0.1224 0.9995
vt 0.8094 0.3712 0.9995
vt 0.8094 0.4924 0.9995
vt 0.5411 0.1224 0.9995
vt 0.5411 0.1224 0.9995
vt 0.0005 0.1224 0.9995
vt 0.0005 0.0004 0.9995
vt 0.5411 0.1224 0.9995
vt 0.0005 0.0004 0.9995
vt 0.7459 0.0004 0.9995
vt 0.5411 0.1224 0.9995
vt 0.7459 0.0004 0.9995
vt 0.7459 0.1705 0.9995
vt 0.8094 0.3712 0.9995
vt 0.5411 0.1224 0.9995
vt 0.7459 0.1705 0.9995
vt 0.8094 0.3712 0.9995
vt 0.7459 0.1705 0.9995
vt 0.8965 0.1842 0.9995
vt 0.8094 0.3712 0.9995
vt 0.8965 0.1842 0.9995
vt 0.9759 0.2203 0.9995
vt 0.8094 0.3712 0.9995
vt 0.9759 0.2203 0.9995
vt 0.9995 0.2709 0.9995
vt 0.8094 0.3712 0.9995
vt 0.9995 0.2709 0.9995
vt 0.9759 0.3215 0.9995
vt 0.8094 0.3712 0.9995
vt 0.9759 0.3215 0.9995
vt 0.8965 0.3575 0.9995
vt 0.0897 0.8868 0.9995
vt 0.0005 0.8296 0.9995
vt 0.0005 0.8896 0.9995
vt 0.0897 0.8868 0.9995
vt 0.0787 0.8296 0.9995
vt 0.0005 0.8296 0.9995
vt 0.1858 0.8821 0.9995
vt 0.0787 0.8296 0.9995
vt 0.0897 0.8868 0.9995
vt 0.1858 0.8821 0.9995
vt 0.1677 0.8252 0.9995
vt 0.0787 0.8296 0.9995
vt 0.2969 0.8727 0.9995
vt 0.1677 0.8252 0.9995
vt 0.1858 0.8821 0.9995
vt 0.2969 0.8727 0.9995
vt 0.2681 0.8167 0.9995
vt 0.1677 0.8252 0.9995
vt 0.4042 0.8586 0.9995
vt 0.2681 0.8167 0.9995
vt 0.2969 0.8727 0.9995
vt 0.4042 0.8586 0.9995
vt 0.3630 0.8042 0.9995
vt 0.2681 0.8167 0.9995
vt 0.4928 0.8420 0.9995
vt 0.3630 0.8042 0.9995
vt 0.4042 0.8586 0.9995
vt 0.4928 0.8420 0.9995
vt 0.4415 0.7895 0.9995
vt 0.3630 0.8042 0.9995
vt 0.5722 0.8242 0.9995
vt 0.4415 0.7895 0.9995
vt 0.4928 0.8420 0.9995
vt 0.5722 0.8242 0.9995
vt 0.5411 0.7672 0.9995
vt 0.4415 0.7895 0.9995
vt 0.7459 0.5117 0.9995
vt 0.5722 0.8242 0.9995
vt 0.7459 0.8242 0.9995
vt 0.7459 0.5117 0.9995
vt 0.5411 0.7672 0.9995
vt 0.5722 0.8242 0.9995
vt 0.7459 0.5117 0.9995
vt 0.5411 0.1224 0.9995
vt 0.5411 0.7672 0.9995
vt 0.8094 0.4924 0.9995
vt 0.5411 0.1224 0.9995
vt 0.7459 0.5117 0.9995
vt 0.8094 0.3712 0.9995
vt 0.5411 0.1224 0.9995
vt 0.8094 0.4924 0.9995
vt 0.5411 0.1224 0.9995
vt 0.0005 0.0004 0.9995
vt 0.0005 0.1224 0.9995
vt 0.5411 0.1224 0.9995
vt 0.7459 0.0004 0.9995
vt 0.0005 0.0004 0.9995
vt 0.5411 0.1224 0.9995
vt 0.7459 0.1705 0.9995
vt 0.7459 0.0004 0.9995
vt 0.8094 0.3712 0.9995
vt 0.7459 0.1705 0.9995
vt 0.5411 0.1224 0.9995
vt 0.8094 0.3712 0.9995
vt 0.8965 0.1842 0.9995
vt 0.7459 0.1705 0.9995
vt 0.8094 0.3712 0.9995
vt 0.9759 0.2203 0.9995
vt 0.8965 0.1842 0.9995
vt 0.8094 0.3712 0.9995
vt 0.9995 0.2709 0.9995
vt 0.9759 0.2203 0.9995
vt 0.8094 0.3712 0.9995
vt 0.9759 0.3215 0.9995
vt 0.9995 0.2709 0.9995
vt 0.8094 0.3712 0.9995
vt 0.8965 0.3575 0.9995
vt 0.9759 0.3215 0.9995
vt 0.0005 0.0005 0.9347
vt 0.2711 0.8846 0.9347
vt 0.2711 0.0005 0.9347
vt 4.6222 -0.4644 0.0005
vt -3.6750 -0.4644 0.0013
vt -3.6750 1.4644 0.9995
vt -3.6750 1.4644 0.9995
vt 4.3636 1.4644 0.9995
vt 4.6222 -0.4644 0.0005
vt 4.6222 -0.4644 0.0005
vt 4.3636 1.4644 0.9995
vt 4.6750 1.4644 0.9987
vt 4.4445 7.4068 -5.7663
vt 4.5096 4.5507 -0.2573
vt 4.4306 6.5851 -6.9382
vt 4.4037 4.9897 -9.2173
vt 4.5096 4.5507 -0.2573
vt 4.4061 4.5796 -9.0119
vt 4.5128 -0.3595 0.0185
vt 4.4065 -0.2817 -8.9766
vt 4.5128 0.0694 0.0185
vt 4.4061 4.1695 -9.0120
vt 4.4061 4.5796 -9.0119
vt 4.4065 4.1697 -8.9766
vt 4.4061 4.5796 -9.0119
vt 4.5096 4.5507 -0.2573
vt 4.4065 4.1697 -8.9766
vt 4.5096 4.5507 -0.2573
vt 4.5258 3.2734 1.1165
vt 4.4065 4.1697 -8.9766
vt 4.5136 0.0694 0.0809
vt 4.5128 0.0694 0.0185
vt 4.5136 0.1694 0.0809
vt 4.5128 0.0694 0.0185
vt 4.4065 0.4396 -8.9766
vt 4.5136 0.1694 0.0809
vt 4.5136 0.1694 0.0809
vt 4.4065 0.4396 -8.9766
vt 4.5126 0.2144 0.0000
vt 4.5126 0.2144 -0.0000
vt 4.4065 0.4396 -8.9766
vt 4.5126 2.9774 -0.0000
vt 4.4065 0.4396 -8.9766
vt 4.4065 4.1697 -8.9766
vt 4.5126 2.9774 -0.0000
vt 4.4065 4.1697 -8.9766
vt 4.5258 3.2734 1.1165
vt 4.5126 2.9774 0.0000
vt 4.5258 3.2734 1.1165
vt 4.5238 2.9774 0.9437
vt 4.5126 2.9774 0.0000
vt -7.5995 8.8457 -4.5884
vt -7.4773 5.9524 -11.2808
vt -7.6787 4.5507 -0.2573
vt -7.4773 5.9524 -11.2808
vt -7.4773 -0.2818 -11.2808
vt -7.6787 4.5507 -0.2573
vt -7.6838 -0.3595 0.0186
vt -7.6837 0.0694 0.0186
vt -7.4773 -0.2818 -11.2808
vt -7.6849 0.0694 0.0809
vt -7.6849 0.1694 0.0809
vt -7.6837 0.0694 0.0186
vt -7.7006 2.9774 0.9438
vt -7.7038 3.2734 1.1165
vt -7.6834 2.9774 0.0000
vt -7.6837 0.0694 0.0186
vt -7.6849 0.1694 0.0809
vt -7.4773 -0.2818 -11.2808
vt -7.6849 0.1694 0.0809
vt -7.6834 0.2144 0.0000
vt -7.4773 -0.2818 -11.2808
vt -7.4773 -0.2818 -11.2808
vt -7.6834 2.9774 0.0000
vt -7.6787 4.5507 -0.2573
vt -7.6787 4.5507 -0.2573
vt -7.6834 2.9774 0.0000
vt -7.7038 3.2734 1.1165
vt -7.4773 -0.2818 -11.2808
vt -7.6834 0.2144 0.0000
vt -7.6834 2.9774 0.0000
vt 0.0005 -0.9691 0.9995
vt 0.9995 -0.9691 0.9995
vt 0.9995 1.9691 0.0005
vt 0.9995 1.9691 0.0005
vt 0.0005 1.9691 0.0005
vt 0.0005 -0.9691 0.9995
vt 0.3000 0.8584 0.0000
vt -0.3000 0.8584 0.0000
vt -0.3000 0.8584 0.0500
vt 0.3000 0.8584 0.0000
vt -0.3000 0.8584 0.0500
vt 0.3000 0.8584 0.0500
vt -0.3000 0.8584 0.0000
vt -0.3000 -0.8584 0.0000
vt -0.3000 -0.8584 0.0500
vt -0.3000 0.8584 0.0000
vt -0.3000 -0.8584 0.0500
vt -0.3000 0.8584 0.0500
vt -0.3000 -0.8584 0.0000
vt 0.3000 -0.8584 0.0000
vt 0.3000 -0.8584 0.0500
vt -0.3000 -0.8584 0.0000
vt 0.3000 -0.8584 0.0500
vt -0.3000 -0.8584 0.0500
vt 0.3000 -0.8584 0.0000
vt 0.3000 0.8584 0.0000
vt 0.3000 0.8584 0.0500
vt 0.3000 -0.8584 0.0000
vt 0.3000 0.8584 0.0500
vt 0.3000 -0.8584 0.0500
vt -0.3000 -0.8584 0.0000
vt 0.3000 0.8584 0.0000
vt 0.3000 -0.8584 0.0000
vt -0.3000 0.8584 0.0000
vt 0.3000 0.8584 0.0000
vt -0.3000 -0.8584 0.0000
vt -0.3000 -0.8584 0.0500
vt 0.3000 -0.8584 0.0500
vt 0.3000 0.8584 0.0500
vt -0.3000 0.8584 0.0500
vt -0.3000 -0.8584 0.0500
vt 0.3000 0.8584 0.0500
vt 0.3000 0.8584 0.0000
vt -0.3000 0.8584 0.0000
vt -0.3000 0.8584 0.0500
vt 0.3000 0.8584 0.0000
vt -0.3000 0.8584 0.0500
vt 0.3000 0.8584 0.0500
vt -0.3000 0.8584 0.0000
vt -0.3000 -0.8584 0.0000
vt -0.3000 -0.8584 0.0500
vt -0.3000 0.8584 0.0000
vt -0.3000 -0.8584 0.0500
vt -0.3000 0.8584 0.0500
vt -0.3000 -0.8584 0.0000
vt 0.3000 -0.8584 0.0000
vt 0.3000 -0.8584 0.0500
vt -0.3000 -0.8584 0.0000
vt 0.3000 -0.8584 0.0500
vt -0.3000 -0.8584 0.0500
vt 0.3000 -0.8584 0.0000
vt 0.3000 0.8584 0.0000
vt 0.3000 0.8584 0.0500
vt 0.3000 -0.8584 0.0000
vt 0.3000 0.8584 0.0500
vt 0.3000 -0.8584 0.0500
vt -0.3000 -0.8584 0.0000
vt 0.3000 0.8584 0.0000
vt 0.3000 -0.8584 0.0000
vt -0.3000 0.8584 0.0000
vt 0.3000 0.8584 0.0000
vt -0.3000 -0.8584 0.0000
vt -0.3000 -0.8584 0.0500
vt 0.3000 -0.8584 0.0500
vt 0.3000 0.8584 0.0500
vt -0.3000 0.8584 0.0500
vt -0.3000 -0.8584 0.0500
vt 0.3000 0.8584 0.0500
vt 0.3000 0.8584 0.0000
vt -0.3000 0.8584 0.0000
vt -0.3000 0.8584 0.0500
vt 0.3000 0.8584 0.0000
vt -0.3000 0.8584 0.0500
vt 0.3000 0.8584 0.0500
vt -0.3000 0.8584 0.0000
vt -0.3000 -0.8584 0.0000
vt -0.3000 -0.8584 0.0500
vt -0.3000 0.8584 0.0000
vt -0.3000 -0.8584 0.0500
vt -0.3000 0.8584 0.0500
vt -0.3000 -0.8584 0.0000
vt 0.3000 -0.8584 0.0000
vt 0.3000 -0.8584 0.0500
vt -0.3000 -0.8584 0.0000
vt 0.3000 -0.8584 0.0500
vt -0.3000 -0.8584 0.0500
vt 0.3000 -0.8584 0.0000
vt 0.3000 0.8584 0.0000
vt 0.3000 0.8584 0.0500
vt 0.3000 -0.8584 0.0000
vt 0.3000 0.8584 0.0500
vt 0.3000 -0.8584 0.0500
vt -0.3000 -0.8584 0.0000
vt 0.3000 0.8584 0.0000
vt 0.3000 -0.8584 0.0000
vt -0.3000 0.8584 0.0000
vt 0.3000 0.8584 0.0000
vt -0.3000 -0.8584 0.0000
vt -0.3000 -0.8584 0.0500
vt 0.3000 -0.8584 0.0500
vt 0.3000 0.8584 0.0500
vt -0.3000 0.8584 0.0500
vt -0.3000 -0.8584 0.0500
vt 0.3000 0.8584 0.0500
vt 0.3000 0.8584 0.0000
vt -0.3000 0.8584 0.0000
vt -0.3000 0.8584 0.0500
vt 0.3000 0.8584 0.0000
vt -0.3000 0.8584 0.0500
vt 0.3000 0.8584 0.0500
vt -0.3000 0.8584 0.0000
vt -0.3000 -0.8584 0.0000
vt -0.3000 -0.8584 0.0500
vt -0.3000 0.8584 0.0000
vt -0.3000 -0.8584 0.0500
vt -0.3000 0.8584 0.0500
vt -0.3000 -0.8584 0.0000
vt 0.3000 -0.8584 0.0000
vt 0.3000 -0.8584 0.0500
vt -0.3000 -0.8584 0.0000
vt 0.3000 -0.8584 0.0500
vt -0.3000 -0.8584 0.0500
vt 0.3000 -0.8584 0.0000
vt 0.3000 0.8584 0.0000
vt 0.3000 0.8584 0.0500
vt 0.3000 -0.8584 0.0000
vt 0.3000 0.8584 0.0500
vt 0.3000 -0.8584 0.0500
vt -0.3000 -0.8584 0.0000
vt 0.3000 0.8584 0.0000
vt 0.3000 -0.8584 0.0000
vt -0.3000 0.8584 0.0000
vt 0.3000 0.8584 0.0000
vt -0.3000 -0.8584 0.0000
vt -0.3000 -0.8584 0.0500
vt 0.3000 -0.8584 0.0500
vt 0.3000 0.8584 0.0500
vt -0.3000 0.8584 0.0500
vt -0.3000 -0.8584 0.0500
vt 0.3000 0.8584 0.0500
vt 0.3000 0.8584 0.0000
vt -0.3000 0.8584 0.0000
vt -0.3000 0.8584 0.0500
vt 0.3000 0.8584 0.0000
vt -0.3000 0.8584 0.0500
vt 0.3000 0.8584 0.0500
vt -0.3000 0.8584 0.0000
vt -0.3000 -0.8584 0.0000
vt -0.3000 -0.8584 0.0500
vt -0.3000 0.8584 0.0000
vt -0.3000 -0.8584 0.0500
vt -0.3000 0.8584 0.0500
vt -0.3000 -0.8584 0.0000
vt 0.3000 -0.8584 0.0000
vt 0.3000 -0.8584 0.0500
vt -0.3000 -0.8584 0.0000
vt 0.3000 -0.8584 0.0500
vt -0.3000 -0.8584 0.0500
vt 0.3000 -0.8584 0.0000
vt 0.3000 0.8584 0.0000
vt 0.3000 0.8584 0.0500
vt 0.3000 -0.8584 0.0000
vt 0.3000 0.8584 0.0500
vt 0.3000 -0.8584 0.0500
vt -0.3000 -0.8584 0.0000
vt 0.3000 0.8584 0.0000
vt 0.3000 -0.8584 0.0000
vt -0.3000 0.8584 0.0000
vt 0.3000 0.8584 0.0000
vt -0.3000 -0.8584 0.0000
vt -0.3000 -0.8584 0.0500
vt 0.3000 -0.8584 0.0500
vt 0.3000 0.8584 0.0500
vt -0.3000 0.8584 0.0500
vt -0.3000 -0.8584 0.0500
vt 0.3000 0.8584 0.0500
vt 0.3000 0.8584 0.0000
vt -0.3000 0.8584 0.0000
vt -0.3000 0.8584 0.0500
vt 0.3000 0.8584 0.0000
vt -0.3000 0.8584 0.0500
vt 0.3000 0.8584 0.0500
vt -0.3000 0.8584 0.0000
vt -0.3000 -0.8584 0.0000
vt -0.3000 -0.8584 0.0500
vt -0.3000 0.8584 0.0000
vt -0.3000 -0.8584 0.0500
vt -0.3000 0.8584 0.0500
vt -0.3000 -0.8584 0.0000
vt 0.3000 -0.8584 0.0000
vt 0.3000 -0.8584 0.0500
vt -0.3000 -0.8584 0.0000
vt 0.3000 -0.8584 0.0500
vt -0.3000 -0.8584 0.0500
vt 0.3000 -0.8584 0.0000
vt 0.3000 0.8584 0.0000
vt 0.3000 0.8584 0.0500
vt 0.3000 -0.8584 0.0000
vt 0.3000 0.8584 0.0500
vt 0.3000 -0.8584 0.0500
vt -0.3000 -0.8584 0.0000
vt 0.3000 0.8584 0.0000
vt 0.3000 -0.8584 0.0000
vt -0.3000 0.8584 0.0000
vt 0.3000 0.8584 0.0000
vt -0.3000 -0.8584 0.0000
vt -0.3000 -0.8584 0.0500
vt 0.3000 -0.8584 0.0500
vt 0.3000 0.8584 0.0500
vt -0.3000 0.8584 0.0500
vt -0.3000 -0.8584 0.0500
vt 0.3000 0.8584 0.0500
vt -4.2207 2.5950 0.3186
vt 3.6397 2.5697 0.3752
vt -4.2205 2.6870 0.3147
vt -4.2259 -0.2641 0.4734
vt 5.0135 -0.9841 0.5369
vt -4.2207 2.5950 0.3186
vt 5.0169 -1.4480 0.5620
vt -4.5429 -0.2714 0.4729
vt -4.5714 -1.3928 0.5336
vt -4.2259 -0.2641 0.4734
vt 5.0169 -1.4480 0.5620
vt 5.0135 -0.9841 0.5369
vt 3.6397 2.5697 0.3752
vt 5.0089 -0.3153 0.5083
vt 5.4800 -0.2915 0.5106
vt 5.0089 -0.3153 0.5083
vt -4.2207 2.5950 0.3186
vt 5.0135 -0.9841 0.5369
vt 3.6397 2.5697 0.3752
vt -4.2207 2.5950 0.3186
vt 5.0089 -0.3153 0.5083
vt 5.0169 -1.4480 0.5620
vt -4.2259 -0.2641 0.4734
vt -4.5429 -0.2714 0.4729
vt -1.7473 -0.3083 0.4827
vt 2.6439 -1.4409 0.4683
vt 0.0927 2.5837 0.4768
vt 2.6439 -1.4409 0.4683
vt -1.7473 -0.3083 0.4827
vt -1.7236 -1.4778 0.4825
vt 5.5693 -2.2021 0.9870
vt 5.5306 1.7703 0.7875
vt -2.3322 1.8149 0.7645
vt -4.8989 -2.1660 0.9323
vt 5.5693 -2.2021 0.9870
vt -2.3322 1.8149 0.7645
vt 2.7112 -1.9119 0.2920
vt 1.3506 -1.9170 0.2912
vt 0.3237 -3.1923 0.1799
vt 0.3237 -3.1923 0.1799
vt 3.7646 -3.1794 0.1818
vt 2.7112 -1.9119 0.2920
vt 3.7557 -1.4922 0.3288
vt 2.7090 -1.4961 0.3282
vt 2.7112 -1.9119 0.2920
vt 2.7112 -1.9119 0.2920
vt 3.7646 -3.1794 0.1818
vt 3.7557 -1.4922 0.3288
vt 1.3484 -1.5012 0.3274
vt 0.3148 -1.5051 0.3269
vt 0.3237 -3.1923 0.1799
vt 0.3237 -3.1923 0.1799
vt 1.3506 -1.9170 0.2912
vt 1.3484 -1.5012 0.3274
vt 3.7557 -1.4922 0.3288
vt 2.7024 -0.2716 0.4437
vt 2.7090 -1.4961 0.3282
vt 0.3148 -1.5051 0.3269
vt 1.3484 -1.5012 0.3274
vt 1.3418 -0.2767 0.4430
vt -0.2606 -0.2827 0.4421
vt 1.3418 -0.2767 0.4430
vt -5.5930 3.8704 0.8330
vt -5.5930 3.8704 0.8330
vt 1.3418 -0.2767 0.4430
vt 2.7024 -0.2716 0.4437
vt 2.7024 -0.2716 0.4437
vt 6.4648 3.9156 0.8396
vt -5.5930 3.8704 0.8330
vt 5.5791 -1.9012 0.2935
vt 4.2185 -1.9063 0.2928
vt 3.7646 -3.1794 0.1818
vt 3.7646 -3.1794 0.1818
vt 6.5699 -3.1689 0.1833
vt 5.5791 -1.9012 0.2935
vt 6.5448 -1.4818 0.3303
vt 5.5769 -1.4854 0.3298
vt 5.5791 -1.9012 0.2935
vt 5.5791 -1.9012 0.2935
vt 6.5699 -3.1689 0.1833
vt 6.5448 -1.4818 0.3303
vt 4.2163 -1.4905 0.3290
vt 3.7557 -1.4922 0.3288
vt 3.7646 -3.1794 0.1818
vt 3.7646 -3.1794 0.1818
vt 4.2185 -1.9063 0.2928
vt 4.2163 -1.4905 0.3290
vt 6.5448 -1.4818 0.3303
vt 5.5704 -0.2609 0.4453
vt 5.5769 -1.4854 0.3298
vt 3.7557 -1.4922 0.3288
vt 4.2163 -1.4905 0.3290
vt 4.2097 -0.2661 0.4446
vt 5.5704 -0.2609 0.4453
vt 6.5448 -1.4818 0.3303
vt 6.4648 3.9156 0.8396
vt 3.7557 -1.4922 0.3288
vt 4.2097 -0.2661 0.4446
vt 2.7024 -0.2716 0.4437
vt 6.4648 3.9156 0.8396
vt 4.2097 -0.2661 0.4446
vt 5.5704 -0.2609 0.4453
vt -0.2519 -1.9230 0.2903
vt -1.6125 -1.9281 0.2896
vt -2.6394 -3.2033 0.1783
vt -2.6394 -3.2033 0.1783
vt 0.3237 -3.1923 0.1799
vt -0.2519 -1.9230 0.2903
vt 0.3148 -1.5051 0.3269
vt -0.2541 -1.5072 0.3266
vt -0.2519 -1.9230 0.2903
vt -0.2519 -1.9230 0.2903
vt 0.3237 -3.1923 0.1799
vt 0.3148 -1.5051 0.3269
vt -1.6147 -1.5123 0.3258
vt -2.6482 -1.5162 0.3253
vt -2.6394 -3.2033 0.1783
vt -2.6394 -3.2033 0.1783
vt -1.6125 -1.9281 0.2896
vt -1.6147 -1.5123 0.3258
vt 0.3148 -1.5051 0.3269
vt -0.2606 -0.2827 0.4421
vt -0.2541 -1.5072 0.3266
vt -2.6482 -1.5162 0.3253
vt -1.6147 -1.5123 0.3258
vt -1.6212 -0.2878 0.4414
vt -3.1460 -0.2935 0.4405
vt -1.6212 -0.2878 0.4414
vt -5.5930 3.8704 0.8330
vt -5.5930 3.8704 0.8330
vt -1.6212 -0.2878 0.4414
vt -0.2606 -0.2827 0.4421
vt -3.1373 -1.9338 0.2888
vt -4.4979 -1.9389 0.2880
vt -5.6596 -3.2146 0.1766
vt -5.6596 -3.2146 0.1766
vt -2.6394 -3.2033 0.1783
vt -3.1373 -1.9338 0.2888
vt -2.6482 -1.5162 0.3253
vt -3.1395 -1.5180 0.3250
vt -3.1373 -1.9338 0.2888
vt -3.1373 -1.9338 0.2888
vt -2.6394 -3.2033 0.1783
vt -2.6482 -1.5162 0.3253
vt -4.5001 -1.5231 0.3242
vt -5.6433 -1.5274 0.3236
vt -5.6596 -3.2146 0.1766
vt -5.6596 -3.2146 0.1766
vt -4.4979 -1.9389 0.2880
vt -4.5001 -1.5231 0.3242
vt -2.6482 -1.5162 0.3253
vt -3.1460 -0.2935 0.4405
vt -3.1395 -1.5180 0.3250
vt -5.6433 -1.5274 0.3236
vt -4.5001 -1.5231 0.3242
vt -4.5066 -0.2987 0.4398
vt -5.6433 -1.5274 0.3236
vt -4.5066 -0.2987 0.4398
vt -5.5930 3.8704 0.8330
vt -5.5930 3.8704 0.8330
vt -4.5066 -0.2987 0.4398
vt -3.1460 -0.2935 0.4405
vt 2.7024 -0.2716 0.4437
vt 4.2097 -0.2661 0.4446
vt 6.4648 3.9156 0.8396
vt 0.3148 -1.5051 0.3269
vt 1.3418 -0.2767 0.4430
vt -0.2606 -0.2827 0.4421
vt -2.6482 -1.5162 0.3253
vt -1.6212 -0.2878 0.4414
vt -3.1460 -0.2935 0.4405
vt 6.4648 3.9156 0.8396
vt 6.4715 3.4642 0.7970
vt 6.9384 3.4713 0.7970
vt 6.9384 3.4713 0.7970
vt 6.9317 3.9226 0.8396
vt 6.4648 3.9156 0.8396
vt 0.1643 -0.0524 -0.7007
vt -4.7201 -0.2215 -0.7507
vt 0.1353 -0.4265 -0.7507
vt 0.1353 -1.2364 -0.4265
vt -4.7201 -2.0257 -0.2215
vt 0.1353 -2.0257 -0.4265
vt 3.3903 -0.2750 0.8577
vt 3.3903 -0.7007 0.8577
vt 3.7671 -0.7007 0.8736
vt 3.3903 -0.7007 0.8577
vt 3.3903 -0.7497 0.8577
vt 3.7671 -0.7007 0.8736
vt -5.2318 -2.0093 -0.7007
vt -4.7201 -0.2215 -0.7507
vt -5.0667 0.1684 -0.7007
vt 5.8113 -0.7507 -2.0489
vt 5.7184 -1.2611 -2.0552
vt 5.8113 -1.2604 -2.0489
vt -2.0222 -1.2704 5.8567
vt -0.2215 -2.0257 5.7201
vt -0.2215 -0.7507 5.7201
vt -0.0156 -2.3763 -0.7501
vt -4.6230 -2.0667 -0.7500
vt -4.6242 -2.0796 -0.7483
vt -4.6242 -2.0796 -0.7483
vt -4.6566 -2.4360 -0.7007
vt 0.1264 -2.7671 -0.7007
vt -4.8567 -2.0222 -1.2704
vt -4.7184 -2.0552 -1.2611
vt -4.6174 -2.0620 -1.2631
vt -4.8579 -2.0384 -1.2620
vt -4.8113 -2.0489 -1.2604
vt -4.7184 -2.0552 -1.2611
vt 5.8113 -0.7507 -2.0489
vt 5.8584 -1.2604 -2.0445
vt 5.8584 -0.7507 -2.0445
vt -2.2806 -0.5246 5.6425
vt -2.0796 -0.7483 5.6242
vt -2.0667 -0.7500 5.6230
vt -4.6174 -2.0620 -1.2631
vt -4.6036 -2.0629 -1.2703
vt -4.6022 -2.0494 -1.2704
vt -2.0629 -1.3843 5.6035
vt -2.0494 -1.2704 5.6022
vt -2.0629 -1.2703 5.6036
vt -2.0629 -2.0257 5.6035
vt -2.0494 -1.3843 5.6022
vt -2.0629 -1.3843 5.6035
vt 5.6022 -1.3843 -2.0494
vt 5.8567 -2.0257 -2.0222
vt 5.8567 -1.2704 -2.0222
vt -4.7201 -0.2215 -0.7507
vt 0.1643 -0.0524 -0.7007
vt -5.0667 0.1684 -0.7007
vt -4.7201 -0.7507 -0.2215
vt 0.1353 -1.2364 -0.4265
vt 0.1353 -0.7507 -0.4265
vt -4.7201 -2.0257 -0.2215
vt 0.1353 -1.2364 -0.4265
vt -4.7201 -0.7507 -0.2215
vt -4.7201 -0.2215 -0.7507
vt -5.2318 -2.0093 -0.7007
vt -4.8584 -2.0445 -0.7507
vt 5.6035 -1.3843 -2.0629
vt 1.0153 -2.0257 -2.3723
vt 5.6035 -2.0257 -2.0629
vt 5.6035 -1.3843 -2.0629
vt 1.0153 -0.7507 -2.3723
vt 1.0153 -2.0257 -2.3723
vt 5.6036 -1.2703 -2.0629
vt 1.0153 -0.7507 -2.3723
vt 5.6035 -1.3843 -2.0629
vt 5.6036 -1.2703 -2.0629
vt 5.8113 -0.7507 -2.0489
vt 1.0153 -0.7507 -2.3723
vt 5.6174 -1.2631 -2.0620
vt 5.8113 -0.7507 -2.0489
vt 5.6036 -1.2703 -2.0629
vt 5.7184 -1.2611 -2.0552
vt 5.8113 -0.7507 -2.0489
vt 5.6174 -1.2631 -2.0620
vt -0.0153 -2.3723 -2.0257
vt -4.6022 -2.0494 -2.0257
vt -4.6035 -2.0629 -2.0257
vt -2.0445 -1.2604 5.8584
vt -0.2215 -0.7507 5.7201
vt -2.0445 -0.7507 5.8584
vt -2.0384 -1.2620 5.8579
vt -0.2215 -0.7507 5.7201
vt -2.0445 -1.2604 5.8584
vt -2.0222 -1.2704 5.8567
vt -0.2215 -0.7507 5.7201
vt -2.0384 -1.2620 5.8579
vt -0.2215 -2.0257 5.7201
vt -2.0222 -1.2704 5.8567
vt -2.0222 -2.0257 5.8567
vt -4.6230 -2.0667 -0.7500
vt -0.0153 -2.3723 -0.7507
vt -4.8113 -2.0489 -0.7507
vt 0.1423 -2.3903 -0.7497
vt -4.6242 -2.0796 -0.7483
vt 0.1264 -2.7671 -0.7007
vt -0.0156 -2.3763 -0.7501
vt -4.6242 -2.0796 -0.7483
vt 0.1423 -2.3903 -0.7497
vt -4.6230 -2.0667 -0.7500
vt -0.0156 -2.3763 -0.7501
vt -0.0153 -2.3723 -0.7507
vt -4.8567 -2.0222 -1.2704
vt -4.6174 -2.0620 -1.2631
vt -4.6022 -2.0494 -1.2704
vt -4.7184 -2.0552 -1.2611
vt -4.8567 -2.0222 -1.2704
vt -4.8579 -2.0384 -1.2620
vt -4.8113 -2.0489 -1.2604
vt -4.8579 -2.0384 -1.2620
vt -4.8584 -2.0445 -1.2604
vt 5.8575 -0.2526 -2.0446
vt 5.8584 -0.7507 -2.0445
vt 6.2318 -0.7007 -2.0093
vt 5.6230 -0.2646 -2.0667
vt 5.8584 -0.7507 -2.0445
vt 5.8575 -0.2526 -2.0446
vt 5.6230 -0.7500 -2.0667
vt 5.8584 -0.7507 -2.0445
vt 5.6230 -0.2646 -2.0667
vt 5.8113 -0.7507 -2.0489
vt 5.8584 -0.7507 -2.0445
vt 5.6230 -0.7500 -2.0667
vt 5.8584 -1.2604 -2.0445
vt 5.8113 -0.7507 -2.0489
vt 5.8113 -1.2604 -2.0489
vt -2.2806 -0.5246 5.6425
vt -2.0667 -0.7500 5.6230
vt -2.0667 -0.2646 5.6230
vt -2.0796 -0.7483 5.6242
vt -2.2806 -0.5246 5.6425
vt -2.4360 -0.7007 5.6566
vt -2.0494 -1.2704 5.6022
vt -2.0629 -1.3843 5.6035
vt -2.0494 -1.3843 5.6022
vt -2.0494 -1.3843 5.6022
vt -2.0629 -2.0257 5.6035
vt -2.0494 -2.0257 5.6022
vt 5.6022 -1.3843 -2.0494
vt 5.8567 -1.2704 -2.0222
vt 5.6022 -1.2704 -2.0494
vt 5.8567 -2.0257 -2.0222
vt 5.6022 -1.3843 -2.0494
vt 5.6022 -2.0257 -2.0494
vt 0.5362 -1.8501 -4.8721
vt 0.5362 -2.0645 -4.8721
vt 2.2516 -2.0645 -4.7401
vt 2.2516 -1.8501 -4.7401
vt 0.5362 -1.8501 -4.8721
vt 2.2516 -2.0645 -4.7401
vt 2.2516 -1.8501 -4.7401
vt 2.2516 -2.0645 -4.7401
vt 3.6437 -2.0645 -4.6329
vt 3.6437 -1.8501 -4.6329
vt 2.2516 -1.8501 -4.7401
vt 3.6437 -2.0645 -4.6329
vt -0.9409 -1.8501 -4.9857
vt -0.9410 -2.0645 -4.9857
vt 0.5362 -2.0645 -4.8721
vt 0.5362 -1.8501 -4.8721
vt -0.9409 -1.8501 -4.9857
vt 0.5362 -2.0645 -4.8721
vt -2.4366 -1.8501 -5.1008
vt -2.4366 -2.0645 -5.1008
vt -0.9410 -2.0645 -4.9857
vt -0.9409 -1.8501 -4.9857
vt -2.4366 -1.8501 -5.1008
vt -0.9410 -2.0645 -4.9857
vt 2.2252 -1.7776 -5.0995
vt 2.2252 -1.8888 -5.0995
vt 3.6752 -1.8888 -4.9879
vt 2.2252 -1.7776 -5.0995
vt 3.6752 -1.8888 -4.9879
vt 3.6752 -1.7776 -4.9880
vt -5.0995 -1.2252 -1.8888
vt -5.2318 -1.2354 -1.8888
vt -5.1201 -2.6870 -1.8888
vt -5.0995 -1.2252 -1.8888
vt -5.1201 -2.6870 -1.8888
vt -4.9879 -2.6752 -1.8888
vt 2.2354 -1.8888 -5.2318
vt 2.2354 -2.0645 -5.2318
vt 3.6870 -2.0645 -5.1201
vt 2.2354 -1.8888 -5.2318
vt 3.6870 -2.0645 -5.1201
vt 3.6870 -1.8888 -5.1201
vt 6.2318 -1.2354 -2.0645
vt 5.7350 -1.1972 -2.0645
vt 5.6237 -2.6429 -2.0645
vt 6.2318 -1.2354 -2.0645
vt 5.6237 -2.6429 -2.0645
vt 6.1201 -2.6870 -2.0645
vt -1.1972 -2.0645 -4.7350
vt -1.1972 -1.7775 -4.7349
vt -2.6429 -1.7775 -4.6236
vt -1.1972 -2.0645 -4.7350
vt -2.6429 -1.7775 -4.6236
vt -2.6429 -2.0645 -4.6237
vt -4.7349 -1.1972 -1.7775
vt -5.0995 -1.2252 -1.7776
vt -4.9880 -2.6752 -1.7776
vt -4.7349 -1.1972 -1.7775
vt -4.9880 -2.6752 -1.7776
vt -4.6236 -2.6429 -1.7775
vt 5.7350 -2.0645 -1.1972
vt 6.0995 -1.7776 -1.2252
vt 5.7349 -1.7775 -1.1972
vt 5.7350 -2.0645 -1.1972
vt 6.0995 -1.8888 -1.2252
vt 6.0995 -1.7776 -1.2252
vt 6.2318 -2.0645 -1.2354
vt 6.0995 -1.8888 -1.2252
vt 5.7350 -2.0645 -1.1972
vt 6.2318 -2.0645 -1.2354
vt 6.2318 -1.8888 -1.2354
vt 6.0995 -1.8888 -1.2252
vt -4.6237 -2.0645 -2.6429
vt -4.6236 -1.7775 -2.6429
vt -4.9880 -1.7776 -2.6752
vt -4.6237 -2.0645 -2.6429
vt -4.9880 -1.7776 -2.6752
vt -4.9879 -1.8888 -2.6752
vt -5.1201 -2.0645 -2.6870
vt -4.6237 -2.0645 -2.6429
vt -4.9879 -1.8888 -2.6752
vt -5.1201 -2.0645 -2.6870
vt -4.9879 -1.8888 -2.6752
vt -5.1201 -1.8888 -2.6870
vt 0.1423 -0.7007 -2.3903
vt -0.0156 -0.7501 -2.3763
vt 0.1423 -0.7497 -2.3903
vt 1.4265 -0.7507 0.8647
vt 1.0773 -0.6710 0.8377
vt 1.0524 -0.7007 0.8357
vt 1.4265 -0.7507 0.8647
vt 3.3723 -0.7507 1.0153
vt 3.3763 -0.7501 1.0156
vt -0.0156 -0.7501 -2.3763
vt 0.1423 -0.2750 -2.3903
vt -0.0156 -0.2715 -2.3763
vt -0.0156 -0.7501 -2.3763
vt 0.1423 -0.7007 -2.3903
vt 0.1423 -0.2750 -2.3903
vt -2.3763 -2.0256 1.0156
vt 3.7671 -2.0257 0.5401
vt 3.7671 1.0914 0.5401
vt 3.7671 1.0914 0.5401
vt -2.3763 1.0914 1.0156
vt -2.3763 -2.0256 1.0156
vt -2.3176 2.5381 -2.6724
vt -2.4980 2.3585 -2.6884
vt 1.0156 1.0914 -2.3763
vt -2.4980 2.3585 -2.6884
vt -0.0122 0.6101 -2.4676
vt 1.0156 1.0914 -2.3763
vt 1.0156 1.0914 -2.3763
vt -0.0122 0.6101 -2.4676
vt 1.0156 -2.0256 -2.3763
vt -0.0122 0.6101 -2.4676
vt -0.1144 0.4051 -2.4767
vt 1.0156 -2.0256 -2.3763
vt -0.1144 0.4051 -2.4767
vt -0.1144 0.2000 -2.4767
vt 1.0156 -2.0256 -2.3763
vt -0.1320 0.2001 -2.4782
vt -0.1320 -2.0256 -2.4782
vt -0.1144 0.2000 -2.4767
vt -0.1144 0.2000 -2.4767
vt -0.1320 -2.0256 -2.4782
vt 1.0156 -2.0256 -2.3763
vt 3.5187 -2.4559 2.3585
vt 1.0328 -2.2350 0.6101
vt 1.0122 -2.4676 0.6101
vt 1.0122 -2.4676 0.6101
vt 3.4980 -2.6884 2.3585
vt 3.5187 -2.4559 2.3585
vt 3.2350 0.6101 -0.0328
vt 3.2441 0.4051 -0.1351
vt 3.4767 0.4051 -0.1144
vt 3.4767 0.4051 -0.1144
vt 3.4676 0.6101 -0.0122
vt 3.2350 0.6101 -0.0328
vt 3.2441 0.4051 -0.1351
vt 3.2441 0.2000 -0.1351
vt 3.4767 0.2000 -0.1144
vt 3.4767 0.2000 -0.1144
vt 3.4767 0.4051 -0.1144
vt 3.2441 0.4051 -0.1351
vt 3.2457 0.2001 -0.1527
vt 3.2457 -2.0256 -0.1527
vt 3.4782 -2.0256 -0.1320
vt 3.4782 -2.0256 -0.1320
vt 3.4782 0.2001 -0.1320
vt 3.2457 0.2001 -0.1527
vt -0.1351 -2.2441 0.2000
vt -0.1527 -2.2457 0.2001
vt -0.1320 -2.4782 0.2001
vt -0.1320 -2.4782 0.2001
vt -0.1144 -2.4767 0.2000
vt -0.1351 -2.2441 0.2000
vt 0.2640 2.1319 -1.6023
vt 0.6829 2.1319 -1.6345
vt 0.6829 3.0645 -1.6345
vt 0.6829 3.0645 -1.6345
vt 0.2640 3.0645 -1.6023
vt 0.2640 2.1319 -1.6023
vt 2.6345 2.1319 0.6829
vt 3.5162 2.5135 0.6150
vt 3.5162 3.0645 0.6150
vt 3.5162 3.0645 0.6150
vt 2.6345 3.0645 0.6829
vt 2.6345 2.1319 0.6829
vt 0.3850 2.5135 -2.5162
vt 0.8039 2.5135 -2.4840
vt 0.8039 3.0645 -2.4840
vt 0.8039 3.0645 -2.4840
vt 0.3850 3.0645 -2.5162
vt 0.3850 2.5135 -2.5162
vt -2.4840 2.5135 0.1961
vt -1.6023 2.1319 0.2640
vt -1.6023 3.0645 0.2640
vt -1.6023 3.0645 0.2640
vt -2.4840 3.0645 0.1961
vt -2.4840 2.5135 0.1961
# 5124 texture coords

g Uus_18
usemtl uus18_katus
s 2
f 1/1/1 2/2/2 3/3/3 
usemtl uus18_pruun
s off
f 4/4/4 5/5/4 6/6/4 
f 6/7/4 7/8/4 4/9/4 
usemtl uus18_sein
f 8/10/5 6/11/5 9/12/5 
f 10/13/6 8/14/6 9/15/6 
f 10/16/7 9/17/7 11/18/7 
f 6/19/8 8/20/8 12/21/8 
f 6/22/6 12/23/6 13/24/6 
f 7/25/9 6/26/9 13/27/9 
f 7/28/10 13/29/10 10/30/10 
f 11/31/10 7/32/10 10/33/10 
f 14/34/11 15/35/11 13/36/11 
f 13/37/12 12/38/12 14/39/12 
f 16/40/5 17/41/5 15/42/5 
f 15/43/5 14/44/5 16/45/5 
f 18/46/13 19/47/13 17/48/13 
f 17/49/13 16/50/13 18/51/13 
f 5/52/14 20/53/14 9/54/14 
f 9/55/14 6/56/14 5/57/14 
f 20/58/13 21/59/13 11/60/13 
f 11/61/13 9/62/13 20/63/13 
f 21/64/15 4/65/15 7/66/15 
f 7/67/15 11/68/15 21/69/15 
usemtl uus18_akenalumine
f 20/70/16 5/71/16 4/72/16 
f 4/73/16 21/74/16 20/75/16 
usemtl uus18_pruun
f 22/76/17 23/77/17 24/78/17 
f 24/79/17 25/80/17 22/81/17 
f 24/82/18 23/83/18 26/84/18 
f 25/85/19 27/86/19 22/87/19 
usemtl uus18_triipvalge
f 28/88/20 29/89/20 30/90/20 
f 31/91/21 28/92/21 30/93/21 
usemtl uus18valge
f 28/94/13 31/95/13 8/96/13 
f 8/97/13 10/98/13 28/99/13 
usemtl uus18_pruun
f 32/100/22 33/101/22 6/102/22 
f 7/103/23 6/104/23 33/105/23 
usemtl uus18_karniis_triip
f 34/106/24 35/107/24 36/108/24 
f 37/109/25 34/110/25 36/111/25 
f 38/112/26 37/113/26 36/114/26 
f 39/115/27 38/116/27 36/117/27 
f 39/118/28 36/119/28 40/120/28 
f 41/121/29 39/122/29 40/123/29 
f 41/124/30 40/125/30 42/126/30 
f 43/127/31 44/128/31 45/129/31 
f 43/130/32 45/131/32 46/132/32 
f 47/133/33 43/134/33 46/135/33 
f 47/136/34 46/137/34 48/138/34 
f 49/139/35 47/140/35 48/141/35 
f 49/142/28 48/143/28 50/144/28 
f 42/145/29 49/146/29 50/147/29 
f 41/148/24 42/149/24 50/150/24 
f 51/151/36 52/152/36 35/153/36 
f 35/154/36 34/155/36 51/156/36 
f 53/157/37 54/158/37 52/159/37 
f 52/160/37 51/161/37 53/162/37 
f 55/163/38 56/164/38 54/165/38 
f 54/166/39 53/167/39 55/168/39 
usemtl uus18_aken2
f 57/169/40 58/170/40 59/171/40 
f 59/172/40 60/173/40 57/174/40 
f 58/175/41 61/176/41 62/177/41 
f 62/178/41 59/179/41 58/180/41 
f 61/181/42 63/182/42 64/183/42 
f 64/184/42 62/185/42 61/186/42 
f 63/187/43 65/188/43 66/189/43 
f 66/190/44 64/191/44 63/192/44 
f 65/193/45 67/194/45 68/195/45 
f 68/196/46 66/197/46 65/198/46 
f 67/199/47 69/200/47 70/201/47 
f 70/202/47 68/203/47 67/204/47 
f 69/205/48 71/206/48 72/207/48 
f 72/208/48 70/209/48 69/210/48 
f 71/211/13 73/212/13 74/213/13 
f 74/214/13 72/215/13 71/216/13 
usemtl uus18_pruun
f 75/217/49 76/218/49 77/219/49 
f 77/220/50 78/221/50 75/222/50 
f 79/223/51 75/224/51 78/225/51 
f 78/226/51 80/227/51 79/228/51 
usemtl uus18_aken2
f 81/229/13 22/230/13 82/231/13 
f 82/232/13 83/233/13 81/234/13 
usemtl uus18_pruun
f 27/235/52 84/236/52 85/237/52 
f 85/238/53 86/239/53 27/240/53 
f 84/241/54 87/242/54 88/243/54 
f 88/244/55 85/245/55 84/246/55 
f 87/247/56 89/248/56 90/249/56 
f 90/250/57 88/251/57 87/252/57 
f 89/253/58 91/254/58 92/255/58 
f 92/256/59 90/257/59 89/258/59 
f 91/259/60 93/260/60 94/261/60 
f 94/262/61 92/263/61 91/264/61 
f 93/265/62 79/266/62 80/267/62 
f 80/268/63 94/269/63 93/270/63 
f 79/271/64 93/272/64 91/273/64 
f 79/274/65 91/275/65 89/276/65 
f 79/277/66 89/278/66 87/279/66 
f 79/280/67 87/281/67 84/282/67 
f 79/283/68 84/284/68 27/285/68 
f 76/286/69 75/287/69 79/288/69 
f 76/289/69 79/290/69 27/291/69 
f 52/292/40 95/293/40 36/294/40 
f 36/295/40 35/296/40 52/297/40 
f 96/298/13 51/299/13 34/300/13 
f 34/301/13 37/302/13 96/303/13 
f 97/304/13 96/305/13 37/306/13 
f 37/307/13 38/308/13 97/309/13 
f 98/310/70 97/311/70 38/312/70 
f 38/313/70 39/314/70 98/315/70 
f 95/316/71 99/317/71 40/318/71 
f 40/319/71 36/320/71 95/321/71 
f 100/322/72 98/323/72 39/324/72 
f 39/325/73 41/326/73 100/327/73 
f 99/328/74 101/329/74 42/330/74 
f 42/331/74 40/332/74 99/333/74 
f 102/334/75 103/335/75 44/336/75 
f 44/337/75 43/338/75 102/339/75 
f 104/340/76 105/341/76 46/342/76 
f 46/343/77 45/344/77 104/345/77 
f 106/346/78 102/347/78 43/348/78 
f 43/349/78 47/350/78 106/351/78 
f 105/352/79 107/353/79 48/354/79 
f 48/355/79 46/356/79 105/357/79 
f 108/358/80 106/359/80 47/360/80 
f 47/361/80 49/362/80 108/363/80 
f 107/364/81 109/365/81 50/366/81 
f 50/367/81 48/368/81 107/369/81 
f 101/370/82 108/371/82 49/372/82 
f 49/373/83 42/374/83 101/375/83 
f 109/376/84 100/377/84 41/378/84 
f 41/379/85 50/380/85 109/381/85 
f 76/382/86 110/383/86 96/384/86 
f 96/385/86 77/386/86 76/387/86 
f 22/388/86 27/389/86 86/390/86 
f 86/391/86 82/392/86 22/393/86 
f 54/394/40 111/395/40 95/396/40 
f 95/397/40 52/398/40 54/399/40 
f 110/400/13 53/401/13 51/402/13 
f 51/403/13 96/404/13 110/405/13 
f 111/406/87 112/407/87 99/408/87 
f 99/409/87 95/410/87 111/411/87 
f 112/412/88 113/413/88 101/414/88 
f 101/415/88 99/416/88 112/417/88 
f 114/418/75 115/419/75 103/420/75 
f 103/421/75 102/422/75 114/423/75 
f 116/424/89 114/425/89 102/426/89 
f 102/427/89 106/428/89 116/429/89 
f 117/430/90 116/431/90 106/432/90 
f 106/433/91 108/434/91 117/435/91 
f 113/436/92 117/437/92 108/438/92 
f 108/439/93 101/440/93 113/441/93 
f 110/442/94 76/443/94 118/444/94 
f 56/445/40 119/446/40 111/447/40 
f 111/448/40 54/449/40 56/450/40 
f 118/451/13 55/452/13 53/453/13 
f 53/454/13 110/455/13 118/456/13 
f 119/457/95 120/458/95 112/459/95 
f 112/460/95 111/461/95 119/462/95 
f 120/463/96 121/464/96 113/465/96 
f 113/466/96 112/467/96 120/468/96 
f 122/469/75 123/470/75 115/471/75 
f 115/472/75 114/473/75 122/474/75 
f 124/475/97 122/476/97 114/477/97 
f 114/478/78 116/479/78 124/480/78 
f 125/481/80 124/482/80 116/483/80 
f 116/484/80 117/485/80 125/486/80 
f 121/487/83 125/488/83 117/489/83 
f 117/490/83 113/491/83 121/492/83 
f 118/493/94 76/494/94 27/495/94 
usemtl uus18_karniis_triip
f 126/496/98 127/497/98 128/498/98 
f 129/499/99 127/500/99 126/501/99 
f 130/502/100 127/503/100 129/504/100 
f 131/505/101 127/506/101 130/507/101 
f 131/508/35 132/509/35 127/510/35 
f 133/511/102 132/512/102 131/513/102 
f 133/514/103 134/515/103 132/516/103 
f 135/517/31 45/518/31 44/519/31 
f 135/520/104 136/521/104 45/522/104 
f 137/523/105 136/524/105 135/525/105 
f 137/526/101 138/527/101 136/528/101 
f 139/529/106 138/530/106 137/531/106 
f 139/532/107 140/533/107 138/534/107 
f 134/535/108 140/536/108 139/537/108 
f 133/538/109 140/539/109 134/540/109 
f 141/541/110 128/542/110 142/543/110 
f 128/544/110 141/545/110 126/546/110 
f 143/547/111 142/548/111 144/549/111 
f 142/550/111 143/551/111 141/552/111 
f 145/553/112 144/554/112 146/555/112 
f 144/556/113 145/557/113 143/558/113 
usemtl uus18_aken2
f 57/559/40 147/560/40 148/561/40 
f 147/562/40 57/563/40 60/564/40 
f 148/565/114 149/566/114 150/567/114 
f 149/568/114 148/569/114 147/570/114 
f 150/571/115 151/572/115 152/573/115 
f 151/574/116 150/575/116 149/576/116 
f 152/577/117 153/578/117 154/579/117 
f 153/580/118 152/581/118 151/582/118 
f 154/583/119 155/584/119 156/585/119 
f 155/586/120 154/587/120 153/588/120 
f 156/589/121 157/590/121 158/591/121 
f 157/592/122 156/593/122 155/594/122 
f 158/595/123 159/596/123 160/597/123 
f 159/598/123 158/599/123 157/600/123 
f 160/601/13 74/602/13 73/603/13 
f 74/604/13 160/605/13 159/606/13 
usemtl uus18_pruun
f 161/607/124 162/608/124 163/609/124 
f 162/610/125 161/611/125 164/612/125 
f 165/613/126 164/614/126 161/615/126 
f 164/616/126 165/617/126 166/618/126 
usemtl uus18_aken2
f 81/619/13 167/620/13 23/621/13 
f 167/622/13 81/623/13 83/624/13 
usemtl uus18_pruun
f 26/625/127 168/626/127 169/627/127 
f 168/628/128 26/629/128 170/630/128 
f 169/631/129 171/632/129 172/633/129 
f 171/634/130 169/635/130 168/636/130 
f 172/637/131 173/638/131 174/639/131 
f 173/640/132 172/641/132 171/642/132 
f 174/643/133 175/644/133 176/645/133 
f 175/646/134 174/647/134 173/648/134 
f 176/649/135 177/650/135 178/651/135 
f 177/652/136 176/653/136 175/654/136 
f 178/655/137 166/656/137 165/657/137 
f 166/658/138 178/659/138 177/660/138 
f 165/661/139 176/662/139 178/663/139 
f 165/664/140 174/665/140 176/666/140 
f 165/667/141 172/668/141 174/669/141 
f 165/670/142 169/671/142 172/672/142 
f 165/673/143 26/674/143 169/675/143 
f 163/676/144 165/677/144 161/678/144 
f 163/679/145 26/680/145 165/681/145 
f 142/682/40 127/683/40 179/684/40 
f 127/685/40 142/686/40 128/687/40 
f 180/688/13 126/689/13 141/690/13 
f 126/691/13 180/692/13 129/693/13 
f 181/694/13 129/695/13 180/696/13 
f 129/697/13 181/698/13 130/699/13 
f 182/700/146 130/701/146 181/702/146 
f 130/703/146 182/704/146 131/705/146 
f 179/706/147 132/707/147 183/708/147 
f 132/709/147 179/710/147 127/711/147 
f 184/712/148 131/713/148 182/714/148 
f 131/715/149 184/716/149 133/717/149 
f 183/718/150 134/719/150 185/720/150 
f 134/721/150 183/722/150 132/723/150 
f 186/724/151 44/725/151 103/726/151 
f 44/727/151 186/728/151 135/729/151 
f 104/730/152 136/731/152 187/732/152 
f 136/733/153 104/734/153 45/735/153 
f 188/736/154 135/737/154 186/738/154 
f 135/739/154 188/740/154 137/741/154 
f 187/742/155 138/743/155 189/744/155 
f 138/745/155 187/746/155 136/747/155 
f 190/748/156 137/749/156 188/750/156 
f 137/751/156 190/752/156 139/753/156 
f 189/754/157 140/755/157 191/756/157 
f 140/757/157 189/758/157 138/759/157 
f 185/760/158 139/761/158 190/762/158 
f 139/763/159 185/764/159 134/765/159 
f 191/766/160 133/767/160 184/768/160 
f 133/769/161 191/770/161 140/771/161 
f 163/772/162 180/773/162 192/774/162 
f 180/775/162 163/776/162 162/777/162 
f 23/778/163 170/779/163 26/780/163 
f 170/781/162 23/782/162 167/783/162 
f 144/784/40 179/785/40 193/786/40 
f 179/787/40 144/788/40 142/789/40 
f 192/790/13 141/791/13 143/792/13 
f 141/793/13 192/794/13 180/795/13 
f 193/796/147 183/797/147 194/798/147 
f 183/799/147 193/800/147 179/801/147 
f 194/802/164 185/803/164 195/804/164 
f 185/805/150 194/806/150 183/807/150 
f 196/808/151 103/809/151 115/810/151 
f 103/811/151 196/812/151 186/813/151 
f 197/814/165 186/815/165 196/816/165 
f 186/817/165 197/818/165 188/819/165 
f 198/820/166 188/821/166 197/822/166 
f 188/823/167 198/824/167 190/825/167 
f 195/826/168 190/827/168 198/828/168 
f 190/829/168 195/830/168 185/831/168 
f 192/832/169 199/833/169 163/834/169 
f 146/835/40 193/836/40 200/837/40 
f 193/838/40 146/839/40 144/840/40 
f 199/841/13 143/842/13 145/843/13 
f 143/844/13 199/845/13 192/846/13 
f 200/847/170 194/848/170 201/849/170 
f 194/850/170 200/851/170 193/852/170 
f 201/853/171 195/854/171 202/855/171 
f 195/856/171 201/857/171 194/858/171 
f 203/859/151 115/860/151 123/861/151 
f 115/862/151 203/863/151 196/864/151 
f 204/865/172 196/866/172 203/867/172 
f 196/868/154 204/869/154 197/870/154 
f 205/871/156 197/872/156 204/873/156 
f 197/874/156 205/875/156 198/876/156 
f 202/877/173 198/878/173 205/879/173 
f 198/880/174 202/881/174 195/882/174 
f 199/883/169 26/884/169 163/885/169 
usemtl uus18_aken2
f 60/886/10 59/887/10 62/888/10 
f 74/889/10 60/890/10 62/891/10 
f 74/892/175 62/893/175 64/894/175 
f 74/895/176 64/896/176 66/897/176 
f 74/898/177 66/899/177 68/900/177 
f 74/901/178 68/902/178 70/903/178 
f 74/904/179 70/905/179 72/906/179 
f 60/907/31 149/908/31 147/909/31 
f 74/910/31 149/911/31 60/912/31 
f 74/913/180 151/914/180 149/915/180 
f 74/916/181 153/917/181 151/918/181 
f 74/919/182 155/920/182 153/921/182 
f 74/922/183 157/923/183 155/924/183 
f 74/925/184 159/926/184 157/927/184 
f 105/928/185 104/929/185 73/930/185 
f 105/931/186 73/932/186 71/933/186 
f 107/934/187 105/935/187 71/936/187 
f 107/937/188 71/938/188 69/939/188 
f 109/940/189 107/941/189 69/942/189 
f 109/943/190 69/944/190 67/945/190 
f 100/946/105 109/947/105 67/948/105 
f 100/949/191 67/950/191 65/951/191 
f 98/952/192 100/953/192 65/954/192 
f 98/955/26 65/956/26 63/957/26 
f 97/958/193 98/959/193 63/960/193 
f 97/961/194 63/962/194 61/963/194 
f 77/964/31 96/965/31 97/966/31 
f 77/967/195 97/968/195 61/969/195 
f 77/970/98 61/971/98 58/972/98 
f 78/973/196 77/974/196 58/975/196 
f 80/976/98 78/977/98 58/978/98 
f 58/979/16 57/980/16 83/981/16 
f 58/982/197 83/983/197 82/984/197 
f 58/985/98 82/986/98 86/987/98 
f 80/988/198 58/989/198 86/990/198 
f 80/991/199 86/992/199 85/993/199 
f 80/994/200 85/995/200 88/996/200 
f 80/997/201 88/998/201 90/999/201 
f 80/1000/202 90/1001/202 92/1002/202 
f 80/1003/203 92/1004/203 94/1005/203 
f 187/1006/204 73/1007/204 104/1008/204 
f 187/1009/205 160/1010/205 73/1011/205 
f 189/1012/206 160/1013/206 187/1014/206 
f 189/1015/24 158/1016/24 160/1017/24 
f 191/1018/207 158/1019/207 189/1020/207 
f 191/1021/208 156/1022/208 158/1023/208 
f 184/1024/209 156/1025/209 191/1026/209 
f 184/1027/210 154/1028/210 156/1029/210 
f 182/1030/211 154/1031/211 184/1032/211 
f 182/1033/212 152/1034/212 154/1035/212 
f 181/1036/213 152/1037/213 182/1038/213 
f 181/1039/214 150/1040/214 152/1041/214 
f 162/1042/31 181/1043/31 180/1044/31 
f 162/1045/215 150/1046/215 181/1047/215 
f 162/1048/216 148/1049/216 150/1050/216 
f 164/1051/217 148/1052/217 162/1053/217 
f 166/1054/16 148/1055/16 164/1056/16 
f 148/1057/5 83/1058/5 57/1059/5 
f 148/1060/218 167/1061/218 83/1062/218 
f 148/1063/216 170/1064/216 167/1065/216 
f 166/1066/219 170/1067/219 148/1068/219 
f 166/1069/220 168/1070/220 170/1071/220 
f 166/1072/221 171/1073/221 168/1074/221 
f 166/1075/187 173/1076/187 171/1077/187 
f 166/1078/222 175/1079/222 173/1080/222 
f 166/1081/223 177/1082/223 175/1083/223 
usemtl uus18_pruun
f 206/1084/40 207/1085/40 208/1086/40 
f 208/1087/40 209/1088/40 206/1089/40 
usemtl uus18_sein
f 10/1090/5 208/1091/5 210/1092/5 
f 211/1093/26 10/1094/26 210/1095/26 
f 211/1096/224 210/1097/224 212/1098/224 
f 208/1099/5 10/1100/5 13/1101/5 
f 208/1102/13 13/1103/13 213/1104/13 
f 209/1105/40 208/1106/40 213/1107/40 
f 209/1108/8 213/1109/8 211/1110/8 
f 212/1111/10 209/1112/10 211/1113/10 
f 15/1114/225 214/1115/225 213/1116/225 
f 213/1117/226 13/1118/226 15/1119/226 
f 17/1120/5 215/1121/5 214/1122/5 
f 214/1123/5 15/1124/5 17/1125/5 
f 19/1126/13 216/1127/13 215/1128/13 
f 215/1129/13 17/1130/13 19/1131/13 
f 207/1132/227 217/1133/227 210/1134/227 
f 210/1135/227 208/1136/227 207/1137/227 
f 217/1138/13 218/1139/13 212/1140/13 
f 212/1141/13 210/1142/13 217/1143/13 
f 218/1144/228 206/1145/228 209/1146/228 
f 209/1147/228 212/1148/228 218/1149/228 
usemtl uus18_uks
f 217/1150/16 207/1151/16 206/1152/16 
f 206/1153/16 218/1154/16 217/1155/16 
usemtl uus18_pruun
f 219/1156/229 220/1157/229 221/1158/229 
f 221/1159/17 222/1160/17 219/1161/17 
f 221/1162/18 220/1163/18 223/1164/18 
f 222/1165/19 224/1166/19 219/1167/19 
usemtl uus18_triipvalge
f 225/1168/230 226/1169/230 29/1170/230 
f 28/1171/20 225/1172/20 29/1173/20 
usemtl uus18valge
f 225/1174/13 28/1175/13 10/1176/13 
f 10/1177/13 211/1178/13 225/1179/13 
usemtl uus18_karniis_triip
f 227/1180/24 228/1181/24 229/1182/24 
f 230/1183/25 227/1184/25 229/1185/25 
f 231/1186/231 230/1187/231 229/1188/231 
f 232/1189/232 231/1190/232 229/1191/232 
f 232/1192/28 229/1193/28 233/1194/28 
f 234/1195/29 232/1196/29 233/1197/29 
f 234/1198/30 233/1199/30 235/1200/30 
f 236/1201/31 237/1202/31 238/1203/31 
f 236/1204/32 238/1205/32 239/1206/32 
f 240/1207/33 236/1208/33 239/1209/33 
f 240/1210/34 239/1211/34 241/1212/34 
f 242/1213/35 240/1214/35 241/1215/35 
f 242/1216/28 241/1217/28 243/1218/28 
f 235/1219/29 242/1220/29 243/1221/29 
f 234/1222/24 235/1223/24 243/1224/24 
f 244/1225/233 245/1226/233 228/1227/233 
f 228/1228/234 227/1229/234 244/1230/234 
f 246/1231/235 247/1232/235 245/1233/235 
f 245/1234/235 244/1235/235 246/1236/235 
f 248/1237/38 249/1238/38 247/1239/38 
f 247/1240/236 246/1241/236 248/1242/236 
usemtl uus18_aken2
f 250/1243/40 251/1244/40 252/1245/40 
f 252/1246/40 253/1247/40 250/1248/40 
f 251/1249/237 254/1250/237 255/1251/237 
f 255/1252/237 252/1253/237 251/1254/237 
f 254/1255/238 256/1256/238 257/1257/238 
f 257/1258/239 255/1259/239 254/1260/239 
f 256/1261/240 258/1262/240 259/1263/240 
f 259/1264/240 257/1265/240 256/1266/240 
f 258/1267/241 260/1268/241 261/1269/241 
f 261/1270/46 259/1271/46 258/1272/46 
f 260/1273/242 262/1274/242 263/1275/242 
f 263/1276/47 261/1277/47 260/1278/47 
f 262/1279/48 264/1280/48 265/1281/48 
f 265/1282/48 263/1283/48 262/1284/48 
f 264/1285/13 266/1286/13 267/1287/13 
f 267/1288/13 265/1289/13 264/1290/13 
usemtl uus18_pruun
f 268/1291/243 269/1292/243 270/1293/243 
f 270/1294/244 271/1295/244 268/1296/244 
f 272/1297/245 268/1298/245 271/1299/245 
f 271/1300/245 273/1301/245 272/1302/245 
usemtl uus18_aken2
f 274/1303/13 219/1304/13 275/1305/13 
f 275/1306/13 276/1307/13 274/1308/13 
usemtl uus18_pruun
f 224/1309/52 277/1310/52 278/1311/52 
f 278/1312/53 279/1313/53 224/1314/53 
f 277/1315/246 280/1316/246 281/1317/246 
f 281/1318/247 278/1319/247 277/1320/247 
f 280/1321/248 282/1322/248 283/1323/248 
f 283/1324/248 281/1325/248 280/1326/248 
f 282/1327/249 284/1328/249 285/1329/249 
f 285/1330/249 283/1331/249 282/1332/249 
f 284/1333/250 286/1334/250 287/1335/250 
f 287/1336/251 285/1337/251 284/1338/251 
f 286/1339/252 272/1340/252 273/1341/252 
f 273/1342/253 287/1343/253 286/1344/253 
f 272/1345/254 286/1346/254 284/1347/254 
f 272/1348/255 284/1349/255 282/1350/255 
f 272/1351/256 282/1352/256 280/1353/256 
f 272/1354/257 280/1355/257 277/1356/257 
f 272/1357/258 277/1358/258 224/1359/258 
f 269/1360/259 268/1361/259 272/1362/259 
f 269/1363/259 272/1364/259 224/1365/259 
f 245/1366/40 288/1367/40 229/1368/40 
f 229/1369/40 228/1370/40 245/1371/40 
f 289/1372/13 244/1373/13 227/1374/13 
f 227/1375/13 230/1376/13 289/1377/13 
f 290/1378/13 289/1379/13 230/1380/13 
f 230/1381/13 231/1382/13 290/1383/13 
f 291/1384/70 290/1385/70 231/1386/70 
f 231/1387/70 232/1388/70 291/1389/70 
f 288/1390/260 292/1391/260 233/1392/260 
f 233/1393/260 229/1394/260 288/1395/260 
f 293/1396/261 291/1397/261 232/1398/261 
f 232/1399/73 234/1400/73 293/1401/73 
f 292/1402/262 294/1403/262 235/1404/262 
f 235/1405/74 233/1406/74 292/1407/74 
f 295/1408/75 296/1409/75 237/1410/75 
f 237/1411/75 236/1412/75 295/1413/75 
f 297/1414/76 298/1415/76 239/1416/76 
f 239/1417/77 238/1418/77 297/1419/77 
f 299/1420/78 295/1421/78 236/1422/78 
f 236/1423/78 240/1424/78 299/1425/78 
f 298/1426/79 300/1427/79 241/1428/79 
f 241/1429/79 239/1430/79 298/1431/79 
f 301/1432/80 299/1433/80 240/1434/80 
f 240/1435/80 242/1436/80 301/1437/80 
f 300/1438/81 302/1439/81 243/1440/81 
f 243/1441/81 241/1442/81 300/1443/81 
f 294/1444/263 301/1445/263 242/1446/263 
f 242/1447/263 235/1448/263 294/1449/263 
f 302/1450/84 293/1451/84 234/1452/84 
f 234/1453/264 243/1454/264 302/1455/264 
f 269/1456/86 303/1457/86 289/1458/86 
f 289/1459/86 270/1460/86 269/1461/86 
f 219/1462/86 224/1463/86 279/1464/86 
f 279/1465/86 275/1466/86 219/1467/86 
f 247/1468/40 304/1469/40 288/1470/40 
f 288/1471/40 245/1472/40 247/1473/40 
f 303/1474/13 246/1475/13 244/1476/13 
f 244/1477/13 289/1478/13 303/1479/13 
f 304/1480/265 305/1481/265 292/1482/265 
f 292/1483/265 288/1484/265 304/1485/265 
f 305/1486/266 306/1487/266 294/1488/266 
f 294/1489/267 292/1490/267 305/1491/267 
f 307/1492/75 308/1493/75 296/1494/75 
f 296/1495/75 295/1496/75 307/1497/75 
f 309/1498/89 307/1499/89 295/1500/89 
f 295/1501/89 299/1502/89 309/1503/89 
f 310/1504/90 309/1505/90 299/1506/90 
f 299/1507/90 301/1508/90 310/1509/90 
f 306/1510/268 310/1511/268 301/1512/268 
f 301/1513/92 294/1514/92 306/1515/92 
f 303/1516/94 269/1517/94 311/1518/94 
f 249/1519/40 312/1520/40 304/1521/40 
f 304/1522/40 247/1523/40 249/1524/40 
f 311/1525/13 248/1526/13 246/1527/13 
f 246/1528/13 303/1529/13 311/1530/13 
f 312/1531/95 313/1532/95 305/1533/95 
f 305/1534/269 304/1535/269 312/1536/269 
f 313/1537/270 314/1538/270 306/1539/270 
f 306/1540/270 305/1541/270 313/1542/270 
f 315/1543/75 316/1544/75 308/1545/75 
f 308/1546/75 307/1547/75 315/1548/75 
f 317/1549/78 315/1550/78 307/1551/78 
f 307/1552/78 309/1553/78 317/1554/78 
f 318/1555/80 317/1556/80 309/1557/80 
f 309/1558/80 310/1559/80 318/1560/80 
f 314/1561/83 318/1562/83 310/1563/83 
f 310/1564/83 306/1565/83 314/1566/83 
f 311/1567/94 269/1568/94 224/1569/94 
usemtl uus18_karniis_triip
f 319/1570/98 320/1571/98 321/1572/98 
f 322/1573/99 320/1574/99 319/1575/99 
f 323/1576/100 320/1577/100 322/1578/100 
f 324/1579/101 320/1580/101 323/1581/101 
f 324/1582/35 325/1583/35 320/1584/35 
f 326/1585/102 325/1586/102 324/1587/102 
f 326/1588/103 327/1589/103 325/1590/103 
f 328/1591/185 238/1592/185 237/1593/185 
f 328/1594/271 329/1595/271 238/1596/271 
f 330/1597/272 329/1598/272 328/1599/272 
f 330/1600/273 331/1601/273 329/1602/273 
f 332/1603/106 331/1604/106 330/1605/106 
f 332/1606/271 333/1607/271 331/1608/271 
f 327/1609/272 333/1610/272 332/1611/272 
f 326/1612/274 333/1613/274 327/1614/274 
f 334/1615/110 321/1616/110 335/1617/110 
f 321/1618/110 334/1619/110 319/1620/110 
f 336/1621/111 335/1622/111 337/1623/111 
f 335/1624/111 336/1625/111 334/1626/111 
f 338/1627/112 337/1628/112 339/1629/112 
f 337/1630/113 338/1631/113 336/1632/113 
usemtl uus18_aken2
f 250/1633/40 340/1634/40 341/1635/40 
f 340/1636/40 250/1637/40 253/1638/40 
f 341/1639/275 342/1640/275 343/1641/275 
f 342/1642/275 341/1643/275 340/1644/275 
f 343/1645/115 344/1646/115 345/1647/115 
f 344/1648/115 343/1649/115 342/1650/115 
f 345/1651/117 346/1652/117 347/1653/117 
f 346/1654/118 345/1655/118 344/1656/118 
f 347/1657/276 348/1658/276 349/1659/276 
f 348/1660/277 347/1661/277 346/1662/277 
f 349/1663/121 350/1664/121 351/1665/121 
f 350/1666/278 349/1667/278 348/1668/278 
f 351/1669/123 352/1670/123 353/1671/123 
f 352/1672/123 351/1673/123 350/1674/123 
f 353/1675/13 267/1676/13 266/1677/13 
f 267/1678/13 353/1679/13 352/1680/13 
usemtl uus18_pruun
f 354/1681/279 355/1682/279 356/1683/279 
f 355/1684/125 354/1685/125 357/1686/125 
f 358/1687/126 357/1688/126 354/1689/126 
f 357/1690/126 358/1691/126 359/1692/126 
usemtl uus18_aken2
f 274/1693/13 360/1694/13 220/1695/13 
f 360/1696/13 274/1697/13 276/1698/13 
usemtl uus18_pruun
f 223/1699/280 361/1700/280 362/1701/280 
f 361/1702/128 223/1703/128 363/1704/128 
f 362/1705/281 364/1706/281 365/1707/281 
f 364/1708/282 362/1709/282 361/1710/282 
f 365/1711/131 366/1712/131 367/1713/131 
f 366/1714/132 365/1715/132 364/1716/132 
f 367/1717/133 368/1718/133 369/1719/133 
f 368/1720/134 367/1721/134 366/1722/134 
f 369/1723/283 370/1724/283 371/1725/283 
f 370/1726/136 369/1727/136 368/1728/136 
f 371/1729/284 359/1730/284 358/1731/284 
f 359/1732/285 371/1733/285 370/1734/285 
f 358/1735/286 369/1736/286 371/1737/286 
f 358/1738/140 367/1739/140 369/1740/140 
f 358/1741/141 365/1742/141 367/1743/141 
f 358/1744/142 362/1745/142 365/1746/142 
f 358/1747/143 223/1748/143 362/1749/143 
f 356/1750/287 358/1751/287 354/1752/287 
f 356/1753/287 223/1754/287 358/1755/287 
f 335/1756/40 320/1757/40 372/1758/40 
f 320/1759/40 335/1760/40 321/1761/40 
f 373/1762/13 319/1763/13 334/1764/13 
f 319/1765/13 373/1766/13 322/1767/13 
f 374/1768/13 322/1769/13 373/1770/13 
f 322/1771/13 374/1772/13 323/1773/13 
f 375/1774/288 323/1775/288 374/1776/288 
f 323/1777/146 375/1778/146 324/1779/146 
f 372/1780/147 325/1781/147 376/1782/147 
f 325/1783/147 372/1784/147 320/1785/147 
f 377/1786/148 324/1787/148 375/1788/148 
f 324/1789/149 377/1790/149 326/1791/149 
f 376/1792/150 327/1793/150 378/1794/150 
f 327/1795/150 376/1796/150 325/1797/150 
f 379/1798/151 237/1799/151 296/1800/151 
f 237/1801/151 379/1802/151 328/1803/151 
f 297/1804/152 329/1805/152 380/1806/152 
f 329/1807/153 297/1808/153 238/1809/153 
f 381/1810/154 328/1811/154 379/1812/154 
f 328/1813/154 381/1814/154 330/1815/154 
f 380/1816/289 331/1817/289 382/1818/289 
f 331/1819/290 380/1820/290 329/1821/290 
f 383/1822/156 330/1823/156 381/1824/156 
f 330/1825/156 383/1826/156 332/1827/156 
f 382/1828/157 333/1829/157 384/1830/157 
f 333/1831/291 382/1832/291 331/1833/291 
f 378/1834/158 332/1835/158 383/1836/158 
f 332/1837/159 378/1838/159 327/1839/159 
f 384/1840/160 326/1841/160 377/1842/160 
f 326/1843/161 384/1844/161 333/1845/161 
f 356/1846/41 373/1847/41 385/1848/41 
f 373/1849/41 356/1850/41 355/1851/41 
f 220/1852/41 363/1853/41 223/1854/41 
f 363/1855/41 220/1856/41 360/1857/41 
f 337/1858/40 372/1859/40 386/1860/40 
f 372/1861/40 337/1862/40 335/1863/40 
f 385/1864/13 334/1865/13 336/1866/13 
f 334/1867/13 385/1868/13 373/1869/13 
f 386/1870/292 376/1871/292 387/1872/292 
f 376/1873/147 386/1874/147 372/1875/147 
f 387/1876/164 378/1877/164 388/1878/164 
f 378/1879/293 387/1880/293 376/1881/293 
f 389/1882/151 296/1883/151 308/1884/151 
f 296/1885/151 389/1886/151 379/1887/151 
f 390/1888/165 379/1889/165 389/1890/165 
f 379/1891/165 390/1892/165 381/1893/165 
f 391/1894/166 381/1895/166 390/1896/166 
f 381/1897/167 391/1898/167 383/1899/167 
f 388/1900/168 383/1901/168 391/1902/168 
f 383/1903/168 388/1904/168 378/1905/168 
f 385/1906/169 392/1907/169 356/1908/169 
f 386/1909/40 339/1910/40 337/1911/40 
f 392/1912/13 336/1913/13 338/1914/13 
f 336/1915/13 392/1916/13 385/1917/13 
f 393/1918/170 387/1919/170 394/1920/170 
f 387/1921/294 393/1922/294 386/1923/294 
f 394/1924/295 388/1925/295 395/1926/295 
f 388/1927/296 394/1928/296 387/1929/296 
f 396/1930/151 308/1931/151 316/1932/151 
f 308/1933/151 396/1934/151 389/1935/151 
f 397/1936/172 389/1937/172 396/1938/172 
f 389/1939/154 397/1940/154 390/1941/154 
f 398/1942/156 390/1943/156 397/1944/156 
f 390/1945/156 398/1946/156 391/1947/156 
f 395/1948/174 391/1949/174 398/1950/174 
f 391/1951/174 395/1952/174 388/1953/174 
f 392/1954/169 223/1955/169 356/1956/169 
usemtl uus18_aken2
f 253/1957/10 252/1958/10 255/1959/10 
f 267/1960/10 253/1961/10 255/1962/10 
f 267/1963/297 255/1964/297 257/1965/297 
f 267/1966/9 257/1967/9 259/1968/9 
f 267/1969/298 259/1970/298 261/1971/298 
f 267/1972/299 261/1973/299 263/1974/299 
f 267/1975/179 263/1976/179 265/1977/179 
f 253/1978/31 342/1979/31 340/1980/31 
f 267/1981/31 342/1982/31 253/1983/31 
f 267/1984/214 344/1985/214 342/1986/214 
f 267/1987/181 346/1988/181 344/1989/181 
f 267/1990/300 348/1991/300 346/1992/300 
f 267/1993/301 350/1994/301 348/1995/301 
f 267/1996/184 352/1997/184 350/1998/184 
f 298/1999/185 297/2000/185 266/2001/185 
f 298/2002/186 266/2003/186 264/2004/186 
f 300/2005/187 298/2006/187 264/2007/187 
f 300/2008/191 264/2009/191 262/2010/191 
f 302/2011/302 300/2012/302 262/2013/302 
f 302/2014/303 262/2015/303 260/2016/303 
f 293/2017/105 302/2018/105 260/2019/105 
f 293/2020/191 260/2021/191 258/2022/191 
f 291/2023/192 293/2024/192 258/2025/192 
f 291/2026/26 258/2027/26 256/2028/26 
f 290/2029/193 291/2030/193 256/2031/193 
f 290/2032/304 256/2033/304 254/2034/304 
f 270/2035/31 289/2036/31 290/2037/31 
f 270/2038/305 290/2039/305 254/2040/305 
f 270/2041/196 254/2042/196 251/2043/196 
f 271/2044/306 270/2045/306 251/2046/306 
f 273/2047/196 271/2048/196 251/2049/196 
f 251/2050/31 250/2051/31 276/2052/31 
f 251/2053/307 276/2054/307 275/2055/307 
f 251/2056/196 275/2057/196 279/2058/196 
f 273/2059/196 251/2060/196 279/2061/196 
f 273/2062/199 279/2063/199 278/2064/199 
f 273/2065/200 278/2066/200 281/2067/200 
f 273/2068/201 281/2069/201 283/2070/201 
f 273/2071/202 283/2072/202 285/2073/202 
f 273/2074/308 285/2075/308 287/2076/308 
f 380/2077/204 266/2078/204 297/2079/204 
f 380/2080/309 353/2081/309 266/2082/309 
f 382/2083/310 353/2084/310 380/2085/310 
f 382/2086/217 351/2087/217 353/2088/217 
f 384/2089/207 351/2090/207 382/2091/207 
f 384/2092/208 349/2093/208 351/2094/208 
f 377/2095/209 349/2096/209 384/2097/209 
f 377/2098/210 347/2099/210 349/2100/210 
f 375/2101/311 347/2102/311 377/2103/311 
f 375/2104/312 345/2105/312 347/2106/312 
f 374/2107/313 345/2108/313 375/2109/313 
f 374/2110/214 343/2111/214 345/2112/214 
f 355/2113/31 374/2114/31 373/2115/31 
f 355/2116/215 343/2117/215 374/2118/215 
f 355/2119/216 341/2120/216 343/2121/216 
f 357/2122/217 341/2123/217 355/2124/217 
f 359/2125/16 341/2126/16 357/2127/16 
f 341/2128/5 276/2129/5 250/2130/5 
f 341/2131/218 360/2132/218 276/2133/218 
f 341/2134/216 363/2135/216 360/2136/216 
f 359/2137/219 363/2138/219 341/2139/219 
f 359/2140/220 361/2141/220 363/2142/220 
f 359/2143/221 364/2144/221 361/2145/221 
f 359/2146/187 366/2147/187 364/2148/187 
f 359/2149/222 368/2150/222 366/2151/222 
f 359/2152/223 370/2153/223 368/2154/223 
usemtl uus18_pruun
f 399/2155/4 400/2156/4 401/2157/4 
f 401/2158/4 402/2159/4 399/2160/4 
usemtl uus18_sein
f 403/2161/5 401/2162/5 404/2163/5 
f 8/2164/26 403/2165/26 404/2166/26 
f 8/2167/224 404/2168/224 405/2169/224 
f 401/2170/8 403/2171/8 406/2172/8 
f 401/2173/24 406/2174/24 12/2175/24 
f 402/2176/16 401/2177/16 12/2178/16 
f 402/2179/8 12/2180/8 8/2181/8 
f 405/2182/10 402/2183/10 8/2184/10 
f 407/2185/12 14/2186/12 12/2187/12 
f 12/2188/226 406/2189/226 407/2190/226 
f 408/2191/5 16/2192/5 14/2193/5 
f 14/2194/5 407/2195/5 408/2196/5 
f 409/2197/13 18/2198/13 16/2199/13 
f 16/2200/13 408/2201/13 409/2202/13 
f 400/2203/314 410/2204/314 404/2205/314 
f 404/2206/314 401/2207/314 400/2208/314 
f 410/2209/13 411/2210/13 405/2211/13 
f 405/2212/13 404/2213/13 410/2214/13 
f 411/2215/315 399/2216/315 402/2217/315 
f 402/2218/315 405/2219/315 411/2220/315 
usemtl uus18_akenalumine
f 410/2221/16 400/2222/16 399/2223/16 
f 399/2224/16 411/2225/16 410/2226/16 
usemtl uus18_pruun
f 412/2227/229 413/2228/229 414/2229/229 
f 414/2230/229 415/2231/229 412/2232/229 
f 414/2233/18 413/2234/18 416/2235/18 
f 415/2236/19 417/2237/19 412/2238/19 
usemtl uus18_triipvalge
f 31/2239/316 30/2240/316 418/2241/316 
f 419/2242/20 31/2243/20 418/2244/20 
usemtl uus18valge
f 31/2245/13 419/2246/13 403/2247/13 
f 403/2248/13 8/2249/13 31/2250/13 
usemtl uus18_pruun
f 420/2251/317 421/2252/317 401/2253/317 
f 402/2254/22 401/2255/22 421/2256/22 
usemtl uus18_karniis_triip
f 422/2257/180 423/2258/180 424/2259/180 
f 425/2260/318 422/2261/318 424/2262/318 
f 426/2263/319 425/2264/319 424/2265/319 
f 427/2266/319 426/2267/319 424/2268/319 
f 427/2269/320 424/2270/320 428/2271/320 
f 429/2272/223 427/2273/223 428/2274/223 
f 429/2275/321 428/2276/321 430/2277/321 
f 431/2278/322 432/2279/322 433/2280/322 
f 431/2281/323 433/2282/323 434/2283/323 
f 435/2284/32 431/2285/32 434/2286/32 
f 435/2287/324 434/2288/324 436/2289/324 
f 437/2290/207 435/2291/207 436/2292/207 
f 437/2293/325 436/2294/325 438/2295/325 
f 430/2296/202 437/2297/202 438/2298/202 
f 429/2299/326 430/2300/326 438/2301/326 
f 439/2302/327 440/2303/327 423/2304/327 
f 423/2305/327 422/2306/327 439/2307/327 
f 441/2308/328 442/2309/328 440/2310/328 
f 440/2311/329 439/2312/329 441/2313/329 
f 443/2314/330 444/2315/330 442/2316/330 
f 442/2317/331 441/2318/331 443/2319/331 
usemtl uus18_aken2
f 445/2320/40 446/2321/40 447/2322/40 
f 447/2323/40 448/2324/40 445/2325/40 
f 446/2326/332 449/2327/332 450/2328/332 
f 450/2329/332 447/2330/332 446/2331/332 
f 449/2332/333 451/2333/333 452/2334/333 
f 452/2335/334 450/2336/334 449/2337/334 
f 451/2338/240 453/2339/240 454/2340/240 
f 454/2341/335 452/2342/335 451/2343/335 
f 453/2344/336 455/2345/336 456/2346/336 
f 456/2347/336 454/2348/336 453/2349/336 
f 455/2350/337 457/2351/337 458/2352/337 
f 458/2353/338 456/2354/338 455/2355/338 
f 457/2356/339 459/2357/339 460/2358/339 
f 460/2359/340 458/2360/340 457/2361/340 
f 459/2362/13 461/2363/13 462/2364/13 
f 462/2365/13 460/2366/13 459/2367/13 
usemtl uus18_pruun
f 463/2368/341 464/2369/341 465/2370/341 
f 465/2371/342 466/2372/342 463/2373/342 
f 467/2374/343 463/2375/343 466/2376/343 
f 466/2377/343 468/2378/343 467/2379/343 
usemtl uus18_aken2
f 469/2380/13 412/2381/13 470/2382/13 
f 470/2383/13 471/2384/13 469/2385/13 
usemtl uus18_pruun
f 417/2386/344 472/2387/344 473/2388/344 
f 473/2389/345 474/2390/345 417/2391/345 
f 472/2392/346 475/2393/346 476/2394/346 
f 476/2395/347 473/2396/347 472/2397/347 
f 475/2398/56 477/2399/56 478/2400/56 
f 478/2401/348 476/2402/348 475/2403/348 
f 477/2404/349 479/2405/349 480/2406/349 
f 480/2407/350 478/2408/350 477/2409/350 
f 479/2410/351 481/2411/351 482/2412/351 
f 482/2413/352 480/2414/352 479/2415/352 
f 481/2416/253 467/2417/253 468/2418/253 
f 468/2419/252 482/2420/252 481/2421/252 
f 467/2422/353 481/2423/353 479/2424/353 
f 467/2425/354 479/2426/354 477/2427/354 
f 467/2428/355 477/2429/355 475/2430/355 
f 467/2431/356 475/2432/356 472/2433/356 
f 467/2434/357 472/2435/357 417/2436/357 
f 464/2437/358 463/2438/358 467/2439/358 
f 464/2440/358 467/2441/358 417/2442/358 
f 440/2443/40 483/2444/40 424/2445/40 
f 424/2446/40 423/2447/40 440/2448/40 
f 484/2449/13 439/2450/13 422/2451/13 
f 422/2452/13 425/2453/13 484/2454/13 
f 485/2455/13 484/2456/13 425/2457/13 
f 425/2458/13 426/2459/13 485/2460/13 
f 486/2461/359 485/2462/359 426/2463/359 
f 426/2464/359 427/2465/359 486/2466/359 
f 483/2467/95 487/2468/95 428/2469/95 
f 428/2470/360 424/2471/360 483/2472/360 
f 488/2473/73 486/2474/73 427/2475/73 
f 427/2476/72 429/2477/72 488/2478/72 
f 487/2479/74 489/2480/74 430/2481/74 
f 430/2482/262 428/2483/262 487/2484/262 
f 490/2485/75 491/2486/75 432/2487/75 
f 432/2488/75 431/2489/75 490/2490/75 
f 492/2491/361 493/2492/361 434/2493/361 
f 434/2494/362 433/2495/362 492/2496/362 
f 494/2497/89 490/2498/89 431/2499/89 
f 431/2500/89 435/2501/89 494/2502/89 
f 493/2503/79 495/2504/79 436/2505/79 
f 436/2506/363 434/2507/363 493/2508/363 
f 496/2509/90 494/2510/90 435/2511/90 
f 435/2512/90 437/2513/90 496/2514/90 
f 495/2515/81 497/2516/81 438/2517/81 
f 438/2518/364 436/2519/364 495/2520/364 
f 489/2521/268 496/2522/268 437/2523/268 
f 437/2524/83 430/2525/83 489/2526/83 
f 497/2527/85 488/2528/85 429/2529/85 
f 429/2530/84 438/2531/84 497/2532/84 
f 464/2533/275 498/2534/275 484/2535/275 
f 484/2536/275 465/2537/275 464/2538/275 
f 412/2539/275 417/2540/275 474/2541/275 
f 474/2542/275 470/2543/275 412/2544/275 
f 442/2545/40 499/2546/40 483/2547/40 
f 483/2548/40 440/2549/40 442/2550/40 
f 498/2551/13 441/2552/13 439/2553/13 
f 439/2554/13 484/2555/13 498/2556/13 
f 499/2557/260 500/2558/260 487/2559/260 
f 487/2560/365 483/2561/365 499/2562/365 
f 500/2563/74 501/2564/74 489/2565/74 
f 489/2566/74 487/2567/74 500/2568/74 
f 502/2569/75 503/2570/75 491/2571/75 
f 491/2572/366 490/2573/366 502/2574/366 
f 504/2575/367 502/2576/367 490/2577/367 
f 490/2578/89 494/2579/89 504/2580/89 
f 505/2581/368 504/2582/368 494/2583/368 
f 494/2584/369 496/2585/369 505/2586/369 
f 501/2587/93 505/2588/93 496/2589/93 
f 496/2590/268 489/2591/268 501/2592/268 
f 498/2593/370 464/2594/370 506/2595/370 
f 444/2596/40 507/2597/40 499/2598/40 
f 499/2599/40 442/2600/40 444/2601/40 
f 506/2602/13 443/2603/13 441/2604/13 
f 441/2605/13 498/2606/13 506/2607/13 
f 507/2608/95 508/2609/95 500/2610/95 
f 500/2611/269 499/2612/269 507/2613/269 
f 508/2614/371 509/2615/371 501/2616/371 
f 501/2617/96 500/2618/96 508/2619/96 
f 510/2620/75 511/2621/75 503/2622/75 
f 503/2623/75 502/2624/75 510/2625/75 
f 512/2626/372 510/2627/372 502/2628/372 
f 502/2629/372 504/2630/372 512/2631/372 
f 513/2632/373 512/2633/373 504/2634/373 
f 504/2635/374 505/2636/374 513/2637/374 
f 509/2638/83 513/2639/83 505/2640/83 
f 505/2641/375 501/2642/375 509/2643/375 
f 506/2644/370 464/2645/370 417/2646/370 
usemtl uus18_karniis_triip
f 514/2647/376 515/2648/376 516/2649/376 
f 517/2650/377 515/2651/377 514/2652/377 
f 518/2653/378 515/2654/378 517/2655/378 
f 519/2656/379 515/2657/379 518/2658/379 
f 519/2659/380 520/2660/380 515/2661/380 
f 521/2662/381 520/2663/381 519/2664/381 
f 521/2665/382 522/2666/382 520/2667/382 
f 523/2668/383 433/2669/383 432/2670/383 
f 523/2671/210 524/2672/210 433/2673/210 
f 525/2674/384 524/2675/384 523/2676/384 
f 525/2677/200 526/2678/200 524/2679/200 
f 527/2680/200 526/2681/200 525/2682/200 
f 527/2683/186 528/2684/186 526/2685/186 
f 522/2686/186 528/2687/186 527/2688/186 
f 521/2689/385 528/2690/385 522/2691/385 
f 529/2692/386 516/2693/386 530/2694/386 
f 516/2695/386 529/2696/386 514/2697/386 
f 531/2698/387 530/2699/387 532/2700/387 
f 530/2701/388 531/2702/388 529/2703/388 
f 533/2704/389 532/2705/389 534/2706/389 
f 532/2707/390 533/2708/390 531/2709/390 
usemtl uus18_aken2
f 445/2710/40 535/2711/40 536/2712/40 
f 535/2713/40 445/2714/40 448/2715/40 
f 536/2716/391 537/2717/391 538/2718/391 
f 537/2719/391 536/2720/391 535/2721/391 
f 538/2722/392 539/2723/392 540/2724/392 
f 539/2725/393 538/2726/393 537/2727/393 
f 540/2728/394 541/2729/394 542/2730/394 
f 541/2731/395 540/2732/395 539/2733/395 
f 542/2734/396 543/2735/396 544/2736/396 
f 543/2737/396 542/2738/396 541/2739/396 
f 544/2740/278 545/2741/278 546/2742/278 
f 545/2743/278 544/2744/278 543/2745/278 
f 546/2746/397 547/2747/397 548/2748/397 
f 547/2749/397 546/2750/397 545/2751/397 
f 548/2752/13 462/2753/13 461/2754/13 
f 462/2755/13 548/2756/13 547/2757/13 
usemtl uus18_pruun
f 549/2758/125 550/2759/125 551/2760/125 
f 550/2761/124 549/2762/124 552/2763/124 
f 553/2764/162 552/2765/162 549/2766/162 
f 552/2767/162 553/2768/162 554/2769/162 
usemtl uus18_aken2
f 469/2770/13 555/2771/13 413/2772/13 
f 555/2773/13 469/2774/13 471/2775/13 
usemtl uus18_pruun
f 416/2776/398 556/2777/398 557/2778/398 
f 556/2779/399 416/2780/399 558/2781/399 
f 557/2782/400 559/2783/400 560/2784/400 
f 559/2785/401 557/2786/401 556/2787/401 
f 560/2788/132 561/2789/132 562/2790/132 
f 561/2791/131 560/2792/131 559/2793/131 
f 562/2794/402 563/2795/402 564/2796/402 
f 563/2797/133 562/2798/133 561/2799/133 
f 564/2800/403 565/2801/403 566/2802/403 
f 565/2803/404 564/2804/404 563/2805/404 
f 566/2806/405 554/2807/405 553/2808/405 
f 554/2809/137 566/2810/137 565/2811/137 
f 553/2812/406 564/2813/406 566/2814/406 
f 553/2815/407 562/2816/407 564/2817/407 
f 553/2818/408 560/2819/408 562/2820/408 
f 553/2821/409 557/2822/409 560/2823/409 
f 553/2824/143 416/2825/143 557/2826/143 
f 551/2827/259 553/2828/259 549/2829/259 
f 551/2830/259 416/2831/259 553/2832/259 
f 530/2833/40 515/2834/40 567/2835/40 
f 515/2836/40 530/2837/40 516/2838/40 
f 568/2839/13 514/2840/13 529/2841/13 
f 514/2842/13 568/2843/13 517/2844/13 
f 569/2845/13 517/2846/13 568/2847/13 
f 517/2848/13 569/2849/13 518/2850/13 
f 570/2851/410 518/2852/410 569/2853/410 
f 518/2854/411 570/2855/411 519/2856/411 
f 567/2857/412 520/2858/412 571/2859/412 
f 520/2860/413 567/2861/413 515/2862/413 
f 572/2863/414 519/2864/414 570/2865/414 
f 519/2866/415 572/2867/415 521/2868/415 
f 571/2869/295 522/2870/295 573/2871/295 
f 522/2872/416 571/2873/416 520/2874/416 
f 574/2875/151 432/2876/151 491/2877/151 
f 432/2878/151 574/2879/151 523/2880/151 
f 492/2881/153 524/2882/153 575/2883/153 
f 524/2884/153 492/2885/153 433/2886/153 
f 576/2887/165 523/2888/165 574/2889/165 
f 523/2890/165 576/2891/165 525/2892/165 
f 575/2893/289 526/2894/289 577/2895/289 
f 526/2896/290 575/2897/290 524/2898/290 
f 578/2899/166 525/2900/166 576/2901/166 
f 525/2902/166 578/2903/166 527/2904/166 
f 577/2905/157 528/2906/157 579/2907/157 
f 528/2908/291 577/2909/291 526/2910/291 
f 573/2911/174 527/2912/174 578/2913/174 
f 527/2914/174 573/2915/174 522/2916/174 
f 579/2917/161 521/2918/161 572/2919/161 
f 521/2920/161 579/2921/161 528/2922/161 
f 551/2923/126 568/2924/126 580/2925/126 
f 568/2926/126 551/2927/126 550/2928/126 
f 413/2929/126 558/2930/126 416/2931/126 
f 558/2932/126 413/2933/126 555/2934/126 
f 532/2935/40 567/2936/40 581/2937/40 
f 567/2938/40 532/2939/40 530/2940/40 
f 580/2941/13 529/2942/13 531/2943/13 
f 529/2944/13 580/2945/13 568/2946/13 
f 581/2947/292 571/2948/292 582/2949/292 
f 571/2950/147 581/2951/147 567/2952/147 
f 582/2953/417 573/2954/417 583/2955/417 
f 573/2956/418 582/2957/418 571/2958/418 
f 584/2959/151 491/2960/151 503/2961/151 
f 491/2962/419 584/2963/419 574/2964/419 
f 585/2965/172 574/2966/172 584/2967/172 
f 574/2968/420 585/2969/420 576/2970/420 
f 586/2971/421 576/2972/421 585/2973/421 
f 576/2974/421 586/2975/421 578/2976/421 
f 583/2977/422 578/2978/422 586/2979/422 
f 578/2980/422 583/2981/422 573/2982/422 
f 580/2983/423 587/2984/423 551/2985/423 
f 534/2986/40 581/2987/40 588/2988/40 
f 581/2989/40 534/2990/40 532/2991/40 
f 587/2992/13 531/2993/13 533/2994/13 
f 531/2995/13 587/2996/13 580/2997/13 
f 588/2998/413 582/2999/413 589/3000/413 
f 582/3001/294 588/3002/294 581/3003/294 
f 589/3004/296 583/3005/296 590/3006/296 
f 583/3007/296 589/3008/296 582/3009/296 
f 591/3010/151 503/3011/151 511/3012/151 
f 503/3013/151 591/3014/151 584/3015/151 
f 592/3016/154 584/3017/154 591/3018/154 
f 584/3019/172 592/3020/172 585/3021/172 
f 593/3022/424 585/3023/424 592/3024/424 
f 585/3025/156 593/3026/156 586/3027/156 
f 590/3028/174 586/3029/174 593/3030/174 
f 586/3031/174 590/3032/174 583/3033/174 
f 587/3034/423 416/3035/423 551/3036/423 
usemtl uus18_aken2
f 448/3037/16 447/3038/16 450/3039/16 
f 462/3040/16 448/3041/16 450/3042/16 
f 462/3043/425 450/3044/425 452/3045/425 
f 462/3046/426 452/3047/426 454/3048/426 
f 462/3049/427 454/3050/427 456/3051/427 
f 462/3052/428 456/3053/428 458/3054/428 
f 462/3055/429 458/3056/429 460/3057/429 
f 448/3058/10 537/3059/10 535/3060/10 
f 462/3061/10 537/3062/10 448/3063/10 
f 462/3064/430 539/3065/430 537/3066/430 
f 462/3067/431 541/3068/431 539/3069/431 
f 462/3070/432 543/3071/432 541/3072/432 
f 462/3073/433 545/3074/433 543/3075/433 
f 462/3076/434 547/3077/434 545/3078/434 
f 493/3079/204 492/3080/204 461/3081/204 
f 493/3082/435 461/3083/435 459/3084/435 
f 495/3085/273 493/3086/273 459/3087/273 
f 495/3088/436 459/3089/436 457/3090/436 
f 497/3091/437 495/3092/437 457/3093/437 
f 497/3094/438 457/3095/438 455/3096/438 
f 488/3097/8 497/3098/8 455/3099/8 
f 488/3100/439 455/3101/439 453/3102/439 
f 486/3103/440 488/3104/440 453/3105/440 
f 486/3106/440 453/3107/440 451/3108/440 
f 485/3109/441 486/3110/441 451/3111/441 
f 485/3112/193 451/3113/193 449/3114/193 
f 465/3115/31 484/3116/31 485/3117/31 
f 465/3118/201 485/3119/201 449/3120/201 
f 465/3121/216 449/3122/216 446/3123/216 
f 466/3124/442 465/3125/442 446/3126/442 
f 468/3127/16 466/3128/16 446/3129/16 
f 446/3130/10 445/3131/10 471/3132/10 
f 446/3133/443 471/3134/443 470/3135/443 
f 446/3136/216 470/3137/216 474/3138/216 
f 468/3139/444 446/3140/444 474/3141/444 
f 468/3142/29 474/3143/29 473/3144/29 
f 468/3145/201 473/3146/201 476/3147/201 
f 468/3148/445 476/3149/445 478/3150/445 
f 468/3151/446 478/3152/446 480/3153/446 
f 468/3154/447 480/3155/447 482/3156/447 
f 575/3157/448 461/3158/448 492/3159/448 
f 575/3160/449 548/3161/449 461/3162/449 
f 577/3163/382 548/3164/382 575/3165/382 
f 577/3166/217 546/3167/217 548/3168/217 
f 579/3169/450 546/3170/450 577/3171/450 
f 579/3172/384 544/3173/384 546/3174/384 
f 572/3175/16 544/3176/16 579/3177/16 
f 572/3178/190 542/3179/190 544/3180/190 
f 570/3181/190 542/3182/190 572/3183/190 
f 570/3184/6 540/3185/6 542/3186/6 
f 569/3187/313 540/3188/313 570/3189/313 
f 569/3190/202 538/3191/202 540/3192/202 
f 550/3193/196 569/3194/196 568/3195/196 
f 550/3196/214 538/3197/214 569/3198/214 
f 550/3199/432 536/3200/432 538/3201/432 
f 552/3202/451 536/3203/451 550/3204/451 
f 554/3205/16 536/3206/16 552/3207/16 
f 536/3208/31 471/3209/31 445/3210/31 
f 536/3211/452 555/3212/452 471/3213/452 
f 536/3214/432 558/3215/432 555/3216/432 
f 554/3217/453 558/3218/453 536/3219/453 
f 554/3220/454 556/3221/454 558/3222/454 
f 554/3223/455 559/3224/455 556/3225/455 
f 554/3226/222 561/3227/222 559/3228/222 
f 554/3229/456 563/3230/456 561/3231/456 
f 554/3232/457 565/3233/457 563/3234/457 
usemtl uus18_pruun
f 594/3235/4 595/3236/4 596/3237/4 
f 596/3238/4 597/3239/4 594/3240/4 
usemtl uus18_sein
f 598/3241/5 596/3242/5 599/3243/5 
f 403/3244/26 598/3245/26 599/3246/26 
f 403/3247/224 599/3248/224 600/3249/224 
f 596/3250/5 598/3251/5 601/3252/5 
f 596/3253/6 601/3254/6 406/3255/6 
f 597/3256/326 596/3257/326 406/3258/326 
f 597/3259/8 406/3260/8 403/3261/8 
f 600/3262/432 597/3263/432 403/3264/432 
f 602/3265/11 407/3266/11 406/3267/11 
f 406/3268/458 601/3269/458 602/3270/458 
f 603/3271/5 408/3272/5 407/3273/5 
f 407/3274/5 602/3275/5 603/3276/5 
f 604/3277/13 409/3278/13 408/3279/13 
f 408/3280/13 603/3281/13 604/3282/13 
f 595/3283/14 605/3284/14 599/3285/14 
f 599/3286/14 596/3287/14 595/3288/14 
f 605/3289/13 606/3290/13 600/3291/13 
f 600/3292/13 599/3293/13 605/3294/13 
f 606/3295/15 594/3296/15 597/3297/15 
f 597/3298/15 600/3299/15 606/3300/15 
usemtl uus18_akenalumine
f 605/3301/16 595/3302/16 594/3303/16 
f 594/3304/16 606/3305/16 605/3306/16 
usemtl uus18_pruun
f 607/3307/229 608/3308/229 609/3309/229 
f 609/3310/229 610/3311/229 607/3312/229 
f 609/3313/459 608/3314/459 611/3315/459 
f 610/3316/19 612/3317/19 607/3318/19 
usemtl uus18_triipvalge
f 419/3319/20 418/3320/20 613/3321/20 
f 614/3322/20 419/3323/20 613/3324/20 
usemtl uus18valge
f 419/3325/13 614/3326/13 598/3327/13 
f 598/3328/13 403/3329/13 419/3330/13 
usemtl uus18_pruun
f 615/3331/23 616/3332/23 596/3333/23 
f 597/3334/22 596/3335/22 616/3336/22 
usemtl uus18_karniis_triip
f 617/3337/306 618/3338/306 619/3339/306 
f 620/3340/460 617/3341/460 619/3342/460 
f 621/3343/461 620/3344/461 619/3345/461 
f 622/3346/462 621/3347/462 619/3348/462 
f 622/3349/219 619/3350/219 623/3351/219 
f 624/3352/223 622/3353/223 623/3354/223 
f 624/3355/9 623/3356/9 625/3357/9 
f 626/3358/31 627/3359/31 628/3360/31 
f 626/3361/463 628/3362/463 629/3363/463 
f 630/3364/464 626/3365/464 629/3366/464 
f 630/3367/465 629/3368/465 631/3369/465 
f 632/3370/186 630/3371/186 631/3372/186 
f 632/3373/466 631/3374/466 633/3375/466 
f 625/3376/223 632/3377/223 633/3378/223 
f 624/3379/9 625/3380/9 633/3381/9 
f 634/3382/467 635/3383/467 618/3384/467 
f 618/3385/327 617/3386/327 634/3387/327 
f 636/3388/468 637/3389/468 635/3390/468 
f 635/3391/469 634/3392/469 636/3393/469 
f 638/3394/330 639/3395/330 637/3396/330 
f 637/3397/331 636/3398/331 638/3399/331 
usemtl uus18_aken2
f 640/3400/40 641/3401/40 642/3402/40 
f 642/3403/40 643/3404/40 640/3405/40 
f 641/3406/162 644/3407/162 645/3408/162 
f 645/3409/162 642/3410/162 641/3411/162 
f 644/3412/333 646/3413/333 647/3414/333 
f 647/3415/470 645/3416/470 644/3417/470 
f 646/3418/43 648/3419/43 649/3420/43 
f 649/3421/43 647/3422/43 646/3423/43 
f 648/3424/471 650/3425/471 651/3426/471 
f 651/3427/472 649/3428/472 648/3429/472 
f 650/3430/47 652/3431/47 653/3432/47 
f 653/3433/473 651/3434/473 650/3435/473 
f 652/3436/339 654/3437/339 655/3438/339 
f 655/3439/474 653/3440/474 652/3441/474 
f 654/3442/13 656/3443/13 657/3444/13 
f 657/3445/13 655/3446/13 654/3447/13 
usemtl uus18_pruun
f 658/3448/475 659/3449/475 660/3450/475 
f 660/3451/342 661/3452/342 658/3453/342 
f 662/3454/343 658/3455/343 661/3456/343 
f 661/3457/343 663/3458/343 662/3459/343 
usemtl uus18_aken2
f 664/3460/13 607/3461/13 665/3462/13 
f 665/3463/13 666/3464/13 664/3465/13 
usemtl uus18_pruun
f 612/3466/476 667/3467/476 668/3468/476 
f 668/3469/345 669/3470/345 612/3471/345 
f 667/3472/477 670/3473/477 671/3474/477 
f 671/3475/478 668/3476/478 667/3477/478 
f 670/3478/56 672/3479/56 673/3480/56 
f 673/3481/479 671/3482/479 670/3483/479 
f 672/3484/480 674/3485/480 675/3486/480 
f 675/3487/481 673/3488/481 672/3489/481 
f 674/3490/352 676/3491/352 677/3492/352 
f 677/3493/482 675/3494/482 674/3495/482 
f 676/3496/483 662/3497/483 663/3498/483 
f 663/3499/483 677/3500/483 676/3501/483 
f 662/3502/484 676/3503/484 674/3504/484 
f 662/3505/485 674/3506/485 672/3507/485 
f 662/3508/486 672/3509/486 670/3510/486 
f 662/3511/487 670/3512/487 667/3513/487 
f 662/3514/258 667/3515/258 612/3516/258 
f 659/3517/287 658/3518/287 662/3519/287 
f 659/3520/287 662/3521/287 612/3522/287 
f 635/3523/40 678/3524/40 619/3525/40 
f 619/3526/40 618/3527/40 635/3528/40 
f 679/3529/13 634/3530/13 617/3531/13 
f 617/3532/13 620/3533/13 679/3534/13 
f 680/3535/13 679/3536/13 620/3537/13 
f 620/3538/13 621/3539/13 680/3540/13 
f 681/3541/488 680/3542/488 621/3543/488 
f 621/3544/489 622/3545/489 681/3546/489 
f 678/3547/95 682/3548/95 623/3549/95 
f 623/3550/490 619/3551/490 678/3552/490 
f 683/3553/73 681/3554/73 622/3555/73 
f 622/3556/261 624/3557/261 683/3558/261 
f 682/3559/74 684/3560/74 625/3561/74 
f 625/3562/262 623/3563/262 682/3564/262 
f 685/3565/75 686/3566/75 627/3567/75 
f 627/3568/75 626/3569/75 685/3570/75 
f 687/3571/362 688/3572/362 629/3573/362 
f 629/3574/76 628/3575/76 687/3576/76 
f 689/3577/97 685/3578/97 626/3579/97 
f 626/3580/89 630/3581/89 689/3582/89 
f 688/3583/79 690/3584/79 631/3585/79 
f 631/3586/363 629/3587/363 688/3588/363 
f 691/3589/90 689/3590/90 630/3591/90 
f 630/3592/90 632/3593/90 691/3594/90 
f 690/3595/81 692/3596/81 633/3597/81 
f 633/3598/491 631/3599/491 690/3600/491 
f 684/3601/492 691/3602/492 632/3603/492 
f 632/3604/83 625/3605/83 684/3606/83 
f 692/3607/85 683/3608/85 624/3609/85 
f 624/3610/84 633/3611/84 692/3612/84 
f 659/3613/114 693/3614/114 679/3615/114 
f 679/3616/114 660/3617/114 659/3618/114 
f 607/3619/114 612/3620/114 669/3621/114 
f 669/3622/114 665/3623/114 607/3624/114 
f 637/3625/40 694/3626/40 678/3627/40 
f 678/3628/40 635/3629/40 637/3630/40 
f 693/3631/13 636/3632/13 634/3633/13 
f 634/3634/13 679/3635/13 693/3636/13 
f 694/3637/260 695/3638/260 682/3639/260 
f 682/3640/365 678/3641/365 694/3642/365 
f 695/3643/493 696/3644/493 684/3645/493 
f 684/3646/74 682/3647/74 695/3648/74 
f 697/3649/75 698/3650/75 686/3651/75 
f 686/3652/75 685/3653/75 697/3654/75 
f 699/3655/89 697/3656/89 685/3657/89 
f 685/3658/367 689/3659/367 699/3660/367 
f 700/3661/369 699/3662/369 689/3663/369 
f 689/3664/494 691/3665/494 700/3666/494 
f 696/3667/495 700/3668/495 691/3669/495 
f 691/3670/496 684/3671/496 696/3672/496 
f 693/3673/497 659/3674/497 701/3675/497 
f 639/3676/40 702/3677/40 694/3678/40 
f 694/3679/40 637/3680/40 639/3681/40 
f 701/3682/13 638/3683/13 636/3684/13 
f 636/3685/13 693/3686/13 701/3687/13 
f 702/3688/95 703/3689/95 695/3690/95 
f 695/3691/498 694/3692/498 702/3693/498 
f 703/3694/262 704/3695/262 696/3696/262 
f 696/3697/262 695/3698/262 703/3699/262 
f 705/3700/75 706/3701/75 698/3702/75 
f 698/3703/75 697/3704/75 705/3705/75 
f 707/3706/78 705/3707/78 697/3708/78 
f 697/3709/78 699/3710/78 707/3711/78 
f 708/3712/80 707/3713/80 699/3714/80 
f 699/3715/80 700/3716/80 708/3717/80 
f 704/3718/83 708/3719/83 700/3720/83 
f 700/3721/83 696/3722/83 704/3723/83 
f 701/3724/497 659/3725/497 612/3726/497 
usemtl uus18_karniis_triip
f 709/3727/376 710/3728/376 711/3729/376 
f 712/3730/499 710/3731/499 709/3732/499 
f 713/3733/378 710/3734/378 712/3735/378 
f 714/3736/500 710/3737/500 713/3738/500 
f 714/3739/9 715/3740/9 710/3741/9 
f 716/3742/465 715/3743/465 714/3744/465 
f 716/3745/501 717/3746/501 715/3747/501 
f 718/3748/31 628/3749/31 627/3750/31 
f 718/3751/451 719/3752/451 628/3753/451 
f 720/3754/502 719/3755/502 718/3756/502 
f 720/3757/503 721/3758/503 719/3759/503 
f 722/3760/106 721/3761/106 720/3762/106 
f 722/3763/219 723/3764/219 721/3765/219 
f 717/3766/186 723/3767/186 722/3768/186 
f 716/3769/6 723/3770/6 717/3771/6 
f 724/3772/390 711/3773/390 725/3774/390 
f 711/3775/390 724/3776/390 709/3777/390 
f 726/3778/504 725/3779/504 727/3780/504 
f 725/3781/388 726/3782/388 724/3783/388 
f 728/3784/112 727/3785/112 729/3786/112 
f 727/3787/112 728/3788/112 726/3789/112 
usemtl uus18_aken2
f 640/3790/40 730/3791/40 731/3792/40 
f 730/3793/40 640/3794/40 643/3795/40 
f 731/3796/505 732/3797/505 733/3798/505 
f 732/3799/51 731/3800/51 730/3801/51 
f 733/3802/506 734/3803/506 735/3804/506 
f 734/3805/507 733/3806/507 732/3807/507 
f 735/3808/394 736/3809/394 737/3810/394 
f 736/3811/394 735/3812/394 734/3813/394 
f 737/3814/396 738/3815/396 739/3816/396 
f 738/3817/396 737/3818/396 736/3819/396 
f 739/3820/508 740/3821/508 741/3822/508 
f 740/3823/278 739/3824/278 738/3825/278 
f 741/3826/123 742/3827/123 743/3828/123 
f 742/3829/123 741/3830/123 740/3831/123 
f 743/3832/13 657/3833/13 656/3834/13 
f 657/3835/13 743/3836/13 742/3837/13 
usemtl uus18_pruun
f 744/3838/125 745/3839/125 746/3840/125 
f 745/3841/509 744/3842/509 747/3843/509 
f 748/3844/332 747/3845/332 744/3846/332 
f 747/3847/332 748/3848/332 749/3849/332 
usemtl uus18_aken2
f 664/3850/13 750/3851/13 608/3852/13 
f 750/3853/13 664/3854/13 666/3855/13 
usemtl uus18_pruun
f 611/3856/510 751/3857/510 752/3858/510 
f 751/3859/511 611/3860/511 753/3861/511 
f 752/3862/130 754/3863/130 755/3864/130 
f 754/3865/512 752/3866/512 751/3867/512 
f 755/3868/513 756/3869/513 757/3870/513 
f 756/3871/514 755/3872/514 754/3873/514 
f 757/3874/515 758/3875/515 759/3876/515 
f 758/3877/516 757/3878/516 756/3879/516 
f 759/3880/283 760/3881/283 761/3882/283 
f 760/3883/517 759/3884/517 758/3885/517 
f 761/3886/518 749/3887/518 748/3888/518 
f 749/3889/519 761/3890/519 760/3891/519 
f 748/3892/520 759/3893/520 761/3894/520 
f 748/3895/141 757/3896/141 759/3897/141 
f 748/3898/521 755/3899/521 757/3900/521 
f 748/3901/522 752/3902/522 755/3903/522 
f 748/3904/143 611/3905/143 752/3906/143 
f 746/3907/259 748/3908/259 744/3909/259 
f 746/3910/259 611/3911/259 748/3912/259 
f 725/3913/40 710/3914/40 762/3915/40 
f 710/3916/40 725/3917/40 711/3918/40 
f 763/3919/13 709/3920/13 724/3921/13 
f 709/3922/13 763/3923/13 712/3924/13 
f 764/3925/13 712/3926/13 763/3927/13 
f 712/3928/13 764/3929/13 713/3930/13 
f 765/3931/410 713/3932/410 764/3933/410 
f 713/3934/523 765/3935/523 714/3936/523 
f 762/3937/524 715/3938/524 766/3939/524 
f 715/3940/524 762/3941/524 710/3942/524 
f 767/3943/525 714/3944/525 765/3945/525 
f 714/3946/525 767/3947/525 716/3948/525 
f 766/3949/416 717/3950/416 768/3951/416 
f 717/3952/416 766/3953/416 715/3954/416 
f 769/3955/151 627/3956/151 686/3957/151 
f 627/3958/151 769/3959/151 718/3960/151 
f 687/3961/526 719/3962/526 770/3963/526 
f 719/3964/152 687/3965/152 628/3966/152 
f 771/3967/165 718/3968/165 769/3969/165 
f 718/3970/165 771/3971/165 720/3972/165 
f 770/3973/289 721/3974/289 772/3975/289 
f 721/3976/289 770/3977/289 719/3978/289 
f 773/3979/166 720/3980/166 771/3981/166 
f 720/3982/166 773/3983/166 722/3984/166 
f 772/3985/157 723/3986/157 774/3987/157 
f 723/3988/527 772/3989/527 721/3990/527 
f 768/3991/528 722/3992/528 773/3993/528 
f 722/3994/158 768/3995/158 717/3996/158 
f 774/3997/529 716/3998/529 767/3999/529 
f 716/4000/530 774/4001/530 723/4002/530 
f 746/4003/126 763/4004/126 775/4005/126 
f 763/4006/126 746/4007/126 745/4008/126 
f 608/4009/126 753/4010/126 611/4011/126 
f 753/4012/126 608/4013/126 750/4014/126 
f 727/4015/40 762/4016/40 776/4017/40 
f 762/4018/40 727/4019/40 725/4020/40 
f 775/4021/13 724/4022/13 726/4023/13 
f 724/4024/13 775/4025/13 763/4026/13 
f 776/4027/147 766/4028/147 777/4029/147 
f 766/4030/292 776/4031/292 762/4032/292 
f 777/4033/531 768/4034/531 778/4035/531 
f 768/4036/532 777/4037/532 766/4038/532 
f 779/4039/419 686/4040/419 698/4041/419 
f 686/4042/533 779/4043/533 769/4044/533 
f 780/4045/420 769/4046/420 779/4047/420 
f 769/4048/420 780/4049/420 771/4050/420 
f 781/4051/421 771/4052/421 780/4053/421 
f 771/4054/534 781/4055/534 773/4056/534 
f 778/4057/535 773/4058/535 781/4059/535 
f 773/4060/159 778/4061/159 768/4062/159 
f 775/4063/423 782/4064/423 746/4065/423 
f 729/4066/40 776/4067/40 783/4068/40 
f 776/4069/40 729/4070/40 727/4071/40 
f 782/4072/13 726/4073/13 728/4074/13 
f 726/4075/13 782/4076/13 775/4077/13 
f 783/4078/413 777/4079/413 784/4080/413 
f 777/4081/170 783/4082/170 776/4083/170 
f 784/4084/296 778/4085/296 785/4086/296 
f 778/4087/296 784/4088/296 777/4089/296 
f 786/4090/151 698/4091/151 706/4092/151 
f 698/4093/151 786/4094/151 779/4095/151 
f 787/4096/172 779/4097/172 786/4098/172 
f 779/4099/154 787/4100/154 780/4101/154 
f 788/4102/156 780/4103/156 787/4104/156 
f 780/4105/156 788/4106/156 781/4107/156 
f 785/4108/174 781/4109/174 788/4110/174 
f 781/4111/174 785/4112/174 778/4113/174 
f 782/4114/423 611/4115/423 746/4116/423 
usemtl uus18_aken2
f 643/4117/16 642/4118/16 645/4119/16 
f 657/4120/16 643/4121/16 645/4122/16 
f 657/4123/189 645/4124/189 647/4125/189 
f 657/4126/536 647/4127/536 649/4128/536 
f 657/4129/537 649/4130/537 651/4131/537 
f 657/4132/538 651/4133/538 653/4134/538 
f 657/4135/539 653/4136/539 655/4137/539 
f 643/4138/5 732/4139/5 730/4140/5 
f 657/4141/5 732/4142/5 643/4143/5 
f 657/4144/540 734/4145/540 732/4146/540 
f 657/4147/541 736/4148/541 734/4149/541 
f 657/4150/542 738/4151/542 736/4152/542 
f 657/4153/543 740/4154/543 738/4155/543 
f 657/4156/544 742/4157/544 740/4158/544 
f 688/4159/204 687/4160/204 656/4161/204 
f 688/4162/545 656/4163/545 654/4164/545 
f 690/4165/546 688/4166/546 654/4167/546 
f 690/4168/191 654/4169/191 652/4170/191 
f 692/4171/437 690/4172/437 652/4173/437 
f 692/4174/547 652/4175/547 650/4176/547 
f 683/4177/8 692/4178/8 650/4179/8 
f 683/4180/439 650/4181/439 648/4182/439 
f 681/4183/548 683/4184/548 648/4185/548 
f 681/4186/26 648/4187/26 646/4188/26 
f 680/4189/193 681/4190/193 646/4191/193 
f 680/4192/193 646/4193/193 644/4194/193 
f 660/4195/31 679/4196/31 680/4197/31 
f 660/4198/201 680/4199/201 644/4200/201 
f 660/4201/216 644/4202/216 641/4203/216 
f 661/4204/442 660/4205/442 641/4206/442 
f 663/4207/16 661/4208/16 641/4209/16 
f 641/4210/10 640/4211/10 666/4212/10 
f 641/4213/443 666/4214/443 665/4215/443 
f 641/4216/216 665/4217/216 669/4218/216 
f 663/4219/444 641/4220/444 669/4221/444 
f 663/4222/29 669/4223/29 668/4224/29 
f 663/4225/201 668/4226/201 671/4227/201 
f 663/4228/445 671/4229/445 673/4230/445 
f 663/4231/549 673/4232/549 675/4233/549 
f 663/4234/550 675/4235/550 677/4236/550 
f 770/4237/551 656/4238/551 687/4239/551 
f 770/4240/552 743/4241/552 656/4242/552 
f 772/4243/553 743/4244/553 770/4245/553 
f 772/4246/24 741/4247/24 743/4248/24 
f 774/4249/450 741/4250/450 772/4251/450 
f 774/4252/384 739/4253/384 741/4254/384 
f 767/4255/5 739/4256/5 774/4257/5 
f 767/4258/554 737/4259/554 739/4260/554 
f 765/4261/24 737/4262/24 767/4263/24 
f 765/4264/6 735/4265/6 737/4266/6 
f 764/4267/313 735/4268/313 765/4269/313 
f 764/4270/202 733/4271/202 735/4272/202 
f 745/4273/196 764/4274/196 763/4275/196 
f 745/4276/214 733/4277/214 764/4278/214 
f 745/4279/381 731/4280/381 733/4281/381 
f 747/4282/209 731/4283/209 745/4284/209 
f 749/4285/16 731/4286/16 747/4287/16 
f 731/4288/16 666/4289/16 640/4290/16 
f 731/4291/555 750/4292/555 666/4293/555 
f 731/4294/432 753/4295/432 750/4296/432 
f 749/4297/33 753/4298/33 731/4299/33 
f 749/4300/556 751/4301/556 753/4302/556 
f 749/4303/180 754/4304/180 751/4305/180 
f 749/4306/557 756/4307/557 754/4308/557 
f 749/4309/456 758/4310/456 756/4311/456 
f 749/4312/558 760/4313/558 758/4314/558 
usemtl uus18_pruun
f 339/4315/40 386/4316/40 393/4317/40 
usemtl uus18_plekk
f 789/4318/559 790/4319/559 791/4320/559 
f 791/4321/560 792/4322/560 789/4323/560 
f 789/4324/561 792/4325/561 793/4326/561 
usemtl xxx
s 1
f 794/4327/562 795/4328/563 796/4329/564 
f 796/4330/564 795/4331/563 797/4332/562 
f 798/4333/563 799/4334/562 216/4335/565 
f 800/4336/566 797/4337/562 801/4338/567 
f 797/4339/562 795/4340/563 801/4341/567 
f 795/4342/563 226/4343/563 801/4344/567 
f 215/4345/568 216/4346/565 214/4347/569 
f 216/4348/565 799/4349/562 214/4350/569 
f 214/4351/569 799/4352/562 213/4353/570 
f 213/4354/570 799/4355/562 211/4356/563 
f 799/4357/562 801/4358/567 211/4359/563 
f 801/4360/567 226/4361/563 211/4362/563 
f 226/4363/563 225/4364/563 211/4365/563 
f 791/4366/571 790/4367/571 802/4368/572 
f 790/4369/571 803/4370/572 802/4371/572 
f 804/4372/572 604/4373/573 803/4374/572 
f 603/4375/574 602/4376/575 604/4377/573 
f 614/4378/576 613/4379/577 598/4380/572 
f 604/4381/573 602/4382/575 803/4383/572 
f 602/4384/575 601/4385/578 803/4386/572 
f 803/4387/572 598/4388/572 802/4389/572 
f 802/4390/572 598/4391/572 613/4392/577 
f 803/4393/572 601/4394/578 598/4395/572 
usemtl uus18_korstna_auk
s 4
f 805/4396/40 806/4397/40 807/4398/40 
f 807/4399/40 808/4400/40 805/4401/40 
usemtl uus18_pruun
s 1
f 9/4402/40 809/4403/40 810/4404/40 
f 9/4405/40 810/4406/40 811/4407/40 
s 4
f 809/4408/579 812/4409/41 813/4410/41 
f 809/4411/579 813/4412/41 810/4413/579 
s 2
f 812/4414/13 814/4415/13 815/4416/13 
f 812/4417/13 815/4418/13 813/4419/13 
s 4
f 814/4420/580 9/4421/580 811/4422/580 
f 814/4423/580 811/4424/580 815/4425/580 
s 16
f 812/4426/581 9/4427/582 814/4428/581 
f 809/4429/582 9/4430/582 812/4431/581 
f 813/4432/6 815/4433/6 811/4434/6 
f 810/4435/6 813/4436/6 811/4437/6 
s 1
f 816/4438/40 817/4439/40 818/4440/40 
f 816/4441/40 818/4442/40 819/4443/40 
s 4
f 817/4444/583 820/4445/583 821/4446/583 
f 817/4447/583 821/4448/583 818/4449/583 
s 2
f 820/4450/13 822/4451/13 823/4452/13 
f 820/4453/13 823/4454/13 821/4455/13 
s 4
f 822/4456/51 816/4457/51 819/4458/51 
f 822/4459/51 819/4460/51 823/4461/51 
s 16
f 820/4462/584 816/4463/584 822/4464/584 
f 817/4465/584 816/4466/584 820/4467/584 
f 821/4468/6 823/4469/6 819/4470/6 
f 818/4471/6 821/4472/6 819/4473/6 
s 1
f 824/4474/40 825/4475/40 826/4476/40 
f 824/4477/40 826/4478/40 827/4479/40 
s 4
f 825/4480/585 828/4481/579 829/4482/579 
f 825/4483/585 829/4484/579 826/4485/585 
s 2
f 828/4486/13 830/4487/13 831/4488/13 
f 828/4489/13 831/4490/13 829/4491/13 
s 4
f 830/4492/114 824/4493/51 827/4494/51 
f 830/4495/114 827/4496/51 831/4497/114 
s 16
f 828/4498/582 824/4499/581 830/4500/582 
f 825/4501/584 824/4502/581 828/4503/582 
f 829/4504/385 831/4505/385 827/4506/6 
f 826/4507/6 829/4508/385 827/4509/6 
s 1
f 832/4510/40 600/4511/40 833/4512/40 
f 832/4513/40 833/4514/40 834/4515/40 
s 4
f 600/4516/585 835/4517/579 836/4518/579 
f 600/4519/585 836/4520/579 833/4521/585 
s 2
f 835/4522/13 837/4523/13 838/4524/13 
f 835/4525/13 838/4526/13 836/4527/13 
s 4
f 837/4528/586 832/4529/587 834/4530/588 
f 837/4531/586 834/4532/588 838/4533/86 
s 16
f 835/4534/582 832/4535/581 837/4536/582 
f 600/4537/581 832/4538/581 835/4539/582 
f 836/4540/6 838/4541/6 834/4542/6 
f 833/4543/29 836/4544/6 834/4545/6 
s 1
f 839/4546/40 840/4547/40 841/4548/40 
f 839/4549/40 841/4550/40 842/4551/40 
s 4
f 840/4552/579 843/4553/585 844/4554/585 
f 840/4555/579 844/4556/585 841/4557/579 
s 2
f 843/4558/13 845/4559/13 846/4560/13 
f 843/4561/13 846/4562/13 844/4563/13 
s 4
f 845/4564/586 839/4565/589 842/4566/589 
f 845/4567/586 842/4568/589 846/4569/86 
s 16
f 843/4570/581 839/4571/582 845/4572/581 
f 840/4573/258 839/4574/582 843/4575/581 
f 844/4576/6 846/4577/29 842/4578/385 
f 841/4579/385 844/4580/6 842/4581/385 
s 1
f 847/4582/40 848/4583/40 849/4584/40 
f 847/4585/40 849/4586/40 850/4587/40 
s 4
f 848/4588/590 851/4589/41 852/4590/41 
f 848/4591/590 852/4592/41 849/4593/579 
s 2
f 851/4594/13 853/4595/13 854/4596/13 
f 851/4597/13 854/4598/13 852/4599/13 
s 4
f 853/4600/51 847/4601/114 850/4602/114 
f 853/4603/51 850/4604/114 854/4605/51 
s 16
f 851/4606/581 847/4607/582 853/4608/581 
f 848/4609/582 847/4610/582 851/4611/581 
f 852/4612/6 854/4613/6 850/4614/385 
f 849/4615/385 852/4616/6 850/4617/385 
usemtl katus
s 8
f 855/4618/591 856/4619/592 857/4620/593 
f 858/4621/594 859/4622/595 855/4623/591 
f 860/4624/596 861/4625/597 862/4626/598 
f 858/4627/594 860/4628/596 859/4629/595 
f 856/4630/592 863/4631/592 864/4632/592 
f 863/4633/592 855/4634/591 859/4635/595 
f 856/4636/592 855/4637/591 863/4638/592 
usemtl uus18_katus
f 860/4639/596 858/4640/594 861/4641/597 
usemtl katus
s 17
f 864/4642/599 2/4643/599 856/4644/599 
f 2/4645/599 864/4646/599 865/4647/599 
s 2
f 1/4648/1 857/4649/600 856/4650/601 
f 2/4651/2 1/4652/1 856/4653/601 
s off
f 25/4654/602 24/4655/602 30/4656/602 
f 30/4657/603 29/4658/603 25/4659/603 
f 866/4660/604 27/4661/604 25/4662/604 
f 25/4663/605 29/4664/605 866/4665/605 
f 26/4666/603 867/4667/603 30/4668/603 
f 30/4669/603 24/4670/603 26/4671/603 
f 866/4672/606 118/4673/606 27/4674/606 
f 867/4675/607 26/4676/607 199/4677/607 
f 506/4678/608 199/4679/608 791/4680/608 
f 791/4681/606 199/4682/606 118/4683/606 
f 118/4684/609 792/4685/609 791/4686/609 
f 222/4687/603 221/4688/603 29/4689/603 
f 29/4690/603 226/4691/603 222/4692/603 
f 795/4693/610 224/4694/610 222/4695/610 
f 222/4696/603 226/4697/603 795/4698/603 
f 223/4699/611 866/4700/611 29/4701/611 
f 29/4702/603 221/4703/603 223/4704/603 
f 795/4705/612 311/4706/612 224/4707/612 
f 866/4708/613 223/4709/613 392/4710/613 
f 311/4711/612 795/4712/612 792/4713/612 
f 866/4714/606 392/4715/606 118/4716/606 
f 792/4717/606 392/4718/606 311/4719/606 
f 415/4720/603 414/4721/603 418/4722/603 
f 418/4723/605 30/4724/605 415/4725/605 
f 867/4726/605 417/4727/605 415/4728/605 
f 415/4729/605 30/4730/605 867/4731/605 
f 416/4732/605 868/4733/605 418/4734/605 
f 418/4735/603 414/4736/603 416/4737/603 
f 867/4738/614 506/4739/614 417/4740/614 
f 868/4741/606 416/4742/606 587/4743/606 
f 701/4744/606 587/4745/606 791/4746/606 
f 791/4747/606 587/4748/606 506/4749/606 
f 610/4750/603 609/4751/603 613/4752/603 
f 613/4753/603 418/4754/603 610/4755/603 
f 868/4756/603 612/4757/603 610/4758/603 
f 610/4759/603 418/4760/603 868/4761/603 
f 611/4762/603 802/4763/603 613/4764/603 
f 613/4765/605 609/4766/605 611/4767/605 
f 868/4768/606 701/4769/606 612/4770/606 
f 802/4771/606 611/4772/606 782/4773/606 
f 802/4774/606 782/4775/606 791/4776/606 
f 791/4777/606 782/4778/606 701/4779/606 
f 118/4780/606 392/4781/606 792/4782/606 
f 867/4783/615 199/4784/615 506/4785/615 
f 868/4786/606 587/4787/606 701/4788/606 
f 792/4789/616 794/4790/616 869/4791/616 
f 869/4792/617 793/4793/617 792/4794/617 
usemtl uus18_kr_hall
s 64
f 3/4795/618 870/4796/618 871/4797/618 
s 2
f 872/4798/619 873/4799/619 874/4800/619 
s 4
f 861/4801/620 875/4802/620 862/4803/620 
s 128
f 875/4804/621 876/4805/621 862/4806/621 
s 544
f 865/4807/622 870/4808/622 2/4809/622 
s 8
f 877/4810/623 878/4811/624 879/4812/625 
s 17
f 880/4813/626 873/4814/627 870/4815/628 
s 256
f 881/4816/629 882/4817/630 883/4818/631 
f 883/4819/631 860/4820/632 862/4821/629 
s off
f 880/4822/633 878/4823/633 884/4824/633 
f 885/4825/634 879/4826/634 878/4827/634 
f 877/4828/635 886/4829/635 887/4830/635 
f 859/4831/636 883/4832/636 882/4833/636 
f 884/4834/637 888/4835/637 889/4836/637 
f 890/4837/638 889/4838/638 888/4839/638 
f 891/4840/639 892/4841/639 890/4842/639 
f 892/4843/640 893/4844/640 880/4845/640 
s 64
f 870/4846/618 3/4847/618 2/4848/618 
s 2
f 870/4849/619 872/4850/619 871/4851/619 
f 873/4852/619 872/4853/619 870/4854/619 
s 544
f 870/4855/622 865/4856/622 887/4857/622 
s 8
f 890/4858/641 894/4859/642 891/4860/642 
f 890/4861/641 895/4862/642 894/4863/642 
f 888/4864/643 895/4865/642 890/4866/641 
f 888/4867/643 877/4868/623 895/4869/642 
f 884/4870/644 877/4871/623 888/4872/643 
f 878/4873/624 877/4874/623 884/4875/644 
s 1024
f 894/4876/13 896/4877/13 891/4878/13 
s 17
f 886/4879/645 870/4880/628 887/4881/627 
f 885/4882/646 870/4883/628 886/4884/645 
f 880/4885/626 870/4886/628 885/4887/646 
f 873/4888/627 880/4889/626 893/4890/627 
s 256
f 882/4891/630 895/4892/647 877/4893/648 
f 876/4894/649 883/4895/631 862/4896/629 
f 881/4897/629 883/4898/631 876/4899/649 
f 882/4900/630 881/4901/629 895/4902/647 
s off
f 880/4903/650 884/4904/650 889/4905/650 
f 878/4906/651 880/4907/651 885/4908/651 
f 879/4909/652 885/4910/652 886/4911/652 
f 864/4912/653 887/4913/653 865/4914/653 
f 863/4915/654 887/4916/654 864/4917/654 
f 882/4918/655 887/4919/655 863/4920/655 
f 877/4921/656 887/4922/656 882/4923/656 
f 886/4924/635 877/4925/635 879/4926/635 
f 859/4927/657 882/4928/657 863/4929/657 
f 883/4930/658 859/4931/658 860/4932/658 
f 889/4933/639 890/4934/639 892/4935/639 
f 892/4936/639 891/4937/639 896/4938/639 
f 892/4939/640 880/4940/640 889/4941/640 
f 893/4942/640 892/4943/640 896/4944/640 
f 18/4945/5 897/4946/5 898/4947/5 
f 19/4948/5 18/4949/5 898/4950/5 
f 19/4951/16 898/4952/16 798/4953/16 
f 216/4954/16 19/4955/16 798/4956/16 
f 409/4957/8 899/4958/8 897/4959/8 
f 18/4960/5 409/4961/5 897/4962/5 
f 604/4963/5 804/4964/5 899/4965/5 
f 409/4966/8 604/4967/8 899/4968/8 
s 1
f 900/4969/105 901/4970/105 902/4971/8 
f 900/4972/105 902/4973/8 903/4974/5 
s 4
f 901/4975/40 904/4976/40 905/4977/40 
f 901/4978/40 905/4979/40 902/4980/40 
s 2
f 904/4981/8 906/4982/8 907/4983/8 
f 904/4984/8 907/4985/8 905/4986/5 
s 4
f 906/4987/13 908/4988/13 909/4989/13 
f 906/4990/13 909/4991/13 907/4992/13 
s 2
f 908/4993/659 910/4994/659 911/4995/659 
f 908/4996/659 911/4997/659 909/4998/659 
s 4
f 910/4999/660 900/5000/660 903/5001/660 
f 910/5002/660 903/5003/660 911/5004/660 
s 16
f 908/5005/423 900/5006/661 910/5007/423 
f 908/5008/423 901/5009/19 900/5010/661 
f 906/5011/662 901/5012/19 908/5013/423 
f 906/5014/662 904/5015/663 901/5016/19 
f 909/5017/563 911/5018/664 903/5019/664 
f 909/5020/563 903/5021/664 902/5022/563 
f 907/5023/563 909/5024/563 902/5025/563 
f 907/5026/563 902/5027/563 905/5028/665 
s off
f 875/5029/666 881/5030/666 876/5031/666 
f 871/5032/667 1/5033/667 3/5034/667 
f 871/5035/668 895/5036/668 881/5037/668 
f 881/5038/669 861/5039/669 858/5040/669 
f 881/5041/669 875/5042/669 861/5043/669 
f 912/5044/670 803/5045/670 790/5046/670 
f 790/5047/671 789/5048/671 912/5049/671 
s 1
f 793/5050/564 869/5051/564 789/5052/562 
f 869/5053/564 913/5054/563 789/5055/562 
f 789/5056/562 913/5057/563 912/5058/562 
f 913/5059/563 914/5060/672 912/5061/562 
f 914/5062/672 915/5063/673 912/5064/562 
f 916/5065/674 917/5066/562 915/5067/673 
f 915/5068/673 917/5069/562 912/5070/562 
s off
f 794/5071/675 796/5072/675 913/5073/675 
f 913/5074/676 869/5075/676 794/5076/676 
f 796/5077/677 797/5078/677 914/5079/677 
f 914/5080/678 913/5081/678 796/5082/678 
f 797/5083/679 800/5084/679 915/5085/679 
f 915/5086/679 914/5087/679 797/5088/679 
f 801/5089/680 799/5090/680 917/5091/680 
f 917/5092/681 916/5093/681 801/5094/681 
f 800/5095/682 801/5096/682 916/5097/682 
f 916/5098/682 915/5099/682 800/5100/682 
s 8
f 918/5101/357 919/5102/357 806/5103/357 
f 806/5104/357 805/5105/357 918/5106/357 
s 16
f 919/5107/423 920/5108/423 807/5109/423 
f 807/5110/423 806/5111/423 919/5112/423 
s 32
f 920/5113/16 921/5114/16 808/5115/16 
f 808/5116/16 807/5117/16 920/5118/16 
s 64
f 921/5119/497 918/5120/497 805/5121/497 
f 805/5122/497 808/5123/497 921/5124/497 
# 0 polygons - 1708 triangles

#
# object Uus_18_aed
#

v  264.1208 266.0749 5.1897
v  264.0901 266.4737 7.4239
v  264.1208 266.0749 7.4239
v  264.0901 266.4737 5.1897
v  263.5916 266.4353 7.4239
v  263.5916 266.4353 5.1897
v  263.6223 266.0365 7.4239
v  263.6223 266.0365 5.1897
v  264.1530 266.0473 7.4239
v  264.1530 266.0473 7.4739
v  263.5947 266.0043 7.4739
v  264.1199 266.4780 7.4239
v  263.5947 266.0043 7.4239
v  263.5608 266.4452 7.4239
v  264.1199 266.4780 7.4739
v  263.5608 266.4452 7.4739
v  263.5829 266.4465 7.4794
v  264.0866 266.4760 7.4823
v  263.7397 264.0397 6.2168
v  263.5863 266.0338 6.2168
v  263.6223 266.0365 6.2168
v  263.7757 264.0424 6.2168
v  263.7397 264.0397 6.3011
v  263.5863 266.0338 6.3011
v  264.2743 264.0808 5.1897
v  264.1208 266.0749 6.2168
v  264.2743 264.0808 6.2168
v  263.7757 264.0424 5.1897
v  264.3102 264.0835 6.2168
v  264.1568 266.0777 6.2168
v  264.3102 264.0835 6.3011
v  264.1567 266.0777 6.3011
v  264.0249 264.0616 6.3239
v  263.8715 266.0557 6.3239
v  264.0250 264.0616 6.2168
v  263.8716 266.0558 6.2168
v  264.3049 263.6819 6.2168
v  264.2743 264.0808 7.4239
v  264.3050 263.6819 7.4239
v  263.7758 264.0424 7.4239
v  263.8064 263.6436 6.2168
v  263.8064 263.6436 7.4239
v  264.3372 263.6543 7.4239
v  264.3019 264.1130 7.4239
v  264.3372 263.6543 7.4739
v  264.3019 264.1130 7.4739
v  263.7435 264.0700 7.4239
v  263.7435 264.0700 7.4739
v  263.7788 263.6114 7.4239
v  263.7788 263.6114 7.4739
v  264.3050 263.6819 5.1897
v  263.8064 263.6436 5.1897
v  263.9239 261.6467 6.2168
v  263.7704 263.6408 6.2168
v  263.9598 261.6495 6.2168
v  263.9239 261.6467 6.3011
v  263.7704 263.6408 6.3011
v  264.4584 261.6878 5.1897
v  264.4584 261.6878 6.2168
v  263.9598 261.6495 5.1897
v  264.4943 261.6906 6.2168
v  264.3409 263.6847 6.2168
v  264.4943 261.6906 6.3011
v  264.3409 263.6847 6.3011
v  264.2090 261.6686 6.3239
v  264.0556 263.6628 6.3239
v  264.2091 261.6687 6.2168
v  264.0557 263.6628 6.2168
v  264.4890 261.2890 6.2168
v  264.4584 261.6878 7.4239
v  264.4890 261.2890 7.4239
v  263.9598 261.6495 7.4239
v  263.9905 261.2506 6.2168
v  263.9905 261.2506 7.4239
v  264.5213 261.2614 7.4239
v  264.4860 261.7200 7.4239
v  264.5213 261.2614 7.4739
v  264.4860 261.7200 7.4739
v  263.9276 261.6771 7.4239
v  263.9276 261.6771 7.4739
v  263.9629 261.2184 7.4239
v  263.9629 261.2184 7.4739
v  264.4890 261.2890 5.1897
v  263.9905 261.2506 5.1897
v  264.1080 259.2538 6.2168
v  263.9546 261.2479 6.2168
v  264.1440 259.2565 6.2168
v  264.1080 259.2538 6.3011
v  263.9546 261.2479 6.3011
v  264.6425 259.2949 5.1897
v  264.6425 259.2949 6.2168
v  264.1440 259.2565 5.1897
v  264.6784 259.2976 6.2168
v  264.5250 261.2918 6.2168
v  264.6784 259.2976 6.3011
v  264.5250 261.2918 6.3011
v  264.3931 259.2757 6.3239
v  264.2397 261.2698 6.3239
v  264.3932 259.2757 6.2168
v  264.2398 261.2699 6.2168
v  264.6732 258.8961 6.2168
v  264.6425 259.2949 7.4239
v  264.6732 258.8961 7.4239
v  264.1440 259.2565 7.4239
v  264.1746 258.8577 6.2168
v  264.1746 258.8577 7.4239
v  264.7054 258.8684 7.4239
v  264.6701 259.3271 7.4239
v  264.7054 258.8684 7.4739
v  264.6701 259.3271 7.4739
v  264.1117 259.2841 7.4239
v  264.1117 259.2841 7.4739
v  264.1470 258.8255 7.4239
v  264.1470 258.8255 7.4739
v  264.6732 258.8961 5.1873
v  264.1746 258.8577 5.1897
v  264.2921 256.8608 6.2168
v  264.1387 258.8549 6.2168
v  264.3281 256.8636 6.2168
v  264.2921 256.8608 6.3011
v  264.1387 258.8549 6.3011
v  264.8266 256.9019 5.1897
v  264.8266 256.9019 6.2168
v  264.3281 256.8636 5.1897
v  264.8625 256.9047 6.2168
v  264.7091 258.8988 6.2168
v  264.8625 256.9047 6.3011
v  264.7091 258.8988 6.3011
v  264.5773 256.8828 6.3239
v  264.4239 258.8769 6.3239
v  264.5773 256.8828 6.2168
v  264.4239 258.8769 6.2168
v  264.8573 256.5031 6.2168
v  264.8266 256.9019 7.4239
v  264.8573 256.5031 7.4239
v  264.3281 256.8636 7.4239
v  264.3588 256.4648 6.2168
v  264.3588 256.4648 7.4239
v  264.8895 256.4755 7.4239
v  264.8542 256.9341 7.4239
v  264.8895 256.4755 7.4739
v  264.8542 256.9341 7.4739
v  264.2959 256.8912 7.4239
v  264.2959 256.8912 7.4739
v  264.3312 256.4326 7.4239
v  264.3312 256.4326 7.4739
v  264.8573 256.5031 5.1897
v  264.3588 256.4648 5.1897
v  265.0331 254.2179 6.2168
v  265.0024 254.6167 6.2168
v  265.0024 254.6167 7.4239
v  265.0331 254.2179 7.4239
v  264.5039 254.5783 6.2168
v  264.5039 254.5783 7.4239
v  264.5346 254.1795 6.2168
v  264.5346 254.1795 7.4239
v  265.0653 254.1903 7.4239
v  265.0300 254.6489 7.4239
v  265.0653 254.1903 7.4739
v  265.0300 254.6489 7.4739
v  264.4717 254.6060 7.4239
v  264.4717 254.6060 7.4739
v  264.5070 254.1473 7.4239
v  264.5070 254.1473 7.4739
v  265.0331 254.2179 5.1897
v  265.0024 254.6167 5.1897
v  264.5039 254.5783 5.1897
v  264.5346 254.1795 5.1897
v  264.6805 255.5408 7.4211
v  264.6079 256.4840 7.4211
v  264.6079 256.4840 5.5190
v  264.6805 255.5408 5.5190
v  264.7531 254.5975 7.4211
v  264.7531 254.5975 5.5190
v  264.5773 256.8828 7.4211
v  264.4238 258.8769 7.4211
v  264.4238 258.8769 6.3239
v  264.3931 259.2757 7.4211
v  264.2397 261.2699 7.4211
v  264.2397 261.2699 6.3239
v  264.2090 261.6686 7.4211
v  264.0556 263.6628 7.4211
v  264.0249 264.0616 7.4211
v  263.8715 266.0557 7.4211
v  263.8562 266.2551 7.5439
v  264.0403 263.8622 7.5439
v  264.2244 261.4692 7.5439
v  264.4085 259.0763 7.5439
v  264.5927 256.6833 7.5439
v  264.7685 254.3981 7.5439
# 190 vertices

vn 0.9971 0.0768 0.0000
vn -0.0768 0.9970 0.0000
vn -0.9971 -0.0768 0.0000
vn 0.0768 -0.9970 0.0000
vn 0.0000 0.0000 -1.0000
vn 0.9971 0.0767 0.0000
vn -0.9971 -0.0767 0.0000
vn -0.0585 0.9983 -0.0003
vn -0.0586 0.9983 0.0000
vn -0.0588 0.9983 0.0026
vn -0.0593 0.9982 0.0000
vn 0.9970 0.0767 0.0011
vn -0.0792 -0.0061 0.9968
vn 0.0792 0.0061 0.9968
vn 0.0766 -0.9971 0.0001
vn 0.0766 -0.9971 0.0000
vn 0.0765 -0.9971 0.0000
vn 0.0765 -0.9971 0.0001
vn -0.0769 0.9970 0.0008
vn -0.0766 0.9971 -0.0001
vn -0.0765 0.9971 0.0000
vn -0.0768 0.9970 0.0008
vn 0.9971 0.0765 0.0000
vn 0.9971 0.0767 -0.0001
vn -0.9970 -0.0768 0.0000
vn -0.9971 -0.0765 0.0001
vn 0.0766 -0.9971 -0.0000
vn 0.9971 0.0765 0.0001
vn 0.9971 0.0767 0.0001
vn -0.0766 0.9971 0.0000
vn -0.0766 0.9971 -0.0000
vn 0.0767 -0.9971 -0.0008
vn 0.0769 -0.9970 0.0000
vn 0.0766 -0.9971 -0.0008
vn -0.0765 0.9971 -0.0001
vn -0.0769 0.9970 0.0000
vn -0.0769 0.9970 -0.0001
vn 0.9970 0.0768 0.0000
vn -0.0793 -0.0061 0.9968
vn -0.9971 -0.0765 0.0000
vn -0.1959 0.0492 0.9794
vn -0.0001 -0.0001 1.0000
vn 0.1844 0.0819 0.9794
vn 0.1476 -0.1200 0.9817
vn 0.2435 0.0187 0.9697
vn -0.1275 -0.1410 0.9818
vn -0.2405 -0.0185 0.9705
vn 0.1475 -0.1199 0.9818
vn 0.1275 0.1410 0.9818
vn -0.0000 0.0000 1.0000
vn -0.1476 0.1199 0.9818
vn -0.1275 -0.1411 0.9818
vn 0.1476 -0.1199 0.9818
vn -0.0000 -0.0000 1.0000
vn 0.1275 0.1411 0.9818
vn 0.0000 -0.0001 1.0000
vn -0.1275 -0.1411 0.9817
vn 0.0000 -0.0000 1.0000
# 58 vertex normals

vt 0.9661 0.0005 0.9460
vt 0.9985 0.9691 0.9460
vt 0.9661 0.9691 0.9460
vt 0.0540 0.0005 0.0015
vt 0.9459 0.9691 0.0015
vt 0.0540 0.9691 0.0015
vt 0.0015 0.0005 0.0541
vt 0.0339 0.9691 0.0541
vt 0.0015 0.9691 0.0541
vt 0.9460 0.0005 0.0339
vt 0.0541 0.9691 0.0339
vt 0.0541 0.0005 0.0339
vt 0.9985 0.9691 0.9460
vt 0.9661 0.0005 0.9460
vt 0.9985 0.0005 0.9460
vt 0.9459 0.9691 0.0015
vt 0.0540 0.0005 0.0015
vt 0.9459 0.0005 0.0015
vt 0.0339 0.9691 0.0541
vt 0.0015 0.0005 0.0541
vt 0.0339 0.0005 0.0541
vt 0.0541 0.9691 0.0339
vt 0.9460 0.0005 0.0339
vt 0.9460 0.9691 0.0339
vt 0.9995 0.9691 0.0363
vt 0.9995 0.9952 0.0363
vt 0.0006 0.9952 0.0363
vt 0.9987 0.9995 0.9691
vt 0.9637 0.0006 0.9691
vt 0.9995 0.0006 0.9691
vt 0.9637 0.9952 0.9995
vt 0.9987 0.9691 0.9995
vt 0.9987 0.9952 0.9995
vt 0.0005 0.9691 0.0006
vt 0.0363 0.9952 0.0006
vt 0.0005 0.9952 0.0006
vt 0.9994 0.9691 0.0005
vt 0.9599 0.9980 0.0005
vt 0.0600 0.9995 0.0013
vt 0.9637 0.0006 0.9691
vt 0.9987 0.9995 0.9691
vt 0.9637 0.9995 0.9691
vt 0.9987 0.9691 0.9995
vt 0.9637 0.9952 0.9995
vt 0.9637 0.9691 0.9995
vt 0.0363 0.9952 0.0006
vt 0.0005 0.9691 0.0006
vt 0.0363 0.9691 0.0006
vt 0.9994 0.9691 0.0005
vt 0.0005 0.9952 0.0013
vt 0.0005 0.9691 0.0013
vt 0.9994 0.9691 0.0005
vt 0.0600 0.9995 0.0013
vt 0.0005 0.9952 0.0013
vt 0.9599 0.9980 0.0005
vt 0.9994 0.9691 0.0005
vt 0.9994 0.9952 0.0005
vt 0.9995 0.9691 0.0363
vt 0.0006 0.9952 0.0363
vt 0.0006 0.9691 0.0363
vt -0.5000 0.2139 0.7715
vt 1.5000 0.2139 0.7715
vt 1.5000 0.2500 0.7715
vt 1.5000 0.2500 0.7715
vt -0.5000 0.2500 0.7715
vt -0.5000 0.2139 0.7715
vt 1.5000 0.8557 0.2139
vt -0.5000 0.8557 0.2139
vt -0.5000 0.7715 0.2139
vt -0.5000 0.7715 0.2139
vt 1.5000 0.7715 0.2139
vt 1.5000 0.8557 0.2139
vt -0.5000 0.1215 0.7500
vt 1.5000 0.1215 0.7500
vt 1.5000 0.7715 0.7500
vt -0.5000 0.1215 0.7500
vt 1.5000 0.7715 0.7500
vt -0.5000 0.7715 0.7500
vt 0.2500 0.1215 -0.5000
vt 0.7500 0.1215 -0.5000
vt 0.7500 0.7715 -0.5000
vt 0.2500 0.1215 -0.5000
vt 0.7500 0.7715 -0.5000
vt 0.2500 0.7715 -0.5000
vt -0.5000 0.1215 0.2500
vt 1.5000 0.1215 0.2500
vt 1.5000 0.7715 0.2500
vt -0.5000 0.1215 0.2500
vt 1.5000 0.7715 0.2500
vt -0.5000 0.7715 0.2500
vt 0.2500 0.1215 1.5000
vt 0.7500 0.1215 1.5000
vt 0.7500 0.7715 1.5000
vt 0.2500 0.1215 1.5000
vt 0.7500 0.7715 1.5000
vt 0.2500 0.7715 1.5000
vt -0.5000 0.7861 0.7715
vt 1.5000 0.7500 0.7715
vt 1.5000 0.7861 0.7715
vt 1.5000 0.7500 0.7715
vt -0.5000 0.7861 0.7715
vt -0.5000 0.7500 0.7715
vt -0.5000 0.8557 0.7861
vt 1.5000 0.7715 0.7861
vt 1.5000 0.8557 0.7861
vt 1.5000 0.7715 0.7861
vt -0.5000 0.8557 0.7861
vt -0.5000 0.7715 0.7861
vt 1.5000 0.4999 0.8785
vt -0.5000 0.4999 0.8785
vt -0.5000 0.2139 0.8557
vt -0.5000 0.2139 0.8557
vt 1.5000 0.2139 0.8557
vt 1.5000 0.4999 0.8785
vt 1.5000 0.7860 0.8557
vt -0.5000 0.7860 0.8557
vt -0.5000 0.4999 0.8785
vt -0.5000 0.4999 0.8785
vt 1.5000 0.4999 0.8785
vt 1.5000 0.7860 0.8557
vt 0.5000 0.7715 1.5000
vt 0.4999 0.8785 1.5000
vt 0.2139 0.8557 1.5000
vt 0.2139 0.8557 1.5000
vt 0.2139 0.7715 1.5000
vt 0.5000 0.7715 1.5000
vt 0.7860 0.7715 1.5000
vt 0.7860 0.8557 1.5000
vt 0.4999 0.8785 1.5000
vt 0.4999 0.8785 1.5000
vt 0.5000 0.7715 1.5000
vt 0.7860 0.7715 1.5000
vt 0.5000 0.7715 -0.5000
vt 0.5000 0.8785 -0.5000
vt 0.2139 0.8557 -0.5000
vt 0.2139 0.8557 -0.5000
vt 0.2139 0.7715 -0.5000
vt 0.5000 0.7715 -0.5000
vt 0.7860 0.7715 -0.5000
vt 0.7860 0.8557 -0.5000
vt 0.5000 0.8785 -0.5000
vt 0.5000 0.8785 -0.5000
vt 0.5000 0.7715 -0.5000
vt 0.7860 0.7715 -0.5000
vt 0.7717 0.3395 0.9460
vt 0.8041 0.3395 0.9460
vt 0.8041 0.9691 0.9460
vt 0.7717 0.3395 0.9460
vt 0.8041 0.9691 0.9460
vt 0.7717 0.9691 0.9460
vt 0.0540 0.3395 0.1959
vt 0.9459 0.3395 0.1959
vt 0.9459 0.9691 0.1959
vt 0.0540 0.3395 0.1959
vt 0.9459 0.9691 0.1959
vt 0.0540 0.9691 0.1959
vt 0.1959 0.3395 0.0541
vt 0.2283 0.3395 0.0541
vt 0.2283 0.9691 0.0541
vt 0.1959 0.3395 0.0541
vt 0.2283 0.9691 0.0541
vt 0.1959 0.9691 0.0541
vt 0.0541 0.3395 0.2283
vt 0.9460 0.3395 0.2283
vt 0.9460 0.9691 0.2283
vt 0.0541 0.3395 0.2283
vt 0.9460 0.9691 0.2283
vt 0.0541 0.9691 0.2283
vt 0.7693 0.9691 0.9995
vt 0.8066 0.9691 0.9995
vt 0.7693 0.9952 0.9995
vt 0.8066 0.9691 0.9995
vt 0.8066 0.9952 0.9995
vt 0.7693 0.9952 0.9995
vt 0.0005 0.9691 0.1934
vt 0.9994 0.9691 0.1934
vt 0.0005 0.9952 0.1934
vt 0.9994 0.9691 0.1934
vt 0.9994 0.9952 0.1934
vt 0.0005 0.9952 0.1934
vt 0.1934 0.9691 0.0006
vt 0.2307 0.9691 0.0006
vt 0.1934 0.9952 0.0006
vt 0.2307 0.9691 0.0006
vt 0.2307 0.9952 0.0006
vt 0.1934 0.9952 0.0006
vt 0.0006 0.9691 0.2307
vt 0.9995 0.9691 0.2307
vt 0.0006 0.9952 0.2307
vt 0.9995 0.9691 0.2307
vt 0.9995 0.9952 0.2307
vt 0.0006 0.9952 0.2307
vt 0.8066 0.0006 0.9691
vt 0.7693 0.9995 0.9691
vt 0.7693 0.0006 0.9691
vt 0.8066 0.9995 0.9691
vt 0.7693 0.9995 0.9691
vt 0.8066 0.0006 0.9691
vt 0.3000 0.1750 0.7500
vt 0.7000 0.1750 0.7500
vt 0.7000 0.8250 0.7500
vt 0.7000 0.8250 0.7500
vt 0.3000 0.8250 0.7500
vt 0.3000 0.1750 0.7500
vt 0.2500 0.1750 0.3000
vt 0.7500 0.1750 0.3000
vt 0.7500 0.8250 0.3000
vt 0.7500 0.8250 0.3000
vt 0.2500 0.8250 0.3000
vt 0.2500 0.1750 0.3000
vt 0.3000 0.1750 0.2500
vt 0.7000 0.1750 0.2500
vt 0.7000 0.8250 0.2500
vt 0.7000 0.8250 0.2500
vt 0.3000 0.8250 0.2500
vt 0.3000 0.1750 0.2500
vt 0.2500 0.1750 0.7000
vt 0.7500 0.1750 0.7000
vt 0.7500 0.8250 0.7000
vt 0.7500 0.8250 0.7000
vt 0.2500 0.8250 0.7000
vt 0.2500 0.1750 0.7000
vt -0.5000 0.2139 0.7715
vt 1.5000 0.2139 0.7715
vt 1.5000 0.2500 0.7715
vt 1.5000 0.2500 0.7715
vt -0.5000 0.2500 0.7715
vt -0.5000 0.2139 0.7715
vt 1.5000 0.8557 0.2139
vt -0.5000 0.8557 0.2139
vt -0.5000 0.7715 0.2139
vt -0.5000 0.7715 0.2139
vt 1.5000 0.7715 0.2139
vt 1.5000 0.8557 0.2139
vt -0.5000 0.1215 0.7500
vt 1.5000 0.1215 0.7500
vt 1.5000 0.7715 0.7500
vt -0.5000 0.1215 0.7500
vt 1.5000 0.7715 0.7500
vt -0.5000 0.7715 0.7500
vt 0.2500 0.1215 -0.5000
vt 0.7500 0.1215 -0.5000
vt 0.7500 0.7715 -0.5000
vt 0.2500 0.1215 -0.5000
vt 0.7500 0.7715 -0.5000
vt 0.2500 0.7715 -0.5000
vt -0.5000 0.1215 0.2500
vt 1.5000 0.1215 0.2500
vt 1.5000 0.7715 0.2500
vt -0.5000 0.1215 0.2500
vt 1.5000 0.7715 0.2500
vt -0.5000 0.7715 0.2500
vt 0.2500 0.1215 1.5000
vt 0.7500 0.1215 1.5000
vt 0.7500 0.7715 1.5000
vt 0.2500 0.1215 1.5000
vt 0.7500 0.7715 1.5000
vt 0.2500 0.7715 1.5000
vt -0.5000 0.7861 0.7715
vt 1.5000 0.7500 0.7715
vt 1.5000 0.7861 0.7715
vt 1.5000 0.7500 0.7715
vt -0.5000 0.7861 0.7715
vt -0.5000 0.7500 0.7715
vt -0.5000 0.8557 0.7861
vt 1.5000 0.7715 0.7861
vt 1.5000 0.8557 0.7861
vt 1.5000 0.7715 0.7861
vt -0.5000 0.8557 0.7861
vt -0.5000 0.7715 0.7861
vt 1.5000 0.4999 0.8785
vt -0.5000 0.4999 0.8785
vt -0.5000 0.2139 0.8557
vt -0.5000 0.2139 0.8557
vt 1.5000 0.2139 0.8557
vt 1.5000 0.4999 0.8785
vt 1.5000 0.7860 0.8557
vt -0.5000 0.7860 0.8557
vt -0.5000 0.4999 0.8785
vt -0.5000 0.4999 0.8785
vt 1.5000 0.4999 0.8785
vt 1.5000 0.7860 0.8557
vt 0.5000 0.7715 1.5000
vt 0.4999 0.8785 1.5000
vt 0.2139 0.8557 1.5000
vt 0.2139 0.8557 1.5000
vt 0.2139 0.7715 1.5000
vt 0.5000 0.7715 1.5000
vt 0.7860 0.7715 1.5000
vt 0.7860 0.8557 1.5000
vt 0.4999 0.8785 1.5000
vt 0.4999 0.8785 1.5000
vt 0.5000 0.7715 1.5000
vt 0.7860 0.7715 1.5000
vt 0.5000 0.7715 -0.5000
vt 0.5000 0.8785 -0.5000
vt 0.2139 0.8557 -0.5000
vt 0.2139 0.8557 -0.5000
vt 0.2139 0.7715 -0.5000
vt 0.5000 0.7715 -0.5000
vt 0.7860 0.7715 -0.5000
vt 0.7860 0.8557 -0.5000
vt 0.5000 0.8785 -0.5000
vt 0.5000 0.8785 -0.5000
vt 0.5000 0.7715 -0.5000
vt 0.7860 0.7715 -0.5000
vt 0.5773 0.3395 0.9459
vt 0.6097 0.3395 0.9459
vt 0.6097 0.9691 0.9459
vt 0.5773 0.3395 0.9459
vt 0.6097 0.9691 0.9459
vt 0.5773 0.9691 0.9459
vt 0.0541 0.3395 0.3903
vt 0.9459 0.3395 0.3903
vt 0.9459 0.9691 0.3903
vt 0.0541 0.3395 0.3903
vt 0.9459 0.9691 0.3903
vt 0.0541 0.9691 0.3903
vt 0.3903 0.3395 0.0541
vt 0.4227 0.3395 0.0540
vt 0.4227 0.9691 0.0541
vt 0.3903 0.3395 0.0541
vt 0.4227 0.9691 0.0541
vt 0.3903 0.9691 0.0541
vt 0.0540 0.3395 0.4227
vt 0.9459 0.3395 0.4227
vt 0.9459 0.9691 0.4227
vt 0.0540 0.3395 0.4227
vt 0.9459 0.9691 0.4227
vt 0.0541 0.9691 0.4227
vt 0.5749 0.9691 0.9994
vt 0.6122 0.9691 0.9994
vt 0.5749 0.9952 0.9994
vt 0.6122 0.9691 0.9994
vt 0.6122 0.9952 0.9994
vt 0.5749 0.9952 0.9994
vt 0.0006 0.9691 0.3878
vt 0.9994 0.9691 0.3878
vt 0.0006 0.9952 0.3878
vt 0.9994 0.9691 0.3878
vt 0.9994 0.9952 0.3878
vt 0.0006 0.9952 0.3878
vt 0.3878 0.9691 0.0006
vt 0.4251 0.9691 0.0006
vt 0.3878 0.9952 0.0006
vt 0.4251 0.9691 0.0006
vt 0.4251 0.9952 0.0006
vt 0.3878 0.9952 0.0006
vt 0.0006 0.9691 0.4251
vt 0.9994 0.9691 0.4251
vt 0.0006 0.9952 0.4251
vt 0.9994 0.9691 0.4251
vt 0.9994 0.9952 0.4251
vt 0.0006 0.9952 0.4251
vt 0.6122 0.0006 0.9691
vt 0.5749 0.9994 0.9691
vt 0.5749 0.0006 0.9691
vt 0.6122 0.9994 0.9691
vt 0.5749 0.9994 0.9691
vt 0.6122 0.0006 0.9691
vt 0.3000 0.1750 0.7500
vt 0.7000 0.1750 0.7500
vt 0.7000 0.8250 0.7500
vt 0.7000 0.8250 0.7500
vt 0.3000 0.8250 0.7500
vt 0.3000 0.1750 0.7500
vt 0.2500 0.1750 0.3000
vt 0.7500 0.1750 0.3000
vt 0.7500 0.8250 0.3000
vt 0.7500 0.8250 0.3000
vt 0.2500 0.8250 0.3000
vt 0.2500 0.1750 0.3000
vt 0.3000 0.1750 0.2500
vt 0.7000 0.1750 0.2500
vt 0.7000 0.8250 0.2500
vt 0.7000 0.8250 0.2500
vt 0.3000 0.8250 0.2500
vt 0.3000 0.1750 0.2500
vt 0.2500 0.1750 0.7000
vt 0.7500 0.1750 0.7000
vt 0.7500 0.8250 0.7000
vt 0.7500 0.8250 0.7000
vt 0.2500 0.8250 0.7000
vt 0.2500 0.1750 0.7000
vt -0.5000 0.2139 0.7715
vt 1.5000 0.2139 0.7715
vt 1.5000 0.2500 0.7715
vt 1.5000 0.2500 0.7715
vt -0.5000 0.2500 0.7715
vt -0.5000 0.2139 0.7715
vt 1.5000 0.8557 0.2139
vt -0.5000 0.8557 0.2139
vt -0.5000 0.7715 0.2139
vt -0.5000 0.7715 0.2139
vt 1.5000 0.7715 0.2139
vt 1.5000 0.8557 0.2139
vt -0.5000 0.1215 0.7500
vt 1.5000 0.1215 0.7500
vt 1.5000 0.7715 0.7500
vt -0.5000 0.1215 0.7500
vt 1.5000 0.7715 0.7500
vt -0.5000 0.7715 0.7500
vt 0.2500 0.1215 -0.5000
vt 0.7500 0.1215 -0.5000
vt 0.7500 0.7715 -0.5000
vt 0.2500 0.1215 -0.5000
vt 0.7500 0.7715 -0.5000
vt 0.2500 0.7715 -0.5000
vt -0.5000 0.1215 0.2500
vt 1.5000 0.1215 0.2500
vt 1.5000 0.7715 0.2500
vt -0.5000 0.1215 0.2500
vt 1.5000 0.7715 0.2500
vt -0.5000 0.7715 0.2500
vt 0.2500 0.1215 1.5000
vt 0.7500 0.1215 1.5000
vt 0.7500 0.7715 1.5000
vt 0.2500 0.1215 1.5000
vt 0.7500 0.7715 1.5000
vt 0.2500 0.7715 1.5000
vt -0.5000 0.7861 0.7715
vt 1.5000 0.7500 0.7715
vt 1.5000 0.7861 0.7715
vt 1.5000 0.7500 0.7715
vt -0.5000 0.7861 0.7715
vt -0.5000 0.7500 0.7715
vt -0.5000 0.8557 0.7861
vt 1.5000 0.7715 0.7861
vt 1.5000 0.8557 0.7861
vt 1.5000 0.7715 0.7861
vt -0.5000 0.8557 0.7861
vt -0.5000 0.7715 0.7861
vt 1.5000 0.4999 0.8785
vt -0.5000 0.4999 0.8785
vt -0.5000 0.2139 0.8557
vt -0.5000 0.2139 0.8557
vt 1.5000 0.2139 0.8557
vt 1.5000 0.4999 0.8785
vt 1.5000 0.7860 0.8557
vt -0.5000 0.7860 0.8557
vt -0.5000 0.4999 0.8785
vt -0.5000 0.4999 0.8785
vt 1.5000 0.4999 0.8785
vt 1.5000 0.7860 0.8557
vt 0.5000 0.7715 1.5000
vt 0.4999 0.8785 1.5000
vt 0.2139 0.8557 1.5000
vt 0.2139 0.8557 1.5000
vt 0.2139 0.7715 1.5000
vt 0.5000 0.7715 1.5000
vt 0.7860 0.7715 1.5000
vt 0.7860 0.8557 1.5000
vt 0.4999 0.8785 1.5000
vt 0.4999 0.8785 1.5000
vt 0.5000 0.7715 1.5000
vt 0.7860 0.7715 1.5000
vt 0.5000 0.7715 -0.5000
vt 0.5000 0.8785 -0.5000
vt 0.2139 0.8557 -0.5000
vt 0.2139 0.8557 -0.5000
vt 0.2139 0.7715 -0.5000
vt 0.5000 0.7715 -0.5000
vt 0.7860 0.7715 -0.5000
vt 0.7860 0.8557 -0.5000
vt 0.5000 0.8785 -0.5000
vt 0.5000 0.8785 -0.5000
vt 0.5000 0.7715 -0.5000
vt 0.7860 0.7715 -0.5000
vt 0.3830 0.3395 0.9459
vt 0.4154 0.3395 0.9459
vt 0.4154 0.9691 0.9459
vt 0.3830 0.3395 0.9459
vt 0.4154 0.9691 0.9459
vt 0.3830 0.9691 0.9459
vt 0.0541 0.3395 0.5846
vt 0.9460 0.3395 0.5846
vt 0.9460 0.9691 0.5846
vt 0.0541 0.3395 0.5846
vt 0.9460 0.9691 0.5846
vt 0.0541 0.9691 0.5846
vt 0.5846 0.3395 0.0540
vt 0.6170 0.3395 0.0540
vt 0.6170 0.9691 0.0540
vt 0.5846 0.3395 0.0540
vt 0.6170 0.9691 0.0540
vt 0.5846 0.9691 0.0540
vt 0.0540 0.3395 0.6170
vt 0.9459 0.3395 0.6170
vt 0.9459 0.9691 0.6170
vt 0.0540 0.3395 0.6170
vt 0.9459 0.9691 0.6170
vt 0.0540 0.9691 0.6170
vt 0.3805 0.9691 0.9994
vt 0.4178 0.9691 0.9994
vt 0.3805 0.9952 0.9994
vt 0.4178 0.9691 0.9994
vt 0.4178 0.9952 0.9994
vt 0.3805 0.9952 0.9994
vt 0.0006 0.9691 0.5822
vt 0.9995 0.9691 0.5822
vt 0.0006 0.9952 0.5822
vt 0.9995 0.9691 0.5822
vt 0.9995 0.9952 0.5822
vt 0.0006 0.9952 0.5822
vt 0.5822 0.9691 0.0005
vt 0.6195 0.9691 0.0005
vt 0.5822 0.9952 0.0005
vt 0.6195 0.9691 0.0005
vt 0.6195 0.9952 0.0005
vt 0.5822 0.9952 0.0005
vt 0.0005 0.9691 0.6195
vt 0.9994 0.9691 0.6195
vt 0.0005 0.9952 0.6195
vt 0.9994 0.9691 0.6195
vt 0.9994 0.9952 0.6195
vt 0.0005 0.9952 0.6195
vt 0.4178 0.0005 0.9691
vt 0.3805 0.9994 0.9691
vt 0.3805 0.0005 0.9691
vt 0.4178 0.9994 0.9691
vt 0.3805 0.9994 0.9691
vt 0.4178 0.0005 0.9691
vt 0.3000 0.1750 0.7500
vt 0.7000 0.1750 0.7500
vt 0.7000 0.8250 0.7500
vt 0.7000 0.8250 0.7500
vt 0.3000 0.8250 0.7500
vt 0.3000 0.1750 0.7500
vt 0.2500 0.1750 0.3000
vt 0.7500 0.1750 0.3000
vt 0.7500 0.8250 0.3000
vt 0.7500 0.8250 0.3000
vt 0.2500 0.8250 0.3000
vt 0.2500 0.1750 0.3000
vt 0.3000 0.1750 0.2500
vt 0.7000 0.1750 0.2500
vt 0.7000 0.8250 0.2500
vt 0.7000 0.8250 0.2500
vt 0.3000 0.8250 0.2500
vt 0.3000 0.1750 0.2500
vt 0.2500 0.1750 0.7000
vt 0.7500 0.1750 0.7000
vt 0.7500 0.8250 0.7000
vt 0.7500 0.8250 0.7000
vt 0.2500 0.8250 0.7000
vt 0.2500 0.1750 0.7000
vt 1.0000 1.0000 0.0000
vt 0.0000 1.0000 0.0000
vt 0.0000 0.0000 0.0000
vt 0.0000 0.0000 0.0000
vt 1.0000 0.0000 0.0000
vt 1.0000 1.0000 0.0000
vt 1.0000 1.0000 0.0000
vt 0.0000 1.0000 0.0000
vt 0.0000 0.0000 0.0000
vt 0.0000 0.0000 0.0000
vt 1.0000 0.0000 0.0000
vt 1.0000 1.0000 0.0000
vt 0.0000 0.0000 0.0000
vt 1.0000 0.0000 0.0000
vt 1.0000 1.0000 0.0000
vt 0.0000 0.0000 0.0000
vt 1.0000 1.0000 0.0000
vt 0.0000 1.0000 0.0000
vt 0.0000 0.0000 0.0000
vt 1.0000 0.0000 0.0000
vt 1.0000 1.0000 0.0000
vt 0.0000 0.0000 0.0000
vt 1.0000 1.0000 0.0000
vt 0.0000 1.0000 0.0000
vt 0.0000 0.0000 0.0000
vt 1.0000 0.0000 0.0000
vt 1.0000 1.0000 0.0000
vt 0.0000 0.0000 0.0000
vt 1.0000 1.0000 0.0000
vt 0.0000 1.0000 0.0000
vt 0.0000 0.0000 0.0000
vt 1.0000 0.0000 0.0000
vt 1.0000 1.0000 0.0000
vt 0.0000 0.0000 0.0000
vt 1.0000 1.0000 0.0000
vt 0.0000 1.0000 0.0000
vt 0.0000 0.0000 0.0000
vt 1.0000 1.0000 0.0000
vt 0.0000 1.0000 0.0000
vt 0.0000 0.0000 0.0000
vt 1.0000 1.0000 0.0000
vt 0.0000 1.0000 0.0000
vt 0.0000 0.0000 0.0000
vt 1.0000 1.0000 0.0000
vt 0.0000 1.0000 0.0000
vt 1.0000 1.0000 0.0000
vt 0.0000 0.0000 0.0000
vt 1.0000 0.0000 0.0000
vt 1.0000 1.0000 0.0000
vt 0.0000 1.0000 0.0000
vt 0.0000 0.0000 0.0000
vt 0.0000 0.0000 0.0000
vt 1.0000 0.0000 0.0000
vt 1.0000 1.0000 0.0000
vt 1.0000 1.0000 0.0000
vt 0.0000 1.0000 0.0000
vt 0.0000 0.0000 0.0000
vt 0.0000 0.0000 0.0000
vt 1.0000 0.0000 0.0000
vt 1.0000 1.0000 0.0000
vt 1.0000 1.0000 0.0000
vt 0.0000 1.0000 0.0000
vt 0.0000 0.0000 0.0000
vt 0.0000 0.0000 0.0000
vt 1.0000 0.0000 0.0000
vt 1.0000 1.0000 0.0000
vt 1.0000 1.0000 0.0000
vt 0.0000 1.0000 0.0000
vt 0.0000 0.0000 0.0000
vt 0.0000 0.0000 0.0000
vt 1.0000 0.0000 0.0000
vt 1.0000 1.0000 0.0000
vt 1.0000 1.0000 0.0000
vt 0.0000 1.0000 0.0000
vt 0.0000 0.0000 0.0000
vt 0.0000 0.0000 0.0000
vt 1.0000 0.0000 0.0000
vt 1.0000 1.0000 0.0000
vt 1.0000 1.0000 0.0000
vt 0.0000 1.0000 0.0000
vt 0.0000 0.0000 0.0000
vt 0.0000 0.0000 0.0000
vt 1.0000 0.0000 0.0000
vt 1.0000 1.0000 0.0000
vt 0.1886 0.3395 0.9459
vt 0.2210 0.3395 0.9459
vt 0.2210 0.9691 0.9459
vt 0.1886 0.3395 0.9459
vt 0.2210 0.9691 0.9459
vt 0.1886 0.9691 0.9459
vt 0.0541 0.3395 0.7790
vt 0.9460 0.3395 0.7790
vt 0.9459 0.9691 0.7790
vt 0.0541 0.3395 0.7790
vt 0.9459 0.9691 0.7790
vt 0.0541 0.9691 0.7790
vt 0.7790 0.3395 0.0540
vt 0.8114 0.3395 0.0541
vt 0.8114 0.9691 0.0541
vt 0.7790 0.3395 0.0540
vt 0.8114 0.9691 0.0541
vt 0.7790 0.9691 0.0541
vt 0.0541 0.3395 0.8114
vt 0.9459 0.3395 0.8114
vt 0.9459 0.9691 0.8114
vt 0.0541 0.3395 0.8114
vt 0.9459 0.9691 0.8114
vt 0.0541 0.9691 0.8114
vt 0.1861 0.9691 0.9994
vt 0.2234 0.9691 0.9994
vt 0.1861 0.9952 0.9994
vt 0.2234 0.9691 0.9994
vt 0.2234 0.9952 0.9994
vt 0.1861 0.9952 0.9994
vt 0.0006 0.9691 0.7766
vt 0.9994 0.9691 0.7766
vt 0.0006 0.9952 0.7766
vt 0.9994 0.9691 0.7766
vt 0.9994 0.9952 0.7766
vt 0.0006 0.9952 0.7766
vt 0.7766 0.9691 0.0006
vt 0.8139 0.9691 0.0006
vt 0.7766 0.9952 0.0006
vt 0.8139 0.9691 0.0006
vt 0.8139 0.9952 0.0006
vt 0.7766 0.9952 0.0006
vt 0.0006 0.9691 0.8139
vt 0.9994 0.9691 0.8139
vt 0.0006 0.9952 0.8139
vt 0.9994 0.9691 0.8139
vt 0.9994 0.9952 0.8139
vt 0.0006 0.9952 0.8139
vt 0.2234 0.0006 0.9691
vt 0.1861 0.9994 0.9691
vt 0.1861 0.0006 0.9691
vt 0.2234 0.9994 0.9691
vt 0.1861 0.9994 0.9691
vt 0.2234 0.0006 0.9691
vt 0.3000 0.1750 0.7500
vt 0.7000 0.1750 0.7500
vt 0.7000 0.8250 0.7500
vt 0.7000 0.8250 0.7500
vt 0.3000 0.8250 0.7500
vt 0.3000 0.1750 0.7500
vt 0.2500 0.1750 0.3000
vt 0.7500 0.1750 0.3000
vt 0.7500 0.8250 0.3000
vt 0.7500 0.8250 0.3000
vt 0.2500 0.8250 0.3000
vt 0.2500 0.1750 0.3000
vt 0.3000 0.1750 0.2500
vt 0.7000 0.1750 0.2500
vt 0.7000 0.8250 0.2500
vt 0.7000 0.8250 0.2500
vt 0.3000 0.8250 0.2500
vt 0.3000 0.1750 0.2500
vt 0.2500 0.1750 0.7000
vt 0.7500 0.1750 0.7000
vt 0.7500 0.8250 0.7000
vt 0.7500 0.8250 0.7000
vt 0.2500 0.8250 0.7000
vt 0.2500 0.1750 0.7000
vt 0.0029 0.3395 0.9459
vt 0.0353 0.3395 0.9459
vt 0.0353 0.9691 0.9459
vt 0.0029 0.3395 0.9459
vt 0.0353 0.9691 0.9459
vt 0.0029 0.9691 0.9459
vt 0.0541 0.3395 0.9647
vt 0.9460 0.3395 0.9647
vt 0.9460 0.9691 0.9647
vt 0.0541 0.3395 0.9647
vt 0.9460 0.9691 0.9647
vt 0.0541 0.9691 0.9647
vt 0.9647 0.3395 0.0540
vt 0.9971 0.3395 0.0540
vt 0.9971 0.9691 0.0540
vt 0.9647 0.3395 0.0540
vt 0.9971 0.9691 0.0540
vt 0.9647 0.9691 0.0540
vt 0.0540 0.3395 0.9971
vt 0.9459 0.3395 0.9971
vt 0.9459 0.9691 0.9971
vt 0.0540 0.3395 0.9971
vt 0.9459 0.9691 0.9971
vt 0.0540 0.9691 0.9971
vt 0.0005 0.9691 0.9994
vt 0.0378 0.9691 0.9994
vt 0.0005 0.9952 0.9994
vt 0.0378 0.9691 0.9994
vt 0.0378 0.9952 0.9994
vt 0.0005 0.9952 0.9994
vt 0.0006 0.9691 0.9622
vt 0.9995 0.9691 0.9622
vt 0.0006 0.9952 0.9622
vt 0.9995 0.9691 0.9622
vt 0.9995 0.9952 0.9622
vt 0.0006 0.9952 0.9622
vt 0.9622 0.9691 0.0005
vt 0.9995 0.9691 0.0005
vt 0.9622 0.9952 0.0005
vt 0.9995 0.9691 0.0005
vt 0.9995 0.9952 0.0005
vt 0.9622 0.9952 0.0005
vt 0.0005 0.9691 0.9995
vt 0.9994 0.9691 0.9995
vt 0.0005 0.9952 0.9995
vt 0.9994 0.9691 0.9995
vt 0.9994 0.9952 0.9995
vt 0.0005 0.9952 0.9995
vt 0.0378 0.0005 0.9691
vt 0.0005 0.9994 0.9691
vt 0.0005 0.0005 0.9691
vt 0.0378 0.9994 0.9691
vt 0.0005 0.9994 0.9691
vt 0.0378 0.0005 0.9691
vt 0.3000 0.1750 0.7500
vt 0.7000 0.1750 0.7500
vt 0.7000 0.8250 0.7500
vt 0.7000 0.8250 0.7500
vt 0.3000 0.8250 0.7500
vt 0.3000 0.1750 0.7500
vt 0.2500 0.1750 0.3000
vt 0.7500 0.1750 0.3000
vt 0.7500 0.8250 0.3000
vt 0.7500 0.8250 0.3000
vt 0.2500 0.8250 0.3000
vt 0.2500 0.1750 0.3000
vt 0.3000 0.1750 0.2500
vt 0.7000 0.1750 0.2500
vt 0.7000 0.8250 0.2500
vt 0.7000 0.8250 0.2500
vt 0.3000 0.8250 0.2500
vt 0.3000 0.1750 0.2500
vt 0.2500 0.1750 0.7000
vt 0.7500 0.1750 0.7000
vt 0.7500 0.8250 0.7000
vt 0.7500 0.8250 0.7000
vt 0.2500 0.8250 0.7000
vt 0.2500 0.1750 0.7000
vt 0.0005 0.9995 0.2934
vt 0.9995 0.9995 0.9995
vt 0.9995 0.0005 0.7066
vt 0.9995 0.0005 0.7066
vt 0.0005 0.0005 0.0005
vt 0.0005 0.9995 0.2934
vt 0.9995 0.9995 0.2934
vt 0.0005 0.9995 0.9995
vt 0.0005 0.0005 0.7066
vt 0.0005 0.0005 0.7066
vt 0.9995 0.0005 0.0005
vt 0.9995 0.9995 0.2934
vt 1.0000 1.0000 0.0000
vt 0.0000 1.0000 0.0000
vt 0.0000 0.0000 0.0000
vt 0.0000 0.0000 0.0000
vt 1.0000 0.0000 0.0000
vt 1.0000 1.0000 0.0000
vt 1.0000 1.0000 0.0000
vt 0.0000 1.0000 0.0000
vt 0.0000 0.0000 0.0000
vt 0.0000 0.0000 0.0000
vt 1.0000 0.0000 0.0000
vt 1.0000 1.0000 0.0000
vt 1.0000 1.0000 0.0000
vt 0.0000 1.0000 0.0000
vt 0.0000 0.0000 0.0000
vt 0.0000 0.0000 0.0000
vt 1.0000 0.0000 0.0000
vt 1.0000 1.0000 0.0000
vt 1.0000 1.0000 0.0000
vt 0.0000 1.0000 0.0000
vt 0.0000 0.0000 0.0000
vt 0.0000 0.0000 0.0000
vt 1.0000 0.0000 0.0000
vt 1.0000 1.0000 0.0000
vt 0.0005 0.0401 0.0795
vt 0.0177 0.5000 0.9995
vt 0.0013 0.9400 0.1195
vt 0.0013 0.9400 0.1195
vt 0.0363 0.9995 0.0005
vt 0.0013 0.9995 0.0005
vt 0.0005 0.0401 0.0795
vt 0.0363 0.0006 0.0005
vt 0.0177 0.5000 0.9995
vt 0.0177 0.5000 0.9995
vt 0.0363 0.0006 0.0005
vt 0.0363 0.9995 0.0005
vt 0.0363 0.9995 0.0005
vt 0.0013 0.9400 0.1195
vt 0.0177 0.5000 0.9995
vt 0.0363 0.0006 0.0005
vt 0.0005 0.0401 0.0795
vt 0.0005 0.0006 0.0005
vt 0.2307 0.9995 0.0005
vt 0.1934 0.9995 0.0005
vt 0.2121 0.5000 0.9995
vt 0.1934 0.9995 0.0005
vt 0.1934 0.0006 0.0005
vt 0.2121 0.5000 0.9995
vt 0.1934 0.0006 0.0005
vt 0.2307 0.0006 0.0005
vt 0.2121 0.5000 0.9995
vt 0.2307 0.0006 0.0005
vt 0.2307 0.9995 0.0005
vt 0.2121 0.5000 0.9995
vt 0.4251 0.9994 0.0005
vt 0.3878 0.9994 0.0005
vt 0.4065 0.4999 0.9995
vt 0.3878 0.9994 0.0005
vt 0.3878 0.0006 0.0005
vt 0.4065 0.4999 0.9995
vt 0.3878 0.0006 0.0005
vt 0.4251 0.0006 0.0005
vt 0.4065 0.4999 0.9995
vt 0.4251 0.0006 0.0005
vt 0.4251 0.9994 0.0005
vt 0.4065 0.4999 0.9995
vt 0.6195 0.9994 0.0005
vt 0.5822 0.9994 0.0005
vt 0.6008 0.4999 0.9995
vt 0.5822 0.9994 0.0005
vt 0.5822 0.0005 0.0005
vt 0.6008 0.4999 0.9995
vt 0.5822 0.0005 0.0005
vt 0.6195 0.0005 0.0005
vt 0.6008 0.4999 0.9995
vt 0.6195 0.0005 0.0005
vt 0.6195 0.9994 0.0005
vt 0.6008 0.4999 0.9995
vt 0.8139 0.9994 0.0005
vt 0.7766 0.9994 0.0005
vt 0.7952 0.4999 0.9995
vt 0.7766 0.9994 0.0005
vt 0.7766 0.0006 0.0005
vt 0.7952 0.4999 0.9995
vt 0.7766 0.0006 0.0005
vt 0.8139 0.0006 0.0005
vt 0.7952 0.4999 0.9995
vt 0.8139 0.0006 0.0005
vt 0.8139 0.9994 0.0005
vt 0.7952 0.4999 0.9995
vt 0.9995 0.9994 0.0005
vt 0.9622 0.9994 0.0005
vt 0.9809 0.4999 0.9995
vt 0.9622 0.9994 0.0005
vt 0.9622 0.0005 0.0005
vt 0.9809 0.4999 0.9995
vt 0.9622 0.0005 0.0005
vt 0.9995 0.0005 0.0005
vt 0.9809 0.4999 0.9995
vt 0.9995 0.0005 0.0005
vt 0.9995 0.9994 0.0005
vt 0.9809 0.4999 0.9995
# 900 texture coords

g Uus_18_aed
usemtl uus18_sein
s off
f 922/5125/683 923/5126/683 924/5127/683 
f 925/5128/684 926/5129/684 923/5130/684 
f 927/5131/685 928/5132/685 926/5133/685 
f 922/5134/686 928/5135/686 929/5136/686 
f 923/5137/683 922/5138/683 925/5139/683 
f 926/5140/684 925/5141/684 927/5142/684 
f 928/5143/685 927/5144/685 929/5145/685 
f 928/5146/686 922/5147/686 924/5148/686 
f 930/5149/686 931/5150/686 932/5151/686 
f 933/5152/687 934/5153/687 935/5154/687 
f 931/5155/688 933/5156/688 936/5157/688 
f 935/5158/689 932/5159/689 937/5160/689 
f 935/5161/690 938/5162/690 939/5163/690 
f 934/5164/687 933/5165/687 930/5166/687 
f 933/5167/688 931/5168/688 930/5169/688 
f 932/5170/689 935/5171/689 934/5172/689 
f 935/5173/691 936/5174/691 933/5175/691 
f 935/5176/692 939/5177/692 936/5178/692 
f 938/5179/693 935/5180/693 937/5181/693 
f 930/5182/686 932/5183/686 934/5184/686 
usemtl uus18_kr_hall
f 940/5185/687 941/5186/687 942/5187/687 
f 942/5188/687 943/5189/687 940/5190/687 
f 944/5191/689 945/5192/689 941/5193/689 
f 941/5194/689 940/5195/689 944/5196/689 
f 946/5197/683 922/5198/683 947/5199/683 
f 946/5200/683 947/5201/683 948/5202/683 
f 922/5203/684 929/5204/684 942/5205/684 
f 922/5206/684 942/5207/684 947/5208/684 
f 929/5209/689 949/5210/689 943/5211/689 
f 929/5212/689 943/5213/689 942/5214/689 
f 949/5215/686 946/5216/686 948/5217/686 
f 949/5218/686 948/5219/686 943/5220/686 
f 950/5221/687 947/5222/687 951/5223/687 
f 947/5224/687 950/5225/687 948/5226/687 
f 952/5227/694 951/5228/694 953/5229/694 
f 951/5230/688 952/5231/688 950/5232/688 
f 954/5233/695 955/5234/695 945/5235/695 
f 945/5236/695 944/5237/695 954/5238/695 
f 952/5239/696 953/5240/696 955/5241/696 
f 955/5242/696 954/5243/696 952/5244/696 
f 956/5245/697 954/5246/697 944/5247/697 
f 944/5248/698 940/5249/698 956/5250/698 
f 950/5251/699 952/5252/699 954/5253/699 
f 954/5254/700 956/5255/700 950/5256/700 
f 957/5257/701 955/5258/701 953/5259/701 
f 953/5260/702 951/5261/702 957/5262/702 
f 941/5263/703 945/5264/703 955/5265/703 
f 955/5266/704 957/5267/704 941/5268/704 
usemtl uus18_sein
f 958/5269/705 948/5270/705 959/5271/705 
f 958/5272/706 959/5273/706 960/5274/706 
f 948/5275/684 943/5276/684 961/5277/684 
f 948/5278/684 961/5279/684 959/5280/684 
f 943/5281/707 962/5282/707 963/5283/707 
f 943/5284/708 963/5285/708 961/5286/708 
f 962/5287/709 958/5288/709 960/5289/709 
f 962/5290/698 960/5291/698 963/5292/698 
f 964/5293/688 965/5294/688 966/5295/688 
f 965/5296/688 967/5297/688 966/5298/688 
f 965/5299/684 968/5300/684 967/5301/684 
f 968/5302/684 969/5303/684 967/5304/684 
f 968/5305/707 970/5306/707 969/5307/707 
f 970/5308/707 971/5309/707 969/5310/707 
f 970/5311/698 964/5312/698 971/5313/698 
f 964/5314/698 966/5315/698 971/5316/698 
f 968/5317/687 964/5318/687 970/5319/687 
f 965/5320/687 964/5321/687 968/5322/687 
usemtl uus18_kr_hall
f 972/5323/688 946/5324/688 948/5325/688 
f 948/5326/710 958/5327/710 972/5328/710 
f 946/5329/684 949/5330/684 943/5331/684 
f 943/5332/684 948/5333/684 946/5334/684 
f 949/5335/707 973/5336/707 962/5337/707 
f 962/5338/707 943/5339/707 949/5340/707 
f 973/5341/698 972/5342/698 958/5343/698 
f 958/5344/698 962/5345/698 973/5346/698 
f 974/5347/687 975/5348/687 962/5349/687 
f 962/5350/687 976/5351/687 974/5352/687 
f 977/5353/685 978/5354/685 975/5355/685 
f 975/5356/685 974/5357/685 977/5358/685 
f 979/5359/711 972/5360/711 958/5361/711 
f 979/5362/683 958/5363/683 980/5364/683 
f 972/5365/712 973/5366/712 962/5367/712 
f 972/5368/713 962/5369/713 958/5370/713 
f 973/5371/689 981/5372/689 976/5373/689 
f 973/5374/689 976/5375/689 962/5376/689 
f 981/5377/698 979/5378/698 980/5379/698 
f 981/5380/698 980/5381/698 976/5382/698 
f 982/5383/687 958/5384/687 983/5385/687 
f 958/5386/687 982/5387/687 980/5388/687 
f 984/5389/688 983/5390/688 985/5391/688 
f 983/5392/688 984/5393/688 982/5394/688 
f 986/5395/695 987/5396/695 978/5397/695 
f 978/5398/695 977/5399/695 986/5400/695 
f 984/5401/696 985/5402/696 987/5403/696 
f 987/5404/696 986/5405/696 984/5406/696 
f 988/5407/714 986/5408/714 977/5409/714 
f 977/5410/715 974/5411/715 988/5412/715 
f 982/5413/715 984/5414/715 986/5415/715 
f 986/5416/716 988/5417/716 982/5418/716 
f 989/5419/717 987/5420/717 985/5421/717 
f 985/5422/703 983/5423/703 989/5424/703 
f 975/5425/718 978/5426/718 987/5427/718 
f 987/5428/719 989/5429/719 975/5430/719 
usemtl uus18_sein
f 990/5431/705 980/5432/705 991/5433/705 
f 990/5434/705 991/5435/705 992/5436/705 
f 980/5437/712 976/5438/712 993/5439/712 
f 980/5440/712 993/5441/712 991/5442/712 
f 976/5443/689 994/5444/689 995/5445/689 
f 976/5446/689 995/5447/689 993/5448/689 
f 994/5449/686 990/5450/686 992/5451/686 
f 994/5452/686 992/5453/686 995/5454/686 
f 996/5455/720 997/5456/720 998/5457/720 
f 997/5458/720 999/5459/720 998/5460/720 
f 997/5461/712 1000/5462/712 999/5463/712 
f 1000/5464/712 1001/5465/712 999/5466/712 
f 1000/5467/689 1002/5468/689 1001/5469/689 
f 1002/5470/689 1003/5471/689 1001/5472/689 
f 1002/5473/686 996/5474/686 1003/5475/686 
f 996/5476/686 998/5477/686 1003/5478/686 
f 1000/5479/687 996/5480/687 1002/5481/687 
f 997/5482/687 996/5483/687 1000/5484/687 
usemtl uus18_kr_hall
f 1004/5485/705 979/5486/705 980/5487/705 
f 980/5488/705 990/5489/705 1004/5490/705 
f 979/5491/712 981/5492/712 976/5493/712 
f 976/5494/712 980/5495/712 979/5496/712 
f 981/5497/689 1005/5498/689 994/5499/689 
f 994/5500/689 976/5501/689 981/5502/689 
f 1005/5503/686 1004/5504/686 990/5505/686 
f 990/5506/686 994/5507/686 1005/5508/686 
f 1006/5509/687 1007/5510/687 994/5511/687 
f 994/5512/687 1008/5513/687 1006/5514/687 
f 1009/5515/689 1010/5516/689 1007/5517/689 
f 1007/5518/689 1006/5519/689 1009/5520/689 
f 1011/5521/688 1004/5522/688 990/5523/688 
f 1011/5524/688 990/5525/688 1012/5526/688 
f 1004/5527/684 1005/5528/684 994/5529/684 
f 1004/5530/684 994/5531/684 990/5532/684 
f 1005/5533/685 1013/5534/685 1008/5535/685 
f 1005/5536/685 1008/5537/685 994/5538/685 
f 1013/5539/686 1011/5540/686 1012/5541/686 
f 1013/5542/686 1012/5543/686 1008/5544/686 
f 1014/5545/687 990/5546/687 1015/5547/687 
f 990/5548/687 1014/5549/687 1012/5550/687 
f 1016/5551/688 1015/5552/688 1017/5553/688 
f 1015/5554/688 1016/5555/688 1014/5556/688 
f 1018/5557/721 1019/5558/721 1010/5559/721 
f 1010/5560/721 1009/5561/721 1018/5562/721 
f 1016/5563/696 1017/5564/696 1019/5565/696 
f 1019/5566/696 1018/5567/696 1016/5568/696 
f 1020/5569/700 1018/5570/700 1009/5571/700 
f 1009/5572/699 1006/5573/699 1020/5574/699 
f 1014/5575/698 1016/5576/698 1018/5577/698 
f 1018/5578/697 1020/5579/697 1014/5580/697 
f 1021/5581/704 1019/5582/704 1017/5583/704 
f 1017/5584/712 1015/5585/712 1021/5586/712 
f 1007/5587/712 1010/5588/712 1019/5589/712 
f 1019/5590/701 1021/5591/701 1007/5592/701 
usemtl uus18_sein
f 1022/5593/720 1012/5594/720 1023/5595/720 
f 1022/5596/720 1023/5597/720 1024/5598/720 
f 1012/5599/684 1008/5600/684 1025/5601/684 
f 1012/5602/684 1025/5603/684 1023/5604/684 
f 1008/5605/722 1026/5606/722 1027/5607/722 
f 1008/5608/722 1027/5609/722 1025/5610/722 
f 1026/5611/686 1022/5612/686 1024/5613/686 
f 1026/5614/686 1024/5615/686 1027/5616/686 
f 1028/5617/683 1029/5618/683 1030/5619/683 
f 1029/5620/683 1031/5621/683 1030/5622/683 
f 1029/5623/684 1032/5624/684 1031/5625/684 
f 1032/5626/684 1033/5627/684 1031/5628/684 
f 1032/5629/707 1034/5630/707 1033/5631/707 
f 1034/5632/707 1035/5633/707 1033/5634/707 
f 1034/5635/698 1028/5636/698 1035/5637/698 
f 1028/5638/698 1030/5639/698 1035/5640/698 
f 1032/5641/687 1028/5642/687 1034/5643/687 
f 1029/5644/687 1028/5645/687 1032/5646/687 
usemtl uus18_kr_hall
f 1036/5647/720 1011/5648/720 1012/5649/720 
f 1012/5650/720 1022/5651/720 1036/5652/720 
f 1011/5653/684 1013/5654/684 1008/5655/684 
f 1008/5656/684 1012/5657/684 1011/5658/684 
f 1013/5659/722 1037/5660/722 1026/5661/722 
f 1026/5662/722 1008/5663/722 1013/5664/722 
f 1037/5665/686 1036/5666/686 1022/5667/686 
f 1022/5668/686 1026/5669/686 1037/5670/686 
f 1038/5671/687 1039/5672/687 1026/5673/687 
f 1026/5674/687 1040/5675/687 1038/5676/687 
f 1041/5677/689 1042/5678/689 1039/5679/689 
f 1039/5680/689 1038/5681/689 1041/5682/689 
f 1043/5683/688 1036/5684/688 1022/5685/688 
f 1043/5686/688 1022/5687/688 1044/5688/688 
f 1036/5689/684 1037/5690/684 1026/5691/684 
f 1036/5692/684 1026/5693/684 1022/5694/684 
f 1037/5695/685 1045/5696/685 1040/5697/685 
f 1037/5698/685 1040/5699/685 1026/5700/685 
f 1045/5701/698 1043/5702/698 1044/5703/698 
f 1045/5704/698 1044/5705/698 1040/5706/698 
f 1046/5707/687 1022/5708/687 1047/5709/687 
f 1022/5710/687 1046/5711/687 1044/5712/687 
f 1048/5713/688 1047/5714/688 1049/5715/688 
f 1047/5716/688 1048/5717/688 1046/5718/688 
f 1050/5719/695 1051/5720/695 1042/5721/695 
f 1042/5722/695 1041/5723/695 1050/5724/695 
f 1048/5725/696 1049/5726/696 1051/5727/696 
f 1051/5728/696 1050/5729/696 1048/5730/696 
f 1052/5731/715 1050/5732/715 1041/5733/715 
f 1041/5734/715 1038/5735/715 1052/5736/715 
f 1046/5737/699 1048/5738/699 1050/5739/699 
f 1050/5740/699 1052/5741/699 1046/5742/699 
f 1053/5743/712 1051/5744/712 1049/5745/712 
f 1049/5746/712 1047/5747/712 1053/5748/712 
f 1039/5749/718 1042/5750/718 1051/5751/718 
f 1051/5752/718 1053/5753/718 1039/5754/718 
usemtl uus18_sein
f 1054/5755/720 1044/5756/720 1055/5757/720 
f 1054/5758/720 1055/5759/720 1056/5760/720 
f 1044/5761/712 1040/5762/712 1057/5763/712 
f 1044/5764/712 1057/5765/712 1055/5766/712 
f 1040/5767/707 1058/5768/707 1059/5769/707 
f 1040/5770/707 1059/5771/707 1057/5772/707 
f 1058/5773/698 1054/5774/698 1056/5775/698 
f 1058/5776/698 1056/5777/698 1059/5778/698 
f 1060/5779/720 1061/5780/720 1062/5781/720 
f 1061/5782/720 1063/5783/720 1062/5784/720 
f 1061/5785/712 1064/5786/712 1063/5787/712 
f 1064/5788/712 1065/5789/712 1063/5790/712 
f 1064/5791/707 1066/5792/707 1065/5793/707 
f 1066/5794/707 1067/5795/707 1065/5796/707 
f 1066/5797/698 1060/5798/698 1067/5799/698 
f 1060/5800/698 1062/5801/698 1067/5802/698 
f 1064/5803/687 1060/5804/687 1066/5805/687 
f 1061/5806/687 1060/5807/687 1064/5808/687 
usemtl uus18_kr_hall
f 1068/5809/720 1043/5810/720 1044/5811/720 
f 1044/5812/720 1054/5813/720 1068/5814/720 
f 1043/5815/712 1045/5816/712 1040/5817/712 
f 1040/5818/712 1044/5819/712 1043/5820/712 
f 1045/5821/707 1069/5822/707 1058/5823/707 
f 1058/5824/707 1040/5825/707 1045/5826/707 
f 1069/5827/698 1068/5828/698 1054/5829/698 
f 1054/5830/698 1058/5831/698 1069/5832/698 
usemtl uus18_sein
f 1070/5833/720 1071/5834/720 1072/5835/720 
f 1070/5836/720 1072/5837/720 1073/5838/720 
f 1071/5839/684 1074/5840/684 1075/5841/684 
f 1071/5842/684 1075/5843/684 1072/5844/684 
f 1074/5845/707 1076/5846/707 1077/5847/707 
f 1074/5848/707 1077/5849/707 1075/5850/707 
f 1076/5851/686 1070/5852/686 1073/5853/686 
f 1076/5854/686 1073/5855/686 1077/5856/686 
f 1078/5857/720 1079/5858/720 1080/5859/720 
f 1079/5860/720 1081/5861/720 1080/5862/720 
f 1079/5863/712 1082/5864/712 1081/5865/712 
f 1082/5866/712 1083/5867/712 1081/5868/712 
f 1082/5869/689 1084/5870/689 1083/5871/689 
f 1084/5872/689 1085/5873/689 1083/5874/689 
f 1084/5875/686 1078/5876/686 1085/5877/686 
f 1078/5878/686 1080/5879/686 1085/5880/686 
f 1082/5881/687 1078/5882/687 1084/5883/687 
f 1079/5884/687 1078/5885/687 1082/5886/687 
usemtl uus18_kr_hall
f 1086/5887/720 1087/5888/720 1071/5889/720 
f 1071/5890/720 1070/5891/720 1086/5892/720 
f 1087/5893/684 1088/5894/684 1074/5895/684 
f 1074/5896/684 1071/5897/684 1087/5898/684 
f 1088/5899/707 1089/5900/707 1076/5901/707 
f 1076/5902/707 1074/5903/707 1088/5904/707 
f 1089/5905/686 1086/5906/686 1070/5907/686 
f 1070/5908/686 1076/5909/686 1089/5910/686 
usemtl uus18_v_rav
s 2
f 1090/5911/689 1091/5912/689 1092/5913/689 
f 1092/5914/689 1093/5915/689 1090/5916/689 
f 1094/5917/689 1090/5918/689 1093/5919/689 
f 1093/5920/689 1095/5921/689 1094/5922/689 
usemtl uus18_aed
s off
f 1096/5923/685 1097/5924/685 1098/5925/685 
f 1098/5926/685 1050/5927/685 1096/5928/685 
f 1099/5929/689 1100/5930/689 1101/5931/689 
f 1101/5932/689 1018/5933/689 1099/5934/689 
f 1102/5935/689 1103/5936/689 987/5937/689 
f 987/5938/689 986/5939/689 1102/5940/689 
f 1104/5941/689 1105/5942/689 955/5943/689 
f 955/5944/689 954/5945/689 1104/5946/689 
usemtl uus18_hall
s 130
f 938/5947/723 1106/5948/724 939/5949/725 
s 66
f 939/5950/725 931/5951/726 936/5952/727 
s 258
f 938/5953/723 932/5954/728 1106/5955/724 
s 546
f 1106/5956/724 932/5957/728 931/5958/726 
s 66
f 931/5959/726 939/5960/725 1106/5961/724 
s 258
f 932/5962/728 938/5963/723 937/5964/729 
s 66
f 966/5965/730 967/5966/731 1107/5967/732 
s 130
f 967/5968/731 969/5969/733 1107/5970/732 
s 258
f 969/5971/733 971/5972/734 1107/5973/732 
s 546
f 971/5974/734 966/5975/730 1107/5976/732 
s 66
f 998/5977/735 999/5978/731 1108/5979/736 
s 130
f 999/5980/731 1001/5981/733 1108/5982/736 
s 258
f 1001/5983/733 1003/5984/734 1108/5985/736 
s 546
f 1003/5986/734 998/5987/735 1108/5988/736 
s 66
f 1030/5989/730 1031/5990/731 1109/5991/732 
s 130
f 1031/5992/731 1033/5993/733 1109/5994/732 
s 258
f 1033/5995/733 1035/5996/734 1109/5997/732 
s 546
f 1035/5998/734 1030/5999/730 1109/6000/732 
s 66
f 1062/6001/735 1063/6002/737 1110/6003/738 
s 130
f 1063/6004/737 1065/6005/733 1110/6006/738 
s 258
f 1065/6007/733 1067/6008/739 1110/6009/738 
s 546
f 1067/6010/739 1062/6011/735 1110/6012/738 
s 66
f 1080/6013/735 1081/6014/737 1111/6015/740 
s 130
f 1081/6016/737 1083/6017/733 1111/6018/740 
s 258
f 1083/6019/733 1085/6020/734 1111/6021/740 
s 546
f 1085/6022/734 1080/6023/735 1111/6024/740 
# 0 polygons - 300 triangles

