# 3ds Max Wavefront OBJ Exporter v0.97b - (c)2007 guruware
# File Created: 25.03.2012 17:35:25

mtllib Lyhike_jalg_6.mtl

#
# object Lyhike_Jalg_6
#

v  -205.018326 -110.649277 26.221968
v  -204.818085 -110.724396 41.649902
v  -208.580856 -116.941811 27.002146
v  -208.429733 -109.341103 44.710770
v  -207.764969 -113.859604 44.148308
v  -209.896194 -117.622169 44.120556
v  -205.018341 -110.649277 33.598572
v  -205.018341 -110.649277 36.995892
v  -219.791077 -105.324852 36.860725
v  -205.729935 -111.906219 29.508879
v  -205.628952 -111.727829 31.259878
v  -205.620636 -111.713120 34.173470
v  -205.615585 -111.704231 35.098019
v  -205.607086 -111.689224 37.933338
v  -205.630829 -111.731155 39.165516
v  -205.622406 -111.716286 40.999004
v  -208.720184 -117.187881 41.014748
v  -208.721909 -117.190910 39.178795
v  -208.748459 -117.237846 37.984142
v  -208.756943 -117.252792 35.148808
v  -208.761948 -117.261665 34.224316
v  -208.770264 -117.276352 31.310713
v  -219.685745 -105.369942 44.000187
v  -212.648209 -113.060493 46.844456
v  -212.871552 -113.408577 46.967857
v  -213.062363 -113.713585 46.875774
v  -213.239716 -114.003166 46.518341
v  -212.493576 -112.831017 46.468792
v  -206.827820 -113.845436 26.623539
v  -207.108566 -114.341293 26.435652
v  -207.595520 -115.201317 27.002150
v  -207.425552 -115.329948 41.649902
v  -206.281143 -113.308609 41.649902
v  -206.436295 -113.153862 41.014748
v  -206.770660 -113.744453 40.999210
v  -207.576569 -115.167892 41.014748
v  -207.919998 -115.774506 40.999294
v  -206.437958 -113.156807 39.178799
v  -206.779160 -113.759422 39.165653
v  -207.578140 -115.170715 39.178799
v  -207.928482 -115.789513 39.165730
v  -206.464600 -113.203835 37.946606
v  -206.755386 -113.717468 37.952187
v  -207.604767 -115.217720 37.965332
v  -207.904709 -115.747475 37.971066
v  -206.473053 -113.218788 35.111279
v  -206.763855 -113.732407 35.116863
v  -207.613251 -115.232689 35.130005
v  -207.913162 -115.762451 35.135738
v  -208.103271 -116.098213 29.508305
v  -207.947372 -115.822914 29.508331
v  -207.483414 -115.003387 29.508305
v  -206.827820 -113.845436 29.508240
v  -207.926498 -115.786003 31.297647
v  -207.626556 -115.256233 31.291908
v  -206.777161 -113.755959 31.278749
v  -206.486420 -113.242432 31.273161
v  -207.918167 -115.771301 34.211239
v  -207.618225 -115.241516 34.205509
v  -206.768829 -113.741219 34.192341
v  -206.478073 -113.227631 34.186760
v  -218.566162 -113.360992 46.417904
v  -218.467438 -113.086372 46.792919
v  -218.267670 -112.704636 46.912617
v  -218.066452 -112.367775 46.803638
v  -217.845016 -112.104332 46.455326
v  -218.505112 -113.386688 45.923164
v  -216.336288 -114.234428 46.847725
v  -215.842667 -113.972473 47.009254
v  -215.921890 -113.470032 46.861366
v  -216.425674 -112.841103 46.413097
v  -217.774536 -112.120316 45.960464
v  -217.131363 -114.141975 46.377068
v  -207.925797 -114.078796 43.741344
v  -208.463058 -115.027084 43.733547
v  -208.596802 -115.263367 43.731606
v  -209.129852 -116.204193 43.723888
v  -209.262497 -116.438423 43.721947
v  -209.791306 -117.371826 43.714264
v  -209.855148 -117.327583 42.732346
v  -209.326431 -116.394363 42.740017
v  -209.193741 -116.160141 42.741928
v  -208.660797 -115.219254 42.749660
v  -208.527084 -114.983192 42.751606
v  -207.989838 -114.034897 42.759399
v  -208.659927 -115.229980 43.736427
v  -209.191116 -116.170471 43.728592
v  -209.250717 -116.128815 42.746017
v  -208.719574 -115.188454 42.753853
v  -209.323380 -116.404633 43.726631
v  -209.850327 -117.337578 43.718861
v  -209.909775 -117.295769 42.736282
v  -209.382965 -116.363007 42.744072
v  -207.991180 -114.045845 43.746326
v  -208.526703 -114.993958 43.738400
v  -208.586334 -114.952393 42.755825
v  -208.050888 -114.004501 42.763748
v  -208.497238 -115.152420 44.138783
v  -209.164688 -116.330757 44.130074
v  -209.733459 -117.971336 44.009521
v  -208.876694 -116.489670 44.018478
v  -208.194275 -115.311050 44.025330
v  -207.339355 -113.832794 44.034184
v  -207.323303 -113.827576 44.144417
v  -208.183777 -115.313011 44.135845
v  -208.866440 -116.492157 44.128956
v  -209.730011 -117.983292 44.120289
v  -212.680511 -113.116943 46.740723
v  -212.870117 -113.412415 46.842457
v  -213.031616 -113.667709 46.768280
v  -213.181015 -113.913910 46.462418
v  -213.183151 -113.927895 46.135433
v  -212.549805 -112.937111 46.093460
v  -212.551132 -112.929146 46.420807
v  -212.735352 -113.088219 46.739834
v  -212.925522 -113.382805 46.843067
v  -213.087204 -113.638863 46.765305
v  -213.234116 -113.884239 46.459145
v  -213.237915 -113.898598 46.133633
v  -212.606659 -112.907890 46.091648
v  -212.607208 -112.897972 46.419327
v  -218.502213 -113.262321 46.366634
v  -218.420898 -113.035706 46.688393
v  -218.251068 -112.711563 46.783092
v  -218.078583 -112.427818 46.691532
v  -217.897568 -112.203850 46.398132
v  -217.855743 -112.225922 46.086834
v  -218.468704 -113.287941 46.058552
v  -218.440598 -113.292435 46.377609
v  -218.356934 -113.065941 46.697971
v  -218.191040 -112.745239 46.793686
v  -218.014038 -112.458122 46.701942
v  -217.835205 -112.235939 46.406227
v  -217.794937 -112.253777 46.094788
v  -218.405624 -113.318825 46.066223
v  -206.090149 -114.411781 29.508009
v  -204.871613 -112.260246 29.508020
v  -205.673370 -111.806328 29.960453
v  -206.891586 -113.958038 29.960445
v  -206.090179 -114.411766 29.565760
v  -204.871613 -112.260246 29.565781
v  -205.673370 -111.806328 30.018211
v  -206.891586 -113.958038 30.018196
v  -205.729919 -111.906235 26.623537
v  -208.558395 -117.330933 41.649902
v  -208.936508 -117.569954 27.002146
v  -208.932388 -117.562714 30.003109
v  -209.861191 -119.203293 31.328638
v  -209.049133 -117.768929 31.316105
v  -209.856857 -119.195580 34.242321
v  -209.040802 -117.754181 34.229698
v  -209.851852 -119.186768 35.166824
v  -209.035797 -117.745369 35.154213
v  -209.042618 -117.757393 41.014748
v  -209.817917 -119.126793 41.040459
v  -209.051102 -117.772408 39.181190
v  -209.816681 -119.124657 39.193783
v  -209.027328 -117.730423 37.989532
v  -209.843323 -119.171715 38.002144
v  -219.007248 -105.616547 44.308540
v  -213.607208 -108.973717 46.287720
v  -213.402481 -109.070145 46.666573
v  -213.085480 -109.202400 46.795559
v  -212.776917 -109.323349 46.714931
v  -212.507736 -109.415497 46.350067
v  -212.481369 -109.413239 46.023438
v  -213.600250 -108.954269 45.935478
v  -213.865723 -109.968781 46.766846
v  -213.536850 -110.255241 46.908573
v  -213.068253 -109.134888 46.948215
v  -213.442947 -108.977493 46.792061
v  -213.092804 -110.273560 46.807613
v  -212.704025 -109.276260 46.843719
v  -212.606583 -109.896423 46.410412
v  -212.379242 -109.388168 46.424740
v  -212.335098 -109.408989 45.911713
v  -212.327957 -109.384903 45.913555
v  -213.675095 -108.868622 45.830204
v  -213.903885 -109.371223 46.322941
v  -213.689590 -108.858795 46.339725
v  -213.665451 -108.844124 45.817970
v  -213.375793 -108.999077 46.670197
v  -213.579834 -108.900635 46.292503
v  -213.059769 -109.131706 46.799442
v  -212.752029 -109.251335 46.715134
v  -212.479645 -109.344849 46.356262
v  -212.456528 -109.342667 46.030231
v  -213.574478 -108.886230 45.940712
v  -208.580582 -116.941353 29.508326
v  -208.103516 -116.098679 27.002148
v  -208.831345 -116.799377 29.507986
v  -208.831375 -116.799362 27.002146
v  -208.354034 -115.956245 27.002148
v  -208.354019 -115.956253 29.507994
v  -207.947388 -115.822906 27.798935
v  -207.483398 -115.003395 27.798906
v  -207.734146 -114.861427 29.507992
v  -208.198120 -115.680954 29.507992
v  -208.198135 -115.680946 27.798326
v  -207.734161 -114.861427 27.798326
v  -205.980698 -111.764275 29.508652
v  -207.078568 -113.703468 29.507992
v  -207.078568 -113.703476 26.623539
v  -205.980667 -111.764290 26.623537
v  -205.729950 -111.906212 31.465946
v  -205.729950 -111.906212 33.970707
v  -206.377411 -113.049858 33.980572
v  -206.384155 -113.061790 31.475807
v  -205.729950 -111.906212 35.303963
v  -205.729950 -111.906212 37.730465
v  -206.363968 -113.026085 37.740299
v  -206.370834 -113.038193 35.313808
v  -205.729950 -111.906212 39.371487
v  -205.729950 -111.906212 40.796135
v  -206.328964 -112.964264 40.805973
v  -206.335754 -112.976242 39.381321
v  -208.612839 -116.998268 40.805969
v  -208.619629 -117.010239 39.381321
v  -208.033585 -115.975105 39.371685
v  -208.026794 -115.963135 40.796337
v  -208.647903 -117.060196 37.777828
v  -208.654678 -117.072174 35.351334
v  -208.018295 -115.948135 35.341698
v  -208.011459 -115.936050 37.768200
v  -208.661362 -117.083969 34.018124
v  -208.668015 -117.095802 31.513359
v  -208.031647 -115.971741 31.503727
v  -208.024933 -115.959877 34.008492
v  -206.877441 -113.933067 40.796246
v  -207.469086 -114.978073 40.805969
v  -207.475876 -114.990074 39.381317
v  -206.884247 -113.945091 39.371605
v  -206.862137 -113.906006 37.749310
v  -207.504181 -115.040085 37.759029
v  -207.511017 -115.052109 35.332527
v  -206.869003 -113.918137 35.322815
v  -207.524323 -115.075676 31.494555
v  -206.882294 -113.941650 31.484829
v  -206.875656 -113.929863 33.989590
v  -207.517624 -115.063797 33.999321
v  -209.762863 -119.029610 31.531363
v  -209.154221 -117.954529 31.522184
v  -209.147552 -117.942764 34.026951
v  -209.756226 -119.017838 34.036129
v  -209.749603 -119.006149 35.369354
v  -209.140930 -117.931015 35.360165
v  -209.134125 -117.919022 37.786659
v  -209.742752 -118.994072 37.795849
v  -209.149384 -117.945976 40.811794
v  -209.707703 -118.932167 40.820930
v  -209.714523 -118.944214 39.396336
v  -209.156189 -117.958015 39.387142
v  -205.980682 -111.764275 31.466108
v  -205.980698 -111.764267 33.970913
v  -206.623627 -112.899879 33.980740
v  -206.630325 -112.911690 31.475931
v  -205.980698 -111.764275 35.304459
v  -205.980682 -111.764275 37.730999
v  -206.610229 -112.876244 37.740799
v  -206.617035 -112.888245 35.314266
v  -205.980682 -111.764275 39.372063
v  -205.980698 -111.764267 40.796761
v  -206.575226 -112.814407 40.806561
v  -206.582016 -112.826363 39.381866
v  -208.859085 -116.848404 40.806423
v  -208.865860 -116.860359 39.381721
v  -208.279816 -115.825249 39.372120
v  -208.273010 -115.813232 40.796822
v  -208.894119 -116.910248 37.778202
v  -208.900864 -116.922203 35.351650
v  -208.264526 -115.798210 35.342049
v  -208.257721 -115.786179 37.768597
v  -208.907471 -116.933830 34.018154
v  -208.914169 -116.945709 31.513346
v  -208.277771 -115.821632 31.503750
v  -208.271072 -115.809784 34.008556
v  -207.123718 -113.783211 40.796814
v  -207.715393 -114.828293 40.806496
v  -207.722168 -114.840233 39.381794
v  -207.130524 -113.795227 39.372116
v  -207.108368 -113.756096 37.749775
v  -207.750336 -114.890022 37.759460
v  -207.757202 -114.902122 35.332920
v  -207.115219 -113.768196 35.323238
v  -207.770508 -114.925629 31.494612
v  -207.128464 -113.791588 31.484921
v  -207.121796 -113.779808 33.989727
v  -207.763779 -114.913750 33.999420
v  -210.009033 -118.879578 31.531284
v  -209.400391 -117.804527 31.522139
v  -209.393738 -117.792755 34.026951
v  -210.002365 -118.867783 34.036095
v  -209.995773 -118.856117 35.369606
v  -209.387146 -117.781128 35.360451
v  -209.380325 -117.769073 37.786991
v  -209.988968 -118.844116 37.796143
v  -209.395660 -117.796127 40.812222
v  -209.953964 -118.782295 40.821369
v  -209.960739 -118.794273 39.396671
v  -209.402420 -117.808098 39.387520
v  -208.631485 -117.031174 41.396973
v  -205.018356 -110.649361 41.396973
v  -207.498352 -115.029785 41.396973
v  -206.353607 -113.007759 41.396973
v  -214.070190 -112.735786 46.943108
v  -213.705124 -112.458511 46.826221
v  -213.150574 -112.466286 46.462563
v  -212.483002 -112.834908 45.917236
v  -214.116272 -113.123238 46.850338
v  -213.900406 -113.627090 46.510990
v  -213.258286 -114.044197 45.972588
v  -207.877136 -113.770958 42.355171
v  -213.245911 -115.973358 45.225754
v  -210.008057 -117.532471 42.324142
v  -209.267319 -116.225037 42.334923
v  -208.607697 -115.060600 42.344521
v  -210.937576 -112.263969 45.097626
v  -212.983505 -115.864136 45.058693
v  -213.099136 -116.048195 45.059784
v  -210.825821 -112.089157 45.096020
v  -210.994537 -111.996788 45.264446
v  -205.018326 -110.649284 30.003025
v  -206.785614 -113.770866 30.002775
v  -207.381790 -114.823883 30.002813
v  -207.902191 -115.743095 30.002844
v  -208.073868 -116.046326 30.002819
v  -208.604401 -116.983406 30.002850
v  -205.224747 -111.013885 41.396973
v  -205.235275 -111.032471 37.011497
v  -205.228516 -111.020515 33.600216
v  -205.224167 -111.012871 30.002939
v  -205.236145 -111.034042 26.236082
v  -209.982254 -117.553268 42.734470
v  -207.851837 -113.790855 42.758781
v  -212.753632 -113.223518 46.937874
v  -212.971634 -113.567879 46.946190
v  -213.170853 -113.889603 46.716667
v  -212.551346 -112.914474 46.673447
v  -212.769958 -113.255104 46.817215
v  -212.954834 -113.545624 46.824249
v  -213.124100 -113.818527 46.630577
v  -212.599075 -112.996468 46.593231
v  -212.826096 -113.227318 46.815376
v  -213.008575 -113.514603 46.823036
v  -213.178162 -113.789803 46.627026
v  -212.655289 -112.967148 46.592484
v  -213.918442 -112.557228 46.908482
v  -213.424866 -112.407410 46.651588
v  -214.132568 -112.922218 46.915096
v  -214.052704 -113.403786 46.687511
v  -218.539169 -113.258896 46.619919
v  -218.378296 -112.906105 46.882801
v  -218.166687 -112.534538 46.887524
v  -217.938126 -112.206589 46.652245
v  -216.039322 -114.155998 46.957001
v  -215.821182 -113.739143 46.966007
v  -216.125610 -113.114037 46.648602
v  -216.744507 -114.259506 46.615128
v  -218.479523 -113.178017 46.538494
v  -218.345337 -112.882965 46.759956
v  -218.164185 -112.569939 46.761192
v  -217.972382 -112.291405 46.563271
v  -218.416412 -113.205925 46.548363
v  -218.280533 -112.910767 46.766983
v  -218.103851 -112.602089 46.771660
v  -217.911072 -112.320938 46.572472
v  -213.534973 -109.011627 46.489811
v  -213.253845 -109.133797 46.755554
v  -212.925858 -109.265839 46.778084
v  -212.610825 -109.381615 46.550106
v  -213.737762 -110.143326 46.861656
v  -213.270630 -109.051720 46.904343
v  -213.313049 -110.310295 46.883099
v  -212.877335 -109.210579 46.927399
v  -212.811234 -110.128334 46.624252
v  -212.504745 -109.348160 46.655785
v  -213.949280 -109.673790 46.555004
v  -213.605591 -108.903366 46.582508
v  -213.508926 -108.937950 46.493317
v  -213.230392 -109.061668 46.762012
v  -212.898148 -109.195740 46.782440
v  -212.583069 -109.311478 46.552536
v  -218.163742 -112.763405 46.560440
v  -205.018311 -110.649269 26.750622
v  -205.238068 -111.037445 26.750566
v  -205.729935 -111.906219 26.750565
v  -206.827805 -113.845444 26.750565
v  -207.108475 -114.341095 26.750563
v  -207.595337 -115.201103 27.378069
v  -208.103271 -116.098213 27.378069
v  -208.354019 -115.956253 27.378069
v  -208.831345 -116.799377 27.378067
v  -208.580582 -116.941345 27.378067
v  -208.936401 -117.569771 27.378067
v  -209.760101 -119.453484 41.649902
v  -222.865662 -112.343948 37.316761
v  -223.081650 -112.218506 43.963646
v  -209.881760 -119.239548 38.028267
v  -209.861298 -119.203407 32.305683
v  -209.860626 -119.202248 39.154057
v  -209.823013 -119.135864 30.003601
v  -209.999680 -119.447807 41.396973
v  -209.860031 -119.201187 41.108406
v  -209.881592 -119.239296 35.152378
v  -209.881500 -119.239105 34.248493
v  -209.854736 -119.191902 27.707878
v  -209.822983 -119.135750 28.032866
v  -222.741379 -112.416016 43.940327
v  -210.202957 -119.806923 27.702332
v  -209.877777 -119.232544 32.305683
v  -209.875534 -119.228592 31.328640
v  -219.426849 -105.464798 43.968971
v  -212.745865 -107.469147 44.446671
v  -205.018341 -110.649277 35.568802
v  -209.830292 -119.148621 41.396973
v  -210.021179 -119.914627 41.649902
v  -210.202972 -119.806915 41.396973
v  -213.528412 -110.804108 47.446022
v  -209.990540 -119.431709 36.408222
v  -209.990631 -119.431885 37.687244
v  -209.982071 -119.416809 30.003563
v  -209.990067 -119.430840 39.924301
v  -209.990372 -119.431404 34.244999
v  -209.990295 -119.431236 33.011578
v  -210.202957 -119.806908 30.916298
v  -210.202957 -119.806900 36.408123
v  -210.202957 -119.806908 31.893341
v  -210.202957 -119.806900 37.687145
v  -210.202957 -119.806923 30.003508
v  -210.202957 -119.806900 39.925438
v  -210.202957 -119.806885 34.244900
v  -210.202957 -119.806900 33.011478
v  -209.986557 -119.424728 31.893444
v  -209.984314 -119.420738 30.916401
v  -216.136597 -115.635986 47.211922
v  -216.431259 -116.133339 47.211922
v  -215.500366 -116.682930 46.315578
v  -215.205704 -116.185570 46.315578
v  -216.130829 -115.639404 48.254776
v  -216.425491 -116.136765 48.254776
v  -215.494614 -116.686348 48.247532
v  -215.199936 -116.188995 48.247532
v  -208.429749 -109.341118 26.207624
v  -208.431396 -109.340187 35.985783
v  -219.804733 -105.318680 26.399382
v  -210.202957 -119.806923 28.053511
v  -216.471146 -116.111664 47.538784
v  -222.924957 -112.311897 44.064281
v  -222.365555 -112.642387 44.346432
v  -210.021164 -119.914589 42.084541
v  -222.366043 -112.643227 44.568321
v  -216.200638 -115.661232 47.316933
v  -222.654434 -111.861481 44.064281
v  -222.094528 -112.191132 44.346432
v  -216.200638 -115.661232 47.538784
v  -209.760071 -119.453453 42.084541
v  -222.094528 -112.191132 44.568321
v  -205.018341 -110.649277 35.863335
v  -205.100464 -110.047852 35.568806
v  -205.100479 -110.047867 33.598576
v  -205.100464 -110.047890 26.750624
v  -205.100479 -110.047882 26.221970
v  -205.100479 -110.047867 30.003027
v  -206.827820 -113.845428 26.405499
v  -206.618607 -110.026459 35.957844
v  -206.618591 -110.026482 26.388857
v  -206.618591 -110.026482 33.598576
v  -206.618591 -110.026482 30.003027
v  -206.618591 -110.026489 26.750624
v  -205.100464 -110.047867 26.388857
v  -205.673386 -111.806320 28.683771
v  -205.673386 -111.806320 29.981314
v  -205.082397 -112.140915 29.700293
v  -206.891586 -113.958046 28.683708
v  -206.299515 -114.293251 29.699867
v  -206.891586 -113.958038 29.981285
v  -205.111282 -112.124557 29.191219
v  -206.329071 -114.276512 29.191351
# 478 vertices

vn 0.870190 -0.492662 -0.007307
vn 0.870190 -0.492662 -0.007307
vn 0.870190 -0.492662 -0.007307
vn 0.870190 -0.492662 -0.007307
vn 0.870190 -0.492662 -0.007307
vn 0.870190 -0.492662 -0.007307
vn 0.453021 0.891360 0.015775
vn 0.453021 0.891360 0.015775
vn 0.453021 0.891360 0.015775
vn 0.868619 -0.490006 -0.073460
vn 0.868619 -0.490006 -0.073460
vn 0.868619 -0.490006 -0.073460
vn 0.868627 -0.489994 -0.073444
vn 0.868627 -0.489994 -0.073444
vn 0.868627 -0.489994 -0.073444
vn 0.805577 -0.455543 -0.378849
vn 0.805577 -0.455543 -0.378849
vn 0.805577 -0.455543 -0.378849
vn 0.815254 -0.455045 -0.358184
vn 0.815254 -0.455045 -0.358184
vn 0.815254 -0.455045 -0.358184
vn 0.870190 -0.492662 -0.007307
vn 0.870190 -0.492662 -0.007307
vn 0.870190 -0.492662 -0.007307
vn 0.870190 -0.492662 -0.007308
vn 0.870190 -0.492662 -0.007308
vn 0.870190 -0.492662 -0.007308
vn 0.870190 -0.492661 -0.007306
vn 0.870190 -0.492661 -0.007306
vn 0.870190 -0.492661 -0.007306
vn 0.870190 -0.492662 -0.007307
vn 0.870190 -0.492662 -0.007307
vn 0.870190 -0.492662 -0.007307
vn 0.870189 -0.492663 -0.007307
vn 0.870189 -0.492663 -0.007307
vn 0.870189 -0.492663 -0.007307
vn 0.870190 -0.492662 -0.007307
vn 0.870217 -0.492668 0.000000
vn 0.870217 -0.492668 0.000000
vn 0.870190 -0.492663 -0.007305
vn 0.870230 -0.492646 -0.000018
vn 0.870230 -0.492646 -0.000018
vn 0.870223 -0.492657 -0.000006
vn 0.870191 -0.492661 -0.007307
vn 0.870191 -0.492661 -0.007307
vn 0.870192 -0.492659 -0.007307
vn 0.870218 -0.492666 0.000005
vn 0.870218 -0.492666 0.000005
vn 0.870217 -0.492668 0.000005
vn 0.870190 -0.492662 -0.007307
vn 0.870190 -0.492662 -0.007307
vn 0.870190 -0.492662 -0.007307
vn 0.870190 -0.492662 -0.007307
vn 0.870190 -0.492662 -0.007307
vn 0.870190 -0.492662 -0.007307
vn 0.870190 -0.492662 -0.007307
vn 0.870190 -0.492662 -0.007307
vn 0.870190 -0.492662 -0.007308
vn 0.870190 -0.492662 -0.007308
vn 0.870190 -0.492662 -0.007308
vn 0.870190 -0.492662 -0.007307
vn 0.870190 -0.492662 -0.007307
vn 0.870190 -0.492662 -0.007307
vn 0.794149 -0.442807 -0.416232
vn 0.794149 -0.442807 -0.416232
vn 0.794149 -0.442807 -0.416232
vn 0.799484 -0.451870 -0.395776
vn 0.799484 -0.451870 -0.395776
vn 0.799484 -0.451870 -0.395776
vn 0.870190 -0.492662 -0.007307
vn 0.870190 -0.492662 -0.007307
vn 0.870190 -0.492662 -0.007307
vn 0.870190 -0.492662 -0.007307
vn 0.870190 -0.492662 -0.007307
vn 0.870190 -0.492662 -0.007307
vn 0.844183 -0.535617 0.021654
vn 0.844183 -0.535617 0.021654
vn 0.844183 -0.535617 0.021654
vn 0.844175 -0.535628 0.021700
vn 0.844175 -0.535628 0.021700
vn 0.844175 -0.535628 0.021700
vn 0.184418 0.362697 0.913477
vn 0.184418 0.362697 0.913477
vn 0.184418 0.362697 0.913477
vn 0.203428 0.384441 0.900457
vn 0.203428 0.384441 0.900457
vn 0.203428 0.384441 0.900457
vn -0.075405 -0.087751 0.993284
vn -0.075405 -0.087751 0.993284
vn -0.075405 -0.087751 0.993284
vn -0.087416 -0.119358 0.988995
vn -0.087416 -0.119358 0.988995
vn -0.087416 -0.119358 0.988995
vn -0.314172 -0.522717 0.792504
vn -0.314172 -0.522717 0.792504
vn -0.314172 -0.522717 0.792504
vn -0.315224 -0.528790 0.788046
vn -0.315224 -0.528790 0.788046
vn -0.315224 -0.528790 0.788046
vn -0.493718 -0.865758 0.081891
vn -0.493718 -0.865758 0.081891
vn -0.493718 -0.865758 0.081891
vn 0.485346 0.874317 0.003124
vn 0.485346 0.874317 0.003124
vn 0.485346 0.874317 0.003124
vn 0.450945 0.794383 0.406945
vn 0.450945 0.794383 0.406945
vn 0.450945 0.794383 0.406945
vn 0.432070 0.785849 0.442445
vn 0.432070 0.785849 0.442445
vn 0.432070 0.785849 0.442445
vn 0.870190 -0.492662 -0.007307
vn 0.870190 -0.492662 -0.007307
vn 0.870190 -0.492662 -0.007307
vn 0.870190 -0.492662 -0.007307
vn 0.870190 -0.492662 -0.007307
vn 0.870190 -0.492662 -0.007307
vn 0.870190 -0.492662 -0.007307
vn 0.870190 -0.492662 -0.007307
vn 0.870190 -0.492662 -0.007307
vn 0.870191 -0.492661 -0.007307
vn 0.870191 -0.492661 -0.007307
vn 0.870191 -0.492661 -0.007307
vn 0.870190 -0.492662 -0.007308
vn 0.870190 -0.492662 -0.007308
vn 0.870190 -0.492662 -0.007308
vn 0.870190 -0.492661 -0.007307
vn 0.870190 -0.492661 -0.007307
vn 0.870190 -0.492661 -0.007307
vn 0.870190 -0.492661 -0.007307
vn 0.870190 -0.492661 -0.007307
vn 0.870190 -0.492661 -0.007307
vn 0.870191 -0.492661 -0.007307
vn 0.870191 -0.492661 -0.007307
vn 0.870191 -0.492661 -0.007307
vn 0.798885 -0.451729 -0.397144
vn 0.798885 -0.451729 -0.397144
vn 0.798885 -0.451729 -0.397144
vn 0.808716 -0.451445 -0.377063
vn 0.808716 -0.451445 -0.377063
vn 0.808716 -0.451445 -0.377063
vn 0.870190 -0.492662 -0.007307
vn 0.870190 -0.492662 -0.007307
vn 0.870190 -0.492662 -0.007307
vn 0.870190 -0.492661 -0.007307
vn 0.870190 -0.492661 -0.007307
vn 0.870190 -0.492661 -0.007307
vn 0.870190 -0.492662 -0.007307
vn 0.870190 -0.492662 -0.007307
vn 0.870190 -0.492662 -0.007307
vn 0.870190 -0.492662 -0.007307
vn 0.870190 -0.492662 -0.007307
vn 0.870190 -0.492662 -0.007307
vn 0.870190 -0.492661 -0.007307
vn 0.870190 -0.492661 -0.007307
vn 0.870190 -0.492661 -0.007307
vn 0.870190 -0.492662 -0.007307
vn 0.870190 -0.492662 -0.007307
vn 0.870190 -0.492662 -0.007307
vn 0.870190 -0.492662 -0.007307
vn 0.870190 -0.492662 -0.007307
vn 0.870190 -0.492662 -0.007307
vn 0.870191 -0.492661 -0.007307
vn 0.870191 -0.492661 -0.007307
vn 0.870191 -0.492661 -0.007307
vn 0.870190 -0.492661 -0.007307
vn 0.870190 -0.492661 -0.007307
vn 0.870190 -0.492661 -0.007307
vn 0.870190 -0.492662 -0.007307
vn 0.870190 -0.492662 -0.007307
vn 0.870190 -0.492662 -0.007307
vn 0.870190 -0.492662 -0.007308
vn 0.870190 -0.492662 -0.007308
vn 0.870190 -0.492662 -0.007308
vn 0.870190 -0.492661 -0.007308
vn 0.870190 -0.492661 -0.007308
vn 0.870190 -0.492661 -0.007308
vn 0.870191 -0.492661 -0.007308
vn 0.870191 -0.492661 -0.007308
vn 0.870191 -0.492661 -0.007308
vn 0.870191 -0.492661 -0.007307
vn 0.870191 -0.492661 -0.007307
vn 0.870191 -0.492661 -0.007307
vn 0.870191 -0.492661 -0.007307
vn 0.870191 -0.492661 -0.007307
vn 0.870191 -0.492661 -0.007307
vn 0.870191 -0.492661 -0.007307
vn 0.870191 -0.492661 -0.007307
vn 0.870191 -0.492661 -0.007307
vn 0.870190 -0.492661 -0.007307
vn 0.870190 -0.492661 -0.007307
vn 0.870190 -0.492661 -0.007307
vn 0.870190 -0.492662 -0.007307
vn 0.870190 -0.492662 -0.007307
vn 0.870190 -0.492662 -0.007307
vn 0.872737 -0.488191 -0.000151
vn 0.872737 -0.488191 -0.000151
vn 0.872737 -0.488191 -0.000151
vn 0.872736 -0.488192 -0.000148
vn 0.872736 -0.488192 -0.000148
vn 0.872736 -0.488192 -0.000148
vn 0.870190 -0.492662 -0.007305
vn 0.870190 -0.492662 -0.007305
vn 0.870190 -0.492662 -0.007305
vn 0.870190 -0.492662 -0.007307
vn 0.870190 -0.492662 -0.007307
vn 0.870190 -0.492662 -0.007307
vn 0.870190 -0.492662 -0.007307
vn 0.870190 -0.492662 -0.007307
vn 0.870190 -0.492662 -0.007307
vn 0.870190 -0.492662 -0.007307
vn 0.870190 -0.492662 -0.007307
vn 0.870190 -0.492662 -0.007307
vn 0.870190 -0.492662 -0.007307
vn 0.870190 -0.492662 -0.007307
vn 0.870190 -0.492662 -0.007307
vn 0.870190 -0.492662 -0.007306
vn 0.870190 -0.492662 -0.007306
vn 0.870190 -0.492662 -0.007306
vn 0.870191 -0.492661 -0.007308
vn 0.870191 -0.492661 -0.007308
vn 0.870191 -0.492661 -0.007308
vn 0.870191 -0.492661 -0.007307
vn 0.870191 -0.492661 -0.007307
vn 0.870191 -0.492661 -0.007307
vn 0.870191 -0.492661 -0.007307
vn 0.870191 -0.492661 -0.007307
vn 0.870191 -0.492661 -0.007307
vn 0.870190 -0.492662 -0.007307
vn 0.870190 -0.492662 -0.007307
vn 0.870190 -0.492662 -0.007307
vn 0.870190 -0.492662 -0.007307
vn 0.870190 -0.492662 -0.007307
vn 0.870190 -0.492662 -0.007307
vn 0.870190 -0.492662 -0.007307
vn 0.870190 -0.492662 -0.007307
vn 0.870190 -0.492662 -0.007307
vn -0.862192 0.487187 -0.138830
vn -0.862192 0.487187 -0.138830
vn -0.862192 0.487187 -0.138830
vn -0.862088 0.487371 -0.138832
vn -0.862088 0.487371 -0.138832
vn -0.862088 0.487371 -0.138832
vn -0.230263 -0.377660 0.896857
vn -0.230263 -0.377660 0.896857
vn -0.230263 -0.377660 0.896857
vn -0.212053 -0.350075 0.912404
vn -0.212053 -0.350075 0.912404
vn -0.212053 -0.350075 0.912404
vn 0.032138 0.127166 0.991361
vn 0.032138 0.127166 0.991361
vn 0.032138 0.127166 0.991361
vn 0.053493 0.177222 0.982716
vn 0.053493 0.177222 0.982716
vn 0.053493 0.177222 0.982716
vn 0.270042 0.536162 0.799755
vn 0.270042 0.536162 0.799755
vn 0.270042 0.536162 0.799755
vn 0.292865 0.608431 0.737592
vn 0.292865 0.608431 0.737592
vn 0.292865 0.608431 0.737592
vn 0.461270 0.886485 0.037066
vn 0.461270 0.886485 0.037066
vn 0.461270 0.886485 0.037066
vn -0.478330 -0.878077 -0.013436
vn -0.478330 -0.878077 -0.013436
vn -0.478330 -0.878077 -0.013436
vn -0.457683 -0.822500 0.337669
vn -0.457683 -0.822500 0.337669
vn -0.457683 -0.822500 0.337669
vn -0.416005 -0.788007 0.453855
vn -0.416005 -0.788007 0.453855
vn -0.416005 -0.788007 0.453855
vn 0.868235 -0.489757 -0.079414
vn 0.868235 -0.489757 -0.079414
vn 0.868235 -0.489757 -0.079414
vn 0.868639 -0.489979 -0.073401
vn 0.868639 -0.489979 -0.073401
vn 0.868639 -0.489979 -0.073401
vn 0.868620 -0.490006 -0.073438
vn 0.868620 -0.490006 -0.073438
vn 0.868620 -0.490006 -0.073438
vn 0.867668 -0.490904 -0.078518
vn 0.867668 -0.490904 -0.078518
vn 0.867668 -0.490904 -0.078518
vn 0.867750 -0.490767 -0.078473
vn 0.867750 -0.490767 -0.078473
vn 0.867750 -0.490767 -0.078473
vn 0.867700 -0.490846 -0.078528
vn 0.867700 -0.490846 -0.078528
vn 0.867700 -0.490846 -0.078528
vn 0.867688 -0.490866 -0.078535
vn 0.867688 -0.490866 -0.078535
vn 0.867688 -0.490866 -0.078535
vn 0.868620 -0.490014 -0.073395
vn 0.868620 -0.490014 -0.073395
vn 0.868620 -0.490014 -0.073395
vn 0.868598 -0.490045 -0.073437
vn 0.868598 -0.490045 -0.073437
vn 0.868598 -0.490045 -0.073437
vn 0.867863 -0.490561 -0.078512
vn 0.867863 -0.490561 -0.078512
vn 0.867863 -0.490561 -0.078512
vn 0.867697 -0.490840 -0.078604
vn 0.867697 -0.490840 -0.078604
vn 0.867697 -0.490840 -0.078604
vn -0.054967 0.039327 -0.997713
vn -0.054967 0.039327 -0.997713
vn -0.054967 0.039327 -0.997713
vn -0.055326 0.039562 -0.997684
vn -0.055326 0.039562 -0.997684
vn -0.055326 0.039562 -0.997684
vn 0.482210 0.876020 0.007930
vn 0.482210 0.876020 0.007930
vn 0.482210 0.876020 0.007930
vn 0.482747 0.875725 0.007841
vn 0.482747 0.875725 0.007841
vn 0.482747 0.875725 0.007841
vn 0.051539 -0.037397 0.997971
vn 0.051539 -0.037397 0.997971
vn 0.051539 -0.037397 0.997971
vn 0.051214 -0.037239 0.997993
vn 0.051214 -0.037239 0.997993
vn 0.051214 -0.037239 0.997993
vn -0.468049 -0.883655 -0.009188
vn -0.468049 -0.883655 -0.009188
vn -0.468049 -0.883655 -0.009188
vn -0.464736 -0.885401 -0.009210
vn -0.464736 -0.885401 -0.009210
vn -0.464736 -0.885401 -0.009210
vn -0.054872 0.039298 -0.997720
vn -0.054872 0.039298 -0.997720
vn -0.054872 0.039298 -0.997720
vn -0.054915 0.039326 -0.997716
vn -0.054915 0.039326 -0.997716
vn -0.054915 0.039326 -0.997716
vn 0.503615 0.863906 0.006178
vn 0.503615 0.863906 0.006178
vn 0.503615 0.863906 0.006178
vn 0.502206 0.864725 0.006412
vn 0.502206 0.864725 0.006412
vn 0.502206 0.864725 0.006412
vn 0.050985 -0.037091 0.998010
vn 0.050985 -0.037091 0.998010
vn 0.050985 -0.037091 0.998010
vn 0.050488 -0.036848 0.998045
vn 0.050488 -0.036848 0.998045
vn 0.050488 -0.036848 0.998045
vn -0.485737 -0.874072 -0.007597
vn -0.485737 -0.874072 -0.007597
vn -0.485737 -0.874072 -0.007597
vn -0.485412 -0.874253 -0.007600
vn -0.485412 -0.874253 -0.007600
vn -0.485412 -0.874253 -0.007600
vn -0.055448 0.039620 -0.997675
vn -0.055448 0.039620 -0.997675
vn -0.055448 0.039620 -0.997675
vn -0.055892 0.039911 -0.997639
vn -0.055892 0.039911 -0.997639
vn -0.055892 0.039911 -0.997639
vn 0.461853 0.886905 0.009527
vn 0.461853 0.886905 0.009527
vn 0.461853 0.886905 0.009527
vn 0.462221 0.886714 0.009465
vn 0.462221 0.886714 0.009465
vn 0.462221 0.886714 0.009465
vn 0.052263 -0.037812 0.997917
vn 0.052263 -0.037812 0.997917
vn 0.052263 -0.037812 0.997917
vn 0.051582 -0.037481 0.997965
vn 0.051582 -0.037481 0.997965
vn 0.051582 -0.037481 0.997965
vn -0.450704 -0.892612 -0.010517
vn -0.450704 -0.892612 -0.010517
vn -0.450704 -0.892612 -0.010517
vn -0.446237 -0.894853 -0.010536
vn -0.446237 -0.894853 -0.010536
vn -0.446237 -0.894853 -0.010536
vn 0.867642 -0.490942 -0.078567
vn 0.867642 -0.490942 -0.078567
vn 0.867642 -0.490942 -0.078567
vn 0.867680 -0.490901 -0.078403
vn 0.867680 -0.490901 -0.078403
vn 0.867680 -0.490901 -0.078403
vn 0.867668 -0.490913 -0.078469
vn 0.867668 -0.490913 -0.078469
vn 0.867668 -0.490913 -0.078469
vn 0.867672 -0.490908 -0.078448
vn 0.867672 -0.490908 -0.078448
vn 0.867672 -0.490908 -0.078448
vn 0.867748 -0.490766 -0.078503
vn 0.867748 -0.490766 -0.078503
vn 0.867748 -0.490766 -0.078503
vn 0.867861 -0.490560 -0.078540
vn 0.867861 -0.490560 -0.078540
vn 0.867861 -0.490560 -0.078540
vn 0.867670 -0.490879 -0.078655
vn 0.867670 -0.490879 -0.078655
vn 0.867670 -0.490879 -0.078655
vn 0.867654 -0.490939 -0.078459
vn 0.867654 -0.490939 -0.078459
vn 0.867654 -0.490939 -0.078459
vn 0.867689 -0.490870 -0.078500
vn 0.867689 -0.490870 -0.078500
vn 0.867689 -0.490870 -0.078500
vn 0.867699 -0.490837 -0.078597
vn 0.867699 -0.490837 -0.078597
vn 0.867699 -0.490837 -0.078597
vn 0.867664 -0.490901 -0.078580
vn 0.867664 -0.490901 -0.078580
vn 0.867664 -0.490901 -0.078580
vn 0.867675 -0.490881 -0.078587
vn 0.867675 -0.490881 -0.078587
vn 0.867675 -0.490881 -0.078587
vn 0.867662 -0.490923 -0.078465
vn 0.867662 -0.490923 -0.078465
vn 0.867662 -0.490923 -0.078465
vn 0.867704 -0.490845 -0.078488
vn 0.867704 -0.490845 -0.078488
vn 0.867704 -0.490845 -0.078488
vn 0.867647 -0.490930 -0.078594
vn 0.867647 -0.490930 -0.078594
vn 0.867647 -0.490930 -0.078594
vn 0.867648 -0.490925 -0.078608
vn 0.867648 -0.490925 -0.078608
vn 0.867648 -0.490925 -0.078608
vn 0.431432 0.900053 -0.061403
vn 0.431432 0.900053 -0.061403
vn 0.431432 0.900053 -0.061403
vn 0.418352 0.902347 -0.103688
vn 0.418352 0.902347 -0.103688
vn 0.418352 0.902347 -0.103688
vn -0.510163 -0.857663 -0.064408
vn -0.510163 -0.857663 -0.064408
vn -0.510163 -0.857663 -0.064408
vn -0.512831 -0.855088 -0.076343
vn -0.512831 -0.855088 -0.076343
vn -0.512831 -0.855088 -0.076343
vn 0.862321 -0.498077 -0.091222
vn 0.862321 -0.498077 -0.091222
vn 0.862321 -0.498077 -0.091222
vn 0.862737 -0.499169 -0.080716
vn 0.862737 -0.499169 -0.080716
vn 0.862737 -0.499169 -0.080716
vn 0.862059 -0.498601 -0.090835
vn 0.862059 -0.498601 -0.090835
vn 0.862059 -0.498601 -0.090835
vn 0.862046 -0.498556 -0.091207
vn 0.862046 -0.498556 -0.091207
vn 0.862046 -0.498556 -0.091207
vn 0.861417 -0.497574 -0.101890
vn 0.861417 -0.497574 -0.101890
vn 0.861417 -0.497574 -0.101890
vn 0.861957 -0.498779 -0.090829
vn 0.861957 -0.498779 -0.090829
vn 0.861957 -0.498779 -0.090829
vn -0.497850 -0.867171 -0.012651
vn -0.497850 -0.867171 -0.012651
vn -0.497850 -0.867171 -0.012651
vn -0.160429 0.230431 -0.959773
vn -0.160429 0.230431 -0.959773
vn -0.160429 0.230431 -0.959773
vn -0.224032 0.135026 -0.965183
vn -0.224032 0.135026 -0.965183
vn -0.224032 0.135026 -0.965183
vn -0.276628 0.163675 -0.946936
vn -0.276628 0.163675 -0.946936
vn -0.276628 0.163675 -0.946936
vn -0.282106 0.168834 -0.944411
vn -0.282106 0.168834 -0.944411
vn -0.282106 0.168834 -0.944411
vn -0.271262 0.160664 -0.949002
vn -0.271262 0.160664 -0.949002
vn -0.271262 0.160664 -0.949002
vn -0.275788 0.165186 -0.946918
vn -0.275788 0.165186 -0.946918
vn -0.275788 0.165186 -0.946918
vn -0.264998 0.157107 -0.951364
vn -0.264998 0.157107 -0.951364
vn -0.264998 0.157107 -0.951364
vn -0.270491 0.162117 -0.948974
vn -0.270491 0.162117 -0.948974
vn -0.270491 0.162117 -0.948974
vn -0.222078 0.133101 -0.965901
vn -0.222078 0.133101 -0.965901
vn -0.222078 0.133101 -0.965901
vn -0.262150 0.062278 -0.963015
vn -0.262150 0.062278 -0.963015
vn -0.262150 0.062278 -0.963015
vn 0.226142 -0.136563 0.964474
vn 0.226142 -0.136563 0.964474
vn 0.226142 -0.136563 0.964474
vn 0.225466 -0.136172 0.964688
vn 0.225466 -0.136172 0.964688
vn 0.225466 -0.136172 0.964688
vn 0.225553 -0.137084 0.964538
vn 0.225553 -0.137084 0.964538
vn 0.225553 -0.137084 0.964538
vn 0.225465 -0.136181 0.964687
vn 0.225465 -0.136181 0.964687
vn 0.225465 -0.136181 0.964687
vn 0.845484 -0.533404 0.025260
vn 0.845484 -0.533404 0.025260
vn 0.845484 -0.533404 0.025260
vn 0.846174 -0.532266 0.026131
vn 0.846174 -0.532266 0.026131
vn 0.846174 -0.532266 0.026131
vn 0.842565 -0.538298 0.017868
vn 0.842565 -0.538298 0.017868
vn 0.842565 -0.538298 0.017868
vn 0.844873 -0.534331 0.026072
vn 0.844873 -0.534331 0.026072
vn 0.844873 -0.534331 0.026072
vn 0.845042 -0.534406 0.017734
vn 0.845042 -0.534406 0.017734
vn 0.845042 -0.534406 0.017734
vn 0.845471 -0.533835 0.014120
vn 0.845471 -0.533835 0.014120
vn 0.845471 -0.533835 0.014120
vn 0.831137 -0.555904 0.013491
vn 0.831137 -0.555904 0.013491
vn 0.831137 -0.555904 0.013491
vn 0.840449 -0.541602 0.017678
vn 0.840449 -0.541602 0.017678
vn 0.840449 -0.541602 0.017678
vn 0.841960 -0.539504 0.006285
vn 0.841960 -0.539504 0.006285
vn 0.841960 -0.539504 0.006285
vn 0.842481 -0.538712 -0.004022
vn 0.842481 -0.538712 -0.004022
vn 0.842481 -0.538712 -0.004022
vn 0.858068 -0.513143 0.020067
vn 0.858068 -0.513143 0.020067
vn 0.858068 -0.513143 0.020067
vn 0.849559 -0.527242 0.016277
vn 0.849559 -0.527242 0.016277
vn 0.849559 -0.527242 0.016277
vn 0.850205 -0.525524 0.031237
vn 0.850205 -0.525524 0.031237
vn 0.850205 -0.525524 0.031237
vn 0.855516 -0.516864 0.030738
vn 0.855516 -0.516864 0.030738
vn 0.855516 -0.516864 0.030738
vn -0.161955 -0.387257 -0.907636
vn -0.161955 -0.387257 -0.907636
vn -0.161955 -0.387257 -0.907636
vn -0.185207 -0.381502 -0.905624
vn -0.185207 -0.381502 -0.905624
vn -0.185207 -0.381502 -0.905624
vn 0.080204 0.100172 -0.991732
vn 0.080204 0.100172 -0.991732
vn 0.080204 0.100172 -0.991732
vn 0.045987 0.106505 -0.993248
vn 0.045987 0.106505 -0.993248
vn 0.045987 0.106505 -0.993248
vn 0.329153 0.522325 -0.786661
vn 0.329153 0.522325 -0.786661
vn 0.329153 0.522325 -0.786661
vn 0.315643 0.526940 -0.789116
vn 0.315643 0.526940 -0.789116
vn 0.315643 0.526940 -0.789116
vn 0.472302 0.880494 -0.040748
vn 0.472302 0.880494 -0.040748
vn 0.472302 0.880494 -0.040748
vn 0.489253 0.871025 -0.044123
vn 0.489253 0.871025 -0.044123
vn 0.489253 0.871025 -0.044123
vn -0.007617 0.047183 0.998857
vn -0.007617 0.047183 0.998857
vn -0.007617 0.047183 0.998857
vn -0.007602 0.047175 0.998858
vn -0.007602 0.047175 0.998858
vn -0.007602 0.047175 0.998858
vn -0.486231 -0.873618 0.019267
vn -0.486231 -0.873618 0.019267
vn -0.486231 -0.873618 0.019267
vn -0.457602 -0.888773 0.026130
vn -0.457602 -0.888773 0.026130
vn -0.457602 -0.888773 0.026130
vn -0.411966 -0.800989 -0.434396
vn -0.411966 -0.800989 -0.434396
vn -0.411966 -0.800989 -0.434396
vn -0.430125 -0.794004 -0.429592
vn -0.430125 -0.794004 -0.429592
vn -0.430125 -0.794004 -0.429592
vn -0.857759 0.495753 -0.135938
vn -0.857759 0.495753 -0.135938
vn -0.857759 0.495753 -0.135938
vn -0.861258 0.491895 -0.127571
vn -0.861258 0.491895 -0.127571
vn -0.861258 0.491895 -0.127571
vn -0.860417 0.490447 -0.138363
vn -0.860417 0.490447 -0.138363
vn -0.860417 0.490447 -0.138363
vn -0.857375 0.494746 -0.141896
vn -0.857375 0.494746 -0.141896
vn -0.857375 0.494746 -0.141896
vn -0.852453 0.498779 -0.156660
vn -0.852453 0.498779 -0.156660
vn -0.852453 0.498779 -0.156660
vn -0.860518 0.490772 -0.136570
vn -0.860518 0.490772 -0.136570
vn -0.860518 0.490772 -0.136570
vn -0.845994 0.508810 -0.159395
vn -0.845994 0.508810 -0.159395
vn -0.845994 0.508810 -0.159395
vn -0.844677 0.504526 -0.178812
vn -0.844677 0.504526 -0.178812
vn -0.844677 0.504526 -0.178812
vn -0.858114 0.494513 -0.138190
vn -0.858114 0.494513 -0.138190
vn -0.858114 0.494513 -0.138190
vn -0.836239 0.527529 -0.149722
vn -0.836239 0.527529 -0.149722
vn -0.836239 0.527529 -0.149722
vn -0.856799 0.498201 -0.133008
vn -0.856799 0.498201 -0.133008
vn -0.856799 0.498201 -0.133008
vn -0.856693 0.498026 -0.134341
vn -0.856693 0.498026 -0.134341
vn -0.856693 0.498026 -0.134341
vn -0.861708 0.489989 -0.131800
vn -0.861708 0.489989 -0.131800
vn -0.861708 0.489989 -0.131800
vn -0.855518 0.499962 -0.134637
vn -0.855518 0.499962 -0.134637
vn -0.855518 0.499962 -0.134637
vn 0.418538 0.784880 -0.456934
vn 0.418538 0.784880 -0.456934
vn 0.418538 0.784880 -0.456934
vn 0.456374 0.773544 -0.439718
vn 0.456374 0.773544 -0.439718
vn 0.456374 0.773544 -0.439718
vn 0.228850 0.299312 -0.926304
vn 0.228850 0.299312 -0.926304
vn 0.228850 0.299312 -0.926304
vn 0.275466 0.292751 -0.915650
vn 0.275466 0.292751 -0.915650
vn 0.275466 0.292751 -0.915650
vn 0.067636 -0.191850 -0.979091
vn 0.067636 -0.191850 -0.979091
vn 0.067636 -0.191850 -0.979091
vn 0.065370 -0.191542 -0.979305
vn 0.065370 -0.191542 -0.979305
vn 0.065370 -0.191542 -0.979305
vn -0.174065 -0.603660 -0.778008
vn -0.174065 -0.603660 -0.778008
vn -0.174065 -0.603660 -0.778008
vn -0.159606 -0.607418 -0.778183
vn -0.159606 -0.607418 -0.778183
vn -0.159606 -0.607418 -0.778183
vn -0.417331 -0.908716 0.008372
vn -0.417331 -0.908716 0.008372
vn -0.417331 -0.908716 0.008372
vn -0.456667 -0.889601 -0.008083
vn -0.456667 -0.889601 -0.008083
vn -0.456667 -0.889601 -0.008083
vn -0.104363 0.033764 0.993966
vn -0.104363 0.033764 0.993966
vn -0.104363 0.033764 0.993966
vn -0.112480 0.037867 0.992932
vn -0.112480 0.037867 0.992932
vn -0.112480 0.037867 0.992932
vn 0.442713 0.896275 -0.026381
vn 0.442713 0.896275 -0.026381
vn 0.442713 0.896275 -0.026381
vn 0.442081 0.896589 -0.026321
vn 0.442081 0.896589 -0.026321
vn 0.442081 0.896589 -0.026321
vn 0.318217 -0.180236 0.930727
vn 0.318217 -0.180236 0.930727
vn 0.318217 -0.180236 0.930727
vn 0.319255 -0.180256 0.930368
vn 0.319255 -0.180256 0.930368
vn 0.319255 -0.180256 0.930368
vn 0.870140 -0.492806 0.000029
vn 0.870140 -0.492806 0.000029
vn 0.870140 -0.492806 0.000029
vn 0.870135 -0.492814 0.000451
vn 0.870135 -0.492814 0.000451
vn 0.870135 -0.492814 0.000451
vn 0.462583 0.886576 0.000036
vn 0.462583 0.886576 0.000036
vn 0.462583 0.886576 0.000036
vn 0.462575 0.886580 0.000015
vn 0.462575 0.886580 0.000015
vn 0.462575 0.886580 0.000015
vn -0.477814 -0.878458 0.002480
vn -0.477814 -0.878458 0.002480
vn -0.477814 -0.878458 0.002480
vn -0.478565 -0.878052 -0.000002
vn -0.478565 -0.878052 -0.000002
vn -0.478565 -0.878052 -0.000002
vn 0.870191 -0.492661 -0.007307
vn 0.870191 -0.492661 -0.007307
vn 0.870191 -0.492661 -0.007307
vn 0.870190 -0.492661 -0.007307
vn 0.870190 -0.492661 -0.007307
vn 0.870190 -0.492661 -0.007307
vn 0.870190 -0.492663 -0.007307
vn 0.870190 -0.492663 -0.007307
vn 0.870190 -0.492663 -0.007307
vn 0.870195 -0.492654 -0.007308
vn 0.870195 -0.492654 -0.007308
vn 0.870195 -0.492654 -0.007308
vn 0.870190 -0.492662 -0.007306
vn 0.870190 -0.492662 -0.007306
vn 0.870190 -0.492662 -0.007306
vn 0.870190 -0.492662 -0.007307
vn 0.870190 -0.492662 -0.007307
vn 0.870190 -0.492662 -0.007307
vn 0.870190 -0.492662 -0.007307
vn 0.870190 -0.492662 -0.007307
vn 0.870190 -0.492662 -0.007307
vn 0.870190 -0.492662 -0.007307
vn 0.870190 -0.492662 -0.007307
vn 0.870190 -0.492662 -0.007307
vn 0.870191 -0.492661 -0.007307
vn 0.870191 -0.492661 -0.007307
vn 0.870191 -0.492661 -0.007307
vn 0.870190 -0.492662 -0.007307
vn 0.870190 -0.492662 -0.007307
vn 0.870190 -0.492662 -0.007307
vn 0.870190 -0.492661 -0.007307
vn 0.870190 -0.492661 -0.007307
vn 0.870190 -0.492661 -0.007307
vn 0.870190 -0.492662 -0.007308
vn 0.870190 -0.492662 -0.007308
vn 0.870190 -0.492662 -0.007308
vn 0.870190 -0.492662 -0.007308
vn 0.870190 -0.492662 -0.007308
vn 0.870190 -0.492662 -0.007308
vn 0.870195 -0.492654 -0.007307
vn 0.870195 -0.492654 -0.007307
vn 0.870195 -0.492654 -0.007307
vn 0.870190 -0.492662 -0.007307
vn 0.870190 -0.492662 -0.007307
vn 0.870190 -0.492662 -0.007307
vn 0.870190 -0.492662 -0.007307
vn 0.870190 -0.492662 -0.007307
vn 0.870190 -0.492662 -0.007307
vn 0.870191 -0.492660 -0.007307
vn 0.870191 -0.492660 -0.007307
vn 0.870191 -0.492660 -0.007307
vn 0.870190 -0.492663 -0.007307
vn 0.870190 -0.492663 -0.007307
vn 0.870190 -0.492663 -0.007307
vn 0.870189 -0.492664 -0.007307
vn 0.870189 -0.492664 -0.007307
vn 0.870189 -0.492664 -0.007307
vn 0.870191 -0.492660 -0.007307
vn 0.870191 -0.492660 -0.007307
vn 0.870191 -0.492660 -0.007307
vn 0.870191 -0.492661 -0.007307
vn 0.870191 -0.492661 -0.007307
vn 0.870191 -0.492661 -0.007307
vn 0.370721 0.927833 0.041122
vn 0.370721 0.927833 0.041122
vn 0.370721 0.927833 0.041122
vn 0.369400 0.928569 0.036099
vn 0.369400 0.928569 0.036099
vn 0.369400 0.928569 0.036099
vn -0.442863 0.154983 0.883092
vn -0.442863 0.154983 0.883092
vn -0.442863 0.154983 0.883092
vn -0.480148 0.182955 0.857896
vn -0.480148 0.182955 0.857896
vn -0.480148 0.182955 0.857896
vn 0.079972 -0.071735 0.994213
vn 0.079972 -0.071735 0.994213
vn 0.079972 -0.071735 0.994213
vn 0.094620 -0.074703 0.992707
vn 0.094620 -0.074703 0.992707
vn 0.094620 -0.074703 0.992707
vn 0.607690 -0.268929 0.747255
vn 0.607690 -0.268929 0.747255
vn 0.607690 -0.268929 0.747255
vn 0.618999 -0.268030 0.738241
vn 0.618999 -0.268030 0.738241
vn 0.618999 -0.268030 0.738241
vn 0.930445 -0.292787 0.220335
vn 0.930445 -0.292787 0.220335
vn 0.930445 -0.292787 0.220335
vn 0.908330 -0.408780 0.088518
vn 0.908330 -0.408780 0.088518
vn 0.908330 -0.408780 0.088518
vn -0.921659 0.386536 -0.033682
vn -0.921659 0.386536 -0.033682
vn -0.921659 0.386536 -0.033682
vn -0.935643 0.351362 -0.033401
vn -0.935643 0.351362 -0.033401
vn -0.935643 0.351362 -0.033401
vn -0.869247 0.376339 0.320592
vn -0.869247 0.376339 0.320592
vn -0.869247 0.376339 0.320592
vn -0.863821 0.349353 0.362997
vn -0.863821 0.349353 0.362997
vn -0.863821 0.349353 0.362997
vn 0.370426 0.927928 0.041635
vn 0.370426 0.927928 0.041635
vn 0.370426 0.927928 0.041635
vn 0.371487 0.927500 0.041725
vn 0.371487 0.927500 0.041725
vn 0.371487 0.927500 0.041725
vn 0.372849 0.927004 0.040586
vn 0.372849 0.927004 0.040586
vn 0.372849 0.927004 0.040586
vn 0.372928 0.926939 0.041328
vn 0.372928 0.926939 0.041328
vn 0.372928 0.926939 0.041328
vn 0.371794 0.927386 0.041537
vn 0.371794 0.927386 0.041537
vn 0.371794 0.927386 0.041537
vn 0.372085 0.927290 0.041062
vn 0.372085 0.927290 0.041062
vn 0.372085 0.927290 0.041062
vn 0.373709 0.926422 0.045643
vn 0.373709 0.926422 0.045643
vn 0.373709 0.926422 0.045643
vn 0.372738 0.927049 0.040579
vn 0.372738 0.927049 0.040579
vn 0.372738 0.927049 0.040579
vn 0.344912 0.937757 0.040582
vn 0.344912 0.937757 0.040582
vn 0.344912 0.937757 0.040582
vn 0.376913 0.925663 0.032918
vn 0.376913 0.925663 0.032918
vn 0.376913 0.925663 0.032918
vn 0.371895 0.927301 0.042515
vn 0.371895 0.927301 0.042515
vn 0.371895 0.927301 0.042515
vn 0.371797 0.925302 0.074717
vn 0.371797 0.925302 0.074717
vn 0.371797 0.925302 0.074717
vn 0.372050 0.927203 0.043297
vn 0.372050 0.927203 0.043297
vn 0.372050 0.927203 0.043297
vn 0.370614 0.927762 0.043622
vn 0.370614 0.927762 0.043622
vn 0.370614 0.927762 0.043622
vn 0.881250 -0.293906 -0.370159
vn 0.881250 -0.293906 -0.370159
vn 0.881250 -0.293906 -0.370159
vn 0.878754 -0.305105 -0.367018
vn 0.878754 -0.305105 -0.367018
vn 0.878754 -0.305105 -0.367018
vn 0.486458 -0.080216 -0.870014
vn 0.486458 -0.080216 -0.870014
vn 0.486458 -0.080216 -0.870014
vn 0.485541 -0.138320 -0.863202
vn 0.485541 -0.138320 -0.863202
vn 0.485541 -0.138320 -0.863202
vn -0.072771 0.090458 -0.993238
vn -0.072771 0.090458 -0.993238
vn -0.072771 0.090458 -0.993238
vn -0.072493 0.080985 -0.994076
vn -0.072493 0.080985 -0.994076
vn -0.072493 0.080985 -0.994076
vn -0.627479 0.273531 -0.729007
vn -0.627479 0.273531 -0.729007
vn -0.627479 0.273531 -0.729007
vn -0.634188 0.221298 -0.740833
vn -0.634188 0.221298 -0.740833
vn -0.634188 0.221298 -0.740833
vn -0.939369 0.336820 -0.064320
vn -0.939369 0.336820 -0.064320
vn -0.939369 0.336820 -0.064320
vn -0.924622 0.374012 -0.072039
vn -0.924622 0.374012 -0.072039
vn -0.924622 0.374012 -0.072039
vn -0.096017 -0.040111 0.994571
vn -0.096017 -0.040111 0.994571
vn -0.096017 -0.040111 0.994571
vn -0.102471 -0.059511 0.992954
vn -0.102471 -0.059511 0.992954
vn -0.102471 -0.059511 0.992954
vn 0.936477 -0.350729 -0.000109
vn 0.936477 -0.350729 -0.000109
vn 0.936477 -0.350729 -0.000109
vn 0.935232 -0.354034 -0.001059
vn 0.935232 -0.354034 -0.001059
vn 0.935232 -0.354034 -0.001059
vn 0.872737 -0.488192 -0.000149
vn 0.872737 -0.488192 -0.000149
vn 0.872737 -0.488192 -0.000149
vn 0.872737 -0.488191 -0.000150
vn 0.872737 -0.488191 -0.000150
vn 0.872737 -0.488191 -0.000150
vn 0.870190 -0.492662 -0.007308
vn 0.870190 -0.492662 -0.007308
vn 0.870190 -0.492662 -0.007308
vn 0.870190 -0.492662 -0.007307
vn 0.870190 -0.492662 -0.007307
vn 0.870190 -0.492662 -0.007307
vn 0.407270 0.913306 -0.002017
vn 0.407270 0.913306 -0.002017
vn 0.407270 0.913306 -0.002017
vn 0.430178 0.902744 -0.000181
vn 0.430178 0.902744 -0.000181
vn 0.430178 0.902744 -0.000181
vn -0.428140 -0.903713 0.000131
vn -0.428140 -0.903713 0.000131
vn -0.428140 -0.903713 0.000131
vn -0.423047 -0.906107 0.000631
vn -0.423047 -0.906107 0.000631
vn -0.423047 -0.906107 0.000631
vn 0.007382 -0.004212 -0.999964
vn 0.007382 -0.004212 -0.999964
vn 0.007382 -0.004212 -0.999964
vn 0.006052 -0.003386 -0.999976
vn 0.006052 -0.003386 -0.999976
vn 0.006052 -0.003386 -0.999976
vn 0.870191 -0.492661 -0.007306
vn 0.870191 -0.492661 -0.007306
vn 0.870191 -0.492661 -0.007306
vn 0.870191 -0.492661 -0.007305
vn 0.870191 -0.492661 -0.007305
vn 0.870191 -0.492661 -0.007305
vn 0.870192 -0.492659 -0.007315
vn 0.870192 -0.492659 -0.007315
vn 0.870192 -0.492659 -0.007315
vn 0.870190 -0.492663 -0.007306
vn 0.870190 -0.492663 -0.007306
vn 0.870190 -0.492663 -0.007306
vn 0.006925 -0.003953 -0.999968
vn 0.006925 -0.003953 -0.999968
vn 0.006925 -0.003953 -0.999968
vn 0.005745 -0.003214 -0.999978
vn 0.005745 -0.003214 -0.999978
vn 0.005745 -0.003214 -0.999978
vn 0.433701 0.901046 -0.004563
vn 0.433701 0.901046 -0.004563
vn 0.433701 0.901046 -0.004563
vn 0.449800 0.893115 -0.005080
vn 0.449800 0.893115 -0.005080
vn 0.449800 0.893115 -0.005080
vn -0.013792 0.007842 0.999874
vn -0.013792 0.007842 0.999874
vn -0.013792 0.007842 0.999874
vn -0.016732 0.009359 0.999816
vn -0.016732 0.009359 0.999816
vn -0.016732 0.009359 0.999816
vn -0.453278 -0.891357 0.004751
vn -0.453278 -0.891357 0.004751
vn -0.453278 -0.891357 0.004751
vn -0.441616 -0.897190 0.005065
vn -0.441616 -0.897190 0.005065
vn -0.441616 -0.897190 0.005065
vn 0.871441 -0.490501 -0.000147
vn 0.871441 -0.490501 -0.000147
vn 0.871441 -0.490501 -0.000147
vn 0.871445 -0.490494 -0.000153
vn 0.871445 -0.490494 -0.000153
vn 0.871445 -0.490494 -0.000153
vn 0.004111 -0.001994 -0.999990
vn 0.004111 -0.001994 -0.999990
vn 0.004111 -0.001994 -0.999990
vn 0.003437 -0.001590 -0.999993
vn 0.003437 -0.001590 -0.999993
vn 0.003437 -0.001590 -0.999993
vn 0.435896 0.899996 -0.001448
vn 0.435896 0.899996 -0.001448
vn 0.435896 0.899996 -0.001448
vn 0.244042 -0.138351 0.959845
vn 0.244042 -0.138351 0.959845
vn 0.244042 -0.138351 0.959845
vn 0.274405 -0.154777 0.949077
vn 0.274405 -0.154777 0.949077
vn 0.274405 -0.154777 0.949077
vn -0.444341 -0.895810 0.009198
vn -0.444341 -0.895810 0.009198
vn -0.444341 -0.895810 0.009198
vn -0.319249 0.180251 -0.930371
vn -0.319249 0.180251 -0.930371
vn -0.319249 0.180251 -0.930371
vn -0.318222 0.180231 -0.930726
vn -0.318222 0.180231 -0.930726
vn -0.318222 0.180231 -0.930726
vn 0.872759 -0.488152 -0.000309
vn 0.872759 -0.488152 -0.000309
vn 0.872759 -0.488152 -0.000309
vn 0.872759 -0.488151 -0.000309
vn 0.872759 -0.488151 -0.000309
vn 0.872759 -0.488151 -0.000309
vn 0.872759 -0.488151 -0.000309
vn 0.872759 -0.488151 -0.000309
vn 0.872759 -0.488151 -0.000309
vn 0.872759 -0.488152 -0.000310
vn 0.872759 -0.488152 -0.000310
vn 0.872759 -0.488152 -0.000310
vn 0.872759 -0.488151 -0.000310
vn 0.872759 -0.488151 -0.000310
vn 0.872759 -0.488151 -0.000310
vn 0.872759 -0.488151 -0.000309
vn 0.872759 -0.488151 -0.000309
vn 0.872759 -0.488151 -0.000309
vn 0.872759 -0.488152 -0.000309
vn 0.872759 -0.488152 -0.000309
vn 0.872759 -0.488152 -0.000309
vn 0.872759 -0.488152 -0.000309
vn 0.872759 -0.488152 -0.000309
vn 0.872759 -0.488152 -0.000309
vn 0.872759 -0.488152 -0.000310
vn 0.872759 -0.488152 -0.000310
vn 0.872759 -0.488152 -0.000310
vn 0.872759 -0.488152 -0.000309
vn 0.872759 -0.488152 -0.000309
vn 0.872759 -0.488152 -0.000309
vn 0.872759 -0.488151 -0.000309
vn 0.872759 -0.488151 -0.000309
vn 0.872759 -0.488151 -0.000309
vn 0.872759 -0.488152 -0.000309
vn 0.872759 -0.488152 -0.000309
vn 0.872759 -0.488152 -0.000309
vn 0.872759 -0.488152 -0.000309
vn 0.872759 -0.488152 -0.000309
vn 0.872759 -0.488152 -0.000309
vn 0.872759 -0.488151 -0.000309
vn 0.872759 -0.488151 -0.000309
vn 0.872759 -0.488151 -0.000309
vn 0.872759 -0.488152 -0.000309
vn 0.872759 -0.488152 -0.000309
vn 0.872759 -0.488152 -0.000309
vn 0.872759 -0.488151 -0.000309
vn 0.872759 -0.488151 -0.000309
vn 0.872759 -0.488151 -0.000309
vn 0.872759 -0.488152 -0.000309
vn 0.872759 -0.488152 -0.000309
vn 0.872759 -0.488152 -0.000309
vn 0.872759 -0.488151 -0.000309
vn 0.872759 -0.488151 -0.000309
vn 0.872759 -0.488151 -0.000309
vn 0.872759 -0.488152 -0.000309
vn 0.872759 -0.488152 -0.000309
vn 0.872759 -0.488152 -0.000309
vn 0.872759 -0.488151 -0.000309
vn 0.872759 -0.488151 -0.000309
vn 0.872759 -0.488151 -0.000309
vn 0.872759 -0.488151 -0.000309
vn 0.872759 -0.488151 -0.000309
vn 0.872759 -0.488151 -0.000309
vn 0.872759 -0.488152 -0.000309
vn 0.872759 -0.488152 -0.000309
vn 0.872759 -0.488152 -0.000309
vn 0.872759 -0.488151 -0.000308
vn 0.872759 -0.488151 -0.000308
vn 0.872759 -0.488151 -0.000308
vn 0.872758 -0.488152 -0.000309
vn 0.872758 -0.488152 -0.000309
vn 0.872758 -0.488152 -0.000309
vn 0.870192 -0.492659 -0.007307
vn 0.870192 -0.492659 -0.007307
vn 0.870192 -0.492659 -0.007307
vn 0.870191 -0.492661 -0.007307
vn 0.870191 -0.492661 -0.007307
vn 0.870191 -0.492661 -0.007307
vn 0.870190 -0.492661 -0.007304
vn 0.870190 -0.492661 -0.007304
vn 0.870190 -0.492661 -0.007304
vn 0.870190 -0.492661 -0.007304
vn 0.870190 -0.492661 -0.007304
vn 0.870190 -0.492661 -0.007304
vn 0.870190 -0.492662 -0.007307
vn 0.870190 -0.492662 -0.007307
vn 0.870190 -0.492662 -0.007307
vn 0.870189 -0.492664 -0.007307
vn 0.870189 -0.492664 -0.007307
vn 0.870189 -0.492664 -0.007307
vn 0.870190 -0.492661 -0.007308
vn 0.870190 -0.492661 -0.007308
vn 0.870190 -0.492661 -0.007308
vn 0.870190 -0.492661 -0.007307
vn 0.870190 -0.492661 -0.007307
vn 0.870190 -0.492661 -0.007307
vn 0.870189 -0.492664 -0.007308
vn 0.870189 -0.492664 -0.007308
vn 0.870189 -0.492664 -0.007308
vn 0.870189 -0.492663 -0.007307
vn 0.870189 -0.492663 -0.007307
vn 0.870189 -0.492663 -0.007307
vn 0.870190 -0.492662 -0.007302
vn 0.870190 -0.492662 -0.007302
vn 0.870190 -0.492662 -0.007302
vn 0.870191 -0.492661 -0.007311
vn 0.870191 -0.492661 -0.007311
vn 0.870191 -0.492661 -0.007311
vn 0.870189 -0.492663 -0.007307
vn 0.870189 -0.492663 -0.007307
vn 0.870189 -0.492663 -0.007307
vn 0.870187 -0.492667 -0.007307
vn 0.870187 -0.492667 -0.007307
vn 0.870187 -0.492667 -0.007307
vn 0.870190 -0.492662 -0.007306
vn 0.870190 -0.492662 -0.007306
vn 0.870190 -0.492662 -0.007306
vn 0.870190 -0.492661 -0.007309
vn 0.870190 -0.492661 -0.007309
vn 0.870190 -0.492661 -0.007309
vn 0.870191 -0.492660 -0.007307
vn 0.870191 -0.492660 -0.007307
vn 0.870191 -0.492660 -0.007307
vn 0.870188 -0.492666 -0.007307
vn 0.870188 -0.492666 -0.007307
vn 0.870188 -0.492666 -0.007307
vn 0.870191 -0.492661 -0.007306
vn 0.870191 -0.492661 -0.007306
vn 0.870191 -0.492661 -0.007306
vn 0.870191 -0.492661 -0.007305
vn 0.870191 -0.492661 -0.007305
vn 0.870191 -0.492661 -0.007305
vn 0.870191 -0.492661 -0.007307
vn 0.870191 -0.492661 -0.007307
vn 0.870191 -0.492661 -0.007307
vn 0.870190 -0.492662 -0.007307
vn 0.870190 -0.492662 -0.007307
vn 0.870190 -0.492662 -0.007307
vn 0.870190 -0.492662 -0.007302
vn 0.870190 -0.492662 -0.007302
vn 0.870190 -0.492662 -0.007302
vn 0.870191 -0.492661 -0.007307
vn 0.870191 -0.492661 -0.007307
vn 0.870191 -0.492661 -0.007307
vn 0.870188 -0.492665 -0.007307
vn 0.870188 -0.492665 -0.007307
vn 0.870188 -0.492665 -0.007307
vn 0.870190 -0.492662 -0.007307
vn 0.870190 -0.492662 -0.007307
vn 0.870190 -0.492662 -0.007307
vn 0.870190 -0.492662 -0.007309
vn 0.870190 -0.492662 -0.007309
vn 0.870190 -0.492662 -0.007309
vn 0.870190 -0.492661 -0.007312
vn 0.870190 -0.492661 -0.007312
vn 0.870190 -0.492661 -0.007312
vn 0.870190 -0.492662 -0.007307
vn 0.870190 -0.492662 -0.007307
vn 0.870190 -0.492662 -0.007307
vn 0.870191 -0.492660 -0.007307
vn 0.870191 -0.492660 -0.007307
vn 0.870191 -0.492660 -0.007307
vn 0.870190 -0.492662 -0.007306
vn 0.870190 -0.492662 -0.007306
vn 0.870190 -0.492662 -0.007306
vn 0.870191 -0.492661 -0.007308
vn 0.870191 -0.492661 -0.007308
vn 0.870191 -0.492661 -0.007308
vn 0.870190 -0.492662 -0.007307
vn 0.870190 -0.492662 -0.007307
vn 0.870190 -0.492662 -0.007307
vn 0.870190 -0.492662 -0.007307
vn 0.870190 -0.492662 -0.007307
vn 0.870190 -0.492662 -0.007307
vn 0.870190 -0.492662 -0.007306
vn 0.870190 -0.492662 -0.007306
vn 0.870190 -0.492662 -0.007306
vn 0.870190 -0.492662 -0.007308
vn 0.870190 -0.492662 -0.007308
vn 0.870190 -0.492662 -0.007308
vn 0.870191 -0.492659 -0.007307
vn 0.870191 -0.492659 -0.007307
vn 0.870191 -0.492659 -0.007307
vn 0.870190 -0.492663 -0.007307
vn 0.870190 -0.492663 -0.007307
vn 0.870190 -0.492663 -0.007307
vn 0.870190 -0.492662 -0.007306
vn 0.870190 -0.492662 -0.007306
vn 0.870190 -0.492662 -0.007306
vn 0.870190 -0.492662 -0.007304
vn 0.870190 -0.492662 -0.007304
vn 0.870190 -0.492662 -0.007304
vn 0.870191 -0.492660 -0.007307
vn 0.870191 -0.492660 -0.007307
vn 0.870191 -0.492660 -0.007307
vn 0.870191 -0.492660 -0.007307
vn 0.870191 -0.492660 -0.007307
vn 0.870191 -0.492660 -0.007307
vn 0.870190 -0.492662 -0.007308
vn 0.870190 -0.492662 -0.007308
vn 0.870190 -0.492662 -0.007308
vn 0.870190 -0.492662 -0.007305
vn 0.870190 -0.492662 -0.007305
vn 0.870190 -0.492662 -0.007305
vn 0.870191 -0.492660 -0.007307
vn 0.870191 -0.492660 -0.007307
vn 0.870191 -0.492660 -0.007307
vn 0.870191 -0.492661 -0.007307
vn 0.870191 -0.492661 -0.007307
vn 0.870191 -0.492661 -0.007307
vn 0.870190 -0.492662 -0.007309
vn 0.870190 -0.492662 -0.007309
vn 0.870190 -0.492662 -0.007309
vn 0.870190 -0.492662 -0.007305
vn 0.870190 -0.492662 -0.007305
vn 0.870190 -0.492662 -0.007305
vn 0.870190 -0.492662 -0.007306
vn 0.870190 -0.492662 -0.007306
vn 0.870190 -0.492662 -0.007306
vn 0.870190 -0.492662 -0.007308
vn 0.870190 -0.492662 -0.007308
vn 0.870190 -0.492662 -0.007308
vn 0.870189 -0.492664 -0.007307
vn 0.870189 -0.492664 -0.007307
vn 0.870189 -0.492664 -0.007307
vn 0.870190 -0.492662 -0.007307
vn 0.870190 -0.492662 -0.007307
vn 0.870190 -0.492662 -0.007307
vn 0.870190 -0.492662 -0.007306
vn 0.870190 -0.492662 -0.007306
vn 0.870190 -0.492662 -0.007306
vn 0.870190 -0.492662 -0.007310
vn 0.870190 -0.492662 -0.007310
vn 0.870190 -0.492662 -0.007310
vn 0.870190 -0.492663 -0.007307
vn 0.870190 -0.492663 -0.007307
vn 0.870190 -0.492663 -0.007307
vn 0.870189 -0.492663 -0.007307
vn 0.870189 -0.492663 -0.007307
vn 0.870189 -0.492663 -0.007307
vn 0.870190 -0.492662 -0.007306
vn 0.870190 -0.492662 -0.007306
vn 0.870190 -0.492662 -0.007306
vn 0.870190 -0.492662 -0.007307
vn 0.870190 -0.492662 -0.007307
vn 0.870190 -0.492662 -0.007307
vn 0.870189 -0.492664 -0.007307
vn 0.870189 -0.492664 -0.007307
vn 0.870189 -0.492664 -0.007307
vn 0.870190 -0.492663 -0.007307
vn 0.870190 -0.492663 -0.007307
vn 0.870190 -0.492663 -0.007307
vn 0.870190 -0.492662 -0.007309
vn 0.870190 -0.492662 -0.007309
vn 0.870190 -0.492662 -0.007309
vn 0.870190 -0.492662 -0.007309
vn 0.870190 -0.492662 -0.007309
vn 0.870190 -0.492662 -0.007309
vn 0.870190 -0.492662 -0.007307
vn 0.870190 -0.492662 -0.007307
vn 0.870190 -0.492662 -0.007307
vn 0.870191 -0.492660 -0.007307
vn 0.870191 -0.492660 -0.007307
vn 0.870191 -0.492660 -0.007307
vn 0.870190 -0.492662 -0.007306
vn 0.870190 -0.492662 -0.007306
vn 0.870190 -0.492662 -0.007306
vn 0.870190 -0.492661 -0.007308
vn 0.870190 -0.492661 -0.007308
vn 0.870190 -0.492661 -0.007308
vn 0.870190 -0.492662 -0.007307
vn 0.870190 -0.492662 -0.007307
vn 0.870190 -0.492662 -0.007307
vn 0.870189 -0.492663 -0.007308
vn 0.870189 -0.492663 -0.007308
vn 0.870189 -0.492663 -0.007308
vn 0.870190 -0.492662 -0.007308
vn 0.870190 -0.492662 -0.007308
vn 0.870190 -0.492662 -0.007308
vn 0.870190 -0.492662 -0.007307
vn 0.870190 -0.492662 -0.007307
vn 0.870190 -0.492662 -0.007307
vn 0.870190 -0.492662 -0.007307
vn 0.870190 -0.492662 -0.007307
vn 0.870190 -0.492662 -0.007307
vn 0.870190 -0.492661 -0.007307
vn 0.870190 -0.492661 -0.007307
vn 0.870190 -0.492661 -0.007307
vn 0.870191 -0.492660 -0.007307
vn 0.870191 -0.492660 -0.007307
vn 0.870191 -0.492660 -0.007307
vn 0.870189 -0.492665 -0.007307
vn 0.870189 -0.492665 -0.007307
vn 0.870189 -0.492665 -0.007307
vn 0.870190 -0.492662 -0.007308
vn 0.870190 -0.492662 -0.007308
vn 0.870190 -0.492662 -0.007308
vn 0.870190 -0.492662 -0.007305
vn 0.870190 -0.492662 -0.007305
vn 0.870190 -0.492662 -0.007305
vn 0.870190 -0.492662 -0.007307
vn 0.870190 -0.492662 -0.007307
vn 0.870190 -0.492662 -0.007307
vn 0.870191 -0.492660 -0.007307
vn 0.870191 -0.492660 -0.007307
vn 0.870191 -0.492660 -0.007307
vn 0.870191 -0.492661 -0.007307
vn 0.870191 -0.492661 -0.007307
vn 0.870191 -0.492661 -0.007307
vn 0.870190 -0.492662 -0.007308
vn 0.870190 -0.492662 -0.007308
vn 0.870190 -0.492662 -0.007308
vn 0.870190 -0.492662 -0.007307
vn 0.870190 -0.492662 -0.007307
vn 0.870190 -0.492662 -0.007307
vn 0.870189 -0.492664 -0.007307
vn 0.870189 -0.492664 -0.007307
vn 0.870189 -0.492664 -0.007307
vn 0.870191 -0.492661 -0.007307
vn 0.870191 -0.492661 -0.007307
vn 0.870191 -0.492661 -0.007307
vn 0.870190 -0.492662 -0.007310
vn 0.870190 -0.492662 -0.007310
vn 0.870190 -0.492662 -0.007310
vn 0.870190 -0.492662 -0.007310
vn 0.870190 -0.492662 -0.007310
vn 0.870190 -0.492662 -0.007310
vn 0.870190 -0.492662 -0.007307
vn 0.870190 -0.492662 -0.007307
vn 0.870190 -0.492662 -0.007307
vn 0.870192 -0.492659 -0.007307
vn 0.870192 -0.492659 -0.007307
vn 0.870192 -0.492659 -0.007307
vn 0.870190 -0.492662 -0.007306
vn 0.870190 -0.492662 -0.007306
vn 0.870190 -0.492662 -0.007306
vn 0.870190 -0.492662 -0.007307
vn 0.870190 -0.492662 -0.007307
vn 0.870190 -0.492662 -0.007307
vn 0.870190 -0.492661 -0.007307
vn 0.870190 -0.492661 -0.007307
vn 0.870190 -0.492661 -0.007307
vn 0.870190 -0.492663 -0.007307
vn 0.870190 -0.492663 -0.007307
vn 0.870190 -0.492663 -0.007307
vn 0.870191 -0.492661 -0.007303
vn 0.870191 -0.492661 -0.007303
vn 0.870191 -0.492661 -0.007303
vn 0.870190 -0.492662 -0.007307
vn 0.870190 -0.492662 -0.007307
vn 0.870190 -0.492662 -0.007307
vn 0.870190 -0.492662 -0.007307
vn 0.870190 -0.492662 -0.007307
vn 0.870190 -0.492662 -0.007307
vn 0.870188 -0.492665 -0.007307
vn 0.870188 -0.492665 -0.007307
vn 0.870188 -0.492665 -0.007307
vn -0.575661 -0.817641 0.008794
vn -0.575661 -0.817641 0.008794
vn -0.575661 -0.817641 0.008794
vn -0.588741 -0.808282 0.008003
vn -0.588741 -0.808282 0.008003
vn -0.588741 -0.808282 0.008003
vn -0.006466 -0.005650 -0.999963
vn -0.006466 -0.005650 -0.999963
vn -0.006466 -0.005650 -0.999963
vn -0.006638 -0.005535 -0.999963
vn -0.006638 -0.005535 -0.999963
vn -0.006638 -0.005535 -0.999963
vn 0.596758 0.802371 -0.009007
vn 0.596758 0.802371 -0.009007
vn 0.596758 0.802371 -0.009007
vn 0.582051 0.813112 -0.008074
vn 0.582051 0.813112 -0.008074
vn 0.582051 0.813112 -0.008074
vn 0.006555 0.005597 0.999963
vn 0.006555 0.005597 0.999963
vn 0.006555 0.005597 0.999963
vn 0.006336 0.005703 0.999964
vn 0.006336 0.005703 0.999964
vn 0.006336 0.005703 0.999964
vn -0.559177 -0.829003 0.008634
vn -0.559177 -0.829003 0.008634
vn -0.559177 -0.829003 0.008634
vn -0.567029 -0.823658 0.008049
vn -0.567029 -0.823658 0.008049
vn -0.567029 -0.823658 0.008049
vn -0.008528 -0.004456 -0.999954
vn -0.008528 -0.004456 -0.999954
vn -0.008528 -0.004456 -0.999954
vn -0.008552 -0.004439 -0.999954
vn -0.008552 -0.004439 -0.999954
vn -0.008552 -0.004439 -0.999954
vn 0.571705 0.820412 -0.008786
vn 0.571705 0.820412 -0.008786
vn 0.571705 0.820412 -0.008786
vn 0.562175 0.826979 -0.008043
vn 0.562175 0.826979 -0.008043
vn 0.562175 0.826979 -0.008043
vn 0.008754 0.004336 0.999952
vn 0.008754 0.004336 0.999952
vn 0.008754 0.004336 0.999952
vn 0.008732 0.004346 0.999952
vn 0.008732 0.004346 0.999952
vn 0.008732 0.004346 0.999952
vn -0.547190 -0.836965 0.008537
vn -0.547190 -0.836965 0.008537
vn -0.547190 -0.836965 0.008537
vn -0.552710 -0.833335 0.008034
vn -0.552710 -0.833335 0.008034
vn -0.552710 -0.833335 0.008034
vn -0.008271 -0.004606 -0.999955
vn -0.008271 -0.004606 -0.999955
vn -0.008271 -0.004606 -0.999955
vn -0.008328 -0.004565 -0.999955
vn -0.008328 -0.004565 -0.999955
vn -0.008328 -0.004565 -0.999955
vn 0.555847 0.831240 -0.008589
vn 0.555847 0.831240 -0.008589
vn 0.555847 0.831240 -0.008589
vn 0.550075 0.835077 -0.008042
vn 0.550075 0.835077 -0.008042
vn 0.550075 0.835077 -0.008042
vn 0.008372 0.004543 0.999955
vn 0.008372 0.004543 0.999955
vn 0.008372 0.004543 0.999955
vn 0.008412 0.004525 0.999954
vn 0.008412 0.004525 0.999954
vn 0.008412 0.004525 0.999954
vn 0.570423 0.821305 -0.008706
vn 0.570423 0.821305 -0.008706
vn 0.570423 0.821305 -0.008706
vn 0.562302 0.826893 -0.008067
vn 0.562302 0.826893 -0.008067
vn 0.562302 0.826893 -0.008067
vn 0.008249 0.004637 0.999955
vn 0.008249 0.004637 0.999955
vn 0.008249 0.004637 0.999955
vn 0.008222 0.004649 0.999955
vn 0.008222 0.004649 0.999955
vn 0.008222 0.004649 0.999955
vn -0.559047 -0.829091 0.008602
vn -0.559047 -0.829091 0.008602
vn -0.559047 -0.829091 0.008602
vn -0.566094 -0.824301 0.008072
vn -0.566094 -0.824301 0.008072
vn -0.566094 -0.824301 0.008072
vn -0.008172 -0.004680 -0.999956
vn -0.008172 -0.004680 -0.999956
vn -0.008172 -0.004680 -0.999956
vn -0.008187 -0.004669 -0.999956
vn -0.008187 -0.004669 -0.999956
vn -0.008187 -0.004669 -0.999956
vn 0.596158 0.802818 -0.008891
vn 0.596158 0.802818 -0.008891
vn 0.596158 0.802818 -0.008891
vn 0.581876 0.813238 -0.008004
vn 0.581876 0.813238 -0.008004
vn 0.581876 0.813238 -0.008004
vn 0.008605 0.004438 0.999953
vn 0.008605 0.004438 0.999953
vn 0.008605 0.004438 0.999953
vn 0.008596 0.004442 0.999953
vn 0.008596 0.004442 0.999953
vn 0.008596 0.004442 0.999953
vn -0.575355 -0.817857 0.008787
vn -0.575355 -0.817857 0.008787
vn -0.575355 -0.817857 0.008787
vn -0.587787 -0.808976 0.008055
vn -0.587787 -0.808976 0.008055
vn -0.587787 -0.808976 0.008055
vn -0.008516 -0.004480 -0.999954
vn -0.008516 -0.004480 -0.999954
vn -0.008516 -0.004480 -0.999954
vn -0.008465 -0.004514 -0.999954
vn -0.008465 -0.004514 -0.999954
vn -0.008465 -0.004514 -0.999954
vn 0.641492 0.767074 -0.009276
vn 0.641492 0.767074 -0.009276
vn 0.641492 0.767074 -0.009276
vn 0.615913 0.787773 -0.008066
vn 0.615913 0.787773 -0.008066
vn 0.615913 0.787773 -0.008066
vn 0.005537 0.006174 0.999966
vn 0.005537 0.006174 0.999966
vn 0.005537 0.006174 0.999966
vn 0.005106 0.006392 0.999967
vn 0.005106 0.006392 0.999967
vn 0.005106 0.006392 0.999967
vn -0.605199 -0.796024 0.009010
vn -0.605199 -0.796024 0.009010
vn -0.605199 -0.796024 0.009010
vn -0.626759 -0.779171 0.008041
vn -0.626759 -0.779171 0.008041
vn -0.626759 -0.779171 0.008041
vn -0.005526 -0.006179 -0.999966
vn -0.005526 -0.006179 -0.999966
vn -0.005526 -0.006179 -0.999966
vn -0.005808 -0.005999 -0.999965
vn -0.005808 -0.005999 -0.999965
vn -0.005808 -0.005999 -0.999965
vn -0.008272 -0.004620 -0.999955
vn -0.008272 -0.004620 -0.999955
vn -0.008272 -0.004620 -0.999955
vn -0.008324 -0.004583 -0.999955
vn -0.008324 -0.004583 -0.999955
vn -0.008324 -0.004583 -0.999955
vn 0.561986 0.827102 -0.008648
vn 0.561986 0.827102 -0.008648
vn 0.561986 0.827102 -0.008648
vn 0.554978 0.831826 -0.008040
vn 0.554978 0.831826 -0.008040
vn 0.554978 0.831826 -0.008040
vn 0.008363 0.004559 0.999955
vn 0.008363 0.004559 0.999955
vn 0.008363 0.004559 0.999955
vn 0.008336 0.004570 0.999955
vn 0.008336 0.004570 0.999955
vn 0.008336 0.004570 0.999955
vn -0.552436 -0.833511 0.008601
vn -0.552436 -0.833511 0.008601
vn -0.552436 -0.833511 0.008601
vn -0.558804 -0.829260 0.008072
vn -0.558804 -0.829260 0.008072
vn -0.558804 -0.829260 0.008072
vn -0.008505 -0.004483 -0.999954
vn -0.008505 -0.004483 -0.999954
vn -0.008505 -0.004483 -0.999954
vn -0.008490 -0.004493 -0.999954
vn -0.008490 -0.004493 -0.999954
vn -0.008490 -0.004493 -0.999954
vn 0.582294 0.812930 -0.008825
vn 0.582294 0.812930 -0.008825
vn 0.582294 0.812930 -0.008825
vn 0.572078 0.820159 -0.008109
vn 0.572078 0.820159 -0.008109
vn 0.572078 0.820159 -0.008109
vn 0.008691 0.004373 0.999953
vn 0.008691 0.004373 0.999953
vn 0.008691 0.004373 0.999953
vn 0.008751 0.004345 0.999952
vn 0.008751 0.004345 0.999952
vn 0.008751 0.004345 0.999952
vn -0.566567 -0.823970 0.008737
vn -0.566567 -0.823970 0.008737
vn -0.566567 -0.823970 0.008737
vn -0.576078 -0.817354 0.008102
vn -0.576078 -0.817354 0.008102
vn -0.576078 -0.817354 0.008102
vn 0.006113 0.005847 0.999964
vn 0.006113 0.005847 0.999964
vn 0.006113 0.005847 0.999964
vn 0.005853 0.005975 0.999965
vn 0.005853 0.005975 0.999965
vn 0.005853 0.005975 0.999965
vn -0.589046 -0.808051 0.008828
vn -0.589046 -0.808051 0.008828
vn -0.589046 -0.808051 0.008828
vn -0.604098 -0.796870 0.008036
vn -0.604098 -0.796870 0.008036
vn -0.604098 -0.796870 0.008036
vn -0.006069 -0.005873 -0.999964
vn -0.006069 -0.005873 -0.999964
vn -0.006069 -0.005873 -0.999964
vn -0.006285 -0.005732 -0.999964
vn -0.006285 -0.005732 -0.999964
vn -0.006285 -0.005732 -0.999964
vn 0.614652 0.788746 -0.009088
vn 0.614652 0.788746 -0.009088
vn 0.614652 0.788746 -0.009088
vn 0.596614 0.802487 -0.008089
vn 0.596614 0.802487 -0.008089
vn 0.596614 0.802487 -0.008089
vn 0.004627 0.006660 0.999967
vn 0.004627 0.006660 0.999967
vn 0.004627 0.006660 0.999967
vn 0.004004 0.007042 0.999967
vn 0.004004 0.007042 0.999967
vn 0.004004 0.007042 0.999967
vn -0.625180 -0.780427 0.009117
vn -0.625180 -0.780427 0.009117
vn -0.625180 -0.780427 0.009117
vn -0.656668 -0.754138 0.007935
vn -0.656668 -0.754138 0.007935
vn -0.656668 -0.754138 0.007935
vn -0.004718 -0.006608 -0.999967
vn -0.004718 -0.006608 -0.999967
vn -0.004718 -0.006608 -0.999967
vn -0.005181 -0.006376 -0.999966
vn -0.005181 -0.006376 -0.999966
vn -0.005181 -0.006376 -0.999966
vn 0.678486 0.734552 -0.009516
vn 0.678486 0.734552 -0.009516
vn 0.678486 0.734552 -0.009516
vn 0.639727 0.768561 -0.007981
vn 0.639727 0.768561 -0.007981
vn 0.639727 0.768561 -0.007981
vn 0.008586 0.004453 0.999953
vn 0.008586 0.004453 0.999953
vn 0.008586 0.004453 0.999953
vn 0.008556 0.004472 0.999953
vn 0.008556 0.004472 0.999953
vn 0.008556 0.004472 0.999953
vn -0.587509 -0.809169 0.008830
vn -0.587509 -0.809169 0.008830
vn -0.587509 -0.809169 0.008830
vn -0.602718 -0.797913 0.008048
vn -0.602718 -0.797913 0.008048
vn -0.602718 -0.797913 0.008048
vn -0.008301 -0.004612 -0.999955
vn -0.008301 -0.004612 -0.999955
vn -0.008301 -0.004612 -0.999955
vn -0.008405 -0.004562 -0.999954
vn -0.008405 -0.004562 -0.999954
vn -0.008405 -0.004562 -0.999954
vn 0.614194 0.789103 -0.009085
vn 0.614194 0.789103 -0.009085
vn 0.614194 0.789103 -0.009085
vn 0.594717 0.803895 -0.008022
vn 0.594717 0.803895 -0.008022
vn 0.594717 0.803895 -0.008022
vn -0.008495 -0.004497 -0.999954
vn -0.008495 -0.004497 -0.999954
vn -0.008495 -0.004497 -0.999954
vn -0.008140 -0.004657 -0.999956
vn -0.008140 -0.004657 -0.999956
vn -0.008140 -0.004657 -0.999956
vn 0.580651 0.814105 -0.008804
vn 0.580651 0.814105 -0.008804
vn 0.580651 0.814105 -0.008804
vn 0.570305 0.821393 -0.008069
vn 0.570305 0.821393 -0.008069
vn 0.570305 0.821393 -0.008069
vn 0.008237 0.004646 0.999955
vn 0.008237 0.004646 0.999955
vn 0.008237 0.004646 0.999955
vn 0.008131 0.004718 0.999956
vn 0.008131 0.004718 0.999956
vn 0.008131 0.004718 0.999956
vn -0.565772 -0.824516 0.008690
vn -0.565772 -0.824516 0.008690
vn -0.565772 -0.824516 0.008690
vn -0.575076 -0.818060 0.008062
vn -0.575076 -0.818060 0.008062
vn -0.575076 -0.818060 0.008062
vn 0.870190 -0.492662 -0.007307
vn 0.870190 -0.492662 -0.007307
vn 0.870190 -0.492662 -0.007307
vn 0.870190 -0.492662 -0.007307
vn 0.870190 -0.492662 -0.007307
vn 0.870190 -0.492662 -0.007307
vn 0.870190 -0.492662 -0.007307
vn 0.870190 -0.492662 -0.007307
vn 0.870190 -0.492662 -0.007307
vn 0.870190 -0.492662 -0.007307
vn 0.870190 -0.492662 -0.007307
vn 0.870190 -0.492662 -0.007307
vn 0.870190 -0.492662 -0.007307
vn 0.870190 -0.492662 -0.007307
vn 0.870190 -0.492662 -0.007307
vn 0.870190 -0.492662 -0.007307
vn 0.870190 -0.492662 -0.007307
vn 0.870190 -0.492662 -0.007307
vn 0.870190 -0.492662 -0.007307
vn 0.870190 -0.492662 -0.007307
vn 0.870190 -0.492662 -0.007307
vn 0.813388 -0.467710 -0.345901
vn 0.813388 -0.467710 -0.345901
vn 0.813388 -0.467710 -0.345901
vn 0.870189 -0.492664 -0.007307
vn 0.870189 -0.492664 -0.007307
vn 0.870189 -0.492664 -0.007307
vn 0.870190 -0.492662 -0.007307
vn 0.870190 -0.492662 -0.007307
vn 0.870190 -0.492662 -0.007307
vn 0.870189 -0.492663 -0.007307
vn 0.870189 -0.492663 -0.007307
vn 0.870189 -0.492663 -0.007307
vn 0.870190 -0.492661 -0.007308
vn 0.870190 -0.492661 -0.007308
vn 0.870190 -0.492661 -0.007308
vn 0.870190 -0.492662 -0.007306
vn 0.870190 -0.492662 -0.007306
vn 0.870190 -0.492662 -0.007306
vn 0.870190 -0.492662 -0.007307
vn 0.870190 -0.492662 -0.007307
vn 0.870190 -0.492662 -0.007307
vn 0.870190 -0.492662 -0.007307
vn 0.870190 -0.492662 -0.007307
vn 0.870190 -0.492662 -0.007307
vn 0.870190 -0.492662 -0.007307
vn 0.870190 -0.492662 -0.007307
vn 0.870190 -0.492662 -0.007307
vn 0.870190 -0.492661 -0.007307
vn 0.870190 -0.492661 -0.007307
vn 0.870190 -0.492661 -0.007307
vn 0.870190 -0.492662 -0.007307
vn 0.870190 -0.492662 -0.007307
vn 0.870190 -0.492662 -0.007307
vn 0.870191 -0.492661 -0.007307
vn 0.870191 -0.492661 -0.007307
vn 0.870191 -0.492661 -0.007307
vn 0.870190 -0.492662 -0.007307
vn 0.870190 -0.492662 -0.007307
vn 0.870190 -0.492662 -0.007307
vn 0.870190 -0.492662 -0.007307
vn 0.870190 -0.492662 -0.007307
vn 0.870190 -0.492662 -0.007307
vn 0.870191 -0.492661 -0.007308
vn 0.870191 -0.492661 -0.007308
vn 0.870191 -0.492661 -0.007308
vn 0.870190 -0.492662 -0.007307
vn 0.870190 -0.492662 -0.007307
vn 0.870190 -0.492662 -0.007307
vn 0.870190 -0.492662 -0.007307
vn 0.870190 -0.492662 -0.007307
vn 0.870190 -0.492662 -0.007307
vn 0.870190 -0.492662 -0.007308
vn 0.870190 -0.492662 -0.007308
vn 0.870190 -0.492662 -0.007308
vn 0.870191 -0.492661 -0.007307
vn 0.870191 -0.492661 -0.007307
vn 0.870191 -0.492661 -0.007307
vn 0.870190 -0.492662 -0.007307
vn 0.870190 -0.492662 -0.007307
vn 0.870190 -0.492662 -0.007307
vn 0.870191 -0.492660 -0.007307
vn 0.870191 -0.492660 -0.007307
vn 0.870191 -0.492660 -0.007307
vn 0.870190 -0.492662 -0.007307
vn 0.870190 -0.492662 -0.007307
vn 0.870190 -0.492662 -0.007307
vn 0.870191 -0.492661 -0.007307
vn 0.870191 -0.492661 -0.007307
vn 0.870191 -0.492661 -0.007307
vn 0.870190 -0.492661 -0.007308
vn 0.870190 -0.492661 -0.007308
vn 0.870190 -0.492661 -0.007308
vn 0.870191 -0.492661 -0.007307
vn 0.870191 -0.492661 -0.007307
vn 0.870191 -0.492661 -0.007307
vn 0.870190 -0.492662 -0.007308
vn 0.870190 -0.492662 -0.007308
vn 0.870190 -0.492662 -0.007308
vn 0.870190 -0.492662 -0.007307
vn 0.870190 -0.492662 -0.007307
vn 0.870190 -0.492662 -0.007307
vn 0.870190 -0.492662 -0.007307
vn 0.870190 -0.492662 -0.007307
vn 0.870190 -0.492662 -0.007307
vn 0.870190 -0.492661 -0.007307
vn 0.870190 -0.492661 -0.007307
vn 0.870190 -0.492661 -0.007307
vn 0.870190 -0.492661 -0.007308
vn 0.870190 -0.492661 -0.007308
vn 0.870190 -0.492661 -0.007308
vn 0.870190 -0.492662 -0.007308
vn 0.870190 -0.492662 -0.007308
vn 0.870190 -0.492662 -0.007308
vn 0.813285 -0.457664 -0.359320
vn 0.813285 -0.457664 -0.359320
vn 0.813285 -0.457664 -0.359320
vn 0.815149 -0.461120 -0.350572
vn 0.815149 -0.461120 -0.350572
vn 0.815149 -0.461120 -0.350572
vn 0.867825 -0.490666 -0.078276
vn 0.867825 -0.490666 -0.078276
vn 0.867825 -0.490666 -0.078276
vn 0.868299 -0.489785 -0.078532
vn 0.868299 -0.489785 -0.078532
vn 0.868299 -0.489785 -0.078532
vn -0.497598 -0.867322 -0.012217
vn -0.497598 -0.867322 -0.012217
vn -0.497598 -0.867322 -0.012217
vn 0.867685 -0.490865 -0.078573
vn 0.867685 -0.490865 -0.078573
vn 0.867685 -0.490865 -0.078573
vn 0.452900 0.891426 0.015572
vn 0.452900 0.891426 0.015572
vn 0.452900 0.891426 0.015572
vn 0.831811 -0.552255 0.055717
vn 0.831811 -0.552255 0.055717
vn 0.831811 -0.552255 0.055717
vn 0.844167 -0.535547 0.023914
vn 0.844167 -0.535547 0.023914
vn 0.844167 -0.535547 0.023914
vn 0.840179 -0.542199 0.010968
vn 0.840179 -0.542199 0.010968
vn 0.840179 -0.542199 0.010968
vn 0.843535 -0.536896 0.013835
vn 0.843535 -0.536896 0.013835
vn 0.843535 -0.536896 0.013835
vn 0.841203 -0.540429 0.017744
vn 0.841203 -0.540429 0.017744
vn 0.841203 -0.540429 0.017744
vn 0.844282 -0.535576 0.018617
vn 0.844282 -0.535576 0.018617
vn 0.844282 -0.535576 0.018617
vn 0.844173 -0.535700 0.019943
vn 0.844173 -0.535700 0.019943
vn 0.844173 -0.535700 0.019943
vn 0.059011 0.141486 0.988180
vn 0.059011 0.141486 0.988180
vn 0.059011 0.141486 0.988180
vn 0.048954 0.129274 0.990400
vn 0.048954 0.129274 0.990400
vn 0.048954 0.129274 0.990400
vn -0.202234 -0.321169 0.925177
vn -0.202234 -0.321169 0.925177
vn -0.202234 -0.321169 0.925177
vn -0.200089 -0.315098 0.927727
vn -0.200089 -0.315098 0.927727
vn -0.200089 -0.315098 0.927727
vn -0.415738 -0.719494 0.556319
vn -0.415738 -0.719494 0.556319
vn -0.415738 -0.719494 0.556319
vn -0.415728 -0.721381 0.553876
vn -0.415728 -0.721381 0.553876
vn -0.415728 -0.721381 0.553876
vn 0.335510 0.610790 0.717195
vn 0.335510 0.610790 0.717195
vn 0.335510 0.610790 0.717195
vn 0.337785 0.612698 0.714494
vn 0.337785 0.612698 0.714494
vn 0.337785 0.612698 0.714494
vn 0.844968 -0.534181 0.026068
vn 0.844968 -0.534181 0.026068
vn 0.844968 -0.534181 0.026068
vn 0.845122 -0.533967 0.025456
vn 0.845122 -0.533967 0.025456
vn 0.845122 -0.533967 0.025456
vn 0.845660 -0.533530 0.014304
vn 0.845660 -0.533530 0.014304
vn 0.845660 -0.533530 0.014304
vn 0.842659 -0.538149 0.017908
vn 0.842659 -0.538149 0.017908
vn 0.842659 -0.538149 0.017908
vn 0.840580 -0.541383 0.018164
vn 0.840580 -0.541383 0.018164
vn 0.840580 -0.541383 0.018164
vn 0.844844 -0.534731 0.017358
vn 0.844844 -0.534731 0.017358
vn 0.844844 -0.534731 0.017358
vn 0.846620 -0.531581 0.025619
vn 0.846620 -0.531581 0.025619
vn 0.846620 -0.531581 0.025619
vn 0.847902 -0.528923 0.036082
vn 0.847902 -0.528923 0.036082
vn 0.847902 -0.528923 0.036082
vn -0.078246 -0.126084 -0.988929
vn -0.078246 -0.126084 -0.988929
vn -0.078246 -0.126084 -0.988929
vn -0.035126 -0.136496 -0.990018
vn -0.035126 -0.136496 -0.990018
vn -0.035126 -0.136496 -0.990018
vn 0.206433 0.301808 -0.930751
vn 0.206433 0.301808 -0.930751
vn 0.206433 0.301808 -0.930751
vn 0.196424 0.303850 -0.932251
vn 0.196424 0.303850 -0.932251
vn 0.196424 0.303850 -0.932251
vn 0.433608 0.715898 -0.547243
vn 0.433608 0.715898 -0.547243
vn 0.433608 0.715898 -0.547243
vn 0.419430 0.721356 -0.551112
vn 0.419430 0.721356 -0.551112
vn 0.419430 0.721356 -0.551112
vn -0.322777 -0.637742 -0.699357
vn -0.322777 -0.637742 -0.699357
vn -0.322777 -0.637742 -0.699357
vn -0.323227 -0.637594 -0.699284
vn -0.323227 -0.637594 -0.699284
vn -0.323227 -0.637594 -0.699284
vn -0.857441 0.495387 -0.139235
vn -0.857441 0.495387 -0.139235
vn -0.857441 0.495387 -0.139235
vn -0.848507 0.510715 -0.138585
vn -0.848507 0.510715 -0.138585
vn -0.848507 0.510715 -0.138585
vn -0.858536 0.494649 -0.135048
vn -0.858536 0.494649 -0.135048
vn -0.858536 0.494649 -0.135048
vn -0.858295 0.493875 -0.139346
vn -0.858295 0.493875 -0.139346
vn -0.858295 0.493875 -0.139346
vn -0.858294 0.493925 -0.139175
vn -0.858294 0.493925 -0.139175
vn -0.858294 0.493925 -0.139175
vn -0.118674 -0.152199 0.981199
vn -0.118674 -0.152199 0.981199
vn -0.118674 -0.152199 0.981199
vn -0.084925 -0.100072 0.991349
vn -0.084925 -0.100072 0.991349
vn -0.084925 -0.100072 0.991349
vn 0.162308 0.363826 0.917217
vn 0.162308 0.363826 0.917217
vn 0.162308 0.363826 0.917217
vn 0.183375 0.415108 0.891100
vn 0.183375 0.415108 0.891100
vn 0.183375 0.415108 0.891100
vn 0.393792 0.726329 0.563359
vn 0.393792 0.726329 0.563359
vn 0.393792 0.726329 0.563359
vn 0.406693 0.810623 0.421297
vn 0.406693 0.810623 0.421297
vn 0.406693 0.810623 0.421297
vn -0.355935 -0.627671 0.692344
vn -0.355935 -0.627671 0.692344
vn -0.355935 -0.627671 0.692344
vn -0.330483 -0.596244 0.731624
vn -0.330483 -0.596244 0.731624
vn -0.330483 -0.596244 0.731624
vn -0.856374 0.496899 -0.140406
vn -0.856374 0.496899 -0.140406
vn -0.856374 0.496899 -0.140406
vn -0.857638 0.496073 -0.135531
vn -0.857638 0.496073 -0.135531
vn -0.857638 0.496073 -0.135531
vn -0.859705 0.492204 -0.136542
vn -0.859705 0.492204 -0.136542
vn -0.859705 0.492204 -0.136542
vn -0.859846 0.491548 -0.138003
vn -0.859846 0.491548 -0.138003
vn -0.859846 0.491548 -0.138003
vn -0.877658 0.455537 -0.149004
vn -0.877658 0.455537 -0.149004
vn -0.877658 0.455537 -0.149004
vn -0.878555 0.455118 -0.144943
vn -0.878555 0.455118 -0.144943
vn -0.878555 0.455118 -0.144943
vn -0.844337 0.520005 -0.129188
vn -0.844337 0.520005 -0.129188
vn -0.844337 0.520005 -0.129188
vn -0.863014 0.487489 -0.132519
vn -0.863014 0.487489 -0.132519
vn -0.863014 0.487489 -0.132519
vn 0.385804 0.592149 -0.707471
vn 0.385804 0.592149 -0.707471
vn 0.385804 0.592149 -0.707471
vn 0.374323 0.594967 -0.711264
vn 0.374323 0.594967 -0.711264
vn 0.374323 0.594967 -0.711264
vn 0.200450 0.049476 -0.978454
vn 0.200450 0.049476 -0.978454
vn 0.200450 0.049476 -0.978454
vn 0.133132 0.060307 -0.989262
vn 0.133132 0.060307 -0.989262
vn 0.133132 0.060307 -0.989262
vn -0.046477 -0.411727 -0.910121
vn -0.046477 -0.411727 -0.910121
vn -0.046477 -0.411727 -0.910121
vn -0.060463 -0.409735 -0.910199
vn -0.060463 -0.409735 -0.910199
vn -0.060463 -0.409735 -0.910199
vn -0.326880 -0.772626 -0.544241
vn -0.326880 -0.772626 -0.544241
vn -0.326880 -0.772626 -0.544241
vn -0.294712 -0.782551 -0.548415
vn -0.294712 -0.782551 -0.548415
vn -0.294712 -0.782551 -0.548415
vn -0.855596 0.492899 -0.158132
vn -0.855596 0.492899 -0.158132
vn -0.855596 0.492899 -0.158132
vn -0.856057 0.515440 -0.038573
vn -0.856057 0.515440 -0.038573
vn -0.856057 0.515440 -0.038573
vn -0.860094 0.488638 -0.146531
vn -0.860094 0.488638 -0.146531
vn -0.860094 0.488638 -0.146531
vn -0.860643 0.494706 -0.120668
vn -0.860643 0.494706 -0.120668
vn -0.860643 0.494706 -0.120668
vn 0.380674 0.922928 0.057366
vn 0.380674 0.922928 0.057366
vn 0.380674 0.922928 0.057366
vn 0.371746 0.927946 0.026866
vn 0.371746 0.927946 0.026866
vn 0.371746 0.927946 0.026866
vn 0.385046 0.922743 0.016869
vn 0.385046 0.922743 0.016869
vn 0.385046 0.922743 0.016869
vn 0.376783 0.925570 0.036812
vn 0.376783 0.925570 0.036812
vn 0.376783 0.925570 0.036812
vn 0.330504 0.941986 0.058555
vn 0.330504 0.941986 0.058555
vn 0.330504 0.941986 0.058555
vn 0.371539 0.926951 0.052167
vn 0.371539 0.926951 0.052167
vn 0.371539 0.926951 0.052167
vn 0.369602 0.928598 0.033172
vn 0.369602 0.928598 0.033172
vn 0.369602 0.928598 0.033172
vn -0.200940 0.049424 0.978356
vn -0.200940 0.049424 0.978356
vn -0.200940 0.049424 0.978356
vn -0.194081 0.044733 0.979965
vn -0.194081 0.044733 0.979965
vn -0.194081 0.044733 0.979965
vn 0.372285 -0.178104 0.910869
vn 0.372285 -0.178104 0.910869
vn 0.372285 -0.178104 0.910869
vn 0.345093 -0.173883 0.922321
vn 0.345093 -0.173883 0.922321
vn 0.345093 -0.173883 0.922321
vn 0.789312 -0.366928 0.492290
vn 0.789312 -0.366928 0.492290
vn 0.789312 -0.366928 0.492290
vn 0.836334 -0.345746 0.425446
vn 0.836334 -0.345746 0.425446
vn 0.836334 -0.345746 0.425446
vn -0.694566 0.279359 0.662975
vn -0.694566 0.279359 0.662975
vn -0.694566 0.279359 0.662975
vn -0.703374 0.290627 0.648692
vn -0.703374 0.290627 0.648692
vn -0.703374 0.290627 0.648692
vn 0.371083 0.927730 0.040171
vn 0.371083 0.927730 0.040171
vn 0.371083 0.927730 0.040171
vn 0.370535 0.927879 0.041771
vn 0.370535 0.927879 0.041771
vn 0.370535 0.927879 0.041771
vn 0.372183 0.927250 0.041066
vn 0.372183 0.927250 0.041066
vn 0.372183 0.927250 0.041066
vn 0.371853 0.927417 0.040275
vn 0.371853 0.927417 0.040275
vn 0.371853 0.927417 0.040275
vn 0.371757 0.927424 0.041018
vn 0.371757 0.927424 0.041018
vn 0.371757 0.927424 0.041018
vn 0.371597 0.927463 0.041573
vn 0.371597 0.927463 0.041573
vn 0.371597 0.927463 0.041573
vn 0.373238 0.926911 0.039095
vn 0.373238 0.926911 0.039095
vn 0.373238 0.926911 0.039095
vn 0.375748 0.925685 0.043834
vn 0.375748 0.925685 0.043834
vn 0.375748 0.925685 0.043834
vn 0.735528 -0.243969 -0.632043
vn 0.735528 -0.243969 -0.632043
vn 0.735528 -0.243969 -0.632043
vn 0.737534 -0.230517 -0.634749
vn 0.737534 -0.230517 -0.634749
vn 0.737534 -0.230517 -0.634749
vn 0.220772 -0.026722 -0.974959
vn 0.220772 -0.026722 -0.974959
vn 0.220772 -0.026722 -0.974959
vn 0.220390 0.015700 -0.975285
vn 0.220390 0.015700 -0.975285
vn 0.220390 0.015700 -0.975285
vn -0.346951 0.122540 -0.929844
vn -0.346951 0.122540 -0.929844
vn -0.346951 0.122540 -0.929844
vn -0.348298 0.194616 -0.916959
vn -0.348298 0.194616 -0.916959
vn -0.348298 0.194616 -0.916959
vn -0.802718 0.360857 -0.474790
vn -0.802718 0.360857 -0.474790
vn -0.802718 0.360857 -0.474790
vn -0.808267 0.336551 -0.483155
vn -0.808267 0.336551 -0.483155
vn -0.808267 0.336551 -0.483155
vn 0.870218 -0.492666 0.000002
vn 0.870218 -0.492666 0.000002
vn 0.870192 -0.492659 -0.007307
vn 0.870191 -0.492661 -0.007307
vn 0.870191 -0.492661 -0.007307
vn 0.870223 -0.492657 0.000003
vn 0.870190 -0.492662 -0.007307
vn 0.870190 -0.492662 -0.007307
vn 0.870190 -0.492662 -0.007307
vn 0.870190 -0.492661 -0.007307
vn 0.870190 -0.492661 -0.007307
vn 0.870190 -0.492661 -0.007307
vn -0.460721 -0.887533 0.004583
vn -0.460721 -0.887533 0.004583
vn -0.460721 -0.887533 0.004583
vn -0.437520 -0.899195 0.004937
vn -0.437520 -0.899195 0.004937
vn -0.437520 -0.899195 0.004937
vn 0.437336 0.899296 -0.002176
vn 0.437336 0.899296 -0.002176
vn 0.437336 0.899296 -0.002176
vn 0.457130 0.889396 -0.002597
vn 0.457130 0.889396 -0.002597
vn 0.457130 0.889396 -0.002597
vn 0.870190 -0.492662 -0.007307
vn 0.870190 -0.492662 -0.007307
vn 0.870190 -0.492662 -0.007307
vn 0.870190 -0.492662 -0.007307
vn 0.870190 -0.492662 -0.007307
vn 0.870190 -0.492662 -0.007307
vn -0.449868 -0.893089 0.003245
vn -0.449868 -0.893089 0.003245
vn -0.449868 -0.893089 0.003245
vn -0.428046 -0.903750 0.003553
vn -0.428046 -0.903750 0.003553
vn -0.428046 -0.903750 0.003553
vn 0.872737 -0.488191 -0.000134
vn 0.872737 -0.488191 -0.000134
vn 0.872737 -0.488191 -0.000134
vn 0.872736 -0.488192 -0.000134
vn 0.872736 -0.488192 -0.000134
vn 0.872736 -0.488192 -0.000134
vn 0.448584 0.893734 -0.003353
vn 0.448584 0.893734 -0.003353
vn 0.448584 0.893734 -0.003353
vn 0.430352 0.902656 -0.002982
vn 0.430352 0.902656 -0.002982
vn 0.430352 0.902656 -0.002982
vn 0.870190 -0.492662 -0.007307
vn 0.870190 -0.492662 -0.007307
vn 0.870190 -0.492662 -0.007307
vn 0.870190 -0.492662 -0.007307
vn 0.870190 -0.492662 -0.007307
vn 0.870190 -0.492662 -0.007307
vn 0.870190 -0.492662 -0.007307
vn 0.870190 -0.492662 -0.007307
vn 0.870190 -0.492662 -0.007307
vn 0.870190 -0.492662 -0.007307
vn 0.870190 -0.492662 -0.007307
vn 0.870190 -0.492662 -0.007307
vn -0.904344 0.423348 0.054202
vn -0.904344 0.423348 0.054202
vn -0.904344 0.423348 0.054202
vn -0.906404 0.418037 0.060641
vn -0.906404 0.418037 0.060641
vn -0.906404 0.418037 0.060641
vn 0.870191 -0.492661 -0.007307
vn 0.870191 -0.492661 -0.007307
vn 0.870191 -0.492661 -0.007307
vn 0.870191 -0.492661 -0.007307
vn 0.870191 -0.492661 -0.007307
vn 0.870191 -0.492661 -0.007307
vn 0.870190 -0.492662 -0.007307
vn 0.870190 -0.492662 -0.007307
vn 0.870190 -0.492662 -0.007307
vn 0.870190 -0.492662 -0.007307
vn 0.870190 -0.492662 -0.007307
vn 0.870190 -0.492662 -0.007307
vn 0.870190 -0.492663 -0.007307
vn 0.870190 -0.492663 -0.007307
vn 0.870190 -0.492663 -0.007307
vn 0.870190 -0.492662 -0.007306
vn 0.870213 -0.492675 -0.000017
vn 0.870190 -0.492662 -0.007306
vn -0.040295 0.025310 -0.998867
vn -0.040295 0.025310 -0.998867
vn -0.040295 0.025310 -0.998867
vn 0.870190 -0.492662 -0.007303
vn 0.870190 -0.492662 -0.007303
vn 0.870190 -0.492662 -0.007303
vn 0.870190 -0.492662 -0.007307
vn 0.870190 -0.492662 -0.007307
vn 0.870190 -0.492662 -0.007307
vn 0.870188 -0.492665 -0.007307
vn 0.870188 -0.492665 -0.007307
vn 0.870188 -0.492665 -0.007307
vn 0.870188 -0.492665 -0.007307
vn 0.870188 -0.492665 -0.007307
vn 0.870188 -0.492665 -0.007307
vn 0.870176 -0.492687 -0.007306
vn 0.870176 -0.492687 -0.007306
vn 0.870176 -0.492687 -0.007306
vn 0.870191 -0.492661 -0.007307
vn 0.870191 -0.492661 -0.007307
vn 0.870191 -0.492661 -0.007307
vn 0.870176 -0.492687 -0.007308
vn 0.870176 -0.492687 -0.007308
vn 0.870176 -0.492687 -0.007308
vn -0.101191 0.050767 -0.993571
vn -0.101191 0.050767 -0.993571
vn -0.101191 0.050767 -0.993571
vn -0.059470 -0.272596 -0.960289
vn -0.059470 -0.272596 -0.960289
vn -0.059470 -0.272596 -0.960289
vn 0.870189 -0.492665 -0.007307
vn 0.870217 -0.492668 0.000000
vn 0.870217 -0.492668 0.000000
vn 0.870191 -0.492660 -0.007307
vn 0.870191 -0.492660 -0.007307
vn 0.870191 -0.492660 -0.007307
vn 0.870191 -0.492660 -0.007307
vn 0.870191 -0.492660 -0.007307
vn 0.870191 -0.492660 -0.007307
vn 0.799211 -0.451312 -0.396962
vn 0.799211 -0.451312 -0.396962
vn 0.799211 -0.451312 -0.396962
vn 0.799131 -0.452322 -0.395972
vn 0.799131 -0.452322 -0.395972
vn 0.799131 -0.452322 -0.395972
vn 0.781514 -0.469367 -0.411012
vn 0.781514 -0.469367 -0.411012
vn 0.781514 -0.469367 -0.411012
vn 0.171646 0.636209 0.752181
vn 0.171646 0.636209 0.752181
vn 0.171646 0.636209 0.752181
vn 0.223931 0.622150 0.750190
vn 0.223931 0.622150 0.750190
vn 0.223931 0.622150 0.750190
vn 0.870191 -0.492661 -0.007307
vn 0.870191 -0.492661 -0.007307
vn 0.870191 -0.492661 -0.007307
vn 0.870191 -0.492661 -0.007307
vn 0.870191 -0.492661 -0.007307
vn 0.870191 -0.492661 -0.007307
vn 0.870190 -0.492662 -0.007307
vn 0.870190 -0.492662 -0.007307
vn 0.870190 -0.492662 -0.007307
vn 0.870191 -0.492661 -0.007307
vn 0.870191 -0.492661 -0.007307
vn 0.870191 -0.492661 -0.007307
vn 0.870190 -0.492663 -0.007308
vn 0.870190 -0.492663 -0.007308
vn 0.870190 -0.492663 -0.007308
vn 0.870190 -0.492662 -0.007308
vn 0.870190 -0.492662 -0.007308
vn 0.870190 -0.492662 -0.007308
vn 0.870191 -0.492661 -0.007307
vn 0.870191 -0.492661 -0.007307
vn 0.870191 -0.492661 -0.007307
vn 0.870190 -0.492661 -0.007307
vn 0.870190 -0.492661 -0.007307
vn 0.870190 -0.492661 -0.007307
vn 0.870191 -0.492661 -0.007307
vn 0.870191 -0.492661 -0.007307
vn 0.870191 -0.492661 -0.007307
vn 0.870191 -0.492661 -0.007307
vn 0.870191 -0.492661 -0.007307
vn 0.870191 -0.492661 -0.007307
vn 0.870190 -0.492662 -0.007307
vn 0.870190 -0.492662 -0.007307
vn 0.870190 -0.492662 -0.007307
vn 0.870190 -0.492662 -0.007308
vn 0.870190 -0.492662 -0.007308
vn 0.870190 -0.492662 -0.007308
vn 0.870190 -0.492663 -0.007307
vn 0.870190 -0.492663 -0.007307
vn 0.870190 -0.492663 -0.007307
vn 0.870190 -0.492662 -0.007307
vn 0.870190 -0.492662 -0.007307
vn 0.870190 -0.492662 -0.007307
vn 0.870190 -0.492661 -0.007307
vn 0.870190 -0.492661 -0.007307
vn 0.870190 -0.492661 -0.007307
vn 0.870189 -0.492663 -0.007308
vn 0.870189 -0.492663 -0.007308
vn 0.870189 -0.492663 -0.007308
vn -0.860322 0.509710 0.006425
vn -0.860322 0.509710 0.006425
vn -0.860322 0.509710 0.006425
vn -0.860322 0.509710 0.006425
vn -0.860322 0.509710 0.006425
vn -0.860323 0.509709 0.006425
vn -0.508402 -0.861120 -0.000012
vn -0.508404 -0.861119 -0.000009
vn -0.508401 -0.861120 -0.000013
vn -0.508402 -0.861120 -0.000012
vn -0.508401 -0.861120 -0.000013
vn -0.508398 -0.861122 -0.000016
vn 0.860335 -0.509718 -0.003469
vn 0.860335 -0.509717 -0.003469
vn 0.860335 -0.509717 -0.003469
vn 0.860335 -0.509718 -0.003469
vn 0.860335 -0.509717 -0.003469
vn 0.860335 -0.509717 -0.003469
vn 0.508403 0.861119 0.000012
vn 0.508410 0.861115 0.000017
vn 0.508402 0.861120 0.000011
vn 0.508403 0.861119 0.000012
vn 0.508402 0.861120 0.000011
vn 0.508398 0.861122 0.000009
vn 0.005764 -0.003415 0.999978
vn 0.005764 -0.003415 0.999978
vn 0.005764 -0.003415 0.999978
vn 0.005764 -0.003415 0.999978
vn 0.005764 -0.003415 0.999978
vn 0.005764 -0.003415 0.999978
vn 0.358110 0.933679 0.000019
vn 0.328850 0.944202 0.018421
vn 0.328850 0.944202 0.018421
vn 0.870191 -0.492661 -0.007307
vn 0.870191 -0.492661 -0.007307
vn 0.870191 -0.492661 -0.007307
vn 0.353965 0.935259 0.000031
vn 0.358096 0.933685 0.000030
vn 0.353965 0.935259 0.000031
vn 0.342949 0.939282 -0.011603
vn 0.342949 0.939282 -0.011603
vn 0.342949 0.939282 -0.011603
vn 0.332064 0.943255 0.001979
vn 0.332064 0.943255 0.001979
vn 0.332064 0.943255 0.001979
vn 0.333268 0.942832 0.000035
vn 0.333268 0.942832 0.000035
vn 0.333268 0.942832 0.000035
vn 0.343502 0.939140 -0.004766
vn 0.343502 0.939140 -0.004766
vn 0.343502 0.939140 -0.004766
vn 0.339292 0.940680 0.001124
vn 0.339292 0.940680 0.001124
vn 0.339292 0.940680 0.001124
vn 0.333392 0.942788 0.000121
vn 0.333392 0.942788 0.000122
vn 0.333392 0.942788 0.000122
vn 0.333263 0.942834 -0.000033
vn 0.333263 0.942834 -0.000034
vn 0.333263 0.942834 -0.000034
vn 0.870190 -0.492662 -0.007307
vn 0.870190 -0.492662 -0.007307
vn 0.870190 -0.492662 -0.007307
vn 0.870189 -0.492663 -0.007307
vn 0.870189 -0.492663 -0.007307
vn 0.870189 -0.492663 -0.007307
vn 0.870191 -0.492661 -0.007307
vn 0.870191 -0.492661 -0.007307
vn 0.870191 -0.492661 -0.007307
vn 0.870190 -0.492662 -0.007308
vn 0.870190 -0.492662 -0.007308
vn 0.870190 -0.492662 -0.007308
vn 0.870189 -0.492663 -0.007308
vn 0.870189 -0.492663 -0.007308
vn 0.870189 -0.492663 -0.007308
vn 0.870191 -0.492661 -0.007307
vn 0.870191 -0.492661 -0.007307
vn 0.870191 -0.492661 -0.007307
vn 0.870191 -0.492661 -0.007307
vn 0.870191 -0.492661 -0.007307
vn 0.870191 -0.492661 -0.007307
vn 0.870189 -0.492663 -0.007307
vn 0.870189 -0.492663 -0.007307
vn 0.870189 -0.492663 -0.007307
vn 0.870190 -0.492662 -0.007307
vn 0.870190 -0.492662 -0.007307
vn 0.870190 -0.492662 -0.007307
vn 0.870191 -0.492661 -0.007307
vn 0.870191 -0.492661 -0.007307
vn 0.870191 -0.492661 -0.007307
vn 0.870190 -0.492662 -0.007307
vn 0.870190 -0.492662 -0.007307
vn 0.870190 -0.492662 -0.007307
vn 0.870191 -0.492660 -0.007306
vn 0.870191 -0.492660 -0.007306
vn 0.870191 -0.492660 -0.007306
vn 0.870191 -0.492660 -0.007307
vn 0.870191 -0.492660 -0.007307
vn 0.870191 -0.492660 -0.007307
vn 0.870190 -0.492661 -0.007308
vn 0.870190 -0.492661 -0.007308
vn 0.870190 -0.492661 -0.007308
vn 0.870189 -0.492663 -0.007308
vn 0.870189 -0.492663 -0.007308
vn 0.870189 -0.492663 -0.007308
vn 0.870191 -0.492661 -0.007307
vn 0.870191 -0.492661 -0.007307
vn 0.870191 -0.492661 -0.007307
vn 0.870190 -0.492662 -0.007307
vn 0.870190 -0.492662 -0.007307
vn 0.870190 -0.492662 -0.007307
vn 0.870191 -0.492661 -0.007307
vn 0.870191 -0.492661 -0.007307
vn 0.870191 -0.492661 -0.007307
vn 0.870190 -0.492662 -0.007307
vn 0.870190 -0.492662 -0.007307
vn 0.870190 -0.492662 -0.007307
vn -0.507374 -0.861726 0.000290
vn -0.507374 -0.861726 0.000290
vn -0.507374 -0.861726 0.000290
vn -0.509492 -0.860473 0.001771
vn -0.509492 -0.860473 0.001771
vn -0.509492 -0.860473 0.001771
vn -0.507634 -0.861573 0.000183
vn -0.507634 -0.861573 0.000183
vn -0.507634 -0.861573 0.000183
vn -0.486133 -0.872424 -0.050500
vn -0.486133 -0.872424 -0.050500
vn -0.486133 -0.872424 -0.050500
vn -0.869459 0.493951 0.007307
vn -0.869459 0.493951 0.007307
vn -0.869459 0.493951 0.007307
vn -0.507896 -0.861418 -0.000543
vn -0.507896 -0.861418 -0.000543
vn -0.507896 -0.861418 -0.000543
vn -0.506838 -0.862041 0.000830
vn -0.506838 -0.862041 0.000830
vn -0.506838 -0.862041 0.000830
vn -0.506953 -0.861973 0.000714
vn -0.506953 -0.861973 0.000714
vn -0.506953 -0.861973 0.000714
vn -0.506915 -0.861996 0.000745
vn -0.506915 -0.861996 0.000745
vn -0.506915 -0.861996 0.000745
vn -0.506954 -0.861973 0.000713
vn -0.506954 -0.861973 0.000713
vn -0.506954 -0.861973 0.000713
vn -0.506727 -0.862106 0.000854
vn -0.506727 -0.862106 0.000854
vn -0.506727 -0.862106 0.000854
vn -0.511637 -0.859200 -0.001939
vn -0.511637 -0.859200 -0.001939
vn -0.511637 -0.859200 -0.001939
vn -0.508002 -0.861356 -0.000021
vn -0.508002 -0.861356 -0.000021
vn -0.508002 -0.861356 -0.000021
vn -0.507542 -0.861627 -0.000025
vn -0.507542 -0.861627 -0.000025
vn -0.507542 -0.861627 -0.000025
vn -0.505469 -0.862834 -0.004376
vn -0.505469 -0.862834 -0.004376
vn -0.505469 -0.862834 -0.004376
vn -0.495982 -0.867706 -0.033006
vn -0.495982 -0.867706 -0.033006
vn -0.495982 -0.867706 -0.033006
vn -0.490259 -0.870329 -0.046618
vn -0.490259 -0.870329 -0.046618
vn -0.490259 -0.870329 -0.046618
vn -0.868775 0.495154 0.007307
vn -0.868775 0.495154 0.007307
vn -0.868775 0.495154 0.007307
vn 0.544624 -0.310888 0.778931
vn 0.544624 -0.310888 0.778931
vn 0.544624 -0.310888 0.778931
vn 0.517349 -0.316390 0.795140
vn 0.517349 -0.316390 0.795140
vn 0.517349 -0.316390 0.795140
vn 0.527195 -0.300835 0.794710
vn 0.527195 -0.300835 0.794710
vn 0.527195 -0.300835 0.794710
vn 0.524277 -0.309524 0.793303
vn 0.524277 -0.309524 0.793303
vn 0.524277 -0.309524 0.793303
vn 0.544627 -0.310887 0.778929
vn 0.544627 -0.310887 0.778929
vn 0.544627 -0.310887 0.778929
vn 0.544868 -0.310690 0.778839
vn 0.544868 -0.310690 0.778839
vn 0.544868 -0.310690 0.778839
vn -0.362684 0.176022 0.915137
vn -0.362684 0.176022 0.915137
vn -0.362684 0.176022 0.915137
vn -0.355349 0.171298 0.918904
vn -0.355349 0.171298 0.918904
vn -0.355349 0.171298 0.918904
vn -0.359846 0.174308 0.916585
vn -0.359846 0.174308 0.916585
vn -0.359846 0.174308 0.916585
vn -0.359821 0.173597 0.916729
vn -0.359821 0.173597 0.916729
vn -0.359821 0.173597 0.916729
vn -0.359814 0.173514 0.916748
vn -0.359814 0.173514 0.916748
vn -0.359814 0.173514 0.916748
vn 0.507524 0.861638 -0.000002
vn 0.507524 0.861638 -0.000002
vn 0.507524 0.861638 -0.000002
vn 0.507525 0.861637 0.000001
vn 0.507525 0.861637 0.000001
vn 0.507525 0.861637 0.000001
vn 0.507357 0.861736 0.000001
vn 0.507357 0.861736 0.000001
vn 0.507357 0.861736 0.000001
vn 0.507357 0.861736 0.000001
vn 0.507357 0.861736 0.000001
vn 0.507357 0.861736 0.000001
vn 0.520335 -0.312510 0.794726
vn 0.520335 -0.312510 0.794726
vn 0.520335 -0.312510 0.794726
vn 0.520345 -0.312491 0.794727
vn 0.520345 -0.312491 0.794727
vn 0.520345 -0.312491 0.794727
vn -0.341518 0.205097 0.917224
vn -0.341518 0.205097 0.917224
vn -0.341518 0.205097 0.917224
vn -0.341513 0.205108 0.917224
vn -0.341513 0.205108 0.917224
vn -0.341513 0.205108 0.917224
vn -0.414122 0.248723 0.875580
vn -0.414122 0.248723 0.875580
vn -0.414122 0.248723 0.875580
vn -0.341473 0.205087 0.917243
vn -0.341473 0.205087 0.917243
vn -0.341473 0.205087 0.917243
vn -0.341473 0.205090 0.917243
vn -0.341473 0.205090 0.917243
vn -0.341473 0.205090 0.917243
vn -0.857267 0.514873 0.000021
vn -0.857267 0.514873 0.000021
vn -0.857267 0.514873 0.000021
vn -0.857271 0.514866 0.000001
vn -0.857271 0.514866 0.000001
vn -0.857271 0.514866 0.000001
vn 0.857271 -0.514866 0.000013
vn 0.857271 -0.514866 0.000013
vn 0.857271 -0.514866 0.000013
vn 0.857268 -0.514870 0.000001
vn 0.857268 -0.514870 0.000001
vn 0.857268 -0.514870 0.000001
vn 0.354213 0.935045 0.014960
vn 0.354213 0.935045 0.014960
vn 0.354213 0.935045 0.014960
vn 0.870217 -0.492668 0.000000
vn 0.870217 -0.492668 0.000000
vn 0.870217 -0.492668 0.000000
vn 0.990802 0.135320 -0.000009
vn 0.990802 0.135320 -0.000009
vn 0.995130 -0.098572 -0.000007
vn 0.990806 0.135292 0.000000
vn 0.990806 0.135292 0.000000
vn 0.995127 -0.098598 -0.000000
vn 0.990798 0.135348 -0.000027
vn 0.990798 0.135348 -0.000027
vn 0.995130 -0.098575 -0.000030
vn 0.990798 0.135351 -0.000031
vn 0.990798 0.135351 -0.000031
vn 0.995127 -0.098602 -0.000000
vn 0.990799 0.135343 0.000000
vn 0.990799 0.135343 0.000000
vn 0.995130 -0.098572 -0.000000
vn 0.990802 0.135320 0.000004
vn 0.990802 0.135320 0.000004
vn 0.995130 -0.098572 -0.000000
vn 0.990798 0.135351 0.000004
vn 0.990798 0.135351 0.000004
vn 0.995127 -0.098602 0.000005
vn 0.990799 0.135343 0.000005
vn 0.990799 0.135343 0.000005
vn 0.995130 -0.098572 -0.000000
vn 0.870205 -0.492690 -0.000017
vn 0.870205 -0.492690 -0.000017
vn 0.870205 -0.492690 -0.000017
vn 0.362695 0.931908 0.000000
vn 0.362695 0.931908 0.000000
vn 0.362695 0.931908 0.000000
vn 0.354051 0.935226 -0.000007
vn 0.354051 0.935226 -0.000007
vn 0.354051 0.935226 -0.000007
vn 0.354024 0.935236 -0.000029
vn 0.354024 0.935236 -0.000029
vn 0.354024 0.935236 -0.000029
vn 0.353918 0.935277 0.000020
vn 0.353918 0.935276 0.000020
vn 0.353918 0.935277 0.000020
vn 0.353920 0.935276 0.000000
vn 0.353920 0.935276 0.000000
vn 0.353920 0.935276 0.000000
vn 0.353924 0.935274 -0.000002
vn 0.353924 0.935274 -0.000002
vn 0.353924 0.935274 -0.000002
vn 0.014085 0.999901 -0.000008
vn 0.014085 0.999901 -0.000008
vn 0.014085 0.999901 -0.000008
vn 0.014088 0.999901 -0.000010
vn 0.014088 0.999901 -0.000010
vn 0.014088 0.999901 -0.000010
vn 0.014085 0.999901 0.000063
vn 0.014085 0.999901 0.000063
vn 0.014085 0.999901 0.000063
vn 0.014095 0.999901 0.000021
vn 0.014095 0.999901 0.000021
vn 0.014095 0.999901 0.000021
vn 0.014085 0.999901 0.000000
vn 0.014085 0.999901 0.000000
vn 0.014085 0.999901 0.000000
vn 0.014085 0.999901 0.000000
vn 0.014085 0.999901 0.000000
vn 0.014085 0.999901 0.000000
vn 0.014095 0.999901 -0.000007
vn 0.014095 0.999901 -0.000007
vn 0.014095 0.999901 -0.000007
vn 0.014085 0.999901 -0.000002
vn 0.014085 0.999901 -0.000002
vn 0.014085 0.999901 -0.000002
vn 0.362695 0.931908 0.000000
vn 0.362695 0.931908 0.000000
vn -0.349483 -0.936943 0.000000
vn 0.248544 0.033932 0.968026
vn 0.248544 0.033932 0.968026
vn 0.247838 -0.024563 0.968490
vn -0.492675 -0.870213 0.000000
vn -0.492675 -0.870213 0.000000
vn -0.492675 -0.870213 0.000000
vn -0.492674 -0.870214 0.000005
vn -0.492674 -0.870214 0.000005
vn -0.492674 -0.870214 0.000005
vn -0.492682 -0.870209 -0.000007
vn -0.492682 -0.870209 -0.000007
vn -0.492682 -0.870209 -0.000007
vn -0.492688 -0.870206 -0.000008
vn -0.492688 -0.870206 -0.000008
vn -0.492688 -0.870206 -0.000008
vn -0.000001 -0.000002 1.000000
vn -0.000001 -0.000002 1.000000
vn -0.000001 -0.000002 1.000000
vn -0.000001 -0.000002 1.000000
vn -0.000001 -0.000002 1.000000
vn -0.000001 -0.000002 1.000000
# 2577 vertex normals

vt 1.115997 0.278499 0.000000
vt 0.633932 0.278493 0.000000
vt 2.709149 1.066421 0.000000
vt -1.306159 -1.639068 0.000000
vt -0.346343 -1.549126 0.000000
vt 0.633933 -0.189497 0.000000
vt 1.115999 -0.189492 0.000000
vt 1.884053 0.278513 0.000000
vt 1.884055 -0.189478 0.000000
vt 1.115992 1.436800 0.000000
vt -2.058336 0.762378 0.000000
vt 0.700336 1.286580 0.000000
vt 0.763289 0.080360 0.000000
vt 0.633928 1.436795 0.000000
vt 0.633930 0.938466 0.000000
vt 1.115994 0.938470 0.000000
vt -0.030530 0.199046 0.000000
vt -0.030530 0.815536 0.000000
vt 1.116001 -0.838196 0.000000
vt 0.633936 -0.838202 0.000000
vt 0.025848 3.174976 0.000000
vt 1.884050 1.436814 0.000000
vt 1.884052 0.938484 0.000000
vt 0.001620 0.023869 0.000000
vt 0.757279 0.165533 0.000000
vt 0.246148 -0.365143 0.000000
vt 1.884057 -0.838183 0.000000
vt 0.029828 0.182921 0.000000
vt -0.402091 -1.339247 0.000000
vt -0.402092 -0.838204 0.000000
vt -0.861866 -0.189497 0.000000
vt -0.402095 -0.189499 0.000000
vt -0.402097 0.278490 0.000000
vt -0.861868 0.278491 0.000000
vt -0.402101 1.436793 0.000000
vt -0.861871 1.436793 0.000000
vt -0.861870 0.938463 0.000000
vt -0.402100 0.938463 0.000000
vt 0.347234 0.278490 0.000000
vt 2.733505 -0.033377 0.000000
vt -0.193578 1.754414 0.000000
vt 0.014142 0.097517 0.000000
vt -0.131087 0.278488 0.000000
vt -0.131086 -0.189501 0.000000
vt 0.347236 -0.189499 0.000000
vt 1.396581 -0.189488 0.000000
vt 1.396579 0.278503 0.000000
vt 1.396572 2.094615 0.000000
vt 1.884047 2.094623 0.000000
vt 0.801858 -0.933477 0.000000
vt -1.216716 0.121424 0.000000
vt -1.216685 -0.135316 0.000000
vt -0.267127 -0.133634 0.000000
vt -0.410411 -1.639071 0.000000
vt -0.267157 0.123078 0.000000
vt -0.262512 2.410142 0.000000
vt 3.960679 1.986607 0.000000
vt -0.288485 -1.635789 0.000000
vt -1.304619 -1.585681 0.000000
vt -0.694097 -1.635789 0.000000
vt -0.694489 -1.661419 0.000000
vt -0.313444 -1.661419 0.000000
vt -1.011228 -1.635789 0.000000
vt -1.011559 -1.661419 0.000000
vt -1.413501 -1.635789 0.000000
vt -1.387247 -1.661419 0.000000
vt 0.751585 0.585509 0.000000
vt 0.507006 0.667511 0.000000
vt 0.644832 0.888016 0.000000
vt 0.270082 0.586148 0.000000
vt 0.099422 0.098630 0.000000
vt 0.901888 0.098576 0.000000
vt 0.820194 0.673203 0.000000
vt 0.645129 0.888086 0.000000
vt 0.645354 0.887923 0.000000
vt 0.100006 0.360086 0.000000
vt 0.645021 0.888200 0.000000
vt 0.343755 0.888267 0.000000
vt 0.901731 0.351237 0.000000
vt 0.901736 0.351391 0.000000
vt 0.752511 0.585489 0.000000
vt 0.507007 0.667794 0.000000
vt 0.644822 0.888001 0.000000
vt 0.996315 0.390380 0.000000
vt 0.099669 0.098631 0.000000
vt 0.901947 0.098570 0.000000
vt -1.289147 -1.641953 0.000000
vt 0.645141 0.888089 0.000000
vt 0.269918 0.586143 0.000000
vt 0.645324 0.887947 0.000000
vt 0.645017 0.888198 0.000000
vt 0.343754 0.888249 0.000000
vt 0.005189 0.622821 0.000000
vt 0.995789 0.622821 0.000000
vt 0.022280 0.988367 0.000000
vt 0.022280 0.638714 0.000000
vt 0.977769 0.638714 0.000000
vt 0.022177 0.639062 0.000000
vt 1.278445 2.400573 0.000000
vt 1.115990 2.094611 0.000000
vt 0.633925 2.094606 0.000000
vt 0.347227 2.094603 0.000000
vt 0.347229 1.436793 0.000000
vt 1.396574 1.436805 0.000000
vt -0.131091 1.436791 0.000000
vt -0.131089 0.938461 0.000000
vt 0.347231 0.938463 0.000000
vt 1.396576 0.938475 0.000000
vt 2.282804 1.066424 0.000000
vt -0.381693 0.182921 0.000000
vt 0.901732 0.350904 0.000000
vt 0.751690 0.585500 0.000000
vt 0.507005 0.665668 0.000000
vt 0.644801 0.887958 0.000000
vt 0.751585 0.585509 0.000000
vt 0.099992 0.098634 0.000000
vt 0.901938 0.098598 0.000000
vt 0.996391 0.389546 0.000000
vt 0.819177 0.673159 0.000000
vt 0.901726 0.352208 0.000000
vt 0.645105 0.888076 0.000000
vt 0.506998 0.785709 0.000000
vt 0.271340 0.586154 0.000000
vt 0.645378 0.887891 0.000000
vt 0.645015 0.888192 0.000000
vt 0.343753 0.888256 0.000000
vt 2.248429 1.036370 0.000000
vt 2.248425 -0.031251 0.000000
vt 2.278519 1.036231 0.000000
vt 2.703419 1.036227 0.000000
vt 2.733509 1.036371 0.000000
vt -0.193613 -0.200506 0.000000
vt -0.075458 0.822980 0.000000
vt -0.075319 -0.200469 0.000000
vt -0.065787 0.827454 0.000000
vt -0.075279 1.754718 0.000000
vt 0.010000 0.075743 0.000000
vt 0.759157 0.058570 0.000000
vt 0.098447 0.022917 0.000000
vt 0.010000 0.165531 0.000000
vt -0.193578 1.754414 0.000000
vt 0.836393 0.301304 0.000000
vt 0.788704 0.985082 0.000000
vt -0.069275 0.833028 0.000000
vt -0.025487 0.832818 0.000000
vt -0.075458 0.206487 0.000000
vt -0.022837 0.192156 0.000000
vt -0.066625 0.192021 0.000000
vt 0.785370 0.012247 0.000000
vt 0.828877 0.985522 0.000000
vt 0.788704 0.985082 0.000000
vt 0.006463 0.002205 0.000000
vt 0.696792 0.002205 0.000000
vt 0.006463 0.995473 0.000000
vt 0.696779 0.995473 0.000000
vt 0.696383 0.002205 0.000000
vt 0.696383 0.995475 0.000000
vt 0.801677 0.528389 0.000000
vt 0.564050 0.524820 0.000000
vt 0.505035 2.400573 0.000000
vt 0.564753 -0.936637 0.000000
vt -1.363515 -1.560722 0.000000
vt 2.646486 1.990601 0.000000
vt -0.692041 -1.549126 0.000000
vt -1.007473 -1.549126 0.000000
vt 0.645345 0.888243 0.000000
vt 0.099380 0.358552 0.000000
vt 0.645451 0.888159 0.000000
vt 0.901731 0.351237 0.000000
vt 0.645370 0.888267 0.000000
vt 0.196049 0.675846 0.000000
vt 0.011630 0.414941 0.000000
vt 0.002977 0.003316 0.000000
vt 0.997766 0.003266 0.000000
vt -0.260008 2.677407 0.000000
vt 0.507006 0.667511 0.000000
vt 0.270082 0.586148 0.000000
vt 0.099997 0.359959 0.000000
vt 0.099992 0.098634 0.000000
vt 0.901938 0.098598 0.000000
vt 0.005189 0.975710 0.000000
vt 0.022177 0.987641 0.000000
vt 1.866963 -1.366306 0.000000
vt -1.603766 2.668113 0.000000
vt -1.212074 2.408752 0.000000
vt 0.901717 0.351502 0.000000
vt 0.100026 0.360305 0.000000
vt 0.100021 0.098642 0.000000
vt 0.901920 0.098616 0.000000
vt 0.995789 0.981979 0.000000
vt 0.977769 0.988367 0.000000
vt 0.100002 0.360386 0.000000
vt 0.645413 0.888108 0.000000
vt 0.507003 0.785778 0.000000
vt 0.196540 0.675902 0.000000
vt 0.011566 0.415041 0.000000
vt 0.003159 0.002932 0.000000
vt 0.997802 0.003257 0.000000
vt 0.996291 0.389955 0.000000
vt 0.820761 0.673139 0.000000
vt 0.506999 0.785936 0.000000
vt 0.197024 0.675876 0.000000
vt 0.011554 0.416200 0.000000
vt 0.003139 0.003061 0.000000
vt 0.997755 0.003403 0.000000
vt 2.646486 1.990601 0.000000
vt 0.751638 0.585505 0.000000
vt 0.507011 0.666451 0.000000
vt 0.270257 0.586148 0.000000
vt 0.100006 0.360086 0.000000
vt 0.100002 0.098642 0.000000
vt 0.901933 0.098616 0.000000
vt 0.000005 0.999987 0.000000
vt -0.000002 0.006050 0.000000
vt 0.761359 0.006044 0.000000
vt 0.761367 0.999999 0.000000
vt 0.645428 0.888134 0.000000
vt 1.396583 -0.838193 0.000000
vt 0.347238 -0.838204 0.000000
vt 0.993895 3.177551 0.000000
vt 0.993894 -1.068507 0.000000
vt -0.131083 -0.838206 0.000000
vt -0.402103 2.094605 0.000000
vt -0.131093 2.094601 0.000000
vt -0.260559 2.400573 0.000000
vt -0.469736 -0.015588 0.000000
vt -0.861874 2.094606 0.000000
vt 0.801522 1.974811 0.000000
vt 0.645367 0.888259 0.000000
vt -0.392467 -1.592030 0.000000
vt -0.335810 -1.565217 0.000000
vt 2.279237 -0.031295 0.000000
vt 2.702691 -0.033425 0.000000
vt 0.006458 0.002204 0.000000
vt 0.696937 0.002205 0.000000
vt 0.006476 0.995475 0.000000
vt 0.006476 0.002205 0.000000
vt -1.353518 -1.549126 0.000000
vt -0.394590 -1.641950 0.000000
vt 0.977769 0.638714 0.000000
vt 0.977769 0.988367 0.000000
vt -2.406078 1.403820 0.000000
vt 1.289744 -1.339247 0.000000
vt 0.889214 -1.339247 0.000000
vt 0.539445 -1.339247 0.000000
vt 0.294309 -1.339247 0.000000
vt -0.062531 -1.339247 0.000000
vt -2.238000 1.573534 0.000000
vt 2.140440 2.400573 0.000000
vt 2.140440 1.183102 0.000000
vt 2.140440 0.045072 0.000000
vt 2.140440 -1.339247 0.000000
vt 0.231380 -0.364083 0.000000
vt -0.008110 -0.015588 0.000000
vt 1.239933 1.137860 0.000000
vt 1.239933 -0.015588 0.000000
vt -0.963841 0.182921 0.000000
vt -0.381693 0.842967 0.000000
vt 0.345475 0.182921 0.000000
vt 0.345475 1.252663 0.000000
vt 0.029828 1.271727 0.000000
vt 0.029828 0.842967 0.000000
vt -1.991927 0.182921 0.000000
vt -2.096242 -0.015586 0.000000
vt -0.998505 -0.015588 0.000000
vt 0.322279 -0.015588 0.000000
vt 0.768929 1.250536 0.000000
vt 0.768929 0.182921 0.000000
vt 0.792800 -0.015588 0.000000
vt -0.381693 1.393198 0.000000
vt -0.963841 1.540633 0.000000
vt -1.991927 1.540633 0.000000
vt -2.096242 1.415383 0.000000
vt 0.179930 -2.073228 0.000000
vt 0.219040 1.358149 0.000000
vt 0.286258 1.508153 0.000000
vt 0.273348 -2.004578 0.000000
vt 0.219036 2.619902 0.000000
vt 0.286255 2.450523 0.000000
vt 0.179933 -0.940749 0.000000
vt 0.273352 -1.011038 0.000000
vt 0.179692 -2.073228 0.000000
vt 0.218911 1.358149 0.000000
vt 0.286243 1.508153 0.000000
vt 0.273209 -2.004578 0.000000
vt 0.218908 2.619902 0.000000
vt 0.286240 2.450523 0.000000
vt 0.179695 -0.940750 0.000000
vt 0.273211 -1.011038 0.000000
vt 0.179930 -2.073228 0.000000
vt 0.218911 1.358149 0.000000
vt 0.286243 1.508153 0.000000
vt 0.273346 -2.004578 0.000000
vt 0.218908 2.619902 0.000000
vt 0.286240 2.450523 0.000000
vt 0.179933 -0.940749 0.000000
vt 0.273349 -1.011038 0.000000
vt 0.218908 2.619902 0.000000
vt 0.179933 -0.940749 0.000000
vt 0.273349 -1.011038 0.000000
vt 0.286240 2.450523 0.000000
vt 0.179930 -2.073195 0.000000
vt 0.273346 -2.004496 0.000000
vt 0.218912 1.358182 0.000000
vt 0.286243 1.508416 0.000000
vt 0.218877 2.619902 0.000000
vt 0.179933 -0.940749 0.000000
vt 0.273349 -1.011038 0.000000
vt 0.286236 2.450523 0.000000
vt 0.179930 -2.073195 0.000000
vt 0.273346 -2.004496 0.000000
vt 0.218881 1.358182 0.000000
vt 0.286240 1.508416 0.000000
vt 0.219036 2.619902 0.000000
vt 0.179933 -0.940749 0.000000
vt 0.273352 -1.011038 0.000000
vt 0.286255 2.450523 0.000000
vt 0.179930 -2.073195 0.000000
vt 0.273348 -2.004496 0.000000
vt 0.219040 1.358182 0.000000
vt 0.286258 1.508416 0.000000
vt 0.218912 1.358168 0.000000
vt 0.218908 2.619903 0.000000
vt 0.286240 2.450523 0.000000
vt 0.286243 1.508308 0.000000
vt 0.179933 -0.940749 0.000000
vt 0.273349 -1.011038 0.000000
vt 0.179930 -2.073209 0.000000
vt 0.273346 -2.004529 0.000000
vt 0.218881 1.358168 0.000000
vt 0.218877 2.619903 0.000000
vt 0.286236 2.450523 0.000000
vt 0.286240 1.508309 0.000000
vt 0.179933 -0.940749 0.000000
vt 0.273349 -1.011038 0.000000
vt 0.179930 -2.073209 0.000000
vt 0.273346 -2.004529 0.000000
vt 0.179933 -0.940749 0.000000
vt 0.179930 -2.073209 0.000000
vt 0.273348 -2.004529 0.000000
vt 0.273352 -1.011038 0.000000
vt 0.219040 1.358168 0.000000
vt 0.286258 1.508309 0.000000
vt 0.219036 2.619903 0.000000
vt 0.286255 2.450523 0.000000
vt 0.179930 -2.073128 0.000000
vt 0.273348 -2.004328 0.000000
vt 0.273352 -1.011038 0.000000
vt 0.219040 1.358248 0.000000
vt 0.286258 1.508951 0.000000
vt 0.219036 2.619903 0.000000
vt 0.286255 2.450523 0.000000
vt 0.179933 -0.940749 0.000000
vt 0.179929 -2.073128 0.000000
vt 0.273345 -2.004328 0.000000
vt 0.273349 -1.011038 0.000000
vt 0.218881 1.358248 0.000000
vt 0.286240 1.508951 0.000000
vt 0.218877 2.619903 0.000000
vt 0.286236 2.450523 0.000000
vt 0.218912 1.358248 0.000000
vt 0.218908 2.619902 0.000000
vt 0.286240 2.450523 0.000000
vt 0.286243 1.508951 0.000000
vt 0.179933 -0.940749 0.000000
vt 0.273349 -1.011038 0.000000
vt 0.179929 -2.073128 0.000000
vt 0.273345 -2.004328 0.000000
vt -0.070859 0.197595 0.000000
vt -0.027072 0.197385 0.000000
vt -0.021994 0.827589 0.000000
vt 0.825005 0.012107 0.000000
vt 0.828339 0.984941 0.000000
vt -0.193578 1.754414 0.000000
vt -0.193574 -0.200766 0.000000
vt -0.075367 -0.200767 0.000000
vt -0.075377 1.754417 0.000000
vt -0.193578 1.754414 0.000000
vt -0.193574 -0.200734 0.000000
vt -0.075368 -0.200734 0.000000
vt -0.075377 1.754417 0.000000
vt -0.193578 1.754414 0.000000
vt -0.193575 -0.200571 0.000000
vt -0.075369 -0.200572 0.000000
vt -0.075377 1.754417 0.000000
vt 0.831666 0.012386 0.000000
vt 0.828339 0.985221 0.000000
vt 0.788704 0.985082 0.000000
vt 0.792030 0.012247 0.000000
vt -0.193578 1.754414 0.000000
vt -0.193574 -0.200814 0.000000
vt -0.075367 -0.200814 0.000000
vt -0.075377 1.754417 0.000000
vt 0.788704 0.985082 0.000000
vt 0.785371 0.012249 0.000000
vt 0.825006 0.012110 0.000000
vt 0.828339 0.984942 0.000000
vt 0.831665 0.012388 0.000000
vt 0.828339 0.985221 0.000000
vt 0.788704 0.985082 0.000000
vt 0.792030 0.012250 0.000000
vt 0.788704 0.985082 0.000000
vt 0.785371 0.012250 0.000000
vt 0.825006 0.012110 0.000000
vt 0.828339 0.984942 0.000000
vt -0.193578 1.754414 0.000000
vt -0.193574 -0.200814 0.000000
vt -0.075367 -0.200814 0.000000
vt -0.075377 1.754417 0.000000
vt 0.836321 0.307781 0.000000
vt 0.828877 0.985522 0.000000
vt 0.788704 0.985082 0.000000
vt 0.796148 0.307340 0.000000
vt 0.788704 0.985082 0.000000
vt 0.785369 0.012250 0.000000
vt 0.825005 0.012111 0.000000
vt 0.828339 0.984941 0.000000
vt -0.193578 1.754414 0.000000
vt -0.193574 -0.200814 0.000000
vt -0.075367 -0.200814 0.000000
vt -0.075377 1.754417 0.000000
vt 0.831666 0.012390 0.000000
vt 0.828339 0.985221 0.000000
vt 0.788704 0.985082 0.000000
vt 0.792030 0.012251 0.000000
vt -0.193578 1.754414 0.000000
vt -0.193574 -0.200734 0.000000
vt -0.075368 -0.200734 0.000000
vt -0.075377 1.754417 0.000000
vt 0.836494 0.291954 0.000000
vt 0.828876 0.985522 0.000000
vt 0.788704 0.985082 0.000000
vt 0.796321 0.291513 0.000000
vt 0.831666 0.012389 0.000000
vt 0.828339 0.985221 0.000000
vt 0.788704 0.985082 0.000000
vt 0.792030 0.012250 0.000000
vt -0.193578 1.754414 0.000000
vt -0.193574 -0.200734 0.000000
vt -0.075368 -0.200734 0.000000
vt -0.075377 1.754417 0.000000
vt 0.835969 0.339872 0.000000
vt 0.828877 0.985522 0.000000
vt 0.788704 0.985082 0.000000
vt 0.795796 0.339432 0.000000
vt -0.193578 1.754414 0.000000
vt -0.193574 -0.200766 0.000000
vt -0.075367 -0.200767 0.000000
vt -0.075377 1.754417 0.000000
vt -0.193574 -0.200766 0.000000
vt -0.075367 -0.200767 0.000000
vt -0.075377 1.754417 0.000000
vt 0.796220 0.300863 0.000000
vt -0.193578 1.754414 0.000000
vt -0.193575 -0.200571 0.000000
vt -0.075369 -0.200572 0.000000
vt -0.075377 1.754417 0.000000
vt -0.193578 1.754414 0.000000
vt -0.193575 -0.200571 0.000000
vt -0.075369 -0.200572 0.000000
vt -0.075377 1.754417 0.000000
vt 0.903831 -1.507777 0.000000
vt 0.907534 -1.507798 0.000000
vt 0.907990 -1.507798 0.000000
vt 0.908017 2.336396 0.000000
vt 0.775897 -1.712585 0.000000
vt 0.908017 2.336396 0.000000
vt 0.775916 -1.710510 0.000000
vt 0.908017 2.336396 0.000000
vt -0.000619 0.632759 0.000000
vt 0.775291 2.182647 0.000000
vt 0.775266 -1.366886 0.000000
vt -0.000591 0.013780 0.000000
vt 0.696383 0.635867 0.000000
vt 0.766502 2.182608 0.000000
vt 0.766476 -1.362698 0.000000
vt -0.001982 0.633118 0.000000
vt -0.001685 0.013805 0.000000
vt 0.696383 0.016559 0.000000
vt 0.696358 0.636020 0.000000
vt -0.001686 0.633267 0.000000
vt 0.753067 2.551294 0.000000
vt 0.739032 -1.545947 0.000000
vt 0.908671 -1.545948 0.000000
vt 0.922706 2.551293 0.000000
vt -0.000239 0.993319 0.000000
vt 0.696883 0.002585 0.000000
vt 0.697770 0.995903 0.000000
vt 0.947314 -1.575673 0.000000
vt 0.915451 2.513499 0.000000
vt 0.945804 -1.382028 0.000000
vt 0.915451 2.513499 0.000000
vt 0.696883 0.995435 0.000000
vt 0.000000 0.992850 0.000000
vt 0.000000 0.000000 0.000000
vt 0.696883 0.002585 0.000000
vt 0.743511 2.510839 0.000000
vt 0.000003 -0.000380 0.000000
vt 0.696792 0.002205 0.000000
vt 0.775373 -1.578333 0.000000
vt 0.000004 0.000000 0.000000
vt 0.696754 0.002585 0.000000
vt 0.000003 0.992888 0.000000
vt 0.696779 0.995473 0.000000
vt 0.696383 0.002585 0.000000
vt 0.696383 0.995435 0.000000
vt 0.696383 0.002205 0.000000
vt 0.743511 2.510836 0.000000
vt 0.696383 0.995475 0.000000
vt 0.773865 -1.384688 0.000000
vt 0.929635 -1.560358 0.000000
vt 0.781786 2.198821 0.000000
vt 0.787180 -1.557635 0.000000
vt 0.775931 2.479700 0.000000
vt 0.791414 -1.576500 0.000000
vt 0.929706 -1.571241 0.000000
vt 0.782992 -1.555098 0.000000
vt 0.929666 -1.573778 0.000000
vt 0.781761 -1.387263 0.000000
vt 0.696547 0.016528 0.000000
vt 0.696547 0.635508 0.000000
vt -0.001948 0.013810 0.000000
vt 0.696383 0.016559 0.000000
vt -0.001120 0.000001 0.000000
vt -0.000002 -0.000380 0.000000
vt 0.696937 0.002205 0.000000
vt 0.000016 0.992890 0.000000
vt 0.000016 -0.000380 0.000000
vt 0.696754 0.995435 0.000000
vt 0.000004 0.992850 0.000000
vt 0.000016 0.992850 0.000000
vt 0.000016 0.000000 0.000000
vt 0.947617 -1.614719 0.000000
vt 0.915451 2.513499 0.000000
vt 0.743511 2.510839 0.000000
vt 0.775676 -1.617383 0.000000
vt 0.945806 -1.382033 0.000000
vt 0.915451 2.513499 0.000000
vt 0.743511 2.510839 0.000000
vt 0.773866 -1.384694 0.000000
vt 0.947314 -1.575673 0.000000
vt 0.915451 2.513499 0.000000
vt 0.743511 2.510836 0.000000
vt 0.775373 -1.578333 0.000000
vt 0.753067 2.551294 0.000000
vt 0.738749 -1.628204 0.000000
vt 0.908388 -1.628802 0.000000
vt 0.922706 2.550696 0.000000
vt 0.948055 -1.671152 0.000000
vt 0.915451 2.513499 0.000000
vt 0.743511 2.510839 0.000000
vt 0.776114 -1.673812 0.000000
vt 0.936998 -1.627608 0.000000
vt 0.922706 2.551890 0.000000
vt 0.753067 2.551294 0.000000
vt 0.767358 -1.628204 0.000000
vt 0.936996 -1.627612 0.000000
vt 0.922706 2.551890 0.000000
vt 0.753067 2.551294 0.000000
vt 0.767356 -1.628208 0.000000
vt 0.753067 2.551294 0.000000
vt 0.738744 -1.628206 0.000000
vt 0.908384 -1.628804 0.000000
vt 0.922706 2.550696 0.000000
vt 0.936998 -1.627612 0.000000
vt 0.922706 2.551890 0.000000
vt 0.753067 2.551294 0.000000
vt 0.767358 -1.628208 0.000000
vt 0.753067 2.551294 0.000000
vt 0.738744 -1.628211 0.000000
vt 0.908384 -1.628809 0.000000
vt 0.922706 2.550696 0.000000
vt 0.936996 -1.627608 0.000000
vt 0.922706 2.551890 0.000000
vt 0.753067 2.551294 0.000000
vt 0.767356 -1.628204 0.000000
vt 0.948057 -1.671159 0.000000
vt 0.915451 2.513499 0.000000
vt 0.743511 2.510839 0.000000
vt 0.776116 -1.673819 0.000000
vt 0.753067 2.551294 0.000000
vt 0.738744 -1.628211 0.000000
vt 0.908384 -1.628809 0.000000
vt 0.922706 2.550696 0.000000
vt 0.936715 -1.545948 0.000000
vt 0.922708 2.551293 0.000000
vt 0.753067 2.551294 0.000000
vt 0.767076 -1.545947 0.000000
vt 0.753067 2.551294 0.000000
vt 0.739027 -1.545947 0.000000
vt 0.908667 -1.545948 0.000000
vt 0.922706 2.551293 0.000000
vt 0.947314 -1.575673 0.000000
vt 0.915149 2.552560 0.000000
vt 0.743209 2.549898 0.000000
vt 0.775373 -1.578333 0.000000
vt 0.936715 -1.545948 0.000000
vt 0.922706 2.551293 0.000000
vt 0.753067 2.551294 0.000000
vt 0.767076 -1.545947 0.000000
vt 0.753067 2.551294 0.000000
vt 0.739027 -1.545947 0.000000
vt 0.908667 -1.545948 0.000000
vt 0.922706 2.551293 0.000000
vt 0.936715 -1.545948 0.000000
vt 0.922706 2.551293 0.000000
vt 0.753067 2.551294 0.000000
vt 0.767076 -1.545947 0.000000
vt 0.753067 2.551294 0.000000
vt 0.739032 -1.545947 0.000000
vt 0.908671 -1.545948 0.000000
vt 0.922705 2.551293 0.000000
vt 0.936717 -1.545948 0.000000
vt 0.922706 2.551293 0.000000
vt 0.753067 2.551294 0.000000
vt 0.767078 -1.545947 0.000000
vt 0.767870 2.313675 0.000000
vt 0.769946 2.313655 0.000000
vt 0.769610 -1.530507 0.000000
vt 0.767495 -1.530496 0.000000
vt 0.765642 2.313675 0.000000
vt 0.903954 2.176079 0.000000
vt 0.906651 -1.389628 0.000000
vt 0.765227 -1.530507 0.000000
vt 0.903928 -1.410005 0.000000
vt 0.909214 2.159866 0.000000
vt 0.909188 -1.385441 0.000000
vt 0.906677 2.159905 0.000000
vt 0.911941 2.475541 0.000000
vt 0.911964 2.479244 0.000000
vt 0.911964 2.479700 0.000000
vt 0.911917 -1.710818 0.000000
vt 0.911905 -1.712933 0.000000
vt 0.787193 2.363118 0.000000
vt 0.783006 2.354328 0.000000
vt 0.911917 -1.715201 0.000000
vt 0.791428 2.353470 0.000000
vt 0.775931 2.479700 0.000000
vt 0.775931 2.479700 0.000000
vt 0.929680 2.346974 0.000000
vt 0.929720 2.338185 0.000000
vt 0.775897 -1.714813 0.000000
vt 0.929649 2.369612 0.000000
vt -2.520738 -0.765288 0.000000
vt -2.786434 -0.692971 0.000000
vt -2.786431 -1.264009 0.000000
vt -3.054600 -0.751403 0.000000
vt -2.004498 -1.264660 0.000000
vt -2.645450 1.873199 0.000000
vt -2.342457 1.509599 0.000000
vt -2.065245 1.359440 0.000000
vt -2.065242 2.446042 0.000000
vt -1.763417 1.507429 0.000000
vt -2.645448 2.446107 0.000000
vt -2.342453 2.446071 0.000000
vt -1.763414 2.446033 0.000000
vt -1.463697 1.851102 0.000000
vt -1.463695 2.446036 0.000000
vt -2.938018 2.446157 0.000000
vt -2.571282 1.176257 0.000000
vt -2.838263 1.232691 0.000000
vt -2.838261 0.747781 0.000000
vt -2.571280 0.747795 0.000000
vt -3.101476 1.179435 0.000000
vt -3.101475 0.747777 0.000000
vt -3.370343 0.976419 0.000000
vt -2.042001 0.747879 0.000000
vt -2.296123 0.975533 0.000000
vt -2.520736 -1.264224 0.000000
vt -2.251986 -0.957696 0.000000
vt -2.251985 -1.264462 0.000000
vt -3.054598 -1.263861 0.000000
vt -3.315566 -0.919787 0.000000
vt -3.315565 -1.263758 0.000000
vt -3.370342 0.747769 0.000000
vt -3.627628 0.748015 0.000000
vt -3.627628 0.747804 0.000000
vt -2.296122 0.747761 0.000000
vt -2.041948 0.747663 0.000000
vt -1.170438 2.446055 0.000000
vt -3.575529 -1.263744 0.000000
vt -0.287323 -0.704032 0.000000
vt -0.349442 1.403462 0.000000
vt -0.287323 -0.704032 0.000000
vt -0.348963 1.405281 0.000000
vt -0.451517 -0.588680 0.000000
vt -0.451079 -0.589818 0.000000
vt 0.645354 0.941735 0.000000
vt 0.645340 0.941737 0.000000
vt 0.645571 0.941719 0.000000
vt 0.343696 0.941733 0.000000
vt 0.645699 0.941674 0.000000
vt 0.645718 0.941673 0.000000
vt 0.645673 0.941712 0.000000
vt 0.645374 0.941735 0.000000
vt 0.645343 0.941738 0.000000
vt 0.343696 0.941729 0.000000
vt 0.645704 0.941685 0.000000
vt 0.645568 0.941719 0.000000
vt 0.645357 0.941735 0.000000
vt 0.645322 0.941728 0.000000
vt 0.343697 0.941723 0.000000
vt 0.645691 0.941684 0.000000
vt 0.645652 0.941712 0.000000
vt 0.645588 0.941714 0.000000
vt 0.645683 0.941684 0.000000
vt 0.645673 0.941711 0.000000
vt 0.645724 0.941673 0.000000
vt 0.954291 0.939944 0.000000
vt 0.053235 0.942962 0.000000
vt 0.954288 0.940129 0.000000
vt 0.053265 0.942337 0.000000
vt 0.954276 0.940219 0.000000
vt 0.053253 0.942062 0.000000
vt 0.052100 0.887730 0.000000
vt 0.955348 0.886348 0.000000
vt 0.052130 0.887761 0.000000
vt 0.955428 0.886184 0.000000
vt 0.052168 0.887836 0.000000
vt 0.955416 0.886909 0.000000
vt 0.343735 0.888131 0.000000
vt 0.343736 0.888162 0.000000
vt 0.343736 0.888154 0.000000
vt 0.343728 0.941696 0.000000
vt 0.343726 0.941694 0.000000
vt 0.343728 0.941695 0.000000
vt 0.343727 0.888018 0.000000
vt 0.343728 0.888026 0.000000
vt 0.343726 0.887999 0.000000
vt 0.343693 0.941705 0.000000
vt 0.343694 0.941708 0.000000
vt 0.343693 0.941705 0.000000
vt 0.343754 0.888008 0.000000
vt 0.343755 0.887991 0.000000
vt 0.343757 0.887949 0.000000
vt 0.343710 0.941734 0.000000
vt 0.343710 0.941735 0.000000
vt 0.343712 0.941725 0.000000
vt 0.343767 0.888062 0.000000
vt 0.343764 0.888071 0.000000
vt 0.343771 0.888045 0.000000
vt 0.343731 0.941744 0.000000
vt 0.343731 0.941744 0.000000
vt 0.343733 0.941742 0.000000
vt 0.343719 0.888192 0.000000
vt 0.343720 0.888133 0.000000
vt 0.343719 0.888161 0.000000
vt 0.343705 0.941688 0.000000
vt 0.343700 0.941694 0.000000
vt 0.343706 0.941689 0.000000
vt 0.661415 0.763108 0.000000
vt -2.653584 -1.264116 0.000000
vt 0.349245 0.761780 0.000000
vt -2.920515 -1.263935 0.000000
vt 0.089607 0.557523 0.000000
vt -3.185081 -1.263810 0.000000
vt 0.933275 0.546372 0.000000
vt -2.386360 -1.264343 0.000000
vt 0.492639 0.941734 0.000000
vt 0.633002 0.650656 0.000000
vt 0.493201 0.941740 0.000000
vt 0.386070 0.650294 0.000000
vt 0.493022 0.941703 0.000000
vt 0.171343 0.482228 0.000000
vt 0.492921 0.941708 0.000000
vt 0.853294 0.481895 0.000000
vt 0.633117 0.650492 0.000000
vt 0.493352 0.888047 0.000000
vt 0.386246 0.650140 0.000000
vt 0.492980 0.888039 0.000000
vt 0.171431 0.482228 0.000000
vt 0.492898 0.888042 0.000000
vt 0.853321 0.481894 0.000000
vt 0.493167 0.888142 0.000000
vt -2.653586 -0.713111 0.000000
vt -2.386362 -0.856686 0.000000
vt -2.920517 -0.705367 0.000000
vt -3.185083 -0.826784 0.000000
vt 0.933750 0.546377 0.000000
vt -2.493951 2.446089 0.000000
vt 0.661627 0.763087 0.000000
vt -2.203847 2.446057 0.000000
vt 0.349415 0.761781 0.000000
vt -1.914327 2.446038 0.000000
vt 0.089777 0.557594 0.000000
vt -1.613554 2.446034 0.000000
vt -2.203851 1.403735 0.000000
vt -1.914331 1.406397 0.000000
vt -1.613557 1.660848 0.000000
vt -2.493953 1.679085 0.000000
vt 0.492959 0.941710 0.000000
vt 0.853861 0.481893 0.000000
vt 0.492684 0.941735 0.000000
vt 0.633477 0.650651 0.000000
vt 0.493199 0.941741 0.000000
vt 0.386000 0.650323 0.000000
vt 0.493027 0.941704 0.000000
vt 0.171253 0.482232 0.000000
vt 0.852690 0.481899 0.000000
vt 0.493176 0.888143 0.000000
vt 0.632819 0.650555 0.000000
vt 0.493400 0.888040 0.000000
vt 0.386366 0.650197 0.000000
vt 0.492853 0.888036 0.000000
vt 0.171553 0.482232 0.000000
vt 0.492840 0.888040 0.000000
vt 0.853311 0.481890 0.000000
vt 0.493070 0.888121 0.000000
vt 0.633002 0.650656 0.000000
vt 0.493373 0.888013 0.000000
vt 0.386070 0.650294 0.000000
vt 0.493003 0.888001 0.000000
vt 0.171324 0.482226 0.000000
vt 0.492963 0.888042 0.000000
vt -2.704772 1.222127 0.000000
vt 0.660832 0.763074 0.000000
vt -2.704771 0.747788 0.000000
vt -2.969869 1.220406 0.000000
vt 0.348926 0.761739 0.000000
vt -2.969868 0.747779 0.000000
vt -3.235909 1.083444 0.000000
vt 0.089754 0.557493 0.000000
vt -3.235908 0.747773 0.000000
vt -2.433703 1.084722 0.000000
vt 0.933546 0.546325 0.000000
vt -2.433701 0.747778 0.000000
vt 0.492878 0.941709 0.000000
vt 0.853244 0.481908 0.000000
vt 0.492687 0.941730 0.000000
vt 0.633029 0.650368 0.000000
vt 0.493218 0.941735 0.000000
vt 0.386674 0.650040 0.000000
vt 0.492915 0.941704 0.000000
vt 0.170667 0.482206 0.000000
vt 0.272070 0.586104 0.000000
vt 0.507002 0.667050 0.000000
vt 0.753740 0.585464 0.000000
vt 0.507123 0.481617 0.000000
vt 0.246148 -0.352964 0.000000
vt 0.475763 -0.488916 0.000000
vt -2.096242 1.411378 0.000000
vt 0.007844 0.046247 0.000000
vt -1.991927 1.415489 0.000000
vt 0.101234 0.128253 0.000000
vt -0.963841 1.419981 0.000000
vt -0.381693 1.273113 0.000000
vt 0.029828 1.149837 0.000000
vt 2.733505 0.087694 0.000000
vt 0.345475 1.131593 0.000000
vt 2.702768 0.079027 0.000000
vt 2.279433 0.076920 0.000000
vt -0.262363 1.095119 0.000000
vt -0.262392 1.353897 0.000000
vt 2.248425 0.081449 0.000000
vt 0.768929 1.137836 0.000000
vt 1.239933 1.005779 0.000000
vt -1.211956 1.352389 0.000000
vt -1.211923 1.093584 0.000000
vt -1.604653 1.234457 0.000000
vt -1.610375 0.002067 0.000000
vt -1.606348 -1.443761 0.000000
vt -1.211656 -1.188753 0.000000
vt -0.262099 -1.186947 0.000000
vt -0.265947 -1.441497 0.000000
vt 3.960679 1.986607 0.000000
vt 1.866963 -1.366306 0.000000
vt -1.355961 -1.592034 0.000000
vt -1.330331 -1.565779 0.000000
vt -0.343364 -1.585685 0.000000
vt -0.368994 -1.560725 0.000000
vt 0.025814 7.686926 0.000000
vt 0.993896 7.686925 0.000000
vt -2.123045 -0.023585 0.000000
vt -2.406076 -0.029943 0.000000
vt 0.563353 1.972216 0.000000
vt 0.565541 -3.011886 0.000000
vt 0.802136 -3.017348 0.000000
vt 0.565229 -2.576875 0.000000
vt -0.818883 -1.215489 0.000000
vt -0.818883 0.221968 0.000000
vt -0.725563 0.133589 0.000000
vt -0.725563 -1.115833 0.000000
vt -0.818882 0.221968 0.000000
vt -0.725168 0.133589 0.000000
vt -0.818883 -1.215489 0.000000
vt -0.725169 -1.115833 0.000000
vt -0.818883 -1.215901 0.000000
vt -0.818883 0.222112 0.000000
vt -0.725563 0.133668 0.000000
vt -0.725563 -1.116424 0.000000
vt -0.818882 0.222112 0.000000
vt -0.725168 0.133668 0.000000
vt -0.818882 -1.215902 0.000000
vt -0.725168 -1.116426 0.000000
vt -0.818883 -1.215488 0.000000
vt -0.818883 0.222112 0.000000
vt -0.725563 0.133668 0.000000
vt -0.725563 -1.115842 0.000000
vt -0.818882 0.222112 0.000000
vt -0.725168 0.133668 0.000000
vt -0.818883 -1.215489 0.000000
vt -0.725169 -1.115844 0.000000
vt -0.818882 0.222112 0.000000
vt -0.818883 -1.215489 0.000000
vt -0.725169 -1.115844 0.000000
vt -0.725169 0.133668 0.000000
vt -0.818873 -1.215489 0.000000
vt -0.725506 -1.115844 0.000000
vt -0.818873 0.222112 0.000000
vt -0.725506 0.133668 0.000000
vt -0.818882 0.222146 0.000000
vt -0.818883 -1.215489 0.000000
vt -0.725168 -1.115844 0.000000
vt -0.725169 0.133687 0.000000
vt -0.818873 -1.215489 0.000000
vt -0.725506 -1.115844 0.000000
vt -0.818873 0.222146 0.000000
vt -0.725506 0.133687 0.000000
vt -0.818882 0.221968 0.000000
vt -0.818883 -1.215489 0.000000
vt -0.725168 -1.115833 0.000000
vt -0.725168 0.133589 0.000000
vt -0.818873 -1.215489 0.000000
vt -0.725506 -1.115833 0.000000
vt -0.818873 0.221968 0.000000
vt -0.725506 0.133589 0.000000
vt -0.818877 0.222112 0.000000
vt -0.818883 0.222112 0.000000
vt -0.725169 0.133668 0.000000
vt -0.725529 0.133668 0.000000
vt -0.818883 -1.215489 0.000000
vt -0.725168 -1.115844 0.000000
vt -0.818877 -1.215488 0.000000
vt -0.725529 -1.115843 0.000000
vt -0.818877 0.222146 0.000000
vt -0.818883 0.222146 0.000000
vt -0.725169 0.133687 0.000000
vt -0.725529 0.133687 0.000000
vt -0.818883 -1.215489 0.000000
vt -0.725169 -1.115844 0.000000
vt -0.818877 -1.215488 0.000000
vt -0.725529 -1.115843 0.000000
vt -0.818883 -1.215489 0.000000
vt -0.818877 -1.215489 0.000000
vt -0.725529 -1.115833 0.000000
vt -0.725169 -1.115833 0.000000
vt -0.818877 0.221968 0.000000
vt -0.725529 0.133589 0.000000
vt -0.818883 0.221968 0.000000
vt -0.725169 0.133589 0.000000
vt -0.818883 -1.215489 0.000000
vt -0.818852 -1.215489 0.000000
vt -0.725392 -1.115833 0.000000
vt -0.725169 -1.115833 0.000000
vt -0.818852 0.221968 0.000000
vt -0.725392 0.133589 0.000000
vt -0.818883 0.221968 0.000000
vt -0.725169 0.133589 0.000000
vt -0.818883 -1.215489 0.000000
vt -0.818852 -1.215490 0.000000
vt -0.725392 -1.115844 0.000000
vt -0.725169 -1.115844 0.000000
vt -0.818852 0.222146 0.000000
vt -0.725392 0.133687 0.000000
vt -0.818883 0.222146 0.000000
vt -0.725169 0.133687 0.000000
vt -0.818852 0.222112 0.000000
vt -0.818882 0.222112 0.000000
vt -0.725168 0.133668 0.000000
vt -0.725392 0.133668 0.000000
vt -0.818883 -1.215489 0.000000
vt -0.725169 -1.115844 0.000000
vt -0.818852 -1.215490 0.000000
vt -0.725392 -1.115844 0.000000
vt 0.010000 0.128034 0.000000
vt 0.013698 0.107175 0.000000
vt 0.990000 0.109552 0.000000
vt 0.990000 0.130387 0.000000
vt 0.986302 0.010000 0.000000
vt 0.986302 0.030845 0.000000
vt 0.013231 0.143267 0.000000
vt 0.760522 0.143264 0.000000
vt 6.698825 -0.365146 0.000000
vt 0.900994 1.407834 0.000000
vt 0.031498 1.412390 0.000000
vt -0.664555 1.407839 0.000000
vt 0.197321 1.412389 0.000000
vt 1.068162 1.407833 0.000000
vt 1.950926 0.924911 0.000000
vt -0.830134 0.924877 0.000000
vt 1.766699 1.407830 0.000000
vt 0.141268 0.929442 0.000000
vt 1.008816 0.924899 0.000000
vt -0.839896 1.408494 0.000000
vt 1.941094 1.407781 0.000000
vt -6.624873 -1.415185 0.000000
vt -7.700047 -1.415185 0.000000
vt -5.756438 -1.415185 0.000000
vt -4.716168 -1.415185 0.000000
vt -7.699941 -4.195377 0.000000
vt -4.728715 -4.195377 0.000000
vt -0.959257 1.417686 0.000000
vt 0.801312 3.442205 0.000000
vt 0.700333 0.370862 0.000000
vt 0.179933 -0.946621 0.000000
vt -0.859479 -0.838202 0.000000
vt -0.880464 0.948490 0.000000
vt -0.818883 -0.543204 0.000000
vt -0.861864 -0.534809 0.000000
vt -0.885754 1.422520 0.000000
vt 2.038316 -0.015745 0.000000
vt -0.987254 -1.352360 0.000000
vt 0.559398 3.462255 0.000000
vt -0.871467 0.273293 0.000000
vt 2.055507 0.983684 0.000000
vt 2.055561 0.829030 0.000000
vt 0.657856 0.357742 0.000000
vt -1.129498 0.759208 0.000000
vt -0.987254 -1.352360 0.000000
vt -0.987254 -1.352360 0.000000
vt -0.987254 -1.352360 0.000000
vt -0.866227 -0.187212 0.000000
vt -0.866144 -0.209384 0.000000
vt -0.861864 -0.534809 0.000000
vt -0.818883 -0.543204 0.000000
vt -0.818883 -1.215489 0.000000
vt -0.859479 -0.838202 0.000000
vt -2.058336 0.754175 0.000000
vt 6.698824 -0.365146 0.000000
vt 6.698825 -0.365146 0.000000
vt -0.884685 2.111226 0.000000
vt -0.976858 2.407336 0.000000
vt 0.559735 3.335436 0.000000
vt 0.801312 3.442205 0.000000
vt 0.559398 3.462255 0.000000
vt 1.091848 -0.657875 0.999501
vt 3.156123 1.007353 0.128573
vt -2.440562 0.666584 0.000500
vt 0.803945 1.030526 0.044483
vt 0.808772 1.343428 0.523183
vt 0.807884 2.622454 0.532099
vt 0.827536 -5.061418 0.503271
vt 0.379016 6.060818 0.550684
vt 0.807818 4.859515 0.547976
vt 0.810299 -0.819801 0.508149
vt 0.811170 -2.053226 0.499568
vt 0.385236 -4.148407 0.437605
vt 0.381930 1.343429 0.475564
vt 0.384573 -3.171360 0.444121
vt 0.381983 2.622455 0.484535
vt 0.382879 -5.061416 0.460809
vt 0.382126 4.860751 0.500490
vt 0.381842 -0.819800 0.460400
vt 0.381616 -2.053225 0.451737
vt 0.819288 -3.171361 0.492355
vt 0.824379 -4.148408 0.486148
vt 0.784419 6.060816 0.596713
vt 0.088503 0.476958 0.000000
vt 0.199903 0.751474 0.000000
vt 0.029603 0.979227 0.000000
vt 0.401680 0.733113 0.000000
vt 0.530742 -0.073419 0.000000
vt 0.530647 0.556744 0.000000
vt 0.267032 0.556949 0.000000
vt 0.267128 -0.073214 0.000000
vt 0.287694 0.982470 0.000000
vt 0.287695 0.815915 0.000000
vt 0.507852 0.815915 0.000000
vt 0.507851 0.982470 0.000000
vt 0.513081 0.495320 0.000000
vt 0.511820 0.971631 0.000000
vt 0.200359 0.971631 0.000000
vt 0.029602 0.812672 0.000000
vt 0.505914 0.812670 0.000000
vt 0.505915 0.979225 0.000000
vt 0.401225 0.953269 0.000000
vt 0.089764 0.953269 0.000000
vt -6.951238 6.755229 2.357001
vt -3.423746 -8.751572 3.681952
vt -3.423752 9.751572 3.681967
vt -6.753582 2.036691 2.502667
vt 7.937587 1.839760 7.698215
vt -3.422093 1.026587 3.682881
vt 7.832257 9.040990 7.653129
vt 7.153758 9.349342 7.406524
vt -6.723050 6.174047 2.437246
vt -6.063084 1.448956 2.908133
vt -6.067663 2.727982 2.915817
vt -6.040966 -4.955889 2.903590
vt -6.397893 6.166345 2.806402
vt -6.074424 4.965042 2.930192
vt -6.055343 -0.714273 2.895145
vt -6.050927 -1.947698 2.887737
vt -6.038292 -6.926693 2.899104
vt -6.704364 -4.955889 2.513564
vt -6.704391 -7.257189 2.513564
vt -6.040514 -3.065833 2.884618
vt -6.033301 -4.042881 2.881156
vt 7.573359 9.009775 7.558275
vt 7.951238 -8.559814 7.704391
vt -6.097733 6.166944 2.974139
vt -6.344739 1.448956 2.750081
vt -6.336997 -0.714273 2.737094
vt -6.332582 -1.947697 2.729685
vt -6.349319 2.727982 2.757766
vt -6.356078 4.965043 2.772141
vt -6.322168 -3.065833 2.726565
vt -6.314956 -4.042880 2.723104
vt -6.319318 -4.955889 2.739941
vt -6.704387 -6.905991 2.513564
vt -3.422093 1.026587 3.682881
vt -6.723050 6.174047 2.437246
vt -6.753582 2.036691 2.502667
vt -6.038292 -6.926693 2.899104
vt -6.704387 -6.905991 2.513564
vt -6.723050 6.174047 2.437246
vt -3.422093 1.026587 3.682881
vt -3.423752 9.751572 3.681967
vt -3.423752 9.751572 3.681967
vt 7.937587 1.839760 7.698215
vt 7.153758 9.349342 7.406524
vt -3.423752 9.751572 3.681967
vt -3.422093 1.026587 3.682881
vt 7.937587 1.839760 7.698215
vt 7.573359 9.009775 7.558275
vt 7.153758 9.349342 7.406524
vt 7.937587 1.839760 7.698215
vt -3.423746 -8.751572 3.681952
vt 7.937587 1.839760 7.698215
vt -3.422093 1.026587 3.682881
vt -6.344739 1.448956 2.750081
vt -6.336997 -0.714273 2.737094
vt -6.055343 -0.714273 2.895145
vt -6.055343 -0.714273 2.895145
vt -6.063084 1.448956 2.908133
vt -6.344739 1.448956 2.750081
vt -6.336997 -0.714273 2.737094
vt -6.332582 -1.947697 2.729685
vt -6.050927 -1.947698 2.887737
vt -6.050927 -1.947698 2.887737
vt -6.349319 2.727982 2.757766
vt -6.063084 1.448956 2.908133
vt -6.067663 2.727982 2.915817
vt -6.349319 2.727982 2.757766
vt -6.356078 4.965043 2.772141
vt -6.067663 2.727982 2.915817
vt -6.074424 4.965042 2.930192
vt -6.356078 4.965043 2.772141
vt -6.332582 -1.947697 2.729685
vt -6.322168 -3.065833 2.726565
vt -6.040514 -3.065833 2.884618
vt -6.040514 -3.065833 2.884618
vt -6.314956 -4.042880 2.723104
vt -6.319318 -4.955889 2.739941
vt -6.040966 -4.955889 2.903590
vt -6.040966 -4.955889 2.903590
vt -6.033301 -4.042881 2.881156
vt -6.314956 -4.042880 2.723104
vt -6.322168 -3.065833 2.726565
vt -6.033301 -4.042881 2.881156
vt -6.397893 6.166345 2.806402
vt -6.074424 4.965042 2.930192
vt -6.040966 -4.955889 2.903590
vt -6.319318 -4.955889 2.739941
vt -6.704387 -6.905991 2.513564
vt -6.704387 -6.905991 2.513564
vt 0.608102 -2.666523 0.000000
vt 0.620839 2.771942 0.000000
vt 0.620839 2.771942 0.000000
vt 2.912096 7.276771 0.000000
vt 2.912096 7.276771 0.000000
vt 2.912096 7.276771 0.000000
vt 0.620839 2.771942 0.000000
vt 0.608102 -2.666523 0.000000
vt 0.608102 -2.666523 0.000000
vt 0.608651 -2.432275 0.000000
vt 0.611650 -1.151849 0.000000
vt 0.612999 -0.575684 0.000000
vt 0.609680 -1.992735 0.000000
vt 0.614901 0.236321 0.000000
vt 0.615987 0.699963 0.000000
vt 0.616972 1.120711 0.000000
vt 0.617806 1.476641 0.000000
vt 2.692173 6.844381 0.000000
vt 0.608102 -2.666523 0.000000
vt 0.620839 2.771942 0.000000
vt 2.692173 6.844381 0.000000
vt 2.854322 7.163182 0.000000
vt 2.665051 6.791058 0.000000
vt 2.666728 6.794353 0.000000
vt 0.618773 1.889555 0.000000
vt -3.025839 4.324817 -0.822803
vt -0.864345 0.591807 1.002185
vt -2.745140 2.461787 0.131258
vt -1.737343 -3.420501 -0.094998
vt -0.375005 4.314374 -0.830472
vt -1.536407 4.317283 -0.826103
vt 0.774714 4.311333 -0.834716
vt -1.794936 -3.064163 0.003184
vt 1.994275 4.308451 -0.839066
vt 1.907449 0.608101 0.961082
vt 2.080297 -3.235112 -0.106633
vt 1.820338 -3.135533 -0.074589
vt 1.827895 -2.810750 0.015250
vt 1.907449 0.608101 1.031721
vt 1.994275 4.308451 -0.768427
vt 1.827895 -2.810750 0.085901
vt 2.170023 0.599702 1.031721
vt 2.256849 4.300040 -0.768427
vt 2.091438 -2.819187 0.085901
vt 2.082911 -3.143942 -0.074589
vt 2.090953 -2.819173 0.015250
vt 2.256847 4.300047 -0.839066
vt -6.753819 0.904115 2.513896
vt 0.025838 1.760226 0.000000
vt 1.053554 -0.394059 0.000000
vt 1.232436 -0.393704 0.000000
vt 1.131741 -0.394256 0.000000
vt 1.219324 -0.393730 0.000000
vt 1.005330 -0.394119 0.000000
vt 1.005330 -0.394119 0.000000
vt 1.053554 -0.394059 0.000000
vt 1.219324 -0.393730 0.000000
vt 1.232436 -0.393704 0.000000
vt 1.131741 -0.394256 0.000000
vt -1.131060 1.417338 0.000000
vt -5.113145 0.964425 3.089551
vt 0.993431 -0.225765 0.000000
vt 1.053619 -0.225764 0.000000
vt 1.053554 -0.394059 0.000000
vt 1.232436 -0.393704 0.000000
vt 1.232435 -0.225763 0.000000
vt 1.131741 -0.394256 0.000000
vt 1.219324 -0.393730 0.000000
vt 1.005330 -0.394119 0.000000
vt 15.795663 10.079490 0.000000
vt 1.053554 -0.394059 0.000000
vt 1.232436 -0.393704 0.000000
vt 1.131741 -0.394256 0.000000
vt 1.219324 -0.393730 0.000000
vt 1.005330 -0.394119 0.000000
vt 1.005330 -0.394119 0.000000
vt 1.053554 -0.394059 0.000000
vt 1.219324 -0.393730 0.000000
vt 1.232436 -0.393704 0.000000
vt 1.131741 -0.394256 0.000000
vt 16.892021 9.825035 0.000000
vt 15.795663 10.079490 0.000000
vt 21.195410 5.623077 0.000000
vt 0.000488 0.000429 0.000732
vt 0.962395 0.338070 0.866211
vt 0.026375 0.863775 0.099609
vt 0.999496 0.676790 0.999512
vt 0.009430 0.000422 0.999512
vt 0.960983 0.332199 0.533691
vt 0.000488 0.848551 0.007324
vt 0.999496 0.664524 0.000977
vt -2.314340 -0.784878 0.000000
vt -0.891519 -0.721417 0.000000
vt -0.869575 1.172601 0.000000
vt -2.314340 1.164773 0.000000
vt 0.025818 -1.068841 0.000000
vt 0.993894 -1.068507 0.000000
vt 0.993892 -5.488667 0.000000
vt 0.024221 -5.489959 0.000000
vt 0.025837 1.392600 0.000000
vt 0.025838 1.763398 0.000000
vt -16.488356 -1.819618 0.460137
vt -16.592617 -1.819618 0.464596
vt -16.488356 -1.819618 0.460137
vt -16.592617 -1.819618 0.464596
# 1271 texture coords

g Lyhike_Jalg_6
usemtl LJ_6_Wall1
s off
f -431/-1270/-2577 -420/-1266/-2576 -419/-1265/-2575 
f -419/-1265/-2574 -432/-1271/-2573 -431/-1270/-2572 
usemtl LJ_6_Wood
f -162/-1089/-2571 -474/-1066/-2570 -145/-407/-2569 
usemtl LJ_6_Window1
f -392/-802/-2568 -391/-799/-2567 -390/-752/-2566 
f -390/-752/-2565 -393/-751/-2564 -392/-802/-2563 
usemtl PJ5_Details
f -447/-1114/-2562 -176/-1113/-2561 -175/-1111/-2560 
f -175/-1111/-2559 -446/-1222/-2558 -447/-1114/-2557 
usemtl LJ_6_Wall1
f -439/-1258/-2556 -435/-1257/-2555 -436/-1256/-2554 
f -436/-1256/-2553 -440/-1262/-2552 -439/-1258/-2551 
usemtl LJ_6_Wall2
f -427/-1162/-2550 -155/-1046/-2549 -154/-1018/-2548 
f -154/-1018/-2547 -428/-1244/-2546 -427/-1162/-2545 
usemtl LJ_6_Bricks
f -471/-1251/-2544 -150/-1052/-2543 -149/-1051/-2542 
f -149/-9/-2541 -472/-10/-2540 -65/-6/-2539 
usemtl LJ_6_Wall2
f -147/-1019/-2538 -478/-1246/-2537 -95/-433/-2536 
f -95/-433/-2535 -94/-432/-2534 -147/-1019/-2533 
usemtl LJ_6_Bricks
f -148/-8/-2532 -157/-7/-2531 -472/-10/-2530 
f -472/-10/-2529 -149/-9/-2528 -148/-8/-2527 
usemtl LJ_6_zokkl
f -85/-416/-2526 -72/-256/-2525 -73/-257/-2524 
f -73/-257/-2523 -333/-1017/-2522 -85/-416/-2521 
usemtl LJ_6_Wall1
f -329/-1241/-2520 -328/-1240/-2519 -326/-1239/-2518 
f -326/-1239/-2517 -327/-1238/-2516 -329/-1241/-2515 
usemtl PJ5_Details
f -334/-1044/-2514 -84/-269/-2513 -77/-259/-2512 
f -77/-259/-2511 -64/-239/-2510 -334/-1044/-2509 
usemtl LJ_6_Wall1
f -323/-1237/-2508 -322/-1236/-2507 -320/-1235/-2506 
f -320/-1235/-2505 -321/-1234/-2504 -323/-1237/-2503 
usemtl LJ6_kr_okna
f -136/-505/-2502 -135/-503/-2501 -134/-501/-2500 
f -134/-501/-2499 -133/-499/-2498 -136/-505/-2497 
usemtl PJ5_Roof
f -173/-628/-2496 -132/-497/-2495 -144/-520/-2494 
f -144/-520/-2493 -455/-603/-2492 -173/-628/-2491 
f -130/-495/-2490 -143/-518/-2489 -454/-626/-2488 
f -454/-626/-2487 -174/-627/-2486 -130/-495/-2485 
f -129/-494/-2484 -142/-516/-2483 -453/-600/-2482 
f -453/-600/-2481 -170/-625/-2480 -129/-494/-2479 
f -169/-599/-2478 -168/-591/-2477 -452/-598/-2476 
f -171/-624/-2475 -172/-602/-2474 -451/-601/-2473 
f -172/-602/-2472 -131/-496/-2471 -141/-514/-2470 
f -141/-514/-2469 -451/-601/-2468 -172/-602/-2467 
usemtl LJ_6_Wall1
f -459/-1229/-2466 -458/-1228/-2465 -421/-1227/-2464 
f -421/-1227/-2463 -430/-1233/-2462 -459/-1229/-2461 
f -430/-1233/-2460 -421/-1227/-2459 -420/-1266/-2458 
f -420/-1266/-2457 -431/-1270/-2456 -430/-1233/-2455 
f -467/-1263/-2454 -466/-1264/-2453 -433/-1225/-2452 
f -433/-1225/-2451 -418/-1226/-2450 -467/-1263/-2449 
f -418/-1226/-2448 -433/-1225/-2447 -432/-1271/-2446 
f -432/-1271/-2445 -419/-1265/-2444 -418/-1226/-2443 
usemtl PJ5_Details
f -334/-1044/-2442 -178/-397/-2441 -176/-1113/-2440 
f -176/-1113/-2439 -447/-1114/-2438 -334/-1044/-2437 
usemtl LJ_6_Wall1
f -444/-1172/-2436 -445/-1224/-2435 -175/-1173/-2434 
f -442/-1170/-2433 -438/-1169/-2432 -439/-1258/-2431 
f -439/-1258/-2430 -443/-1171/-2429 -442/-1170/-2428 
f -441/-1168/-2427 -445/-1224/-2426 -444/-1172/-2425 
f -444/-1172/-2424 -440/-1262/-2423 -441/-1168/-2422 
f -461/-1167/-2421 -460/-1166/-2420 -434/-1165/-2419 
f -434/-1165/-2418 -438/-1169/-2417 -461/-1167/-2416 
f -438/-1169/-2415 -434/-1165/-2414 -435/-1257/-2413 
f -435/-1257/-2412 -439/-1258/-2411 -438/-1169/-2410 
f -465/-1249/-2409 -464/-1250/-2408 -441/-1168/-2407 
f -441/-1168/-2406 -437/-1164/-2405 -465/-1249/-2404 
f -437/-1164/-2403 -441/-1168/-2402 -440/-1262/-2401 
f -440/-1262/-2400 -436/-1256/-2399 -437/-1164/-2398 
f -434/-1165/-2397 -430/-1233/-2396 -431/-1270/-2395 
f -431/-1270/-2394 -435/-1257/-2393 -434/-1165/-2392 
f -433/-1225/-2391 -437/-1164/-2390 -436/-1256/-2389 
f -436/-1256/-2388 -432/-1271/-2387 -433/-1225/-2386 
usemtl LJ_6_Wall2
f -426/-1015/-2385 -427/-1162/-2384 -283/-1014/-2383 
usemtl LJ_6_zokkl
f -287/-1040/-2382 -286/-1039/-2381 -88/-422/-2380 
f -88/-422/-2379 -87/-421/-2378 -287/-1040/-2377 
f -289/-1012/-2376 -448/-1011/-2375 -90/-425/-2374 
f -90/-425/-2373 -89/-423/-2372 -289/-1012/-2371 
usemtl LJ_6_Wall2
f -469/-1009/-2370 -148/-1008/-2369 -156/-1007/-2368 
f -156/-1007/-2367 -426/-1015/-2366 -469/-1009/-2365 
f -426/-1015/-2364 -156/-1007/-2363 -155/-1046/-2362 
f -155/-1046/-2361 -427/-1162/-2360 -426/-1015/-2359 
f -153/-1006/-2358 -429/-1013/-2357 -428/-1244/-2356 
f -428/-1244/-2355 -154/-1018/-2354 -153/-1006/-2353 
usemtl LJ_6_Wall1
f -422/-1054/-2352 -418/-1226/-2351 -419/-1265/-2350 
f -419/-1265/-2349 -423/-1253/-2348 -422/-1054/-2347 
f -421/-1227/-2346 -425/-1053/-2345 -424/-1252/-2344 
f -424/-1252/-2343 -420/-1266/-2342 -421/-1227/-2341 
usemtl LJ6_kr_okna
f -348/-436/-2340 -347/-437/-2339 -96/-434/-2338 
f -96/-434/-2337 -349/-435/-2336 -348/-436/-2335 
usemtl PJ5_Roof
f -411/-622/-2334 -124/-485/-2333 -127/-490/-2332 
f -127/-490/-2331 -416/-617/-2330 -411/-622/-2329 
f -123/-484/-2328 -126/-488/-2327 -415/-620/-2326 
f -415/-620/-2325 -410/-621/-2324 -123/-484/-2323 
f -122/-483/-2322 -125/-486/-2321 -414/-616/-2320 
f -414/-616/-2319 -409/-619/-2318 -122/-483/-2317 
f -408/-615/-2316 -407/-592/-2315 -413/-614/-2314 
f -406/-623/-2313 -417/-618/-2312 -412/-613/-2311 
f -406/-623/-2310 -121/-482/-2309 -128/-492/-2308 
f -128/-492/-2307 -417/-618/-2306 -406/-623/-2305 
f -146/-278/-2304 -165/-282/-2303 -399/-286/-2302 
usemtl LJ_6_Window1
f -388/-795/-2301 -387/-750/-2300 -386/-749/-2299 
f -386/-749/-2298 -389/-798/-2297 -388/-795/-2296 
usemtl LJ_6_Wood
f -401/-1220/-2295 -398/-1219/-2294 -397/-1217/-2293 
f -397/-1217/-2292 -402/-1221/-2291 -401/-1220/-2290 
f -145/-1097/-2289 -474/-1088/-2288 -405/-1087/-2287 
f -405/-1087/-2286 -394/-1216/-2285 -145/-1097/-2284 
usemtl LJ_6_Window1
f -382/-793/-2283 -385/-792/-2282 -384/-791/-2281 
f -384/-791/-2280 -383/-794/-2279 -382/-793/-2278 
usemtl LJ_6_Wood
f -395/-419/-2277 -404/-415/-2276 -403/-414/-2275 
f -403/-414/-2274 -396/-420/-2273 -395/-419/-2272 
usemtl LJ_6_Window1
f -403/-639/-2271 -402/-641/-2270 -392/-638/-2269 
f -392/-638/-2268 -393/-759/-2267 -403/-639/-2266 
f -402/-808/-2265 -397/-805/-2264 -391/-801/-2263 
f -391/-801/-2262 -392/-800/-2261 -402/-808/-2260 
f -397/-634/-2259 -396/-806/-2258 -390/-754/-2257 
f -390/-754/-2256 -391/-632/-2255 -397/-634/-2254 
f -396/-655/-2253 -403/-652/-2252 -393/-649/-2251 
f -393/-649/-2250 -390/-644/-2249 -396/-655/-2248 
f -401/-640/-2247 -400/-643/-2246 -388/-637/-2245 
f -388/-637/-2244 -389/-755/-2243 -401/-640/-2242 
f -400/-810/-2241 -399/-807/-2240 -387/-797/-2239 
f -387/-797/-2238 -388/-796/-2237 -400/-810/-2236 
f -399/-758/-2235 -398/-804/-2234 -386/-756/-2233 
f -386/-756/-2232 -387/-631/-2231 -399/-758/-2230 
f -398/-654/-2229 -401/-653/-2228 -389/-645/-2227 
f -389/-645/-2226 -386/-646/-2225 -398/-654/-2224 
f -405/-636/-2223 -404/-642/-2222 -384/-635/-2221 
f -384/-635/-2220 -385/-757/-2219 -405/-636/-2218 
f -404/-809/-2217 -395/-803/-2216 -383/-760/-2215 
f -383/-760/-2214 -384/-753/-2213 -404/-809/-2212 
f -395/-633/-2211 -394/-630/-2210 -382/-761/-2209 
f -382/-761/-2208 -383/-629/-2207 -395/-633/-2206 
f -394/-651/-2205 -405/-648/-2204 -385/-647/-2203 
f -385/-647/-2202 -382/-650/-2201 -394/-651/-2200 
usemtl LJ_6_Wood
f -380/-412/-2199 -402/-1221/-2198 -403/-414/-2197 
f -403/-414/-2196 -381/-413/-2195 -380/-412/-2194 
f -473/-411/-2193 -400/-410/-2192 -401/-1220/-2191 
f -401/-1220/-2190 -380/-412/-2189 -473/-411/-2188 
f -380/-412/-2187 -401/-1220/-2186 -402/-1221/-2185 
f -381/-413/-2184 -403/-414/-2183 -404/-415/-2182 
f -474/-1088/-2181 -381/-413/-2180 -404/-415/-2179 
f -404/-415/-2178 -405/-1087/-2177 -474/-1088/-2176 
usemtl PJ5_Roof
f -164/-280/-2175 -163/-279/-2174 -396/-288/-2173 
f -396/-288/-2172 -397/-285/-2171 -164/-280/-2170 
f -164/-280/-2169 -397/-285/-2168 -398/-287/-2167 
f -163/-279/-2166 -167/-283/-2165 -394/-281/-2164 
f -394/-281/-2163 -395/-284/-2162 -163/-279/-2161 
f -163/-279/-2160 -395/-284/-2159 -396/-288/-2158 
f -165/-282/-2157 -164/-280/-2156 -398/-287/-2155 
f -398/-287/-2154 -399/-286/-2153 -165/-282/-2152 
usemtl LJ_6_Wood
f -376/-405/-2151 -159/-1042/-2150 -158/-1041/-2149 
f -158/-1041/-2148 -375/-404/-2147 -376/-405/-2146 
f -166/-1110/-2145 -160/-1213/-2144 -379/-403/-2143 
f -379/-403/-2142 -372/-402/-2141 -166/-1110/-2140 
f -379/-1214/-2139 -378/-1212/-2138 -373/-1211/-2137 
f -373/-1211/-2136 -372/-1210/-2135 -379/-1214/-2134 
f -378/-1212/-2133 -377/-1209/-2132 -374/-1208/-2131 
f -374/-1208/-2130 -373/-1211/-2129 -378/-1212/-2128 
f -377/-1209/-2127 -376/-1207/-2126 -375/-1206/-2125 
f -375/-1206/-2124 -374/-1208/-2123 -377/-1209/-2122 
usemtl LJ_6_Roof_details
f -161/-589/-2121 -165/-588/-2120 -146/-586/-2119 
usemtl LJ_6_Wood
f -161/-1268/-2118 -473/-1218/-2117 -379/-403/-2116 
f -379/-403/-2115 -160/-1213/-2114 -161/-1268/-2113 
f -473/-1267/-2112 -380/-1108/-2111 -378/-1212/-2110 
f -378/-1212/-2109 -379/-1214/-2108 -473/-1267/-2107 
f -380/-1108/-2106 -381/-1107/-2105 -377/-1209/-2104 
f -377/-1209/-2103 -378/-1212/-2102 -380/-1108/-2101 
f -381/-1107/-2100 -474/-1034/-2099 -376/-1207/-2098 
f -376/-1207/-2097 -377/-1209/-2096 -381/-1107/-2095 
f -474/-1185/-2094 -162/-1033/-2093 -159/-1042/-2092 
f -159/-1042/-2091 -376/-405/-2090 -474/-1185/-2089 
usemtl PJ5_Roof
f -375/-273/-2088 -158/-271/-2087 -374/-274/-2086 
f -166/-272/-2085 -373/-276/-2084 -374/-274/-2083 
f -374/-274/-2082 -158/-271/-2081 -166/-272/-2080 
f -166/-272/-2079 -372/-275/-2078 -373/-276/-2077 
usemtl LJ6_kr_okna
f -144/-521/-2076 -140/-512/-2075 -371/-1205/-2074 
f -371/-1205/-2073 -455/-1199/-2072 -144/-521/-2071 
f -143/-519/-2070 -139/-510/-2069 -370/-1204/-2068 
f -370/-1204/-2067 -454/-1078/-2066 -143/-519/-2065 
f -142/-517/-2064 -138/-508/-2063 -369/-1202/-2062 
f -369/-1202/-2061 -453/-1077/-2060 -142/-517/-2059 
f -452/-1076/-2058 -168/-1075/-2057 -367/-1201/-2056 
f -367/-1201/-2055 -368/-1196/-2054 -452/-1076/-2053 
f -168/-1075/-2052 -171/-1074/-2051 -366/-1200/-2050 
f -366/-1200/-2049 -367/-1201/-2048 -168/-1075/-2047 
f -171/-1074/-2046 -451/-1073/-2045 -365/-1103/-2044 
f -365/-1103/-2043 -366/-1200/-2042 -171/-1074/-2041 
f -141/-515/-2040 -137/-506/-2039 -365/-1103/-2038 
f -365/-1103/-2037 -451/-1073/-2036 -141/-515/-2035 
f -140/-513/-2034 -136/-504/-2033 -364/-1198/-2032 
f -364/-1198/-2031 -371/-584/-2030 -140/-513/-2029 
f -139/-511/-2028 -135/-502/-2027 -363/-1203/-2026 
f -363/-1203/-2025 -370/-583/-2024 -139/-511/-2023 
f -138/-509/-2022 -134/-500/-2021 -362/-1197/-2020 
f -362/-1197/-2019 -369/-582/-2018 -138/-509/-2017 
f -368/-579/-2016 -367/-581/-2015 -360/-1194/-2014 
f -360/-1194/-2013 -361/-1055/-2012 -368/-579/-2011 
f -367/-557/-2010 -366/-556/-2009 -359/-563/-2008 
f -359/-563/-2007 -360/-562/-2006 -367/-557/-2005 
f -366/-580/-2004 -365/-546/-2003 -358/-550/-2002 
f -358/-550/-2001 -359/-1195/-2000 -366/-580/-1999 
f -137/-507/-1998 -133/-498/-1997 -358/-1102/-1996 
f -358/-1102/-1995 -365/-565/-1994 -137/-507/-1993 
f -417/-1188/-1992 -128/-493/-1991 -120/-480/-1990 
f -120/-480/-1989 -357/-1192/-1988 -417/-1188/-1987 
f -127/-491/-1986 -119/-478/-1985 -356/-1191/-1984 
f -356/-1191/-1983 -416/-1072/-1982 -127/-491/-1981 
f -126/-489/-1980 -118/-476/-1979 -355/-1190/-1978 
f -355/-1190/-1977 -415/-1071/-1976 -126/-489/-1975 
f -125/-487/-1974 -117/-474/-1973 -354/-1183/-1972 
f -354/-1183/-1971 -414/-1070/-1970 -125/-487/-1969 
f -413/-1069/-1968 -407/-1068/-1967 -352/-1187/-1966 
f -352/-1187/-1965 -353/-1080/-1964 -413/-1069/-1963 
f -407/-1068/-1962 -412/-1067/-1961 -351/-1186/-1960 
f -351/-1186/-1959 -352/-1187/-1958 -407/-1068/-1957 
f -412/-1067/-1956 -417/-1188/-1955 -357/-1192/-1954 
f -357/-1192/-1953 -351/-1186/-1952 -412/-1067/-1951 
f -120/-481/-1950 -116/-472/-1949 -350/-1043/-1948 
f -350/-1043/-1947 -357/-578/-1946 -120/-481/-1945 
f -119/-479/-1944 -115/-470/-1943 -349/-1184/-1942 
f -349/-1184/-1941 -356/-577/-1940 -119/-479/-1939 
f -118/-477/-1938 -114/-468/-1937 -348/-1189/-1936 
f -348/-1189/-1935 -355/-576/-1934 -118/-477/-1933 
f -117/-475/-1932 -113/-466/-1931 -347/-1182/-1930 
f -347/-1182/-1929 -354/-573/-1928 -117/-475/-1927 
f -353/-564/-1926 -352/-575/-1925 -345/-1180/-1924 
f -345/-1180/-1923 -346/-1079/-1922 -353/-564/-1921 
f -352/-555/-1920 -351/-554/-1919 -344/-561/-1918 
f -344/-561/-1917 -345/-560/-1916 -352/-555/-1915 
f -351/-574/-1914 -357/-548/-1913 -350/-549/-1912 
f -350/-549/-1911 -344/-1181/-1910 -351/-574/-1909 
usemtl LJ_6_Door_Tent
f -339/-1174/-1908 -338/-1175/-1907 -337/-1081/-1906 
f -337/-1081/-1905 -336/-1090/-1904 -339/-1174/-1903 
f -343/-1179/-1902 -342/-1178/-1901 -338/-1175/-1900 
f -338/-1175/-1899 -339/-1174/-1898 -343/-1179/-1897 
f -342/-1178/-1896 -341/-1082/-1895 -337/-1081/-1894 
f -337/-1081/-1893 -338/-1175/-1892 -342/-1178/-1891 
f -340/-1091/-1890 -343/-1179/-1889 -339/-1174/-1888 
f -339/-1174/-1887 -336/-1090/-1886 -340/-1091/-1885 
usemtl LJ_6_Wall1
f -459/-1229/-1884 -460/-1166/-1883 -321/-1234/-1882 
f -321/-1234/-1881 -326/-1239/-1880 -459/-1229/-1879 
f -320/-1235/-1878 -81/-265/-1877 -75/-258/-1876 
f -75/-258/-1875 -327/-1238/-1874 -320/-1235/-1873 
usemtl LJ_6_zokkl
f -333/-1017/-1872 -476/-1005/-1871 -86/-417/-1870 
f -86/-417/-1869 -85/-416/-1868 -333/-1017/-1867 
usemtl LJ_6_Wall2
f -332/-1016/-1866 -290/-1004/-1865 -152/-1003/-1864 
usemtl LJ_6_Wall1
f -457/-1050/-1863 -458/-1228/-1862 -328/-1240/-1861 
f -328/-1240/-1860 -330/-1242/-1859 -457/-1050/-1858 
f -329/-1241/-1857 -74/-250/-1856 -80/-263/-1855 
f -458/-1228/-1854 -459/-1229/-1853 -326/-1239/-1852 
f -326/-1239/-1851 -328/-1240/-1850 -458/-1228/-1849 
f -75/-258/-1848 -74/-250/-1847 -329/-1241/-1846 
f -329/-1241/-1845 -327/-1238/-1844 -75/-258/-1843 
f -325/-1049/-1842 -462/-1048/-1841 -178/-1047/-1840 
f -461/-1167/-1839 -462/-1048/-1838 -325/-1049/-1837 
f -325/-1049/-1836 -323/-1237/-1835 -461/-1167/-1834 
f -81/-265/-1833 -320/-1235/-1832 -322/-1236/-1831 
f -322/-1236/-1830 -79/-262/-1829 -81/-265/-1828 
f -460/-1166/-1827 -461/-1167/-1826 -323/-1237/-1825 
f -323/-1237/-1824 -321/-1234/-1823 -460/-1166/-1822 
usemtl LJ6_kr_okna
f -111/-463/-1821 -110/-461/-1820 -109/-459/-1819 
f -109/-459/-1818 -112/-465/-1817 -111/-463/-1816 
usemtl PJ5_Roof
f -311/-612/-1815 -108/-457/-1814 -107/-455/-1813 
f -107/-455/-1812 -308/-609/-1811 -311/-612/-1810 
f -106/-454/-1809 -105/-452/-1808 -309/-610/-1807 
f -309/-610/-1806 -310/-611/-1805 -106/-454/-1804 
f -104/-451/-1803 -103/-449/-1802 -306/-607/-1801 
f -306/-607/-1800 -307/-608/-1799 -104/-451/-1798 
f -305/-606/-1797 -303/-596/-1796 -302/-595/-1795 
f -302/-595/-1794 -304/-597/-1793 -305/-606/-1792 
f -301/-605/-1791 -300/-604/-1790 -299/-594/-1789 
f -299/-594/-1788 -298/-593/-1787 -301/-605/-1786 
f -300/-604/-1785 -102/-448/-1784 -101/-446/-1783 
f -101/-446/-1782 -299/-594/-1781 -300/-604/-1780 
usemtl LJ6_kr_okna
f -101/-447/-1779 -100/-444/-1778 -296/-1152/-1777 
f -296/-1152/-1776 -299/-1154/-1775 -101/-447/-1774 
f -308/-1153/-1773 -107/-456/-1772 -99/-442/-1771 
f -99/-442/-1770 -297/-1160/-1769 -308/-1153/-1768 
f -105/-453/-1767 -98/-440/-1766 -295/-1159/-1765 
f -295/-1159/-1764 -309/-1150/-1763 -105/-453/-1762 
f -103/-450/-1761 -97/-438/-1760 -294/-1149/-1759 
f -294/-1149/-1758 -306/-1101/-1757 -103/-450/-1756 
f -304/-1100/-1755 -302/-1099/-1754 -292/-1156/-1753 
f -292/-1156/-1752 -293/-1105/-1751 -304/-1100/-1750 
f -302/-1099/-1749 -298/-1098/-1748 -291/-1155/-1747 
f -291/-1155/-1746 -292/-1156/-1745 -302/-1099/-1744 
f -298/-1098/-1743 -299/-1154/-1742 -296/-1152/-1741 
f -296/-1152/-1740 -291/-1155/-1739 -298/-1098/-1738 
f -100/-445/-1737 -112/-464/-1736 -318/-1106/-1735 
f -318/-1106/-1734 -296/-568/-1733 -100/-445/-1732 
f -99/-443/-1731 -111/-462/-1730 -317/-1151/-1729 
f -317/-1151/-1728 -297/-572/-1727 -99/-443/-1726 
f -98/-441/-1725 -110/-460/-1724 -316/-1158/-1723 
f -316/-1158/-1722 -295/-571/-1721 -98/-441/-1720 
f -97/-439/-1719 -109/-458/-1718 -315/-1148/-1717 
f -315/-1148/-1716 -294/-567/-1715 -97/-439/-1714 
f -293/-566/-1713 -292/-570/-1712 -313/-1146/-1711 
f -313/-1146/-1710 -314/-1104/-1709 -293/-566/-1708 
f -292/-553/-1707 -291/-552/-1706 -312/-559/-1705 
f -312/-559/-1704 -313/-558/-1703 -292/-553/-1702 
f -291/-569/-1701 -296/-547/-1700 -318/-551/-1699 
f -318/-551/-1698 -312/-1147/-1697 -291/-569/-1696 
usemtl PJ5_Window4
f -282/-784/-1695 -281/-786/-1694 -280/-748/-1693 
f -280/-748/-1692 -279/-785/-1691 -282/-784/-1690 
usemtl LJ_6_Wall2
f -290/-1004/-1689 -429/-1013/-1688 -153/-1006/-1687 
f -153/-1006/-1686 -152/-1003/-1685 -290/-1004/-1684 
usemtl LJ_6_zokkl
f -476/-1144/-1683 -287/-1040/-1682 -87/-421/-1681 
f -87/-421/-1680 -86/-418/-1679 -476/-1144/-1678 
f -289/-1232/-1677 -89/-424/-1676 -88/-422/-1675 
f -88/-422/-1674 -286/-1039/-1673 -289/-1232/-1672 
usemtl LJ_6_Wall2
f -429/-1269/-1671 -290/-1163/-1670 -288/-1143/-1669 
f -288/-1143/-1668 -285/-1142/-1667 -429/-1269/-1666 
usemtl LJ_6_zokkl
f -448/-1011/-1665 -449/-1002/-1664 -91/-426/-1663 
f -91/-426/-1662 -90/-425/-1661 -448/-1011/-1660 
f -449/-1002/-1659 -450/-1001/-1658 -92/-427/-1657 
f -92/-427/-1656 -91/-426/-1655 -449/-1002/-1654 
usemtl LJ_6_Wall2
f -427/-1255/-1653 -428/-1254/-1652 -281/-1139/-1651 
f -281/-1139/-1650 -282/-1126/-1649 -427/-1255/-1648 
f -428/-1128/-1647 -284/-903/-1646 -280/-902/-1645 
f -280/-902/-1644 -281/-1127/-1643 -428/-1128/-1642 
usemtl PJ5_Details
f -284/-1231/-1641 -283/-1140/-1640 -279/-1138/-1639 
f -279/-1138/-1638 -280/-1136/-1637 -284/-1231/-1636 
usemtl LJ_6_Wall2
f -283/-1125/-1635 -427/-901/-1634 -282/-1137/-1633 
f -282/-1137/-1632 -279/-1124/-1631 -283/-1125/-1630 
usemtl LJ_6_Door
f -276/-1058/-1629 -275/-1057/-1628 -278/-1056/-1627 
f -278/-1056/-1626 -277/-1059/-1625 -276/-1058/-1624 
usemtl LJ_6_Wall2
f -469/-1259/-1623 -426/-1230/-1622 -277/-1135/-1621 
f -277/-1135/-1620 -278/-1134/-1619 -469/-1259/-1618 
f -92/-428/-1617 -450/-297/-1616 -276/-296/-1615 
f -450/-1247/-1614 -335/-1132/-1613 -275/-291/-1612 
f -275/-291/-1611 -276/-290/-1610 -450/-1247/-1609 
f -335/-1248/-1608 -93/-1133/-1607 -275/-430/-1606 
usemtl LJ_6_Door_Tent
f -343/-1177/-1605 -340/-1176/-1604 -341/-1032/-1603 
f -341/-1032/-1602 -342/-1031/-1601 -343/-1177/-1600 
usemtl LJ_6_Window1
f -224/-778/-1599 -223/-777/-1598 -226/-776/-1597 
f -226/-776/-1596 -225/-779/-1595 -224/-778/-1594 
f -220/-769/-1593 -219/-747/-1592 -222/-746/-1591 
f -222/-746/-1590 -221/-768/-1589 -220/-769/-1588 
usemtl LJ_6_Window2
f -216/-1118/-1587 -215/-1038/-1586 -218/-1037/-1585 
f -218/-1037/-1584 -217/-1117/-1583 -216/-1118/-1582 
f -212/-1119/-1581 -211/-1117/-1580 -214/-1118/-1579 
f -214/-1118/-1578 -213/-1120/-1577 -212/-1119/-1576 
usemtl LJ_6_Window1
f -208/-773/-1575 -207/-768/-1574 -210/-769/-1573 
f -210/-769/-1572 -209/-774/-1571 -208/-773/-1570 
f -204/-770/-1569 -203/-743/-1568 -206/-742/-1567 
f -206/-742/-1566 -205/-771/-1565 -204/-770/-1564 
usemtl LJ_6_Window2
f -200/-1120/-1563 -199/-1119/-1562 -202/-1117/-1561 
f -202/-1117/-1560 -201/-1118/-1559 -200/-1120/-1558 
usemtl LJ_6_Window1
f -196/-774/-1557 -195/-773/-1556 -198/-768/-1555 
f -198/-768/-1554 -197/-769/-1553 -196/-774/-1552 
f -192/-779/-1551 -191/-778/-1550 -194/-777/-1549 
f -194/-777/-1548 -193/-776/-1547 -192/-779/-1546 
f -189/-767/-1545 -188/-766/-1544 -187/-741/-1543 
f -187/-741/-1542 -190/-740/-1541 -189/-767/-1540 
f -185/-765/-1539 -184/-763/-1538 -183/-745/-1537 
f -183/-745/-1536 -186/-744/-1535 -185/-765/-1534 
usemtl LJ_6_Window2
f -181/-1036/-1533 -180/-1035/-1532 -179/-1116/-1531 
f -179/-1116/-1530 -182/-1115/-1529 -181/-1036/-1528 
usemtl PJ5_Details
f -468/-393/-1527 -467/-392/-1526 -273/-391/-1525 
f -273/-391/-1524 -274/-390/-1523 -468/-393/-1522 
f -467/-997/-1521 -418/-994/-1520 -272/-993/-1519 
f -272/-993/-1518 -273/-996/-1517 -467/-997/-1516 
f -418/-389/-1515 -422/-387/-1514 -271/-386/-1513 
f -271/-386/-1512 -272/-388/-1511 -418/-389/-1510 
f -422/-992/-1509 -468/-998/-1508 -274/-995/-1507 
f -274/-995/-1506 -271/-991/-1505 -422/-992/-1504 
f -466/-385/-1503 -465/-384/-1502 -269/-383/-1501 
f -269/-383/-1500 -270/-382/-1499 -466/-385/-1498 
f -465/-989/-1497 -437/-986/-1496 -268/-985/-1495 
f -268/-985/-1494 -269/-988/-1493 -465/-989/-1492 
f -437/-381/-1491 -433/-379/-1490 -267/-378/-1489 
f -267/-378/-1488 -268/-380/-1487 -437/-381/-1486 
f -433/-984/-1485 -466/-990/-1484 -270/-987/-1483 
f -270/-987/-1482 -267/-983/-1481 -433/-984/-1480 
f -464/-377/-1479 -463/-376/-1478 -265/-375/-1477 
f -265/-375/-1476 -266/-374/-1475 -464/-377/-1474 
f -463/-981/-1473 -445/-978/-1472 -264/-977/-1471 
f -264/-977/-1470 -265/-980/-1469 -463/-981/-1468 
f -445/-373/-1467 -441/-371/-1466 -263/-370/-1465 
f -263/-370/-1464 -264/-372/-1463 -445/-373/-1462 
f -441/-976/-1461 -464/-982/-1460 -266/-979/-1459 
f -266/-979/-1458 -263/-975/-1457 -441/-976/-1456 
f -462/-369/-1455 -461/-368/-1454 -261/-367/-1453 
f -261/-367/-1452 -262/-366/-1451 -462/-369/-1450 
f -461/-973/-1449 -438/-970/-1448 -260/-969/-1447 
f -260/-969/-1446 -261/-972/-1445 -461/-973/-1444 
f -438/-365/-1443 -442/-363/-1442 -259/-362/-1441 
f -259/-362/-1440 -260/-364/-1439 -438/-365/-1438 
f -442/-968/-1437 -462/-974/-1436 -262/-971/-1435 
f -262/-971/-1434 -259/-967/-1433 -442/-968/-1432 
f -460/-361/-1431 -459/-360/-1430 -257/-359/-1429 
f -257/-359/-1428 -258/-358/-1427 -460/-361/-1426 
f -459/-965/-1425 -430/-962/-1424 -256/-961/-1423 
f -256/-961/-1422 -257/-964/-1421 -459/-965/-1420 
f -430/-357/-1419 -434/-355/-1418 -255/-354/-1417 
f -255/-354/-1416 -256/-356/-1415 -430/-357/-1414 
f -434/-960/-1413 -460/-966/-1412 -258/-963/-1411 
f -258/-963/-1410 -255/-959/-1409 -434/-960/-1408 
f -458/-353/-1407 -457/-352/-1406 -253/-351/-1405 
f -253/-351/-1404 -254/-350/-1403 -458/-353/-1402 
f -457/-957/-1401 -425/-954/-1400 -252/-953/-1399 
f -252/-953/-1398 -253/-956/-1397 -457/-957/-1396 
f -425/-349/-1395 -421/-347/-1394 -251/-346/-1393 
f -251/-346/-1392 -252/-348/-1391 -425/-349/-1390 
f -421/-952/-1389 -458/-958/-1388 -254/-955/-1387 
f -254/-955/-1386 -251/-951/-1385 -421/-952/-1384 
f -444/-950/-1383 -443/-949/-1382 -249/-948/-1381 
f -249/-948/-1380 -250/-947/-1379 -444/-950/-1378 
f -443/-344/-1377 -439/-341/-1376 -248/-340/-1375 
f -248/-340/-1374 -249/-343/-1373 -443/-344/-1372 
f -439/-946/-1371 -440/-944/-1370 -247/-943/-1369 
f -247/-943/-1368 -248/-945/-1367 -439/-946/-1366 
f -440/-339/-1365 -444/-345/-1364 -250/-342/-1363 
f -250/-342/-1362 -247/-338/-1361 -440/-339/-1360 
f -436/-942/-1359 -435/-941/-1358 -245/-940/-1357 
f -245/-940/-1356 -246/-939/-1355 -436/-942/-1354 
f -435/-336/-1353 -431/-333/-1352 -244/-332/-1351 
f -244/-332/-1350 -245/-335/-1349 -435/-336/-1348 
f -431/-938/-1347 -432/-936/-1346 -243/-935/-1345 
f -243/-935/-1344 -244/-937/-1343 -431/-938/-1342 
f -432/-331/-1341 -436/-337/-1340 -246/-334/-1339 
f -246/-334/-1338 -243/-330/-1337 -432/-331/-1336 
f -424/-934/-1335 -423/-933/-1334 -241/-932/-1333 
f -241/-932/-1332 -242/-931/-1331 -424/-934/-1330 
f -423/-328/-1329 -419/-325/-1328 -240/-324/-1327 
f -240/-324/-1326 -241/-327/-1325 -423/-328/-1324 
f -419/-930/-1323 -420/-928/-1322 -239/-927/-1321 
f -239/-927/-1320 -240/-929/-1319 -419/-930/-1318 
f -420/-323/-1317 -424/-329/-1316 -242/-326/-1315 
f -242/-326/-1314 -239/-322/-1313 -420/-323/-1312 
f -330/-320/-1311 -328/-317/-1310 -236/-316/-1309 
f -236/-316/-1308 -237/-319/-1307 -330/-320/-1306 
f -329/-921/-1305 -235/-920/-1304 -236/-922/-1303 
f -236/-922/-1302 -328/-923/-1301 -329/-921/-1300 
f -80/-264/-1299 -331/-321/-1298 -238/-318/-1297 
f -329/-315/-1296 -80/-264/-1295 -238/-318/-1294 
f -329/-315/-1293 -238/-318/-1292 -235/-314/-1291 
f -326/-918/-1290 -233/-917/-1289 -234/-916/-1288 
f -234/-916/-1287 -327/-919/-1286 -326/-918/-1285 
f -326/-312/-1284 -321/-309/-1283 -232/-308/-1282 
f -232/-308/-1281 -233/-311/-1280 -326/-312/-1279 
f -320/-913/-1278 -231/-912/-1277 -232/-914/-1276 
f -232/-914/-1275 -321/-915/-1274 -320/-913/-1273 
f -320/-307/-1272 -327/-313/-1271 -234/-310/-1270 
f -234/-310/-1269 -231/-306/-1268 -320/-307/-1267 
f -324/-910/-1266 -229/-909/-1265 -230/-908/-1264 
f -230/-908/-1263 -325/-911/-1262 -324/-910/-1261 
f -324/-304/-1260 -322/-301/-1259 -228/-300/-1258 
f -228/-300/-1257 -229/-303/-1256 -324/-304/-1255 
f -323/-905/-1254 -227/-904/-1253 -228/-906/-1252 
f -228/-906/-1251 -322/-907/-1250 -323/-905/-1249 
f -323/-299/-1248 -325/-305/-1247 -230/-302/-1246 
f -230/-302/-1245 -227/-298/-1244 -323/-299/-1243 
usemtl LJ_6_Window1
f -274/-790/-1242 -273/-789/-1241 -225/-788/-1240 
f -225/-788/-1239 -226/-787/-1238 -274/-790/-1237 
f -273/-723/-1236 -272/-722/-1235 -224/-721/-1234 
f -224/-721/-1233 -225/-720/-1232 -273/-723/-1231 
f -272/-659/-1230 -271/-658/-1229 -223/-657/-1228 
f -223/-657/-1227 -224/-656/-1226 -272/-659/-1225 
usemtl PJ5_Details
f -271/-882/-1224 -274/-881/-1223 -226/-880/-1222 
f -226/-880/-1221 -223/-879/-1220 -271/-882/-1219 
usemtl LJ_6_Window1
f -270/-711/-1218 -269/-710/-1217 -221/-709/-1216 
f -221/-709/-1215 -222/-708/-1214 -270/-711/-1213 
f -269/-695/-1212 -268/-694/-1211 -220/-693/-1210 
f -220/-693/-1209 -221/-692/-1208 -269/-695/-1207 
f -268/-699/-1206 -267/-698/-1205 -219/-697/-1204 
f -219/-697/-1203 -220/-696/-1202 -268/-699/-1201 
usemtl PJ5_Details
f -267/-866/-1200 -270/-865/-1199 -222/-864/-1198 
f -222/-864/-1197 -219/-863/-1196 -267/-866/-1195 
usemtl LJ_6_Window2
f -266/-870/-1194 -265/-869/-1193 -217/-868/-1192 
f -217/-868/-1191 -218/-867/-1190 -266/-870/-1189 
f -265/-842/-1188 -264/-841/-1187 -216/-840/-1186 
f -216/-840/-1185 -217/-839/-1184 -265/-842/-1183 
f -264/-850/-1182 -263/-849/-1181 -215/-848/-1180 
f -215/-848/-1179 -216/-847/-1178 -264/-850/-1177 
usemtl PJ5_Details
f -263/-854/-1176 -266/-853/-1175 -218/-852/-1174 
f -218/-852/-1173 -215/-851/-1172 -263/-854/-1171 
usemtl LJ_6_Window2
f -262/-838/-1170 -261/-837/-1169 -213/-836/-1168 
f -213/-836/-1167 -214/-835/-1166 -262/-838/-1165 
usemtl PJ5_Details
f -261/-834/-1164 -260/-833/-1163 -212/-832/-1162 
f -212/-832/-1161 -213/-831/-1160 -261/-834/-1159 
usemtl LJ_6_Window2
f -260/-878/-1158 -259/-877/-1157 -211/-876/-1156 
f -211/-876/-1155 -212/-875/-1154 -260/-878/-1153 
f -259/-862/-1152 -262/-861/-1151 -214/-860/-1150 
f -214/-860/-1149 -211/-859/-1148 -259/-862/-1147 
usemtl LJ_6_Window1
f -258/-707/-1146 -257/-706/-1145 -209/-705/-1144 
f -209/-705/-1143 -210/-704/-1142 -258/-707/-1141 
usemtl PJ5_Details
f -257/-846/-1140 -256/-845/-1139 -208/-844/-1138 
f -208/-844/-1137 -209/-843/-1136 -257/-846/-1135 
usemtl LJ_6_Window1
f -256/-703/-1134 -255/-702/-1133 -207/-701/-1132 
f -207/-701/-1131 -208/-700/-1130 -256/-703/-1129 
f -255/-783/-1128 -258/-782/-1127 -210/-775/-1126 
f -210/-775/-1125 -207/-772/-1124 -255/-783/-1123 
f -254/-667/-1122 -253/-666/-1121 -205/-665/-1120 
f -205/-665/-1119 -206/-664/-1118 -254/-667/-1117 
usemtl PJ5_Details
f -253/-894/-1116 -252/-893/-1115 -204/-892/-1114 
f -204/-892/-1113 -205/-891/-1112 -253/-894/-1111 
usemtl LJ_6_Window1
f -252/-663/-1110 -251/-662/-1109 -203/-661/-1108 
f -203/-661/-1107 -204/-660/-1106 -252/-663/-1105 
f -251/-731/-1104 -254/-730/-1103 -206/-729/-1102 
f -206/-729/-1101 -203/-728/-1100 -251/-731/-1099 
usemtl LJ_6_Window2
f -250/-1130/-1098 -249/-1122/-1097 -201/-1121/-1096 
f -201/-1121/-1095 -202/-819/-1094 -250/-1130/-1093 
f -249/-874/-1092 -248/-873/-1091 -200/-872/-1090 
f -200/-872/-1089 -201/-871/-1088 -249/-874/-1087 
usemtl PJ5_Details
f -248/-826/-1086 -247/-825/-1085 -199/-824/-1084 
f -199/-824/-1083 -200/-823/-1082 -248/-826/-1081 
usemtl LJ_6_Window2
f -247/-858/-1080 -250/-857/-1079 -202/-856/-1078 
f -202/-856/-1077 -199/-855/-1076 -247/-858/-1075 
usemtl LJ_6_Window1
f -246/-679/-1074 -245/-678/-1073 -197/-677/-1072 
f -197/-677/-1071 -198/-676/-1070 -246/-679/-1069 
f -245/-715/-1068 -244/-714/-1067 -196/-713/-1066 
f -196/-713/-1065 -197/-712/-1064 -245/-715/-1063 
usemtl PJ5_Details
f -244/-1131/-1062 -243/-822/-1061 -195/-821/-1060 
f -195/-821/-1059 -196/-820/-1058 -244/-1131/-1057 
usemtl LJ_6_Window1
f -243/-727/-1056 -246/-726/-1055 -198/-725/-1054 
f -198/-725/-1053 -195/-724/-1052 -243/-727/-1051 
usemtl PJ5_Details
f -242/-898/-1050 -241/-897/-1049 -193/-896/-1048 
f -193/-896/-1047 -194/-895/-1046 -242/-898/-1045 
usemtl LJ_6_Window1
f -241/-671/-1044 -240/-670/-1043 -192/-669/-1042 
f -192/-669/-1041 -193/-668/-1040 -241/-671/-1039 
f -240/-739/-1038 -239/-738/-1037 -191/-737/-1036 
f -191/-737/-1035 -192/-736/-1034 -240/-739/-1033 
f -239/-675/-1032 -242/-674/-1031 -194/-673/-1030 
f -194/-673/-1029 -191/-672/-1028 -239/-675/-1027 
usemtl PJ5_Details
f -237/-889/-1026 -189/-888/-1025 -190/-887/-1024 
f -190/-887/-1023 -238/-890/-1022 -237/-889/-1021 
usemtl LJ_6_Window1
f -237/-683/-1020 -236/-682/-1019 -188/-681/-1018 
f -188/-681/-1017 -189/-680/-1016 -237/-683/-1015 
f -235/-734/-1014 -187/-733/-1013 -188/-732/-1012 
f -188/-732/-1011 -236/-735/-1010 -235/-734/-1009 
f -235/-687/-1008 -238/-686/-1007 -190/-685/-1006 
f -190/-685/-1005 -187/-684/-1004 -235/-687/-1003 
usemtl PJ5_Details
f -233/-817/-1002 -185/-816/-1001 -186/-815/-1000 
f -186/-815/-999 -234/-818/-998 -233/-817/-997 
usemtl LJ_6_Window1
f -233/-691/-996 -232/-690/-995 -184/-689/-994 
f -184/-689/-993 -185/-688/-992 -233/-691/-991 
f -231/-780/-990 -183/-764/-989 -184/-762/-988 
f -184/-762/-987 -232/-781/-986 -231/-780/-985 
f -231/-719/-984 -234/-718/-983 -186/-717/-982 
f -186/-717/-981 -183/-716/-980 -231/-719/-979 
usemtl LJ_6_Window2
f -229/-829/-978 -181/-828/-977 -182/-827/-976 
f -182/-827/-975 -230/-830/-974 -229/-829/-973 
f -229/-886/-972 -228/-885/-971 -180/-884/-970 
f -180/-884/-969 -181/-883/-968 -229/-886/-967 
usemtl PJ5_Details
f -227/-813/-966 -179/-812/-965 -180/-811/-964 
f -180/-811/-963 -228/-814/-962 -227/-813/-961 
usemtl LJ_6_Window2
f -227/-1129/-960 -230/-1123/-959 -182/-900/-958 
f -182/-900/-957 -179/-899/-956 -227/-1129/-955 
usemtl LJ_6_Wall1
f -443/-1171/-954 -444/-1172/-953 -175/-1173/-952 
f -175/-1173/-951 -176/-1112/-950 -443/-1171/-949 
f -324/-1045/-948 -325/-1049/-947 -178/-1047/-946 
f -324/-1045/-945 -178/-1047/-944 -64/-240/-943 
f -462/-1048/-942 -442/-1170/-941 -176/-1112/-940 
f -176/-1112/-939 -178/-1047/-938 -462/-1048/-937 
f -176/-1112/-936 -442/-1170/-935 -443/-1171/-934 
usemtl PJ5_Details
f -177/-396/-933 -477/-395/-932 -151/-394/-931 
usemtl LJ_6_Wall1
f -79/-262/-930 -322/-1236/-929 -324/-1045/-928 
usemtl LJ_6_Bricks
f -471/-1251/-927 -177/-401/-926 -151/-400/-925 
f -151/-400/-924 -150/-1052/-923 -471/-1251/-922 
usemtl LJ_6_Wall1
f -468/-1245/-921 -422/-1054/-920 -156/-1029/-919 
f -156/-1029/-918 -148/-1020/-917 -468/-1245/-916 
f -156/-1029/-915 -422/-1054/-914 -423/-1253/-913 
f -423/-1253/-912 -155/-1028/-911 -156/-1029/-910 
f -155/-1028/-909 -423/-1253/-908 -424/-1252/-907 
f -424/-1252/-906 -154/-1027/-905 -155/-1028/-904 
f -154/-1027/-903 -424/-1252/-902 -425/-1053/-901 
f -425/-1053/-900 -153/-1026/-899 -154/-1027/-898 
f -425/-1053/-897 -457/-1050/-896 -152/-1025/-895 
f -152/-1025/-894 -153/-1026/-893 -425/-1053/-892 
f -457/-1050/-891 -330/-1242/-890 -332/-1243/-889 
f -332/-1243/-888 -152/-1025/-887 -457/-1050/-886 
f -330/-1242/-885 -331/-266/-884 -78/-260/-883 
f -78/-260/-882 -332/-1243/-881 -330/-1242/-880 
f -175/-1173/-879 -445/-1224/-878 -463/-1223/-877 
f -463/-1223/-876 -151/-1023/-875 -175/-1173/-874 
f -463/-1223/-873 -464/-1250/-872 -150/-1022/-871 
f -150/-1022/-870 -151/-1023/-869 -463/-1223/-868 
f -150/-1022/-867 -464/-1250/-866 -465/-1249/-865 
f -465/-1249/-864 -466/-1264/-863 -149/-1021/-862 
f -149/-1021/-861 -150/-1022/-860 -465/-1249/-859 
f -149/-1021/-858 -466/-1264/-857 -467/-1263/-856 
f -149/-1021/-855 -467/-1263/-854 -468/-1245/-853 
f -468/-1245/-852 -148/-1020/-851 -149/-1021/-850 
usemtl LJ_6_Wall2
f -335/-1000/-849 -147/-999/-848 -94/-431/-847 
f -94/-431/-846 -93/-429/-845 -335/-1000/-844 
f -147/-999/-843 -335/-1000/-842 -450/-1001/-841 
usemtl PJ5_Details
f -477/-395/-840 -446/-1222/-839 -175/-1111/-838 
f -175/-1111/-837 -151/-394/-836 -477/-395/-835 
usemtl LJ_6_Wood
f -400/-410/-834 -473/-411/-833 -146/-408/-832 
f -146/-408/-831 -399/-409/-830 -400/-410/-829 
f -146/-1215/-828 -473/-1109/-827 -161/-406/-826 
usemtl PJ5_Roof
f -394/-281/-825 -167/-283/-824 -145/-277/-823 
usemtl LJ_6_Roof_details
f -145/-585/-822 -167/-590/-821 -162/-587/-820 
usemtl LJ6_kr_okna
f -135/-503/-819 -362/-1063/-818 -134/-501/-817 
f -136/-505/-816 -363/-1064/-815 -135/-503/-814 
f -133/-499/-813 -364/-1065/-812 -136/-505/-811 
f -361/-1062/-810 -360/-1061/-809 -359/-1060/-808 
f -359/-1060/-807 -358/-1193/-806 -133/-499/-805 
f -361/-1062/-804 -359/-1060/-803 -133/-499/-802 
f -134/-501/-801 -361/-1062/-800 -133/-499/-799 
usemtl PJ5_Roof
f -132/-497/-798 -174/-627/-797 -454/-626/-796 
f -454/-626/-795 -144/-520/-794 -132/-497/-793 
f -170/-625/-792 -453/-600/-791 -143/-518/-790 
f -143/-518/-789 -130/-495/-788 -170/-625/-787 
f -169/-599/-786 -452/-598/-785 -142/-516/-784 
f -142/-516/-783 -129/-494/-782 -169/-599/-781 
f -131/-496/-780 -173/-628/-779 -455/-603/-778 
f -455/-603/-777 -141/-514/-776 -131/-496/-775 
usemtl LJ6_kr_okna
f -144/-521/-774 -454/-1078/-773 -370/-1204/-772 
f -370/-1204/-771 -140/-512/-770 -144/-521/-769 
f -143/-519/-768 -453/-1077/-767 -369/-1202/-766 
f -369/-1202/-765 -139/-510/-764 -143/-519/-763 
f -142/-517/-762 -452/-1076/-761 -368/-1196/-760 
f -368/-1196/-759 -138/-508/-758 -142/-517/-757 
f -141/-515/-756 -455/-1199/-755 -371/-1205/-754 
f -371/-1205/-753 -137/-506/-752 -141/-515/-751 
f -370/-536/-750 -363/-539/-749 -136/-504/-748 
f -136/-504/-747 -140/-513/-746 -370/-536/-745 
f -369/-530/-744 -362/-533/-743 -135/-502/-742 
f -135/-502/-741 -139/-511/-740 -369/-530/-739 
f -368/-524/-738 -361/-525/-737 -134/-500/-736 
f -134/-500/-735 -138/-509/-734 -368/-524/-733 
f -371/-542/-732 -364/-545/-731 -133/-498/-730 
f -133/-498/-729 -137/-507/-728 -371/-542/-727 
f -346/-1085/-726 -345/-1084/-725 -344/-1083/-724 
f -344/-1083/-723 -350/-1086/-722 -116/-473/-721 
f -346/-1085/-720 -344/-1083/-719 -116/-473/-718 
f -346/-1085/-717 -116/-473/-716 -96/-434/-715 
f -113/-467/-714 -346/-1085/-713 -96/-434/-712 
usemtl PJ5_Roof
f -124/-485/-711 -410/-621/-710 -415/-620/-709 
f -415/-620/-708 -127/-490/-707 -124/-485/-706 
f -409/-619/-705 -414/-616/-704 -126/-488/-703 
f -126/-488/-702 -123/-484/-701 -409/-619/-700 
f -408/-615/-699 -413/-614/-698 -125/-486/-697 
f -125/-486/-696 -122/-483/-695 -408/-615/-694 
f -121/-482/-693 -411/-622/-692 -416/-617/-691 
f -416/-617/-690 -128/-492/-689 -121/-482/-688 
usemtl LJ6_kr_okna
f -128/-493/-687 -416/-1072/-686 -356/-1191/-685 
f -356/-1191/-684 -120/-480/-683 -128/-493/-682 
f -127/-491/-681 -415/-1071/-680 -355/-1190/-679 
f -355/-1190/-678 -119/-478/-677 -127/-491/-676 
f -414/-1070/-675 -354/-1183/-674 -118/-476/-673 
f -118/-476/-672 -126/-489/-671 -414/-1070/-670 
f -125/-487/-669 -413/-1069/-668 -353/-1080/-667 
f -353/-1080/-666 -117/-474/-665 -125/-487/-664 
f -356/-541/-663 -349/-544/-662 -116/-472/-661 
f -116/-472/-660 -120/-481/-659 -356/-541/-658 
f -355/-535/-657 -348/-538/-656 -115/-470/-655 
f -115/-470/-654 -119/-479/-653 -355/-535/-652 
f -354/-529/-651 -347/-532/-650 -114/-468/-649 
f -114/-468/-648 -118/-477/-647 -354/-529/-646 
f -353/-522/-645 -346/-526/-644 -113/-466/-643 
f -113/-466/-642 -117/-475/-641 -353/-522/-640 
f -347/-437/-639 -113/-467/-638 -96/-434/-637 
f -348/-436/-636 -114/-469/-635 -347/-437/-634 
f -349/-435/-633 -115/-471/-632 -348/-436/-631 
f -96/-434/-630 -116/-473/-629 -349/-435/-628 
f -110/-461/-627 -315/-1095/-626 -109/-459/-625 
f -111/-463/-624 -316/-1096/-623 -110/-461/-622 
f -112/-465/-621 -317/-1157/-620 -111/-463/-619 
f -314/-1094/-618 -313/-1093/-617 -312/-1092/-616 
f -312/-1092/-615 -318/-1161/-614 -112/-465/-613 
f -314/-1094/-612 -312/-1092/-611 -112/-465/-610 
f -109/-459/-609 -314/-1094/-608 -112/-465/-607 
usemtl PJ5_Roof
f -108/-457/-606 -310/-611/-605 -309/-610/-604 
f -309/-610/-603 -107/-455/-602 -108/-457/-601 
f -307/-608/-600 -306/-607/-599 -105/-452/-598 
f -105/-452/-597 -106/-454/-596 -307/-608/-595 
f -305/-606/-594 -304/-597/-593 -103/-449/-592 
f -103/-449/-591 -104/-451/-590 -305/-606/-589 
f -102/-448/-588 -311/-612/-587 -308/-609/-586 
f -308/-609/-585 -101/-446/-584 -102/-448/-583 
usemtl LJ6_kr_okna
f -101/-447/-582 -308/-1153/-581 -297/-1160/-580 
f -297/-1160/-579 -100/-444/-578 -101/-447/-577 
f -107/-456/-576 -309/-1150/-575 -295/-1159/-574 
f -295/-1159/-573 -99/-442/-572 -107/-456/-571 
f -306/-1101/-570 -294/-1149/-569 -98/-440/-568 
f -98/-440/-567 -105/-453/-566 -306/-1101/-565 
f -304/-1100/-564 -293/-1105/-563 -97/-438/-562 
f -97/-438/-561 -103/-450/-560 -304/-1100/-559 
f -297/-540/-558 -317/-543/-557 -112/-464/-556 
f -112/-464/-555 -100/-445/-554 -297/-540/-553 
f -295/-534/-552 -316/-537/-551 -111/-462/-550 
f -111/-462/-549 -99/-443/-548 -295/-534/-547 
f -294/-528/-546 -315/-531/-545 -110/-460/-544 
f -110/-460/-543 -98/-441/-542 -294/-528/-541 
f -293/-523/-540 -314/-527/-539 -109/-458/-538 
f -109/-458/-537 -97/-439/-536 -293/-523/-535 
usemtl LJ_6_Wall2
f -95/-399/-534 -157/-1024/-533 -148/-1030/-532 
f -148/-1030/-531 -94/-398/-530 -95/-399/-529 
f -94/-431/-528 -148/-1008/-527 -469/-1009/-526 
f -469/-1009/-525 -93/-429/-524 -94/-431/-523 
f -93/-1133/-522 -469/-293/-521 -278/-292/-520 
f -278/-292/-519 -275/-430/-518 -93/-1133/-517 
f -426/-294/-516 -92/-428/-515 -276/-296/-514 
f -276/-296/-513 -277/-295/-512 -426/-294/-511 
f -91/-426/-510 -426/-1015/-509 -283/-1014/-508 
f -283/-1014/-507 -90/-425/-506 -91/-426/-505 
f -89/-424/-504 -429/-1141/-503 -285/-1142/-502 
f -285/-1142/-501 -88/-422/-500 -89/-424/-499 
f -285/-1142/-498 -288/-1143/-497 -87/-421/-496 
f -87/-421/-495 -88/-422/-494 -285/-1142/-493 
f -87/-421/-492 -288/-1143/-491 -290/-1145/-490 
f -290/-1145/-489 -86/-418/-488 -87/-421/-487 
f -290/-1004/-486 -332/-1016/-485 -85/-416/-484 
f -85/-416/-483 -86/-417/-482 -290/-1004/-481 
f -332/-1016/-480 -78/-261/-479 -72/-256/-478 
f -72/-256/-477 -85/-416/-476 -332/-1016/-475 
usemtl PJ5_StoneWall
f -67/-11/-474 -470/-14/-473 -83/-13/-472 
f -83/-13/-471 -71/-12/-470 -67/-11/-469 
usemtl LJ_6_Wall2
f -284/-1010/-468 -428/-1244/-467 -429/-1013/-466 
f -429/-1013/-465 -89/-423/-464 -284/-1010/-463 
f -284/-1010/-462 -89/-423/-461 -90/-425/-460 
f -90/-425/-459 -283/-1014/-458 -284/-1010/-457 
f -91/-426/-456 -92/-427/-455 -426/-1015/-454 
f -450/-1001/-453 -15/-46/-452 -147/-999/-451 
usemtl LJ_6_Wall1
f -82/-268/-450 -456/-1260/-449 -71/-255/-448 
usemtl PJ5_Details
f -330/-926/-447 -237/-925/-446 -238/-924/-445 
f -238/-924/-444 -331/-267/-443 -330/-926/-442 
usemtl LJ_6_Wall1
f -80/-263/-441 -74/-249/-440 -69/-248/-439 
f -331/-321/-438 -80/-264/-437 -69/-247/-436 
f -78/-260/-435 -331/-266/-434 -68/-245/-433 
usemtl LJ_6_zokkl
f -70/-252/-432 -73/-251/-431 -72/-253/-430 
usemtl LJ_6_Wall1
f -331/-321/-429 -69/-247/-428 -68/-246/-427 
f -456/-1261/-426 -67/-244/-425 -71/-254/-424 
f -475/-289/-423 -319/-243/-422 -66/-242/-421 
usemtl LJ_6_Bricks
f -149/-9/-420 -65/-6/-419 -21/-5/-418 
usemtl LJ_6_Wall1
f -324/-1045/-417 -76/-241/-416 -79/-262/-415 
f -324/-1045/-414 -64/-240/-413 -76/-241/-412 
usemtl PJ5_Details
f -64/-239/-411 -178/-397/-410 -334/-1044/-409 
f -63/-238/-408 -62/-237/-407 -77/-259/-406 
f -77/-259/-405 -84/-269/-404 -63/-238/-403 
usemtl PJ5_Roof
f -66/-233/-402 -319/-234/-401 -61/-236/-400 
f -475/-235/-399 -66/-233/-398 -61/-236/-397 
usemtl LJ_6_Bricks
f -56/-227/-396 -60/-232/-395 -53/-224/-394 
f -53/-224/-393 -48/-219/-392 -56/-227/-391 
f -47/-218/-390 -52/-223/-389 -46/-217/-388 
f -55/-226/-387 -56/-227/-386 -48/-219/-385 
f -48/-219/-384 -47/-218/-383 -55/-226/-382 
f -60/-232/-381 -59/-231/-380 -51/-222/-379 
f -51/-222/-378 -53/-224/-377 -60/-232/-376 
f -52/-223/-375 -54/-225/-374 -45/-216/-373 
f -62/-229/-372 -49/-220/-371 -57/-228/-370 
f -59/-231/-369 -57/-228/-368 -49/-220/-367 
f -49/-220/-366 -51/-222/-365 -59/-231/-364 
f -54/-225/-363 -50/-221/-362 -58/-230/-361 
f -46/-217/-360 -55/-226/-359 -47/-218/-358 
f -45/-216/-357 -46/-217/-356 -52/-223/-355 
f -58/-230/-354 -45/-216/-353 -54/-225/-352 
f -77/-215/-351 -62/-229/-350 -57/-228/-349 
usemtl LJ_6_Roof_details
s 1
f -44/-206/-348 -43/-205/-347 -39/-204/-346 
f -44/-206/-345 -39/-204/-344 -40/-203/-343 
s 4
f -43/-213/-342 -42/-202/-341 -38/-201/-340 
f -43/-213/-339 -38/-201/-338 -39/-200/-337 
s 2
f -42/-212/-336 -41/-199/-335 -37/-198/-334 
f -42/-212/-333 -37/-198/-332 -38/-197/-331 
s 4
f -41/-214/-330 -44/-211/-329 -40/-196/-328 
f -41/-214/-327 -40/-196/-326 -37/-195/-325 
s 16
f -37/-210/-324 -40/-209/-323 -39/-208/-322 
f -37/-210/-321 -39/-208/-320 -38/-207/-319 
usemtl LJ_6_Wall1
s off
f -35/-161/-318 -177/-160/-317 -471/-159/-316 
usemtl LJ_6_zokkl
f -70/-176/-315 -72/-158/-314 -33/-157/-313 
usemtl LJ_6_Wall1
f -177/-156/-312 -35/-155/-311 -475/-154/-310 
f -475/-153/-309 -477/-194/-308 -177/-186/-307 
f -470/-152/-306 -319/-151/-305 -475/-150/-304 
f -475/-192/-303 -35/-149/-302 -470/-148/-301 
f -67/-147/-300 -456/-188/-299 -319/-146/-298 
f -470/-145/-297 -67/-173/-296 -319/-187/-295 
f -36/-144/-294 -34/-172/-293 -470/-143/-292 
f -470/-190/-291 -35/-142/-290 -36/-193/-289 
f -60/-141/-288 -56/-140/-287 -75/-139/-286 
f -75/-138/-285 -81/-137/-284 -60/-136/-283 
f -56/-135/-282 -55/-134/-281 -74/-133/-280 
f -74/-132/-279 -75/-180/-278 -56/-169/-277 
f -59/-131/-276 -60/-170/-275 -81/-130/-274 
f -81/-185/-273 -79/-129/-272 -59/-128/-271 
f -57/-127/-270 -59/-167/-269 -79/-126/-268 
f -79/-184/-267 -76/-125/-266 -57/-124/-265 
f -55/-123/-264 -46/-122/-263 -69/-121/-262 
f -69/-120/-261 -74/-179/-260 -55/-168/-259 
f -45/-119/-258 -58/-118/-257 -78/-117/-256 
f -78/-116/-255 -68/-115/-254 -45/-114/-253 
f -46/-113/-252 -45/-164/-251 -68/-112/-250 
f -68/-174/-249 -69/-175/-248 -46/-165/-247 
f -77/-111/-246 -57/-166/-245 -76/-110/-244 
f -76/-181/-243 -64/-171/-242 -77/-182/-241 
usemtl LJ_6_Wall2
f -78/-109/-240 -58/-108/-239 -33/-107/-238 
f -33/-106/-237 -72/-178/-236 -78/-183/-235 
f -58/-163/-234 -50/-177/-233 -33/-162/-232 
usemtl xxx
f -54/-89/-231 -32/-104/-230 -70/-103/-229 
f -32/-104/-228 -71/-101/-227 -83/-102/-226 
f -83/-102/-225 -70/-103/-224 -32/-104/-223 
f -32/-104/-222 -30/-82/-221 -71/-101/-220 
f -33/-81/-219 -50/-97/-218 -54/-98/-217 
f -63/-105/-216 -32/-104/-215 -62/-96/-214 
f -62/-96/-213 -32/-104/-212 -49/-93/-211 
f -51/-95/-210 -32/-104/-209 -53/-94/-208 
f -49/-93/-207 -32/-104/-206 -51/-95/-205 
f -53/-94/-204 -32/-104/-203 -48/-92/-202 
f -48/-92/-201 -32/-104/-200 -47/-91/-199 
f -47/-91/-198 -32/-104/-197 -52/-90/-196 
f -52/-90/-195 -32/-104/-194 -54/-89/-193 
f -32/-104/-192 -63/-105/-191 -29/-87/-190 
f -32/-86/-189 -28/-85/-188 -30/-88/-187 
f -30/-83/-186 -31/-84/-185 -82/-100/-184 
f -30/-82/-183 -82/-100/-182 -71/-101/-181 
f -70/-99/-180 -33/-81/-179 -54/-98/-178 
usemtl PJ5_Roof
f -334/-74/-177 -447/-76/-176 -475/-78/-175 
f -475/-78/-174 -61/-79/-173 -334/-74/-172 
f -27/-71/-171 -84/-72/-170 -334/-74/-169 
f -334/-74/-168 -61/-79/-167 -27/-71/-166 
f -447/-76/-165 -446/-75/-164 -475/-78/-163 
f -446/-75/-162 -477/-80/-161 -475/-78/-160 
f -82/-70/-159 -26/-69/-158 -319/-73/-157 
f -319/-73/-156 -456/-77/-155 -82/-70/-154 
f -61/-79/-153 -319/-73/-152 -26/-69/-151 
f -25/-68/-150 -27/-71/-149 -61/-79/-148 
f -26/-69/-147 -25/-68/-146 -61/-79/-145 
f -24/-67/-144 -23/-66/-143 -84/-72/-142 
f -84/-72/-141 -27/-71/-140 -24/-67/-139 
f -22/-65/-138 -24/-67/-137 -27/-71/-136 
f -27/-71/-135 -25/-68/-134 -22/-65/-133 
f -32/-64/-132 -29/-63/-131 -23/-66/-130 
f -23/-66/-129 -24/-67/-128 -32/-64/-127 
f -28/-62/-126 -32/-64/-125 -24/-67/-124 
f -24/-67/-123 -22/-65/-122 -28/-62/-121 
f -82/-70/-120 -31/-61/-119 -26/-69/-118 
f -31/-61/-117 -30/-60/-116 -25/-68/-115 
f -25/-68/-114 -26/-69/-113 -31/-61/-112 
f -25/-68/-111 -30/-60/-110 -28/-62/-109 
f -28/-62/-108 -22/-65/-107 -25/-68/-106 
f -29/-63/-105 -63/-59/-104 -84/-72/-103 
f -84/-72/-102 -23/-66/-101 -29/-63/-100 
usemtl LJ_6_Wall1
f -35/-189/-99 -471/-191/-98 -14/-45/-97 
usemtl LJ_6_Bricks
f -149/-1051/-96 -21/-57/-95 -471/-1251/-94 
usemtl LJ_6_Wall1
f -19/-50/-93 -20/-51/-92 -472/-56/-91 
f -65/-52/-90 -472/-56/-89 -20/-51/-88 
usemtl LJ_6_Wall2
f -17/-48/-87 -18/-49/-86 -478/-55/-85 
f -95/-53/-84 -478/-55/-83 -18/-49/-82 
usemtl LJ_6_Wall1
f -16/-47/-81 -19/-50/-80 -157/-54/-79 
f -472/-56/-78 -157/-54/-77 -19/-50/-76 
usemtl LJ_6_Wall2
f -18/-49/-75 -16/-47/-74 -95/-53/-73 
f -157/-54/-72 -95/-53/-71 -16/-47/-70 
usemtl LJ_6_zokkl
f -450/-1001/-69 -449/-270/-68 -15/-46/-67 
usemtl LJ_6_Wall1
f -14/-45/-66 -471/-191/-65 -21/-58/-64 
usemtl xxx
f -35/-44/-63 -14/-37/-62 -12/-42/-61 
f -12/-42/-60 -36/-43/-59 -35/-44/-58 
f -10/-38/-57 -13/-41/-56 -36/-40/-55 
f -36/-43/-54 -12/-42/-53 -11/-39/-52 
f -11/-39/-51 -10/-38/-50 -36/-40/-49 
f -20/-30/-48 -19/-29/-47 -12/-35/-46 
f -12/-35/-45 -14/-31/-44 -20/-30/-43 
f -18/-28/-42 -9/-27/-41 -13/-34/-40 
f -13/-34/-39 -10/-32/-38 -18/-28/-37 
f -19/-29/-36 -16/-26/-35 -11/-33/-34 
f -11/-33/-33 -12/-35/-32 -19/-29/-31 
f -16/-26/-30 -18/-28/-29 -10/-32/-28 
f -10/-32/-27 -11/-33/-26 -16/-26/-25 
usemtl LJ_6_Wall1
f -65/-24/-24 -14/-25/-23 -21/-36/-22 
usemtl PJ5_Roof
f -14/-31/-21 -65/-23/-20 -20/-30/-19 
usemtl LJ_6_raud
f -8/-22/-18 -2/-21/-17 -7/-20/-16 
f -5/-18/-15 -1/-17/-14 -3/-16/-13 
f -2/-21/-12 -6/-19/-11 -7/-20/-10 
f -1/-17/-9 -4/-15/-8 -3/-16/-7 
usemtl LJ_6_zokkl
f -286/-1/-6 -287/-2/-5 -289/-3/-4 
f -476/-4/-3 -289/-3/-2 -287/-2/-1 
# 859 faces

