# 3ds Max Wavefront OBJ Exporter v0.97b - (c)2007 guruware
# File Created: 16.03.2012 14:09:33

mtllib Ryytli_28-origo.mtl

#
# object Ryytli_28
#

v  542100.6945 6588785.0741 24.6685
v  542100.6861 6588785.1067 21.5654
v  542098.4031 6588786.3983 24.1551
v  542100.2826 6588785.3112 24.6685
v  542098.3924 6588786.4396 21.8817
v  542099.0907 6588785.7203 26.0225
v  542099.0993 6588785.6909 27.4029
v  542101.2814 6588784.4986 27.4043
v  542101.3029 6588784.4954 26.0178
v  542104.7461 6588782.2007 24.0486
v  542104.7018 6588782.8871 24.7560
v  542104.8385 6588780.7917 24.7561
v  542104.8154 6588781.1399 24.0486
v  542104.6314 6588782.1933 24.0487
v  542104.7007 6588781.1324 24.0486
v  542104.7007 6588781.1323 21.6532
v  542104.6306 6588782.1933 21.6532
v  542100.6948 6588785.0731 24.7561
v  542100.3088 6588784.4431 24.7442
v  542100.3088 6588784.4431 21.6093
v  542103.0662 6588783.1322 24.7442
v  542103.3734 6588783.6105 24.7561
v  542103.3734 6588783.6105 24.7049
v  542103.3734 6588783.6105 21.4230
v  542103.0662 6588783.1322 21.4738
v  542099.736 6588777.9472 28.5147
v  542104.7061 6588782.8865 29.8759
v  542098.4339 6588786.2795 29.8782
v  542094.5167 6588780.1658 28.6231
v  542104.8447 6588780.7916 29.8859
v  542105.0749 6588777.3113 29.9025
v  542105.3014 6588773.8869 29.9188
v  542105.5451 6588770.2024 29.9364
v  542100.2377 6588772.4015 28.5362
v  542105.797 6588766.3954 29.9545
v  542105.7944 6588766.3957 27.8616
v  542105.7958 6588766.3956 28.9869
v  542105.86 6588765.2466 28.9873
v  542094.5167 6588780.1658 25.0729
v  542099.736 6588777.947 25.0729
v  542100.2377 6588772.4015 24.7989
v  542099.736 6588777.9471 22.0247
v  542100.2377 6588772.4015 22.3278
v  542099.7916 6588772.1006 24.7989
v  542099.7916 6588772.1006 28.5362
v  542099.7916 6588772.1006 22.3278
v  542099.7238 6588771.8299 26.5807
v  542099.7238 6588771.8299 24.7989
v  542099.7238 6588771.8299 22.3278
v  542099.4779 6588770.847 28.5362
v  542099.4779 6588770.847 26.7519
v  542093.5514 6588773.6809 26.7519
v  542093.5514 6588773.6809 28.5362
v  542093.9908 6588774.4879 26.5807
v  542094.3194 6588775.0916 28.5362
v  542078.8121 6588784.8703 28.5362
v  542091.8335 6588776.6592 24.7989
v  542078.8121 6588784.8703 24.7989
v  542075.0697 6588773.3585 31.3262
v  542087.1057 6588765.5182 31.3037
v  542073.2494 6588778.0908 30.5322
v  542093.6128 6588773.5678 29.1058
v  542087.4487 6588765.1031 32.1605
v  542099.5186 6588770.729 29.0323
v  542094.4249 6588762.834 31.9062
v  542101.5714 6588760.9767 31.6414
v  542105.1212 6588761.233 31.6462
v  542100.9921 6588770.952 28.7918
v  542102.6503 6588761.0546 31.6429
v  542104.7573 6588763.6609 30.2907
v  542105.5942 6588764.3192 29.8101
v  542105.9344 6588764.2036 29.9545
v  542104.7573 6588763.6859 21.5452
v  542105.5942 6588764.3531 21.5453
v  542105.9342 6588764.2037 29.8089
v  542105.9344 6588764.5661 21.5453
v  542105.7907 6588766.3962 23.9117
v  542105.7907 6588766.3962 21.2464
v  542105.7907 6588766.3962 24.0985
v  542105.7907 6588766.3962 24.7561
v  542101.5348 6588760.8371 21.5446
v  542105.232 6588761.2449 21.5675
v  542098.4605 6588786.3558 28.9332
v  542098.4611 6588786.3536 29.0402
v  542104.7598 6588782.9218 29.0369
v  542104.7597 6588782.9218 28.9562
v  542104.9005 6588780.8111 29.0469
v  542104.9004 6588780.8111 28.9601
v  542105.9249 6588765.2515 28.9873
v  542105.8607 6588766.4002 28.9868
v  542105.8608 6588766.4001 29.1154
v  542105.9364 6588765.1 29.1150
v  542104.7609 6588782.9215 29.8759
v  542098.4655 6588786.3363 29.8792
v  542104.9015 6588780.811 29.8859
v  542105.9992 6588764.2086 29.9545
v  542105.8618 6588766.4 29.9544
v  542105.9991 6588764.2086 29.8088
v  542105.544 6588770.2023 28.9798
v  542105.607 6588770.2066 28.9797
v  542104.705 6588782.8867 28.9562
v  542098.4288 6588786.2991 28.9322
v  542098.542 6588786.4986 29.0427
v  542098.5461 6588786.4814 29.8818
v  542104.9008 6588783.0109 29.8757
v  542104.8997 6588783.0111 29.0367
v  542105.0467 6588780.8607 29.8859
v  542105.0456 6588780.8609 29.0469
v  542106.1019 6588765.1124 29.1148
v  542106.0274 6588766.4117 29.9543
v  542106.1647 6588764.221 29.9543
v  542106.1646 6588764.2211 29.8087
v  542106.0264 6588766.4119 29.1152
v  542105.6071 6588770.2066 29.0973
v  542105.7681 6588770.2175 29.0972
v  542098.4231 6588786.3213 27.8616
v  542104.7036 6588782.8868 27.8616
v  542104.8436 6588780.7916 28.9601
v  542104.8422 6588780.7916 27.8616
v  542103.775 6588783.3915 24.9832
v  542093.9908 6588774.4879 24.7989
v  542094.3194 6588775.0916 24.7989
v  542093.9908 6588774.4879 22.3278
v  542094.3194 6588775.0916 22.3278
v  542096.17 6588773.2029 25.3634
v  542097.335 6588772.6628 25.3634
v  542097.335 6588772.6628 24.8125
v  542096.17 6588773.2029 24.8125
v  542097.335 6588772.6628 23.5274
v  542096.17 6588773.2029 23.5274
v  542095.9018 6588773.6019 26.5807
v  542097.8128 6588772.7159 26.5807
v  542104.9023 6588776.4224 27.5233
v  542105.0139 6588774.7365 27.5233
v  542105.0118 6588774.7363 25.8263
v  542104.9003 6588776.4222 25.8263
v  542105.0687 6588777.3109 24.7561
v  542105.2952 6588773.8865 24.7561
v  542105.2952 6588773.8865 24.0985
v  542105.0687 6588777.3109 24.0985
v  542105.1334 6588777.3152 29.0635
v  542105.3616 6588773.8909 29.0798
v  542105.3615 6588773.8909 28.9729
v  542105.1333 6588777.3152 28.9666
v  542105.3626 6588773.891 29.9188
v  542105.1345 6588777.3153 29.9025
v  542105.0738 6588777.3112 28.9666
v  542105.2867 6588777.3255 29.9026
v  542105.5191 6588773.9015 29.9188
v  542105.518 6588773.9014 29.0798
v  542105.2856 6588777.3255 29.0636
v  542105.3003 6588773.8868 28.9730
v  542105.299 6588773.8867 27.8616
v  542105.0724 6588777.3112 27.8616
v  542105.412 6588768.7169 27.5233
v  542105.5206 6588767.0748 27.5233
v  542105.5186 6588767.0746 25.8263
v  542105.41 6588768.7167 25.8263
v  542105.6486 6588768.545 24.7561
v  542105.6486 6588768.545 24.0985
v  542105.6082 6588770.2066 29.9363
v  542105.7691 6588770.2175 29.9362
v  542105.5427 6588770.2022 27.8616
v  542105.127 6588773.0265 27.5233
v  542105.2376 6588771.3532 27.5233
v  542105.2356 6588771.353 25.8263
v  542105.1249 6588773.0263 25.8263
v  542105.5165 6588770.5412 24.7561
v  542105.5165 6588770.5412 24.0985
v  542104.6786 6588779.8048 27.5233
v  542104.7896 6588778.1265 27.5233
v  542104.7876 6588778.1264 25.8263
v  542104.6765 6588779.8047 25.8263
v  542104.8385 6588780.7917 24.0985
v  542100.4861 6588785.3268 24.8960
v  542100.7523 6588785.1749 24.7534
v  542100.3421 6588785.4111 24.7531
v  542100.3417 6588785.4099 24.8960
v  542099.2011 6588785.9198 26.0261
v  542099.2086 6588785.891 27.4065
v  542101.3907 6588784.6987 27.4055
v  542101.4134 6588784.6949 26.0191
v  542103.4293 6588783.7133 24.7574
v  542103.6872 6588783.5726 24.8962
v  542105.2413 6588774.7515 27.5230
v  542105.1298 6588776.4374 27.5230
v  542105.2393 6588774.7513 25.8261
v  542105.1278 6588776.4373 25.8261
v  542105.6395 6588768.7319 27.5230
v  542105.7481 6588767.0898 27.5230
v  542105.7461 6588767.0897 25.8261
v  542105.6375 6588768.7318 25.8261
v  542105.4651 6588771.3682 27.5230
v  542105.3545 6588773.0415 27.5230
v  542105.4631 6588771.3681 25.8261
v  542105.3524 6588773.0414 25.8261
v  542104.9061 6588779.8199 27.5230
v  542105.0171 6588778.1416 27.5230
v  542105.0151 6588778.1414 25.8261
v  542104.9041 6588779.8198 25.8261
v  542105.1199 6588774.1832 23.6301
v  542105.1199 6588774.1832 21.9458
v  542104.9303 6588777.0502 21.9458
v  542104.9303 6588777.0502 23.6301
v  542105.6077 6588766.8087 23.6301
v  542105.6077 6588766.8087 21.9458
v  542105.5125 6588768.248 21.9458
v  542105.5125 6588768.248 23.6301
v  542105.341 6588770.8408 23.6301
v  542105.341 6588770.8408 21.9458
v  542105.1562 6588773.6341 21.9458
v  542105.1562 6588773.6341 23.6301
v  542105.4728 6588768.8496 23.6301
v  542105.4728 6588768.8496 21.9458
v  542105.3826 6588770.2119 21.9458
v  542105.3826 6588770.2119 23.6301
v  542104.8935 6588777.6069 23.6301
v  542104.8935 6588777.6069 21.9458
v  542104.7074 6588780.4192 21.9458
v  542104.7074 6588780.4192 23.6301
v  542105.4119 6588773.8942 24.0557
v  542105.393 6588773.8929 23.9490
v  542105.1665 6588777.3174 23.9490
v  542105.1854 6588777.3186 24.0557
v  542105.887 6588766.4026 24.0557
v  542105.887 6588766.4026 23.9489
v  542105.7463 6588768.5515 23.9490
v  542105.7653 6588768.5527 24.0557
v  542105.6332 6588770.549 24.0557
v  542105.6143 6588770.5477 23.9490
v  542104.9362 6588780.7982 23.9490
v  542104.9552 6588780.7994 24.0557
v  542105.2749 6588774.1934 21.9458
v  542105.2749 6588774.1934 23.6301
v  542105.2952 6588773.8865 23.9117
v  542105.2952 6588773.8865 21.2464
v  542105.0687 6588777.3109 21.2464
v  542105.0853 6588777.0605 21.9458
v  542105.0687 6588777.3109 23.9117
v  542105.0853 6588777.0605 23.6301
v  542105.7627 6588766.8189 21.9458
v  542105.7627 6588766.8189 23.6301
v  542105.6486 6588768.545 21.2464
v  542105.6675 6588768.2582 21.9458
v  542105.6486 6588768.545 23.9117
v  542105.6675 6588768.2582 23.6301
v  542105.496 6588770.851 21.9458
v  542105.496 6588770.851 23.6301
v  542105.5165 6588770.5412 23.9117
v  542105.5165 6588770.5412 21.2464
v  542105.3112 6588773.6443 21.9458
v  542105.3112 6588773.6443 23.6301
v  542105.6277 6588768.8598 21.9458
v  542105.6277 6588768.8598 23.6301
v  542105.5376 6588770.2222 21.9458
v  542105.5376 6588770.2222 23.6301
v  542105.0485 6588777.6172 21.9458
v  542105.0485 6588777.6172 23.6301
v  542104.8624 6588780.4294 21.9458
v  542104.8385 6588780.7917 21.2464
v  542104.8385 6588780.7917 23.9117
v  542104.8624 6588780.4294 23.6301
v  542103.8309 6588783.4942 24.8962
v  542103.8309 6588783.494 24.7598
v  542100.2827 6588785.308 24.9833
v  542103.775 6588783.3912 24.7049
v  542104.6998 6588782.8873 21.2464
v  542100.749 6588785.1429 24.6823
v  542100.3379 6588785.3796 24.6821
v  542100.381 6588785.4812 24.9720
v  542103.8705 6588783.5661 24.9723
v  542103.8248 6588783.4715 24.7047
v  542103.425 6588783.6791 24.7035
v  542104.8154 6588781.1399 21.6532
v  542104.821 6588781.0562 21.6532
v  542104.7453 6588782.2009 21.6532
v  542104.821 6588781.0562 21.2464
v  542104.7411 6588782.2648 21.6532
v  542104.741 6588782.2648 21.2464
v  542105.0911 6588781.074 21.6532
v  542105.0911 6588781.074 21.2464
v  542105.0112 6588782.2827 21.2463
v  542105.0112 6588782.2827 21.6531
v  542104.6508 6588782.425 23.9976
v  542104.6521 6588782.4183 24.0517
v  542105.9633 6588782.5056 24.0516
v  542105.9621 6588782.5123 23.9975
v  542105.9955 6588781.4464 24.7324
v  542105.9879 6588781.7455 24.8030
v  542104.6767 6588781.6583 24.8031
v  542104.6843 6588781.3591 24.7325
v  542105.9803 6588782.0398 24.7571
v  542105.9767 6588782.282 24.5792
v  542104.6655 6588782.1947 24.5793
v  542104.6691 6588781.9525 24.7572
v  542104.6877 6588781.1156 24.5465
v  542104.6987 6588780.9644 24.2965
v  542106.0099 6588781.0517 24.2964
v  542105.9989 6588781.2029 24.5464
v  542105.971 6588782.4435 24.2988
v  542104.6598 6588782.3563 24.2989
v  542104.7001 6588780.9406 24.0423
v  542106.0113 6588781.0279 24.0422
v  542105.9654 6588782.4739 24.0540
v  542104.6542 6588782.3866 24.0542
v  542104.7022 6588780.9088 24.0389
v  542104.7025 6588780.9037 23.9848
v  542106.0137 6588780.9911 23.9846
v  542106.0134 6588780.9961 24.0387
v  542104.6529 6588782.3933 24.0001
v  542105.9642 6588782.4806 23.9999
v  542104.7004 6588780.9355 23.9882
v  542106.0116 6588781.0229 23.9881
v  542105.9879 6588781.7463 24.7816
v  542105.9805 6588782.0315 24.7371
v  542105.9953 6588781.4556 24.7130
v  542105.9986 6588781.2187 24.5321
v  542106.0094 6588781.0721 24.2896
v  542106.0108 6588781.051 23.9907
v  542105.9716 6588782.4232 24.2920
v  542105.9663 6588782.4501 24.0022
v  542105.9771 6588782.266 24.5649
v  542104.6746 6588781.9482 24.7360
v  542104.6819 6588781.6631 24.7805
v  542104.6894 6588781.3724 24.7118
v  542104.6927 6588781.1355 24.5310
v  542104.7035 6588780.9889 24.2885
v  542104.7049 6588780.9677 23.9896
v  542104.6656 6588782.34 24.2908
v  542104.6604 6588782.3669 24.0011
v  542104.6712 6588782.1828 24.5637
v  542105.8395 6588782.4489 24.0090
v  542105.8395 6588782.4489 24.0390
v  542105.8694 6588782.4509 24.0390
v  542105.8694 6588782.4509 24.0090
v  542105.9333 6588781.0332 24.0090
v  542105.9633 6588781.0352 24.0090
v  542105.9633 6588781.0352 24.0390
v  542105.9333 6588781.0332 24.0390
v  542105.9161 6588781.0222 23.9481
v  542105.9161 6588781.0222 23.9975
v  542105.945 6588781.0241 23.9975
v  542105.945 6588781.0241 23.9424
v  542105.918 6588780.9932 23.9481
v  542105.918 6588780.9932 23.9975
v  542105.9469 6588780.9951 23.9975
v  542105.9469 6588780.9951 23.9424
v  542105.9049 6588781.0214 23.9211
v  542105.9271 6588781.0229 23.8990
v  542105.9068 6588780.9925 23.9211
v  542105.929 6588780.994 23.8990
v  542105.8838 6588781.02 23.8810
v  542105.878 6588781.0196 23.9100
v  542105.8799 6588780.9907 23.9100
v  542105.8857 6588780.9911 23.8810
v  542105.7604 6588781.0118 23.8810
v  542105.7315 6588781.0099 23.9100
v  542105.7335 6588780.9809 23.9100
v  542105.7623 6588780.9829 23.8810
v  542105.7314 6588781.0099 23.8616
v  542105.7316 6588781.0099 23.8810
v  542105.7604 6588781.0118 23.8396
v  542105.7336 6588780.981 23.8810
v  542105.7334 6588780.9809 23.8616
v  542105.7623 6588780.9829 23.8396
v  542105.4554 6588780.9915 23.7543
v  542105.444 6588780.9908 23.7812
v  542105.4459 6588780.9618 23.7812
v  542105.4573 6588780.9626 23.7543
v  542105.2276 6588780.9763 23.6202
v  542105.2062 6588780.9749 23.6412
v  542105.2081 6588780.946 23.6412
v  542105.2295 6588780.9474 23.6202
v  542105.0763 6588780.9663 23.4087
v  542105.1036 6588780.9681 23.3982
v  542105.0782 6588780.9373 23.4087
v  542105.1055 6588780.9391 23.3982
v  542105.015 6588780.9622 23.1369
v  542105.0379 6588780.9637 23.1071
v  542105.0169 6588780.9333 23.1369
v  542105.0399 6588780.9348 23.1071
v  542104.9623 6588780.9587 23.1388
v  542104.961 6588780.9586 23.1098
v  542104.9335 6588780.9568 23.1399
v  542104.9643 6588780.9297 23.1388
v  542104.9354 6588780.9278 23.1399
v  542104.9629 6588780.9297 23.1098
v  542104.9279 6588780.9564 23.0409
v  542104.9566 6588780.9583 23.0358
v  542104.9298 6588780.9275 23.0409
v  542104.9585 6588780.9294 23.0358
v  542104.9085 6588780.9551 22.9775
v  542104.934 6588780.9568 22.9619
v  542104.9104 6588780.9262 22.9775
v  542104.9359 6588780.9279 22.9619
v  542104.8898 6588780.9538 22.9187
v  542104.8732 6588780.9528 22.9430
v  542104.8751 6588780.9238 22.9430
v  542104.8917 6588780.9249 22.9187
v  542104.8495 6588780.9512 22.9322
v  542104.8206 6588780.9493 22.8872
v  542104.8515 6588780.9222 22.9322
v  542104.8226 6588780.9203 22.8872
v  542104.8207 6588780.9493 23.8805
v  542104.8496 6588780.9512 23.8805
v  542104.8515 6588780.9222 23.8805
v  542104.8226 6588780.9203 23.8805
v  542104.851 6588780.9222 23.9980
v  542104.8491 6588780.9511 23.9980
v  542104.8202 6588780.9492 23.9980
v  542104.8221 6588780.9203 23.9980
v  542104.9643 6588780.9297 23.9096
v  542104.9623 6588780.9587 23.9096
v  542104.9624 6588780.9587 23.8806
v  542104.9643 6588780.9297 23.8806
v  542104.8226 6588780.9203 23.9095
v  542104.8206 6588780.9493 23.9095
v  542104.9353 6588780.9278 23.8806
v  542104.9334 6588780.9568 23.8806
v  542104.935 6588780.9278 23.9978
v  542104.9639 6588780.9297 23.9978
v  542104.9619 6588780.9587 23.9978
v  542104.933 6588780.9567 23.9978
v  542104.8496 6588780.9512 23.9095
v  542104.8515 6588780.9222 23.9095
v  542104.9353 6588780.9278 23.9096
v  542104.9334 6588780.9568 23.9096
v  542105.8207 6588782.4841 23.9481
v  542105.8207 6588782.4841 23.9975
v  542105.8496 6588782.486 23.9975
v  542105.8496 6588782.486 23.9424
v  542105.8226 6588782.4552 23.9481
v  542105.8226 6588782.4552 23.9975
v  542105.8515 6588782.4571 23.9975
v  542105.8515 6588782.4571 23.9424
v  542105.8095 6588782.4833 23.9211
v  542105.8316 6588782.4848 23.8990
v  542105.8114 6588782.4544 23.9211
v  542105.8336 6588782.4559 23.8990
v  542105.7884 6588782.482 23.8810
v  542105.7826 6588782.4816 23.9100
v  542105.7845 6588782.4526 23.9100
v  542105.7903 6588782.453 23.8810
v  542105.665 6588782.4737 23.8810
v  542105.6361 6588782.4718 23.9100
v  542105.6381 6588782.4429 23.9100
v  542105.6669 6588782.4448 23.8810
v  542105.636 6588782.4718 23.8616
v  542105.6362 6588782.4718 23.8810
v  542105.665 6588782.4737 23.8396
v  542105.6382 6588782.4429 23.8810
v  542105.638 6588782.4429 23.8616
v  542105.6669 6588782.4448 23.8396
v  542105.36 6588782.4535 23.7543
v  542105.3486 6588782.4527 23.7812
v  542105.3505 6588782.4237 23.7812
v  542105.3619 6588782.4245 23.7543
v  542105.1322 6588782.4383 23.6202
v  542105.1108 6588782.4369 23.6412
v  542105.1127 6588782.4079 23.6412
v  542105.1341 6588782.4094 23.6202
v  542104.9809 6588782.4282 23.4087
v  542105.0082 6588782.4301 23.3982
v  542104.9828 6588782.3993 23.4087
v  542105.0101 6588782.4011 23.3982
v  542104.9196 6588782.4241 23.1369
v  542104.9426 6588782.4257 23.1071
v  542104.9215 6588782.3952 23.1369
v  542104.9445 6588782.3967 23.1071
v  542104.8669 6588782.4206 23.1388
v  542104.8656 6588782.4205 23.1098
v  542104.8381 6588782.4187 23.1399
v  542104.8689 6588782.3917 23.1388
v  542104.84 6588782.3898 23.1399
v  542104.8675 6588782.3916 23.1098
v  542104.8325 6588782.4183 23.0409
v  542104.8612 6588782.4203 23.0358
v  542104.8344 6588782.3894 23.0409
v  542104.8631 6588782.3913 23.0358
v  542104.8131 6588782.4171 22.9775
v  542104.8386 6588782.4187 22.9619
v  542104.815 6588782.3881 22.9775
v  542104.8405 6588782.3898 22.9619
v  542104.7944 6588782.4158 22.9187
v  542104.7778 6588782.4147 22.9430
v  542104.7797 6588782.3857 22.9430
v  542104.7963 6588782.3869 22.9187
v  542104.7541 6588782.4131 22.9322
v  542104.7252 6588782.4112 22.8872
v  542104.7561 6588782.3842 22.9322
v  542104.7271 6588782.3823 22.8872
v  542104.7253 6588782.4112 23.8805
v  542104.7542 6588782.4131 23.8805
v  542104.7561 6588782.3842 23.8805
v  542104.7272 6588782.3823 23.8805
v  542104.7556 6588782.3841 23.9980
v  542104.7537 6588782.4131 23.9980
v  542104.7247 6588782.4112 23.9980
v  542104.7267 6588782.3822 23.9980
v  542104.8689 6588782.3917 23.9096
v  542104.8669 6588782.4206 23.9096
v  542104.867 6588782.4206 23.8806
v  542104.8689 6588782.3917 23.8806
v  542104.7272 6588782.3823 23.9095
v  542104.7252 6588782.4112 23.9095
v  542104.8399 6588782.3897 23.8806
v  542104.838 6588782.4187 23.8806
v  542104.8395 6588782.3897 23.9978
v  542104.8685 6588782.3917 23.9978
v  542104.8665 6588782.4206 23.9978
v  542104.8376 6588782.4187 23.9978
v  542104.7542 6588782.4131 23.9095
v  542104.7561 6588782.3842 23.9095
v  542104.8399 6588782.3897 23.9096
v  542104.838 6588782.4187 23.9096
v  542095.8126 6588782.1885 25.0729
v  542101.5547 6588780.7787 25.0729
v  542101.5547 6588780.7788 21.7238
v  542095.8083 6588782.2053 21.8252
v  542102.086 6588784.4422 22.0190
v  542102.086 6588784.4422 24.5878
v  542100.6035 6588785.2527 24.5878
v  542100.6035 6588785.2527 22.0190
v  542103.5621 6588783.6308 22.0190
v  542103.5621 6588783.6308 24.5878
v  542102.0952 6588784.4344 24.5878
v  542102.0952 6588784.4344 22.0190
v  542087.7247 6588778.8524 31.1389
v  542087.418 6588779.0296 31.1389
v  542087.4828 6588778.7876 31.1389
v  542087.6172 6588778.7699 31.1389
v  542087.6599 6588779.0944 31.1389
v  542087.7424 6588778.9868 31.1389
v  542087.5255 6588779.1121 31.1389
v  542087.4003 6588778.8952 31.1389
v  542086.8883 6588778.758 22.2942
v  542087.7544 6588778.258 22.2942
v  542087.7544 6588778.258 29.2137
v  542086.8883 6588778.758 29.2137
v  542088.2544 6588779.124 22.2942
v  542088.2544 6588779.124 29.2137
v  542087.3883 6588779.624 22.2942
v  542087.3883 6588779.624 29.2137
v  542087.4266 6588778.6903 29.2137
v  542087.2917 6588778.8661 29.2137
v  542087.822 6588778.7963 29.2137
v  542087.6463 6588778.6614 29.2137
v  542087.7161 6588779.1917 29.2137
v  542087.851 6588779.0159 29.2137
v  542087.3207 6588779.0858 29.2137
v  542087.4964 6588779.2206 29.2137
v  542087.4266 6588778.6903 31.3881
v  542087.2917 6588778.8661 31.3881
v  542087.6463 6588778.6614 31.3881
v  542087.822 6588778.7963 31.3881
v  542087.851 6588779.0159 31.3881
v  542087.7161 6588779.1917 31.3881
v  542087.4964 6588779.2206 31.3881
v  542087.3207 6588779.0858 31.3881
v  542087.4003 6588778.8952 31.3881
v  542087.4828 6588778.7876 31.3881
v  542087.6172 6588778.7699 31.3881
v  542087.7247 6588778.8524 31.3881
v  542087.7424 6588778.9868 31.3881
v  542087.6599 6588779.0944 31.3881
v  542087.5255 6588779.1121 31.3881
v  542087.418 6588779.0296 31.3881
v  542091.6899 6588776.6506 24.7835
v  542091.6961 6588776.6477 24.8376
v  542092.3956 6588777.7602 24.8375
v  542092.3894 6588777.7631 24.7834
v  542093.2717 6588777.1642 25.5183
v  542093.0251 6588777.3336 25.5889
v  542092.3257 6588776.2212 25.5890
v  542092.5722 6588776.0517 25.5184
v  542092.7826 6588777.5003 25.5430
v  542092.5844 6588777.6397 25.3651
v  542091.8849 6588776.5272 25.3652
v  542092.0831 6588776.3879 25.5431
v  542092.7713 6588775.9113 25.3324
v  542092.9002 6588775.8315 25.0824
v  542093.5997 6588776.9439 25.0823
v  542093.4709 6588777.0238 25.3323
v  542092.4503 6588777.7299 25.0847
v  542091.7508 6588776.6175 25.0848
v  542092.9202 6588775.8186 24.8282
v  542093.6197 6588776.9311 24.8281
v  542092.4225 6588777.7433 24.8399
v  542091.723 6588776.6308 24.8401
v  542092.9472 6588775.8017 24.8248
v  542092.9515 6588775.799 24.7707
v  542093.651 6588776.9114 24.7705
v  542093.6467 6588776.9142 24.8246
v  542091.7168 6588776.6337 24.7860
v  542092.4163 6588777.7462 24.7858
v  542092.9245 6588775.8159 24.7741
v  542093.624 6588776.9284 24.7740
v  542093.0245 6588777.3341 25.5675
v  542092.7894 6588777.4956 25.5230
v  542093.2642 6588777.1694 25.4988
v  542093.4578 6588777.0329 25.3180
v  542093.5828 6588776.9555 25.0755
v  542093.6008 6588776.9442 24.7766
v  542092.4671 6588777.7185 25.0778
v  542092.4422 6588777.73 24.7881
v  542092.5976 6588777.6306 25.3508
v  542092.0897 6588776.3898 25.5219
v  542092.3248 6588776.2283 25.5664
v  542092.5645 6588776.0635 25.4977
v  542092.7581 6588775.9271 25.3169
v  542092.8831 6588775.8497 25.0744
v  542092.9011 6588775.8384 24.7755
v  542091.7674 6588776.6127 25.0767
v  542091.7425 6588776.6242 24.7869
v  542091.8979 6588776.5248 25.3496
v  542092.3687 6588777.6266 24.7949
v  542092.3687 6588777.6266 24.8249
v  542092.3847 6588777.652 24.8249
v  542092.3847 6588777.652 24.7949
v  542093.5697 6588776.8711 24.7949
v  542093.5856 6588776.8965 24.7949
v  542093.5856 6588776.8965 24.8249
v  542093.5697 6588776.8711 24.8249
v  542093.5684 6588776.8506 24.7340
v  542093.5684 6588776.8506 24.7834
v  542093.5839 6588776.8752 24.7834
v  542093.5839 6588776.8752 24.7282
v  542093.593 6588776.8352 24.7340
v  542093.593 6588776.8352 24.7834
v  542093.6084 6588776.8598 24.7834
v  542093.6084 6588776.8598 24.7282
v  542093.5625 6588776.8412 24.7070
v  542093.5743 6588776.86 24.6848
v  542093.587 6588776.8257 24.7070
v  542093.5988 6588776.8445 24.6848
v  542093.5512 6588776.8232 24.6669
v  542093.5481 6588776.8184 24.6959
v  542093.5727 6588776.8029 24.6959
v  542093.5757 6588776.8078 24.6669
v  542093.4854 6588776.7186 24.6669
v  542093.47 6588776.6941 24.6959
v  542093.4945 6588776.6786 24.6959
v  542093.5099 6588776.7031 24.6669
v  542093.4699 6588776.694 24.6475
v  542093.47 6588776.6942 24.6669
v  542093.4854 6588776.7186 24.6255
v  542093.4946 6588776.6787 24.6669
v  542093.4945 6588776.6786 24.6475
v  542093.5099 6588776.7031 24.6255
v  542093.3226 6588776.4598 24.5402
v  542093.3166 6588776.4501 24.5671
v  542093.3411 6588776.4347 24.5671
v  542093.3472 6588776.4443 24.5402
v  542093.2011 6588776.2665 24.4061
v  542093.1897 6588776.2484 24.4271
v  542093.2143 6588776.2329 24.4271
v  542093.2257 6588776.2511 24.4061
v  542093.1204 6588776.1382 24.1946
v  542093.135 6588776.1613 24.1841
v  542093.145 6588776.1227 24.1946
v  542093.1595 6588776.1459 24.1841
v  542093.0877 6588776.0862 23.9228
v  542093.1 6588776.1057 23.8930
v  542093.1123 6588776.0707 23.9228
v  542093.1245 6588776.0902 23.8930
v  542093.0596 6588776.0415 23.9247
v  542093.0589 6588776.0403 23.8957
v  542093.0442 6588776.017 23.9258
v  542093.0842 6588776.0261 23.9247
v  542093.0688 6588776.0016 23.9258
v  542093.0834 6588776.0249 23.8957
v  542093.0413 6588776.0123 23.8268
v  542093.0566 6588776.0366 23.8217
v  542093.0658 6588775.9969 23.8268
v  542093.0811 6588776.0212 23.8217
v  542093.0309 6588775.9958 23.7634
v  542093.0445 6588776.0174 23.7478
v  542093.0555 6588775.9804 23.7634
v  542093.069 6588776.002 23.7478
v  542093.0209 6588775.9799 23.7045
v  542093.0121 6588775.9659 23.7289
v  542093.0366 6588775.9504 23.7289
v  542093.0455 6588775.9645 23.7045
v  542092.9995 6588775.9458 23.7181
v  542092.984 6588775.9213 23.6731
v  542093.024 6588775.9304 23.7181
v  542093.0086 6588775.9058 23.6731
v  542092.984 6588775.9213 24.6664
v  542092.9995 6588775.9459 24.6664
v  542093.024 6588775.9304 24.6664
v  542093.0086 6588775.9059 24.6664
v  542093.0238 6588775.93 24.7839
v  542092.9992 6588775.9454 24.7839
v  542092.9838 6588775.9208 24.7839
v  542093.0083 6588775.9054 24.7839
v  542093.0842 6588776.0261 24.6955
v  542093.0596 6588776.0415 24.6955
v  542093.0596 6588776.0415 24.6665
v  542093.0842 6588776.0261 24.6665
v  542093.0086 6588775.9059 24.6954
v  542092.984 6588775.9213 24.6954
v  542093.0687 6588776.0015 24.6665
v  542093.0442 6588776.017 24.6665
v  542093.0685 6588776.0012 24.7837
v  542093.084 6588776.0257 24.7837
v  542093.0594 6588776.0412 24.7837
v  542093.044 6588776.0166 24.7837
v  542092.9995 6588775.9458 24.6954
v  542093.024 6588775.9304 24.6954
v  542093.0687 6588776.0015 24.6955
v  542093.0442 6588776.0169 24.6955
v  542092.3292 6588777.6321 24.7340
v  542092.3292 6588777.6321 24.7834
v  542092.3446 6588777.6567 24.7834
v  542092.3446 6588777.6567 24.7282
v  542092.3537 6588777.6167 24.7340
v  542092.3537 6588777.6167 24.7834
v  542092.3692 6588777.6412 24.7834
v  542092.3692 6588777.6412 24.7282
v  542092.3232 6588777.6227 24.7070
v  542092.3351 6588777.6414 24.6848
v  542092.3478 6588777.6072 24.7070
v  542092.3596 6588777.626 24.6848
v  542092.312 6588777.6047 24.6669
v  542092.3089 6588777.5998 24.6959
v  542092.3334 6588777.5844 24.6959
v  542092.3365 6588777.5893 24.6669
v  542092.2461 6588777.5 24.6669
v  542092.2307 6588777.4756 24.6959
v  542092.2553 6588777.4601 24.6959
v  542092.2707 6588777.4846 24.6669
v  542092.2307 6588777.4755 24.6475
v  542092.2308 6588777.4756 24.6669
v  542092.2461 6588777.5 24.6255
v  542092.2553 6588777.4602 24.6669
v  542092.2552 6588777.4601 24.6475
v  542092.2707 6588777.4846 24.6255
v  542092.0834 6588777.2412 24.5402
v  542092.0773 6588777.2316 24.5671
v  542092.1019 6588777.2161 24.5671
v  542092.108 6588777.2258 24.5402
v  542091.9619 6588777.048 24.4061
v  542091.9505 6588777.0298 24.4271
v  542091.975 6588777.0144 24.4271
v  542091.9865 6588777.0326 24.4061
v  542091.8812 6588776.9196 24.1946
v  542091.8957 6588776.9428 24.1841
v  542091.9057 6588776.9042 24.1946
v  542091.9203 6588776.9274 24.1841
v  542091.8485 6588776.8676 23.9228
v  542091.8607 6588776.8871 23.8930
v  542091.873 6588776.8522 23.9228
v  542091.8853 6588776.8717 23.8930
v  542091.8204 6588776.823 23.9247
v  542091.8196 6588776.8218 23.8957
v  542091.805 6588776.7985 23.9258
v  542091.8449 6588776.8075 23.9247
v  542091.8295 6588776.7831 23.9258
v  542091.8442 6588776.8063 23.8957
v  542091.802 6588776.7938 23.8268
v  542091.8173 6588776.8181 23.8217
v  542091.8266 6588776.7783 23.8268
v  542091.8419 6588776.8026 23.8217
v  542091.7917 6588776.7773 23.7634
v  542091.8053 6588776.7989 23.7478
v  542091.8162 6588776.7618 23.7634
v  542091.8298 6588776.7835 23.7478
v  542091.7817 6588776.7614 23.7045
v  542091.7728 6588776.7473 23.7289
v  542091.7974 6588776.7319 23.7289
v  542091.8062 6588776.7459 23.7045
v  542091.7602 6588776.7273 23.7181
v  542091.7448 6588776.7027 23.6731
v  542091.7847 6588776.7118 23.7181
v  542091.7693 6588776.6873 23.6731
v  542091.7448 6588776.7028 24.6664
v  542091.7602 6588776.7273 24.6664
v  542091.7848 6588776.7119 24.6664
v  542091.7693 6588776.6873 24.6664
v  542091.7845 6588776.7114 24.7839
v  542091.76 6588776.7269 24.7839
v  542091.7445 6588776.7023 24.7839
v  542091.7691 6588776.6869 24.7839
v  542091.8449 6588776.8075 24.6955
v  542091.8204 6588776.823 24.6955
v  542091.8204 6588776.823 24.6665
v  542091.8449 6588776.8075 24.6665
v  542091.7693 6588776.6873 24.6954
v  542091.7448 6588776.7028 24.6954
v  542091.8295 6588776.783 24.6665
v  542091.8049 6588776.7984 24.6665
v  542091.8293 6588776.7827 24.7837
v  542091.8447 6588776.8072 24.7837
v  542091.8202 6588776.8226 24.7837
v  542091.8047 6588776.7981 24.7837
v  542091.7602 6588776.7273 24.6954
v  542091.7848 6588776.7119 24.6954
v  542091.8295 6588776.783 24.6955
v  542091.8049 6588776.7984 24.6955
v  542098.0811 6588772.3169 25.3634
v  542099.246 6588771.7768 25.3634
v  542099.246 6588771.7768 24.8125
v  542098.0811 6588772.3169 24.8125
v  542095.424 6588773.5488 24.8125
v  542094.259 6588774.0889 24.8125
v  542094.259 6588774.0889 25.3635
v  542095.424 6588773.5488 25.3635
v  542099.246 6588771.7768 23.5274
v  542098.0811 6588772.3169 23.5274
v  542095.424 6588773.5488 23.5274
v  542094.259 6588774.0889 23.5274
v  542094.3638 6588774.315 25.3635
v  542094.3638 6588774.315 24.8125
v  542095.5287 6588773.7749 25.3635
v  542095.9018 6588773.6019 24.7989
v  542095.5287 6588773.7749 24.8125
v  542095.5287 6588773.7749 23.5274
v  542095.9018 6588773.6019 22.3278
v  542094.3638 6588774.315 23.5274
v  542096.2748 6588773.429 25.3634
v  542097.4398 6588772.8889 25.3634
v  542097.8128 6588772.7159 24.7989
v  542097.4398 6588772.8889 24.8125
v  542097.4398 6588772.8889 23.5274
v  542097.8128 6588772.7159 22.3278
v  542096.2748 6588773.429 23.5274
v  542096.2748 6588773.429 24.8125
v  542099.3508 6588772.0028 25.3634
v  542099.3508 6588772.0028 24.8125
v  542099.3508 6588772.0028 23.5274
v  542098.1859 6588772.5429 23.5274
v  542098.1859 6588772.5429 24.8125
v  542098.1859 6588772.5429 25.3634
v  542091.8335 6588776.6592 22.4463
v  542078.8121 6588784.8703 22.3278
v  542091.8335 6588776.6592 22.3278
v  542092.8738 6588776.2018 22.3278
v  542092.0058 6588776.7492 22.3278
v  542092.0058 6588776.7492 22.4463
v  542092.8738 6588776.2018 22.4463
v  542091.9231 6588776.8013 22.3278
v  542091.9231 6588776.8013 22.4463
v  542092.7842 6588776.0597 24.7989
v  542092.8669 6588776.0076 22.4463
v  542092.7842 6588776.0597 22.4463
v  542091.8564 6588776.5123 22.4463
v  542091.8564 6588776.5123 24.7989
v  542092.7245 6588775.9649 24.7989
v  542092.7245 6588775.965 22.4463
v  542091.9162 6588776.6071 24.7989
v  542091.9162 6588776.6071 22.4463
v  542092.9565 6588776.1497 22.4463
v  542092.9565 6588776.1497 22.3278
v  542092.8669 6588776.0076 22.3278
v  542075.0697 6588773.3585 25.1973
v  542087.1057 6588765.5182 25.1860
v  542073.2567 6588777.9223 24.8079
v  542087.4487 6588765.1031 25.6144
v  542094.4249 6588762.834 25.4873
v  542075.0697 6588773.3585 22.3312
v  542087.1057 6588765.5182 22.3312
v  542073.2571 6588777.919 22.2107
v  542087.4487 6588765.1031 22.3312
v  542094.4249 6588762.834 22.3312
v  542080.5685 6588788.0372 24.7234
v  542080.5685 6588788.0372 28.4607
v  542080.5685 6588788.0372 22.2523
v  542078.8095 6588784.8946 29.4924
v  542080.5659 6588788.0614 29.4169
v  542071.8181 6588782.641 30.3191
v  542070.4286 6588780.05 30.6910
v  542072.9062 6588784.8525 30.3464
v  542075.9043 6588790.7302 30.4036
v  542074.133 6588787.346 30.3772
v  542067.6987 6588795.4524 32.4780
v  542080.634 6588788.0735 29.7645
v  542080.1633 6588789.2723 29.8142
v  542067.7141 6588796.4034 32.4539
v  542067.6994 6588795.4457 32.2155
v  542080.0957 6588789.2611 29.4692
v  542067.7033 6588796.3997 32.1913
v  542080.0244 6588789.0934 22.0192
v  542067.7313 6588796.1409 22.0253
v  542068.1114 6588781.4481 30.8300
v  542071.8325 6588787.6235 31.1843
v  542072.1445 6588787.4459 31.1740
v  542072.3196 6588787.7952 31.0110
v  542072.0017 6588787.9608 31.0293
v  542067.5637 6588790.6674 31.6822
v  542071.3241 6588788.724 30.9307
v  542072.1277 6588788.3298 30.7723
v  542072.4586 6588788.1674 30.7071
v  542067.4365 6588788.8752 31.4472
v  542067.8176 6588784.6816 31.0987
v  542071.4103 6588786.0451 30.6565
v  542071.1147 6588786.2807 30.7178
v  542070.3869 6588786.8609 30.8687
v  542073.9285 6588786.9304 30.3720
v  542073.7241 6588786.5148 30.3669
v  542073.5196 6588786.0993 30.3618
v  542073.3151 6588785.6837 30.3567
v  542073.1107 6588785.2681 30.3515
v  542070.8555 6588787.7925 30.8997
v  542071.5036 6588787.8282 31.0682
v  542071.7192 6588788.1141 30.9693
v  542070.9849 6588787.2579 30.9861
v  542071.0713 6588786.7542 30.9329
v  542071.1561 6588787.1195 31.0385
v  542071.0283 6588786.7846 30.7784
v  542070.9419 6588787.2886 30.8391
v  542071.2796 6588787.9716 30.8572
v  542071.7037 6588788.1507 30.8148
v  542072.4948 6588788.1435 30.8083
v  542074.1338 6588787.3658 30.6438
v  542071.3226 6588787.9409 31.0043
v  542071.4465 6588786.0211 30.7577
v  542071.1579 6588786.248 30.7863
v  542073.2225 6588785.7277 30.4846
v  542073.244 6588785.7932 30.9839
v  542073.0504 6588785.3927 30.7808
v  542073.0177 6588785.3123 30.4794
v  542073.8356 6588786.9746 30.4999
v  542073.8148 6588786.9465 30.8008
v  542073.6201 6588786.5576 30.9935
v  542073.6314 6588786.5588 30.4948
v  542071.3263 6588786.5947 30.9930
v  542071.6207 6588786.3803 30.9773
v  542071.795 6588786.7385 31.1571
v  542071.486 6588786.9197 31.1667
v  542071.6618 6588787.3015 31.8910
v  542071.9679 6588787.1118 31.8910
v  542072.1431 6588787.4599 31.7080
v  542071.8311 6588787.6375 31.7080
v  542073.9286 6588786.9574 30.9184
v  542071.3349 6588787.4904 31.0807
v  542072.171 6588788.2971 30.8408
v  542070.8986 6588787.7611 31.0193
v  542073.9871 6588787.2823 30.5037
v  542073.9864 6588787.2878 30.5713
v  542073.4433 6588786.2003 31.0501
v  542073.4393 6588786.1682 30.4900
v  542071.333 6588787.509 31.8910
v  542071.1547 6588787.1335 31.7080
v  542071.4846 6588786.9337 31.7080
v  542073.4148 6588786.1183 30.4894
v  542073.4207 6588786.1545 31.0495
v  542072.8746 6588785.0279 30.5349
v  542072.8755 6588785.0229 30.4759
v  542073.5188 6588786.1333 31.1872
v  542071.9698 6588787.0932 31.2019
v  542073.3146 6588785.7159 31.1114
v  542071.5023 6588787.8422 31.7080
v  542073.7235 6588786.5471 31.1217
v  542072.907 6588784.8725 30.6131
v  542073.1107 6588785.2951 30.8979
v  542071.7937 6588786.7524 31.7080
v  542073.1087 6588785.2681 30.4315
v  542072.9425 6588784.9302 30.4273
v  542073.3133 6588785.6836 30.4366
v  542073.5178 6588786.0992 30.4418
v  542073.7222 6588786.5147 30.4469
v  542073.9265 6588786.9304 30.4520
v  542074.0984 6588787.2796 30.4563
v  542074.0982 6588787.2907 30.6005
v  542073.9137 6588786.9235 30.8473
v  542073.7151 6588786.5264 31.0441
v  542073.5206 6588786.1334 31.1063
v  542073.3263 6588785.7363 31.0342
v  542073.1288 6588785.328 30.8271
v  542072.9422 6588784.9409 30.5662
v  542073.019 6588785.3123 30.4294
v  542072.8528 6588784.9744 30.4253
v  542073.2236 6588785.7278 30.4346
v  542073.4281 6588786.1433 30.4397
v  542073.4159 6588786.1184 30.4394
v  542073.6326 6588786.5589 30.4448
v  542073.4404 6588786.1682 30.4400
v  542073.8368 6588786.9746 30.4500
v  542074.0087 6588787.3238 30.4543
v  542074.0085 6588787.3348 30.5984
v  542073.8241 6588786.9677 30.8452
v  542073.6254 6588786.5706 31.0420
v  542073.4309 6588786.1775 31.1043
v  542073.4426 6588786.2011 31.1005
v  542073.2366 6588785.7805 31.0322
v  542073.4193 6588786.1537 31.0999
v  542073.0391 6588785.3722 30.8250
v  542072.8526 6588784.9851 30.5642
v  542073.427 6588786.1432 30.4897
v  542073.432 6588786.1776 31.0537
v  542068.1694 6588781.3157 25.1049
v  542070.4415 6588779.8929 24.9665
v  542067.7154 6588795.3004 26.4906
v  542067.5778 6588790.5311 25.9571
v  542067.4633 6588788.6917 25.7233
v  542067.8413 6588784.5125 25.3745
v  542068.173 6588781.2822 21.9393
v  542070.4425 6588779.8841 22.1532
v  542067.7275 6588795.1854 21.9403
v  542067.5814 6588790.4975 21.9393
v  542067.4669 6588788.6582 21.9393
v  542067.8449 6588784.4789 21.9393
v  542087.1057 6588765.5182 35.9080
v  542074.7455 6588773.5307 35.8640
v  542087.4487 6588765.103 32.1605
v  542087.4487 6588765.103 35.9080
v  542094.4249 6588762.8341 31.9062
v  542101.5714 6588760.9767 35.2580
v  542094.4249 6588762.8341 35.7940
v  542102.6477 6588761.0511 35.2580
v  542102.6503 6588761.0546 34.0830
v  542105.1212 6588761.2329 31.6462
v  542105.0513 6588761.2299 33.9229
v  542101.4711 6588759.9135 35.2580
v  542102.5832 6588759.931 35.2580
v  542074.3893 6588772.0778 35.8467
v  542086.4607 6588764.3043 35.9080
v  542086.8965 6588764.0637 35.9080
v  542093.751 6588761.5657 35.7940
v  542102.5832 6588759.931 34.0832
v  542105.2362 6588760.6384 33.9229
v  542101.4711 6588759.9135 34.0832
v  542074.3893 6588772.0778 34.7331
v  542086.4607 6588764.3043 34.7331
v  542086.8965 6588764.0637 34.7331
v  542093.751 6588761.5657 34.6191
v  542102.5832 6588759.931 30.9435
v  542105.2376 6588760.6389 30.9445
v  542101.4712 6588759.9135 30.9435
v  542074.3893 6588772.0778 31.5934
v  542086.4607 6588764.3043 31.5934
v  542086.8965 6588764.0637 31.5934
v  542093.751 6588761.5657 31.4794
# 1033 vertices

vn 0.4990 0.8665 0.0078
vn 0.4989 0.8666 0.0084
vn 0.5038 0.8637 0.0133
vn 0.4794 0.8774 0.0157
vn 0.4844 0.8748 0.0055
vn 0.9979 0.0651 -0.0006
vn 0.9979 0.0652 -0.0004
vn 0.9979 0.0652 0.0000
vn 0.9978 0.0660 -0.0003
vn 0.8528 -0.5223 -0.0083
vn 0.8528 -0.5222 -0.0078
vn 0.8693 -0.4942 0.0000
vn 0.0070 0.0147 -0.9999
vn 0.0101 0.0185 -0.9998
vn -0.8414 0.5404 0.0000
vn -0.0944 -0.1751 0.9800
vn -0.0514 -0.1691 0.9843
vn -0.2529 -0.0121 0.9674
vn -0.2599 -0.0126 0.9655
vn -0.2628 -0.0200 0.9646
vn 0.9984 0.0558 -0.0012
vn -0.3912 -0.9203 -0.0000
vn -0.3912 -0.9203 0.0001
vn -0.9959 -0.0901 0.0000
vn -0.9959 -0.0901 -0.0000
vn -0.5592 0.8290 0.0000
vn -0.9701 0.2427 0.0000
vn 0.4314 0.9022 0.0000
vn 0.8783 -0.4782 -0.0000
vn 0.8783 -0.4782 0.0000
vn 0.5334 0.8459 0.0000
vn 0.1282 0.1940 0.9726
vn 0.1023 0.2028 0.9739
vn 0.1204 0.1909 0.9742
vn -0.2521 0.4393 0.8623
vn -0.5820 0.6156 0.5313
vn 0.1368 0.2597 0.9559
vn 0.1076 0.2780 0.9545
vn 0.1050 0.3210 0.9412
vn -0.0197 0.2545 0.9669
vn -0.9611 0.2405 0.1362
vn 0.4283 0.8864 0.1758
vn 0.4276 0.8944 0.1314
vn 0.8629 -0.4698 -0.1863
vn 0.1053 0.3196 0.9417
vn -0.0870 0.1289 0.9878
vn 0.2663 0.3241 0.9077
vn -0.2711 -0.0404 0.9617
vn -0.3978 -0.0249 0.9171
vn -0.1454 0.0980 0.9845
vn 0.6174 -0.7866 -0.0022
vn 0.6234 -0.7819 -0.0032
vn -0.3215 -0.9469 -0.0039
vn 0.5303 -0.8470 -0.0371
vn -0.3215 -0.9469 0.0001
vn 0.9972 0.0741 0.0033
vn 0.9969 0.0782 0.0000
vn 0.9979 0.0653 0.0000
vn 0.9980 0.0626 -0.0012
vn 0.9892 0.1274 0.0724
vn 0.1192 0.2591 0.9585
vn 0.0720 -0.9973 0.0135
vn 0.1096 -0.9940 0.0000
vn 0.4784 0.8780 0.0155
vn 0.4787 0.8780 -0.0006
vn 0.9978 0.0665 -0.0013
vn 0.9978 0.0665 -0.0012
vn 0.9981 0.0580 -0.0213
vn 0.0007 0.0006 1.0000
vn -0.0070 -0.0139 0.9999
vn -0.0018 0.0046 1.0000
vn -0.0015 0.0047 1.0000
vn 0.0008 0.0001 1.0000
vn 0.0012 0.0001 1.0000
vn 0.0756 -0.9971 -0.0003
vn 0.1443 -0.6059 -0.7823
vn 0.0471 -0.6418 -0.7654
vn 0.0457 -0.6116 -0.7899
vn -0.0011 -0.0005 -1.0000
vn -0.0012 -0.0005 -1.0000
vn -0.0008 -0.0019 -1.0000
vn -0.0010 -0.0019 -1.0000
vn 0.0103 0.0119 -0.9999
vn 0.0015 -0.0040 -1.0000
vn -0.8732 0.4872 0.0148
vn -0.8744 0.4851 0.0146
vn -0.8730 0.4874 0.0146
vn 0.4793 0.8775 0.0156
vn 0.4809 0.8768 -0.0004
vn 0.9977 0.0677 -0.0013
vn 0.9980 0.0626 -0.0082
vn 0.9976 0.0695 -0.0008
vn 0.9983 0.0580 -0.0012
vn 0.0010 0.0002 1.0000
vn -0.0014 0.0047 1.0000
vn 0.0752 -0.9972 -0.0003
vn 0.0748 -0.9972 -0.0007
vn 0.0448 -0.6116 -0.7899
vn 0.0455 -0.6117 -0.7898
vn -0.0012 0.0003 -1.0000
vn -0.0003 -0.0048 -1.0000
vn -0.0009 -0.0048 -1.0000
vn -0.0010 -0.0002 -1.0000
vn 0.0070 0.0138 -0.9999
vn -0.8743 0.4852 0.0146
vn -0.8731 0.4873 0.0142
vn 0.4776 0.8785 0.0157
vn 0.4798 0.8774 -0.0005
vn 0.9978 0.0660 -0.0012
vn 0.4780 0.8783 -0.0002
vn -0.9701 0.2427 -0.0000
vn 0.4206 0.9072 0.0000
vn 0.0772 0.1665 0.9830
vn 0.0713 0.1538 0.9855
vn 0.0751 0.1572 0.9847
vn 0.9978 0.0660 0.0000
vn 0.9978 0.0665 -0.0011
vn -0.0003 0.0047 1.0000
vn -0.0008 0.0047 1.0000
vn -0.0001 -0.0019 -1.0000
vn -0.0004 -0.0019 -1.0000
vn 0.9977 0.0677 -0.0012
vn 0.0008 -0.0047 -1.0000
vn 0.0014 -0.0046 -1.0000
vn 0.0008 0.0048 1.0000
vn 0.0003 0.0048 1.0000
vn 0.0009 0.0048 1.0000
vn -0.0006 -0.0019 -1.0000
vn 0.0003 -0.0047 -1.0000
vn -0.0014 0.0046 1.0000
vn 0.0001 -0.0018 -1.0000
vn 0.0014 -0.0047 -1.0000
vn 0.0018 -0.0046 -1.0000
vn 0.4990 0.8665 0.0087
vn 0.4991 0.8665 0.0087
vn 0.4872 0.8731 0.0155
vn 0.4873 0.8731 0.0156
vn 0.4795 0.8775 -0.0022
vn 0.4798 0.8774 0.0004
vn 0.4799 0.8773 -0.0010
vn 0.4850 0.8745 0.0055
vn 0.4789 0.8770 -0.0400
vn 0.4806 0.8769 -0.0044
vn 0.8776 -0.4792 -0.0147
vn 0.8748 -0.4842 -0.0158
vn 0.0023 0.0049 -1.0000
vn 0.0080 0.0135 -0.9999
vn -0.8747 0.4844 -0.0156
vn -0.8774 0.4795 -0.0147
vn -0.0051 -0.0150 0.9999
vn -0.0010 -0.0057 1.0000
vn -0.0012 -0.0001 -1.0000
vn -0.0659 0.9978 -0.0000
vn -0.0660 0.9978 0.0000
vn 0.0660 -0.9978 -0.0000
vn 0.0661 -0.9978 0.0000
vn 0.0659 -0.9978 -0.0000
vn 0.0660 -0.9978 0.0000
vn -0.0661 0.9978 0.0000
vn -0.0660 0.9978 -0.0000
vn 0.9978 0.0660 -0.0000
vn 0.9824 0.0650 -0.1751
vn 0.9829 0.0557 -0.1753
vn 0.9824 0.0650 -0.1753
vn 0.9978 0.0659 0.0000
vn 0.9978 0.0660 -0.0001
vn 0.9978 0.0661 0.0000
vn 0.0000 0.0000 1.0000
vn 0.0000 0.0000 -1.0000
vn 0.0662 -0.9978 -0.0000
vn 0.0662 -0.9978 0.0000
vn -0.0658 0.9978 0.0000
vn 0.0658 -0.9978 0.0000
vn 0.3429 0.0227 0.9391
vn 0.3430 0.0227 0.9391
vn 0.4045 0.0268 0.9141
vn 0.3431 0.0194 0.9391
vn 0.3550 0.0235 -0.9346
vn 0.3592 0.0235 -0.9329
vn -0.0657 0.9978 0.0000
vn -0.0661 0.9978 -0.0002
vn 0.4790 0.8778 -0.0011
vn 0.4791 0.8778 -0.0009
vn 0.4986 0.8668 0.0086
vn 0.4988 0.8667 0.0089
vn 0.4811 0.8766 -0.0062
vn 0.4843 0.8748 -0.0108
vn 0.4792 0.8777 0.0000
vn 0.4787 0.8780 0.0001
vn 0.8590 -0.4810 0.1755
vn 0.7853 -0.6191 -0.0092
vn 0.0788 0.1361 -0.9876
vn 0.0776 0.1348 -0.9878
vn -0.8699 0.4931 -0.0126
vn -0.8633 0.5047 0.0055
vn -0.7306 0.6392 -0.2401
vn -0.8595 0.5111 0.0018
vn 0.0264 0.0481 0.9985
vn 0.0270 0.0494 0.9984
vn 0.8782 -0.4782 0.0004
vn 0.8491 -0.5270 0.0351
vn 0.9658 -0.2593 -0.0003
vn 0.8774 -0.4798 -0.0021
vn 0.0016 -0.0027 -1.0000
vn -0.0076 -0.0139 -0.9999
vn -0.7992 0.6010 0.0000
vn -0.8541 0.4671 -0.2287
vn -0.0111 -0.0203 -0.9997
vn 0.0063 0.0088 -0.9999
vn 0.4612 0.8008 -0.3820
vn 0.4612 0.8003 -0.3832
vn 0.4267 0.8194 -0.3827
vn 0.4144 0.7537 -0.5101
vn 0.3409 0.5919 -0.7304
vn 0.3213 0.5854 -0.7443
vn 0.3260 0.5948 -0.7348
vn 0.3256 0.5966 -0.7335
vn 0.9978 0.0660 -0.0006
vn 0.9979 0.0651 -0.0012
vn 0.4779 0.8784 -0.0009
vn 0.4779 0.8784 -0.0002
vn -0.0004 0.0000 -1.0000
vn -0.0650 0.9979 -0.0000
vn 0.0650 -0.9979 -0.0001
vn 0.0661 -0.9978 -0.0000
vn 0.9978 0.0657 -0.0005
vn -0.0662 0.9978 0.0001
vn 0.0003 0.0000 1.0000
vn 0.0000 0.0001 1.0000
vn 0.0659 -0.9978 0.0000
vn 0.9979 0.0649 -0.0004
vn -0.0659 0.9901 0.1238
vn -0.0659 0.9900 0.1244
vn 0.0154 -0.2294 0.9732
vn -0.0393 0.5911 0.8056
vn 0.0569 -0.8532 0.5185
vn 0.0568 -0.8532 0.5185
vn -0.0575 0.8646 0.4992
vn -0.0102 0.1539 0.9880
vn -0.0101 0.1539 0.9880
vn 0.0404 -0.6060 0.7944
vn 0.0661 -0.9935 0.0931
vn 0.0662 -0.9934 0.0933
vn -0.0659 0.9901 0.1242
vn 0.0662 -0.9934 0.0934
vn 0.0661 -0.9935 0.0928
vn -0.9978 -0.0647 0.0148
vn -0.9978 -0.0652 0.0150
vn -0.0050 0.0766 0.9970
vn 0.9978 0.0647 -0.0145
vn 0.9977 0.0656 -0.0149
vn 0.0050 -0.0766 -0.9970
vn 0.0050 -0.0766 -0.9971
vn -0.9978 -0.0662 0.0008
vn -0.0072 0.1069 -0.9942
vn 0.9977 0.0671 -0.0006
vn 0.9978 0.0666 -0.0009
vn 0.0072 -0.1069 0.9942
vn 0.9997 0.0256 -0.0004
vn 0.9997 0.0256 -0.0014
vn 0.9997 0.0253 0.0010
vn 0.9997 0.0257 -0.0004
vn 0.9998 0.0173 -0.0043
vn 0.9999 0.0163 -0.0033
vn 0.9992 0.0326 0.0243
vn 0.9990 0.0397 0.0207
vn 0.9997 0.0256 0.0031
vn 0.9996 0.0283 0.0026
vn 0.9979 0.0641 -0.0123
vn 0.9992 0.0362 -0.0183
vn 0.9996 0.0296 -0.0033
vn 0.9995 0.0309 -0.0024
vn 0.9999 0.0167 0.0023
vn 0.9998 0.0200 0.0075
vn 0.0107 -0.1539 -0.9880
vn -0.0138 0.2295 -0.9732
vn -0.0379 0.6061 -0.7945
vn -0.0379 0.6060 -0.7945
vn -0.0539 0.8534 -0.5185
vn -0.0540 0.8534 -0.5184
vn -0.0634 0.9955 -0.0707
vn 0.0634 -0.9936 -0.0932
vn 0.0634 -0.9936 -0.0934
vn 0.0555 -0.8647 -0.4993
vn 0.0384 -0.5912 -0.8056
vn 0.0384 -0.5911 -0.8056
vn 0.0032 -0.0364 -0.9993
vn 0.0048 -0.0731 -0.9973
vn 0.9976 0.0680 -0.0141
vn -0.0029 0.0429 -0.9991
vn -0.0050 0.0927 -0.9957
vn 0.9996 0.0285 0.0027
vn 0.9978 0.0662 0.0000
vn -0.9978 -0.0662 0.0000
vn -0.0652 0.9979 0.0000
vn 0.0663 -0.9978 0.0000
vn 0.0663 -0.9978 -0.0000
vn 0.9978 0.0658 -0.0003
vn 0.9978 0.0663 0.0000
vn -0.0657 0.9978 -0.0022
vn -0.0670 0.9978 0.0004
vn -0.9217 -0.0613 0.3829
vn -0.9218 -0.0612 0.3828
vn 0.0662 -0.9978 -0.0003
vn 0.0660 -0.9978 0.0001
vn 0.9219 0.0617 -0.3826
vn 0.9217 0.0608 -0.3831
vn -0.0665 0.9978 0.0009
vn -0.0659 0.9978 0.0006
vn -0.3821 -0.0254 0.9238
vn -0.3820 -0.0254 0.9238
vn 0.0665 -0.9978 0.0006
vn 0.3819 0.0254 -0.9238
vn 0.3820 0.0256 -0.9238
vn -0.0666 0.9978 0.0004
vn -0.0663 0.9978 -0.0009
vn 0.0001 0.0000 1.0000
vn 0.0661 -0.9978 0.0005
vn 0.0665 -0.9978 -0.0010
vn -0.0001 -0.0000 -1.0000
vn -0.0657 0.9978 0.0007
vn -0.0657 0.9978 -0.0003
vn 0.0680 -0.9977 0.0009
vn 0.0656 -0.9978 -0.0008
vn 0.0676 -0.9977 0.0000
vn 0.9978 0.0664 0.0000
vn -0.0660 0.9978 -0.0010
vn -0.0665 0.9978 0.0001
vn -0.2683 -0.0178 0.9632
vn -0.2683 -0.0180 0.9632
vn 0.0667 -0.9978 -0.0008
vn 0.0665 -0.9978 -0.0001
vn 0.2683 0.0178 -0.9632
vn -0.0666 0.9978 0.0001
vn -0.0661 0.9978 -0.0007
vn -0.5054 -0.0336 0.8623
vn -0.5054 -0.0335 0.8623
vn 0.0664 -0.9978 -0.0002
vn 0.0665 -0.9978 -0.0003
vn 0.5054 0.0334 -0.8623
vn 0.5054 0.0335 -0.8622
vn -0.0668 0.9978 0.0004
vn -0.8707 -0.0578 0.4885
vn -0.8707 -0.0579 0.4885
vn 0.0668 -0.9978 -0.0001
vn 0.0668 -0.9978 -0.0002
vn 0.8707 0.0583 -0.4884
vn 0.8707 0.0575 -0.4885
vn -0.0669 0.9978 0.0001
vn -0.0665 0.9978 -0.0001
vn -0.9732 -0.0647 0.2205
vn -0.9732 -0.0646 0.2205
vn 0.9732 0.0652 -0.2205
vn 0.9732 0.0651 -0.2205
vn -0.0665 0.9978 -0.0010
vn -0.0676 0.9977 -0.0010
vn -0.0659 0.9978 0.0004
vn 0.0664 -0.9978 0.0001
vn -0.0354 -0.0024 -0.9994
vn -0.0662 0.9978 0.0003
vn -0.0658 0.9978 0.0002
vn -0.9962 -0.0661 0.0565
vn -0.9962 -0.0662 0.0565
vn 0.0659 -0.9978 0.0002
vn 0.9960 0.0666 -0.0588
vn 0.9961 0.0662 -0.0590
vn -0.0659 0.9978 -0.0005
vn -0.0660 0.9978 -0.0004
vn -0.9538 -0.0639 0.2934
vn -0.9539 -0.0633 0.2932
vn 0.0657 -0.9978 0.0001
vn 0.9539 0.0639 -0.2933
vn 0.9539 0.0638 -0.2933
vn -0.0656 0.9978 -0.0009
vn -0.6972 -0.0463 0.7154
vn -0.6970 -0.0467 0.7155
vn 0.0658 -0.9978 0.0002
vn 0.0675 -0.9977 -0.0003
vn 0.6970 0.0464 -0.7156
vn 0.6971 0.0467 -0.7155
vn -0.0663 0.9978 -0.0014
vn -0.0658 0.9978 0.0003
vn -0.4123 -0.0276 0.9106
vn -0.4125 -0.0274 0.9105
vn 0.0662 -0.9978 -0.0012
vn 0.0666 -0.9978 -0.0002
vn 0.4126 0.0276 -0.9105
vn 0.4126 0.0274 -0.9105
vn -0.0653 0.9979 0.0000
vn 0.9978 0.0663 -0.0001
vn 0.9978 0.0668 -0.0001
vn -0.9978 -0.0668 0.0001
vn -0.0011 -0.0001 1.0000
vn -0.0005 -0.0000 1.0000
vn -0.0664 0.9978 -0.0003
vn -0.0664 0.9978 -0.0000
vn 0.0005 0.0000 -1.0000
vn 0.0664 -0.9978 -0.0008
vn 0.0664 -0.9978 0.0000
vn -0.9978 -0.0662 -0.0005
vn -0.9978 -0.0668 -0.0011
vn 0.9978 0.0662 -0.0000
vn 0.9978 0.0668 0.0000
vn 0.0665 -0.9978 0.0000
vn -0.9978 -0.0663 -0.0001
vn -0.0674 0.9977 -0.0000
vn -0.0676 0.9977 0.0000
vn -0.0002 -0.0003 1.0000
vn -0.0663 0.9978 0.0003
vn -0.0652 0.9979 -0.0000
vn 0.9978 0.0664 0.0057
vn 0.9977 0.0668 0.0058
vn 0.0674 -0.9977 0.0004
vn -0.9978 -0.0663 -0.0057
vn -0.9978 -0.0668 -0.0056
vn 0.9978 0.0668 0.0045
vn 0.9978 0.0662 0.0043
vn 0.0663 -0.9978 -0.0001
vn -0.9978 -0.0668 -0.0043
vn -0.9978 -0.0663 -0.0045
vn -0.0674 0.9977 0.0000
vn -0.0004 -0.0000 1.0000
vn -0.0665 0.9978 -0.0000
vn 0.0004 0.0000 -1.0000
vn -0.9977 -0.0668 0.0103
vn -0.9977 -0.0663 0.0110
vn 0.0365 0.0024 0.9993
vn -0.0652 0.9979 -0.0001
vn -0.0663 0.9978 0.0000
vn -0.9978 -0.0663 0.0000
vn 0.9978 0.0663 -0.0003
vn -0.0664 0.9978 -0.0007
vn -0.9216 -0.0613 0.3833
vn -0.9216 -0.0612 0.3833
vn 0.9217 0.0617 -0.3828
vn 0.9217 0.0613 -0.3831
vn -0.0658 0.9978 0.0006
vn 0.3819 0.0252 -0.9238
vn 0.3822 0.0256 -0.9237
vn 0.0662 -0.9978 0.0005
vn -0.0664 0.9978 0.0001
vn -0.2683 -0.0179 0.9632
vn 0.0664 -0.9978 -0.0001
vn -0.0666 0.9978 0.0000
vn -0.5054 -0.0336 0.8622
vn 0.5054 0.0336 -0.8623
vn 0.5054 0.0335 -0.8623
vn -0.0658 0.9978 -0.0003
vn -0.8706 -0.0578 0.4885
vn -0.8706 -0.0579 0.4885
vn 0.8707 0.0579 -0.4885
vn -0.9733 -0.0647 0.2204
vn -0.9733 -0.0646 0.2204
vn 0.9732 0.0652 -0.2204
vn -0.0664 0.9978 0.0000
vn -0.0665 0.9978 0.0000
vn -0.0354 -0.0023 -0.9994
vn -0.0669 0.9978 0.0003
vn -0.9962 -0.0662 0.0566
vn -0.9962 -0.0657 0.0565
vn 0.9961 0.0657 -0.0592
vn -0.9539 -0.0634 0.2932
vn 0.9539 0.0634 -0.2933
vn 0.9539 0.0638 -0.2931
vn -0.0655 0.9979 -0.0009
vn -0.6971 -0.0463 0.7155
vn -0.6970 -0.0463 0.7155
vn 0.0658 -0.9978 0.0003
vn 0.6971 0.0464 -0.7155
vn 0.6971 0.0463 -0.7155
vn -0.0659 0.9978 -0.0003
vn 0.0666 -0.9978 -0.0001
vn 0.4125 0.0276 -0.9105
vn 0.4125 0.0274 -0.9106
vn -0.9978 -0.0663 -0.0005
vn 0.9978 0.0663 -0.0000
vn 0.0673 -0.9977 0.0000
vn 0.0664 -0.9978 -0.0000
vn -0.9978 -0.0657 -0.0001
vn -0.9978 -0.0658 -0.0001
vn -0.0663 0.9978 -0.0000
vn 0.9978 0.0662 0.0057
vn 0.9977 0.0668 0.0059
vn 0.0653 -0.9979 -0.0003
vn -0.9977 -0.0668 -0.0055
vn 0.9978 0.0663 0.0043
vn 0.0673 -0.9977 0.0003
vn -0.9978 -0.0663 -0.0043
vn -0.9978 -0.0657 -0.0045
vn -0.0663 0.9978 -0.0003
vn -0.0663 0.9978 -0.0001
vn 0.4452 -0.8954 0.0000
vn 0.4479 -0.8941 -0.0052
vn -0.0505 -0.1063 -0.9931
vn -0.0239 -0.0974 -0.9950
vn -0.4797 -0.8774 0.0000
vn -0.4805 -0.8770 0.0000
vn -0.5000 -0.8660 0.0000
vn 0.8660 -0.5000 0.0000
vn 0.5000 0.8660 0.0000
vn -0.8660 0.5000 0.0000
vn -0.7934 -0.6087 0.0000
vn -0.1304 -0.9915 0.0000
vn 0.6087 -0.7934 0.0000
vn 0.9914 -0.1305 0.0000
vn 0.7934 0.6087 0.0000
vn 0.1304 0.9915 0.0000
vn -0.6087 0.7934 0.0000
vn -0.9914 0.1305 0.0000
vn 0.7934 0.6088 0.0000
vn 0.1306 0.9914 0.0000
vn -0.6088 0.7934 0.0000
vn -0.9915 0.1305 0.0000
vn -0.7934 -0.6088 0.0000
vn -0.1306 -0.9914 0.0000
vn 0.6088 -0.7934 0.0000
vn 0.9915 -0.1305 0.0000
vn -0.8400 0.5282 0.1244
vn -0.8400 0.5282 0.1241
vn 0.1947 -0.1223 0.9732
vn -0.5015 0.3154 0.8056
vn 0.7239 -0.4551 0.5184
vn -0.7335 0.4612 0.4993
vn -0.7334 0.4612 0.4993
vn -0.1305 0.0822 0.9880
vn 0.5142 -0.3232 0.7945
vn 0.8429 -0.5300 0.0933
vn 0.8429 -0.5300 0.0932
vn 0.8429 -0.5300 0.0935
vn -0.5332 -0.8459 0.0143
vn -0.0649 0.0409 0.9970
vn 0.5332 0.8458 -0.0148
vn 0.0649 -0.0409 -0.9970
vn -0.5319 -0.8468 0.0007
vn -0.5323 -0.8465 0.0009
vn -0.0907 0.0569 -0.9942
vn 0.5323 0.8465 -0.0009
vn 0.5325 0.8464 -0.0011
vn 0.0908 -0.0570 0.9942
vn 0.5664 0.8242 -0.0001
vn 0.5665 0.8241 -0.0017
vn 0.5667 0.8239 0.0010
vn 0.5664 0.8241 -0.0001
vn 0.5733 0.8193 -0.0043
vn 0.5741 0.8188 -0.0032
vn 0.5603 0.8279 0.0241
vn 0.5547 0.8318 0.0206
vn 0.5662 0.8243 0.0031
vn 0.5638 0.8259 0.0026
vn 0.5347 0.8449 -0.0124
vn 0.5578 0.8298 -0.0183
vn 0.5637 0.8259 -0.0038
vn 0.5623 0.8269 -0.0026
vn 0.5739 0.8189 0.0021
vn 0.5715 0.8206 0.0068
vn 0.1308 -0.0818 -0.9880
vn -0.1938 0.1236 -0.9732
vn -0.5128 0.3252 -0.7945
vn -0.5128 0.3253 -0.7945
vn -0.7224 0.4576 -0.5185
vn -0.8429 0.5334 -0.0707
vn -0.8429 0.5334 -0.0708
vn 0.8414 -0.5323 -0.0934
vn 0.7324 -0.4629 -0.4993
vn 0.5010 -0.3162 -0.8056
vn 0.0313 -0.0188 -0.9993
vn 0.0619 -0.0390 -0.9973
vn 0.5308 0.8473 -0.0145
vn -0.0365 0.0228 -0.9991
vn -0.0779 0.0503 -0.9957
vn 0.5641 0.8257 0.0025
vn -0.8464 0.5326 0.0000
vn 0.8464 -0.5326 0.0000
vn 0.5325 0.8464 0.0000
vn -0.5325 -0.8464 0.0000
vn -0.8466 0.5322 0.0000
vn -0.5317 -0.8470 0.0000
vn 0.8463 -0.5326 0.0000
vn 0.5324 0.8465 0.0000
vn -0.8466 0.5322 0.0001
vn -0.8466 0.5322 0.0002
vn -0.4919 -0.7820 0.3828
vn -0.4910 -0.7822 0.3835
vn 0.8464 -0.5325 0.0006
vn 0.8466 -0.5322 -0.0002
vn 0.4918 0.7819 -0.3830
vn -0.8465 0.5324 0.0001
vn -0.2039 -0.3242 0.9238
vn 0.8465 -0.5324 -0.0001
vn 0.2038 0.3241 -0.9238
vn -0.8465 0.5323 0.0001
vn -0.8465 0.5323 0.0003
vn 0.0001 0.0001 1.0000
vn 0.8465 -0.5323 -0.0001
vn 0.8465 -0.5323 -0.0003
vn -0.0001 -0.0001 -1.0000
vn -0.8467 0.5320 -0.0004
vn -0.8469 0.5318 0.0000
vn -0.8467 0.5320 -0.0001
vn 0.8459 -0.5334 -0.0011
vn 0.8468 -0.5319 0.0001
vn 0.8467 -0.5321 0.0000
vn -0.8466 0.5322 0.0006
vn -0.8465 0.5324 -0.0001
vn -0.1431 -0.2276 0.9632
vn -0.1430 -0.2277 0.9632
vn 0.8465 -0.5324 0.0004
vn 0.8465 -0.5323 0.0002
vn 0.1431 0.2276 -0.9632
vn -0.8465 0.5325 -0.0003
vn -0.2697 -0.4287 0.8622
vn 0.8465 -0.5324 0.0001
vn 0.8465 -0.5325 0.0003
vn 0.2697 0.4287 -0.8623
vn -0.8464 0.5325 -0.0002
vn -0.4646 -0.7386 0.4885
vn 0.8464 -0.5325 0.0002
vn 0.4646 0.7386 -0.4884
vn -0.8467 0.5321 0.0001
vn -0.5193 -0.8257 0.2205
vn 0.8467 -0.5321 -0.0001
vn 0.8466 -0.5322 -0.0000
vn 0.5193 0.8257 -0.2204
vn -0.8466 0.5322 -0.0000
vn -0.8465 0.5325 -0.0000
vn -0.8466 0.5323 0.0001
vn 0.8465 -0.5325 0.0000
vn 0.8466 -0.5323 0.0000
vn 0.8466 -0.5322 -0.0001
vn -0.0189 -0.0300 -0.9994
vn -0.8465 0.5323 -0.0002
vn -0.8467 0.5321 -0.0000
vn -0.5308 -0.8456 0.0566
vn -0.5316 -0.8451 0.0564
vn 0.8464 -0.5325 0.0000
vn 0.5315 0.8450 -0.0588
vn -0.8467 0.5321 0.0003
vn -0.8462 0.5328 -0.0004
vn -0.5090 -0.8093 0.2930
vn -0.5083 -0.8097 0.2934
vn 0.8464 -0.5326 0.0001
vn 0.8466 -0.5322 -0.0003
vn 0.5085 0.8096 -0.2933
vn 0.5090 0.8092 -0.2935
vn -0.8462 0.5329 -0.0003
vn -0.3719 -0.5914 0.7155
vn 0.8467 -0.5321 -0.0000
vn 0.3720 0.5914 -0.7155
vn 0.3717 0.5917 -0.7153
vn -0.8469 0.5318 -0.0005
vn -0.8467 0.5321 0.0005
vn -0.2196 -0.3499 0.9107
vn -0.2202 -0.3500 0.9105
vn 0.8466 -0.5323 0.0002
vn 0.2201 0.3500 -0.9105
vn -0.8463 0.5327 -0.0000
vn 0.5324 0.8465 -0.0001
vn 0.5317 0.8470 -0.0001
vn 0.8466 -0.5322 0.0000
vn -0.5324 -0.8465 0.0000
vn -0.0006 -0.0009 1.0000
vn -0.0003 -0.0004 1.0000
vn -0.8465 0.5323 -0.0001
vn 0.0003 0.0004 -1.0000
vn 0.8465 -0.5323 0.0001
vn 0.8465 -0.5323 0.0004
vn -0.5317 -0.8470 -0.0009
vn -0.5326 -0.8463 -0.0001
vn -0.5324 -0.8465 -0.0001
vn -0.8466 0.5323 0.0000
vn -0.8465 0.5325 0.0000
vn 0.0001 -0.0004 1.0000
vn -0.8466 0.5322 -0.0001
vn 0.5324 0.8465 0.0057
vn 0.8463 -0.5326 0.0001
vn -0.5316 -0.8469 -0.0057
vn 0.5324 0.8465 0.0041
vn 0.5316 0.8470 0.0044
vn 0.8469 -0.5318 0.0000
vn -0.5324 -0.8465 -0.0045
vn -0.8466 0.5323 -0.0001
vn -0.0002 -0.0004 1.0000
vn -0.8465 0.5324 0.0006
vn 0.0002 0.0003 -1.0000
vn 0.8466 -0.5323 -0.0006
vn -0.5319 -0.8468 0.0100
vn -0.5324 -0.8464 0.0109
vn 0.0195 0.0310 0.9993
vn 0.8463 -0.5326 -0.0006
vn 0.8469 -0.5318 -0.0006
vn 0.8463 -0.5326 0.0004
vn -0.8466 0.5322 -0.0005
vn -0.8468 0.5320 0.0000
vn -0.4912 -0.7821 0.3835
vn -0.4918 -0.7819 0.3830
vn 0.8465 -0.5324 -0.0005
vn 0.8463 -0.5328 0.0004
vn 0.4918 0.7820 -0.3828
vn -0.8462 0.5329 -0.0002
vn -0.2039 -0.3241 0.9238
vn -0.2035 -0.3241 0.9239
vn 0.8464 -0.5325 0.0007
vn 0.8467 -0.5321 0.0004
vn -0.8465 0.5323 -0.0003
vn 0.8465 -0.5323 0.0003
vn -0.8465 0.5324 0.0005
vn -0.8463 0.5326 0.0000
vn -0.8465 0.5324 0.0003
vn 0.8461 -0.5329 -0.0005
vn 0.8466 -0.5323 0.0001
vn -0.8465 0.5324 -0.0004
vn 0.8465 -0.5324 0.0003
vn 0.8466 -0.5322 -0.0004
vn 0.1430 0.2277 -0.9632
vn 0.8467 -0.5321 -0.0003
vn 0.2693 0.4290 -0.8622
vn 0.4646 0.7386 -0.4885
vn -0.8464 0.5325 -0.0000
vn 0.5315 0.8450 -0.0589
vn -0.5090 -0.8092 0.2934
vn 0.5090 0.8093 -0.2932
vn -0.8467 0.5321 0.0000
vn -0.8464 0.5326 0.0001
vn -0.2201 -0.3499 0.9106
vn 0.8464 -0.5326 -0.0001
vn 0.8466 -0.5323 -0.0000
vn -0.8466 0.5323 -0.0004
vn -0.5324 -0.8465 -0.0003
vn -0.8463 0.5326 -0.0000
vn -0.8463 0.5326 0.0001
vn -0.8461 0.5330 -0.0001
vn 0.5326 0.8463 0.0056
vn 0.8463 -0.5326 -0.0001
vn -0.5324 -0.8465 -0.0056
vn 0.5324 0.8465 0.0044
vn 0.8469 -0.5318 0.0002
vn -0.5317 -0.8470 -0.0042
vn -0.8469 0.5318 0.0001
vn -0.8466 0.5323 0.0006
vn -0.5324 -0.8464 0.0096
vn -0.8461 0.5330 -0.0004
vn 0.8466 -0.5322 0.0004
vn -0.8463 0.5326 0.0006
vn -0.8469 0.5318 -0.0004
vn 0.4206 0.9072 -0.0000
vn 0.4207 0.9072 0.0000
vn -0.0000 0.0000 -1.0000
vn -0.9072 0.4206 0.0000
vn 0.9072 -0.4207 0.0000
vn -0.9072 0.4207 0.0000
vn 0.0000 -0.0000 1.0000
vn 0.9072 -0.4206 0.0000
vn 0.5333 0.8459 0.0000
vn 0.5336 0.8458 0.0000
vn -0.8459 0.5333 -0.0000
vn -0.8458 0.5335 0.0000
vn 0.8458 -0.5334 0.0000
vn 0.8458 -0.5335 0.0000
vn -0.5458 -0.8379 0.0000
vn -0.9333 -0.3590 0.0000
vn -0.9296 -0.3685 0.0097
vn -0.7709 -0.6370 0.0000
vn -0.2630 -0.9647 0.0143
vn -0.2515 -0.9678 0.0000
vn -0.3093 -0.9510 0.0000
vn -0.9294 -0.3692 0.0000
vn -0.9293 -0.3693 0.0003
vn -0.2704 -0.9627 0.0000
vn 0.5336 0.8458 -0.0001
vn -0.8513 0.5247 0.0039
vn -0.8536 0.5208 0.0135
vn -0.8443 0.5358 -0.0000
vn -0.8433 0.5371 0.0157
vn -0.8501 0.5265 0.0155
vn -0.8420 0.5394 -0.0113
vn 0.9880 0.1543 0.0110
vn 0.9816 0.1909 0.0005
vn 0.6187 0.4516 0.6429
vn 0.8745 -0.4850 0.0000
vn 0.7756 -0.6310 0.0181
vn 0.8746 -0.4847 0.0147
vn 0.0930 0.0757 0.9928
vn 0.1126 0.0818 0.9903
vn 0.1433 -0.0827 0.9862
vn 0.1568 -0.0897 0.9835
vn 0.1541 -0.0620 0.9861
vn 0.2329 0.0512 0.9711
vn 0.2190 0.0211 0.9755
vn -0.4733 -0.8723 0.1230
vn -0.4717 -0.8717 0.1326
vn -0.4921 -0.8703 0.0206
vn 0.4934 0.8692 -0.0329
vn 0.4739 0.8722 -0.1211
vn 0.4950 0.8686 -0.0243
vn 0.4972 0.8674 -0.0207
vn 0.1097 0.0833 0.9905
vn 0.2143 0.3227 0.9219
vn 0.2175 0.3154 0.9237
vn 0.1514 -0.1139 0.9819
vn 0.1516 -0.0874 0.9846
vn 0.1514 -0.0869 0.9846
vn 0.1482 -0.0685 0.9866
vn 0.1273 -0.0970 0.9871
vn 0.1274 -0.0969 0.9871
vn 0.1433 -0.0826 0.9862
vn 0.1252 -0.1377 0.9825
vn -0.0460 0.4361 0.8987
vn -0.0166 0.3381 0.9410
vn -0.4083 -0.1649 0.8978
vn 0.1427 -0.1045 0.9842
vn 0.4327 0.8996 0.0584
vn 0.4285 0.9009 -0.0684
vn -0.3479 0.8922 0.2880
vn -0.3690 0.8954 0.2492
vn -0.9551 -0.1880 0.2289
vn -0.9520 -0.1919 0.2383
vn -0.6157 -0.7872 0.0338
vn -0.6210 -0.7836 0.0180
vn 0.8962 -0.4432 0.0195
vn 0.8966 -0.4423 0.0208
vn 0.8981 -0.4393 0.0210
vn 0.8974 -0.4409 0.0193
vn -0.2101 -0.3551 0.9109
vn -0.1978 -0.3847 0.9016
vn 0.2247 0.3626 0.9045
vn 0.2167 0.3806 0.8990
vn 0.2896 0.4294 0.8554
vn 0.2533 0.3884 0.8860
vn -0.2413 0.1559 0.9579
vn 0.0636 0.4634 0.8838
vn -0.3345 0.8750 0.3501
vn -0.3647 0.8844 0.2913
vn -0.1905 0.8339 0.5181
vn -0.3555 0.9008 0.2491
vn 0.9044 -0.4242 0.0451
vn 0.8968 -0.4419 0.0206
vn 0.8973 -0.4410 0.0189
vn 0.8971 -0.4414 0.0193
vn -0.4012 -0.3175 0.8592
vn -0.2164 -0.3428 0.9141
vn -0.2128 -0.3512 0.9118
vn -0.8671 -0.2697 0.4188
vn -0.9547 -0.1911 0.2282
vn -0.9379 -0.1953 0.2866
vn -0.9537 -0.1795 0.2414
vn 0.8968 -0.4421 0.0190
vn 0.8969 -0.4417 0.0193
vn 0.8961 -0.4410 0.0501
vn 0.8948 -0.4458 0.0219
vn -0.2420 -0.4180 0.8756
vn -0.2478 -0.4046 0.8803
vn -0.0523 -0.0997 0.9936
vn -0.0684 -0.1457 0.9870
vn -0.0356 0.1662 0.9855
vn -0.4687 -0.2261 0.8539
vn -0.3358 -0.1890 0.9228
vn 0.2320 0.3726 0.8985
vn 0.2356 0.3733 0.8973
vn -0.2754 0.0235 0.9610
vn -0.0862 0.3832 0.9196
vn 0.2241 0.3405 0.9131
vn 0.2197 0.3199 0.9216
vn 0.4573 0.8796 0.1308
vn 0.4327 0.8997 0.0584
vn -0.6145 -0.7866 0.0606
vn -0.6158 -0.7872 0.0338
vn -0.2126 -0.3584 0.9091
vn -0.2112 -0.3546 0.9109
vn 0.0815 0.1164 0.9898
vn 0.0608 0.0488 0.9970
vn 0.2473 0.3761 0.8930
vn 0.2690 0.3799 0.8850
vn -0.2668 -0.4468 0.8539
vn -0.2535 -0.4121 0.8752
vn -0.2165 -0.3494 0.9116
vn -0.2113 -0.3604 0.9086
vn -0.1982 -0.0983 0.9752
vn 0.4940 0.8692 -0.0219
vn 0.4946 0.8689 -0.0215
vn 0.5328 0.8461 -0.0174
vn 0.5284 0.8487 -0.0213
vn -0.8947 0.4464 -0.0123
vn -0.8941 0.4477 -0.0117
vn -0.9003 0.4351 -0.0110
vn -0.9010 0.4336 -0.0120
vn -0.5239 -0.8515 0.0207
vn -0.5180 -0.8552 0.0168
vn -0.5052 -0.8627 0.0206
vn -0.5057 -0.8625 0.0210
vn 0.8963 -0.4433 0.0144
vn 0.8971 -0.4417 0.0134
vn 0.8964 -0.4430 0.0139
vn 0.8961 -0.4436 0.0144
vn 0.8969 -0.4416 0.0226
vn 0.8971 -0.4413 0.0210
vn 0.8970 -0.4416 0.0199
vn 0.8967 -0.4420 0.0226
vn 0.8970 -0.4416 0.0192
vn 0.8970 -0.4417 0.0199
vn 0.8971 -0.4415 0.0192
vn 0.8970 -0.4415 0.0224
vn 0.8972 -0.4411 0.0199
vn 0.8970 -0.4416 0.0213
vn 0.8968 -0.4418 0.0224
vn 0.8968 -0.4414 0.0302
vn 0.9026 -0.4292 0.0341
vn 0.8990 -0.4375 0.0211
vn 0.8990 -0.4374 0.0213
vn 0.8982 -0.4392 0.0194
vn 0.8984 -0.4387 0.0218
vn 0.8974 -0.4408 0.0193
vn 0.8974 -0.4408 0.0200
vn 0.8966 -0.4424 0.0200
vn 0.8967 -0.4422 0.0193
vn 0.8953 -0.4449 0.0219
vn 0.8960 -0.4435 0.0196
vn 0.8947 -0.4461 0.0220
vn 0.8949 -0.4457 0.0214
vn 0.8926 -0.4498 0.0311
vn 0.8981 -0.4384 0.0357
vn -0.0234 -0.0008 0.9997
vn -0.0233 -0.0009 0.9997
vn -0.4419 -0.8945 0.0679
vn -0.2116 -0.4697 -0.8571
vn -0.1621 -0.3719 -0.9140
vn -0.0438 -0.1351 -0.9899
vn -0.0440 -0.1350 -0.9899
vn 0.0893 0.1354 -0.9867
vn 0.0893 0.1354 -0.9868
vn 0.2003 0.3645 -0.9094
vn 0.2450 0.4578 -0.8546
vn 0.4419 0.8944 -0.0683
vn 0.8971 -0.4413 0.0227
vn 0.8972 -0.4411 0.0213
vn 0.8968 -0.4420 0.0197
vn 0.8966 -0.4423 0.0227
vn 0.8969 -0.4417 0.0192
vn 0.8970 -0.4417 0.0197
vn 0.8972 -0.4411 0.0225
vn 0.8973 -0.4409 0.0197
vn 0.8969 -0.4418 0.0213
vn 0.8968 -0.4419 0.0224
vn 0.8957 -0.4432 0.0352
vn 0.9068 -0.4191 0.0447
vn 0.8990 -0.4374 0.0214
vn 0.8991 -0.4371 0.0219
vn 0.8979 -0.4397 0.0193
vn 0.8983 -0.4388 0.0222
vn 0.8973 -0.4409 0.0194
vn 0.8974 -0.4409 0.0197
vn 0.8969 -0.4419 0.0194
vn 0.8968 -0.4421 0.0192
vn 0.8954 -0.4447 0.0224
vn 0.8962 -0.4433 0.0197
vn 0.8945 -0.4464 0.0227
vn 0.8949 -0.4458 0.0218
vn 0.8902 -0.4541 0.0369
vn 0.9008 -0.4314 0.0494
vn 0.8970 -0.4416 0.0189
vn 0.8971 -0.4414 0.0189
vn 0.8971 -0.4414 0.0197
vn 0.8973 -0.4410 0.0192
vn 0.8972 -0.4413 0.0194
vn 0.8969 -0.4418 0.0189
vn 0.8967 -0.4423 0.0200
vn 0.8967 -0.4423 0.0194
vn 0.1575 -0.0676 0.9852
vn 0.1485 -0.0852 0.9852
vn -0.5159 -0.8565 0.0146
vn -0.5297 -0.8479 0.0221
vn -0.9996 0.0288 -0.0035
vn -0.9996 0.0292 -0.0032
vn -0.9974 0.0713 -0.0042
vn -0.9980 0.0630 -0.0067
vn -0.5695 -0.8217 0.0213
vn -0.5724 -0.8196 0.0234
vn -0.9959 -0.0903 -0.0018
vn -0.9959 -0.0900 -0.0015
vn -0.9959 -0.0904 -0.0015
vn -0.9948 -0.1015 -0.0077
vn -0.5304 -0.8477 0.0084
vn -0.5247 -0.8513 0.0025
vn -0.9996 0.0292 -0.0034
vn -0.9995 0.0312 -0.0012
vn -0.9981 0.0623 -0.0014
vn -0.9981 0.0621 -0.0015
vn -0.5734 -0.8193 0.0023
vn -0.5725 -0.8199 0.0009
vn -0.9959 -0.0901 -0.0002
vn -0.9948 -0.1021 -0.0000
vn -0.9948 -0.1021 -0.0001
vn -1.0000 0.0038 -0.0029
vn -1.0000 0.0040 -0.0029
vn -1.0000 0.0039 -0.0029
vn -1.0000 0.0042 -0.0028
vn -1.0000 0.0040 -0.0028
vn -0.9990 0.0173 0.0411
vn 0.9260 0.3775 -0.0051
vn 0.9328 0.3604 0.0000
vn 0.9097 0.4149 -0.0164
vn 0.9070 0.4208 -0.0182
vn 0.8890 0.4579 -0.0000
vn 0.9111 0.3655 -0.1905
vn 0.9109 0.3656 -0.1911
vn 0.9110 0.3656 -0.1910
vn 0.9112 0.3654 -0.1903
vn 0.9309 0.3652 -0.0067
vn 0.5439 0.8391 0.0070
vn 0.5458 0.8379 0.0000
vn 0.7709 0.6370 0.0000
vn 0.2515 0.9678 0.0000
vn 0.2516 0.9678 0.0000
vn 0.3093 0.9510 0.0000
vn -0.0690 0.9976 -0.0000
vn -0.0784 0.9969 0.0028
vn -0.0721 0.9974 0.0000
vn -0.0720 0.9974 0.0000
vn -0.0729 0.9973 -0.0009
vn -0.0097 -0.0095 0.9999
vn -0.0038 0.0020 1.0000
vn 0.0657 -0.0349 0.9972
vn 0.0679 -0.0064 0.9977
vn 0.0139 -0.0074 0.9999
vn 0.9983 -0.0575 0.0021
vn 0.9982 -0.0596 0.0000
vn 0.0668 -0.0039 0.9978
vn 0.0557 0.0174 0.9983
vn 0.0157 -0.9999 0.0000
vn -0.5414 -0.8408 -0.0000
vn -0.4833 -0.8755 -0.0000
vn -0.4833 -0.8755 0.0000
vn -0.2093 -0.9779 0.0000
vn -0.3424 -0.9396 0.0000
vn 0.2577 -0.9662 0.0000
vn 0.2577 -0.9662 -0.0000
vn 0.0157 -0.9999 -0.0000
vn -0.5414 -0.8408 0.0000
vn -0.4833 -0.8754 0.0000
vn -0.2093 -0.9779 -0.0000
# 1039 vertex normals

vt -1.6620 -0.0899 1.8490
vt -1.6603 -0.6546 1.8555
vt -1.2037 -0.1925 2.1138
vt -1.5796 -0.0899 1.8964
vt -1.2016 -0.5914 2.1221
vt 0.9995 0.0052 0.0325
vt 0.9903 0.9995 0.0005
vt 0.0083 0.9992 0.9995
vt 0.0005 0.0005 0.9696
vt 1.2735 -0.2138 3.4747
vt 1.4106 -0.0724 3.4647
vt 0.9918 -0.0723 3.4954
vt 1.0614 -0.2138 3.4902
vt 0.9994 0.9995 0.9961
vt 0.0006 0.9995 0.0000
vt 0.0005 0.0005 0.9961
vt 0.9995 0.0005 -0.0039
vt 4.9340 2.1010 1.9416
vt 4.9328 2.2106 1.9419
vt 4.1453 2.1957 1.4594
vt 4.9748 -1.4286 1.9311
vt 4.1453 -1.3738 1.4594
vt -2.1363 1.4606 -0.0747
vt -1.5848 1.7228 -0.0747
vt -1.6620 1.8488 -0.0723
vt -2.1978 1.5563 -0.0723
vt -2.1045 2.1466 5.2901
vt -2.1045 -1.6067 5.2901
vt -1.5067 -1.5432 4.9062
vt -2.1045 2.2106 5.2901
vt -1.5067 2.1957 4.9062
vt 2.4877 -2.6249 0.0005
vt 4.0194 4.3369 0.8410
vt -3.1003 3.8197 0.9995
vt -3.1044 -3.5453 0.5060
vt -6.6205 3.1254 0.9037
vt -8.7200 3.1293 0.8898
vt -4.1801 -2.3393 0.0005
vt -3.1326 3.1189 0.9269
vt 0.2993 3.1125 0.9496
vt 3.9918 3.1056 0.9742
vt 1.3877 -2.2609 0.0159
vt 7.8071 3.0985 0.9995
vt -1.8858 0.5488 3.7095
vt -1.8858 0.7738 3.7098
vt -2.0567 0.7739 3.7240
vt 2.4703 0.6794 0.4236
vt 1.4264 0.7011 0.8673
vt 1.4264 -0.0090 0.8673
vt 2.4703 -0.0090 0.4236
vt 0.5764 -0.0090 2.4703
vt 1.6855 -0.0638 2.5706
vt 1.6855 0.6837 2.5706
vt 0.5764 0.6794 2.4703
vt 0.5764 -0.5628 2.4703
vt 1.6855 -0.5580 2.5706
vt -1.5706 0.6837 -0.6855
vt -1.5706 -0.0638 -0.6855
vt -1.4814 -0.0638 -0.7457
vt -1.4814 0.6837 -0.7457
vt -1.5706 -0.5580 -0.6855
vt -1.4814 -0.5580 -0.7457
vt 1.7999 0.2926 2.4678
vt 1.7457 0.6837 2.4814
vt 1.7457 -0.0638 2.4814
vt 1.7999 -0.0638 2.4678
vt 1.7457 -0.5580 2.4814
vt 1.7999 -0.5580 2.4678
vt -1.4187 0.6837 -0.9964
vt -1.4187 0.3268 -0.9964
vt -0.2334 0.3268 -0.4297
vt -0.2334 0.6837 -0.4297
vt -0.2683 0.2926 1.3212
vt -0.1475 0.6837 1.3870
vt -0.4297 0.6837 1.2334
vt -0.4297 0.3268 1.2334
vt 2.7145 0.6837 1.8082
vt -0.3870 0.6837 -0.1475
vt 0.1102 -0.0638 0.1660
vt 2.7145 -0.0638 1.8082
vt 6.2249 6.3661 0.0562
vt -8.1391 6.4567 0.0005
vt 9.2924 -5.6714 0.0110
vt 10.2683 2.9648 0.0292
vt -9.0401 -5.8125 0.0527
vt -9.2683 -4.0623 0.2705
vt -8.6520 6.8125 0.9995
vt -0.5865 -3.8628 0.1401
vt 5.9651 -3.9589 0.3025
vt 0.7571 5.8693 0.3286
vt -6.5137 4.5599 0.4998
vt 5.6537 -2.8878 0.9995
vt -2.1130 4.1947 0.0796
vt -3.3225 3.3582 0.1642
vt 2.6144 -4.6360 0.9990
vt 3.5381 -4.1047 0.9991
vt 1.9964 0.6837 2.4187
vt 2.0200 0.7829 2.4268
vt -0.2456 0.7976 -0.4523
vt -1.4268 0.7829 -1.0200
vt -0.4523 0.7976 1.2456
vt -3.6614 4.7254 0.0005
vt -3.3920 5.1880 0.0028
vt 4.2968 -0.8192 0.5414
vt 4.7567 0.1437 0.3763
vt 2.8906 -1.5922 0.2433
vt 9.8307 2.7407 0.8677
vt 9.6415 3.1101 0.9975
vt 3.6727 0.9385 -2.2946
vt 3.5035 1.0346 -2.4275
vt 3.5035 -0.7145 -2.4275
vt 3.6727 -0.7145 -2.2946
vt 3.7404 0.9382 -2.2515
vt 3.7404 -0.7145 -2.2515
vt 3.7404 0.9673 -2.2515
vt -1.8857 -0.2412 3.7088
vt -2.2515 0.9382 3.7404
vt -2.2515 -0.7145 3.7404
vt -1.8857 -0.7184 3.7088
vt -1.8857 -0.2039 3.7088
vt -1.8857 -0.0723 3.7088
vt 8.0446 6.7489 0.3368
vt 2.8971 1.3036 -2.9176
vt 2.8374 1.3047 -2.9705
vt 2.8300 -0.7146 -2.9984
vt 3.0340 1.3012 -2.7963
vt 3.0340 -0.7146 -2.7963
vt -1.2152 0.7631 2.1053
vt -1.2153 0.7845 2.1049
vt -2.4763 0.7838 1.4177
vt -2.4763 0.7677 1.4177
vt 1.4177 0.7677 3.4763
vt 1.4177 0.7838 3.4763
vt 0.9958 0.7858 3.5078
vt 0.9958 0.7685 3.5077
vt -2.0556 0.7739 3.7370
vt -1.8848 0.7738 3.7228
vt -1.8848 0.7995 3.7228
vt -2.0859 0.7994 3.7395
vt 4.0462 4.3955 0.8234
vt -3.1044 3.8841 0.9825
vt -6.6360 3.1830 0.8940
vt -8.7512 3.1859 0.8802
vt 9.6411 3.1746 0.9866
vt 7.8069 3.1629 0.9885
vt 3.7534 0.9382 -2.2504
vt 3.7534 0.9673 -2.2504
vt -2.7395 -2.0859 0.7994
vt -2.7404 -2.2515 0.9382
vt -2.7240 -2.0567 0.7739
vt -2.7370 -2.0556 0.7739
vt -2.7534 -2.2504 0.9382
vt -2.7098 -1.8858 0.7738
vt -2.7228 -1.8848 0.7738
vt -2.6534 -1.1249 0.7724
vt -2.6660 -1.1239 0.7724
vt -2.4654 1.4106 0.7677
vt -1.2089 2.0940 0.7629
vt -1.2152 2.1053 0.7631
vt -2.4763 1.4177 0.7677
vt -1.1049 0.7845 2.2153
vt -1.0940 0.7629 2.2089
vt -1.0901 0.9521 2.2099
vt -1.1014 0.9523 2.2162
vt -1.1053 0.7631 2.2152
vt 2.1626 0.0867 175.8140
vt 2.1587 0.9257 174.8150
vt -0.2569 0.9197 175.2728
vt -0.2566 0.0807 175.3265
vt 3.9595 0.0180 -0.8633
vt 3.9594 0.8570 1.4922
vt 3.0974 0.8672 1.5117
vt 3.0974 0.0282 -0.8164
vt -3.0988 0.0961 17.5898
vt -2.6955 0.9356 1.6094
vt -3.4289 0.9357 34.4023
vt -3.4289 0.7900 34.1641
vt -2.6955 0.0966 -0.5195
vt -3.1147 4.0485 0.9391
vt 4.1147 4.5453 0.7785
vt -6.6757 3.3301 0.8692
vt -8.8307 3.3304 0.8556
vt 9.6400 3.3393 0.9587
vt 7.8066 3.3276 0.9605
vt -3.4294 0.9358 -378.0469
vt -3.4294 0.7901 -378.2773
vt -3.0993 0.0963 -394.8555
vt -2.7228 -1.8848 0.7995
vt -2.7559 -1.8822 0.7995
vt -2.7726 -2.0831 0.7994
vt -2.6660 -1.1239 0.7959
vt -2.6982 -1.1215 0.7959
vt -1.2315 2.1339 0.7850
vt -2.5041 1.4358 0.7838
vt -2.4763 1.4177 0.7838
vt -1.2153 2.1049 0.7845
vt -1.1304 0.9528 2.2323
vt -1.1339 0.7850 2.2315
vt -1.2077 0.5488 2.0984
vt -1.2089 0.7629 2.0940
vt -2.4654 0.7677 1.4106
vt -2.4651 0.5488 1.4106
vt 1.4106 0.5488 3.4651
vt 1.4106 0.7677 3.4654
vt 0.9918 0.7685 3.4964
vt 0.9918 0.5488 3.4962
vt -2.4647 -0.0724 1.4106
vt -2.2781 -0.0269 1.5125
vt -0.2683 -0.0638 1.3212
vt -0.1475 -0.0638 1.3870
vt -0.2683 -0.5580 1.3212
vt -0.1475 -0.5580 1.3870
vt 1.9964 0.3268 2.4187
vt 0.9995 0.9995 -0.0010
vt 0.0005 0.9995 -0.0010
vt 0.0005 0.6997 0.2954
vt 0.9995 0.6997 0.2964
vt 0.0005 0.0005 0.9971
vt 0.9995 0.0005 0.9971
vt 1.6246 0.0209 0.3335
vt 3.7309 0.0334 0.0005
vt 3.7845 0.9666 0.9995
vt -0.4818 0.0083 0.6665
vt -2.7845 1.0043 0.0006
vt -2.5882 -0.0043 0.9995
vt 0.9995 0.9995 0.9940
vt 0.0005 0.9995 0.9995
vt 0.0005 0.0005 0.0064
vt 0.9995 0.0005 0.0005
vt 0.2960 -0.0723 3.5470
vt -0.3885 -0.0723 3.5978
vt -0.3885 -0.2039 3.5978
vt 0.2960 -0.2039 3.5470
vt 0.2970 0.7891 3.5599
vt -0.3875 0.7924 3.6110
vt -0.3875 0.7710 3.6110
vt 0.2970 0.7698 3.5599
vt 0.2994 3.1734 0.9394
vt -3.1325 3.1781 0.9169
vt -2.5480 0.2961 0.7698
vt -2.4964 0.9918 0.7685
vt -2.5077 0.9958 0.7685
vt -2.5599 0.2970 0.7698
vt 1.6800 0.8839 1.5313
vt 0.3073 0.9001 1.5547
vt 0.3073 0.0611 -0.6797
vt 1.6800 0.0449 -0.7422
vt 0.2996 3.3289 0.9132
vt -3.1323 3.3294 0.8915
vt -2.5904 0.2993 0.7892
vt -2.5599 0.2970 0.7891
vt -2.5078 0.9958 0.7858
vt -2.5367 1.0060 0.7858
vt 0.2961 0.7698 3.5480
vt -0.3884 0.7710 3.5988
vt -0.3884 0.5488 3.5985
vt 0.2961 0.5488 3.5477
vt 0.9995 0.9995 0.9943
vt 0.0005 0.9995 0.9996
vt 0.0005 0.0005 0.0063
vt 0.9995 0.0005 0.0006
vt -1.4562 -0.0723 3.6769
vt -1.4562 -0.2039 3.6769
vt -1.1239 0.7959 3.6660
vt -1.1239 0.7724 3.6660
vt 3.9919 3.1682 0.9636
vt -1.1697 0.9176 1.5859
vt -1.1697 0.0786 -0.5977
vt 3.9921 3.3282 0.9365
vt -1.1249 0.7724 3.6534
vt -1.1249 0.5488 3.6531
vt 0.9995 0.9995 0.9941
vt 0.0005 0.0005 0.0065
vt -1.0571 -0.0723 3.6474
vt -1.0571 -0.2039 3.6474
vt -2.5988 -0.3884 0.7710
vt -2.6110 -0.3875 0.7710
vt -2.6110 -0.3875 0.7924
vt -2.6423 -0.3851 0.7924
vt 0.9995 0.0005 0.0004
vt 0.9918 -0.2039 3.4954
vt -1.6203 -0.0444 1.8995
vt -1.6736 -0.0729 1.8691
vt -1.5915 -0.0729 1.9164
vt -1.5914 -0.0444 1.9161
vt -1.3633 0.1817 2.0181
vt -1.3648 0.4577 2.0124
vt -1.8012 0.4575 1.7739
vt -1.8058 0.1803 1.7731
vt -2.2089 -0.0721 1.5768
vt -2.2605 -0.0443 1.5487
vt 2.0181 0.1817 2.3633
vt 2.0124 0.4577 2.3648
vt 1.9723 0.4570 2.3429
vt 1.9782 0.1809 2.3412
vt -1.3648 2.0124 0.4577
vt -1.8012 1.7739 0.4575
vt -1.7794 1.7339 0.4573
vt -1.3429 1.9723 0.4570
vt -0.7739 0.4575 2.8012
vt -0.7731 0.1803 2.8058
vt -0.7332 0.1800 2.7837
vt -0.7339 0.4573 2.7794
vt 2.8058 1.7731 0.1803
vt 2.3633 2.0181 0.1817
vt 2.3412 1.9782 0.1809
vt 2.7837 1.7332 0.1800
vt -0.2155 0.4810 3.5856
vt 0.1214 0.4810 3.5606
vt -0.2156 0.1417 3.5852
vt 0.1214 0.1417 3.5602
vt -1.4188 0.4810 3.6748
vt -1.7470 0.4810 3.6992
vt -1.7471 0.1417 3.6988
vt -1.4188 0.1417 3.6744
vt -0.8918 0.4810 3.6358
vt -0.5574 0.4810 3.6110
vt -0.8919 0.1417 3.6354
vt -0.5574 0.1417 3.6105
vt 0.7976 0.4810 3.5105
vt 0.4621 0.4810 3.5354
vt 0.4621 0.1417 3.5349
vt 0.7975 0.1417 3.5101
vt -2.5606 0.1214 0.4810
vt -2.5856 -0.2155 0.4810
vt -2.5401 -0.2189 0.4811
vt -2.5151 0.1181 0.4811
vt -2.5856 0.4810 -0.2155
vt -2.5852 0.1417 -0.2156
vt -2.5397 0.1417 -0.2190
vt -2.5401 0.4811 -0.2189
vt 3.5852 -0.2156 0.1417
vt 3.5602 0.1214 0.1417
vt 3.5147 0.1180 0.1417
vt 3.5397 -0.2190 0.1417
vt 3.5602 0.1417 0.1214
vt 3.5606 0.4810 0.1214
vt 3.5151 0.4811 0.1181
vt 3.5147 0.1417 0.1180
vt -2.6748 -1.4188 0.4810
vt -2.6992 -1.7470 0.4810
vt -2.6537 -1.7504 0.4811
vt -2.6294 -1.4222 0.4811
vt -2.6992 0.4810 -1.7470
vt -2.6988 0.1417 -1.7471
vt -2.6533 0.1417 -1.7504
vt -2.6537 0.4811 -1.7504
vt 3.6988 -1.7471 0.1417
vt 3.6744 -1.4188 0.1417
vt 3.6290 -1.4222 0.1417
vt 3.6533 -1.7504 0.1417
vt 3.6744 0.1417 -1.4188
vt 3.6748 0.4810 -1.4188
vt 3.6294 0.4811 -1.4222
vt 3.6290 0.1417 -1.4222
vt -2.6110 -0.5574 0.4810
vt -2.6358 -0.8918 0.4810
vt -2.5903 -0.8952 0.4811
vt -2.5655 -0.5607 0.4811
vt -2.6358 0.4810 -0.8918
vt -2.6354 0.1417 -0.8919
vt -2.5899 0.1417 -0.8952
vt -2.5903 0.4811 -0.8952
vt 3.6354 -0.8919 0.1417
vt 3.6105 -0.5574 0.1417
vt 3.5651 -0.5608 0.1417
vt 3.5899 -0.8952 0.1417
vt 3.6105 0.1417 -0.5574
vt 3.6110 0.4810 -0.5574
vt 3.5655 0.4811 -0.5607
vt 3.5651 0.1417 -0.5608
vt -2.5105 0.7976 0.4810
vt -2.5354 0.4621 0.4810
vt -2.4899 0.4587 0.4811
vt -2.4650 0.7942 0.4811
vt -2.5354 0.4810 0.4621
vt -2.5349 0.1417 0.4621
vt -2.4895 0.1417 0.4587
vt -2.4899 0.4811 0.4587
vt 3.5349 0.4621 0.1417
vt 3.5101 0.7975 0.1417
vt 3.4646 0.7942 0.1417
vt 3.4895 0.4587 0.1417
vt 3.5101 0.1417 0.7975
vt 3.5105 0.4810 0.7976
vt 3.4650 0.4811 0.7942
vt 3.4646 0.1417 0.7942
vt 0.0005 0.9995 1.0000
vt 0.0005 0.0005 1.0000
vt 0.9995 0.0005 0.0000
vt 0.9995 0.9995 0.0078
vt 0.0005 0.9995 1.0156
vt 0.9995 0.9995 0.0156
vt 0.0005 0.0005 0.9844
vt 0.9995 0.0005 -0.0078
vt 0.9995 0.9995 -0.0078
vt 0.0005 0.9995 0.9844
vt 0.0005 0.0005 0.9688
vt 0.9995 0.0005 -0.0313
vt 0.9995 0.9995 0.0000
vt 0.0005 0.0005 0.9922
vt 0.9995 0.0005 0.0156
vt -0.3867 -0.2124 3.6211
vt -0.3870 -0.2338 3.6173
vt 0.2975 -0.2338 3.5665
vt 0.2978 -0.2124 3.5703
vt -1.8843 -0.2124 3.7280
vt -1.8843 -0.2338 3.7280
vt -1.4547 -0.2338 3.6965
vt -1.4544 -0.2124 3.7003
vt -1.0554 -0.2124 3.6707
vt -1.0557 -0.2338 3.6669
vt 0.9933 -0.2338 3.5149
vt 0.9935 -0.2124 3.5187
vt -0.3271 -0.6344 3.5932
vt -0.3271 -0.2975 3.5932
vt -0.3885 -0.2412 3.5978
vt -0.3885 -0.7184 3.5978
vt 0.2960 -0.7184 3.5470
vt 0.2460 -0.6344 3.5507
vt 0.2960 -0.2412 3.5470
vt 0.2460 -0.2975 3.5507
vt -1.8012 -0.6344 3.7025
vt -1.8012 -0.2975 3.7025
vt -1.4562 -0.7184 3.6769
vt -1.5135 -0.6344 3.6812
vt -1.4562 -0.2412 3.6769
vt -1.5135 -0.2975 3.6812
vt -0.9952 -0.6344 3.6428
vt -0.9952 -0.2975 3.6428
vt -1.0571 -0.2412 3.6474
vt -1.0571 -0.7184 3.6474
vt -0.4369 -0.6344 3.6014
vt -0.4369 -0.2975 3.6014
vt -1.3932 -0.6344 3.6723
vt -1.3932 -0.2975 3.6723
vt -1.1209 -0.6344 3.6521
vt -1.1209 -0.2975 3.6521
vt 0.3573 -0.6344 3.5425
vt 0.3573 -0.2975 3.5425
vt 0.9194 -0.6344 3.5008
vt 0.9918 -0.7184 3.4954
vt 0.9918 -0.2412 3.4954
vt 0.9194 -0.2975 3.5008
vt -2.5932 -0.2975 -0.3271
vt -2.5932 -0.6344 -0.3271
vt -2.5622 -0.6344 -0.3294
vt -2.5622 -0.2975 -0.3294
vt 3.5932 -0.3271 -0.6344
vt 3.5507 0.2460 -0.6344
vt 3.5197 0.2437 -0.6344
vt 3.5622 -0.3294 -0.6344
vt 3.5507 -0.6344 0.2460
vt 3.5507 -0.2975 0.2460
vt 3.5197 -0.2975 0.2437
vt 3.5197 -0.6344 0.2437
vt -2.5507 0.2460 -0.2975
vt -2.5932 -0.3271 -0.2975
vt -2.5622 -0.3294 -0.2975
vt -2.5197 0.2437 -0.2975
vt -2.7025 -0.2975 -1.8012
vt -2.7025 -0.6344 -1.8012
vt -2.6715 -0.6344 -1.8035
vt -2.6715 -0.2975 -1.8035
vt 3.7025 -1.8012 -0.6344
vt 3.6812 -1.5135 -0.6344
vt 3.6502 -1.5158 -0.6344
vt 3.6715 -1.8035 -0.6344
vt 3.6812 -0.6344 -1.5135
vt 3.6812 -0.2975 -1.5135
vt 3.6502 -0.2975 -1.5158
vt 3.6502 -0.6344 -1.5158
vt -2.6812 -1.5135 -0.2975
vt -2.7025 -1.8012 -0.2975
vt -2.6715 -1.8035 -0.2975
vt -2.6502 -1.5158 -0.2975
vt -2.6428 -0.2975 -0.9952
vt -2.6428 -0.6344 -0.9952
vt -2.6118 -0.6344 -0.9975
vt -2.6118 -0.2975 -0.9975
vt 3.6428 -0.9952 -0.6344
vt 3.6014 -0.4369 -0.6344
vt 3.5704 -0.4392 -0.6344
vt 3.6118 -0.9975 -0.6344
vt 3.6014 -0.6344 -0.4369
vt 3.6014 -0.2975 -0.4369
vt 3.5704 -0.2975 -0.4392
vt 3.5704 -0.6344 -0.4392
vt -2.6014 -0.4369 -0.2975
vt -2.6428 -0.9952 -0.2975
vt -2.6118 -0.9975 -0.2975
vt -2.5704 -0.4392 -0.2975
vt -2.6723 -0.2975 -1.3932
vt -2.6723 -0.6344 -1.3932
vt -2.6413 -0.6344 -1.3955
vt -2.6413 -0.2975 -1.3955
vt 3.6723 -1.3932 -0.6344
vt 3.6521 -1.1209 -0.6344
vt 3.6211 -1.1232 -0.6344
vt 3.6413 -1.3955 -0.6344
vt 3.6521 -0.6344 -1.1209
vt 3.6521 -0.2975 -1.1209
vt 3.6211 -0.2975 -1.1232
vt 3.6211 -0.6344 -1.1232
vt -2.6521 -1.1209 -0.2975
vt -2.6723 -1.3932 -0.2975
vt -2.6413 -1.3955 -0.2975
vt -2.6211 -1.1232 -0.2975
vt -2.5425 -0.2975 0.3573
vt -2.5425 -0.6344 0.3573
vt -2.5115 -0.6344 0.3550
vt -2.5115 -0.2975 0.3550
vt 3.5425 0.3573 -0.6344
vt 3.5008 0.9194 -0.6344
vt 3.4698 0.9171 -0.6344
vt 3.5115 0.3550 -0.6344
vt 3.5008 -0.6344 0.9194
vt 3.5008 -0.2975 0.9194
vt 3.4698 -0.2975 0.9171
vt 3.4698 -0.6344 0.9171
vt -2.5008 0.9194 -0.2975
vt -2.5425 0.3573 -0.2975
vt -2.5115 0.3550 -0.2975
vt -2.4698 0.9171 -0.2975
vt 3.5470 0.2960 -0.2039
vt 3.5978 -0.3885 -0.2039
vt 3.6211 -0.3867 -0.2124
vt 3.5703 0.2978 -0.2124
vt 3.6474 -1.0571 -0.2039
vt 3.6707 -1.0554 -0.2124
vt 3.6769 -1.4562 -0.2039
vt 3.7003 -1.4544 -0.2124
vt 3.7088 -1.8857 -0.2039
vt 3.7280 -1.8843 -0.2124
vt 3.7280 -0.2124 -1.8843
vt 3.7088 -0.2039 -1.8857
vt 3.7088 -0.2412 -1.8857
vt 3.7280 -0.2338 -1.8843
vt -2.7088 -1.8857 -0.2412
vt -2.6769 -1.4562 -0.2412
vt -2.6965 -1.4547 -0.2338
vt -2.7280 -1.8843 -0.2338
vt -2.6474 -1.0571 -0.2412
vt -2.6669 -1.0557 -0.2338
vt -2.5978 -0.3885 -0.2412
vt -2.6173 -0.3870 -0.2338
vt -2.5470 0.2960 -0.2412
vt -2.5665 0.2975 -0.2338
vt -2.4954 0.9918 -0.2412
vt -2.5149 0.9933 -0.2338
vt -2.5149 -0.2338 0.9933
vt -2.4954 -0.2412 0.9918
vt -2.4954 -0.2039 0.9918
vt -2.5187 -0.2124 0.9935
vt 3.4954 0.9918 -0.2039
vt 3.5187 0.9935 -0.2124
vt -2.2893 -0.0443 1.5330
vt -2.2893 -0.0716 1.5330
vt -1.5796 -0.0269 1.8958
vt -2.1978 -0.6831 1.5563
vt -2.1978 -0.0826 1.5563
vt -2.2781 -0.0826 1.5124
vt -2.4643 -0.7184 1.4107
vt 1.8627 -0.0871 2.6729
vt 1.8691 -0.0729 2.6736
vt 1.8488 -0.0723 2.6620
vt 1.8490 -0.0899 2.6620
vt -1.5907 1.9101 -0.0871
vt -1.6729 1.8627 -0.0871
vt -1.6620 1.8490 -0.0899
vt -1.5796 1.8964 -0.0899
vt -0.8958 -0.0269 2.5796
vt -0.9304 -0.0292 2.5993
vt -0.9161 -0.0444 2.5914
vt -0.8964 -0.0899 2.5796
vt -0.9164 -0.0729 2.5915
vt -0.9101 -0.0871 2.5907
vt 2.5796 1.8958 -0.0269
vt 3.2781 1.5125 -0.0269
vt 3.2972 1.5474 -0.0291
vt 2.5993 1.9304 -0.0292
vt 1.5330 -0.0443 3.2893
vt 1.5125 -0.0269 3.2781
vt 1.5124 -0.0826 3.2781
vt 1.5261 -0.0826 3.2884
vt 1.5330 -0.0716 3.2893
vt 1.5474 -0.0291 3.2972
vt -2.2081 1.5700 -0.0829
vt -2.2884 1.5261 -0.0826
vt -2.2781 1.5124 -0.0826
vt -2.1978 1.5563 -0.0826
vt -0.5700 -0.0829 3.2081
vt -0.5563 -0.0826 3.1978
vt -0.5563 -0.0723 3.1978
vt -0.5768 -0.0721 3.2089
vt -1.6736 1.8691 -0.0729
vt -2.2089 1.5768 -0.0721
vt -1.6729 -0.0871 1.8627
vt -1.5907 -0.0871 1.9101
vt -2.2884 -0.0826 1.5261
vt -2.2081 -0.0829 1.5700
vt -1.5914 1.9161 -0.0444
vt -1.5993 1.9304 -0.0292
vt -1.6203 1.8995 -0.0444
vt -2.2972 1.5474 -0.0291
vt -2.2605 1.5487 -0.0443
vt -2.2893 1.5330 -0.0443
vt 1.0614 -0.6929 3.4902
vt 1.0447 -0.6929 3.4915
vt -2.4747 1.2735 -0.2138
vt -2.4902 1.0614 -0.2138
vt -2.4673 1.0597 -0.2138
vt -2.4518 1.2718 -0.2138
vt -2.4902 -0.2138 1.0614
vt -2.4902 -0.6929 1.0614
vt -2.4673 -0.6929 1.0597
vt -2.4673 -0.2138 1.0597
vt 3.4745 -0.6929 1.2735
vt 3.4747 -0.2138 1.2735
vt 3.4518 -0.2138 1.2718
vt 3.4516 -0.6929 1.2718
vt 1.0447 -0.7184 3.4915
vt 1.4107 -0.7184 3.4643
vt 1.2863 -0.6929 3.4736
vt 1.2863 -0.7184 3.4736
vt -0.7113 0.6276 0.8857
vt -0.7113 0.3726 0.8857
vt 1.7113 0.3724 0.8857
vt 1.7113 0.6274 0.8857
vt 1.5435 0.1143 0.6274
vt 1.5435 0.3443 0.6275
vt -0.5831 0.3443 0.6275
vt -0.5831 0.1143 0.6274
vt 0.3725 0.3443 1.7113
vt 0.6275 0.3443 1.7113
vt 0.6274 0.8857 1.7113
vt 0.3724 0.8857 1.7113
vt -0.7113 0.3443 0.6275
vt -0.7113 0.8857 0.6274
vt 1.7113 0.8857 0.6276
vt 1.7113 0.3443 0.6275
vt 0.3725 0.3443 -0.7113
vt 0.6275 0.3443 -0.7113
vt 0.6274 0.8857 -0.7113
vt 0.3724 0.8857 -0.7113
vt 1.2735 -0.6929 3.4745
vt -2.4553 -0.2240 1.3182
vt -2.4555 -0.2132 1.3168
vt -2.7176 -0.2132 1.3364
vt -2.7174 -0.2241 1.3377
vt 3.7258 1.1246 -0.0771
vt 3.7238 1.1844 -0.0630
vt 3.4617 1.1649 -0.0629
vt 3.4637 1.1050 -0.0771
vt 3.7218 1.2432 -0.0721
vt 3.7207 1.2917 -0.1077
vt 3.4586 1.2721 -0.1077
vt 3.4597 1.2237 -0.0721
vt 3.4647 -0.1143 1.0563
vt 3.4672 -0.1643 1.0261
vt 3.7293 -0.1643 1.0457
vt 3.7268 -0.1143 1.0759
vt -2.7207 -0.1077 1.2917
vt -2.7193 -0.1638 1.3240
vt -2.4572 -0.1638 1.3044
vt -2.4586 -0.1077 1.2721
vt 3.7268 1.0759 -0.1143
vt 3.4647 1.0563 -0.1143
vt 3.4675 -0.2151 1.0214
vt 3.7296 -0.2151 1.0409
vt -2.7181 -0.2128 1.3300
vt -2.4560 -0.2127 1.3105
vt 3.4680 -0.2158 1.0150
vt 3.4680 -0.2266 1.0140
vt 3.7301 -0.2266 1.0336
vt 3.7301 -0.2158 1.0346
vt -0.3168 -0.2132 3.4555
vt -0.3182 -0.2240 3.4553
vt -0.3118 -0.2235 3.4557
vt -0.3105 -0.2127 3.4560
vt 3.4560 1.3105 -0.2127
vt 3.7181 1.3300 -0.2128
vt 3.7176 1.3364 -0.2132
vt 3.4555 1.3168 -0.2132
vt 1.3364 -0.2132 3.7176
vt 1.3300 -0.2128 3.7181
vt 1.3314 -0.2236 3.7178
vt 1.3377 -0.2241 3.7174
vt -2.7178 1.3314 -0.2236
vt -2.4557 1.3118 -0.2235
vt -2.4553 1.3182 -0.2240
vt -2.7174 1.3377 -0.2241
vt -0.0150 -0.2158 3.4680
vt -0.0214 -0.2151 3.4675
vt -0.0204 -0.2259 3.4676
vt -0.0140 -0.2266 3.4680
vt -2.4676 1.0204 -0.2259
vt -2.7297 1.0399 -0.2259
vt -2.7301 1.0336 -0.2266
vt -2.4680 1.0140 -0.2266
vt 1.0346 -0.2158 3.7301
vt 1.0336 -0.2266 3.7301
vt 1.0399 -0.2259 3.7297
vt 1.0409 -0.2151 3.7296
vt 3.7296 1.0409 -0.2151
vt 3.4675 1.0214 -0.2151
vt 3.4680 1.0150 -0.2158
vt 3.7301 1.0346 -0.2158
vt 1.2432 -0.0721 3.7218
vt 1.1844 -0.0630 3.7238
vt 1.1846 -0.0672 3.7237
vt 1.2416 -0.0761 3.7218
vt 1.1246 -0.0771 3.7258
vt 1.1264 -0.0810 3.7257
vt 1.0759 -0.1143 3.7268
vt 1.0791 -0.1171 3.7267
vt 1.0457 -0.1643 3.7293
vt 1.0498 -0.1656 3.7291
vt 1.0455 -0.2254 3.7294
vt 1.3199 -0.1652 3.7194
vt 1.3253 -0.2231 3.7183
vt 1.3240 -0.1638 3.7193
vt 1.2917 -0.1077 3.7207
vt 1.2885 -0.1106 3.7208
vt -2.4608 1.2228 -0.0764
vt -2.7218 1.2416 -0.0761
vt -2.7237 1.1846 -0.0672
vt -2.4627 1.1658 -0.0675
vt -2.7257 1.1264 -0.0810
vt -2.4647 1.1077 -0.0812
vt -2.7267 1.0791 -0.1171
vt -2.4657 1.0603 -0.1174
vt -2.7267 -0.1171 1.0791
vt -2.7291 -0.1656 1.0498
vt -2.4681 -0.1659 1.0310
vt -2.4657 -0.1174 1.0603
vt -2.7294 -0.2254 1.0455
vt -2.4684 -0.2256 1.0268
vt 3.4584 -0.1654 1.3012
vt 3.4573 -0.2234 1.3066
vt 3.7183 -0.2231 1.3253
vt 3.7194 -0.1652 1.3199
vt 3.7208 -0.1106 1.2885
vt 3.4597 -0.1108 1.2697
vt -2.4597 1.2697 -0.1108
vt -2.7208 1.2885 -0.1106
vt -2.7183 1.3253 -0.2231
vt -2.4573 1.3066 -0.2234
vt -2.4684 1.0268 -0.2256
vt -2.7294 1.0455 -0.2254
vt -2.6930 -0.2218 1.3248
vt -2.6930 -0.2158 1.3248
vt -2.6989 -0.2158 1.3253
vt -2.6989 -0.2218 1.3253
vt 3.7140 -0.2218 1.0418
vt 3.7200 -0.2218 1.0423
vt 3.7200 -0.2158 1.0423
vt 3.7140 -0.2158 1.0418
vt -2.6930 1.3248 -0.2218
vt -2.6989 1.3253 -0.2218
vt -2.7200 1.0423 -0.2218
vt -2.7140 1.0418 -0.2218
vt 1.3253 -0.2218 3.6989
vt 1.3253 -0.2158 3.6989
vt 1.0423 -0.2158 3.7200
vt 1.0423 -0.2218 3.7200
vt 3.6989 1.3253 -0.2158
vt 3.6930 1.3248 -0.2158
vt 3.7140 1.0418 -0.2158
vt 3.7200 1.0423 -0.2158
vt -0.3248 -0.2158 3.6930
vt -0.3248 -0.2218 3.6930
vt -0.0418 -0.2218 3.7140
vt -0.0418 -0.2158 3.7140
vt -2.7106 -0.2339 1.0396
vt -2.7106 -0.2241 1.0396
vt -2.7163 -0.2241 1.0400
vt -2.7163 -0.2351 1.0400
vt -0.0396 -0.2241 3.7106
vt -0.0396 -0.2339 3.7106
vt -0.0338 -0.2339 3.7110
vt -0.0338 -0.2241 3.7110
vt 3.7168 -0.2241 1.0343
vt 3.7110 -0.2241 1.0338
vt 3.7110 -0.2339 1.0338
vt 3.7168 -0.2351 1.0343
vt 1.0343 -0.2241 3.7168
vt 1.0343 -0.2351 3.7168
vt 1.0400 -0.2351 3.7163
vt 1.0400 -0.2241 3.7163
vt -2.7083 -0.2393 1.0395
vt -2.7127 -0.2438 1.0398
vt -0.0395 -0.2393 3.7083
vt -0.0337 -0.2393 3.7088
vt 3.7088 -0.2393 1.0337
vt 3.7132 -0.2438 1.0340
vt 1.0340 -0.2438 3.7132
vt 1.0398 -0.2438 3.7127
vt -2.7041 -0.2474 1.0391
vt -2.7029 -0.2416 1.0390
vt 3.7083 1.0395 -0.2393
vt 3.7029 1.0390 -0.2416
vt 3.7034 1.0333 -0.2416
vt 3.7088 1.0337 -0.2393
vt 3.7045 -0.2474 1.0334
vt 3.7034 -0.2416 1.0333
vt -2.7132 1.0340 -0.2438
vt -2.7045 1.0334 -0.2474
vt -2.7041 1.0391 -0.2474
vt -2.7127 1.0398 -0.2438
vt -2.6794 -0.2474 1.0373
vt -2.6737 -0.2416 1.0369
vt 3.6737 1.0369 -0.2416
vt 3.6741 1.0311 -0.2416
vt 3.6799 -0.2474 1.0315
vt 3.6741 -0.2416 1.0311
vt -2.6799 1.0315 -0.2474
vt -2.6794 1.0373 -0.2474
vt -2.6736 -0.2512 1.0369
vt -2.6737 -0.2474 1.0369
vt -2.6794 -0.2556 1.0373
vt 3.6741 -0.2474 1.0311
vt 3.6741 -0.2512 1.0311
vt 3.6799 -0.2556 1.0315
vt 1.0315 -0.2474 3.6799
vt 1.0315 -0.2556 3.6799
vt 1.0373 -0.2556 3.6794
vt 1.0373 -0.2474 3.6794
vt -2.6185 -0.2727 1.0328
vt -2.6162 -0.2673 1.0326
vt 3.6736 1.0369 -0.2512
vt 3.6162 1.0326 -0.2673
vt 3.6166 1.0268 -0.2673
vt 3.6741 1.0311 -0.2512
vt 3.6189 -0.2727 1.0270
vt 3.6166 -0.2673 1.0268
vt -2.6799 1.0315 -0.2556
vt -2.6189 1.0270 -0.2727
vt -2.6185 1.0328 -0.2727
vt -2.6794 1.0373 -0.2556
vt -2.5729 -0.2995 1.0294
vt -2.5687 -0.2953 1.0290
vt 3.5687 1.0290 -0.2953
vt 3.5691 1.0233 -0.2953
vt 3.5734 -0.2995 1.0236
vt 3.5691 -0.2953 1.0233
vt -2.5734 1.0236 -0.2995
vt -2.5729 1.0294 -0.2995
vt -2.5427 -0.3418 1.0271
vt -2.5481 -0.3439 1.0275
vt -0.0290 -0.2953 3.5687
vt -0.0271 -0.3418 3.5427
vt -0.0213 -0.3418 3.5431
vt -0.0233 -0.2953 3.5691
vt 3.5431 -0.3418 1.0213
vt 3.5486 -0.3439 1.0217
vt 1.0236 -0.2995 3.5734
vt 1.0217 -0.3439 3.5486
vt 1.0275 -0.3439 3.5481
vt 1.0294 -0.2995 3.5729
vt -2.5304 -0.3962 1.0262
vt -2.5350 -0.4021 1.0265
vt -0.0262 -0.3962 3.5304
vt -0.0204 -0.3962 3.5309
vt 3.5309 -0.3962 1.0204
vt 3.5355 -0.4021 1.0207
vt 1.0207 -0.4021 3.5355
vt 1.0265 -0.4021 3.5350
vt -2.5199 -0.3958 1.0254
vt -2.5196 -0.4016 1.0254
vt -2.5141 -0.3956 1.0250
vt 3.5203 -0.3958 1.0196
vt 3.5146 -0.3956 1.0192
vt 3.5201 -0.4016 1.0196
vt -2.5355 1.0207 -0.4021
vt -2.5201 1.0196 -0.4016
vt -2.5196 1.0254 -0.4016
vt -2.5350 1.0265 -0.4021
vt -2.5130 -0.4154 1.0249
vt -2.5188 -0.4164 1.0253
vt -0.0250 -0.3956 3.5141
vt -0.0249 -0.4154 3.5130
vt -0.0191 -0.4154 3.5135
vt -0.0192 -0.3956 3.5146
vt 3.5135 -0.4154 1.0191
vt 3.5192 -0.4164 1.0195
vt 1.0196 -0.4016 3.5201
vt 1.0195 -0.4164 3.5192
vt 1.0253 -0.4164 3.5188
vt 1.0254 -0.4016 3.5196
vt -2.5091 -0.4281 1.0246
vt -2.5142 -0.4312 1.0250
vt -0.0246 -0.4281 3.5091
vt -0.0188 -0.4281 3.5096
vt 3.5096 -0.4281 1.0188
vt 3.5147 -0.4312 1.0192
vt 1.0192 -0.4312 3.5147
vt 1.0250 -0.4312 3.5142
vt -2.5054 -0.4398 1.0243
vt -2.5021 -0.4350 1.0241
vt 3.5091 1.0246 -0.4281
vt 3.5021 1.0241 -0.4350
vt 3.5025 1.0183 -0.4350
vt 3.5096 1.0188 -0.4281
vt 3.5058 -0.4398 1.0185
vt 3.5025 -0.4350 1.0183
vt -2.5147 1.0192 -0.4312
vt -2.5058 1.0185 -0.4398
vt -2.5054 1.0243 -0.4398
vt -2.5142 1.0250 -0.4312
vt -2.4974 -0.4371 1.0237
vt -2.4916 -0.4461 1.0233
vt 3.4974 1.0237 -0.4371
vt 3.4978 1.0179 -0.4371
vt 3.4978 -0.4371 1.0179
vt 3.4920 -0.4461 1.0175
vt -2.4920 1.0175 -0.4461
vt -2.4916 1.0233 -0.4461
vt -2.4916 -0.2475 1.0233
vt -2.4974 -0.2475 1.0237
vt 1.0237 -0.4371 3.4974
vt 1.0237 -0.2475 3.4974
vt 1.0179 -0.2475 3.4978
vt 1.0179 -0.4371 3.4978
vt 3.4920 -0.2475 1.0175
vt 3.4978 -0.2475 1.0179
vt -0.0175 -0.4461 3.4920
vt -0.0175 -0.2475 3.4920
vt -0.0233 -0.2475 3.4916
vt -0.0233 -0.4461 3.4916
vt 3.7110 1.0338 -0.2241
vt 3.7168 1.0343 -0.2241
vt 3.7163 1.0400 -0.2241
vt 3.7106 1.0396 -0.2241
vt 3.4977 1.0179 -0.2240
vt 3.4973 1.0237 -0.2240
vt 3.4915 1.0233 -0.2240
vt 3.4919 1.0175 -0.2240
vt 3.5203 1.0196 -0.2416
vt 3.5199 1.0254 -0.2416
vt -2.5199 -0.2416 1.0254
vt -2.5199 -0.2474 1.0254
vt -2.5199 1.0254 -0.2474
vt -2.6737 1.0369 -0.2474
vt -2.6741 1.0311 -0.2474
vt -2.5203 1.0196 -0.2474
vt 3.5203 -0.2474 1.0196
vt 3.5203 -0.2416 1.0196
vt -0.0175 -0.2417 3.4920
vt -0.0233 -0.2417 3.4916
vt 1.0254 -0.3958 3.5199
vt 1.0254 -0.2474 3.5199
vt 1.0196 -0.2474 3.5203
vt 1.0196 -0.3958 3.5203
vt 3.5146 -0.2474 1.0192
vt -0.0192 -0.2474 3.5146
vt -0.0250 -0.2474 3.5141
vt -2.5141 -0.2474 1.0250
vt 3.5145 1.0192 -0.2240
vt 3.5203 1.0196 -0.2240
vt 3.5198 1.0254 -0.2240
vt 3.5140 1.0250 -0.2240
vt -2.4916 -0.2417 1.0233
vt -2.4915 -0.2240 1.0233
vt -2.4973 -0.2240 1.0237
vt -2.4974 -0.2417 1.0237
vt 1.0237 -0.2417 3.4974
vt 1.0237 -0.2240 3.4973
vt 1.0179 -0.2240 3.4977
vt 1.0179 -0.2417 3.4978
vt 3.4978 -0.2417 1.0179
vt 3.4977 -0.2240 1.0179
vt 3.4919 -0.2240 1.0175
vt 3.4920 -0.2417 1.0175
vt -0.0175 -0.2240 3.4919
vt -0.0233 -0.2240 3.4915
vt 1.0254 -0.2416 3.5199
vt 1.0254 -0.2240 3.5198
vt 1.0196 -0.2240 3.5203
vt 1.0196 -0.2416 3.5203
vt 3.5203 -0.2240 1.0196
vt 3.5145 -0.2240 1.0192
vt 3.5146 -0.2416 1.0192
vt -0.0192 -0.2416 3.5146
vt -0.0192 -0.2240 3.5145
vt -0.0250 -0.2240 3.5140
vt -0.0250 -0.2416 3.5141
vt -2.5141 -0.2416 1.0250
vt -2.5140 -0.2240 1.0250
vt -2.5198 -0.2240 1.0254
vt 3.4978 1.0179 -0.2417
vt 3.5146 1.0192 -0.2416
vt 3.5141 1.0250 -0.2416
vt 3.4974 1.0237 -0.2417
vt -2.4974 1.0237 -0.2475
vt -2.5141 1.0250 -0.2474
vt -2.5146 1.0192 -0.2474
vt -2.4978 1.0179 -0.2475
vt -0.0369 -0.2512 3.6736
vt -0.0311 -0.2512 3.6741
vt -0.0311 -0.2474 3.6741
vt -0.0369 -0.2474 3.6737
vt 3.5304 1.0262 -0.3962
vt 3.5199 1.0254 -0.3958
vt 3.5203 1.0196 -0.3958
vt 3.5309 1.0204 -0.3962
vt -2.6891 -0.2339 1.3318
vt -2.6891 -0.2241 1.3318
vt -2.6949 -0.2241 1.3323
vt -2.6949 -0.2351 1.3323
vt -0.3318 -0.2241 3.6891
vt -0.3318 -0.2339 3.6891
vt -0.3261 -0.2339 3.6896
vt -0.3261 -0.2241 3.6896
vt 3.6954 -0.2241 1.3265
vt 3.6896 -0.2241 1.3261
vt 3.6896 -0.2339 1.3261
vt 3.6954 -0.2351 1.3265
vt 1.3265 -0.2241 3.6954
vt 1.3265 -0.2351 3.6954
vt 1.3323 -0.2351 3.6949
vt 1.3323 -0.2241 3.6949
vt -2.6869 -0.2393 1.3317
vt -2.6913 -0.2438 1.3320
vt -0.3317 -0.2393 3.6869
vt -0.3259 -0.2393 3.6873
vt 3.6873 -0.2393 1.3259
vt 3.6918 -0.2438 1.3262
vt 1.3262 -0.2438 3.6918
vt 1.3320 -0.2438 3.6913
vt -2.6827 -0.2474 1.3314
vt -2.6815 -0.2416 1.3313
vt 3.6869 1.3317 -0.2393
vt 3.6815 1.3313 -0.2416
vt 3.6820 1.3255 -0.2416
vt 3.6873 1.3259 -0.2393
vt 3.6831 -0.2474 1.3256
vt 3.6820 -0.2416 1.3255
vt -2.6918 1.3262 -0.2438
vt -2.6831 1.3256 -0.2474
vt -2.6827 1.3314 -0.2474
vt -2.6913 1.3320 -0.2438
vt -2.6580 -0.2474 1.3295
vt -2.6523 -0.2416 1.3291
vt 3.6523 1.3291 -0.2416
vt 3.6527 1.3233 -0.2416
vt 3.6584 -0.2474 1.3237
vt 3.6527 -0.2416 1.3233
vt -2.6584 1.3237 -0.2474
vt -2.6580 1.3295 -0.2474
vt -2.6522 -0.2512 1.3291
vt -2.6523 -0.2474 1.3291
vt -2.6580 -0.2556 1.3295
vt 3.6527 -0.2474 1.3233
vt 3.6527 -0.2512 1.3233
vt 3.6584 -0.2556 1.3237
vt 1.3237 -0.2474 3.6584
vt 1.3237 -0.2556 3.6584
vt 1.3295 -0.2556 3.6580
vt 1.3295 -0.2474 3.6580
vt -2.5970 -0.2727 1.3250
vt -2.5948 -0.2673 1.3248
vt 3.6522 1.3291 -0.2512
vt 3.5948 1.3248 -0.2673
vt 3.5952 1.3190 -0.2673
vt 3.6527 1.3233 -0.2512
vt 3.5975 -0.2727 1.3192
vt 3.5952 -0.2673 1.3190
vt -2.6584 1.3237 -0.2556
vt -2.5975 1.3192 -0.2727
vt -2.5970 1.3250 -0.2727
vt -2.6580 1.3295 -0.2556
vt -2.5515 -0.2995 1.3216
vt -2.5472 -0.2953 1.3213
vt 3.5472 1.3213 -0.2953
vt 3.5477 1.3155 -0.2953
vt 3.5520 -0.2995 1.3158
vt 3.5477 -0.2953 1.3155
vt -2.5520 1.3158 -0.2995
vt -2.5515 1.3216 -0.2995
vt -2.5213 -0.3418 1.3193
vt -2.5267 -0.3439 1.3197
vt -0.3213 -0.2953 3.5472
vt -0.3193 -0.3418 3.5213
vt -0.3135 -0.3418 3.5217
vt -0.3155 -0.2953 3.5477
vt 3.5217 -0.3418 1.3135
vt 3.5272 -0.3439 1.3140
vt 1.3158 -0.2995 3.5520
vt 1.3140 -0.3439 3.5272
vt 1.3197 -0.3439 3.5267
vt 1.3216 -0.2995 3.5515
vt -2.5090 -0.3962 1.3184
vt -2.5136 -0.4021 1.3188
vt -0.3184 -0.3962 3.5090
vt -0.3126 -0.3962 3.5095
vt 3.5095 -0.3962 1.3126
vt 3.5140 -0.4021 1.3130
vt 1.3130 -0.4021 3.5140
vt 1.3188 -0.4021 3.5136
vt -2.4985 -0.3958 1.3176
vt -2.4982 -0.4016 1.3176
vt -2.4927 -0.3956 1.3172
vt 3.4989 -0.3958 1.3118
vt 3.4932 -0.3956 1.3114
vt 3.4987 -0.4016 1.3118
vt -2.5140 1.3130 -0.4021
vt -2.4987 1.3118 -0.4016
vt -2.4982 1.3176 -0.4016
vt -2.5136 1.3188 -0.4021
vt -2.4916 -0.4154 1.3171
vt -2.4973 -0.4164 1.3175
vt -0.3172 -0.3956 3.4927
vt -0.3171 -0.4154 3.4916
vt -0.3113 -0.4154 3.4920
vt -0.3114 -0.3956 3.4932
vt 3.4920 -0.4154 1.3113
vt 3.4978 -0.4164 1.3118
vt 1.3118 -0.4016 3.4987
vt 1.3118 -0.4164 3.4978
vt 1.3175 -0.4164 3.4973
vt 1.3176 -0.4016 3.4982
vt -2.4877 -0.4281 1.3168
vt -2.4928 -0.4312 1.3172
vt -0.3168 -0.4281 3.4877
vt -0.3110 -0.4281 3.4882
vt 3.4882 -0.4281 1.3110
vt 3.4933 -0.4312 1.3114
vt 1.3114 -0.4312 3.4933
vt 1.3172 -0.4312 3.4928
vt -2.4840 -0.4398 1.3166
vt -2.4807 -0.4350 1.3163
vt 3.4877 1.3168 -0.4281
vt 3.4807 1.3163 -0.4350
vt 3.4811 1.3105 -0.4350
vt 3.4882 1.3110 -0.4281
vt 3.4844 -0.4398 1.3108
vt 3.4811 -0.4350 1.3105
vt -2.4933 1.3114 -0.4312
vt -2.4844 1.3108 -0.4398
vt -2.4840 1.3166 -0.4398
vt -2.4928 1.3172 -0.4312
vt -2.4760 -0.4371 1.3160
vt -2.4702 -0.4461 1.3155
vt 3.4760 1.3160 -0.4371
vt 3.4764 1.3102 -0.4371
vt 3.4764 -0.4371 1.3102
vt 3.4706 -0.4461 1.3097
vt -2.4706 1.3097 -0.4461
vt -2.4702 1.3155 -0.4461
vt -2.4702 -0.2475 1.3155
vt -2.4760 -0.2475 1.3160
vt 1.3160 -0.4371 3.4760
vt 1.3160 -0.2475 3.4760
vt 1.3102 -0.2475 3.4764
vt 1.3102 -0.4371 3.4764
vt 3.4706 -0.2475 1.3097
vt 3.4764 -0.2475 1.3102
vt -0.3097 -0.4461 3.4706
vt -0.3097 -0.2475 3.4706
vt -0.3155 -0.2475 3.4702
vt -0.3155 -0.4461 3.4702
vt 3.6896 1.3261 -0.2241
vt 3.6954 1.3265 -0.2241
vt 3.6949 1.3323 -0.2241
vt 3.6891 1.3318 -0.2241
vt 3.4763 1.3102 -0.2240
vt 3.4759 1.3159 -0.2240
vt 3.4701 1.3155 -0.2240
vt 3.4705 1.3097 -0.2240
vt 3.4989 1.3118 -0.2416
vt 3.4985 1.3176 -0.2416
vt -2.4985 -0.2416 1.3176
vt -2.4985 -0.2474 1.3176
vt -2.4985 1.3176 -0.2474
vt -2.6523 1.3291 -0.2474
vt -2.6527 1.3233 -0.2474
vt -2.4989 1.3118 -0.2474
vt 3.4989 -0.2474 1.3118
vt 3.4989 -0.2416 1.3118
vt -0.3097 -0.2417 3.4706
vt -0.3155 -0.2417 3.4702
vt 1.3176 -0.3958 3.4985
vt 1.3176 -0.2474 3.4985
vt 1.3118 -0.2474 3.4989
vt 1.3118 -0.3958 3.4989
vt 3.4931 -0.2474 1.3114
vt -0.3114 -0.2474 3.4931
vt -0.3172 -0.2474 3.4927
vt -2.4927 -0.2474 1.3172
vt 3.4931 1.3114 -0.2240
vt 3.4989 1.3118 -0.2240
vt 3.4984 1.3176 -0.2240
vt 3.4926 1.3172 -0.2240
vt -2.4702 -0.2417 1.3155
vt -2.4701 -0.2240 1.3155
vt -2.4759 -0.2240 1.3159
vt -2.4760 -0.2417 1.3160
vt 1.3160 -0.2417 3.4760
vt 1.3159 -0.2240 3.4759
vt 1.3102 -0.2240 3.4763
vt 1.3102 -0.2417 3.4764
vt 3.4764 -0.2417 1.3102
vt 3.4763 -0.2240 1.3102
vt 3.4705 -0.2240 1.3097
vt 3.4706 -0.2417 1.3097
vt -0.3097 -0.2240 3.4705
vt -0.3155 -0.2240 3.4701
vt 1.3176 -0.2416 3.4985
vt 1.3176 -0.2240 3.4984
vt 1.3118 -0.2240 3.4989
vt 1.3118 -0.2416 3.4989
vt 3.4989 -0.2240 1.3118
vt 3.4931 -0.2240 1.3114
vt 3.4931 -0.2416 1.3114
vt -0.3114 -0.2416 3.4931
vt -0.3114 -0.2240 3.4931
vt -0.3172 -0.2240 3.4926
vt -0.3172 -0.2416 3.4927
vt -2.4927 -0.2416 1.3172
vt -2.4926 -0.2240 1.3172
vt -2.4984 -0.2240 1.3176
vt 3.4764 1.3102 -0.2417
vt 3.4931 1.3114 -0.2416
vt 3.4927 1.3172 -0.2416
vt 3.4760 1.3160 -0.2417
vt -2.4760 1.3160 -0.2475
vt -2.4927 1.3172 -0.2474
vt -2.4931 1.3114 -0.2474
vt -2.4764 1.3102 -0.2475
vt -0.3291 -0.2512 3.6522
vt -0.3233 -0.2512 3.6527
vt -0.3233 -0.2474 3.6527
vt -0.3291 -0.2474 3.6523
vt 3.5090 1.3184 -0.3962
vt 3.4985 1.3176 -0.3958
vt 3.4989 1.3118 -0.3958
vt 3.5095 1.3126 -0.3962
vt -0.6658 1.2855 -0.0090
vt -1.8340 0.9899 -0.0090
vt -1.4703 0.4236 -0.0090
vt -0.4264 0.8673 -0.0090
vt 1.4351 2.6067 3.0168
vt 1.4351 -1.2306 3.0168
vt 4.9747 -0.8546 0.7434
vt 4.9748 2.6067 0.7434
vt -4.2901 -1.1039 1.4336
vt 1.4594 -1.3738 4.1453
vt 1.4594 2.1957 4.1453
vt -4.2847 2.6067 1.4126
vt 0.0005 0.0005 0.8207
vt 0.0005 0.9990 0.9995
vt 0.9995 0.9995 0.1793
vt 0.9995 0.0010 0.0005
vt 0.9995 0.0005 0.9995
vt 0.9995 0.9995 0.9995
vt 0.0005 0.9995 0.0005
vt 0.0005 0.0005 0.0005
vt 0.0680 0.6047 1.2042
vt 0.0067 0.6401 1.2042
vt 0.0196 0.5917 1.2042
vt 0.0465 0.5881 1.2042
vt 0.0551 0.6530 1.2042
vt 0.0716 0.6315 1.2042
vt 0.0282 0.6566 1.2042
vt 0.0031 0.6132 1.2042
vt -0.0993 -0.5647 0.5858
vt 0.0740 -0.5647 0.4858
vt 0.0740 0.8192 0.4858
vt -0.0993 0.8192 0.5858
vt 0.4858 -0.5647 0.0740
vt 0.6590 -0.5647 0.1740
vt 0.6590 0.8192 0.1740
vt 0.4858 0.8192 0.0740
vt 0.8260 -0.5647 0.6590
vt 0.9993 -0.5647 0.7590
vt 0.9993 0.8192 0.7590
vt 0.8260 0.8192 0.6590
vt 0.2410 -0.5647 0.0007
vt 0.4142 -0.5647 -0.0993
vt 0.4142 0.8192 -0.0993
vt 0.2410 0.8192 0.0007
vt -0.0993 0.5858 0.8192
vt 0.0084 0.5722 0.8192
vt -0.0186 0.6074 0.8192
vt 0.0740 0.4858 0.8192
vt 0.0875 0.5934 0.8192
vt 0.0523 0.5664 0.8192
vt 0.1740 0.6590 0.8192
vt 0.0663 0.6725 0.8192
vt 0.0933 0.6373 0.8192
vt 0.0007 0.7590 0.8192
vt -0.0128 0.6513 0.8192
vt 0.0224 0.6783 0.8192
vt 0.3926 0.8192 -0.0186
vt 0.4278 0.8192 0.0084
vt 0.4278 1.2541 0.0084
vt 0.3926 1.2541 -0.0186
vt 0.0084 0.8192 0.5722
vt 0.0523 0.8192 0.5664
vt 0.0523 1.2541 0.5664
vt 0.0084 1.2541 0.5722
vt 0.0875 0.8192 0.5934
vt 0.0875 1.2541 0.5934
vt 0.5934 0.8192 0.0875
vt 0.6373 0.8192 0.0933
vt 0.6373 1.2541 0.0933
vt 0.5934 1.2541 0.0875
vt 0.6725 0.8192 0.0663
vt 0.6725 1.2541 0.0663
vt 0.9337 0.8192 0.6725
vt 0.9776 0.8192 0.6783
vt 0.9776 1.2541 0.6783
vt 0.9337 1.2541 0.6725
vt 1.0128 0.8192 0.6513
vt 1.0128 1.2541 0.6513
vt 0.3487 0.8192 -0.0128
vt 0.3487 1.2541 -0.0128
vt 0.0031 0.6132 1.2541
vt -0.0186 0.6074 1.2541
vt 0.0084 0.5722 1.2541
vt 0.0196 0.5917 1.2541
vt 0.0523 0.5664 1.2541
vt 0.0465 0.5881 1.2541
vt 0.0875 0.5934 1.2541
vt 0.0680 0.6047 1.2541
vt 0.0933 0.6373 1.2541
vt 0.0716 0.6315 1.2541
vt 0.0663 0.6725 1.2541
vt 0.0551 0.6530 1.2541
vt 0.0224 0.6783 1.2541
vt 0.0282 0.6566 1.2541
vt -0.0128 0.6513 1.2541
vt 0.0067 0.6401 1.2541
vt 0.6132 1.2042 0.0031
vt 0.6132 1.2541 0.0031
vt 0.5917 1.2541 0.0196
vt 0.5917 1.2042 0.0196
vt 0.9804 1.2042 0.5917
vt 0.9804 1.2541 0.5917
vt 0.9535 1.2541 0.5881
vt 0.9535 1.2042 0.5881
vt 0.9320 1.2541 0.6047
vt 0.9320 1.2042 0.6047
vt 0.3954 1.2042 0.0680
vt 0.3954 1.2541 0.0680
vt 0.3685 1.2541 0.0716
vt 0.3685 1.2042 0.0716
vt 0.3470 1.2541 0.0551
vt 0.3470 1.2042 0.0551
vt 0.0551 1.2042 0.6530
vt 0.0551 1.2541 0.6530
vt 0.0282 1.2541 0.6566
vt 0.0282 1.2042 0.6566
vt 0.0067 1.2541 0.6401
vt 0.0067 1.2042 0.6401
vt 0.6401 1.2042 0.0067
vt 0.6401 1.2541 0.0067
vt 0.8357 -0.0669 0.8611
vt 0.8363 -0.0560 0.8623
vt 0.6138 -0.0561 1.0022
vt 0.6132 -0.0669 1.0010
vt 1.1774 0.2670 0.0801
vt 1.1281 0.3009 0.0942
vt 0.9882 0.0784 0.0942
vt 1.0375 0.0445 0.0801
vt 1.0796 0.3342 0.0850
vt 1.0400 0.3621 0.0495
vt 0.9001 0.1396 0.0495
vt 0.9397 0.1117 0.0851
vt 0.0164 0.0429 1.0774
vt 0.0005 -0.0071 1.1031
vt 0.2229 -0.0071 1.2430
vt 0.2389 0.0429 1.2173
vt 0.6379 0.0495 1.0400
vt 0.6198 -0.0066 1.0131
vt 0.8423 -0.0066 0.8732
vt 0.8604 0.0495 0.9001
vt 1.2173 0.2389 0.0429
vt 1.0774 0.0164 0.0429
vt -0.0021 -0.0579 1.1071
vt 0.2204 -0.0579 1.2470
vt 0.6172 -0.0556 1.0076
vt 0.8397 -0.0555 0.8677
vt -0.0055 -0.0586 1.1125
vt -0.0061 -0.0694 1.1134
vt 0.2164 -0.0695 1.2533
vt 0.2170 -0.0586 1.2524
vt 0.8623 -0.0560 0.1637
vt 0.8611 -0.0669 0.1643
vt 0.8664 -0.0664 0.1609
vt 0.8677 -0.0555 0.1603
vt 0.8677 0.1603 -0.0555
vt 1.0076 0.3828 -0.0556
vt 1.0022 0.3862 -0.0561
vt 0.8623 0.1637 -0.0560
vt -0.0022 -0.0561 0.3862
vt -0.0076 -0.0556 0.3828
vt -0.0063 -0.0664 0.3834
vt -0.0010 -0.0669 0.3868
vt -0.0063 0.3834 -0.0664
vt 0.1336 0.1609 -0.0664
vt 0.1389 0.1643 -0.0669
vt -0.0010 0.3868 -0.0669
vt 1.1125 -0.0586 -0.0055
vt 1.1071 -0.0579 -0.0021
vt 1.1080 -0.0687 -0.0027
vt 1.1134 -0.0694 -0.0061
vt -0.1080 -0.0027 -0.0687
vt -0.2479 0.2198 -0.0688
vt -0.2533 0.2164 -0.0695
vt -0.1134 -0.0061 -0.0694
vt -0.2524 -0.0586 0.2170
vt -0.2533 -0.0695 0.2164
vt -0.2479 -0.0688 0.2198
vt -0.2470 -0.0579 0.2204
vt 1.2470 0.2204 -0.0579
vt 1.1071 -0.0021 -0.0579
vt 1.1125 -0.0055 -0.0586
vt 1.2524 0.2170 -0.0586
vt -0.0796 0.0850 0.3342
vt -0.1281 0.0942 0.3009
vt -0.1280 0.0899 0.3010
vt -0.0810 0.0810 0.3333
vt -0.1774 0.0801 0.2670
vt -0.1759 0.0762 0.2680
vt -0.2173 0.0429 0.2389
vt -0.2146 0.0400 0.2407
vt -0.2430 -0.0071 0.2229
vt -0.2396 -0.0085 0.2253
vt -0.2432 -0.0682 0.2230
vt -0.0165 -0.0080 0.3779
vt -0.0115 -0.0659 0.3802
vt -0.0131 -0.0066 0.3801
vt -0.0400 0.0495 0.3621
vt -0.0426 0.0466 0.3603
vt 0.0590 0.1121 0.0808
vt -0.0810 0.3333 0.0810
vt -0.1280 0.3010 0.0899
vt 0.0120 0.0798 0.0897
vt -0.1759 0.2680 0.0762
vt -0.0360 0.0469 0.0760
vt -0.2146 0.2407 0.0400
vt -0.0747 0.0196 0.0398
vt 0.7593 0.0400 1.2146
vt 0.7747 -0.0085 1.2396
vt 0.9959 -0.0087 1.0997
vt 0.9804 0.0398 1.0747
vt 0.7770 -0.0682 1.2432
vt 0.9982 -0.0685 1.1033
vt 0.1567 -0.0082 0.8766
vt 0.1590 -0.0662 0.8716
vt 0.3802 -0.0659 1.0115
vt 0.3779 -0.0080 1.0165
vt 0.3603 0.0466 1.0426
vt 0.1391 0.0464 0.9027
vt 0.0973 0.1391 0.0464
vt -0.0426 0.3603 0.0466
vt -0.0115 0.3802 -0.0659
vt 0.1284 0.1590 -0.0662
vt -0.1033 0.0018 -0.0685
vt -0.2432 0.2230 -0.0682
vt 0.6405 -0.0646 0.9968
vt 0.6405 -0.0586 0.9968
vt 0.6354 -0.0586 1.0000
vt 0.6354 -0.0646 1.0000
vt 0.2084 -0.0646 1.2370
vt 0.2135 -0.0646 1.2402
vt 0.2135 -0.0586 1.2402
vt 0.2084 -0.0586 1.2370
vt 0.0032 0.3595 -0.0646
vt -0.0000 0.3646 -0.0646
vt -0.2402 0.2135 -0.0646
vt -0.2370 0.2084 -0.0646
vt -0.0000 -0.0646 0.3646
vt -0.0000 -0.0586 0.3646
vt -0.2402 -0.0586 0.2135
vt -0.2402 -0.0646 0.2135
vt 1.0000 0.3646 -0.0586
vt 0.9968 0.3595 -0.0586
vt 1.2370 0.2084 -0.0586
vt 1.2402 0.2135 -0.0586
vt 0.9968 -0.0586 0.3595
vt 0.9968 -0.0646 0.3595
vt 1.2370 -0.0646 0.2084
vt 1.2370 -0.0586 0.2084
vt 0.7957 -0.0768 1.2368
vt 0.7957 -0.0669 1.2368
vt 0.7908 -0.0669 1.2399
vt 0.7908 -0.0779 1.2399
vt 1.2368 -0.0669 0.2043
vt 1.2368 -0.0768 0.2043
vt 1.2417 -0.0768 0.2012
vt 1.2417 -0.0669 0.2012
vt 0.2061 -0.0669 1.2448
vt 0.2012 -0.0669 1.2417
vt 0.2012 -0.0768 1.2417
vt 0.2061 -0.0779 1.2448
vt -0.2448 -0.0669 0.2061
vt -0.2448 -0.0779 0.2061
vt -0.2399 -0.0779 0.2092
vt -0.2399 -0.0669 0.2092
vt 0.7976 -0.0822 1.2356
vt 0.7938 -0.0866 1.2379
vt 1.2356 -0.0822 0.2024
vt 1.2405 -0.0822 0.1993
vt 0.1993 -0.0822 1.2405
vt 0.2031 -0.0866 1.2428
vt -0.2429 -0.0866 0.2031
vt -0.2379 -0.0866 0.2062
vt 0.8012 -0.0902 1.2333
vt 0.8022 -0.0844 1.2327
vt 1.2356 0.2024 -0.0822
vt 1.2327 0.1978 -0.0844
vt 1.2376 0.1947 -0.0844
vt 1.2405 0.1993 -0.0822
vt 0.1957 -0.0902 1.2382
vt 0.1947 -0.0844 1.2376
vt -0.2429 0.2031 -0.0866
vt -0.2382 0.1957 -0.0902
vt -0.2333 0.1988 -0.0902
vt -0.2379 0.2062 -0.0866
vt 0.8221 -0.0902 1.2202
vt 0.8270 -0.0844 1.2171
vt 1.2171 0.1730 -0.0844
vt 1.2220 0.1699 -0.0844
vt 0.1748 -0.0902 1.2251
vt 0.1699 -0.0844 1.2220
vt -0.2251 0.1748 -0.0902
vt -0.2202 0.1779 -0.0902
vt 0.8270 -0.0941 1.2171
vt 0.8270 -0.0902 1.2171
vt 0.8221 -0.0985 1.2202
vt 0.1699 -0.0902 1.2220
vt 0.1699 -0.0941 1.2220
vt 0.1748 -0.0985 1.2251
vt -0.2251 -0.0902 0.1748
vt -0.2251 -0.0985 0.1748
vt -0.2202 -0.0985 0.1779
vt -0.2202 -0.0902 0.1779
vt 0.8739 -0.1155 1.1876
vt 0.8758 -0.1101 1.1864
vt 1.2171 0.1730 -0.0941
vt 1.1864 0.1242 -0.1101
vt 1.1913 0.1211 -0.1101
vt 1.2220 0.1699 -0.0941
vt 0.1230 -0.1155 1.1925
vt 0.1211 -0.1101 1.1913
vt -0.2251 0.1748 -0.0985
vt -0.1925 0.1230 -0.1155
vt -0.1876 0.1261 -0.1155
vt -0.2202 0.1779 -0.0985
vt 0.9125 -0.1423 1.1633
vt 0.9162 -0.1381 1.1610
vt 1.1610 0.0838 -0.1381
vt 1.1659 0.0807 -0.1381
vt 0.0844 -0.1423 1.1682
vt 0.0807 -0.1381 1.1659
vt -0.1682 0.0844 -0.1423
vt -0.1633 0.0875 -0.1423
vt 0.9382 -0.1846 1.1472
vt 0.9336 -0.1867 1.1501
vt 1.1610 -0.1381 0.0838
vt 1.1472 -0.1846 0.0618
vt 1.1521 -0.1846 0.0587
vt 1.1659 -0.1381 0.0807
vt 0.0587 -0.1846 1.1521
vt 0.0633 -0.1867 1.1550
vt -0.1682 -0.1423 0.0844
vt -0.1550 -0.1867 0.0633
vt -0.1501 -0.1867 0.0664
vt -0.1633 -0.1423 0.0875
vt 0.9486 -0.2390 1.1406
vt 0.9447 -0.2450 1.1431
vt 1.1406 -0.2390 0.0514
vt 1.1455 -0.2390 0.0483
vt 0.0483 -0.2390 1.1455
vt 0.0522 -0.2450 1.1480
vt -0.1480 -0.2450 0.0522
vt -0.1431 -0.2450 0.0553
vt 0.9575 -0.2386 1.1350
vt 0.9578 -0.2444 1.1349
vt 0.9624 -0.2384 1.1319
vt 0.0394 -0.2386 1.1399
vt 0.0345 -0.2384 1.1368
vt 0.0391 -0.2444 1.1398
vt -0.1480 0.0522 -0.2450
vt -0.1398 0.0391 -0.2444
vt -0.1349 0.0422 -0.2444
vt -0.1431 0.0553 -0.2450
vt 0.9634 -0.2582 1.1313
vt 0.9585 -0.2592 1.1344
vt 1.1319 -0.2384 0.0376
vt 1.1313 -0.2582 0.0366
vt 1.1362 -0.2582 0.0335
vt 1.1368 -0.2384 0.0345
vt 0.0335 -0.2582 1.1362
vt 0.0384 -0.2592 1.1393
vt -0.1398 -0.2444 0.0391
vt -0.1393 -0.2592 0.0384
vt -0.1344 -0.2592 0.0415
vt -0.1349 -0.2444 0.0422
vt 0.9667 -0.2709 1.1293
vt 0.9624 -0.2740 1.1320
vt 1.1293 -0.2709 0.0333
vt 1.1342 -0.2709 0.0302
vt 0.0302 -0.2709 1.1342
vt 0.0346 -0.2740 1.1369
vt -0.1369 -0.2740 0.0346
vt -0.1320 -0.2740 0.0376
vt 0.9699 -0.2826 1.1273
vt 0.9727 -0.2778 1.1255
vt 1.1293 0.0333 -0.2709
vt 1.1255 0.0273 -0.2778
vt 1.1304 0.0242 -0.2778
vt 1.1342 0.0302 -0.2709
vt 0.0271 -0.2826 1.1322
vt 0.0242 -0.2778 1.1304
vt -0.1369 0.0346 -0.2740
vt -0.1322 0.0271 -0.2826
vt -0.1273 0.0301 -0.2826
vt -0.1320 0.0376 -0.2740
vt 0.9767 -0.2799 1.1230
vt 0.9816 -0.2889 1.1199
vt 1.1230 0.0233 -0.2799
vt 1.1279 0.0202 -0.2799
vt 0.0202 -0.2799 1.1279
vt 0.0153 -0.2889 1.1248
vt -0.1248 0.0153 -0.2889
vt -0.1199 0.0184 -0.2889
vt 0.9816 -0.0903 1.1199
vt 0.9767 -0.0903 1.1230
vt -0.1230 -0.2799 0.0233
vt -0.1230 -0.0903 0.0233
vt -0.1279 -0.0903 0.0202
vt -0.1279 -0.2799 0.0202
vt 0.0153 -0.0903 1.1248
vt 0.0202 -0.0903 1.1279
vt 1.1248 -0.2889 0.0153
vt 1.1248 -0.0903 0.0153
vt 1.1199 -0.0903 0.0184
vt 1.1199 -0.2889 0.0184
vt 1.2417 0.2012 -0.0669
vt 1.2448 0.2061 -0.0669
vt 1.2399 0.2092 -0.0669
vt 1.2368 0.2043 -0.0669
vt 1.1278 0.0202 -0.0668
vt 1.1229 0.0232 -0.0668
vt 1.1198 0.0183 -0.0668
vt 1.1247 0.0152 -0.0668
vt 1.1399 0.0394 -0.0845
vt 1.1350 0.0425 -0.0845
vt 0.9575 -0.0845 1.1350
vt 0.9575 -0.0903 1.1350
vt -0.1350 0.0425 -0.0903
vt -0.2171 0.1730 -0.0902
vt -0.2220 0.1699 -0.0902
vt -0.1399 0.0394 -0.0903
vt 0.0394 -0.0903 1.1399
vt 0.0394 -0.0845 1.1399
vt 1.1248 -0.0845 0.0153
vt 1.1199 -0.0845 0.0184
vt -0.1350 -0.2386 0.0425
vt -0.1350 -0.0903 0.0425
vt -0.1399 -0.0903 0.0394
vt -0.1399 -0.2386 0.0394
vt 0.0345 -0.0903 1.1368
vt 1.1368 -0.0903 0.0345
vt 1.1319 -0.0903 0.0375
vt 0.9625 -0.0903 1.1319
vt 1.1368 0.0344 -0.0668
vt 1.1399 0.0393 -0.0668
vt 1.1350 0.0424 -0.0668
vt 1.1319 0.0375 -0.0668
vt 0.9816 -0.0845 1.1199
vt 0.9817 -0.0668 1.1198
vt 0.9768 -0.0668 1.1229
vt 0.9767 -0.0845 1.1230
vt -0.1230 -0.0845 0.0233
vt -0.1229 -0.0668 0.0232
vt -0.1278 -0.0668 0.0202
vt -0.1279 -0.0845 0.0202
vt 0.0202 -0.0845 1.1279
vt 0.0202 -0.0668 1.1278
vt 0.0152 -0.0668 1.1247
vt 0.0153 -0.0845 1.1248
vt 1.1247 -0.0668 0.0152
vt 1.1198 -0.0668 0.0183
vt -0.1350 -0.0845 0.0425
vt -0.1350 -0.0668 0.0424
vt -0.1399 -0.0668 0.0393
vt -0.1399 -0.0845 0.0394
vt 0.0393 -0.0668 1.1399
vt 0.0344 -0.0668 1.1368
vt 0.0345 -0.0845 1.1368
vt 1.1368 -0.0845 0.0345
vt 1.1368 -0.0668 0.0344
vt 1.1319 -0.0668 0.0375
vt 1.1319 -0.0845 0.0375
vt 0.9625 -0.0845 1.1319
vt 0.9625 -0.0668 1.1319
vt 0.9576 -0.0668 1.1350
vt 1.1279 0.0202 -0.0845
vt 1.1368 0.0345 -0.0845
vt 1.1319 0.0375 -0.0845
vt 1.1230 0.0233 -0.0845
vt -0.1230 0.0233 -0.0903
vt -0.1319 0.0375 -0.0903
vt -0.1368 0.0345 -0.0903
vt -0.1279 0.0202 -0.0903
vt 1.2171 -0.0941 0.1730
vt 1.2220 -0.0941 0.1699
vt 1.2220 -0.0902 0.1699
vt 1.2171 -0.0902 0.1730
vt 1.1406 0.0514 -0.2390
vt 1.1350 0.0425 -0.2386
vt 1.1399 0.0394 -0.2386
vt 1.1455 0.0483 -0.2390
vt 0.6394 -0.0768 0.9889
vt 0.6394 -0.0669 0.9889
vt 0.6345 -0.0669 0.9920
vt 0.6345 -0.0779 0.9920
vt 0.9889 -0.0669 0.3606
vt 0.9889 -0.0768 0.3606
vt 0.9938 -0.0768 0.3575
vt 0.9938 -0.0669 0.3575
vt 0.3624 -0.0669 0.9969
vt 0.3575 -0.0669 0.9938
vt 0.3575 -0.0768 0.9938
vt 0.3624 -0.0779 0.9969
vt 0.0031 -0.0669 0.3624
vt 0.0031 -0.0779 0.3624
vt 0.0080 -0.0779 0.3655
vt 0.0080 -0.0669 0.3655
vt 0.6413 -0.0822 0.9877
vt 0.6376 -0.0866 0.9901
vt 0.9877 -0.0822 0.3587
vt 0.9926 -0.0822 0.3556
vt 0.3556 -0.0822 0.9926
vt 0.3594 -0.0866 0.9950
vt 0.0050 -0.0866 0.3594
vt 0.0099 -0.0866 0.3624
vt 0.6449 -0.0902 0.9855
vt 0.6459 -0.0844 0.9849
vt 0.9877 0.3587 -0.0822
vt 0.9849 0.3541 -0.0844
vt 0.9898 0.3510 -0.0844
vt 0.9926 0.3556 -0.0822
vt 0.3520 -0.0902 0.9904
vt 0.3510 -0.0844 0.9898
vt 0.0050 0.3594 -0.0866
vt 0.0096 0.3520 -0.0902
vt 0.0145 0.3551 -0.0902
vt 0.0099 0.3624 -0.0866
vt 0.6658 -0.0902 0.9723
vt 0.6707 -0.0844 0.9692
vt 0.9692 0.3293 -0.0844
vt 0.9741 0.3262 -0.0844
vt 0.3311 -0.0902 0.9772
vt 0.3262 -0.0844 0.9741
vt 0.0228 0.3311 -0.0902
vt 0.0277 0.3342 -0.0902
vt 0.6707 -0.0941 0.9692
vt 0.6707 -0.0902 0.9692
vt 0.6658 -0.0985 0.9723
vt 0.3262 -0.0902 0.9742
vt 0.3262 -0.0941 0.9741
vt 0.3311 -0.0985 0.9772
vt 0.0228 -0.0902 0.3311
vt 0.0228 -0.0985 0.3311
vt 0.0277 -0.0985 0.3342
vt 0.0277 -0.0902 0.3342
vt 0.7176 -0.1155 0.9398
vt 0.7195 -0.1101 0.9385
vt 0.9692 0.3293 -0.0941
vt 0.9385 0.2805 -0.1101
vt 0.9435 0.2774 -0.1101
vt 0.9741 0.3262 -0.0941
vt 0.2793 -0.1155 0.9447
vt 0.2774 -0.1101 0.9435
vt 0.0228 0.3311 -0.0985
vt 0.0553 0.2793 -0.1155
vt 0.0602 0.2824 -0.1155
vt 0.0277 0.3342 -0.0985
vt 0.7562 -0.1423 0.9155
vt 0.7599 -0.1381 0.9132
vt 0.9132 0.2401 -0.1381
vt 0.9181 0.2370 -0.1381
vt 0.2407 -0.1423 0.9204
vt 0.2370 -0.1381 0.9181
vt 0.0796 0.2407 -0.1423
vt 0.0845 0.2438 -0.1423
vt 0.7819 -0.1846 0.8993
vt 0.7773 -0.1867 0.9022
vt 0.9132 -0.1381 0.2401
vt 0.8993 -0.1846 0.2181
vt 0.9042 -0.1846 0.2150
vt 0.9181 -0.1381 0.2370
vt 0.2150 -0.1846 0.9042
vt 0.2196 -0.1867 0.9071
vt 0.0796 -0.1423 0.2407
vt 0.0929 -0.1867 0.2196
vt 0.0978 -0.1867 0.2227
vt 0.0845 -0.1423 0.2438
vt 0.7923 -0.2390 0.8928
vt 0.7884 -0.2450 0.8952
vt 0.8928 -0.2390 0.2077
vt 0.8977 -0.2390 0.2046
vt 0.2046 -0.2390 0.8977
vt 0.2085 -0.2450 0.9001
vt 0.0999 -0.2450 0.2085
vt 0.1048 -0.2450 0.2116
vt 0.8012 -0.2386 0.8872
vt 0.8015 -0.2444 0.8870
vt 0.8061 -0.2384 0.8841
vt 0.1957 -0.2386 0.8921
vt 0.1908 -0.2384 0.8890
vt 0.1954 -0.2444 0.8919
vt 0.0999 0.2085 -0.2450
vt 0.1081 0.1954 -0.2444
vt 0.1130 0.1985 -0.2444
vt 0.1048 0.2116 -0.2450
vt 0.8071 -0.2582 0.8835
vt 0.8022 -0.2592 0.8865
vt 0.8841 -0.2384 0.1939
vt 0.8835 -0.2582 0.1929
vt 0.8884 -0.2582 0.1898
vt 0.8890 -0.2384 0.1908
vt 0.1898 -0.2582 0.8884
vt 0.1947 -0.2592 0.8915
vt 0.1081 -0.2444 0.1954
vt 0.1085 -0.2592 0.1947
vt 0.1135 -0.2592 0.1978
vt 0.1130 -0.2444 0.1985
vt 0.8104 -0.2709 0.8814
vt 0.8061 -0.2740 0.8841
vt 0.8814 -0.2709 0.1896
vt 0.8863 -0.2709 0.1865
vt 0.1865 -0.2709 0.8863
vt 0.1909 -0.2740 0.8890
vt 0.1110 -0.2740 0.1909
vt 0.1159 -0.2740 0.1939
vt 0.8136 -0.2826 0.8794
vt 0.8164 -0.2778 0.8776
vt 0.8814 0.1896 -0.2709
vt 0.8776 0.1836 -0.2778
vt 0.8826 0.1805 -0.2778
vt 0.8863 0.1865 -0.2709
vt 0.1833 -0.2826 0.8843
vt 0.1805 -0.2778 0.8826
vt 0.1110 0.1909 -0.2740
vt 0.1157 0.1833 -0.2826
vt 0.1206 0.1864 -0.2826
vt 0.1159 0.1939 -0.2740
vt 0.8204 -0.2799 0.8751
vt 0.8253 -0.2889 0.8720
vt 0.8751 0.1796 -0.2799
vt 0.8800 0.1765 -0.2799
vt 0.1765 -0.2799 0.8800
vt 0.1716 -0.2889 0.8769
vt 0.1231 0.1716 -0.2889
vt 0.1280 0.1747 -0.2889
vt 0.8253 -0.0903 0.8720
vt 0.8204 -0.0903 0.8751
vt 0.1249 -0.2799 0.1796
vt 0.1249 -0.0903 0.1796
vt 0.1200 -0.0903 0.1765
vt 0.1200 -0.2799 0.1765
vt 0.1716 -0.0903 0.8770
vt 0.1765 -0.0903 0.8800
vt 0.8769 -0.2889 0.1716
vt 0.8770 -0.0903 0.1716
vt 0.8720 -0.0903 0.1747
vt 0.8720 -0.2889 0.1747
vt 0.9938 0.3575 -0.0669
vt 0.9969 0.3624 -0.0669
vt 0.9920 0.3655 -0.0669
vt 0.9889 0.3606 -0.0669
vt 0.8800 0.1764 -0.0668
vt 0.8751 0.1795 -0.0668
vt 0.8720 0.1746 -0.0668
vt 0.8769 0.1715 -0.0668
vt 0.8921 0.1957 -0.0845
vt 0.8872 0.1987 -0.0845
vt 0.8013 -0.0845 0.8872
vt 0.8012 -0.0903 0.8872
vt 0.1128 0.1988 -0.0903
vt 0.0308 0.3293 -0.0902
vt 0.0258 0.3262 -0.0902
vt 0.1079 0.1957 -0.0903
vt 0.1957 -0.0903 0.8921
vt 0.1957 -0.0845 0.8921
vt 0.8769 -0.0845 0.1716
vt 0.8720 -0.0845 0.1747
vt 0.1128 -0.2386 0.1988
vt 0.1128 -0.0903 0.1988
vt 0.1079 -0.0903 0.1957
vt 0.1079 -0.2386 0.1957
vt 0.1908 -0.0903 0.8890
vt 0.8890 -0.0903 0.1908
vt 0.8841 -0.0903 0.1938
vt 0.8062 -0.0903 0.8841
vt 0.8889 0.1907 -0.0668
vt 0.8920 0.1956 -0.0668
vt 0.8871 0.1987 -0.0668
vt 0.8840 0.1938 -0.0668
vt 0.8253 -0.0845 0.8720
vt 0.8254 -0.0668 0.8720
vt 0.8205 -0.0668 0.8751
vt 0.8204 -0.0845 0.8751
vt 0.1249 -0.0845 0.1796
vt 0.1249 -0.0668 0.1795
vt 0.1200 -0.0668 0.1764
vt 0.1200 -0.0845 0.1765
vt 0.1765 -0.0845 0.8800
vt 0.1764 -0.0668 0.8800
vt 0.1715 -0.0668 0.8769
vt 0.1716 -0.0845 0.8769
vt 0.8769 -0.0668 0.1715
vt 0.8720 -0.0668 0.1746
vt 0.1128 -0.0845 0.1987
vt 0.1129 -0.0668 0.1987
vt 0.1080 -0.0668 0.1956
vt 0.1079 -0.0845 0.1957
vt 0.1956 -0.0668 0.8920
vt 0.1907 -0.0668 0.8889
vt 0.1908 -0.0845 0.8890
vt 0.8890 -0.0845 0.1908
vt 0.8889 -0.0668 0.1907
vt 0.8840 -0.0668 0.1938
vt 0.8841 -0.0845 0.1938
vt 0.8062 -0.0845 0.8841
vt 0.8062 -0.0668 0.8840
vt 0.8013 -0.0668 0.8871
vt 0.8800 0.1765 -0.0845
vt 0.8890 0.1908 -0.0845
vt 0.8841 0.1938 -0.0845
vt 0.8751 0.1796 -0.0845
vt 0.1249 0.1796 -0.0903
vt 0.1159 0.1938 -0.0903
vt 0.1110 0.1908 -0.0903
vt 0.1200 0.1765 -0.0903
vt 0.9692 -0.0941 0.3293
vt 0.9741 -0.0941 0.3262
vt 0.9742 -0.0902 0.3262
vt 0.9692 -0.0902 0.3293
vt 0.8928 0.2077 -0.2390
vt 0.8872 0.1988 -0.2386
vt 0.8921 0.1957 -0.2386
vt 0.8977 0.2046 -0.2390
vt 0.0005 0.9995 0.0000
vt 0.0005 0.6997 0.2983
vt 0.9995 0.6997 0.2983
vt 0.0005 0.6997 0.9982
vt 0.9995 0.6997 0.0011
vt 0.9995 0.9995 0.0005
vt 0.0005 0.9995 0.9976
vt 0.0005 0.0005 1.0020
vt 0.9995 0.0005 1.0020
vt 0.0005 0.0005 0.9995
vt 0.9995 0.0005 0.0024
vt -0.3958 0.0491 -0.3028
vt -0.3958 -0.0611 -0.3028
vt -0.3212 -0.0638 -0.2683
vt -0.3212 0.2926 -0.2683
vt -0.7034 0.2926 -0.4455
vt -0.6288 0.0491 -0.4109
vt -0.7034 -0.0638 -0.4455
vt -0.6288 -0.0611 -0.4109
vt -0.6288 -0.3181 -0.4109
vt -0.7034 -0.5580 -0.4455
vt -0.3212 -0.5580 -0.2683
vt -0.3958 -0.3181 -0.3028
vt -0.7780 0.0491 -0.4800
vt -1.0856 0.2926 -0.6227
vt -1.0110 0.0491 -0.5881
vt -1.0856 -0.0638 -0.6227
vt -1.0110 -0.0611 -0.5881
vt -1.0110 -0.3181 -0.5881
vt -1.0856 -0.5580 -0.6227
vt -0.7780 -0.3181 -0.4800
vt -0.7780 -0.0611 -0.4800
vt -1.3932 0.0491 -0.7653
vt -1.4678 0.2926 -0.7999
vt -1.4678 -0.0638 -0.7999
vt -1.3932 -0.0611 -0.7653
vt -1.3932 -0.3181 -0.7653
vt -1.4678 -0.5580 -0.7999
vt -1.1603 -0.3181 -0.6573
vt -1.1603 -0.0611 -0.6573
vt -1.1603 0.0491 -0.6573
vt -0.7571 -0.5253 0.0491
vt -0.7780 -0.4800 0.0491
vt -1.0110 -0.5881 0.0491
vt -0.9901 -0.6333 0.0491
vt 1.6333 0.0491 1.9901
vt 1.5881 0.0491 2.0110
vt 1.5881 -0.0611 2.0110
vt 1.6333 -0.0611 1.9901
vt 1.5881 -0.3181 2.0110
vt 1.6333 -0.3181 1.9901
vt 1.9901 -0.6333 -0.3181
vt 2.0110 -0.5881 -0.3181
vt 1.7780 -0.4800 -0.3181
vt 1.7571 -0.5253 -0.3181
vt -0.5253 -0.3181 1.7571
vt -0.4800 -0.3181 1.7780
vt -0.4800 -0.0611 1.7780
vt -0.5253 -0.0611 1.7571
vt -0.4800 0.0491 1.7780
vt -0.5253 0.0491 1.7571
vt 1.8105 0.0491 2.3723
vt 1.7653 0.0491 2.3932
vt 1.7653 -0.0611 2.3932
vt 1.8105 -0.0611 2.3723
vt 1.7653 -0.3181 2.3932
vt 1.8105 -0.3181 2.3723
vt 2.3723 -0.8105 -0.3181
vt 2.3932 -0.7653 -0.3181
vt 2.1603 -0.6573 -0.3181
vt 2.1393 -0.7025 -0.3181
vt -0.7025 -0.3181 2.1393
vt -0.6573 -0.3181 2.1603
vt -0.6573 -0.0611 2.1603
vt -0.7025 -0.0611 2.1393
vt -0.6573 0.0491 2.1603
vt -0.7025 0.0491 2.1393
vt -1.1393 -0.7025 0.0491
vt -1.1603 -0.6573 0.0491
vt -1.3932 -0.7653 0.0491
vt -1.3723 -0.8105 0.0491
vt -0.3481 -0.0611 1.3749
vt -0.3028 -0.0611 1.3958
vt -0.3028 0.0491 1.3958
vt -0.3481 0.0491 1.3749
vt -0.3749 -0.3481 0.0491
vt -0.3958 -0.3028 0.0491
vt -0.6288 -0.4109 0.0491
vt -0.6079 -0.4561 0.0491
vt 1.4561 0.0491 1.6079
vt 1.4109 0.0491 1.6288
vt 1.4109 -0.0611 1.6288
vt 1.4561 -0.0611 1.6079
vt 1.4109 -0.3181 1.6288
vt 1.4561 -0.3181 1.6079
vt 1.6079 -0.4561 -0.3181
vt 1.6288 -0.4109 -0.3181
vt 1.3958 -0.3028 -0.3181
vt 1.3749 -0.3481 -0.3181
vt -0.3481 -0.3181 1.3749
vt -0.3028 -0.3181 1.3958
vt 0.1102 -0.5343 0.1660
vt 2.7145 -0.5580 1.8082
vt 0.1102 -0.5580 0.1660
vt -0.5262 0.3815 0.7800
vt 1.5262 0.3815 0.7800
vt 1.5262 0.6185 0.7800
vt -0.5262 0.6185 0.7800
vt 1.7217 0.3815 0.7800
vt 1.7217 0.6185 0.7800
vt -0.0799 -0.0638 0.0461
vt -0.3870 -0.0638 -0.1475
vt -0.0965 -0.5343 0.0357
vt -0.0799 -0.5343 0.0461
vt 0.9995 0.0005 0.9988
vt 0.9995 0.9995 0.0006
vt 0.0005 0.9995 0.0004
vt 0.0005 0.0005 0.9990
vt 0.0937 -0.0638 0.1556
vt 0.0937 -0.5343 0.1556
vt -0.7217 0.6185 0.7800
vt -0.7217 0.3815 0.7800
vt 0.1056 0.1366 -0.0638
vt 0.0937 0.1556 -0.0638
vt -0.0799 0.0461 -0.0638
vt -0.0680 0.0271 -0.0638
vt 0.9729 -0.0638 1.0680
vt 0.9539 -0.0638 1.0799
vt 0.9539 -0.5343 1.0799
vt 0.9729 -0.5343 1.0680
vt 1.5262 0.2200 0.6184
vt 1.5262 0.4440 0.6185
vt -0.5262 0.4440 0.6185
vt -0.5262 0.2200 0.6184
vt 0.1366 -0.5343 0.8944
vt 0.1556 -0.5343 0.9063
vt 0.1556 -0.0638 0.9063
vt 0.1366 -0.0638 0.8944
vt 0.3815 0.7800 -0.7217
vt 0.3815 0.4440 -0.7217
vt 0.6185 0.4440 -0.7217
vt 0.6185 0.7800 -0.7217
vt 0.3815 0.7800 1.7217
vt 0.3815 0.4440 1.7217
vt 0.6185 0.4440 1.7217
vt 0.6185 0.7800 1.7217
vt -0.7217 0.7800 0.6185
vt -0.7217 0.4440 0.6185
vt -0.5262 0.7800 0.6185
vt 1.5262 0.7800 0.6185
vt 1.7217 0.4440 0.6185
vt 1.7217 0.7800 0.6185
vt -0.0558 1.2372 -2.0622
vt -2.4630 1.2417 -0.4942
vt -2.4630 0.0159 -0.4942
vt -0.0558 0.0136 -2.0622
vt 1.4942 0.0159 -2.4630
vt 1.4942 1.2417 -2.4630
vt 0.5009 1.0818 -2.7865
vt 0.5009 -0.0639 -2.7865
vt 3.1452 0.0993 0.0128
vt 3.1452 1.4085 0.0128
vt 3.0622 1.2372 -0.0558
vt 3.0622 0.0136 -0.0558
vt 1.4081 0.0739 -2.5990
vt 1.4081 1.3577 -2.5990
vt 0.0128 0.0993 -2.1452
vt 0.0128 1.4085 -2.1452
vt -2.4630 -0.5573 -0.4942
vt -0.0558 -0.5573 -2.0622
vt 1.4942 -0.5573 -2.4630
vt 0.5009 -0.5577 -2.7865
vt 3.1452 -0.5573 0.0128
vt 3.0622 -0.5573 -0.0558
vt 1.4081 -0.5573 -2.5990
vt 0.0128 -0.5573 -2.1452
vt -0.3870 -0.5580 -0.1475
vt -0.0965 -0.5580 0.0357
vt -2.3929 4.0062 0.6895
vt -0.9368 -4.6715 0.0005
vt 1.8928 2.0879 0.6163
vt 0.8693 4.8441 0.8584
vt 1.5794 -5.1202 0.0005
vt 3.1280 0.5658 0.5328
vt 1.3433 2.2257 0.4836
vt 5.8643 -7.0356 0.0005
vt 5.9292 -1.6798 0.3251
vt 2.1866 -1.7606 0.2925
vt 2.3132 -7.0261 0.0005
vt 6.0578 7.7545 0.9995
vt 5.8997 -7.0945 0.1063
vt 6.7051 -6.1046 0.1310
vt 6.8820 8.2002 0.9995
vt 6.0548 7.7661 0.9196
vt 6.6706 -6.0457 0.0261
vt 6.8790 8.2118 0.9196
vt 3.3929 5.6715 0.9995
vt 1.3198 0.3763 0.5421
vt 1.3152 0.0175 0.5373
vt 1.7013 0.0350 0.4903
vt 1.6926 0.3930 0.4974
vt 1.9027 5.5761 0.7206
vt 2.0292 1.3561 0.4738
vt 2.0742 0.4644 0.4219
vt 2.0928 0.0973 0.4006
vt 0.3089 4.8264 0.6354
vt -3.1035 2.4747 0.4967
vt -0.5336 -1.8886 0.2649
vt -0.2241 -0.0077 0.3697
vt -0.1629 0.3640 0.3904
vt -0.0123 1.2791 0.4414
vt 1.7333 -1.7820 0.2879
vt 1.2799 -1.8033 0.2833
vt 0.8265 -1.8246 0.2787
vt 0.3732 -1.8460 0.2741
vt -0.0802 -1.8673 0.2695
vt 1.0085 1.3176 0.4576
vt 1.3423 0.7648 0.5086
vt 1.6918 0.7153 0.4805
vt 0.6090 0.9451 0.4797
vt 0.2186 0.6272 0.4595
vt 0.5702 0.7276 0.4944
vt 0.2275 0.6818 0.4128
vt 0.6180 0.9997 0.4352
vt 1.3637 1.0332 0.4457
vt 1.7190 0.7488 0.4338
vt 2.0873 0.0525 0.4311
vt 2.1986 -1.7557 0.3737
vt 1.3547 0.9786 0.4902
vt -0.2296 -0.0525 0.4002
vt -0.1719 0.3093 0.4109
vt 0.2011 0.3261 0.4764
vt 0.1567 -0.0350 0.4697
vt 0.5430 -0.0175 0.5270
vt 0.5521 0.3405 0.5316
vt 0.9482 0.3601 0.7547
vt 0.9302 0.0005 0.7530
vt 1.3156 0.0176 0.6999
vt 1.3205 0.3766 0.7015
vt 1.7452 -1.7770 0.4543
vt 0.9723 0.7494 0.5099
vt 2.0652 0.4098 0.4425
vt 0.9995 1.2630 0.4937
vt 0.9708 0.7481 0.7566
vt 0.5678 0.7258 0.6982
vt 0.5524 0.3405 0.6964
vt 0.8385 -1.8196 0.5301
vt 0.9292 -0.0000 0.5432
vt 0.3851 -1.8410 0.5040
vt 1.3406 0.7633 0.7034
vt 1.2919 -1.7983 0.5132
vt -0.5215 -1.8836 0.3462
vt -0.0682 -1.8623 0.4359
vt 0.5430 -0.0176 0.6947
vt -0.0828 -1.8667 0.2938
vt -0.4514 -1.8841 0.2901
vt 0.3706 -1.8456 0.2984
vt 0.8240 -1.8243 0.3030
vt 1.2773 -1.8029 0.3076
vt 1.7307 -1.7814 0.3122
vt 2.1117 -1.7635 0.3161
vt 2.1182 -1.7601 0.3600
vt 1.7106 -1.7793 0.4324
vt 1.2717 -1.7997 0.4894
vt 0.8410 -1.8200 0.5055
vt 0.4098 -1.8403 0.4806
vt -0.0300 -1.8612 0.4146
vt -0.4451 -1.8808 0.3324
vt -0.0873 -1.7668 0.2936
vt -0.4559 -1.7843 0.2899
vt 0.3661 -1.7457 0.2982
vt 0.8195 -1.7244 0.3028
vt 0.7923 -1.7257 0.3025
vt 1.2729 -1.7030 0.3074
vt 0.8467 -1.7231 0.3031
vt 1.7262 -1.6815 0.3120
vt 2.1072 -1.6637 0.3159
vt 2.1137 -1.6603 0.3598
vt 1.7061 -1.6794 0.4322
vt 1.2672 -1.6999 0.4892
vt 0.8366 -1.7201 0.5052
vt 0.8624 -1.7189 0.5043
vt 0.4053 -1.7404 0.4804
vt 0.8107 -1.7213 0.5038
vt -0.0345 -1.7613 0.4144
vt -0.4496 -1.7809 0.3322
vt 4.3357 5.5046 0.9995
vt 1.2181 6.1202 0.7842
vt 0.3187 0.2518 0.3357
vt -1.1121 0.7100 0.4633
vt -1.1488 0.2562 0.4633
vt 0.3187 0.7122 0.3357
vt 0.3684 0.6265 0.3151
vt 0.3684 0.2518 0.3151
vt 1.0910 0.6520 0.4421
vt 1.8092 0.3168 0.6134
vt 1.8092 0.6784 0.6134
vt 1.0910 0.2632 0.4421
vt 1.9008 0.3168 0.6704
vt 1.9008 0.4343 0.6709
vt 1.9008 0.6783 0.6709
vt 2.1107 0.6780 0.8026
vt 2.1046 0.4503 0.7990
vt 1.9008 0.6704 0.3168
vt 1.8092 0.6134 0.3168
vt 1.8502 0.5148 0.3168
vt 1.9476 0.5685 0.3168
vt 0.3187 0.3357 0.2518
vt -1.1488 0.4633 0.2562
vt -1.1121 0.3183 0.2579
vt 0.3187 0.1982 0.2518
vt 0.3684 0.3151 0.2518
vt 0.3684 0.1974 0.2518
vt 1.0910 0.4421 0.2632
vt 1.0910 0.2985 0.2632
vt 0.3291 0.4343 -0.9008
vt 0.3296 0.3168 -0.9008
vt 0.4315 0.3168 -0.9476
vt 0.4315 0.4343 -0.9476
vt 2.1046 0.7990 0.4503
vt 1.9008 0.6709 0.4343
vt 1.9476 0.5685 0.4343
vt 2.1487 0.7555 0.4503
vt -0.9476 0.3168 0.5685
vt -0.8502 0.3168 0.5148
vt -0.8502 0.4343 0.5148
vt -0.9476 0.4343 0.5685
vt 0.6813 0.2518 0.1982
vt 2.1121 0.2579 0.3183
vt 2.1121 0.3693 0.3183
vt 0.6813 0.3693 0.1982
vt 0.6316 0.2518 0.1974
vt 0.6316 0.3693 0.1974
vt -0.0910 0.2632 0.2985
vt -0.0910 0.3807 0.2985
vt -1.1487 0.4503 0.7555
vt -0.9476 0.7482 0.5685
vt -1.1488 0.7481 0.7556
vt -0.8502 0.7482 0.5148
vt 2.1121 0.6832 0.3183
vt 0.6813 0.6832 0.1982
vt 0.6316 0.6832 0.1974
vt -0.0910 0.6946 0.2985
# 2293 texture coords

g Ryytli_28
usemtl Wall_Cream
s off
f 1/1/1 2/2/1 3/3/1 
f 3/3/2 4/4/2 1/1/2 
f 5/5/3 3/3/3 2/2/3 
usemtl Window_Middle
f 6/6/4 7/7/4 8/8/4 
f 8/8/5 9/9/5 6/6/5 
usemtl Wall_Cream
f 10/10/6 11/11/6 12/12/6 
f 12/12/7 13/13/7 10/10/7 
usemtl Doors
f 14/14/8 15/15/8 16/16/8 
f 16/16/9 17/17/9 14/14/9 
usemtl Wall_Brick
f 1/18/10 18/19/10 19/20/10 
f 19/20/11 2/21/11 1/18/11 
f 2/21/12 19/20/12 20/22/12 
usemtl Wall_Cream
f 21/23/13 19/24/13 18/25/13 
f 18/25/14 22/26/14 21/23/14 
usemtl Wall_Brick
f 23/27/15 24/28/15 25/29/15 
f 25/29/15 22/30/15 23/27/15 
f 22/30/15 25/29/15 21/31/15 
usemtl Roof_LightGrey_Tin
f 26/32/16 27/33/16 28/34/16 
f 28/34/17 29/35/17 26/32/17 
f 30/36/18 27/37/18 26/38/18 
f 26/38/18 31/39/18 30/36/18 
f 32/40/18 31/39/18 26/38/18 
f 26/38/18 33/41/18 32/40/18 
f 34/42/19 35/43/19 33/41/19 
f 33/41/20 26/38/20 34/42/20 
usemtl Wall_Cream
f 36/44/21 37/45/21 38/46/21 
f 26/47/22 29/48/22 39/49/22 
f 39/49/23 40/50/23 26/47/23 
f 40/51/24 41/52/24 34/53/24 
f 34/53/24 26/54/24 40/51/24 
f 42/55/24 43/56/24 41/52/24 
f 41/52/25 40/51/25 42/55/25 
f 34/57/26 41/58/26 44/59/26 
f 44/59/26 45/60/26 34/57/26 
f 41/58/26 43/61/26 46/62/26 
f 46/62/26 44/59/26 41/58/26 
f 47/63/27 45/64/27 44/65/27 
f 44/65/27 48/66/27 47/63/27 
f 44/65/27 46/67/27 49/68/27 
f 49/68/27 48/66/27 44/65/27 
f 50/69/28 51/70/28 52/71/28 
f 52/71/28 53/72/28 50/69/28 
f 54/73/29 55/74/29 53/75/29 
f 53/75/30 52/76/30 54/73/30 
f 56/77/31 55/78/31 57/79/31 
f 57/79/31 58/80/31 56/77/31 
usemtl Roof_LightGrey_Tin
f 59/81/32 60/82/32 56/83/32 
f 56/83/33 61/84/33 59/81/33 
f 55/85/34 56/83/34 60/82/34 
f 62/86/35 55/85/35 60/82/35 
f 60/82/36 63/87/36 62/86/36 
f 64/88/37 62/89/37 65/90/37 
f 65/90/38 66/91/38 64/88/38 
f 67/92/39 68/93/39 64/94/39 
f 64/94/40 66/95/40 69/96/40 
f 69/96/40 67/92/40 64/94/40 
usemtl Wall_Cream
f 50/97/41 64/98/41 45/64/41 
f 62/99/42 64/100/42 50/69/42 
f 50/69/43 53/72/43 62/99/43 
f 53/75/44 55/74/44 62/101/44 
usemtl Roof_LightGrey_Tin
f 45/102/45 64/94/45 68/93/45 
f 68/93/46 34/103/46 45/102/46 
f 68/93/47 70/104/47 71/105/47 
f 35/43/48 68/106/48 71/107/48 
f 71/107/49 72/108/49 35/43/49 
f 34/42/50 68/106/50 35/43/50 
usemtl Wall_Cream
f 71/109/51 70/110/51 73/111/51 
f 73/111/52 74/112/52 71/109/52 
f 75/113/53 71/109/53 74/112/53 
f 74/112/54 76/114/54 75/113/54 
f 72/115/55 71/109/55 75/113/55 
f 77/116/56 75/117/56 76/118/56 
f 76/118/57 78/119/57 77/116/57 
f 75/117/58 77/116/58 79/120/58 
f 79/120/58 80/121/58 75/117/58 
f 75/117/59 80/121/59 36/44/59 
f 36/44/60 38/46/60 75/117/60 
usemtl Roof_LightGrey_Tin
f 62/89/61 63/122/61 65/90/61 
usemtl Wall_Cream
f 69/123/62 66/124/62 81/125/62 
f 81/125/62 67/126/62 69/123/62 
f 81/125/63 82/127/63 67/126/63 
usemtl Wall_White
f 83/128/64 84/129/64 85/130/64 
f 85/130/65 86/131/65 83/128/65 
f 86/132/66 85/133/66 87/134/66 
f 87/134/67 88/135/67 86/132/67 
f 89/136/21 90/137/21 91/138/21 
f 91/138/68 92/139/68 89/136/68 
usemtl Roof_LightGrey_Tin
f 28/34/69 27/33/69 93/140/69 
f 93/140/70 94/141/70 28/34/70 
f 95/142/71 93/143/71 27/37/71 
f 27/37/72 30/36/72 95/142/72 
f 35/43/73 72/108/73 96/144/73 
f 96/144/74 97/145/74 35/43/74 
usemtl Wall_White
f 72/115/75 75/113/75 98/146/75 
f 98/146/75 96/147/75 72/115/75 
f 92/148/76 75/149/76 38/150/76 
f 38/150/77 89/151/77 92/148/77 
f 75/149/78 92/148/78 98/152/78 
f 38/150/79 37/153/79 90/154/79 
f 90/154/80 89/151/80 38/150/80 
f 37/153/81 99/155/81 100/156/81 
f 100/156/82 90/154/82 37/153/82 
f 101/157/83 102/158/83 83/159/83 
f 83/159/84 86/160/84 101/157/84 
f 84/161/85 102/162/85 28/163/85 
f 28/163/86 94/164/86 84/161/86 
f 102/162/87 84/161/87 83/165/87 
usemtl Roof_RedTin
f 103/166/88 104/167/88 105/168/88 
f 105/168/89 106/169/89 103/166/89 
f 106/170/90 105/171/90 107/172/90 
f 107/172/90 108/173/90 106/170/90 
f 109/174/91 110/175/91 111/176/91 
f 111/176/92 112/177/92 109/174/92 
f 113/178/93 110/175/93 109/174/93 
usemtl Roof_LightGrey_Tin
f 104/179/70 94/141/70 93/140/70 
f 93/140/94 105/180/94 104/179/94 
f 107/181/71 105/182/71 93/143/71 
f 93/143/95 95/142/95 107/181/95 
f 97/145/73 96/144/73 111/183/73 
f 111/183/74 110/184/74 97/145/74 
usemtl Roof_RedTin
f 96/185/96 98/186/96 112/177/96 
f 112/177/97 111/176/97 96/185/97 
f 98/186/98 92/187/98 109/174/98 
f 109/174/99 112/177/99 98/186/99 
usemtl Wall_White
f 92/148/100 91/188/100 113/189/100 
f 113/189/100 109/190/100 92/148/100 
f 91/188/101 114/191/101 115/192/101 
f 115/192/102 113/189/102 91/188/102 
f 103/193/103 106/194/103 85/195/103 
f 85/195/104 84/196/104 103/193/104 
usemtl Roof_RedTin
f 84/161/105 94/164/105 104/197/105 
f 104/197/106 103/198/106 84/161/106 
usemtl Wall_Cream
f 116/199/107 102/200/107 101/201/107 
f 101/201/108 117/202/108 116/199/108 
f 117/203/109 101/204/109 118/205/109 
f 118/205/109 119/206/109 117/203/109 
f 117/202/110 11/207/110 120/208/110 
f 54/73/30 121/209/30 122/210/30 
f 122/210/30 55/74/30 54/73/30 
f 123/211/30 124/212/30 122/210/30 
f 122/210/30 121/209/30 123/211/30 
f 51/213/27 50/97/27 45/64/27 
f 45/64/111 47/63/111 51/213/111 
usemtl Windows_Bottom_Right
f 125/214/112 126/215/112 127/216/112 
f 127/216/112 128/217/112 125/214/112 
f 128/217/112 127/216/112 129/218/112 
f 129/218/112 130/219/112 128/217/112 
usemtl Roof_Red
f 131/220/113 54/221/113 52/222/113 
f 52/222/113 132/223/113 131/220/113 
f 51/224/114 47/225/114 132/223/114 
f 132/223/115 52/222/115 51/224/115 
usemtl Windows_Top_Left
f 133/226/109 134/227/109 135/228/109 
f 135/228/109 136/229/109 133/226/109 
usemtl Wall_Cream
f 137/230/116 138/231/116 139/232/116 
f 139/232/116 140/233/116 137/230/116 
usemtl Wall_White
f 141/234/117 142/235/117 143/236/117 
f 143/236/66 144/237/66 141/234/66 
usemtl Roof_LightGrey_Tin
f 31/39/118 32/40/118 145/238/118 
f 145/238/119 146/239/119 31/39/119 
usemtl Wall_White
f 147/240/120 118/241/120 88/242/120 
f 88/242/121 144/243/121 147/240/121 
usemtl Roof_RedTin
f 148/244/122 149/245/122 150/246/122 
f 150/246/90 151/247/90 148/244/90 
usemtl Roof_LightGrey_Tin
f 146/239/118 145/238/118 149/248/118 
f 149/248/119 148/249/119 146/239/119 
usemtl Wall_White
f 151/250/123 141/251/123 87/252/123 
f 87/252/124 108/253/124 151/250/124 
usemtl Wall_Cream
f 147/254/109 152/255/109 153/256/109 
f 153/256/109 154/257/109 147/254/109 
usemtl Windows_Top_Left
f 155/258/109 156/259/109 157/260/109 
f 157/260/109 158/261/109 155/258/109 
usemtl Wall_Cream
f 159/262/116 80/121/116 79/120/116 
f 79/120/116 160/263/116 159/262/116 
usemtl Wall_White
f 114/264/67 91/138/67 90/137/67 
f 90/137/67 100/265/67 114/264/67 
usemtl Roof_LightGrey_Tin
f 33/41/125 35/43/125 97/145/125 
f 97/145/126 161/266/126 33/41/126 
usemtl Roof_RedTin
f 162/267/122 110/175/122 113/178/122 
f 113/178/122 115/268/122 162/267/122 
usemtl Roof_LightGrey_Tin
f 161/266/127 97/145/127 110/184/127 
f 110/184/126 162/269/126 161/266/126 
usemtl Wall_Cream
f 99/270/109 37/45/109 36/44/109 
f 36/44/109 163/271/109 99/270/109 
usemtl Windows_Top_Left
f 164/272/109 165/259/109 166/273/109 
f 166/273/109 167/229/109 164/272/109 
usemtl Wall_Cream
f 138/231/116 168/274/116 169/275/116 
f 169/275/116 139/232/116 138/231/116 
usemtl Wall_White
f 142/235/67 114/264/67 100/265/67 
f 100/265/117 143/236/117 142/235/117 
usemtl Roof_LightGrey_Tin
f 32/40/126 33/41/126 161/266/126 
f 161/266/118 145/238/118 32/40/118 
usemtl Roof_RedTin
f 149/245/122 162/267/122 115/268/122 
f 115/268/122 150/246/122 149/245/122 
usemtl Roof_LightGrey_Tin
f 145/238/126 161/266/126 162/269/126 
f 162/269/118 149/248/118 145/238/118 
usemtl Wall_Cream
f 152/255/109 99/270/109 163/271/109 
f 163/271/109 153/256/109 152/255/109 
usemtl Wall_White
f 152/276/121 147/240/121 144/243/121 
f 144/243/128 143/277/128 152/276/128 
f 142/278/123 141/251/123 151/250/123 
f 151/250/129 150/279/129 142/278/129 
f 99/155/128 152/276/128 143/277/128 
f 143/277/81 100/156/81 99/155/81 
f 114/191/129 142/278/129 150/279/129 
f 150/279/101 115/192/101 114/191/101 
usemtl Wall_Cream
f 168/274/116 159/262/116 160/263/116 
f 160/263/116 169/275/116 168/274/116 
usemtl Windows_Top_Left
f 170/272/109 171/227/109 172/273/109 
f 172/273/109 173/280/109 170/272/109 
usemtl Wall_Cream
f 12/12/116 137/230/116 140/233/116 
f 140/233/116 174/281/116 12/12/116 
usemtl Wall_White
f 87/134/66 141/234/66 144/237/66 
f 144/237/67 88/135/67 87/134/67 
usemtl Roof_LightGrey_Tin
f 30/36/119 31/39/119 146/239/119 
f 146/239/72 95/142/72 30/36/72 
usemtl Roof_RedTin
f 107/172/90 148/244/90 151/247/90 
f 151/247/90 108/173/90 107/172/90 
usemtl Roof_LightGrey_Tin
f 148/249/130 107/181/130 95/142/130 
f 95/142/119 146/239/119 148/249/119 
usemtl Wall_Cream
f 118/205/109 147/254/109 154/257/109 
f 154/257/109 119/206/109 118/205/109 
usemtl Wall_White
f 88/242/120 118/241/120 101/157/120 
f 101/157/131 86/160/131 88/242/131 
f 108/253/132 87/252/132 85/195/132 
f 85/195/133 106/194/133 108/253/133 
f 175/282/134 176/283/134 177/284/134 
f 177/284/135 178/285/135 175/282/135 
usemtl Wall_Cream
f 179/286/136 3/3/136 116/199/136 
f 116/199/137 180/287/137 179/286/137 
f 181/288/138 180/287/138 116/199/138 
f 116/199/139 117/202/139 181/288/139 
f 181/288/140 117/202/140 120/208/140 
f 120/208/141 182/289/141 181/288/141 
usemtl Wall_White
f 183/290/142 176/283/142 175/282/142 
f 175/282/143 184/291/143 183/290/143 
usemtl Wall_Cream
f 179/292/144 180/293/144 7/294/144 
f 7/294/145 6/295/145 179/292/145 
f 180/296/146 181/297/146 8/298/146 
f 8/298/147 7/299/147 180/296/147 
f 181/300/148 182/301/148 9/302/148 
f 9/302/149 8/303/149 181/300/149 
f 182/304/150 179/305/150 6/306/150 
f 6/306/151 9/307/151 182/304/151 
f 154/257/109 153/256/109 185/308/109 
f 185/308/109 186/309/109 154/257/109 
f 187/310/109 185/308/109 153/256/109 
f 153/256/109 138/231/109 187/310/109 
f 138/231/109 137/230/109 188/311/109 
f 188/311/109 187/310/109 138/231/109 
f 188/311/109 137/230/109 154/257/109 
f 154/257/109 186/309/109 188/311/109 
f 189/312/109 163/271/109 36/44/109 
f 36/44/109 190/313/109 189/312/109 
f 191/314/109 190/313/109 36/44/109 
f 36/44/109 80/121/109 191/314/109 
f 191/314/109 80/121/109 159/262/109 
f 159/262/109 192/315/109 191/314/109 
f 159/262/109 168/274/109 192/315/109 
f 192/315/109 168/274/109 163/271/109 
f 163/271/109 189/312/109 192/315/109 
f 193/316/109 194/317/109 153/256/109 
f 153/256/109 163/271/109 193/316/109 
f 195/318/109 193/316/109 163/271/109 
f 163/271/109 168/274/109 195/318/109 
f 196/319/109 195/318/109 168/274/109 
f 168/274/109 138/231/109 196/319/109 
f 196/319/109 138/231/109 153/256/109 
f 153/256/109 194/317/109 196/319/109 
f 197/320/109 119/206/109 154/257/109 
f 154/257/109 198/321/109 197/320/109 
f 199/322/109 198/321/109 154/257/109 
f 154/257/109 137/230/109 199/322/109 
f 200/323/109 199/322/109 137/230/109 
f 137/230/109 12/12/109 200/323/109 
f 200/323/109 12/12/109 119/206/109 
f 119/206/109 197/320/109 200/323/109 
f 186/324/152 185/325/152 134/326/152 
f 134/326/152 133/327/152 186/324/152 
f 185/328/153 187/329/153 135/330/153 
f 135/330/154 134/331/154 185/328/154 
f 187/332/74 188/333/74 136/334/74 
f 136/334/74 135/335/74 187/332/74 
f 188/336/155 186/337/155 133/338/155 
f 133/338/156 136/339/156 188/336/156 
f 189/340/152 190/341/152 156/342/152 
f 156/342/152 155/343/152 189/340/152 
f 190/344/154 191/345/154 157/346/154 
f 157/346/153 156/347/153 190/344/153 
f 191/348/74 192/349/74 158/350/74 
f 158/350/74 157/351/74 191/348/74 
f 192/352/157 189/353/157 155/354/157 
f 155/354/158 158/355/158 192/352/158 
f 194/356/152 193/357/152 165/358/152 
f 165/358/152 164/359/152 194/356/152 
f 193/360/159 195/361/159 166/362/159 
f 166/362/160 165/363/160 193/360/160 
f 195/364/74 196/365/74 167/366/74 
f 167/366/74 166/367/74 195/364/74 
f 196/368/156 194/369/156 164/370/156 
f 164/370/155 167/371/155 196/368/155 
f 197/372/152 198/373/152 171/374/152 
f 171/374/152 170/375/152 197/372/152 
f 198/376/159 199/377/159 172/378/159 
f 172/378/160 171/379/160 198/376/160 
f 199/380/74 200/381/74 173/382/74 
f 173/382/74 172/383/74 199/380/74 
f 200/384/156 197/385/156 170/386/156 
f 170/386/155 173/387/155 200/384/155 
usemtl Windows_Bottom_Left
f 201/388/116 202/389/116 203/390/116 
f 203/390/116 204/391/116 201/388/116 
f 205/392/116 206/389/116 207/390/116 
f 207/390/116 208/393/116 205/392/116 
f 209/388/161 210/394/161 211/395/161 
f 211/395/116 212/396/116 209/388/116 
f 213/397/116 214/398/116 215/399/116 
f 215/399/116 216/400/116 213/397/116 
f 217/388/116 218/401/116 219/402/116 
f 219/402/116 220/393/116 217/388/116 
usemtl Wall_White
f 221/403/162 222/404/162 223/405/162 
f 223/405/162 224/406/162 221/403/162 
f 225/407/58 226/408/58 227/409/58 
f 227/409/163 228/410/163 225/407/163 
f 229/411/164 230/412/164 222/404/164 
f 222/404/162 221/403/162 229/411/162 
f 228/410/164 227/409/164 230/412/164 
f 230/412/164 229/411/164 228/410/164 
f 224/406/162 223/405/162 231/413/162 
f 231/413/164 232/414/164 224/406/164 
usemtl Wall_Cream
f 233/415/116 234/416/116 235/417/116 
f 235/417/116 236/418/116 233/415/116 
f 233/415/116 236/418/116 237/419/116 
f 237/419/116 238/420/116 233/415/116 
f 238/420/165 237/419/165 239/421/165 
f 239/421/165 240/422/165 238/420/165 
f 234/416/166 240/422/166 239/421/166 
f 239/421/161 235/417/161 234/416/161 
f 241/423/167 242/424/167 77/116/167 
f 77/116/167 78/119/167 241/423/167 
f 241/423/116 78/119/116 243/425/116 
f 243/425/116 244/426/116 241/423/116 
f 244/426/165 243/425/165 245/427/165 
f 245/427/161 246/428/161 244/426/161 
f 242/424/116 246/428/116 245/427/116 
f 245/427/166 77/116/166 242/424/166 
f 247/429/116 248/430/116 249/431/116 
f 249/431/116 250/432/116 247/429/116 
f 247/429/161 250/432/161 236/418/161 
f 236/418/116 251/433/116 247/429/116 
f 251/433/116 236/418/116 235/417/116 
f 235/417/116 252/434/116 251/433/116 
f 248/430/161 252/434/161 235/417/161 
f 235/417/116 249/431/116 248/430/116 
f 253/435/161 254/436/161 245/427/161 
f 245/427/167 243/425/167 253/435/167 
f 243/425/116 250/432/116 255/437/116 
f 255/437/116 253/435/116 243/425/116 
f 255/437/116 250/432/116 249/431/116 
f 249/431/116 256/438/116 255/437/116 
f 249/431/116 245/427/116 254/436/116 
f 254/436/161 256/438/161 249/431/161 
f 257/439/116 258/440/116 239/421/116 
f 239/421/116 237/419/116 257/439/116 
f 259/441/116 257/439/116 237/419/116 
f 237/419/116 260/442/116 259/441/116 
f 259/441/116 260/442/116 261/443/116 
f 261/443/116 262/444/116 259/441/116 
f 262/444/161 261/443/161 239/421/161 
f 239/421/161 258/440/161 262/444/161 
f 234/445/154 233/446/154 202/447/154 
f 202/447/154 201/448/154 234/445/154 
f 233/449/168 238/450/168 203/451/168 
f 203/451/168 202/452/168 233/449/168 
f 238/453/158 240/454/158 204/455/158 
f 204/455/158 203/456/158 238/453/158 
f 240/457/169 234/458/169 201/459/169 
f 201/459/169 204/460/169 240/457/169 
f 242/461/154 241/462/154 206/463/154 
f 206/463/154 205/464/154 242/461/154 
f 241/465/168 244/466/168 207/467/168 
f 207/467/168 206/468/168 241/465/168 
f 244/469/170 246/470/170 208/471/170 
f 208/471/171 207/472/171 244/469/171 
f 246/473/169 242/474/169 205/475/169 
f 205/475/169 208/476/169 246/473/169 
f 248/477/172 247/478/172 210/479/172 
f 210/479/172 209/480/172 248/477/172 
f 247/481/168 251/482/168 211/483/168 
f 211/483/168 210/484/168 247/481/168 
f 251/485/173 252/486/173 212/487/173 
f 212/487/173 211/488/173 251/485/173 
f 252/489/169 248/490/169 209/491/169 
f 209/491/169 212/492/169 252/489/169 
f 254/493/172 253/494/172 214/495/172 
f 214/495/172 213/496/172 254/493/172 
f 253/497/168 255/498/168 215/499/168 
f 215/499/168 214/500/168 253/497/168 
f 255/501/158 256/502/158 216/503/158 
f 216/503/158 215/504/158 255/501/158 
f 256/505/169 254/506/169 213/507/169 
f 213/507/169 216/508/169 256/505/169 
f 258/509/172 257/510/172 218/511/172 
f 218/511/172 217/512/172 258/509/172 
f 257/513/168 259/514/168 219/515/168 
f 219/515/168 218/516/168 257/513/168 
f 259/517/158 262/518/158 220/519/158 
f 220/519/158 219/520/158 259/517/158 
f 262/521/169 258/522/169 217/523/169 
f 217/523/169 220/524/169 262/521/169 
usemtl Wall_White
f 140/525/174 139/526/174 221/527/174 
f 221/527/175 224/528/175 140/525/175 
f 139/526/174 169/529/174 229/530/174 
f 229/530/174 221/527/174 139/526/174 
f 169/529/174 160/531/174 228/532/174 
f 228/532/174 229/530/174 169/529/174 
f 160/531/176 79/533/176 225/534/176 
f 225/534/177 228/532/177 160/531/177 
f 225/535/156 79/536/156 77/537/156 
f 77/537/156 226/538/156 225/535/156 
f 77/539/178 245/540/178 227/541/178 
f 227/541/179 226/542/179 77/539/179 
f 245/540/178 249/543/178 230/544/178 
f 230/544/178 227/541/178 245/540/178 
f 249/543/178 235/545/178 222/546/178 
f 222/546/178 230/544/178 249/543/178 
f 235/545/178 239/547/178 223/548/178 
f 223/548/178 222/546/178 235/545/178 
f 239/547/178 261/549/178 231/550/178 
f 231/550/178 223/548/178 239/547/178 
f 231/551/180 261/552/180 174/553/180 
f 174/553/181 232/554/181 231/551/181 
f 174/555/175 140/525/175 224/528/175 
f 224/528/174 232/556/174 174/555/174 
f 184/291/182 263/557/182 264/558/182 
f 264/558/183 183/290/183 184/291/183 
usemtl Wall_Cream
f 179/286/184 265/559/184 4/4/184 
f 4/4/185 3/3/185 179/286/185 
f 182/289/186 120/208/186 265/559/186 
f 265/559/187 179/286/187 182/289/187 
f 24/560/188 23/561/188 266/562/188 
f 266/562/189 267/563/189 24/560/189 
usemtl Wall_White
f 268/564/190 176/565/190 18/566/190 
f 18/566/191 1/567/191 268/564/191 
f 269/568/192 268/569/192 1/570/192 
f 1/570/193 4/571/193 269/568/193 
f 265/572/194 270/573/194 178/574/194 
f 178/574/195 4/575/195 265/572/195 
f 177/576/196 269/577/196 4/575/196 
f 4/575/197 178/574/197 177/576/197 
f 265/578/198 120/579/198 271/580/198 
f 271/580/199 270/581/199 265/578/199 
f 263/582/200 120/583/200 266/584/200 
f 266/584/201 272/585/201 263/582/201 
f 272/585/202 264/586/202 263/582/202 
f 120/583/203 263/582/203 271/587/203 
f 273/588/204 272/589/204 266/590/204 
f 266/590/205 23/591/205 273/588/205 
f 273/592/206 23/593/206 22/594/206 
f 22/594/207 183/595/207 273/592/207 
f 22/26/208 18/25/208 176/596/208 
f 176/596/209 183/597/209 22/26/209 
f 176/283/210 268/598/210 269/599/210 
f 269/599/211 177/284/211 176/283/211 
f 264/558/212 272/600/212 273/601/212 
f 273/601/213 183/290/213 264/558/213 
f 178/602/214 270/603/214 175/604/214 
f 175/604/215 270/603/215 271/605/215 
f 271/605/216 184/606/216 175/604/216 
f 184/606/217 271/605/217 263/607/217 
usemtl Wall_Cream
f 11/11/218 117/203/218 119/206/218 
f 119/206/219 12/12/219 11/11/219 
f 11/207/220 266/562/220 120/208/220 
f 11/207/221 267/563/221 266/562/221 
f 274/608/116 13/13/116 261/443/116 
f 261/443/161 275/609/161 274/608/161 
f 13/13/116 12/12/116 174/281/116 
f 13/13/116 174/281/116 261/443/116 
f 10/610/169 13/611/169 15/612/169 
f 15/612/222 14/613/222 10/610/222 
f 13/614/172 274/615/172 16/616/172 
f 16/616/223 15/617/223 13/614/223 
f 276/618/224 10/619/224 14/620/224 
f 14/620/225 17/621/225 276/618/225 
f 275/609/116 261/443/116 260/442/116 
f 260/442/116 277/622/116 275/609/116 
f 267/623/226 11/11/226 278/624/226 
f 279/625/166 267/623/166 278/624/166 
usemtl Steps
f 280/626/116 281/627/116 282/628/116 
f 282/628/166 283/629/166 280/626/166 
f 16/630/168 274/631/168 276/632/168 
f 276/632/168 17/633/168 16/630/168 
f 279/634/159 278/635/159 283/636/159 
f 283/636/227 282/637/227 279/634/227 
f 278/638/228 276/632/228 283/639/228 
f 283/639/228 276/632/228 274/631/228 
f 274/631/229 280/640/229 283/639/229 
f 274/631/168 275/641/168 280/640/168 
f 275/642/230 277/643/230 281/644/230 
f 281/644/230 280/645/230 275/642/230 
usemtl Wall_Cream
f 278/624/231 11/11/231 10/10/231 
f 10/10/9 276/646/9 278/624/9 
usemtl Dark_Grey
f 284/647/232 285/648/232 286/649/232 
f 286/649/233 287/650/233 284/647/233 
usemtl Roof_Half_Round
f 288/651/234 289/652/234 290/653/234 
f 290/653/234 291/654/234 288/651/234 
f 292/655/235 293/656/235 294/657/235 
f 294/657/235 295/658/235 292/655/235 
f 296/659/236 297/660/236 298/661/236 
f 298/661/237 299/662/237 296/659/237 
f 293/663/238 300/664/238 301/665/238 
f 301/665/238 294/666/238 293/663/238 
f 289/652/239 292/655/239 295/658/239 
f 295/658/240 290/653/240 289/652/240 
f 299/667/241 288/651/241 291/654/241 
f 291/654/241 296/668/241 299/667/241 
f 297/660/242 302/669/242 303/670/242 
f 303/670/243 298/661/243 297/660/243 
f 304/671/244 305/672/244 301/665/244 
f 301/665/244 300/664/244 304/671/244 
usemtl Dark_Grey
f 306/673/245 307/674/245 308/675/245 
f 308/675/246 309/676/246 306/673/246 
usemtl Wall_Cream
f 285/677/247 284/678/247 310/679/247 
f 310/679/248 305/680/248 285/677/248 
usemtl Dark_Grey
f 305/681/249 304/682/249 286/683/249 
f 286/683/249 285/684/249 305/681/249 
f 286/685/250 304/686/250 311/687/250 
f 311/687/251 287/688/251 286/685/251 
f 311/689/252 310/690/252 284/691/252 
f 284/691/253 287/692/253 311/689/253 
usemtl Wall_Cream
f 306/693/254 302/694/254 312/695/254 
f 312/695/254 307/696/254 306/693/254 
usemtl Dark_Grey
f 312/697/255 313/698/255 308/699/255 
f 308/699/255 307/700/255 312/697/255 
f 309/701/256 308/702/256 313/703/256 
f 313/703/257 303/704/257 309/701/257 
f 303/705/258 302/706/258 306/707/258 
f 306/707/258 309/708/258 303/705/258 
f 292/709/259 289/710/259 314/711/259 
f 314/711/260 315/712/260 292/709/260 
f 289/710/261 288/713/261 316/714/261 
f 316/714/262 314/711/262 289/710/262 
f 288/713/263 299/715/263 317/716/263 
f 317/716/264 316/714/264 288/713/264 
f 299/715/265 298/717/265 318/718/265 
f 318/718/266 317/716/266 299/715/266 
f 318/718/267 298/717/267 303/704/267 
f 303/704/268 319/719/268 318/718/268 
f 320/720/269 321/721/269 304/686/269 
f 304/686/270 300/722/270 320/720/270 
f 300/722/271 293/723/271 322/724/271 
f 322/724/272 320/720/272 300/722/272 
f 293/723/273 292/709/273 315/712/273 
f 315/712/274 322/724/274 293/723/274 
usemtl Roof_Half_Round
f 323/725/275 315/726/275 314/727/275 
f 314/727/275 324/728/275 323/725/275 
f 324/728/276 314/727/276 316/729/276 
f 316/729/276 325/730/276 324/728/276 
f 325/730/277 316/729/277 317/731/277 
f 317/731/278 326/732/278 325/730/278 
f 317/733/279 318/734/279 327/735/279 
f 327/735/280 326/736/280 317/733/280 
f 318/734/281 319/737/281 328/738/281 
f 328/738/281 327/735/281 318/734/281 
f 329/739/282 330/740/282 321/741/282 
f 321/741/283 320/742/283 329/739/283 
f 329/739/284 320/742/284 322/743/284 
f 322/743/284 331/744/284 329/739/284 
f 331/745/285 322/746/285 315/726/285 
f 315/726/286 323/725/286 331/745/286 
usemtl Dark_Grey
f 321/747/287 330/748/287 310/690/287 
f 310/690/288 311/689/288 321/747/288 
f 304/686/289 321/721/289 311/687/289 
f 313/698/290 312/697/290 328/749/290 
f 328/749/291 319/750/291 313/698/291 
f 313/703/292 319/719/292 303/704/292 
f 332/751/159 333/752/159 334/753/159 
f 334/753/159 335/754/159 332/751/159 
f 336/755/156 337/756/156 338/757/156 
f 338/757/156 339/758/156 336/755/156 
f 332/759/169 335/760/169 337/761/169 
f 337/761/169 336/762/169 332/759/169 
f 335/763/293 334/764/293 338/765/293 
f 338/765/293 337/766/293 335/763/293 
f 334/767/168 333/768/168 339/769/168 
f 339/769/168 338/770/168 334/767/168 
f 333/771/294 332/772/294 336/773/294 
f 336/773/294 339/774/294 333/771/294 
f 340/775/295 341/776/295 342/777/295 
f 342/777/295 343/778/295 340/775/295 
f 341/779/294 340/780/294 344/781/294 
f 344/781/294 345/782/294 341/779/294 
f 346/783/296 345/784/296 344/785/296 
f 344/785/297 347/786/297 346/783/297 
f 346/787/298 347/788/298 343/789/298 
f 343/789/299 342/790/299 346/787/299 
f 348/791/300 340/775/300 343/778/300 
f 343/778/301 349/792/301 348/791/301 
f 340/780/302 348/793/302 350/794/302 
f 350/794/303 344/781/303 340/780/303 
f 347/786/304 344/785/304 350/795/304 
f 350/795/305 351/796/305 347/786/305 
f 347/788/306 351/797/306 349/798/306 
f 349/798/307 343/789/307 347/788/307 
f 348/791/308 349/792/308 352/799/308 
f 352/799/309 353/800/309 348/791/309 
f 348/801/310 353/802/310 354/803/310 
f 354/803/311 350/804/311 348/801/311 
f 355/805/312 351/796/312 350/795/312 
f 350/795/312 354/806/312 355/805/312 
f 351/807/313 355/808/313 352/809/313 
f 352/809/314 349/810/314 351/807/314 
f 353/800/315 352/799/315 356/811/315 
f 356/811/316 357/812/316 353/800/316 
f 353/802/317 357/813/317 358/814/317 
f 358/814/317 354/803/317 353/802/317 
f 359/815/318 355/805/318 354/806/318 
f 354/806/319 358/816/319 359/815/319 
f 355/808/320 359/817/320 356/818/320 
f 356/818/320 352/809/320 355/808/320 
f 360/819/321 361/820/321 356/811/321 
f 356/811/295 362/821/295 360/819/295 
f 356/811/322 361/820/322 357/812/322 
f 363/822/323 364/823/323 365/824/323 
f 365/824/324 358/816/324 363/822/324 
f 358/816/325 365/824/325 359/815/325 
f 359/825/326 365/826/326 362/827/326 
f 362/827/326 356/828/326 359/825/326 
f 360/819/327 362/821/327 366/829/327 
f 366/829/328 367/830/328 360/819/328 
f 360/831/329 367/832/329 368/833/329 
f 368/833/330 364/834/330 360/831/330 
f 369/835/331 365/824/331 364/823/331 
f 364/823/332 368/836/332 369/835/332 
f 365/837/333 369/838/333 366/839/333 
f 366/839/333 362/840/333 365/837/333 
f 367/830/334 366/829/334 370/841/334 
f 370/841/335 371/842/335 367/830/335 
f 367/832/336 371/843/336 372/844/336 
f 372/844/337 368/833/337 367/832/337 
f 373/845/338 369/835/338 368/836/338 
f 368/836/339 372/846/339 373/845/339 
f 369/838/340 373/847/340 370/848/340 
f 370/848/341 366/839/341 369/838/341 
f 374/849/322 371/842/322 370/841/322 
f 370/841/342 375/850/342 374/849/342 
f 371/851/343 374/852/343 376/853/343 
f 376/853/344 372/854/344 371/851/344 
f 373/845/345 372/846/345 376/855/345 
f 376/855/346 377/856/346 373/845/346 
f 373/857/347 377/858/347 375/859/347 
f 375/859/348 370/860/348 373/857/348 
f 378/861/349 374/849/349 375/850/349 
f 375/850/350 379/862/350 378/861/350 
f 374/852/351 378/863/351 380/864/351 
f 380/864/352 376/853/352 374/852/352 
f 377/856/346 376/855/346 380/865/346 
f 380/865/297 381/866/297 377/856/297 
f 377/858/353 381/867/353 379/868/353 
f 379/868/354 375/859/354 377/858/354 
f 382/869/355 379/862/355 383/870/355 
f 383/870/356 384/871/356 382/869/356 
f 379/862/357 382/869/357 378/861/357 
f 385/872/332 386/873/332 387/874/332 
f 387/874/332 380/865/332 385/872/332 
f 380/865/358 387/874/358 381/866/358 
f 381/875/359 387/876/359 383/877/359 
f 383/877/359 379/878/359 381/875/359 
f 388/879/360 384/871/360 383/870/360 
f 383/870/361 389/880/361 388/879/361 
f 384/881/362 388/882/362 390/883/362 
f 390/883/363 386/884/363 384/881/363 
f 387/874/332 386/873/332 390/885/332 
f 390/885/364 391/886/364 387/874/364 
f 387/887/365 391/888/365 389/889/365 
f 389/889/366 383/890/366 387/887/366 
f 392/891/367 388/879/367 389/880/367 
f 389/880/368 393/892/368 392/891/368 
f 388/882/369 392/893/369 394/894/369 
f 394/894/370 390/883/370 388/882/370 
f 391/886/173 390/885/173 394/895/173 
f 394/895/371 395/896/371 391/886/371 
f 391/888/372 395/897/372 393/898/372 
f 393/898/373 389/889/373 391/888/373 
f 392/891/335 393/892/335 396/899/335 
f 396/899/374 397/900/374 392/891/374 
f 392/901/375 397/902/375 398/903/375 
f 398/903/376 394/904/376 392/901/376 
f 399/905/377 395/896/377 394/895/377 
f 394/895/378 398/906/378 399/905/378 
f 395/907/379 399/908/379 396/909/379 
f 396/909/380 393/910/380 395/907/380 
f 400/911/381 397/900/381 396/899/381 
f 396/899/382 401/912/382 400/911/382 
f 397/902/383 400/913/383 402/914/383 
f 402/914/384 398/903/384 397/902/384 
f 399/905/385 398/906/385 402/915/385 
f 402/915/386 403/916/386 399/905/386 
f 399/908/387 403/917/387 401/918/387 
f 401/918/388 396/909/388 399/908/388 
f 400/911/389 401/912/389 404/919/389 
f 404/919/295 405/920/295 400/911/295 
f 400/921/390 405/922/390 406/923/390 
f 406/923/391 402/924/391 400/921/391 
f 407/925/297 403/916/297 402/915/297 
f 402/915/297 406/926/297 407/925/297 
f 403/927/294 407/928/294 404/929/294 
f 404/929/392 401/930/392 403/927/392 
f 345/931/168 346/932/168 342/933/168 
f 342/933/168 341/934/168 345/931/168 
f 408/935/393 409/936/393 410/937/393 
f 410/937/393 411/938/393 408/935/393 
f 412/939/394 358/814/394 357/813/394 
f 357/813/394 413/940/394 412/939/394 
f 413/941/395 357/812/395 361/820/395 
f 361/820/396 414/942/396 413/941/396 
f 414/943/397 361/944/397 363/945/397 
f 363/945/397 415/946/397 414/943/397 
f 415/947/398 363/822/398 358/816/398 
f 358/816/399 412/948/399 415/947/399 
f 404/929/400 407/928/400 416/949/400 
f 416/949/401 417/950/401 404/929/401 
f 382/951/402 414/952/402 415/953/402 
f 415/953/403 385/954/403 382/951/403 
f 385/872/296 415/947/296 418/955/296 
f 418/955/404 386/873/404 385/872/404 
f 386/884/405 418/956/405 419/957/405 
f 419/957/405 384/881/405 386/884/405 
f 384/871/406 419/958/406 414/942/406 
f 414/942/407 382/869/407 384/871/407 
f 420/959/408 421/960/408 422/961/408 
f 422/961/408 423/962/408 420/959/408 
f 417/963/409 410/964/409 409/965/409 
f 409/965/410 424/966/410 417/963/410 
f 424/967/411 409/968/411 408/969/411 
f 408/969/412 425/970/412 424/967/412 
f 425/971/413 408/972/413 411/973/413 
f 411/973/296 416/974/296 425/971/296 
f 416/949/414 411/975/414 410/976/414 
f 410/976/415 417/950/415 416/949/415 
f 413/977/416 422/978/416 421/979/416 
f 421/979/417 412/980/417 413/977/417 
f 412/948/418 421/981/418 420/982/418 
f 420/982/418 426/983/418 412/948/418 
f 426/984/419 420/985/419 423/986/419 
f 423/986/420 427/987/420 426/984/420 
f 427/988/421 423/989/421 422/990/421 
f 422/990/421 413/941/421 427/988/421 
f 425/991/422 426/992/422 427/993/422 
f 427/993/422 424/994/422 425/991/422 
f 424/966/423 427/988/423 419/958/423 
f 419/958/350 405/920/350 424/966/350 
f 405/995/424 419/996/424 418/997/424 
f 418/997/424 406/998/424 405/995/424 
f 406/926/404 418/955/404 426/983/404 
f 426/983/404 425/971/404 406/926/404 
f 360/999/425 364/1000/425 363/1001/425 
f 363/1001/426 361/1002/426 360/999/426 
f 378/1003/427 382/1004/427 385/1005/427 
f 385/1005/427 380/1006/427 378/1003/427 
f 404/919/428 417/963/428 424/966/428 
f 424/966/428 405/920/428 404/919/428 
f 406/926/296 425/971/296 416/974/296 
f 416/974/296 407/925/296 406/926/296 
f 414/942/406 419/958/406 427/988/406 
f 427/988/406 413/941/406 414/942/406 
f 412/948/296 426/983/296 418/955/296 
f 418/955/296 415/947/296 412/948/296 
f 428/1007/429 429/1008/429 430/1009/429 
f 430/1009/429 431/1010/429 428/1007/429 
f 429/1011/430 428/1012/430 432/1013/430 
f 432/1013/430 433/1014/430 429/1011/430 
f 434/1015/296 433/1016/296 432/1017/296 
f 432/1017/297 435/1018/297 434/1015/297 
f 434/1019/431 435/1020/431 431/1021/431 
f 431/1021/403 430/1022/403 434/1019/403 
f 436/1023/432 428/1007/432 431/1010/432 
f 431/1010/301 437/1024/301 436/1023/301 
f 428/1012/433 436/1025/433 438/1026/433 
f 438/1026/434 432/1013/434 428/1012/434 
f 435/1018/304 432/1017/304 438/1027/304 
f 438/1027/305 439/1028/305 435/1018/305 
f 435/1020/435 439/1029/435 437/1030/435 
f 437/1030/436 431/1021/436 435/1020/436 
f 436/1023/308 437/1024/308 440/1031/308 
f 440/1031/437 441/1032/437 436/1023/437 
f 436/1033/310 441/1034/310 442/1035/310 
f 442/1035/311 438/1036/311 436/1033/311 
f 443/1037/312 439/1028/312 438/1027/312 
f 438/1027/312 442/1038/312 443/1037/312 
f 439/1039/438 443/1040/438 440/1041/438 
f 440/1041/439 437/1042/439 439/1039/439 
f 441/1032/315 440/1031/315 444/1043/315 
f 444/1043/316 445/1044/316 441/1032/316 
f 441/1034/317 445/1045/317 446/1046/317 
f 446/1046/317 442/1035/317 441/1034/317 
f 447/1047/440 443/1037/440 442/1038/440 
f 442/1038/319 446/1048/319 447/1047/319 
f 443/1040/320 447/1049/320 444/1050/320 
f 444/1050/320 440/1041/320 443/1040/320 
f 448/1051/321 449/1052/321 444/1043/321 
f 444/1043/295 450/1053/295 448/1051/295 
f 444/1043/322 449/1052/322 445/1044/322 
f 451/1054/323 452/1055/323 453/1056/323 
f 453/1056/324 446/1048/324 451/1054/324 
f 446/1048/325 453/1056/325 447/1047/325 
f 447/1057/326 453/1058/326 450/1059/326 
f 450/1059/326 444/1060/326 447/1057/326 
f 448/1051/327 450/1053/327 454/1061/327 
f 454/1061/441 455/1062/441 448/1051/441 
f 448/1063/329 455/1064/329 456/1065/329 
f 456/1065/442 452/1066/442 448/1063/442 
f 457/1067/331 453/1056/331 452/1055/331 
f 452/1055/443 456/1068/443 457/1067/443 
f 453/1069/333 457/1070/333 454/1071/333 
f 454/1071/333 450/1072/333 453/1069/333 
f 455/1062/444 454/1061/444 458/1073/444 
f 458/1073/335 459/1074/335 455/1062/335 
f 455/1064/445 459/1075/445 460/1076/445 
f 460/1076/445 456/1065/445 455/1064/445 
f 461/1077/443 457/1067/443 456/1068/443 
f 456/1068/339 460/1078/339 461/1077/339 
f 457/1070/446 461/1079/446 458/1080/446 
f 458/1080/447 454/1071/447 457/1070/447 
f 462/1081/448 459/1074/448 458/1073/448 
f 458/1073/342 463/1082/342 462/1081/342 
f 459/1083/449 462/1084/449 464/1085/449 
f 464/1085/450 460/1086/450 459/1083/450 
f 461/1077/345 460/1078/345 464/1087/345 
f 464/1087/346 465/1088/346 461/1077/346 
f 461/1089/347 465/1090/347 463/1091/347 
f 463/1091/451 458/1092/451 461/1089/451 
f 466/1093/349 462/1081/349 463/1082/349 
f 463/1082/350 467/1094/350 466/1093/350 
f 462/1084/452 466/1095/452 468/1096/452 
f 468/1096/453 464/1085/453 462/1084/453 
f 465/1088/346 464/1087/346 468/1097/346 
f 468/1097/297 469/1098/297 465/1088/297 
f 465/1090/454 469/1099/454 467/1100/454 
f 467/1100/354 463/1091/354 465/1090/354 
f 470/1101/455 467/1094/455 471/1102/455 
f 471/1102/456 472/1103/456 470/1101/456 
f 467/1094/350 470/1101/350 466/1093/350 
f 473/1104/443 474/1105/443 475/1106/443 
f 475/1106/332 468/1097/332 473/1104/332 
f 468/1097/358 475/1106/358 469/1098/358 
f 469/1107/457 475/1108/457 471/1109/457 
f 471/1109/359 467/1110/359 469/1107/359 
f 476/1111/328 472/1103/328 471/1102/328 
f 471/1102/458 477/1112/458 476/1111/458 
f 472/1113/459 476/1114/459 478/1115/459 
f 478/1115/460 474/1116/460 472/1113/460 
f 475/1106/332 474/1105/332 478/1117/332 
f 478/1117/364 479/1118/364 475/1106/364 
f 475/1119/365 479/1120/365 477/1121/365 
f 477/1121/461 471/1122/461 475/1119/461 
f 480/1123/458 476/1111/458 477/1112/458 
f 477/1112/368 481/1124/368 480/1123/368 
f 476/1114/462 480/1125/462 482/1126/462 
f 482/1126/462 478/1115/462 476/1114/462 
f 479/1118/173 478/1117/173 482/1127/173 
f 482/1127/371 483/1128/371 479/1118/371 
f 479/1120/463 483/1129/463 481/1130/463 
f 481/1130/464 477/1121/464 479/1120/464 
f 480/1123/335 481/1124/335 484/1131/335 
f 484/1131/465 485/1132/465 480/1123/465 
f 480/1133/466 485/1134/466 486/1135/466 
f 486/1135/467 482/1136/467 480/1133/467 
f 487/1137/468 483/1128/468 482/1127/468 
f 482/1127/378 486/1138/378 487/1137/378 
f 483/1139/469 487/1140/469 484/1141/469 
f 484/1141/470 481/1142/470 483/1139/470 
f 488/1143/381 485/1132/381 484/1131/381 
f 484/1131/471 489/1144/471 488/1143/471 
f 485/1134/383 488/1145/383 490/1146/383 
f 490/1146/384 486/1135/384 485/1134/384 
f 487/1137/385 486/1138/385 490/1147/385 
f 490/1147/472 491/1148/472 487/1137/472 
f 487/1140/473 491/1149/473 489/1150/473 
f 489/1150/474 484/1141/474 487/1140/474 
f 488/1143/455 489/1144/455 492/1151/455 
f 492/1151/429 493/1152/429 488/1143/429 
f 488/1153/390 493/1154/390 494/1155/390 
f 494/1155/391 490/1156/391 488/1153/391 
f 495/1157/297 491/1148/297 490/1147/297 
f 490/1147/297 494/1158/297 495/1157/297 
f 491/1159/430 495/1160/430 492/1161/430 
f 492/1161/392 489/1162/392 491/1159/392 
f 433/1163/168 434/1164/168 430/1165/168 
f 430/1165/168 429/1166/168 433/1163/168 
f 496/1167/393 497/1168/393 498/1169/393 
f 498/1169/393 499/1170/393 496/1167/393 
f 500/1171/394 446/1046/394 445/1045/394 
f 445/1045/394 501/1172/394 500/1171/394 
f 501/1173/395 445/1044/395 449/1052/395 
f 449/1052/396 502/1174/396 501/1173/396 
f 502/1175/397 449/1176/397 451/1177/397 
f 451/1177/397 503/1178/397 502/1175/397 
f 503/1179/398 451/1054/398 446/1048/398 
f 446/1048/399 500/1180/399 503/1179/399 
f 492/1161/475 495/1160/475 504/1181/475 
f 504/1181/401 505/1182/401 492/1161/401 
f 470/1183/476 502/1184/476 503/1185/476 
f 503/1185/403 473/1186/403 470/1183/403 
f 473/1104/477 503/1179/477 506/1187/477 
f 506/1187/478 474/1105/478 473/1104/478 
f 474/1116/479 506/1188/479 507/1189/479 
f 507/1189/480 472/1113/480 474/1116/480 
f 472/1103/481 507/1190/481 502/1174/481 
f 502/1174/456 470/1101/456 472/1103/456 
f 508/1191/408 509/1192/408 510/1193/408 
f 510/1193/408 511/1194/408 508/1191/408 
f 505/1195/481 498/1196/481 497/1197/481 
f 497/1197/481 512/1198/481 505/1195/481 
f 512/1199/482 497/1200/482 496/1201/482 
f 496/1201/483 513/1202/483 512/1199/483 
f 513/1203/484 496/1204/484 499/1205/484 
f 499/1205/296 504/1206/296 513/1203/296 
f 504/1181/414 499/1207/414 498/1208/414 
f 498/1208/485 505/1182/485 504/1181/485 
f 501/1209/416 510/1210/416 509/1211/416 
f 509/1211/486 500/1212/486 501/1209/486 
f 500/1180/418 509/1213/418 508/1214/418 
f 508/1214/487 514/1215/487 500/1180/487 
f 514/1216/488 508/1217/488 511/1218/488 
f 511/1218/489 515/1219/489 514/1216/489 
f 515/1220/421 511/1221/421 510/1222/421 
f 510/1222/490 501/1173/490 515/1220/490 
f 513/1223/422 514/1224/422 515/1225/422 
f 515/1225/422 512/1226/422 513/1223/422 
f 512/1198/423 515/1220/423 507/1190/423 
f 507/1190/350 493/1152/350 512/1198/350 
f 493/1227/424 507/1228/424 506/1229/424 
f 506/1229/424 494/1230/424 493/1227/424 
f 494/1158/156 506/1187/156 514/1215/156 
f 514/1215/156 513/1203/156 494/1158/156 
f 448/1231/425 452/1232/425 451/1233/425 
f 451/1233/426 449/1234/426 448/1231/426 
f 466/1235/427 470/1236/427 473/1237/427 
f 473/1237/427 468/1238/427 466/1235/427 
f 492/1151/491 505/1195/491 512/1198/491 
f 512/1198/491 493/1152/491 492/1151/491 
f 494/1158/296 513/1203/296 504/1206/296 
f 504/1206/296 495/1157/296 494/1158/296 
f 502/1174/481 507/1190/481 515/1220/481 
f 515/1220/481 501/1173/481 502/1174/481 
f 500/1180/477 514/1215/477 506/1187/477 
f 506/1187/477 503/1179/477 500/1180/477 
usemtl Wall_Cream
f 516/1239/169 517/1240/169 40/1241/169 
f 40/1241/169 39/1242/169 516/1239/169 
usemtl Wall_Brick
f 517/1243/15 518/1244/15 42/1245/15 
f 42/1245/15 40/1246/15 517/1243/15 
f 519/1247/492 20/1248/492 19/1249/492 
f 19/1249/493 516/1250/493 519/1247/493 
usemtl Wall_Cream
f 19/24/494 21/23/494 517/1240/494 
f 517/1240/495 516/1239/495 19/24/495 
usemtl Wall_Brick
f 21/31/15 25/29/15 518/1244/15 
f 518/1244/15 517/1243/15 21/31/15 
usemtl Gates
f 520/1251/496 521/1252/496 522/1253/496 
f 522/1253/496 523/1254/496 520/1251/496 
f 524/1255/497 525/1256/497 526/1257/497 
f 526/1257/497 527/1258/497 524/1255/497 
usemtl Dark_Grey
f 528/1259/168 529/1260/168 530/1261/168 
f 530/1261/168 531/1262/168 528/1259/168 
f 532/1263/168 529/1260/168 528/1259/168 
f 528/1259/168 533/1264/168 532/1263/168 
f 532/1263/168 534/1265/168 529/1260/168 
f 535/1266/168 530/1261/168 529/1260/168 
usemtl Wall_White
f 536/1267/498 537/1268/498 538/1269/498 
f 538/1269/498 539/1270/498 536/1267/498 
f 537/1271/499 540/1272/499 541/1273/499 
f 541/1273/499 538/1274/499 537/1271/499 
f 540/1275/500 542/1276/500 543/1277/500 
f 543/1277/500 541/1278/500 540/1275/500 
f 542/1279/501 536/1280/501 539/1281/501 
f 539/1281/501 543/1282/501 542/1279/501 
f 539/1283/168 544/1284/168 545/1285/168 
f 538/1286/168 546/1287/168 547/1288/168 
f 541/1289/168 548/1290/168 549/1291/168 
f 543/1292/168 550/1293/168 551/1294/168 
f 545/1295/502 544/1296/502 552/1297/502 
f 552/1297/502 553/1298/502 545/1295/502 
f 544/1299/503 547/1300/503 554/1301/503 
f 554/1301/503 552/1302/503 544/1299/503 
f 547/1300/504 546/1303/504 555/1304/504 
f 555/1304/504 554/1301/504 547/1300/504 
f 546/1305/505 549/1306/505 556/1307/505 
f 556/1307/505 555/1308/505 546/1305/505 
f 549/1306/506 548/1309/506 557/1310/506 
f 557/1310/506 556/1307/506 549/1306/506 
f 548/1311/507 551/1312/507 558/1313/507 
f 558/1313/507 557/1314/507 548/1311/507 
f 551/1312/508 550/1315/508 559/1316/508 
f 559/1316/508 558/1313/508 551/1312/508 
f 550/1317/509 545/1295/509 553/1298/509 
f 553/1298/509 559/1318/509 550/1317/509 
f 539/1283/168 538/1286/168 544/1284/168 
f 538/1286/168 541/1289/168 546/1287/168 
f 541/1289/168 543/1292/168 548/1290/168 
f 543/1292/168 539/1283/168 550/1293/168 
f 538/1286/168 547/1288/168 544/1284/168 
f 541/1289/168 549/1291/168 546/1287/168 
f 543/1292/168 551/1294/168 548/1290/168 
f 539/1283/168 545/1285/168 550/1293/168 
f 560/1319/168 553/1320/168 552/1321/168 
f 552/1321/168 561/1322/168 560/1319/168 
f 561/1322/168 552/1321/168 554/1323/168 
f 554/1323/168 562/1324/168 561/1322/168 
f 562/1324/168 554/1323/168 555/1325/168 
f 555/1325/168 563/1326/168 562/1324/168 
f 563/1326/168 555/1325/168 556/1327/168 
f 556/1327/168 564/1328/168 563/1326/168 
f 564/1328/168 556/1327/168 557/1329/168 
f 557/1329/168 565/1330/168 564/1328/168 
f 565/1330/168 557/1329/168 558/1331/168 
f 558/1331/168 566/1332/168 565/1330/168 
f 566/1332/168 558/1331/168 559/1333/168 
f 559/1333/168 567/1334/168 566/1332/168 
f 567/1334/168 559/1333/168 553/1320/168 
f 553/1320/168 560/1319/168 567/1334/168 
usemtl Dark_Grey
f 535/1335/510 560/1336/510 561/1337/510 
f 561/1337/510 530/1338/510 535/1335/510 
f 530/1339/511 561/1340/511 562/1341/511 
f 562/1341/511 531/1342/511 530/1339/511 
f 531/1342/512 562/1341/512 563/1343/512 
f 563/1343/512 528/1344/512 531/1342/512 
f 528/1345/513 563/1346/513 564/1347/513 
f 564/1347/513 533/1348/513 528/1345/513 
f 533/1348/514 564/1347/514 565/1349/514 
f 565/1349/514 532/1350/514 533/1348/514 
f 532/1351/515 565/1352/515 566/1353/515 
f 566/1353/515 534/1354/515 532/1351/515 
f 534/1354/516 566/1353/516 567/1355/516 
f 567/1355/516 529/1356/516 534/1354/516 
f 529/1357/517 567/1358/517 560/1336/517 
f 560/1336/517 535/1335/517 529/1357/517 
f 568/1359/518 569/1360/518 570/1361/518 
f 570/1361/519 571/1362/519 568/1359/519 
usemtl Roof_Half_Round
f 572/1363/520 573/1364/520 574/1365/520 
f 574/1365/520 575/1366/520 572/1363/520 
f 576/1367/521 577/1368/521 578/1369/521 
f 578/1369/521 579/1370/521 576/1367/521 
f 580/1371/522 581/1372/522 582/1373/522 
f 582/1373/522 583/1374/522 580/1371/522 
f 577/1375/523 584/1376/523 585/1377/523 
f 585/1377/524 578/1378/524 577/1375/524 
f 573/1364/525 576/1367/525 579/1370/525 
f 579/1370/525 574/1365/525 573/1364/525 
f 583/1379/526 572/1363/526 575/1366/526 
f 575/1366/526 580/1380/526 583/1379/526 
f 581/1372/527 586/1381/527 587/1382/527 
f 587/1382/528 582/1373/528 581/1372/528 
f 588/1383/519 589/1384/519 585/1377/519 
f 585/1377/519 584/1376/519 588/1383/519 
usemtl Dark_Grey
f 590/1385/529 591/1386/529 592/1387/529 
f 592/1387/529 593/1388/529 590/1385/529 
usemtl Wall_Cream
f 569/1389/530 568/1390/530 594/1391/530 
f 594/1391/530 589/1392/530 569/1389/530 
usemtl Dark_Grey
f 589/1393/531 588/1394/531 570/1395/531 
f 570/1395/531 569/1396/531 589/1393/531 
f 570/1397/532 588/1398/532 595/1399/532 
f 595/1399/532 571/1400/532 570/1397/532 
f 595/1401/533 594/1402/533 568/1403/533 
f 568/1403/533 571/1404/533 595/1401/533 
usemtl Wall_Cream
f 590/1405/534 586/1406/534 596/1407/534 
f 596/1407/535 591/1408/535 590/1405/535 
usemtl Dark_Grey
f 596/1409/536 597/1410/536 592/1411/536 
f 592/1411/536 591/1412/536 596/1409/536 
f 593/1413/537 592/1414/537 597/1415/537 
f 597/1415/538 587/1416/538 593/1413/538 
f 587/1417/539 586/1418/539 590/1419/539 
f 590/1419/539 593/1420/539 587/1417/539 
f 576/1421/540 573/1422/540 598/1423/540 
f 598/1423/541 599/1424/541 576/1421/541 
f 573/1422/542 572/1425/542 600/1426/542 
f 600/1426/543 598/1423/543 573/1422/543 
f 572/1425/544 583/1427/544 601/1428/544 
f 601/1428/545 600/1426/545 572/1425/545 
f 583/1427/546 582/1429/546 602/1430/546 
f 602/1430/547 601/1428/547 583/1427/547 
f 602/1430/548 582/1429/548 587/1416/548 
f 587/1416/549 603/1431/549 602/1430/549 
f 604/1432/550 605/1433/550 588/1398/550 
f 588/1398/551 584/1434/551 604/1432/551 
f 584/1434/552 577/1435/552 606/1436/552 
f 606/1436/553 604/1432/553 584/1434/553 
f 577/1435/554 576/1421/554 599/1424/554 
f 599/1424/555 606/1436/555 577/1435/555 
usemtl Roof_Half_Round
f 607/1437/556 599/1438/556 598/1439/556 
f 598/1439/556 608/1440/556 607/1437/556 
f 608/1440/557 598/1439/557 600/1441/557 
f 600/1441/557 609/1442/557 608/1440/557 
f 609/1442/558 600/1441/558 601/1443/558 
f 601/1443/559 610/1444/559 609/1442/559 
f 601/1445/560 602/1446/560 611/1447/560 
f 611/1447/560 610/1448/560 601/1445/560 
f 602/1446/561 603/1449/561 612/1450/561 
f 612/1450/562 611/1447/562 602/1446/562 
f 613/1451/563 614/1452/563 605/1453/563 
f 605/1453/563 604/1454/563 613/1451/563 
f 613/1451/564 604/1454/564 606/1455/564 
f 606/1455/564 615/1456/564 613/1451/564 
f 615/1457/565 606/1458/565 599/1438/565 
f 599/1438/565 607/1437/565 615/1457/565 
usemtl Dark_Grey
f 605/1459/566 614/1460/566 594/1402/566 
f 594/1402/567 595/1401/567 605/1459/567 
f 588/1398/568 605/1433/568 595/1399/568 
f 597/1410/569 596/1409/569 612/1461/569 
f 612/1461/570 603/1462/570 597/1410/570 
f 597/1415/571 603/1431/571 587/1416/571 
f 616/1463/572 617/1464/572 618/1465/572 
f 618/1465/572 619/1466/572 616/1463/572 
f 620/1467/573 621/1468/573 622/1469/573 
f 622/1469/573 623/1470/573 620/1467/573 
f 616/1471/169 619/1472/169 621/1473/169 
f 621/1473/169 620/1474/169 616/1471/169 
f 619/1475/574 618/1476/574 622/1477/574 
f 622/1477/574 621/1478/574 619/1475/574 
f 618/1479/168 617/1480/168 623/1481/168 
f 623/1481/168 622/1482/168 618/1479/168 
f 617/1483/575 616/1484/575 620/1485/575 
f 620/1485/575 623/1486/575 617/1483/575 
f 624/1487/576 625/1488/576 626/1489/576 
f 626/1489/576 627/1490/576 624/1487/576 
f 625/1491/577 624/1492/577 628/1493/577 
f 628/1493/577 629/1494/577 625/1491/577 
f 630/1495/578 629/1496/578 628/1497/578 
f 628/1497/578 631/1498/578 630/1495/578 
f 630/1499/579 631/1500/579 627/1501/579 
f 627/1501/579 626/1502/579 630/1499/579 
f 632/1503/580 624/1487/580 627/1490/580 
f 627/1490/581 633/1504/581 632/1503/581 
f 624/1492/582 632/1505/582 634/1506/582 
f 634/1506/583 628/1493/583 624/1492/583 
f 631/1498/584 628/1497/584 634/1507/584 
f 634/1507/585 635/1508/585 631/1498/585 
f 631/1500/586 635/1509/586 633/1510/586 
f 633/1510/586 627/1501/586 631/1500/586 
f 632/1503/581 633/1504/581 636/1511/581 
f 636/1511/587 637/1512/587 632/1503/587 
f 632/1513/588 637/1514/588 638/1515/588 
f 638/1515/588 634/1516/588 632/1513/588 
f 639/1517/585 635/1508/585 634/1507/585 
f 634/1507/589 638/1518/589 639/1517/589 
f 635/1519/590 639/1520/590 636/1521/590 
f 636/1521/590 633/1522/590 635/1519/590 
f 637/1512/591 636/1511/591 640/1523/591 
f 640/1523/592 641/1524/592 637/1512/592 
f 637/1514/593 641/1525/593 642/1526/593 
f 642/1526/593 638/1515/593 637/1514/593 
f 643/1527/594 639/1517/594 638/1518/594 
f 638/1518/595 642/1528/595 643/1527/595 
f 639/1520/596 643/1529/596 640/1530/596 
f 640/1530/596 636/1521/596 639/1520/596 
f 644/1531/597 645/1532/597 640/1523/597 
f 640/1523/598 646/1533/598 644/1531/598 
f 640/1523/599 645/1532/599 641/1524/599 
f 647/1534/600 648/1535/600 649/1536/600 
f 649/1536/601 642/1528/601 647/1534/601 
f 642/1528/602 649/1536/602 643/1527/602 
f 643/1537/579 649/1538/579 646/1539/579 
f 646/1539/579 640/1540/579 643/1537/579 
f 644/1531/603 646/1533/603 650/1541/603 
f 650/1541/604 651/1542/604 644/1531/604 
f 644/1543/605 651/1544/605 652/1545/605 
f 652/1545/606 648/1546/606 644/1543/606 
f 653/1547/607 649/1536/607 648/1535/607 
f 648/1535/608 652/1548/608 653/1547/608 
f 649/1549/609 653/1550/609 650/1551/609 
f 650/1551/609 646/1552/609 649/1549/609 
f 651/1542/604 650/1541/604 654/1553/604 
f 654/1553/610 655/1554/610 651/1542/610 
f 651/1544/611 655/1555/611 656/1556/611 
f 656/1556/611 652/1545/611 651/1544/611 
f 657/1557/612 653/1547/612 652/1548/612 
f 652/1548/613 656/1558/613 657/1557/613 
f 653/1550/614 657/1559/614 654/1560/614 
f 654/1560/614 650/1551/614 653/1550/614 
f 658/1561/615 655/1554/615 654/1553/615 
f 654/1553/581 659/1562/581 658/1561/581 
f 655/1563/616 658/1564/616 660/1565/616 
f 660/1565/616 656/1566/616 655/1563/616 
f 657/1557/617 656/1558/617 660/1567/617 
f 660/1567/585 661/1568/585 657/1557/585 
f 657/1569/618 661/1570/618 659/1571/618 
f 659/1571/618 654/1572/618 657/1569/618 
f 662/1573/619 658/1561/619 659/1562/619 
f 659/1562/576 663/1574/576 662/1573/576 
f 658/1564/620 662/1575/620 664/1576/620 
f 664/1576/620 660/1565/620 658/1564/620 
f 661/1568/621 660/1567/621 664/1577/621 
f 664/1577/622 665/1578/622 661/1568/622 
f 661/1570/623 665/1579/623 663/1580/623 
f 663/1580/623 659/1571/623 661/1570/623 
f 666/1581/624 663/1574/624 667/1582/624 
f 667/1582/625 668/1583/625 666/1581/625 
f 663/1574/626 666/1581/626 662/1573/626 
f 669/1584/627 670/1585/627 671/1586/627 
f 671/1586/628 664/1577/628 669/1584/628 
f 664/1577/629 671/1586/629 665/1578/629 
f 665/1587/630 671/1588/630 667/1589/630 
f 667/1589/630 663/1590/630 665/1587/630 
f 672/1591/631 668/1583/631 667/1582/631 
f 667/1582/632 673/1592/632 672/1591/632 
f 668/1593/633 672/1594/633 674/1595/633 
f 674/1595/634 670/1596/634 668/1593/634 
f 671/1586/635 670/1585/635 674/1597/635 
f 674/1597/573 675/1598/573 671/1586/573 
f 671/1599/636 675/1600/636 673/1601/636 
f 673/1601/636 667/1602/636 671/1599/636 
f 676/1603/637 672/1591/637 673/1592/637 
f 673/1592/638 677/1604/638 676/1603/638 
f 672/1594/639 676/1605/639 678/1606/639 
f 678/1606/640 674/1595/640 672/1594/640 
f 675/1598/641 674/1597/641 678/1607/641 
f 678/1607/642 679/1608/642 675/1598/642 
f 675/1600/643 679/1609/643 677/1610/643 
f 677/1610/644 673/1601/644 675/1600/644 
f 676/1603/645 677/1604/645 680/1611/645 
f 680/1611/604 681/1612/604 676/1603/604 
f 676/1613/646 681/1614/646 682/1615/646 
f 682/1615/646 678/1616/646 676/1613/646 
f 683/1617/647 679/1608/647 678/1607/647 
f 678/1607/612 682/1618/612 683/1617/612 
f 679/1619/648 683/1620/648 680/1621/648 
f 680/1621/649 677/1622/649 679/1619/649 
f 684/1623/650 681/1612/650 680/1611/650 
f 680/1611/651 685/1624/651 684/1623/651 
f 681/1614/652 684/1625/652 686/1626/652 
f 686/1626/653 682/1615/653 681/1614/653 
f 683/1617/654 682/1618/654 686/1627/654 
f 686/1627/628 687/1628/628 683/1617/628 
f 683/1620/655 687/1629/655 685/1630/655 
f 685/1630/655 680/1621/655 683/1620/655 
f 684/1623/656 685/1624/656 688/1631/656 
f 688/1631/624 689/1632/624 684/1623/624 
f 684/1633/657 689/1634/657 690/1635/657 
f 690/1635/658 686/1636/658 684/1633/658 
f 691/1637/628 687/1628/628 686/1627/628 
f 686/1627/659 690/1638/659 691/1637/659 
f 687/1639/660 691/1640/660 688/1641/660 
f 688/1641/660 685/1642/660 687/1639/660 
f 629/1643/168 630/1644/168 626/1645/168 
f 626/1645/168 625/1646/168 629/1643/168 
f 692/1647/661 693/1648/661 694/1649/661 
f 694/1649/661 695/1650/661 692/1647/661 
f 696/1651/662 642/1526/662 641/1525/662 
f 641/1525/662 697/1652/662 696/1651/662 
f 697/1653/663 641/1524/663 645/1532/663 
f 645/1532/591 698/1654/591 697/1653/591 
f 698/1655/664 645/1656/664 647/1657/664 
f 647/1657/664 699/1658/664 698/1655/664 
f 699/1659/665 647/1534/665 642/1528/665 
f 642/1528/666 696/1660/666 699/1659/666 
f 688/1641/660 691/1640/660 700/1661/660 
f 700/1661/667 701/1662/667 688/1641/667 
f 666/1663/579 698/1664/579 699/1665/579 
f 699/1665/579 669/1666/579 666/1663/579 
f 669/1584/578 699/1659/578 702/1667/578 
f 702/1667/627 670/1585/627 669/1584/627 
f 670/1596/668 702/1668/668 703/1669/668 
f 703/1669/669 668/1593/669 670/1596/669 
f 668/1583/670 703/1670/670 698/1654/670 
f 698/1654/671 666/1581/671 668/1583/671 
f 704/1671/672 705/1672/672 706/1673/672 
f 706/1673/672 707/1674/672 704/1671/672 
f 701/1675/673 694/1676/673 693/1677/673 
f 693/1677/673 708/1678/673 701/1675/673 
f 708/1679/674 693/1680/674 692/1681/674 
f 692/1681/674 709/1682/674 708/1679/674 
f 709/1683/675 692/1684/675 695/1685/675 
f 695/1685/675 700/1686/675 709/1683/675 
f 700/1661/676 695/1687/676 694/1688/676 
f 694/1688/676 701/1662/676 700/1661/676 
f 697/1689/677 706/1690/677 705/1691/677 
f 705/1691/678 696/1692/678 697/1689/678 
f 696/1660/629 705/1693/629 704/1694/629 
f 704/1694/679 710/1695/679 696/1660/679 
f 710/1696/680 704/1697/680 707/1698/680 
f 707/1698/680 711/1699/680 710/1696/680 
f 711/1700/624 707/1701/624 706/1702/624 
f 706/1702/681 697/1653/681 711/1700/681 
f 709/1703/682 710/1704/682 711/1705/682 
f 711/1705/682 708/1706/682 709/1703/682 
f 708/1678/626 711/1700/626 703/1670/626 
f 703/1670/683 689/1632/683 708/1678/683 
f 689/1707/684 703/1708/684 702/1709/684 
f 702/1709/684 690/1710/684 689/1707/684 
f 690/1638/685 702/1667/685 710/1695/685 
f 710/1695/685 709/1683/685 690/1638/685 
f 644/1711/686 648/1712/686 647/1713/686 
f 647/1713/687 645/1714/687 644/1711/687 
f 662/1715/688 666/1716/688 669/1717/688 
f 669/1717/688 664/1718/688 662/1715/688 
f 688/1631/603 701/1675/603 708/1678/603 
f 708/1678/603 689/1632/603 688/1631/603 
f 690/1638/689 709/1683/689 700/1686/689 
f 700/1686/659 691/1637/659 690/1638/659 
f 698/1654/626 703/1670/626 711/1700/626 
f 711/1700/626 697/1653/626 698/1654/626 
f 696/1660/690 710/1695/690 702/1667/690 
f 702/1667/691 699/1659/691 696/1660/691 
f 712/1719/670 713/1720/670 714/1721/670 
f 714/1721/670 715/1722/670 712/1719/670 
f 713/1723/660 712/1724/660 716/1725/660 
f 716/1725/660 717/1726/660 713/1723/660 
f 718/1727/628 717/1728/628 716/1729/628 
f 716/1729/628 719/1730/628 718/1727/628 
f 718/1731/579 719/1732/579 715/1733/579 
f 715/1733/579 714/1734/579 718/1731/579 
f 720/1735/692 712/1719/692 715/1722/692 
f 715/1722/693 721/1736/693 720/1735/693 
f 712/1724/694 720/1737/694 722/1738/694 
f 722/1738/695 716/1725/695 712/1724/695 
f 719/1730/696 716/1729/696 722/1739/696 
f 722/1739/697 723/1740/697 719/1730/697 
f 719/1732/698 723/1741/698 721/1742/698 
f 721/1742/698 715/1733/698 719/1732/698 
f 720/1735/581 721/1736/581 724/1743/581 
f 724/1743/699 725/1744/699 720/1735/699 
f 720/1745/700 725/1746/700 726/1747/700 
f 726/1747/701 722/1748/701 720/1745/701 
f 727/1749/702 723/1740/702 722/1739/702 
f 722/1739/703 726/1750/703 727/1749/703 
f 723/1751/590 727/1752/590 724/1753/590 
f 724/1753/590 721/1754/590 723/1751/590 
f 725/1744/704 724/1743/704 728/1755/704 
f 728/1755/581 729/1756/581 725/1744/581 
f 725/1746/593 729/1757/593 730/1758/593 
f 730/1758/593 726/1747/593 725/1746/593 
f 731/1759/705 727/1749/705 726/1750/705 
f 726/1750/608 730/1760/608 731/1759/608 
f 727/1752/596 731/1761/596 728/1762/596 
f 728/1762/596 724/1753/596 727/1752/596 
f 732/1763/706 733/1764/706 728/1755/706 
f 728/1755/707 734/1765/707 732/1763/707 
f 728/1755/708 733/1764/708 729/1756/708 
f 735/1766/709 736/1767/709 737/1768/709 
f 737/1768/710 730/1760/710 735/1766/710 
f 730/1760/627 737/1768/627 731/1759/627 
f 731/1769/579 737/1770/579 734/1771/579 
f 734/1771/579 728/1772/579 731/1769/579 
f 732/1763/711 734/1765/711 738/1773/711 
f 738/1773/631 739/1774/631 732/1763/631 
f 732/1775/605 739/1776/605 740/1777/605 
f 740/1777/605 736/1778/605 732/1775/605 
f 741/1779/712 737/1768/712 736/1767/712 
f 736/1767/713 740/1780/713 741/1779/713 
f 737/1781/714 741/1782/714 738/1783/714 
f 738/1783/609 734/1784/609 737/1781/609 
f 739/1774/604 738/1773/604 742/1785/604 
f 742/1785/581 743/1786/581 739/1774/581 
f 739/1776/611 743/1787/611 744/1788/611 
f 744/1788/611 740/1777/611 739/1776/611 
f 745/1789/715 741/1779/715 740/1780/715 
f 740/1780/585 744/1790/585 745/1789/585 
f 741/1782/614 745/1791/614 742/1792/614 
f 742/1792/716 738/1783/716 741/1782/716 
f 746/1793/619 743/1786/619 742/1785/619 
f 742/1785/619 747/1794/619 746/1793/619 
f 743/1795/616 746/1796/616 748/1797/616 
f 748/1797/616 744/1798/616 743/1795/616 
f 745/1789/621 744/1790/621 748/1799/621 
f 748/1799/621 749/1800/621 745/1789/621 
f 745/1801/717 749/1802/717 747/1803/717 
f 747/1803/717 742/1804/717 745/1801/717 
f 750/1805/619 746/1793/619 747/1794/619 
f 747/1794/576 751/1806/576 750/1805/576 
f 746/1796/620 750/1807/620 752/1808/620 
f 752/1808/620 748/1797/620 746/1796/620 
f 749/1800/621 748/1799/621 752/1809/621 
f 752/1809/622 753/1810/622 749/1800/622 
f 749/1802/623 753/1811/623 751/1812/623 
f 751/1812/623 747/1803/623 749/1802/623 
f 754/1813/624 751/1806/624 755/1814/624 
f 755/1814/625 756/1815/625 754/1813/625 
f 751/1806/626 754/1813/626 750/1805/626 
f 757/1816/627 758/1817/627 759/1818/627 
f 759/1818/628 752/1809/628 757/1816/628 
f 752/1809/629 759/1818/629 753/1810/629 
f 753/1819/630 759/1820/630 755/1821/630 
f 755/1821/630 751/1822/630 753/1819/630 
f 760/1823/718 756/1815/718 755/1814/718 
f 755/1814/581 761/1824/581 760/1823/581 
f 756/1825/634 760/1826/634 762/1827/634 
f 762/1827/634 758/1828/634 756/1825/634 
f 759/1818/635 758/1817/635 762/1829/635 
f 762/1829/585 763/1830/585 759/1818/585 
f 759/1831/719 763/1832/719 761/1833/719 
f 761/1833/719 755/1834/719 759/1831/719 
f 764/1835/576 760/1823/576 761/1824/576 
f 761/1824/619 765/1836/619 764/1835/619 
f 760/1826/720 764/1837/720 766/1838/720 
f 766/1838/720 762/1827/720 760/1826/720 
f 763/1830/622 762/1829/622 766/1839/622 
f 766/1839/621 767/1840/621 763/1830/621 
f 763/1832/721 767/1841/721 765/1842/721 
f 765/1842/721 761/1833/721 763/1832/721 
f 764/1835/722 765/1836/722 768/1843/722 
f 768/1843/604 769/1844/604 764/1835/604 
f 764/1845/646 769/1846/646 770/1847/646 
f 770/1847/646 766/1848/646 764/1845/646 
f 771/1849/647 767/1840/647 766/1839/647 
f 766/1839/612 770/1850/612 771/1849/612 
f 767/1851/648 771/1852/648 768/1853/648 
f 768/1853/648 765/1854/648 767/1851/648 
f 772/1855/723 769/1844/723 768/1843/723 
f 768/1843/615 773/1856/615 772/1855/615 
f 769/1846/724 772/1857/724 774/1858/724 
f 774/1858/724 770/1847/724 769/1846/724 
f 771/1849/725 770/1850/725 774/1859/725 
f 774/1859/617 775/1860/617 771/1849/617 
f 771/1852/655 775/1861/655 773/1862/655 
f 773/1862/655 768/1853/655 771/1852/655 
f 772/1855/670 773/1856/670 776/1863/670 
f 776/1863/576 777/1864/576 772/1855/576 
f 772/1865/657 777/1866/657 778/1867/657 
f 778/1867/657 774/1868/657 772/1865/657 
f 779/1869/726 775/1860/726 774/1859/726 
f 774/1859/622 778/1870/622 779/1869/622 
f 775/1871/660 779/1872/660 776/1873/660 
f 776/1873/660 773/1874/660 775/1871/660 
f 717/1875/168 718/1876/168 714/1877/168 
f 714/1877/168 713/1878/168 717/1875/168 
f 780/1879/661 781/1880/661 782/1881/661 
f 782/1881/661 783/1882/661 780/1879/661 
f 784/1883/662 730/1758/662 729/1757/662 
f 729/1757/662 785/1884/662 784/1883/662 
f 785/1885/592 729/1756/592 733/1764/592 
f 733/1764/727 786/1886/727 785/1885/727 
f 786/1887/664 733/1888/664 735/1889/664 
f 735/1889/664 787/1890/664 786/1887/664 
f 787/1891/710 735/1766/710 730/1760/710 
f 730/1760/666 784/1892/666 787/1891/666 
f 776/1873/728 779/1872/728 788/1893/728 
f 788/1893/728 789/1894/728 776/1873/728 
f 754/1895/579 786/1896/579 787/1897/579 
f 787/1897/579 757/1898/579 754/1895/579 
f 757/1816/578 787/1891/578 790/1899/578 
f 790/1899/627 758/1817/627 757/1816/627 
f 758/1828/669 790/1900/669 791/1901/669 
f 791/1901/669 756/1825/669 758/1828/669 
f 756/1815/729 791/1902/729 786/1886/729 
f 786/1886/671 754/1813/671 756/1815/671 
f 792/1903/672 793/1904/672 794/1905/672 
f 794/1905/672 795/1906/672 792/1903/672 
f 789/1907/730 782/1908/730 781/1909/730 
f 781/1909/731 796/1910/731 789/1907/731 
f 796/1911/674 781/1912/674 780/1913/674 
f 780/1913/732 797/1914/732 796/1911/732 
f 797/1915/733 780/1916/733 783/1917/733 
f 783/1917/733 788/1918/733 797/1915/733 
f 788/1893/734 783/1919/734 782/1920/734 
f 782/1920/734 789/1894/734 788/1893/734 
f 785/1921/735 794/1922/735 793/1923/735 
f 793/1923/735 784/1924/735 785/1921/735 
f 784/1892/733 793/1925/733 792/1926/733 
f 792/1926/736 798/1927/736 784/1892/736 
f 798/1928/737 792/1929/737 795/1930/737 
f 795/1930/680 799/1931/680 798/1928/680 
f 799/1932/624 795/1933/624 794/1934/624 
f 794/1934/738 785/1885/738 799/1932/738 
f 797/1935/682 798/1936/682 799/1937/682 
f 799/1937/682 796/1938/682 797/1935/682 
f 796/1910/739 799/1932/739 791/1902/739 
f 791/1902/739 777/1864/739 796/1910/739 
f 777/1939/684 791/1940/684 790/1941/684 
f 790/1941/684 778/1942/684 777/1939/684 
f 778/1870/685 790/1899/685 798/1927/685 
f 798/1927/589 797/1915/589 778/1870/589 
f 732/1943/740 736/1944/740 735/1945/740 
f 735/1945/740 733/1946/740 732/1943/740 
f 750/1947/688 754/1948/688 757/1949/688 
f 757/1949/688 752/1950/688 750/1947/688 
f 776/1863/741 789/1907/741 796/1910/741 
f 796/1910/603 777/1864/603 776/1863/603 
f 778/1870/733 797/1915/733 788/1918/733 
f 788/1918/742 779/1869/742 778/1870/742 
f 786/1886/743 791/1902/743 799/1932/743 
f 799/1932/744 785/1885/744 786/1886/744 
f 784/1892/690 798/1927/690 790/1899/690 
f 790/1899/691 787/1891/691 784/1892/691 
usemtl Windows_Bottom_Right
f 800/400/112 801/1951/112 802/1952/112 
f 802/1952/112 803/1953/112 800/400/112 
f 804/1954/112 805/1955/112 806/1956/112 
f 806/1956/112 807/1957/112 804/1954/112 
f 803/1953/112 802/1952/112 808/1958/112 
f 808/1958/112 809/1959/112 803/1953/112 
f 810/1960/112 811/1961/112 805/1955/112 
f 805/1955/112 804/1954/112 810/1960/112 
usemtl Wall_Cream
f 812/1962/112 813/1963/112 121/1964/112 
f 121/1964/112 54/1965/112 812/1962/112 
f 812/1962/112 54/1965/112 131/1966/112 
f 131/1966/745 814/1967/745 812/1962/745 
f 814/1967/112 131/1966/112 815/1968/112 
f 815/1968/112 816/1969/112 814/1967/112 
f 817/1970/112 816/1969/112 815/1968/112 
f 815/1968/112 818/1971/112 817/1970/112 
f 817/1970/112 818/1971/112 123/1972/112 
f 123/1972/745 819/1973/745 817/1970/745 
f 819/1973/112 123/1972/112 121/1964/112 
f 121/1964/112 813/1963/112 819/1973/112 
f 820/1974/745 131/1966/745 132/1975/745 
f 132/1975/745 821/1976/745 820/1974/745 
f 821/1976/112 132/1975/112 822/1977/112 
f 822/1977/112 823/1978/112 821/1976/112 
f 824/1979/112 823/1978/112 822/1977/112 
f 822/1977/112 825/1980/112 824/1979/112 
f 824/1979/112 825/1980/112 818/1971/112 
f 818/1971/112 826/1981/112 824/1979/112 
f 826/1981/746 818/1971/746 815/1968/746 
f 815/1968/746 827/1982/746 826/1981/746 
f 820/1974/746 827/1982/746 815/1968/746 
f 815/1968/746 131/1966/746 820/1974/746 
f 828/1983/112 47/1984/112 48/1985/112 
f 48/1985/112 829/1986/112 828/1983/112 
f 830/1987/112 829/1986/112 48/1985/112 
f 48/1985/112 49/1988/112 830/1987/112 
f 830/1987/112 49/1988/112 825/1980/112 
f 825/1980/112 831/1989/112 830/1987/112 
f 831/1989/746 825/1980/746 822/1977/746 
f 822/1977/746 832/1990/746 831/1989/746 
f 833/1991/746 832/1990/746 822/1977/746 
f 822/1977/746 132/1975/746 833/1991/746 
f 833/1991/745 132/1975/745 47/1984/745 
f 47/1984/745 828/1983/745 833/1991/745 
f 125/1992/747 820/1993/747 821/1994/747 
f 821/1994/747 126/1995/747 125/1992/747 
f 126/1996/748 821/1997/748 823/1998/748 
f 823/1998/748 127/1999/748 126/1996/748 
f 127/1999/748 823/1998/748 824/2000/748 
f 824/2000/748 129/2001/748 127/1999/748 
f 129/2002/168 824/2003/168 826/2004/168 
f 826/2004/168 130/2005/168 129/2002/168 
f 130/2006/749 826/2007/749 827/2008/749 
f 827/2008/749 128/2009/749 130/2006/749 
f 128/2009/749 827/2008/749 820/2010/749 
f 820/2010/749 125/2011/749 128/2009/749 
f 801/2012/748 828/2013/748 829/2014/748 
f 829/2014/748 802/2015/748 801/2012/748 
f 802/2015/748 829/2014/748 830/2016/748 
f 830/2016/750 808/2017/750 802/2015/750 
f 808/2018/751 830/2019/751 831/2020/751 
f 831/2020/751 809/2021/751 808/2018/751 
f 809/2022/749 831/2023/749 832/2024/749 
f 832/2024/749 803/2025/749 809/2022/749 
f 803/2025/749 832/2024/749 833/2026/749 
f 833/2026/749 800/2027/749 803/2025/749 
f 800/2028/169 833/2029/169 828/2030/169 
f 828/2030/169 801/2031/169 800/2028/169 
f 805/2032/752 813/2033/752 812/2034/752 
f 812/2034/752 806/2035/752 805/2032/752 
f 806/2036/169 812/2037/169 814/2038/169 
f 814/2038/169 807/2039/169 806/2036/169 
f 807/2040/748 814/2041/748 816/2042/748 
f 816/2042/748 804/2043/748 807/2040/748 
f 804/2043/748 816/2042/748 817/2044/748 
f 817/2044/748 810/2045/748 804/2043/748 
f 810/2046/751 817/2047/751 819/2048/751 
f 819/2048/751 811/2049/751 810/2046/751 
f 811/2050/752 819/2051/752 813/2033/752 
f 813/2033/752 805/2032/752 811/2050/752 
f 834/2052/31 835/2053/31 58/80/31 
f 58/80/31 57/79/31 834/2052/31 
f 836/2054/31 835/2053/31 834/2052/31 
usemtl Steps
f 837/2055/31 838/2056/31 839/2057/31 
f 839/2057/31 840/2058/31 837/2055/31 
f 838/2056/753 841/2059/753 842/2060/753 
f 842/2060/753 839/2057/753 838/2056/753 
usemtl Wall_Cream
f 843/2061/31 122/2062/31 844/2063/31 
f 844/2063/31 845/2064/31 843/2061/31 
usemtl Doors
f 846/2065/31 847/2066/31 848/2067/31 
f 848/2067/31 849/2068/31 846/2065/31 
usemtl Wall_Cream
f 834/2052/754 57/79/754 850/2069/754 
f 850/2069/754 851/2070/754 834/2052/754 
usemtl Steps
f 852/2071/753 853/2072/753 837/2055/753 
f 837/2055/753 840/2058/753 852/2071/753 
usemtl Wall_Cream
f 847/2073/169 850/2074/169 843/2075/169 
f 843/2075/169 848/2076/169 847/2073/169 
f 848/2077/755 843/2078/755 845/2079/755 
f 845/2079/756 849/2080/756 848/2077/756 
usemtl Steps
f 849/2081/168 845/2082/168 851/2083/168 
f 851/2083/168 846/2084/168 849/2081/168 
usemtl Wall_Cream
f 846/2085/757 851/2086/757 850/2087/757 
f 850/2087/757 847/2088/757 846/2085/757 
usemtl Steps
f 852/2089/758 844/2090/758 854/2091/758 
f 854/2091/758 853/2092/758 852/2089/758 
f 841/2093/756 836/2094/756 834/2095/756 
f 834/2095/756 842/2096/756 841/2093/756 
f 842/2097/168 834/2098/168 851/2083/168 
f 851/2083/168 839/2099/168 842/2097/168 
f 839/2099/168 851/2083/168 845/2082/168 
f 845/2082/168 840/2100/168 839/2099/168 
f 840/2100/168 845/2082/168 844/2101/168 
f 844/2101/168 852/2102/168 840/2100/168 
usemtl Wall_Cream
f 60/2103/759 59/2104/759 855/2105/759 
f 855/2105/759 856/2106/759 60/2103/759 
f 855/2107/760 59/2108/760 61/2109/760 
f 61/2109/761 857/2110/761 855/2107/761 
f 858/2111/762 63/2112/762 60/2113/762 
f 60/2113/762 856/2114/762 858/2111/762 
f 859/2115/763 81/125/763 66/124/763 
f 66/124/764 65/2116/764 859/2115/764 
f 858/2117/765 859/2115/765 65/2116/765 
f 65/2116/765 63/2118/765 858/2117/765 
f 855/2105/759 860/2119/759 861/2120/759 
f 861/2120/759 856/2106/759 855/2105/759 
f 860/2121/766 855/2107/766 857/2110/766 
f 857/2110/767 862/2122/767 860/2121/767 
f 863/2123/762 858/2111/762 856/2114/762 
f 856/2114/762 861/2124/762 863/2123/762 
f 859/2115/768 864/2125/768 81/125/768 
f 859/2115/765 858/2117/765 863/2126/765 
f 863/2126/765 864/2125/765 859/2115/765 
f 844/2063/31 122/2062/31 124/2127/31 
f 124/2127/31 854/2128/31 844/2063/31 
f 55/78/31 122/2062/31 843/2061/31 
f 55/78/769 850/2069/769 57/79/769 
f 55/78/31 843/2061/31 850/2069/31 
f 519/505/770 516/506/770 3/3/770 
f 3/3/771 5/5/771 519/505/771 
f 116/114/772 39/39/772 29/7/772 
f 29/7/773 102/98/773 116/114/773 
f 3/3/774 516/506/774 116/114/774 
f 516/506/775 39/1242/775 116/114/775 
usemtl Roof_RedTin
f 28/34/773 102/162/773 29/7/773 
usemtl Wall_Cream
f 70/110/776 67/126/776 82/127/776 
f 82/127/777 73/111/777 70/110/777 
usemtl Roof_LightGrey_Tin
f 68/93/778 67/92/778 70/104/778 
usemtl Wall_Cream
f 56/77/779 58/80/779 865/80/779 
f 865/80/779 866/77/779 56/77/779 
f 58/80/779 835/2053/779 867/2053/779 
f 867/2053/779 865/80/779 58/80/779 
f 56/83/780 868/83/780 61/84/780 
f 56/77/781 866/77/781 869/77/781 
f 869/77/781 868/77/781 56/77/781 
usemtl Roof_LightGrey_Tin
f 61/2129/782 868/2130/782 870/2131/782 
f 870/2131/783 871/2132/783 61/2129/783 
f 868/2133/784 872/2134/784 870/2135/784 
f 869/2136/785 873/2137/785 874/2138/785 
f 874/2138/786 868/2139/786 869/2136/786 
f 875/2140/787 876/2141/787 877/2142/787 
f 877/2142/788 878/2143/788 875/2140/788 
f 873/2137/789 869/2136/789 876/2141/789 
f 879/2144/790 873/2137/790 876/2141/790 
f 879/2144/791 876/2141/791 875/2140/791 
f 880/2145/792 881/2146/792 878/2143/792 
f 878/2143/793 877/2142/793 880/2145/793 
usemtl Wall_Cream
f 881/77/794 880/77/794 882/77/794 
f 882/77/795 883/77/795 881/77/795 
usemtl Roof_LightGrey_Tin
f 870/2131/796 884/2147/796 871/2132/796 
f 885/2148/797 886/2149/797 887/2150/797 
f 887/2150/798 888/2151/798 885/2148/798 
f 873/2137/799 879/2144/799 889/2152/799 
f 873/2137/800 889/2152/800 890/2153/800 
f 873/2137/801 890/2153/801 891/2154/801 
f 873/2137/801 891/2154/801 892/2155/801 
f 873/2137/801 892/2155/801 874/2138/801 
f 893/2156/802 894/2157/802 872/2158/802 
f 893/2156/803 872/2158/803 895/2159/803 
f 893/2156/803 895/2159/803 896/2160/803 
f 893/2156/804 896/2160/804 897/2161/804 
f 868/2139/784 874/2138/784 898/2162/784 
f 868/2139/805 898/2162/805 899/2163/805 
f 868/2139/784 899/2163/784 900/2164/784 
f 868/2139/805 900/2164/805 901/2165/805 
f 868/2139/784 901/2165/784 902/2166/784 
f 868/2139/805 902/2166/805 872/2158/805 
f 890/2153/806 889/2152/806 893/2156/806 
f 893/2156/804 897/2161/804 903/2167/804 
f 890/2153/804 893/2156/804 903/2167/804 
f 904/2168/807 885/2148/807 888/2151/807 
f 888/2151/808 905/2169/808 904/2168/808 
f 906/2170/809 907/2171/809 908/2172/809 
f 897/2161/804 896/2160/804 909/2173/804 
f 897/2161/804 909/2173/804 910/2174/804 
f 903/2167/804 897/2161/804 910/2174/804 
f 890/2153/810 903/2167/810 911/2175/810 
f 890/2153/810 911/2175/810 912/2176/810 
f 891/2154/810 890/2153/810 912/2176/810 
f 892/2155/811 913/2177/811 914/2178/811 
f 914/2178/812 874/2138/812 892/2155/812 
f 912/2176/813 911/2175/813 915/2179/813 
f 915/2179/814 905/2169/814 912/2176/814 
f 909/2173/815 907/2171/815 906/2170/815 
f 906/2170/816 910/2174/816 909/2173/816 
f 895/2159/817 916/2180/817 917/2181/817 
f 917/2181/818 896/2160/818 895/2159/818 
usemtl Window_Middle
f 918/77/819 919/77/819 920/77/819 
f 920/77/820 921/77/820 918/77/820 
f 922/77/821 923/77/821 924/77/821 
f 924/77/822 925/77/822 922/77/822 
usemtl Roof_LightGrey_Tin
f 926/2182/823 927/2183/823 928/2184/823 
f 928/2184/824 929/2185/824 926/2182/824 
f 930/2186/825 931/2187/825 932/2188/825 
f 932/2188/826 933/2189/826 930/2186/826 
f 934/2190/827 914/2178/827 913/2177/827 
f 913/2177/828 887/2150/828 934/2190/828 
f 915/2179/829 935/2191/829 904/2168/829 
f 888/2151/830 936/2192/830 905/2169/830 
f 911/2175/831 903/2167/831 937/2193/831 
f 937/2193/832 915/2179/832 911/2175/832 
f 905/2169/833 936/2192/833 891/2154/833 
f 891/2154/834 912/2176/834 905/2169/834 
usemtl Window_Middle
f 938/77/835 939/77/835 923/77/835 
f 923/77/836 922/77/836 938/77/836 
f 924/77/837 940/77/837 941/77/837 
f 941/77/838 925/77/838 924/77/838 
usemtl Roof_LightGrey_Tin
f 907/2171/839 917/2181/839 926/2182/839 
f 930/2186/840 942/2194/840 943/2195/840 
f 943/2195/841 944/2196/841 930/2186/841 
f 896/2160/842 917/2181/842 907/2171/842 
f 907/2171/843 909/2173/843 896/2160/843 
f 937/2193/844 903/2167/844 910/2174/844 
f 910/2174/845 906/2170/845 937/2193/845 
usemtl Window_Middle
f 945/77/846 946/77/846 919/77/846 
f 919/77/847 918/77/847 945/77/847 
f 947/77/848 948/77/848 921/77/848 
f 921/77/849 920/77/849 947/77/849 
usemtl Roof_LightGrey_Tin
f 917/2181/850 916/2180/850 927/2183/850 
f 927/2183/851 926/2182/851 917/2181/851 
f 949/2197/852 950/2198/852 928/2184/852 
f 928/2184/853 951/2199/853 949/2197/853 
f 915/2179/854 937/2193/854 935/2191/854 
f 926/2182/855 929/2185/855 908/2172/855 
f 908/2172/856 907/2171/856 926/2182/856 
f 930/2186/857 933/2189/857 952/2200/857 
f 952/2200/858 942/2194/858 930/2186/858 
f 935/2191/859 906/2170/859 908/2172/859 
f 905/2169/860 915/2179/860 904/2168/860 
f 886/2149/861 953/2201/861 934/2190/861 
f 934/2190/862 887/2150/862 886/2149/862 
f 892/2155/863 891/2154/863 936/2192/863 
f 936/2192/864 913/2177/864 892/2155/864 
f 895/2159/865 872/2158/865 954/2202/865 
f 954/2202/866 916/2180/866 895/2159/866 
f 927/2183/867 955/2203/867 951/2199/867 
f 951/2199/868 928/2184/868 927/2183/868 
f 950/2198/869 949/2197/869 953/2201/869 
f 953/2201/870 886/2149/870 950/2198/870 
f 936/2192/871 888/2151/871 887/2150/871 
f 887/2150/872 913/2177/872 936/2192/872 
f 916/2180/873 954/2202/873 955/2203/873 
f 955/2203/874 927/2183/874 916/2180/874 
f 931/2187/875 930/2186/875 944/2196/875 
f 944/2196/876 956/2204/876 931/2187/876 
f 935/2191/877 937/2193/877 906/2170/877 
f 886/2149/878 885/2148/878 933/2189/878 
f 933/2189/879 932/2188/879 886/2149/879 
f 885/2148/880 904/2168/880 952/2200/880 
f 952/2200/881 933/2189/881 885/2148/881 
f 904/2168/882 935/2191/882 942/2194/882 
f 942/2194/883 952/2200/883 904/2168/883 
f 935/2191/884 908/2172/884 943/2195/884 
f 943/2195/885 942/2194/885 935/2191/885 
f 908/2172/886 929/2185/886 944/2196/886 
f 944/2196/887 943/2195/887 908/2172/887 
f 929/2185/888 928/2184/888 956/2204/888 
f 956/2204/889 944/2196/889 929/2185/889 
f 928/2184/890 950/2198/890 931/2187/890 
f 931/2187/891 956/2204/891 928/2184/891 
f 950/2198/892 886/2149/892 932/2188/892 
f 932/2188/893 931/2187/893 950/2198/893 
f 872/2158/894 902/2166/894 957/2205/894 
f 957/2205/895 958/2206/895 872/2158/895 
f 902/2166/896 901/2165/896 959/2207/896 
f 959/2207/897 957/2205/897 902/2166/897 
f 901/2165/898 900/2164/898 960/2208/898 
f 960/2208/899 959/2207/899 901/2165/899 
f 900/2164/896 899/2163/896 961/2209/896 
f 961/2209/900 960/2208/900 900/2164/900 
f 899/2163/901 898/2162/901 962/2210/901 
f 962/2210/902 961/2209/902 899/2163/902 
f 898/2162/903 874/2138/903 963/2211/903 
f 963/2211/904 962/2210/904 898/2162/904 
f 874/2138/905 914/2178/905 964/2212/905 
f 964/2212/906 963/2211/906 874/2138/906 
f 914/2178/907 934/2190/907 965/2213/907 
f 965/2213/908 964/2212/908 914/2178/908 
f 934/2190/909 953/2201/909 966/2214/909 
f 966/2214/910 965/2213/910 934/2190/910 
f 953/2201/911 949/2197/911 967/2215/911 
f 967/2215/912 966/2214/912 953/2201/912 
f 949/2197/913 951/2199/913 968/2216/913 
f 968/2216/914 967/2215/914 949/2197/914 
f 951/2199/915 955/2203/915 969/2217/915 
f 969/2217/916 968/2216/916 951/2199/916 
f 955/2203/917 954/2202/917 970/2218/917 
f 970/2218/918 969/2217/918 955/2203/918 
f 954/2202/919 872/2158/919 958/2206/919 
f 958/2206/920 970/2218/920 954/2202/920 
f 958/2206/921 957/2205/921 971/2219/921 
f 971/2219/921 972/2220/921 958/2206/921 
f 957/2205/921 959/2207/921 973/2221/921 
f 973/2221/921 971/2219/921 957/2205/921 
f 959/2207/921 960/2208/921 974/2222/921 
f 959/2207/922 974/2222/922 975/2223/922 
f 959/2207/921 975/2223/921 973/2221/921 
f 960/2208/921 961/2209/921 976/2224/921 
f 960/2208/921 976/2224/921 977/2225/921 
f 960/2208/921 977/2225/921 974/2222/921 
f 961/2209/921 962/2210/921 978/2226/921 
f 978/2226/921 976/2224/921 961/2209/921 
f 962/2210/921 963/2211/921 979/2227/921 
f 979/2227/921 978/2226/921 962/2210/921 
f 963/2211/923 964/2212/923 980/2228/923 
f 980/2228/923 979/2227/923 963/2211/923 
f 964/2212/924 965/2213/924 981/2229/924 
f 981/2229/924 980/2228/924 964/2212/924 
f 965/2213/925 966/2214/925 982/2230/925 
f 982/2230/925 981/2229/925 965/2213/925 
f 966/2214/926 967/2215/926 983/2231/926 
f 966/2214/927 983/2231/927 984/2232/927 
f 966/2214/926 984/2232/926 982/2230/926 
f 967/2215/928 968/2216/928 985/2233/928 
f 967/2215/928 985/2233/928 986/2234/928 
f 967/2215/929 986/2234/929 983/2231/929 
f 968/2216/930 969/2217/930 987/2235/930 
f 987/2235/930 985/2233/930 968/2216/930 
f 969/2217/931 970/2218/931 988/2236/931 
f 988/2236/931 987/2235/931 969/2217/931 
f 970/2218/932 958/2206/932 972/2220/932 
f 972/2220/932 988/2236/932 970/2218/932 
usemtl Roof_RedTin
f 972/77/933 971/77/933 921/77/933 
f 921/77/934 948/77/934 972/77/934 
f 971/77/935 973/77/935 918/77/935 
f 918/77/936 921/77/936 971/77/936 
f 975/77/937 945/77/937 918/77/937 
f 918/77/938 973/77/938 975/77/938 
f 977/77/898 941/77/898 989/77/898 
f 989/77/898 974/77/898 977/77/898 
f 976/77/939 978/77/939 922/77/939 
f 922/77/940 925/77/940 976/77/940 
f 978/77/941 979/77/941 938/77/941 
f 938/77/942 922/77/942 978/77/942 
f 979/77/943 980/77/943 939/77/943 
f 939/77/944 938/77/944 979/77/944 
f 980/77/945 981/77/945 923/77/945 
f 923/77/946 939/77/946 980/77/946 
f 981/77/947 982/77/947 924/77/947 
f 924/77/948 923/77/948 981/77/948 
f 984/77/949 940/77/949 924/77/949 
f 924/77/950 982/77/950 984/77/950 
f 986/77/951 946/77/951 990/77/951 
f 990/77/952 983/77/952 986/77/952 
f 985/77/953 987/77/953 920/77/953 
f 920/77/954 919/77/954 985/77/954 
f 987/77/955 988/77/955 947/77/955 
f 947/77/956 920/77/956 987/77/956 
f 988/77/957 972/77/957 948/77/957 
f 948/77/958 947/77/958 988/77/958 
f 990/77/959 989/77/959 941/77/959 
f 941/77/960 940/77/960 990/77/960 
f 976/77/961 925/77/961 941/77/961 
f 941/77/900 977/77/900 976/77/900 
f 984/77/962 983/77/962 990/77/962 
f 990/77/963 940/77/963 984/77/963 
f 989/77/964 990/77/964 946/77/964 
f 946/77/959 945/77/959 989/77/959 
f 974/77/898 989/77/898 945/77/898 
f 945/77/898 975/77/898 974/77/898 
f 985/77/965 919/77/965 946/77/965 
f 946/77/966 986/77/966 985/77/966 
usemtl Roof_LightGrey_Tin
f 894/2237/967 884/2238/967 870/2135/967 
f 870/2135/968 872/2134/968 894/2237/968 
usemtl Wall_Cream
f 871/2132/969 884/2147/969 991/2147/969 
f 991/2147/970 992/2132/970 871/2132/970 
f 889/2152/971 879/2144/971 993/2144/971 
f 993/2144/972 994/2152/972 889/2152/972 
f 893/2156/973 889/2152/973 994/2152/973 
f 994/2152/974 995/2156/974 893/2156/974 
f 61/2129/975 871/2132/975 992/2132/975 
f 992/2132/976 857/2129/976 61/2129/976 
f 894/2157/977 893/2156/977 995/2156/977 
f 995/2156/978 996/2157/978 894/2157/978 
f 884/2238/979 894/2237/979 996/2237/979 
f 996/2237/980 991/2238/980 884/2238/980 
f 992/2132/981 991/2147/981 997/2147/981 
f 997/2147/982 998/2132/982 992/2132/982 
f 994/2152/983 993/2144/983 999/2144/983 
f 999/2144/984 1000/2152/984 994/2152/984 
f 995/2156/985 994/2152/985 1000/2152/985 
f 1000/2152/986 1001/2156/986 995/2156/986 
f 857/2129/987 992/2132/987 998/2132/987 
f 998/2132/988 862/2129/988 857/2129/988 
f 996/2157/989 995/2156/989 1001/2156/989 
f 1001/2156/989 1002/2157/989 996/2157/989 
f 991/2238/990 996/2237/990 1002/2237/990 
f 1002/2237/991 997/2238/991 991/2238/991 
s 1
f 993/119/992 879/366/993 881/364/994 
f 881/364/994 883/368/992 993/119/992 
s 2
f 993/119/995 883/368/995 999/426/995 
usemtl Roof_LightGrey_Tin
s off
f 881/2146/996 879/366/996 875/2140/996 
f 875/2140/997 878/2143/997 881/2146/997 
usemtl Wall_Cream
s 1
f 880/367/998 866/362/999 865/361/1000 
f 865/361/1000 882/371/1001 880/367/998 
s 2
f 865/361/1002 867/362/1002 882/371/1002 
usemtl Roof_LightGrey_Tin
f 877/370/1003 876/369/1004 869/364/1005 
f 869/364/1005 880/367/1006 877/370/1003 
usemtl Wall_Cream
s off
f 866/77/1007 880/367/1007 869/364/1007 
usemtl 3torni_kivi1_jpg
f 1003/2239/1008 59/2240/1008 1004/2241/1008 
f 59/2240/1009 1003/2239/1009 60/2242/1009 
f 1005/2243/1010 1003/2239/1010 1006/2244/1010 
f 1003/2239/1010 1005/2243/1010 60/2242/1010 
f 1007/2245/1011 1008/2246/1011 66/2247/1011 
f 1008/2246/1012 1007/2245/1012 1009/2248/1012 
f 1005/2243/1013 1009/2248/1013 1007/2245/1013 
f 1009/2248/1013 1005/2243/1013 1006/2244/1013 
f 66/2247/1014 1008/2246/1014 1010/2249/1014 
f 66/2247/1015 1010/2249/1015 1011/2250/1015 
f 69/2251/1016 66/2247/1016 1011/2250/1016 
f 1012/2252/1017 69/2251/1017 1011/2250/1017 
f 1011/2250/1018 1013/2253/1018 1012/2252/1018 
f 1010/2254/168 1008/2255/168 1014/2256/168 
f 1014/2256/168 1015/2257/168 1010/2254/168 
f 1003/2258/1019 1004/2259/1019 1016/2260/1019 
f 1016/2260/1020 1017/2261/1020 1003/2258/1020 
f 1006/2262/168 1003/2258/168 1017/2261/168 
f 1017/2261/168 1018/2263/168 1006/2262/168 
f 1008/2255/1021 1009/2264/1021 1019/2265/1021 
f 1019/2265/1022 1014/2256/1022 1008/2255/1022 
f 1009/2264/1023 1006/2262/1023 1018/2263/1023 
f 1018/2263/1023 1019/2265/1023 1009/2264/1023 
f 1011/2266/1024 1010/2267/1024 1015/2268/1024 
f 1015/2268/1025 1020/2269/1025 1011/2266/1025 
f 1013/2270/1026 1011/2271/1026 1020/2272/1026 
f 1020/2272/1027 1021/2273/1027 1013/2270/1027 
f 1015/2274/1028 1014/2275/1028 1022/2276/1028 
f 1022/2276/1028 1020/2277/1028 1015/2274/1028 
f 1017/2278/1029 1016/2279/1029 1023/2280/1029 
f 1023/2280/1029 1024/2281/1029 1017/2278/1029 
f 1018/2282/1030 1017/2278/1030 1024/2281/1030 
f 1024/2281/1031 1025/2283/1031 1018/2282/1031 
f 1014/2275/1032 1019/2284/1032 1026/2285/1032 
f 1026/2285/1032 1022/2276/1032 1014/2275/1032 
f 1019/2284/1033 1018/2282/1033 1025/2283/1033 
f 1025/2283/1033 1026/2285/1033 1019/2284/1033 
f 1021/2286/1034 1020/2277/1034 1027/2287/1034 
f 1027/2287/1035 1028/2288/1035 1021/2286/1035 
f 1020/2277/1036 1022/2276/1036 1029/2289/1036 
f 1029/2289/1028 1027/2287/1028 1020/2277/1028 
f 1024/2281/1037 1023/2280/1037 1030/2290/1037 
f 1030/2290/1029 1031/2291/1029 1024/2281/1029 
f 1025/2283/1030 1024/2281/1030 1031/2291/1030 
f 1031/2291/1038 1032/2292/1038 1025/2283/1038 
f 1022/2276/1032 1026/2285/1032 1033/2293/1032 
f 1033/2293/1039 1029/2289/1039 1022/2276/1039 
f 1026/2285/1033 1025/2283/1033 1032/2292/1033 
f 1032/2292/1033 1033/2293/1033 1026/2285/1033 
# 1947 faces

