# 3ds Max Wavefront OBJ Exporter v0.97b - (c)2007 guruware
# File Created: 04.04.2012 11:49:48

mtllib Kohtu_12-origo.mtl

#
# object Kohtu_12
#

v  542106.8348 6589156.8635 53.3095
v  542106.7358 6589156.9772 53.3095
v  542113.2199 6589156.5295 53.3095
v  542113.3189 6589156.4158 53.3095
v  542119.4155 6589119.6582 53.3095
v  542119.5145 6589119.5445 53.3095
v  542104.2239 6589120.6003 53.3095
v  542104.3376 6589120.6993 53.3095
v  542121.9528 6589156.4043 53.3095
v  542122.2509 6589156.4219 53.3095
v  542119.9455 6589125.3543 53.3095
v  542119.81 6589125.3715 53.3095
v  542120.0786 6589164.1807 53.3095
v  542120.2164 6589164.3895 53.3095
v  542113.72 6589162.2245 53.3095
v  542113.5824 6589162.3337 53.3095
v  542106.5755 6589157.0644 53.7306
v  542112.9722 6589156.6772 53.7130
v  542119.6734 6589119.4455 53.7306
v  542104.0532 6589120.5366 53.7306
v  542122.3464 6589156.3782 53.7306
v  542120.1228 6589125.3421 53.7241
v  542120.319 6589164.5107 53.7130
v  542113.3292 6589162.4234 53.7306
v  542119.8001 6589123.3896 53.3095
v  542119.9582 6589123.3812 53.7306
v  542119.6752 6589123.4185 53.3095
v  542117.1637 6589159.8168 57.6033
v  542117.9229 6589154.124 57.6435
v  542112.3819 6589136.6725 62.9243
v  542112.3819 6589136.6725 60.2303
v  542112.2889 6589135.3242 60.2303
v  542112.2889 6589135.3242 62.9243
v  542113.7625 6589136.5772 60.2303
v  542113.6694 6589135.2288 60.2303
v  542113.7625 6589136.5772 62.9243
v  542113.6694 6589135.2288 62.9243
v  542113.9038 6589136.6992 62.9243
v  542113.7928 6589135.0883 62.9243
v  542112.2586 6589136.8131 62.9243
v  542112.1476 6589135.2022 62.9243
v  542113.9038 6589136.6992 63.2141
v  542113.7928 6589135.0883 63.2141
v  542112.2586 6589136.8131 63.2141
v  542112.1476 6589135.2022 63.2141
v  542110.6239 6589130.0103 62.1181
v  542110.6239 6589130.0103 58.9841
v  542110.5589 6589129.0686 58.9841
v  542110.5589 6589129.0686 62.1181
v  542112.5208 6589129.8793 58.9841
v  542112.4558 6589128.9376 58.9841
v  542112.5208 6589129.8793 62.1181
v  542112.4558 6589128.9376 62.1181
v  542118.1627 6589163.5631 59.8992
v  542118.1627 6589163.5631 53.3508
v  542118.6208 6589162.0668 53.3508
v  542118.6209 6589162.0668 59.8992
v  542119.4984 6589163.9721 53.3508
v  542119.9566 6589162.4758 53.3508
v  542119.4984 6589163.9721 59.8992
v  542119.9566 6589162.4758 59.8992
v  542110.1497 6589119.0892 49.4022
v  542110.2415 6589120.4181 49.4023
v  542111.0665 6589120.3605 49.0536
v  542110.9748 6589119.0317 49.0536
v  542109.3053 6589119.1483 49.0443
v  542109.3971 6589120.4771 49.0443
v  542111.0857 6589120.3592 49.1042
v  542110.2415 6589120.4181 49.4528
v  542110.1497 6589119.0892 49.4528
v  542110.994 6589119.0303 49.1041
v  542109.3779 6589120.4784 49.0948
v  542109.2861 6589119.1496 49.0948
v  542112.8668 6589119.0586 49.3793
v  542112.9525 6589120.2998 49.3794
v  542113.6387 6589120.2524 49.0905
v  542113.553 6589119.0112 49.0905
v  542112.0621 6589119.1146 49.0938
v  542112.1478 6589120.3559 49.0938
v  542113.6579 6589120.2511 49.1411
v  542112.9525 6589120.2998 49.4299
v  542112.8668 6589119.0586 49.4299
v  542113.5722 6589119.0098 49.1411
v  542112.1286 6589120.3572 49.1443
v  542112.0429 6589119.116 49.1443
v  542104.7651 6589142.3775 49.2290
v  542104.8309 6589143.3841 49.6097
v  542106.1598 6589143.2935 49.6097
v  542106.4217 6589142.2416 49.2290
v  542104.9055 6589144.436 49.2290
v  542106.5621 6589144.3 49.2290
v  542104.7631 6589142.3487 49.2743
v  542106.4197 6589142.2128 49.2743
v  542106.1598 6589143.2934 49.6603
v  542104.8309 6589143.3841 49.6603
v  542106.5641 6589144.3288 49.2743
v  542104.9075 6589144.4648 49.2743
v  542116.0901 6589161.0544 55.4140
v  542116.6338 6589161.2052 55.9704
v  542116.2559 6589162.5676 55.9704
v  542115.7122 6589162.4169 55.4140
v  542117.1088 6589161.3369 55.2453
v  542117.1088 6589161.3369 54.9789
v  542116.7309 6589162.6994 54.9789
v  542116.7309 6589162.6994 55.2453
v  542116.6328 6589161.2049 52.5363
v  542116.1452 6589161.0697 52.5363
v  542115.7673 6589162.4321 52.5363
v  542116.2549 6589162.5674 52.5363
v  542116.1452 6589161.0697 54.9789
v  542116.1452 6589161.0697 55.2453
v  542115.7673 6589162.4321 55.2453
v  542115.7673 6589162.4321 54.9789
v  542116.6328 6589161.2049 54.9810
v  542116.6328 6589161.2049 55.8029
v  542116.2549 6589162.5674 55.8029
v  542116.2549 6589162.5674 54.9810
v  542117.1657 6589161.3527 55.4118
v  542116.7879 6589162.7152 55.4118
v  542117.1088 6589161.3369 52.5363
v  542116.7309 6589162.6994 52.5363
v  542116.0128 6589161.033 55.0883
v  542115.9577 6589161.0177 55.2570
v  542115.5799 6589162.3801 55.2570
v  542115.6349 6589162.3954 55.0883
v  542116.8626 6589162.7359 55.0862
v  542116.9196 6589162.7517 55.2527
v  542117.2974 6589161.3892 55.2527
v  542117.2405 6589161.3734 55.0862
v  542118.0737 6589124.2825 53.7303
v  542118.0595 6589124.0746 53.7306
v  542118.0808 6589124.3868 53.7302
v  542118.0853 6589124.4511 53.7302
v  542118.0888 6589124.5031 53.7301
v  542118.0924 6589124.555 53.7300
v  542118.0968 6589124.6191 53.7300
v  542118.1039 6589124.7227 53.7299
v  542118.1223 6589124.9928 53.7296
v  542118.1554 6589125.4757 53.7291
v  542118.2546 6589123.5149 53.7306
v  542118.0222 6589123.5309 53.7306
v  542118.0549 6589124.0088 53.7306
v  542112.0124 6589124.315 61.4508
v  542113.8892 6589152.0684 61.2115
v  542120.0073 6589125.325 53.8292
v  542119.7961 6589125.1971 54.0149
v  542119.6207 6589124.9873 54.1622
v  542119.8715 6589123.4277 53.8292
v  542119.6806 6589123.5831 54.0149
v  542119.5368 6589123.8147 54.1622
v  542119.4543 6589124.0998 54.2568
v  542119.441 6589124.4105 54.2894
v  542119.4984 6589124.7163 54.2568
v  542119.6182 6589124.7884 53.5445
v  542119.6056 6589124.6043 53.6391
v  542119.5916 6589124.4002 53.0056
v  542119.6282 6589124.9345 53.3972
v  542119.6346 6589125.0283 53.2115
v  542119.6369 6589125.0606 53.0056
v  542119.5486 6589123.772 53.2115
v  542119.5464 6589123.7397 53.0056
v  542119.555 6589123.8658 53.3972
v  542119.565 6589124.0119 53.5445
v  542119.5776 6589124.196 53.6391
v  542119.5916 6589124.4002 53.6717
v  542119.7885 6589125.0503 53.0056
v  542119.7885 6589125.0503 50.9896
v  542119.7971 6589125.1743 50.9899
v  542119.7971 6589125.1743 53.0560
v  542119.788 6589125.0423 53.0560
v  542121.5881 6589151.1762 49.1044
v  542121.7057 6589152.8252 49.1044
v  542121.7002 6589152.7586 50.9899
v  542121.5957 6589151.1762 50.9899
v  542121.285 6589159.1752 53.0560
v  542121.0359 6589159.1151 53.0560
v  542120.6991 6589160.4638 53.0560
v  542120.9482 6589160.5238 53.0560
v  542120.6991 6589160.4638 50.9899
v  542120.9482 6589160.5238 50.9899
v  542121.0359 6589159.1151 50.9899
v  542121.285 6589159.1752 50.9899
v  542121.7722 6589157.1669 49.1044
v  542121.5232 6589157.1069 49.1044
v  542121.133 6589158.7269 49.1044
v  542121.3821 6589158.7869 49.1044
v  542121.133 6589158.7269 47.0316
v  542121.3821 6589158.7869 47.0316
v  542121.5232 6589157.1069 47.0316
v  542121.7722 6589157.1669 47.0316
v  542120.2605 6589131.9161 44.8827
v  542118.8019 6589132.0166 44.8827
v  542118.8019 6589132.0166 43.3975
v  542120.2605 6589131.9161 43.3975
v  542118.6769 6589130.2028 43.3975
v  542120.1355 6589130.1023 43.3975
v  542118.6769 6589130.2028 44.8827
v  542120.1355 6589130.1023 44.8827
v  542120.629 6589137.1085 44.8827
v  542119.1705 6589137.1935 44.8827
v  542119.1705 6589137.1935 41.8690
v  542120.629 6589137.1085 41.8690
v  542120.4849 6589135.3416 41.8690
v  542119.0264 6589135.4266 41.8690
v  542119.0264 6589135.4266 44.8827
v  542120.4849 6589135.3416 44.8827
v  542120.5994 6589136.7455 45.0302
v  542119.1439 6589136.8676 45.0302
v  542120.9784 6589142.2782 44.8827
v  542119.5198 6589142.3723 44.8827
v  542119.5198 6589142.3723 42.9112
v  542120.9784 6589142.2782 42.9112
v  542120.8592 6589140.6605 42.9112
v  542119.4006 6589140.7545 42.9112
v  542119.4006 6589140.7545 44.8827
v  542120.8592 6589140.6605 44.8827
v  542120.9424 6589141.8699 45.0309
v  542119.4883 6589142.0251 45.0309
v  542121.7057 6589152.4796 44.8827
v  542120.2474 6589152.5616 44.8827
v  542120.2474 6589152.5616 43.3975
v  542121.7057 6589152.4796 43.3975
v  542121.5881 6589151.1783 43.3975
v  542120.1298 6589151.2604 43.3975
v  542120.1298 6589151.2604 44.8827
v  542121.5881 6589151.1783 44.8827
v  542121.3604 6589147.803 44.8827
v  542119.9018 6589147.8948 44.8827
v  542119.9018 6589147.8948 42.8932
v  542121.3604 6589147.803 42.8932
v  542121.2433 6589146.2522 42.8932
v  542119.7848 6589146.344 42.8932
v  542119.7848 6589146.344 44.8827
v  542121.2433 6589146.2522 44.8827
v  542121.3289 6589147.4956 44.9683
v  542119.8706 6589147.5907 44.9683
v  542119.9026 6589126.6995 53.6820
v  542119.9026 6589126.6995 53.0560
v  542120.138 6589130.1023 53.0560
v  542120.138 6589130.1023 53.6820
v  542119.9026 6589126.6995 50.9899
v  542120.138 6589130.1023 50.9899
v  542119.9009 6589126.6995 43.3975
v  542119.9009 6589126.6995 44.8827
v  542119.9932 6589128.0357 42.9170
v  542119.9928 6589128.0358 40.4361
v  542119.8374 6589125.7569 53.6820
v  542119.8374 6589125.7569 53.0560
v  542119.8359 6589125.7569 43.3975
v  542119.8359 6589125.7569 44.8827
v  542119.8359 6589125.7569 42.9170
v  542120.2579 6589131.8495 53.0560
v  542119.9237 6589131.8726 53.0560
v  542119.9237 6589131.8726 50.9899
v  542120.2579 6589131.8495 50.9899
v  542119.8038 6589130.1254 50.9899
v  542119.8038 6589130.1254 53.0560
v  542120.2605 6589131.9161 49.1044
v  542119.9263 6589131.9391 49.1044
v  542119.9263 6589131.9391 46.6764
v  542120.2605 6589131.9161 46.6764
v  542119.8013 6589130.1253 46.6764
v  542120.1355 6589130.1023 46.6764
v  542119.8013 6589130.1253 49.1044
v  542120.1355 6589130.1023 49.1044
v  542120.6277 6589137.1961 53.0560
v  542120.2935 6589137.2192 53.0560
v  542120.2935 6589137.2192 50.9899
v  542120.6277 6589137.1961 50.9899
v  542120.1544 6589135.195 50.9899
v  542120.4886 6589135.1719 50.9899
v  542120.1544 6589135.195 53.0560
v  542120.4886 6589135.1719 53.0560
v  542120.629 6589137.2627 49.1044
v  542120.2948 6589137.2857 49.1044
v  542120.2948 6589137.2857 46.6764
v  542120.629 6589137.2627 46.6764
v  542120.1507 6589135.1949 46.6764
v  542120.4849 6589135.1719 46.6764
v  542120.1507 6589135.1949 49.1044
v  542120.4849 6589135.1719 49.1044
v  542120.9783 6589142.2642 53.0560
v  542120.6441 6589142.2873 53.0560
v  542120.6441 6589142.2873 50.9899
v  542120.9783 6589142.2642 50.9899
v  542120.53 6589140.6246 50.9899
v  542120.8642 6589140.6015 50.9899
v  542120.53 6589140.6246 53.0560
v  542120.8642 6589140.6015 53.0560
v  542120.9784 6589142.3307 49.1044
v  542120.6442 6589142.3538 49.1044
v  542120.6442 6589142.3538 46.6764
v  542120.9784 6589142.3307 46.6764
v  542120.525 6589140.6245 46.6764
v  542120.8592 6589140.6015 46.6764
v  542120.525 6589140.6245 49.1044
v  542120.8592 6589140.6015 49.1044
v  542120.2579 6589131.8495 53.6820
v  542120.1355 6589130.1023 46.4023
v  542120.2605 6589131.9161 46.4023
v  542120.2605 6589131.9161 40.4361
v  542120.4886 6589135.1719 53.6820
v  542120.4849 6589135.1719 46.4023
v  542120.4849 6589135.1719 40.4361
v  542120.6277 6589137.1961 53.6820
v  542120.629 6589137.2627 46.4023
v  542119.1024 6589136.3582 45.0962
v  542119.0576 6589135.8092 45.0302
v  542120.629 6589137.2627 40.4361
v  542120.8642 6589140.6015 53.6820
v  542120.8592 6589140.6015 46.4023
v  542120.8592 6589140.9125 42.2781
v  542120.9783 6589142.2642 53.6820
v  542120.9784 6589142.3307 46.4023
v  542119.4652 6589141.6315 45.0652
v  542119.436 6589141.1853 45.0309
v  542120.9518 6589141.7881 42.4004
v  542120.9784 6589142.0401 42.2781
v  542121.2497 6589146.1743 53.0560
v  542121.2497 6589146.1743 53.6820
v  542121.2497 6589146.1743 50.9899
v  542121.2433 6589146.1743 49.1044
v  542121.2433 6589146.1743 46.6764
v  542121.2433 6589146.1743 46.4023
v  542120.8327 6589161.0518 53.6820
v  542120.0786 6589164.1806 53.0560
v  542120.0786 6589164.1806 53.6820
v  542120.0786 6589164.1806 50.9899
v  542120.8327 6589161.0518 49.1044
v  542120.0786 6589164.1806 49.1044
v  542120.8327 6589161.0518 47.0316
v  542120.0786 6589164.1806 47.0316
v  542120.8327 6589161.0518 46.3500
v  542120.0786 6589164.1806 46.3500
v  542120.8327 6589161.0518 44.8827
v  542120.0786 6589164.1806 44.8827
v  542120.9614 6589160.5212 43.5642
v  542120.0786 6589164.1807 43.5642
v  542121.285 6589159.1752 53.6820
v  542121.3821 6589158.7869 46.3500
v  542121.3821 6589158.7869 44.8827
v  542121.3821 6589158.7869 43.3975
v  542120.9587 6589160.5206 40.4361
v  542121.7722 6589157.1669 53.6820
v  542121.7722 6589157.1669 53.0560
v  542121.7722 6589157.1669 50.9899
v  542121.7722 6589157.1669 46.3500
v  542121.7722 6589157.1669 44.8827
v  542121.7722 6589157.1669 43.3975
v  542121.7722 6589157.1669 40.4361
v  542121.7722 6589157.1669 42.5831
v  542121.9529 6589156.4043 40.4361
v  542121.7722 6589157.1669 41.8176
v  542121.9529 6589156.4043 43.3975
v  542121.9529 6589156.4043 42.5831
v  542121.7057 6589152.8252 40.4361
v  542121.5881 6589151.1762 40.4361
v  542121.3603 6589147.8721 40.4361
v  542121.2433 6589146.1743 40.4361
v  542119.7958 6589125.1743 42.9170
v  542119.7958 6589125.1743 43.3975
v  542119.696 6589123.727 43.3975
v  542119.696 6589123.727 42.9170
v  542119.6588 6589123.1802 43.3975
v  542119.6588 6589123.1802 42.9170
v  542119.6008 6589122.3409 43.3975
v  542119.6008 6589122.3409 42.9170
v  542119.4156 6589119.6582 43.3975
v  542119.4156 6589119.6582 42.9170
v  542121.9529 6589156.4043 44.8827
v  542119.847 6589147.1692 45.0152
v  542119.8233 6589146.7685 44.9920
v  542119.7958 6589125.1743 44.8827
v  542119.696 6589123.727 44.8827
v  542119.6588 6589123.1802 44.8827
v  542119.6008 6589122.3409 44.8827
v  542119.4156 6589119.6582 44.8827
v  542121.3604 6589147.8721 46.4023
v  542121.5881 6589151.1762 46.4023
v  542121.7057 6589152.8252 46.4023
v  542121.9529 6589156.4043 46.3500
v  542121.3616 6589147.8055 53.0560
v  542121.1475 6589147.8203 53.0560
v  542121.1475 6589147.8203 50.9899
v  542121.3616 6589147.8055 50.9899
v  542121.0357 6589146.1891 50.9899
v  542121.0357 6589146.1891 53.0560
v  542121.3604 6589147.8721 49.1044
v  542121.1463 6589147.8868 49.1044
v  542121.1463 6589147.8868 46.6764
v  542121.3604 6589147.8721 46.6764
v  542121.0293 6589146.1891 46.6764
v  542121.0293 6589146.1891 49.1044
v  542121.7002 6589152.7586 53.0560
v  542121.4861 6589152.7729 53.0560
v  542121.4861 6589152.7729 50.9899
v  542121.3816 6589151.1905 50.9899
v  542121.3816 6589151.1905 53.0560
v  542121.5957 6589151.1762 53.0560
v  542121.4917 6589152.8405 49.1044
v  542121.4917 6589152.8405 46.6764
v  542121.7057 6589152.8252 46.6764
v  542121.3741 6589151.1915 46.6764
v  542121.5881 6589151.1762 46.6764
v  542121.3741 6589151.1915 49.1044
v  542121.3616 6589147.8055 53.6820
v  542121.5957 6589151.1762 53.6820
v  542119.7971 6589125.1743 53.6820
v  542119.8374 6589125.7569 50.9899
v  542119.7863 6589125.0179 53.2115
v  542119.7798 6589124.9241 53.3972
v  542119.7697 6589124.778 53.5445
v  542119.7569 6589124.5939 53.6391
v  542119.697 6589123.727 53.6820
v  542119.697 6589123.727 53.0560
v  542119.6977 6589123.7372 53.0560
v  542119.6994 6589123.7617 53.2115
v  542119.7059 6589123.8555 53.3972
v  542119.716 6589124.0016 53.5445
v  542119.7287 6589124.1857 53.6391
v  542119.7428 6589124.3898 53.6717
v  542119.6972 6589123.7293 53.0056
v  542119.6972 6589123.7293 50.9896
v  542119.6596 6589123.1925 53.0560
v  542119.6596 6589123.1925 53.6820
v  542119.6596 6589123.1925 50.9899
v  542119.6014 6589122.3503 53.0560
v  542119.6014 6589122.3503 53.6820
v  542105.0873 6589131.5557 53.6820
v  542105.0873 6589131.5557 53.0560
v  542104.9482 6589129.5405 53.0560
v  542104.9482 6589129.5405 53.6820
v  542105.0873 6589131.5557 50.9899
v  542104.9482 6589129.5405 50.9899
v  542105.0873 6589131.5557 48.6974
v  542104.9482 6589129.5405 48.0791
v  542105.0873 6589131.5557 47.0316
v  542104.9482 6589129.5405 47.0316
v  542108.4651 6589120.4143 48.8430
v  542108.4769 6589120.5853 48.8430
v  542108.4769 6589120.5853 47.0316
v  542108.4651 6589120.4143 47.0316
v  542107.0661 6589120.6827 47.0316
v  542107.0543 6589120.5117 47.0316
v  542107.0661 6589120.6827 48.8430
v  542107.0543 6589120.5117 48.8430
v  542113.5412 6589120.0638 48.8430
v  542113.5464 6589120.1468 48.8430
v  542113.5464 6589120.1468 47.0316
v  542113.5412 6589120.0638 47.0316
v  542112.3078 6589120.1489 47.0316
v  542112.313 6589120.2319 47.0316
v  542112.313 6589120.2319 48.8430
v  542112.3078 6589120.1489 48.8430
v  542116.832 6589119.8365 48.8430
v  542116.8461 6589120.0404 48.8430
v  542116.8461 6589120.0404 47.0316
v  542116.832 6589119.8365 47.0316
v  542115.5401 6589119.9257 47.0316
v  542115.5542 6589120.1296 47.0316
v  542115.5542 6589120.1296 48.8430
v  542115.5401 6589119.9257 48.8430
v  542110.9764 6589120.2409 48.8430
v  542110.9904 6589120.4447 48.8430
v  542110.9904 6589120.4447 47.0316
v  542110.9764 6589120.2409 47.0316
v  542109.4913 6589120.3434 47.0316
v  542109.5053 6589120.5473 47.0316
v  542109.5053 6589120.5473 48.8430
v  542109.4913 6589120.3434 48.8430
v  542108.4651 6589120.4143 53.0560
v  542108.4789 6589120.6138 53.0560
v  542108.4789 6589120.6138 50.9899
v  542108.4651 6589120.4143 50.9899
v  542107.0681 6589120.7112 50.9899
v  542107.0543 6589120.5117 50.9899
v  542107.0681 6589120.7112 53.0560
v  542107.0543 6589120.5117 53.0560
v  542112.3078 6589120.1489 53.0560
v  542113.5412 6589120.0638 53.0560
v  542113.5412 6589120.0638 53.6820
v  542112.3078 6589120.1489 53.6820
v  542112.3078 6589120.1489 50.9899
v  542113.5412 6589120.0638 50.9899
v  542115.5401 6589119.9257 53.0560
v  542115.5401 6589119.9257 53.6820
v  542115.5401 6589119.9257 50.9899
v  542116.832 6589119.8365 53.0560
v  542116.832 6589119.8365 53.6820
v  542116.832 6589119.8365 50.9899
v  542119.4156 6589119.6582 53.0560
v  542119.4156 6589119.6582 53.6820
v  542119.4156 6589119.6582 50.9899
v  542119.4156 6589119.6582 49.1044
v  542119.4156 6589119.6582 47.0316
v  542104.8936 6589128.7512 48.0791
v  542105.0255 6589128.7421 48.0791
v  542105.0255 6589128.7421 47.0316
v  542104.8936 6589128.7512 47.0316
v  542105.08 6589129.5314 47.0316
v  542105.08 6589129.5314 48.0791
v  542113.5725 6589160.0883 53.0560
v  542113.7037 6589160.0793 53.0560
v  542113.6061 6589158.6668 53.0560
v  542113.475 6589158.6759 53.0560
v  542113.6061 6589158.6668 50.9899
v  542113.475 6589158.6759 50.9899
v  542113.7037 6589160.0793 50.9899
v  542113.5725 6589160.0883 50.9899
v  542106.5386 6589152.5728 53.0560
v  542106.6697 6589152.5637 53.0560
v  542106.6697 6589152.5637 50.8558
v  542106.5386 6589152.5728 50.8558
v  542106.7746 6589154.0845 50.8558
v  542106.6436 6589154.0935 50.8558
v  542106.7746 6589154.0845 53.0560
v  542106.6436 6589154.0935 53.0560
v  542106.5386 6589152.5728 49.1172
v  542106.6697 6589152.5637 49.1172
v  542106.6697 6589152.5637 47.0316
v  542106.5386 6589152.5728 47.0316
v  542106.7746 6589154.0845 47.0316
v  542106.6436 6589154.0935 47.0316
v  542106.7746 6589154.0845 49.1172
v  542106.6436 6589154.0935 49.1172
v  542106.1943 6589147.5873 53.0560
v  542106.3255 6589147.5782 53.0560
v  542106.3255 6589147.5782 50.9899
v  542106.1943 6589147.5873 50.9899
v  542106.4373 6589149.1987 50.9899
v  542106.3062 6589149.2077 50.9899
v  542106.4373 6589149.1987 53.0560
v  542106.3062 6589149.2077 53.0560
v  542106.1943 6589147.5873 49.1044
v  542106.3255 6589147.5782 49.1044
v  542106.3255 6589147.5782 47.0316
v  542106.1943 6589147.5873 47.0316
v  542106.4263 6589149.0394 47.0316
v  542106.2952 6589149.0484 47.0316
v  542106.4263 6589149.0394 49.1044
v  542106.2952 6589149.0484 49.1044
v  542105.8544 6589142.6647 53.0560
v  542105.9855 6589142.6556 53.0560
v  542105.9855 6589142.6556 50.9899
v  542105.8544 6589142.6647 50.9899
v  542106.0844 6589144.0872 50.9899
v  542105.9532 6589144.0962 50.9899
v  542106.0844 6589144.0872 53.0560
v  542105.9532 6589144.0962 53.0560
v  542105.8471 6589142.5597 49.2077
v  542105.9783 6589142.5506 49.2077
v  542105.9783 6589142.5506 47.0316
v  542105.8471 6589142.5596 47.0316
v  542105.946 6589143.9912 47.0316
v  542106.0771 6589143.9821 47.0316
v  542106.0771 6589143.9821 49.2077
v  542105.946 6589143.9912 49.2077
v  542105.5034 6589137.5821 53.0560
v  542105.6346 6589137.5731 53.0560
v  542105.6346 6589137.5731 50.9899
v  542105.5034 6589137.5821 50.9899
v  542105.7425 6589139.1367 50.9899
v  542105.6114 6589139.1458 50.9899
v  542105.7425 6589139.1367 53.0560
v  542105.6114 6589139.1458 53.0560
v  542105.5034 6589137.5821 49.1044
v  542105.6346 6589137.5731 49.1044
v  542105.6346 6589137.5731 47.0316
v  542105.5034 6589137.5821 47.0316
v  542105.7425 6589139.1367 47.0316
v  542105.6114 6589139.1458 47.0316
v  542105.7425 6589139.1367 49.1044
v  542105.6114 6589139.1458 49.1044
v  542105.1789 6589132.8819 53.0560
v  542105.31 6589132.8729 53.0560
v  542105.31 6589132.8729 50.9899
v  542105.1789 6589132.8819 50.9899
v  542105.4068 6589134.2748 50.9899
v  542105.2757 6589134.2839 50.9899
v  542105.4068 6589134.2748 53.0560
v  542105.2757 6589134.2839 53.0560
v  542105.1789 6589132.8819 49.1044
v  542105.31 6589132.8729 49.1044
v  542105.31 6589132.8729 47.0316
v  542105.1789 6589132.8819 47.0316
v  542105.4068 6589134.2748 47.0316
v  542105.2757 6589134.2839 47.0316
v  542105.4068 6589134.2748 49.1044
v  542105.2757 6589134.2839 49.1044
v  542104.6688 6589125.494 53.0560
v  542104.7999 6589125.485 53.0560
v  542104.7999 6589125.485 50.9899
v  542104.6688 6589125.494 50.9899
v  542104.9018 6589126.9606 50.9899
v  542104.7706 6589126.9696 50.9899
v  542104.9018 6589126.9606 53.0560
v  542104.7706 6589126.9696 53.0560
v  542104.6688 6589125.494 49.1044
v  542104.7999 6589125.485 49.1044
v  542104.7999 6589125.485 47.0316
v  542104.6688 6589125.494 47.0316
v  542104.9018 6589126.9606 47.0316
v  542104.7706 6589126.9696 47.0316
v  542104.9018 6589126.9606 49.1044
v  542104.7706 6589126.9696 49.1044
v  542108.4651 6589120.4143 53.6820
v  542107.0543 6589120.5117 53.6820
v  542109.4913 6589120.3434 53.0560
v  542109.4913 6589120.3434 53.6820
v  542109.4913 6589120.3434 50.9899
v  542110.9764 6589120.2409 53.0560
v  542110.9764 6589120.2409 53.6820
v  542110.9764 6589120.2409 50.9899
v  542121.7002 6589152.7586 53.6820
v  542121.9529 6589156.4043 53.0560
v  542121.9529 6589156.4043 53.6820
v  542121.9529 6589156.4043 50.9899
v  542121.9529 6589156.4043 49.1044
v  542121.9529 6589156.4043 47.0316
v  542113.475 6589158.6759 53.6820
v  542113.5725 6589160.0883 53.6820
v  542113.5725 6589160.0883 49.1044
v  542113.475 6589158.6759 49.1044
v  542113.5725 6589160.0883 47.0316
v  542113.475 6589158.6759 47.0316
v  542113.319 6589156.4158 53.0560
v  542113.319 6589156.4158 53.6820
v  542113.319 6589156.4158 50.9899
v  542113.319 6589156.4158 49.1044
v  542113.319 6589156.4158 47.0316
v  542106.6436 6589154.0935 53.6820
v  542106.5386 6589152.5728 53.6820
v  542106.3062 6589149.2077 53.6820
v  542106.1943 6589147.5873 53.6820
v  542105.9532 6589144.0962 53.6820
v  542105.8544 6589142.6647 53.6820
v  542105.6114 6589139.1458 53.6820
v  542106.077 6589143.9822 46.0148
v  542105.9782 6589142.5506 46.0148
v  542105.5034 6589137.5821 53.6820
v  542105.2757 6589134.2839 53.6820
v  542105.1789 6589132.8819 53.6820
v  542104.8936 6589128.7512 53.0560
v  542104.8936 6589128.7512 53.6820
v  542104.8936 6589128.7512 50.9899
v  542104.7706 6589126.9696 53.6820
v  542104.6688 6589125.494 53.6820
v  542104.3377 6589120.6993 53.0560
v  542104.3377 6589120.6993 53.6820
v  542104.3377 6589120.6993 50.9899
v  542104.3377 6589120.6993 49.1044
v  542104.3377 6589120.6993 47.0316
v  542113.7201 6589162.2245 49.1044
v  542113.7201 6589162.2245 47.0316
v  542106.8348 6589156.8635 49.1044
v  542106.8348 6589156.8635 47.0316
v  542113.7201 6589162.2245 53.0560
v  542113.7201 6589162.2245 50.9899
v  542119.6014 6589122.3503 50.9899
v  542106.8348 6589156.8635 53.0560
v  542106.8348 6589156.8635 50.9899
v  542113.7201 6589162.2245 53.6820
v  542106.8348 6589156.8635 53.6820
v  542119.6283 6589125.7713 50.9899
v  542119.6283 6589125.7713 53.0560
v  542119.6935 6589126.7139 50.9899
v  542119.6935 6589126.7139 53.0560
v  542119.3924 6589122.3647 53.0560
v  542119.4505 6589123.2069 53.0560
v  542119.3924 6589122.3647 50.9899
v  542119.4505 6589123.2069 50.9899
v  542120.8972 6589141.1283 45.0309
v  542120.9192 6589141.4751 45.0652
v  542120.5161 6589135.7243 45.0302
v  542120.56 6589136.2619 45.0962
v  542121.2845 6589146.7111 44.9920
v  542121.3046 6589147.0645 45.0152
v  542120.8592 6589140.9125 41.1709
v  542120.2423 6589141.8653 42.4004
v  542120.2089 6589141.5493 42.4544
v  542120.1847 6589141.2399 42.3832
v  542120.145 6589140.9446 42.2781
v  542120.145 6589140.9446 41.1709
v  542120.2642 6589142.0722 41.1804
v  542120.2642 6589142.0722 42.2781
v  542120.9784 6589142.0401 41.1804
v  542120.8592 6589140.6015 40.4361
v  542120.9784 6589142.3307 40.4361
v  542120.8968 6589141.1881 42.3832
v  542120.9204 6589141.4917 42.4544
v  542121.9529 6589156.4043 41.8176
v  542121.0562 6589156.9973 42.5831
v  542121.2368 6589156.2347 42.5831
v  542121.2368 6589156.2347 41.8176
v  542121.0562 6589156.9973 41.8176
v  542119.248 6589123.4213 53.6233
v  542119.2514 6589123.4702 53.8292
v  542119.9481 6589123.4225 53.8292
v  542119.261 6589123.6119 54.0149
v  542119.9578 6589123.5642 54.0149
v  542119.2762 6589123.8326 54.1622
v  542119.9729 6589123.7849 54.1622
v  542119.2952 6589124.1107 54.2568
v  542119.9919 6589124.063 54.2568
v  542119.3163 6589124.419 54.2894
v  542120.013 6589124.3713 54.2894
v  542119.3375 6589124.7273 54.2568
v  542120.0342 6589124.6796 54.2568
v  542119.3565 6589125.0054 54.1622
v  542120.0532 6589124.9577 54.1622
v  542119.3716 6589125.2261 54.0149
v  542120.0683 6589125.1784 54.0149
v  542119.3813 6589125.3678 53.8292
v  542120.078 6589125.3201 53.8292
v  542119.3847 6589125.4167 53.6233
v  542119.8519 6589123.5532 53.3095
v  542119.6853 6589123.5646 53.3095
v  542119.7994 6589125.2152 53.3095
v  542119.965 6589125.2039 53.3095
v  542119.7971 6589125.1821 53.7547
v  542119.6885 6589123.5975 53.7547
v  542119.7993 6589125.2151 53.6695
v  542119.6863 6589123.5644 53.6695
v  542119.7777 6589124.8987 54.0043
v  542119.7613 6589124.6603 54.0845
v  542119.7899 6589125.0775 53.8871
v  542119.6957 6589123.7021 53.8871
v  542119.7079 6589123.8809 54.0043
v  542119.7243 6589124.1193 54.0845
v  542119.7428 6589124.3898 54.1129
v  542114.6953 6589150.119 63.3752
v  542113.4917 6589150.2021 63.3752
v  542113.4227 6589149.2026 63.3752
v  542114.6263 6589149.1195 63.3752
v  542111.9788 6589144.426 61.4892
v  542111.4566 6589144.4621 61.4892
v  542111.4108 6589143.7981 61.4892
v  542111.9329 6589143.7621 61.4892
v  542105.0873 6589131.5557 45.5989
v  542104.9481 6589129.5405 45.9052
v  542113.5464 6589120.1468 44.6217
v  542113.5412 6589120.0638 44.6217
v  542112.3078 6589120.1489 45.3547
v  542112.313 6589120.2319 45.3547
v  542110.9904 6589120.4447 45.7045
v  542110.9764 6589120.2409 45.7045
v  542109.4913 6589120.3434 45.8102
v  542109.5053 6589120.5473 45.8102
v  542115.5402 6589119.9257 41.0837
v  542116.8321 6589119.8365 39.3848
v  542119.4156 6589119.6582 37.3592
v  542105.0254 6589128.7421 45.9052
v  542104.8936 6589128.7513 45.9052
v  542105.0799 6589129.5314 45.9052
v  542105.9459 6589143.9912 46.0148
v  542107.0542 6589120.5117 45.9052
v  542108.465 6589120.4143 45.9052
v  542113.5725 6589160.0883 45.2815
v  542113.475 6589158.6759 45.2815
v  542113.3189 6589156.4158 45.2815
v  542106.6435 6589154.0936 45.3121
v  542106.5385 6589152.5728 45.3121
v  542106.2951 6589149.0485 45.3121
v  542106.1942 6589147.5873 45.0209
v  542105.946 6589143.9912 45.0055
v  542105.8471 6589142.5597 46.0148
v  542105.6114 6589139.1458 44.8936
v  542105.5034 6589137.5822 44.8936
v  542105.2757 6589134.2839 45.3069
v  542105.1789 6589132.8819 45.4136
v  542104.7706 6589126.9697 45.5299
v  542104.6687 6589125.4941 45.5299
v  542104.3376 6589120.6993 45.9052
v  542113.72 6589162.2245 45.2815
v  542106.8348 6589156.8635 45.3121
v  542105.8471 6589142.5597 45.0055
v  542109.5053 6589120.5473 46.3500
v  542110.9904 6589120.4447 46.3500
v  542119.5916 6589124.4002 50.9893
v  542119.6369 6589125.0606 50.9893
v  542119.5464 6589123.7397 50.9893
v  542112.313 6589120.2319 46.3500
v  542113.5464 6589120.1468 46.3500
v  542119.9381 6589127.2392 49.1044
v  542119.9381 6589127.2392 46.6764
v  542119.9009 6589126.6995 46.3500
v  542119.8359 6589125.7569 49.1044
v  542119.8359 6589125.7569 46.3500
v  542119.8359 6589125.7569 46.6764
v  542119.7958 6589125.1743 46.3500
v  542119.696 6589123.727 46.3500
v  542119.6588 6589123.1802 46.3500
v  542119.6008 6589122.3409 46.3500
v  542119.7971 6589125.1743 49.1044
v  542119.7958 6589125.1743 46.6764
v  542119.696 6589123.727 49.1044
v  542119.696 6589123.727 46.6764
v  542119.6588 6589123.1802 49.1044
v  542119.6587 6589123.1802 46.6764
v  542119.5602 6589121.7513 49.1044
v  542119.5602 6589121.7513 46.6764
v  542119.7832 6589127.2499 49.1044
v  542119.7832 6589127.2499 46.6764
v  542119.681 6589125.7676 49.1044
v  542119.681 6589125.7676 46.6764
v  542119.5038 6589123.1909 49.1044
v  542119.5038 6589123.1909 46.6764
v  542119.4052 6589121.762 49.1044
v  542119.4052 6589121.762 46.6764
v  542111.3631 6589121.9526 56.7099
v  542111.3631 6589121.9526 55.8149
v  542111.257 6589120.5427 55.8149
v  542111.257 6589120.5427 56.7099
v  542111.8557 6589121.9155 53.3723
v  542112.3603 6589121.8775 53.3723
v  542112.2542 6589120.4676 53.3723
v  542111.7496 6589120.5056 53.3723
v  542112.3603 6589121.8775 55.8149
v  542112.3603 6589121.8775 56.7099
v  542112.2542 6589120.4676 56.7099
v  542112.2542 6589120.4676 55.8149
v  542111.8557 6589121.9155 55.8171
v  542111.8557 6589121.9155 56.8205
v  542111.7496 6589120.5056 56.8205
v  542111.7496 6589120.5056 55.8171
v  542111.3631 6589121.9526 53.3723
v  542111.257 6589120.5427 53.3723
v  542112.372 6589121.8766 56.7598
v  542111.8547 6589121.9156 56.8810
v  542111.7486 6589120.5057 56.8810
v  542112.266 6589120.4667 56.7598
v  542111.3517 6589121.9535 56.7615
v  542111.2455 6589120.5436 56.7615
v  542112.4973 6589121.8672 56.6736
v  542112.5152 6589121.8658 56.7243
v  542112.4091 6589120.4559 56.7243
v  542112.3912 6589120.4573 56.6736
v  542111.1208 6589120.5529 56.6768
v  542111.1031 6589120.5543 56.7220
v  542111.2092 6589121.9642 56.7220
v  542111.2269 6589121.9628 56.6768
v  542111.32 6589143.6979 58.5054
v  542111.32 6589143.6979 60.2421
v  542111.3805 6589144.5739 60.2421
v  542111.3805 6589144.5739 58.5054
v  542112.0695 6589144.5263 58.5054
v  542112.009 6589143.6503 58.5054
v  542112.0695 6589144.5263 60.2421
v  542112.009 6589143.6503 60.2421
v  542111.4108 6589143.7981 60.2712
v  542111.4566 6589144.4621 60.2712
v  542111.9788 6589144.426 60.2712
v  542111.9329 6589143.7621 60.2712
v  542113.3233 6589149.1311 59.9727
v  542113.3233 6589149.1311 61.5592
v  542113.4031 6589150.2866 61.5592
v  542113.4031 6589150.2866 59.9727
v  542114.7947 6589150.1905 59.9727
v  542114.7149 6589149.035 59.9727
v  542114.7947 6589150.1905 61.5592
v  542114.7149 6589149.035 61.5592
v  542113.4917 6589150.2021 61.6590
v  542113.4227 6589149.2026 61.6590
v  542114.6263 6589149.1195 61.6590
v  542114.6954 6589150.119 61.6590
v  542119.4138 6589162.3241 54.4491
v  542119.4964 6589162.0504 54.4491
v  542119.1485 6589161.9454 54.4491
v  542119.0658 6589162.219 54.4491
v  542119.4964 6589162.0505 59.9381
v  542119.0658 6589162.2191 59.9381
v  542119.4138 6589162.3241 59.9381
v  542119.1484 6589161.9454 59.9381
v  542104.9517 6589144.1447 48.2676
v  542104.9517 6589144.1447 49.3567
v  542105.9554 6589144.0754 48.2676
v  542105.9554 6589144.0754 49.3567
v  542104.8412 6589142.5445 49.3319
v  542104.8412 6589142.5445 48.2676
v  542105.8449 6589142.4753 48.2676
v  542105.8449 6589142.4753 49.3319
v  542112.1558 6589120.2001 48.2495
v  542112.0779 6589119.14 48.2495
v  542112.1558 6589120.2001 49.1280
v  542112.0779 6589119.14 49.1280
v  542113.5381 6589119.0326 48.2495
v  542113.616 6589120.0928 48.2495
v  542113.616 6589120.0928 49.1280
v  542113.5381 6589119.0326 49.1280
v  542110.9485 6589119.0469 48.2504
v  542111.0367 6589120.2468 48.2504
v  542110.9485 6589119.0469 49.0663
v  542111.0367 6589120.2468 49.0663
v  542109.4122 6589120.3662 48.2504
v  542109.324 6589119.1664 48.2504
v  542109.324 6589119.1664 49.0663
v  542109.4122 6589120.3662 49.0663
v  542119.9565 6589123.5459 53.6695
v  542119.9588 6589123.5789 53.7547
v  542119.9659 6589123.6836 53.8871
v  542119.9782 6589123.8624 54.0043
v  542119.9945 6589124.1007 54.0845
v  542120.013 6589124.3713 54.1129
v  542120.0316 6589124.6418 54.0845
v  542120.0479 6589124.8801 54.0043
v  542120.0602 6589125.059 53.8871
v  542120.0673 6589125.1636 53.7547
v  542120.0696 6589125.1966 53.6695
v  542116.9653 6589163.2229 43.8158
v  542120.0786 6589164.1807 43.3336
# 910 vertices

vn 0.0000 0.0000 -1.0000
vn 0.0589 0.9817 -0.1809
vn 0.0655 0.9493 -0.3075
vn -0.0682 -0.9766 -0.2038
vn -0.0678 -0.9820 -0.1762
vn 0.9713 -0.0695 -0.2274
vn 0.9165 -0.0680 -0.3941
vn 0.9245 0.2298 -0.3041
vn 0.9512 0.2429 -0.1904
vn -0.2686 0.8964 -0.3526
vn -0.2896 0.9345 -0.2071
vn -0.9281 0.0641 -0.3667
vn -0.8423 0.0526 -0.5364
vn -0.8506 0.0544 -0.5230
vn 0.9334 -0.0693 -0.3520
vn 0.9282 -0.0672 -0.3661
vn 0.6585 0.1657 0.7341
vn 0.6338 0.0899 0.7683
vn -0.6961 0.0411 0.7168
vn -0.6449 -0.0806 0.7600
vn -0.2083 0.7033 0.6797
vn -0.9976 0.0689 0.0000
vn 0.9976 -0.0689 0.0000
vn 0.0689 0.9976 0.0000
vn -0.0689 -0.9976 0.0000
vn 0.9976 -0.0687 0.0000
vn 0.0691 0.9976 0.0000
vn -0.9976 0.0687 0.0000
vn -0.0691 -0.9976 0.0000
vn -0.9976 0.0688 0.0000
vn 0.0689 0.9976 -0.0000
vn -0.9562 -0.2928 0.0000
vn 0.9562 0.2928 -0.0000
vn 0.9562 0.2928 0.0000
vn -0.2927 0.9562 -0.0000
vn -0.2928 0.9562 -0.0000
vn 0.2928 -0.9562 0.0000
vn -0.3875 0.0268 -0.9215
vn -0.3875 0.0267 -0.9215
vn 0.3886 -0.0268 -0.9210
vn 0.3800 -0.0262 0.9246
vn -0.3812 0.0263 0.9241
vn 0.9326 -0.0644 -0.3552
vn 0.9325 -0.0644 -0.3554
vn 0.0695 0.9976 -0.0002
vn 0.0696 0.9976 0.0000
vn -0.0696 -0.9976 0.0001
vn -0.0696 -0.9976 0.0000
vn 0.0696 0.9976 0.0003
vn 0.0697 0.9976 0.0000
vn -0.9324 0.0644 -0.3556
vn -0.9323 0.0644 -0.3560
vn -0.0696 -0.9976 -0.0003
vn -0.0697 -0.9976 0.0000
vn -0.3862 0.0267 -0.9220
vn -0.3862 0.0266 -0.9220
vn 0.3329 -0.0230 -0.9427
vn 0.3772 -0.0261 0.9258
vn 0.3772 -0.0260 0.9258
vn -0.3260 0.0225 0.9451
vn 0.9324 -0.0644 -0.3557
vn 0.9322 -0.0643 -0.3561
vn -0.0689 -0.9976 -0.0000
vn 0.0695 0.9976 0.0000
vn -0.9325 0.0644 -0.3554
vn -0.9325 0.0644 -0.3555
vn -0.0695 -0.9976 -0.0001
vn -0.0695 -0.9976 0.0000
vn 0.0240 0.3523 -0.9356
vn 0.0284 0.3464 -0.9376
vn -0.0282 -0.3437 -0.9386
vn -0.0231 -0.3388 -0.9406
vn -0.0281 -0.3422 0.9392
vn -0.0237 -0.3479 0.9372
vn 0.0279 0.3396 0.9401
vn 0.0228 0.3349 0.9420
vn -0.0690 -0.8405 -0.5374
vn -0.0689 -0.8401 -0.5380
vn 0.9704 0.2415 0.0000
vn 0.9716 0.1781 0.1555
vn -0.9978 0.0658 -0.0015
vn -0.9979 0.0653 0.0000
vn 0.9360 -0.3140 0.1589
vn 0.9315 -0.3637 -0.0001
vn 0.0690 0.8403 -0.5377
vn 0.0690 0.8405 -0.5374
vn -0.9975 0.0708 0.0000
vn -0.9975 0.0702 -0.0013
vn -0.6766 -0.1877 0.7120
vn 0.9636 0.2673 0.0000
vn -0.9636 -0.2673 0.0000
vn 0.2672 -0.9636 0.0000
vn -0.2673 0.9636 0.0000
vn 0.6854 0.1901 0.7029
vn 0.2673 -0.9636 0.0000
vn -0.9127 -0.2531 -0.3208
vn -0.9127 -0.2531 -0.3207
vn 0.2673 -0.9636 -0.0000
vn -0.2673 0.9636 0.0001
vn 0.9080 0.2518 -0.3347
vn 0.9081 0.2519 -0.3347
vn -0.2672 0.9636 0.0000
vn 0.7254 0.2012 -0.6583
vn 0.7254 0.2012 -0.6582
vn -0.7255 -0.2012 0.6582
vn -0.7254 -0.2012 0.6583
vn -0.2674 0.9636 0.0001
vn -0.2674 0.9636 0.0000
vn -0.7310 -0.2028 -0.6515
vn -0.7311 -0.2028 -0.6514
vn 0.7310 0.2027 0.6516
vn 0.7310 0.2027 0.6515
vn -0.0026 -0.0009 -1.0000
vn -0.0025 -0.0009 -1.0000
vn -0.0027 -0.0009 -1.0000
vn -0.0028 -0.0010 -1.0000
vn -0.0025 0.0004 -1.0000
vn -0.0000 0.0000 -1.0000
vn -0.7083 0.0540 0.7038
vn -0.6979 0.0482 0.7145
vn 0.6760 -0.0486 0.7353
vn 0.6759 -0.0486 0.7354
vn 0.6732 -0.0392 0.7385
vn 0.6929 -0.0501 0.7193
vn 0.6523 -0.2784 0.7050
vn 0.6960 -0.0029 0.7180
vn 0.6946 -0.0262 0.7189
vn 0.6940 -0.0377 0.7190
vn 0.6936 -0.0459 0.7189
vn 0.6935 -0.0505 0.7187
vn 0.6770 -0.0487 0.7344
vn 0.6762 -0.0486 0.7351
vn -0.0608 -0.8704 0.4886
vn 0.0531 0.8536 0.5182
vn 0.9977 -0.0684 0.0000
vn 0.9977 -0.0683 -0.0001
vn 0.9977 -0.0683 -0.0000
vn 0.9977 -0.0682 0.0000
vn 0.9977 -0.0683 0.0000
vn 0.9976 -0.0695 -0.0000
vn 0.9976 -0.0690 0.0000
vn 0.9975 -0.0711 0.0004
vn 0.9978 -0.0659 -0.0040
vn 0.2343 -0.9722 0.0000
vn 0.0000 0.0000 1.0000
vn -0.2343 0.9722 0.0000
vn -0.0688 -0.9976 0.0000
vn 0.0688 0.9976 0.0000
vn -0.0582 -0.9983 0.0000
vn 0.0582 0.9983 0.0000
vn -0.0344 -0.4098 -0.9115
vn -0.0218 -0.3748 -0.9268
vn -0.0644 -0.9979 0.0000
vn 0.0644 0.9979 0.0000
vn -0.0415 -0.3892 -0.9202
vn -0.0219 -0.3395 -0.9404
vn -0.0562 -0.9984 0.0000
vn 0.0562 0.9984 0.0000
vn -0.0628 -0.9980 0.0000
vn 0.0628 0.9980 0.0000
vn -0.0176 -0.2693 -0.9629
vn -0.0168 -0.2667 -0.9636
vn 0.9976 -0.0688 0.0000
vn 0.9976 -0.0687 -0.0002
vn 0.9976 -0.0688 0.0003
vn 0.9976 -0.0688 0.0001
vn 0.9976 -0.0688 -0.0000
vn -0.0690 -0.9976 0.0000
vn 0.0690 0.9976 0.0000
vn 0.9977 -0.0685 0.0000
vn 0.9977 -0.0685 -0.0013
vn 0.9976 -0.0688 -0.0010
vn 0.9976 -0.0693 0.0000
vn 0.9976 -0.0693 -0.0011
vn 0.9976 -0.0688 -0.0020
vn 0.9978 -0.0654 -0.0073
vn 0.9979 -0.0654 0.0000
vn 0.9979 -0.0654 -0.0000
vn 0.9976 -0.0688 0.0081
vn 0.9976 -0.0685 0.0000
vn 0.9976 -0.0685 -0.0020
vn 0.9976 -0.0688 -0.0017
vn 0.9969 -0.0781 0.0079
vn 0.9967 -0.0813 0.0000
vn 0.9967 -0.0813 -0.0000
vn 0.9967 -0.0813 -0.0087
vn 0.9976 -0.0693 -0.0017
vn 0.9976 -0.0688 -0.0027
vn 0.9979 -0.0647 0.0066
vn 0.9979 -0.0647 0.0000
vn 0.9981 -0.0579 -0.0231
vn 0.9977 -0.0684 -0.0027
vn 0.9976 -0.0688 -0.0024
vn 0.9962 -0.0869 0.0030
vn 0.9971 -0.0621 -0.0428
vn 0.9967 -0.0817 0.0000
vn 0.9973 -0.0735 -0.0017
vn 0.9981 -0.0622 0.0047
vn 0.9959 -0.0905 0.0000
vn 0.9955 -0.0890 0.0335
vn 0.9976 -0.0692 0.0000
vn 0.9976 -0.0692 -0.0024
vn 0.9976 -0.0688 -0.0034
vn 0.9976 -0.0688 0.0024
vn 0.9978 -0.0665 -0.0034
vn 0.9978 -0.0665 0.0000
vn 0.9975 -0.0664 0.0250
vn 0.9728 0.2313 -0.0156
vn 0.9722 0.2343 0.0000
vn 0.9729 0.2314 0.0000
vn 0.9729 0.2313 0.0052
vn 0.9721 0.2345 -0.0000
vn 0.9722 0.2343 0.0006
vn 0.9702 0.2423 0.0000
vn 0.9720 0.2343 -0.0182
vn 0.9718 0.2357 0.0065
vn 0.9702 0.2423 0.0001
vn 0.9718 0.2357 0.0000
vn 0.9718 0.2358 -0.0009
vn 0.9718 0.2358 0.0000
vn 0.9722 0.2341 0.0000
vn 0.9718 0.2358 0.0015
vn 0.9731 0.2305 0.0000
vn 0.9980 -0.0628 -0.0073
vn 0.9959 -0.0900 0.0001
vn 0.9974 -0.0711 -0.0083
vn 0.9976 -0.0688 -0.0019
vn 0.9977 -0.0673 0.0000
vn 0.9976 -0.0688 0.0022
vn 0.9972 -0.0752 -0.0021
vn 0.9976 -0.0687 -0.0000
vn 0.9977 -0.0680 0.0000
vn 0.9977 -0.0680 -0.0000
vn 0.9980 -0.0628 0.0000
vn 0.9959 -0.0900 0.0000
vn 0.9981 -0.0579 -0.0192
vn 0.9972 -0.0752 -0.0031
vn 0.9983 -0.0572 0.0066
vn 0.9948 -0.1020 0.0000
vn 0.9949 -0.1005 0.0046
vn 0.9977 -0.0673 0.0031
vn 0.9976 -0.0688 -0.0001
vn 0.9959 -0.0900 -0.0001
vn 0.9973 -0.0711 0.0162
vn 0.9979 -0.0628 0.0143
vn -0.0666 -0.9978 0.0000
vn 0.0666 0.9978 0.0000
vn -0.0711 -0.9975 0.0000
vn 0.0711 0.9975 0.0000
vn 0.9977 -0.0684 -0.0034
vn 0.9976 -0.0688 -0.0031
vn 0.9976 -0.0693 -0.0031
vn 0.9976 -0.0688 -0.0040
vn 0.9976 -0.0691 -0.0001
vn 0.9976 -0.0690 -0.0000
vn 0.9976 -0.0691 -0.0000
vn 0.9976 -0.0690 0.0001
vn 0.9976 -0.0690 -0.0003
vn 0.9976 -0.0690 -0.0001
vn 0.9977 -0.0684 0.0002
vn 0.9974 -0.0717 0.0000
vn 0.9976 -0.0698 0.0000
vn -0.9981 0.0622 -0.0000
vn -0.9981 0.0624 0.0000
vn 0.9980 -0.0626 0.0000
vn -0.0000 -0.0000 -1.0000
vn -0.9976 0.0690 0.0000
vn 0.0687 0.9976 0.0000
vn -0.0687 -0.9976 0.0000
vn -0.0687 -0.9976 -0.0000
vn 0.9978 -0.0659 0.0000
vn 0.9975 -0.0711 0.0000
vn 0.9976 -0.0692 0.0005
vn -0.9976 0.0689 -0.0000
vn -0.9976 0.0688 0.0001
vn -0.2940 0.9558 0.0000
vn 0.9968 -0.0801 -0.0031
vn 0.0117 0.3012 -0.9535
vn 0.0209 0.3238 -0.9459
vn 0.9982 -0.0590 -0.0064
vn -0.0093 -0.0860 -0.9963
vn -0.0092 -0.0863 -0.9962
vn 0.9980 -0.0636 0.0033
vn 0.0038 0.0982 -0.9952
vn 0.0082 0.0761 -0.9971
vn 0.9969 -0.0779 -0.0087
vn 0.0209 0.3581 -0.9335
vn 0.0209 0.3581 -0.9334
vn 0.9967 -0.0801 0.0087
vn -0.0089 -0.1345 -0.9909
vn -0.0107 -0.1276 -0.9918
vn 0.9967 -0.0802 -0.0096
vn 0.0080 0.1212 -0.9926
vn 0.0069 0.1188 -0.9929
vn 0.9961 -0.0883 -0.0045
vn 0.0091 0.2309 -0.9729
vn 0.0156 0.2480 -0.9686
vn 0.9984 -0.0570 -0.0069
vn -0.0077 -0.1079 -0.9941
vn -0.0072 -0.1103 -0.9939
vn 0.9983 -0.0573 0.0073
vn 0.0026 0.0655 -0.9979
vn 0.0041 0.0577 -0.9983
vn 0.9982 -0.0604 0.0000
vn 0.9933 -0.0934 0.0681
vn 0.9911 -0.1332 0.0000
vn 0.9944 -0.1051 -0.0070
vn 0.9958 -0.0918 0.0023
vn 0.9945 -0.1052 0.0000
vn 0.9981 -0.0616 -0.0066
vn 0.9972 -0.0687 0.0291
vn 0.9937 -0.1047 -0.0409
vn 0.9973 -0.0687 -0.0268
vn 0.9980 -0.0636 0.0020
vn -0.0548 -0.5036 -0.8622
vn -0.0195 -0.4347 -0.9004
vn 0.0449 0.9990 0.0000
vn -0.0004 -0.0084 1.0000
vn -0.0449 -0.9990 0.0000
vn 0.9920 -0.1176 -0.0468
vn 0.0257 0.3530 -0.9353
vn 0.0150 0.3333 -0.9427
vn 0.9971 -0.0763 -0.0052
vn 0.0165 0.2272 -0.9737
vn 0.0180 0.2231 -0.9746
vn 0.9973 -0.0735 -0.0000
vn 0.9944 -0.0975 0.0417
vn -0.0193 -0.1774 -0.9839
vn -0.0135 -0.1672 -0.9858
vn 0.9976 -0.0689 -0.0000
vn -0.2305 0.9731 0.0000
vn 0.2305 -0.9731 0.0000
vn -0.2161 -0.9336 -0.2857
vn -0.0566 -0.9984 0.0016
vn -0.0665 -0.9706 0.2313
vn -0.1084 -0.9212 0.3737
vn -0.0543 -0.7924 0.6076
vn -0.0379 -0.5531 0.8323
vn -0.0220 -0.3206 0.9469
vn -0.0220 -0.3207 0.9469
vn -0.0072 -0.1047 0.9945
vn 0.0072 0.1047 0.9945
vn 0.0220 0.3207 0.9469
vn 0.0379 0.5531 0.8323
vn 0.0543 0.7924 0.6076
vn 0.0665 0.9706 0.2313
vn 0.0665 0.9706 0.2314
vn 0.1259 0.9916 0.0280
vn 0.1024 0.9946 -0.0144
vn 0.9977 -0.0683 -0.0002
vn 0.9977 -0.0683 0.0002
vn 0.9976 -0.0686 -0.0005
vn 0.9977 -0.0683 0.0001
vn 0.9977 -0.0684 0.0001
vn 0.9977 -0.0683 -0.0003
vn 0.9977 -0.0683 -0.0005
vn -0.9981 0.0622 0.0000
vn 0.9980 -0.0626 -0.0000
vn -0.0688 -0.9976 -0.0000
vn 0.9976 -0.0688 -0.0013
vn 0.9976 -0.0690 -0.0010
vn 0.9976 -0.0688 -0.0009
vn 0.9976 -0.0690 -0.0008
vn 0.9978 -0.0666 -0.0008
vn 0.9978 -0.0666 -0.0005
vn 0.9976 -0.0696 -0.0005
vn 0.9976 -0.0698 -0.0005
vn 0.9976 -0.0689 -0.0002
vn -0.0000 -0.0000 1.0000
vn -0.9972 0.0750 -0.0000
vn 0.9972 -0.0751 0.0000
vn 0.0750 0.9972 0.0000
vn 0.0751 0.9972 -0.0000
vn -0.0750 -0.9972 0.0000
vn -0.0751 -0.9972 0.0000
vn 0.0751 0.9972 0.0000
vn -0.9972 0.0750 0.0000
vn 0.2267 -0.0171 0.9738
vn -0.2299 0.0173 0.9731
vn 0.9399 -0.0707 -0.3341
vn 0.9401 -0.0707 -0.3336
vn 0.0752 0.9972 -0.0001
vn 0.0754 0.9972 0.0016
vn -0.0754 -0.9972 -0.0015
vn -0.0752 -0.9972 0.0002
vn 0.0754 0.9972 -0.0016
vn -0.9281 0.0699 -0.3656
vn -0.9284 0.0699 -0.3651
vn -0.0753 -0.9972 0.0002
vn -0.0754 -0.9972 0.0016
vn -0.2552 0.0192 -0.9667
vn -0.2551 0.0192 -0.9667
vn 0.0753 0.9972 0.0016
vn 0.0753 0.9972 0.0014
vn 0.2396 -0.0180 0.9707
vn 0.2395 -0.0180 0.9707
vn -0.0753 -0.9972 -0.0011
vn -0.0753 -0.9972 -0.0015
vn 0.2346 -0.0177 -0.9719
vn 0.2346 -0.0176 -0.9719
vn -0.0753 -0.9972 0.0016
vn -0.0754 -0.9972 0.0013
vn -0.2654 0.0200 0.9639
vn -0.2655 0.0200 0.9639
vn 0.0754 0.9972 -0.0015
vn 0.0753 0.9972 -0.0016
vn -0.3280 0.0227 0.9444
vn 0.3280 -0.0226 0.9444
vn -0.3279 0.0226 0.9444
vn 0.3279 -0.0226 0.9444
vn 0.0182 0.2634 0.9645
vn -0.0182 -0.2634 0.9645
vn -0.7256 0.0501 0.6863
vn 0.7257 -0.0501 0.6862
vn 0.0542 0.7853 0.6167
vn -0.0542 -0.7853 0.6168
vn -0.0542 -0.7853 0.6167
vn 0.9573 0.2890 0.0000
vn -0.9573 -0.2891 0.0000
vn -0.2890 0.9573 -0.0000
vn 0.2890 -0.9573 0.0000
vn 0.9573 0.2890 -0.0000
vn -0.9573 -0.2890 -0.0000
vn -0.9973 0.0733 0.0000
vn 0.9973 -0.0733 0.0000
vn -0.0312 -0.4551 -0.8899
vn -0.0485 -0.7076 -0.7049
vn -0.0610 -0.8900 -0.4518
vn -0.0610 -0.8901 -0.4518
vn -0.0675 -0.9855 -0.1555
vn -0.0674 -0.9855 -0.1555
vn -0.0675 -0.9855 -0.1556
vn -0.0683 -0.9977 0.0000
vn -0.0021 0.0001 1.0000
vn 0.0683 0.9977 0.0000
vn 0.0683 0.9977 -0.0000
vn 0.0675 0.9855 -0.1555
vn 0.0610 0.8900 -0.4518
vn 0.0485 0.7076 -0.7049
vn 0.0312 0.4551 -0.8899
vn 0.0108 0.1570 -0.9875
vn -0.0108 -0.1570 -0.9875
vn 0.0683 0.9977 0.0002
vn 0.0637 0.9300 -0.3621
vn 0.0637 0.9300 -0.3620
vn 0.0536 0.7819 -0.6211
vn 0.0374 0.5461 -0.8369
vn 0.0218 0.3176 -0.9480
vn 0.0217 0.3176 -0.9480
vn 0.0071 0.1038 -0.9946
vn -0.0071 -0.1038 -0.9946
vn -0.0218 -0.3176 -0.9480
vn -0.0374 -0.5461 -0.8369
vn -0.0536 -0.7819 -0.6211
vn -0.0535 -0.7819 -0.6211
vn -0.0637 -0.9300 -0.3620
vn -0.0637 -0.9300 -0.3621
vn -0.0683 -0.9977 -0.0002
vn 0.9555 -0.0937 -0.2797
vn 0.8959 -0.2835 -0.3421
vn 0.9955 0.0419 0.0852
vn 0.9977 -0.0684 -0.0000
vn 0.9977 -0.0685 -0.0001
vn 0.9977 -0.0684 -0.0001
vn 0.9977 -0.0682 -0.0001
vn 0.8628 -0.4209 0.2799
vn 0.9976 -0.0686 0.0002
vn 0.9142 0.1183 -0.3876
vn 0.9314 -0.2378 -0.2754
vn 0.0262 0.8531 0.5211
vn 0.0019 -0.0002 -1.0000
vn -0.2940 0.9558 -0.0000
vn -0.2940 0.9558 -0.0001
# 473 vertex normals

vt 0.1521 0.0029 0.0000
vt 0.1466 0.0029 0.0000
vt 0.5011 0.0029 0.0000
vt 0.5011 0.0029 0.0000
vt 0.5065 0.0029 0.0000
vt 0.1521 0.0029 0.0000
vt 0.8398 0.0029 0.0000
vt 0.8452 0.0029 0.0000
vt 0.0093 0.0029 0.0000
vt 0.0093 0.0029 0.0000
vt 0.0155 0.0029 0.0000
vt 0.8398 0.0029 0.0000
vt 0.9785 0.0029 0.0000
vt 0.9948 0.0029 0.0000
vt 0.8687 0.0029 0.0000
vt 0.8687 0.0029 0.0000
vt 0.8613 0.0029 0.0000
vt 0.9785 0.0029 0.0000
vt 0.8760 0.0029 0.0000
vt 0.8836 0.0029 0.0000
vt 0.9948 0.0029 0.0000
vt 0.9948 0.0029 0.0000
vt 0.9785 0.0029 0.0000
vt 0.8760 0.0029 0.0000
vt 0.8760 0.0029 0.0000
vt 0.5284 0.0029 0.0000
vt 0.5209 0.0029 0.0000
vt 0.5209 0.0029 0.0000
vt 0.8836 0.0029 0.0000
vt 0.8760 0.0029 0.0000
vt 0.0155 0.0029 0.0000
vt 0.0093 0.0029 0.0000
vt 0.1466 0.0029 0.0000
vt 0.1466 0.0029 0.0000
vt 0.1521 0.0029 0.0000
vt 0.0155 0.0029 0.0000
vt 0.5284 0.0029 0.0000
vt 0.5065 0.0029 0.0000
vt 0.5011 0.0029 0.0000
vt 0.5011 0.0029 0.0000
vt 0.5209 0.0029 0.0000
vt 0.5284 0.0029 0.0000
vt 0.1466 0.0029 0.0000
vt 0.1379 0.9996 0.0000
vt 0.4876 1.0006 0.0000
vt 0.4876 1.0006 0.0000
vt 0.5011 0.0029 0.0000
vt 0.1466 0.0029 0.0000
vt 0.8452 0.0029 0.0000
vt 0.8539 0.9996 0.0000
vt 0.0000 0.9996 0.0000
vt 0.0000 0.9996 0.0000
vt 0.0093 0.0029 0.0000
vt 0.8452 0.0029 0.0000
vt 0.8233 0.0005 0.9628
vt 0.8225 0.9995 0.9995
vt 0.1318 0.9841 0.9695
vt 0.1318 0.9841 0.9695
vt 0.1318 0.0005 0.9032
vt 0.8233 0.0005 0.9628
vt 0.9967 0.0005 0.0005
vt 0.9995 0.9578 0.0356
vt 0.8225 0.9995 0.9995
vt 0.8225 0.9995 0.9995
vt 0.8233 0.0005 0.9628
vt 0.9967 0.0005 0.0005
vt 0.5209 0.0029 0.0000
vt 0.5071 0.9996 0.0000
vt 0.8892 0.9996 0.0000
vt 0.8892 0.9996 0.0000
vt 0.8836 0.0029 0.0000
vt 0.5209 0.0029 0.0000
vt 0.0093 0.0029 0.0000
vt 0.0000 0.9996 0.0000
vt 0.1379 0.9996 0.0000
vt 0.1379 0.9996 0.0000
vt 0.1466 0.0029 0.0000
vt 0.0093 0.0029 0.0000
vt 0.5209 0.0029 0.0000
vt 0.5011 0.0029 0.0000
vt 0.4876 1.0006 0.0000
vt 0.4876 1.0006 0.0000
vt 0.5071 0.9996 0.0000
vt 0.5209 0.0029 0.0000
vt 0.0024 0.0005 0.8921
vt 0.0880 0.0005 0.8996
vt 0.0881 0.9995 0.9587
vt 0.0881 0.9995 0.9587
vt 0.0005 0.9995 0.9538
vt 0.0024 0.0005 0.8921
vt 0.8398 0.0029 0.0000
vt 0.8542 0.0029 0.0000
vt 0.8610 0.0029 0.0000
vt 0.8610 0.0029 0.0000
vt 0.8452 0.0029 0.0000
vt 0.8398 0.0029 0.0000
vt -2.2186 -2.3111 0.0000
vt 4.1689 -2.2994 0.0000
vt 1.2597 2.8590 0.0000
vt 1.2597 2.8590 0.0000
vt -3.1689 3.2994 0.0000
vt -2.2186 -2.3111 0.0000
vt 7.5238 -1.1610 0.0000
vt 9.3018 2.5880 0.0000
vt 4.9204 2.5880 0.0000
vt 4.9204 2.5880 0.0000
vt 3.1724 -1.1577 0.0000
vt 7.5238 -1.1610 0.0000
vt 4.6520 -0.9107 0.0000
vt 0.6445 3.0389 0.0000
vt -2.1818 -0.9107 0.0000
vt -0.3807 -1.8411 0.0000
vt -0.3807 -0.0485 0.0000
vt -1.2779 -0.0485 0.0000
vt -1.2779 -0.0485 0.0000
vt -1.2779 -1.8411 0.0000
vt -0.3807 -1.8411 0.0000
vt -1.2779 1.9730 0.0000
vt -1.2145 1.0544 0.0000
vt -0.3173 1.1163 0.0000
vt -0.3173 1.1163 0.0000
vt -0.3807 2.0350 0.0000
vt -1.2779 1.9730 0.0000
vt 0.5434 -1.8411 0.0000
vt 0.5434 -0.0485 0.0000
vt -0.3538 -0.0485 0.0000
vt -0.3538 -0.0485 0.0000
vt -0.3538 -1.8411 0.0000
vt 0.5434 -1.8411 0.0000
vt 1.4882 -0.0485 0.0000
vt 0.5696 -0.0485 0.0000
vt 0.5696 -1.8411 0.0000
vt 0.5696 -1.8411 0.0000
vt 1.4882 -1.8411 0.0000
vt 1.4882 -0.0485 0.0000
vt 2.4343 -0.0485 0.0000
vt 1.5157 -0.0485 0.0000
vt 1.5157 -1.8411 0.0000
vt 1.5157 -1.8411 0.0000
vt 2.4343 -1.8411 0.0000
vt 2.4343 -0.0485 0.0000
vt 0.4278 0.0610 0.0000
vt 0.3466 -0.0330 0.0000
vt 1.4185 0.0408 0.0000
vt 1.4185 0.0408 0.0000
vt 1.3250 0.1229 0.0000
vt 0.4278 0.0610 0.0000
vt 0.3644 0.9796 0.0000
vt 0.2708 1.0617 0.0000
vt 0.3466 -0.0330 0.0000
vt 0.3466 -0.0330 0.0000
vt 0.4278 0.0610 0.0000
vt 0.3644 0.9796 0.0000
vt 1.2616 1.0415 0.0000
vt 1.3428 1.1355 0.0000
vt 0.2708 1.0617 0.0000
vt 0.2708 1.0617 0.0000
vt 0.3644 0.9796 0.0000
vt 1.2616 1.0415 0.0000
vt 1.3250 0.1229 0.0000
vt 1.4185 0.0408 0.0000
vt 1.3428 1.1355 0.0000
vt 1.3428 1.1355 0.0000
vt 1.2616 1.0415 0.0000
vt 1.3250 0.1229 0.0000
vt -0.1863 1.0389 0.0000
vt -0.3792 1.0389 0.0000
vt -0.3792 -0.0330 0.0000
vt -0.3792 -0.0330 0.0000
vt -0.1863 -0.0330 0.0000
vt -0.1863 1.0389 0.0000
vt 0.0303 1.0617 0.0000
vt -0.1625 1.0617 0.0000
vt -0.1625 -0.0330 0.0000
vt -0.1625 -0.0330 0.0000
vt 0.0303 -0.0330 0.0000
vt 0.0303 1.0617 0.0000
vt -0.5959 -0.0330 0.0000
vt -0.4030 -0.0330 0.0000
vt -0.4030 1.0389 0.0000
vt -0.4030 1.0389 0.0000
vt -0.5959 1.0389 0.0000
vt -0.5959 -0.0330 0.0000
vt 0.0542 -0.0330 0.0000
vt 0.2470 -0.0330 0.0000
vt 0.2470 1.0617 0.0000
vt 0.2470 1.0617 0.0000
vt 0.0542 1.0617 0.0000
vt 0.0542 -0.0330 0.0000
vt -0.6737 -1.8424 0.0000
vt -0.6737 -0.1139 0.0000
vt -1.2779 -0.1139 0.0000
vt -1.2779 -0.1139 0.0000
vt -1.2779 -1.8424 0.0000
vt -0.6737 -1.8424 0.0000
vt -0.2017 1.1187 0.0000
vt -0.1177 -0.0984 0.0000
vt 0.4865 -0.0567 0.0000
vt 0.4865 -0.0567 0.0000
vt 0.4025 1.1604 0.0000
vt -0.2017 1.1187 0.0000
vt -0.0435 -1.8424 0.0000
vt -0.0435 -0.1139 0.0000
vt -0.6476 -0.1139 0.0000
vt -0.6476 -0.1139 0.0000
vt -0.6476 -1.8424 0.0000
vt -0.0435 -1.8424 0.0000
vt 1.1989 -0.1139 0.0000
vt -0.0181 -0.1139 0.0000
vt -0.0181 -1.8424 0.0000
vt -0.0181 -1.8424 0.0000
vt 1.1989 -1.8424 0.0000
vt 1.1989 -0.1139 0.0000
vt 2.4428 -0.1139 0.0000
vt 1.2257 -0.1139 0.0000
vt 1.2257 -1.8424 0.0000
vt 1.2257 -1.8424 0.0000
vt 2.4428 -1.8424 0.0000
vt 2.4428 -0.1139 0.0000
vt -0.5756 -1.8413 0.0000
vt -0.5756 1.0489 0.0000
vt -1.2779 1.0489 0.0000
vt -1.2779 1.0489 0.0000
vt -1.2779 -1.8413 0.0000
vt -0.5756 -1.8413 0.0000
vt 0.7283 1.2564 0.0000
vt 1.3552 1.0644 0.0000
vt 1.5702 1.7667 0.0000
vt 1.5702 1.7667 0.0000
vt 0.9433 1.9586 0.0000
vt 0.7283 1.2564 0.0000
vt 1.4578 -1.8413 0.0000
vt 1.4578 1.0489 0.0000
vt 0.7555 1.0489 0.0000
vt 0.7555 1.0489 0.0000
vt 0.7555 -1.8413 0.0000
vt 1.4578 -1.8413 0.0000
vt 0.0778 1.0489 0.0000
vt -0.5491 1.0489 0.0000
vt -0.5491 -1.8413 0.0000
vt -0.5491 -1.8413 0.0000
vt 0.0778 -1.8413 0.0000
vt 0.0778 1.0489 0.0000
vt 0.7301 1.0489 0.0000
vt 0.1032 1.0489 0.0000
vt 0.1032 -1.8413 0.0000
vt 0.1032 -1.8413 0.0000
vt 0.7301 -1.8413 0.0000
vt 0.7301 1.0489 0.0000
vt 6.7908 1.3003 0.5358
vt 6.1249 1.3113 0.5351
vt 6.1321 1.7216 -0.0536
vt 6.1321 1.7216 -0.0536
vt 6.7980 1.7106 -0.0529
vt 6.7908 1.3003 0.5358
vt 6.7834 0.8740 -0.0207
vt 6.1175 0.8851 -0.0214
vt 6.1249 1.3113 0.5351
vt 6.1249 1.3113 0.5351
vt 6.7908 1.3003 0.5358
vt 6.7834 0.8740 -0.0207
vt 6.1322 1.7317 0.0278
vt 6.1249 1.3117 0.6171
vt 6.7908 1.3007 0.6177
vt 6.7908 1.3007 0.6177
vt 6.7981 1.7207 0.0285
vt 6.1322 1.7317 0.0278
vt 6.1249 1.3117 0.6171
vt 6.1174 0.8759 0.0611
vt 6.7833 0.8649 0.0618
vt 6.7833 0.8649 0.0618
vt 6.7908 1.3007 0.6177
vt 6.1249 1.3117 0.6171
vt 6.7980 1.7106 -0.0529
vt 6.1321 1.7216 -0.0536
vt 6.1322 1.7317 0.0278
vt 6.1322 1.7317 0.0278
vt 6.7981 1.7207 0.0285
vt 6.7980 1.7106 -0.0529
vt 6.1322 1.7317 0.0278
vt 6.1321 1.7216 -0.0536
vt 6.1249 1.3113 0.5351
vt 6.1249 1.3113 0.5351
vt 6.1249 1.3117 0.6171
vt 6.1322 1.7317 0.0278
vt 6.7908 1.3003 0.5358
vt 6.7980 1.7106 -0.0529
vt 6.7981 1.7207 0.0285
vt 6.7981 1.7207 0.0285
vt 6.7908 1.3007 0.6177
vt 6.7908 1.3003 0.5358
vt 6.1249 1.3113 0.5351
vt 6.1175 0.8851 -0.0214
vt 6.1174 0.8759 0.0611
vt 6.1174 0.8759 0.0611
vt 6.1249 1.3117 0.6171
vt 6.1249 1.3113 0.5351
vt 6.1175 0.8851 -0.0214
vt 6.7834 0.8740 -0.0207
vt 6.7833 0.8649 0.0618
vt 6.7833 0.8649 0.0618
vt 6.1174 0.8759 0.0611
vt 6.1175 0.8851 -0.0214
vt 6.7833 0.8649 0.0618
vt 6.7834 0.8740 -0.0207
vt 6.7908 1.3003 0.5358
vt 6.7908 1.3003 0.5358
vt 6.7908 1.3007 0.6177
vt 6.7833 0.8649 0.0618
vt 6.7350 2.6573 0.4218
vt 6.1130 2.6676 0.4212
vt 6.1187 3.0089 -0.0665
vt 6.1187 3.0089 -0.0665
vt 6.7407 2.9986 -0.0659
vt 6.7350 2.6573 0.4218
vt 6.7281 2.2516 -0.0184
vt 6.1061 2.2619 -0.0190
vt 6.1130 2.6676 0.4212
vt 6.1130 2.6676 0.4212
vt 6.7350 2.6573 0.4218
vt 6.7281 2.2516 -0.0184
vt 6.1189 3.0190 0.0149
vt 6.1130 2.6681 0.5032
vt 6.7350 2.6578 0.5037
vt 6.7350 2.6578 0.5037
vt 6.7409 3.0087 0.0154
vt 6.1189 3.0190 0.0149
vt 6.1130 2.6681 0.5032
vt 6.1059 2.2527 0.0635
vt 6.7279 2.2424 0.0641
vt 6.7279 2.2424 0.0641
vt 6.7350 2.6578 0.5037
vt 6.1130 2.6681 0.5032
vt 6.7407 2.9986 -0.0659
vt 6.1187 3.0089 -0.0665
vt 6.1189 3.0190 0.0149
vt 6.1189 3.0190 0.0149
vt 6.7409 3.0087 0.0154
vt 6.7407 2.9986 -0.0659
vt 6.1189 3.0190 0.0149
vt 6.1187 3.0089 -0.0665
vt 6.1130 2.6676 0.4212
vt 6.1130 2.6676 0.4212
vt 6.1130 2.6681 0.5032
vt 6.1189 3.0190 0.0149
vt 6.7350 2.6573 0.4218
vt 6.7407 2.9986 -0.0659
vt 6.7409 3.0087 0.0154
vt 6.7409 3.0087 0.0154
vt 6.7350 2.6578 0.5037
vt 6.7350 2.6573 0.4218
vt 6.1130 2.6676 0.4212
vt 6.1061 2.2619 -0.0190
vt 6.1059 2.2527 0.0635
vt 6.1059 2.2527 0.0635
vt 6.1130 2.6681 0.5032
vt 6.1130 2.6676 0.4212
vt 6.1061 2.2619 -0.0190
vt 6.7281 2.2516 -0.0184
vt 6.7279 2.2424 0.0641
vt 6.7279 2.2424 0.0641
vt 6.1059 2.2527 0.0635
vt 6.1061 2.2619 -0.0190
vt 6.7279 2.2424 0.0641
vt 6.7281 2.2516 -0.0184
vt 6.7350 2.6573 0.4218
vt 6.7350 2.6573 0.4218
vt 6.7350 2.6578 0.5037
vt 6.7279 2.2424 0.0641
vt 0.0854 -0.0108 0.0005
vt 0.0831 0.4936 0.8824
vt 0.7491 0.4947 0.8824
vt 0.7491 0.4947 0.8824
vt 0.9164 -0.0208 0.0005
vt 0.0854 -0.0108 0.0005
vt 0.0836 1.0208 0.0005
vt 0.9146 1.0108 0.0005
vt 0.7491 0.4947 0.8824
vt 0.7491 0.4947 0.8824
vt 0.0831 0.4936 0.8824
vt 0.0836 1.0208 0.0005
vt 0.0854 -0.0252 0.1053
vt 0.9164 -0.0353 0.1053
vt 0.7491 0.4947 0.9995
vt 0.7491 0.4947 0.9995
vt 0.0831 0.4936 0.9995
vt 0.0854 -0.0252 0.1053
vt 0.7491 0.4947 0.9995
vt 0.9146 1.0252 0.1053
vt 0.0836 1.0353 0.1053
vt 0.0836 1.0353 0.1053
vt 0.0831 0.4936 0.9995
vt 0.7491 0.4947 0.9995
vt 0.0854 -0.0108 0.0005
vt 0.9164 -0.0208 0.0005
vt 0.9164 -0.0353 0.1053
vt 0.9164 -0.0353 0.1053
vt 0.0854 -0.0252 0.1053
vt 0.0854 -0.0108 0.0005
vt 0.9164 -0.0208 0.0005
vt 0.7491 0.4947 0.8824
vt 0.7491 0.4947 0.9995
vt 0.7491 0.4947 0.9995
vt 0.9164 -0.0353 0.1053
vt 0.9164 -0.0208 0.0005
vt 0.0831 0.4936 0.8824
vt 0.0854 -0.0108 0.0005
vt 0.0854 -0.0252 0.1053
vt 0.0854 -0.0252 0.1053
vt 0.0831 0.4936 0.9995
vt 0.0831 0.4936 0.8824
vt 0.7491 0.4947 0.8824
vt 0.9146 1.0108 0.0005
vt 0.9146 1.0252 0.1053
vt 0.9146 1.0252 0.1053
vt 0.7491 0.4947 0.9995
vt 0.7491 0.4947 0.8824
vt 0.9146 1.0108 0.0005
vt 0.0836 1.0208 0.0005
vt 0.0836 1.0353 0.1053
vt 0.0836 1.0353 0.1053
vt 0.9146 1.0252 0.1053
vt 0.9146 1.0108 0.0005
vt 0.0836 1.0208 0.0005
vt 0.0831 0.4936 0.8824
vt 0.0831 0.4936 0.9995
vt 0.0831 0.4936 0.9995
vt 0.0836 1.0353 0.1053
vt 0.0836 1.0208 0.0005
vt 0.1823 2.2569 0.0000
vt 0.2867 1.6550 0.0000
vt 1.3147 1.6550 0.0000
vt 1.3147 1.6550 0.0000
vt 1.2102 2.2569 0.0000
vt 0.1823 2.2569 0.0000
vt 9.7791 -8.1700 1.5064
vt 9.7791 -8.3466 1.4942
vt 10.9230 -8.9690 1.5278
vt 10.9230 -8.9690 1.5278
vt 10.9230 -8.7924 1.5400
vt 9.7791 -8.1700 1.5064
vt 10.0695 -9.6658 1.3665
vt 10.3669 -9.3591 1.3500
vt 11.5108 -9.9815 1.3836
vt 11.5108 -9.9815 1.3836
vt 11.2134 -10.2882 1.4001
vt 10.0695 -9.6658 1.3665
vt 10.3669 -7.7406 1.4615
vt 10.3669 -7.5640 1.4737
vt 11.5108 -8.1864 1.5073
vt 11.5108 -8.1864 1.5073
vt 11.5108 -8.3630 1.4951
vt 10.3669 -7.7406 1.4615
vt 10.3669 -7.5640 1.4737
vt 10.3669 -7.7406 1.4615
vt 10.0695 -8.0458 1.4782
vt 10.0695 -8.0458 1.4782
vt 10.0695 -7.5012 1.5157
vt 10.3669 -7.5640 1.4737
vt 1.0374 -1.3547 0.0000
vt 0.5138 -0.7961 0.0000
vt 0.5138 -1.6096 0.0000
vt 0.5138 -1.6096 0.0000
vt 1.0374 -1.6096 0.0000
vt 1.0374 -1.3547 0.0000
vt 0.1592 1.6181 0.0000
vt 0.2614 1.0138 0.0000
vt 1.2894 1.0138 0.0000
vt 1.2894 1.0138 0.0000
vt 1.1872 1.6181 0.0000
vt 0.1592 1.6181 0.0000
vt 0.5138 -1.6096 0.0000
vt 0.5138 -0.7961 0.0000
vt 0.0005 -1.3547 0.0000
vt 0.0005 -1.3547 0.0000
vt 0.0005 -1.6096 0.0000
vt 0.5138 -1.6096 0.0000
vt 9.7791 -9.9651 1.3827
vt 10.0695 -9.6658 1.3665
vt 11.2134 -10.2882 1.4001
vt 11.2134 -10.2882 1.4001
vt 10.9230 -10.5875 1.4162
vt 9.7791 -9.9651 1.3827
vt 10.0695 -8.0458 1.4782
vt 9.7791 -8.3466 1.4942
vt 9.7791 -8.1700 1.5064
vt 9.7791 -8.1700 1.5064
vt 10.0695 -7.5012 1.5157
vt 10.0695 -8.0458 1.4782
vt 0.1674 2.6093 0.0000
vt 0.1568 2.4268 0.0000
vt 1.1848 2.4268 0.0000
vt 1.1848 2.4268 0.0000
vt 1.1954 2.6093 0.0000
vt 0.1674 2.6093 0.0000
vt -0.5341 -2.6141 0.0000
vt -0.5351 -2.7894 0.0000
vt 0.0371 -2.2072 0.0000
vt 0.0371 -2.2072 0.0000
vt -0.0208 -2.0306 0.0000
vt -0.5341 -2.6141 0.0000
vt 0.9188 0.6291 0.0000
vt 1.4320 0.0457 0.0000
vt 1.4899 0.2222 0.0000
vt 1.4899 0.2222 0.0000
vt 0.9178 0.8044 0.0000
vt 0.9188 0.6291 0.0000
vt -0.5341 -2.6141 0.0000
vt -1.0350 -2.0306 0.0000
vt -1.0949 -2.2048 0.0000
vt -1.0949 -2.2048 0.0000
vt -0.5351 -2.7894 0.0000
vt -0.5341 -2.6141 0.0000
vt 1.3038 0.6617 0.0000
vt 1.3147 0.8417 0.0000
vt 0.2868 0.8417 0.0000
vt 0.2868 0.8417 0.0000
vt 0.2758 0.6617 0.0000
vt 1.3038 0.6617 0.0000
vt 0.9188 0.6291 0.0000
vt 0.9178 0.8044 0.0000
vt 0.3579 0.2198 0.0000
vt 0.3579 0.2198 0.0000
vt 0.4178 0.0457 0.0000
vt 0.9188 0.6291 0.0000
vt -0.7466 0.8632 0.0000
vt -0.6073 0.8277 0.0000
vt -0.2421 2.2615 0.0000
vt -0.2421 2.2615 0.0000
vt -0.3814 2.2970 0.0000
vt -0.7466 0.8632 0.0000
vt -0.0208 -2.0306 0.0000
vt 0.0371 -2.2072 0.0000
vt 0.1764 -2.0428 0.0000
vt 0.1764 -2.0428 0.0000
vt 0.1184 -1.8662 0.0000
vt -0.0208 -2.0306 0.0000
vt 1.2102 2.2569 0.0000
vt 1.1848 2.4268 0.0000
vt 0.1568 2.4268 0.0000
vt 0.1568 2.4268 0.0000
vt 0.1823 2.2569 0.0000
vt 1.2102 2.2569 0.0000
vt 1.4320 0.0457 0.0000
vt 1.5712 -0.1187 0.0000
vt 1.6292 0.0578 0.0000
vt 1.6292 0.0578 0.0000
vt 1.4899 0.2222 0.0000
vt 1.4320 0.0457 0.0000
vt -0.7297 3.7541 0.0000
vt -0.8683 3.7894 0.0000
vt -1.2335 2.3555 0.0000
vt -1.2335 2.3555 0.0000
vt -1.0950 2.3203 0.0000
vt -0.7297 3.7541 0.0000
vt 0.4178 0.0457 0.0000
vt 0.3579 0.2198 0.0000
vt 0.2193 0.0533 0.0000
vt 0.2193 0.0533 0.0000
vt 0.2793 -0.1209 0.0000
vt 0.4178 0.0457 0.0000
vt 0.2614 1.0138 0.0000
vt 0.2868 0.8417 0.0000
vt 1.3147 0.8417 0.0000
vt 1.3147 0.8417 0.0000
vt 1.2894 1.0138 0.0000
vt 0.2614 1.0138 0.0000
vt -1.0350 -2.0306 0.0000
vt -1.1736 -1.8641 0.0000
vt -1.2335 -2.0383 0.0000
vt -1.2335 -2.0383 0.0000
vt -1.0949 -2.2048 0.0000
vt -1.0350 -2.0306 0.0000
vt 1.0374 -1.6096 0.0000
vt 0.5138 -1.6096 0.0000
vt 0.5138 -3.0073 0.0000
vt 0.5138 -3.0073 0.0000
vt 1.0374 -3.0073 0.0000
vt 1.0374 -1.6096 0.0000
vt 10.3669 -9.3591 1.3500
vt 10.3669 -7.7406 1.4615
vt 11.5108 -8.3630 1.4951
vt 11.5108 -8.3630 1.4951
vt 11.5108 -9.9815 1.3836
vt 10.3669 -9.3591 1.3500
vt 10.3669 -7.7406 1.4615
vt 10.3669 -9.3591 1.3500
vt 10.0695 -9.6658 1.3665
vt 10.0695 -9.6658 1.3665
vt 10.0695 -8.0458 1.4782
vt 10.3669 -7.7406 1.4615
vt 10.0695 -8.0458 1.4782
vt 10.0695 -9.6658 1.3665
vt 9.7791 -9.9651 1.3827
vt 9.7791 -9.9651 1.3827
vt 9.7791 -8.3466 1.4942
vt 10.0695 -8.0458 1.4782
vt 9.7791 -8.3466 1.4942
vt 9.7791 -9.9651 1.3827
vt 10.9230 -10.5875 1.4162
vt 10.9230 -10.5875 1.4162
vt 10.9230 -8.9690 1.5278
vt 9.7791 -8.3466 1.4942
vt 0.5138 -1.6096 0.0000
vt 0.0005 -1.6096 0.0000
vt 0.0005 -3.0073 0.0000
vt 0.0005 -3.0073 0.0000
vt 0.5138 -3.0073 0.0000
vt 0.5138 -1.6096 0.0000
vt 8.4266 11.7507 0.0000
vt 8.4273 11.9223 0.0000
vt -2.9929 -14.4906 0.0000
vt 8.4262 11.6646 0.0000
vt 8.4266 11.7507 0.0000
vt -2.9929 -14.4906 0.0000
vt 8.4260 11.6116 0.0000
vt 8.4262 11.6646 0.0000
vt -2.9929 -14.4906 0.0000
vt 8.4258 11.5687 0.0000
vt 8.4260 11.6116 0.0000
vt -2.9929 -14.4906 0.0000
vt 8.4256 11.5258 0.0000
vt 8.4258 11.5687 0.0000
vt -2.9929 -14.4906 0.0000
vt 8.4254 11.4729 0.0000
vt 8.4256 11.5258 0.0000
vt -2.9929 -14.4906 0.0000
vt 8.4251 11.3875 0.0000
vt 8.4254 11.4729 0.0000
vt -2.9929 -14.4906 0.0000
vt 8.4241 11.1646 0.0000
vt 8.4251 11.3875 0.0000
vt -2.9929 -14.4906 0.0000
vt 8.4225 10.7662 0.0000
vt 8.4241 11.1646 0.0000
vt -2.9929 -14.4906 0.0000
vt 8.4225 10.7662 0.0000
vt -2.9929 -14.4906 0.0000
vt 2.1088 -14.6207 0.0000
vt 8.4225 10.7662 0.0000
vt 10.0473 -14.8233 0.0000
vt 10.0457 10.7584 0.0000
vt 8.6209 12.3701 0.0000
vt 10.0456 12.3649 0.0000
vt 10.0454 15.6647 0.0000
vt 8.4292 12.3709 0.0000
vt 8.6209 12.3701 0.0000
vt 10.0454 15.6647 0.0000
vt 8.4292 12.3709 0.0000
vt 10.0454 15.6647 0.0000
vt -2.8532 15.6922 0.0000
vt 8.4275 11.9765 0.0000
vt 8.4292 12.3709 0.0000
vt -2.8532 15.6922 0.0000
vt 8.4273 11.9223 0.0000
vt 8.4275 11.9765 0.0000
vt -2.8532 15.6922 0.0000
vt 8.4273 11.9223 0.0000
vt -2.8532 15.6922 0.0000
vt -2.9929 -14.4906 0.0000
vt -21.9566 -6.2213 0.0000
vt -18.8330 3.7459 0.0000
vt 4.0137 3.6074 0.0000
vt 4.0137 3.6074 0.0000
vt 8.1567 -6.1441 0.0000
vt -21.9566 -6.2213 0.0000
vt -17.9855 -6.0796 0.0000
vt -17.9712 -6.2164 0.0000
vt 7.5431 -6.1788 0.0000
vt -18.0912 -5.8380 0.0000
vt -17.9855 -6.0796 0.0000
vt 7.5431 -6.1788 0.0000
vt -18.2641 -5.6466 0.0000
vt -18.0912 -5.8380 0.0000
vt 7.5431 -6.1788 0.0000
vt 5.6970 -1.0601 0.0000
vt 4.0137 3.6074 0.0000
vt -18.8330 3.7459 0.0000
vt -18.8330 3.7459 0.0000
vt -22.8645 -6.2236 0.0000
vt -19.5735 -6.2188 0.0000
vt -18.8330 3.7459 0.0000
vt -19.5735 -6.2188 0.0000
vt -19.5473 -6.0846 0.0000
vt -18.8330 3.7459 0.0000
vt -19.5473 -6.0846 0.0000
vt -19.4197 -5.8423 0.0000
vt -18.8330 3.7459 0.0000
vt -19.4197 -5.8423 0.0000
vt -19.2294 -5.6497 0.0000
vt -18.8330 3.7459 0.0000
vt -19.2294 -5.6497 0.0000
vt -18.9949 -5.5257 0.0000
vt -18.8330 3.7459 0.0000
vt -18.9949 -5.5257 0.0000
vt -18.7393 -5.4824 0.0000
vt 7.5431 -6.1788 0.0000
vt -18.8330 3.7459 0.0000
vt -18.7393 -5.4824 0.0000
vt 7.5431 -6.1788 0.0000
vt -18.7393 -5.4824 0.0000
vt -18.4874 -5.5241 0.0000
vt -18.2641 -5.6466 0.0000
vt 7.5431 -6.1788 0.0000
vt -18.4874 -5.5241 0.0000
vt 5.8606 -10.7518 0.0000
vt 18.7273 -10.7518 0.0000
vt 12.4069 -4.3966 0.0000
vt 11.3685 -10.7395 0.0000
vt 6.2350 -10.7264 0.0000
vt 12.3195 -4.5250 0.0000
vt 0.7603 0.9446 0.2188
vt 0.6352 0.9738 0.3281
vt 0.4966 0.7785 0.4844
vt 0.8595 0.8992 0.0938
vt 0.7603 0.9446 0.2188
vt 0.4966 0.7785 0.4844
vt 0.9232 0.8420 0.0313
vt 0.8595 0.8992 0.0938
vt 0.4966 0.7785 0.4844
vt 0.9452 0.7785 0.0000
vt 0.9232 0.8420 0.0313
vt 0.4966 0.7785 0.4844
vt 0.0701 0.8420 0.9844
vt 0.0481 0.7785 0.9688
vt 0.4966 0.7785 0.4844
vt 0.1338 0.8992 0.9219
vt 0.0701 0.8420 0.9844
vt 0.4966 0.7785 0.4844
vt 0.2330 0.9446 0.8125
vt 0.1338 0.8992 0.9219
vt 0.4966 0.7785 0.4844
vt 0.3580 0.9738 0.6406
vt 0.2330 0.9446 0.8125
vt 0.4966 0.7785 0.4844
vt 0.4966 0.9838 0.4844
vt 0.3580 0.9738 0.6406
vt 0.4966 0.7785 0.4844
vt 0.6352 0.9738 0.3281
vt 0.4966 0.9838 0.4844
vt 0.4966 0.7785 0.4844
vt -14.9070 10.3656 0.3242
vt -14.9070 9.0298 0.2321
vt -14.8365 8.9533 0.2363
vt -14.9070 10.3656 0.3242
vt -14.8365 8.9533 0.2363
vt -14.8365 10.3223 0.3306
vt -14.9070 10.3656 0.3242
vt -14.8365 10.3223 0.3306
vt -14.9115 10.4039 0.3262
vt -0.0516 -8.3719 1.0173
vt 0.8828 -9.3933 1.0724
vt 0.8458 -8.1023 1.1563
vt 0.8458 -8.1023 1.1563
vt -0.0575 -7.1260 1.1036
vt -0.0516 -8.3719 1.0173
vt -2.0059 0.8137 0.0000
vt -2.0059 0.8137 0.0000
vt -2.0059 0.8523 0.0000
vt -2.0059 0.8523 0.0000
vt -2.0059 0.8523 0.0000
vt -2.0059 0.8137 0.0000
vt -2.0059 0.8523 0.0000
vt -2.0059 0.8523 0.0000
vt -1.9634 0.8523 0.0000
vt -1.9634 0.8523 0.0000
vt -1.9634 0.8523 0.0000
vt -2.0059 0.8523 0.0000
vt -1.9634 0.8523 0.0000
vt -1.9634 0.8523 0.0000
vt -1.9634 0.8137 0.0000
vt -1.9634 0.8137 0.0000
vt -1.9634 0.8137 0.0000
vt -1.9634 0.8523 0.0000
vt -1.9634 0.8137 0.0000
vt -1.9634 0.8137 0.0000
vt -2.0059 0.8137 0.0000
vt -2.0059 0.8137 0.0000
vt -2.0059 0.8137 0.0000
vt -1.9634 0.8137 0.0000
vt -1.9247 0.7690 0.0000
vt -1.9247 0.7690 0.0000
vt -1.9247 0.8137 0.0000
vt -1.9247 0.8137 0.0000
vt -1.9247 0.8137 0.0000
vt -1.9247 0.7690 0.0000
vt -1.9247 0.8137 0.0000
vt -1.9247 0.8137 0.0000
vt -1.8821 0.8137 0.0000
vt -1.8821 0.8137 0.0000
vt -1.8821 0.8137 0.0000
vt -1.9247 0.8137 0.0000
vt -1.8821 0.8137 0.0000
vt -1.8821 0.8137 0.0000
vt -1.8821 0.7690 0.0000
vt -1.8821 0.7690 0.0000
vt -1.8821 0.7690 0.0000
vt -1.8821 0.8137 0.0000
vt -1.8821 0.7690 0.0000
vt -1.8821 0.7690 0.0000
vt -1.9247 0.7690 0.0000
vt -1.9247 0.7690 0.0000
vt -1.9247 0.7690 0.0000
vt -1.8821 0.7690 0.0000
vt -11.0024 0.7388 0.1822
vt -9.7983 1.3599 0.1487
vt -9.7983 0.3758 0.0809
vt -9.7983 0.3758 0.0809
vt -11.0024 -0.2453 0.1144
vt -11.0024 0.7388 0.1822
vt -11.0024 -0.2453 0.1144
vt -9.7983 0.3758 0.0809
vt -10.8295 1.4972 0.0204
vt -10.8295 1.4972 0.0204
vt -12.0336 0.8761 0.0539
vt -11.0024 -0.2453 0.1144
vt -12.0336 0.8761 0.0539
vt -10.8295 1.4972 0.0204
vt -10.8295 2.4813 0.0882
vt -10.8295 2.4813 0.0882
vt -12.0336 1.8602 0.1217
vt -12.0336 0.8761 0.0539
vt -12.0336 1.8602 0.1217
vt -10.8295 2.4813 0.0882
vt -9.7983 1.3599 0.1487
vt -9.7983 1.3599 0.1487
vt -11.0024 0.7388 0.1822
vt -12.0336 1.8602 0.1217
vt -8.0584 -2.4765 0.3556
vt -6.8640 -1.8463 0.3216
vt -6.8640 -3.8432 0.1840
vt -6.8640 -3.8432 0.1840
vt -8.0584 -4.4734 0.2180
vt -8.0584 -2.4765 0.3556
vt -9.0455 -3.3706 0.1585
vt -8.0584 -4.4734 0.2180
vt -6.8640 -3.8432 0.1840
vt -6.8640 -3.8432 0.1840
vt -7.8512 -2.7403 0.1245
vt -9.0455 -3.3706 0.1585
vt -9.0455 -3.3706 0.1585
vt -7.8512 -2.7403 0.1245
vt -7.8512 -0.7434 0.2621
vt -7.8512 -0.7434 0.2621
vt -9.0455 -1.3737 0.2961
vt -9.0455 -3.3706 0.1585
vt -8.2612 -2.1522 0.3501
vt -7.0461 -1.5451 0.3174
vt -6.8640 -1.8463 0.3216
vt -6.8640 -1.8463 0.3216
vt -8.0584 -2.4765 0.3556
vt -8.2612 -2.1522 0.3501
vt -5.1136 -5.6696 0.5279
vt -3.9136 -5.0447 0.4942
vt -3.9136 -6.3510 0.4041
vt -3.9136 -6.3510 0.4041
vt -5.1136 -6.9759 0.4378
vt -5.1136 -5.6696 0.5279
vt -6.0274 -5.9721 0.3837
vt -5.1136 -6.9759 0.4378
vt -3.9136 -6.3510 0.4041
vt -3.9136 -6.3510 0.4041
vt -4.8274 -5.3472 0.3500
vt -6.0274 -5.9721 0.3837
vt -6.0274 -5.9721 0.3837
vt -4.8274 -5.3472 0.3500
vt -4.8273 -4.0408 0.4400
vt -4.8273 -4.0408 0.4400
vt -6.0274 -4.6658 0.4737
vt -6.0274 -5.9721 0.3837
vt -5.3396 -5.3152 0.5208
vt -4.1050 -4.7282 0.4892
vt -3.9136 -5.0447 0.4942
vt -3.9136 -5.0447 0.4942
vt -5.1136 -5.6696 0.5279
vt -5.3396 -5.3152 0.5208
vt 0.6677 -11.9881 0.8687
vt 1.8601 -11.3563 0.8346
vt 1.8601 -12.3404 0.7668
vt 1.8601 -12.3404 0.7668
vt 0.6677 -12.9722 0.8009
vt 0.6677 -11.9881 0.8687
vt -0.0503 -12.1547 0.7568
vt 0.6677 -12.9722 0.8009
vt 1.8601 -12.3404 0.7668
vt 1.8601 -12.3404 0.7668
vt 1.1421 -11.5229 0.7227
vt -0.0503 -12.1547 0.7568
vt -0.0503 -12.1547 0.7568
vt 1.1421 -11.5229 0.7227
vt 1.1421 -10.5387 0.7905
vt 1.1421 -10.5387 0.7905
vt -0.0503 -11.1705 0.8246
vt -0.0503 -12.1547 0.7568
vt -0.0503 -11.1705 0.8246
vt 1.1421 -10.5387 0.7905
vt 1.8601 -11.3563 0.8346
vt 1.8601 -11.3563 0.8346
vt 0.6677 -11.9881 0.8687
vt -0.0503 -11.1705 0.8246
vt -1.9733 -9.0859 0.7122
vt -0.7746 -8.4597 0.6784
vt -0.7746 -9.7780 0.5875
vt -0.7746 -9.7780 0.5875
vt -1.9733 -10.4042 0.6213
vt -1.9733 -9.0859 0.7122
vt -2.8471 -9.4406 0.5693
vt -1.9733 -10.4042 0.6213
vt -0.7746 -9.7780 0.5875
vt -0.7746 -9.7780 0.5875
vt -1.6485 -8.8144 0.5356
vt -2.8471 -9.4406 0.5693
vt -2.8471 -9.4406 0.5693
vt -1.6485 -8.8144 0.5356
vt -1.6485 -7.4962 0.6264
vt -1.6485 -7.4962 0.6264
vt -2.8471 -8.1224 0.6602
vt -2.8471 -9.4406 0.5693
vt -2.1400 -8.8344 0.7056
vt -0.9395 -8.2102 0.6719
vt -0.7746 -8.4597 0.6784
vt -0.7746 -8.4597 0.6784
vt -1.9733 -9.0859 0.7122
vt -2.1400 -8.8344 0.7056
vt -13.9697 9.7940 0.4101
vt -13.9697 9.3792 0.3815
vt -12.0356 7.2749 0.4950
vt -12.0356 7.2749 0.4950
vt -12.0356 7.6897 0.5236
vt -13.9697 9.7940 0.4101
vt -13.9697 8.0101 0.2871
vt -12.0356 5.9059 0.4006
vt -12.0356 7.2749 0.4950
vt -12.0356 7.2749 0.4950
vt -13.9697 9.3792 0.3815
vt -13.9697 8.0101 0.2871
vt -13.9684 2.9800 -0.0596
vt -12.0336 0.8761 0.0539
vt -12.0336 1.8602 0.1217
vt -12.0336 1.8602 0.1217
vt -13.9684 3.9641 0.0082
vt -13.9684 2.9800 -0.0596
vt -13.2087 1.8354 -0.0370
vt -13.2083 0.1916 -0.1503
vt -12.0336 0.8761 0.0539
vt -12.0336 0.8761 0.0539
vt -13.9684 2.9800 -0.0596
vt -13.2087 1.8354 -0.0370
vt -14.5054 10.3769 0.3786
vt -14.5054 9.9621 0.3500
vt -13.9697 9.3792 0.3815
vt -13.9697 9.3792 0.3815
vt -13.9697 9.7940 0.4101
vt -14.5054 10.3769 0.3786
vt -14.5043 3.5628 -0.0911
vt -13.9684 2.9800 -0.0596
vt -13.9684 3.9641 0.0082
vt -13.9684 3.9641 0.0082
vt -14.5043 4.5469 -0.0232
vt -14.5043 3.5628 -0.0911
vt -14.5043 3.2444 -0.1130
vt -13.2087 1.8354 -0.0370
vt -13.9684 2.9800 -0.0596
vt -13.9684 2.9800 -0.0596
vt -14.5043 3.5628 -0.0911
vt -14.5043 3.2444 -0.1130
vt -2.0059 0.2542 0.0000
vt -2.0059 0.2542 0.0000
vt -1.9634 0.2542 0.0000
vt -1.9634 0.2542 0.0000
vt -1.9634 0.2542 0.0000
vt -2.0059 0.2542 0.0000
vt -1.9634 0.2542 0.0000
vt -1.9634 0.2542 0.0000
vt -1.9634 0.2169 0.0000
vt -1.9634 0.2169 0.0000
vt -1.9634 0.2169 0.0000
vt -1.9634 0.2542 0.0000
vt -1.9634 0.2169 0.0000
vt -1.9634 0.2169 0.0000
vt -2.0059 0.2169 0.0000
vt -2.0059 0.2169 0.0000
vt -2.0059 0.2169 0.0000
vt -1.9634 0.2169 0.0000
vt -2.0059 0.2169 0.0000
vt -2.0059 0.2169 0.0000
vt -2.0059 0.2542 0.0000
vt -2.0059 0.2542 0.0000
vt -2.0059 0.2542 0.0000
vt -2.0059 0.2169 0.0000
vt -1.9247 0.2534 0.0000
vt -1.9247 0.2534 0.0000
vt -1.8821 0.2534 0.0000
vt -1.8821 0.2534 0.0000
vt -1.8821 0.2534 0.0000
vt -1.9247 0.2534 0.0000
vt -1.8821 0.2534 0.0000
vt -1.8821 0.2534 0.0000
vt -1.8821 0.2162 0.0000
vt -1.8821 0.2162 0.0000
vt -1.8821 0.2162 0.0000
vt -1.8821 0.2534 0.0000
vt -1.8821 0.2162 0.0000
vt -1.8821 0.2162 0.0000
vt -1.9247 0.2162 0.0000
vt -1.9247 0.2162 0.0000
vt -1.9247 0.2162 0.0000
vt -1.8821 0.2162 0.0000
vt -1.9247 0.2162 0.0000
vt -1.9247 0.2162 0.0000
vt -1.9247 0.2534 0.0000
vt -1.9247 0.2534 0.0000
vt -1.9247 0.2534 0.0000
vt -1.9247 0.2162 0.0000
vt -2.0059 0.3642 0.0000
vt -2.0059 0.3642 0.0000
vt -1.9634 0.3642 0.0000
vt -1.9634 0.3642 0.0000
vt -1.9634 0.3642 0.0000
vt -2.0059 0.3642 0.0000
vt -1.9634 0.3642 0.0000
vt -1.9634 0.3642 0.0000
vt -1.9634 0.3212 0.0000
vt -1.9634 0.3212 0.0000
vt -1.9634 0.3212 0.0000
vt -1.9634 0.3642 0.0000
vt -1.9634 0.3212 0.0000
vt -1.9634 0.3212 0.0000
vt -2.0059 0.3212 0.0000
vt -2.0059 0.3212 0.0000
vt -2.0059 0.3212 0.0000
vt -1.9634 0.3212 0.0000
vt -2.0059 0.3212 0.0000
vt -2.0059 0.3212 0.0000
vt -2.0059 0.3642 0.0000
vt -2.0059 0.3642 0.0000
vt -2.0059 0.3642 0.0000
vt -2.0059 0.3212 0.0000
vt -1.9247 0.3630 0.0000
vt -1.9247 0.3630 0.0000
vt -1.8821 0.3630 0.0000
vt -1.8821 0.3630 0.0000
vt -1.8821 0.3630 0.0000
vt -1.9247 0.3630 0.0000
vt -1.8821 0.3630 0.0000
vt -1.8821 0.3630 0.0000
vt -1.8821 0.3201 0.0000
vt -1.8821 0.3201 0.0000
vt -1.8821 0.3201 0.0000
vt -1.8821 0.3630 0.0000
vt -1.8821 0.3201 0.0000
vt -1.8821 0.3201 0.0000
vt -1.9247 0.3201 0.0000
vt -1.9247 0.3201 0.0000
vt -1.9247 0.3201 0.0000
vt -1.8821 0.3201 0.0000
vt -1.9247 0.3201 0.0000
vt -1.9247 0.3201 0.0000
vt -1.9247 0.3630 0.0000
vt -1.9247 0.3630 0.0000
vt -1.9247 0.3630 0.0000
vt -1.9247 0.3201 0.0000
vt -2.0059 0.4685 0.0000
vt -2.0059 0.4685 0.0000
vt -1.9634 0.4685 0.0000
vt -1.9634 0.4685 0.0000
vt -1.9634 0.4685 0.0000
vt -2.0059 0.4685 0.0000
vt -1.9634 0.4685 0.0000
vt -1.9634 0.4685 0.0000
vt -1.9634 0.4329 0.0000
vt -1.9634 0.4329 0.0000
vt -1.9634 0.4329 0.0000
vt -1.9634 0.4685 0.0000
vt -1.9634 0.4329 0.0000
vt -1.9634 0.4329 0.0000
vt -2.0059 0.4329 0.0000
vt -2.0059 0.4329 0.0000
vt -2.0059 0.4329 0.0000
vt -1.9634 0.4329 0.0000
vt -2.0059 0.4329 0.0000
vt -2.0059 0.4329 0.0000
vt -2.0059 0.4685 0.0000
vt -2.0059 0.4685 0.0000
vt -2.0059 0.4685 0.0000
vt -2.0059 0.4329 0.0000
vt -1.9247 0.4669 0.0000
vt -1.9247 0.4669 0.0000
vt -1.8821 0.4669 0.0000
vt -1.8821 0.4669 0.0000
vt -1.8821 0.4669 0.0000
vt -1.9247 0.4669 0.0000
vt -1.8821 0.4669 0.0000
vt -1.8821 0.4669 0.0000
vt -1.8821 0.4315 0.0000
vt -1.8821 0.4315 0.0000
vt -1.8821 0.4315 0.0000
vt -1.8821 0.4669 0.0000
vt -1.8821 0.4315 0.0000
vt -1.8821 0.4315 0.0000
vt -1.9247 0.4315 0.0000
vt -1.9247 0.4315 0.0000
vt -1.9247 0.4315 0.0000
vt -1.8821 0.4315 0.0000
vt -1.9247 0.4315 0.0000
vt -1.9247 0.4315 0.0000
vt -1.9247 0.4669 0.0000
vt -1.9247 0.4669 0.0000
vt -1.9247 0.4669 0.0000
vt -1.9247 0.4315 0.0000
vt -12.0356 7.6897 0.5236
vt -12.0356 7.2749 0.4950
vt -11.0417 6.1949 0.5533
vt -11.0417 6.1949 0.5533
vt -11.0417 6.6097 0.5818
vt -12.0356 7.6897 0.5236
vt -11.0417 4.8259 0.4589
vt -12.0356 5.9059 0.4006
vt -12.0336 4.6576 0.3145
vt -12.0336 4.6576 0.3145
vt -11.0023 3.5362 0.3750
vt -11.0417 4.8259 0.4589
vt -12.0336 3.0488 0.2036
vt -12.0336 2.8671 0.1911
vt -11.0023 1.7457 0.2516
vt -11.0023 1.7457 0.2516
vt -11.0023 1.9274 0.2641
vt -12.0336 3.0488 0.2036
vt -12.0336 2.8671 0.1911
vt -12.0336 1.8602 0.1217
vt -11.0024 0.7388 0.1822
vt -11.0024 0.7388 0.1822
vt -11.0023 1.7457 0.2516
vt -12.0336 2.8671 0.1911
vt -10.8295 2.4813 0.0882
vt -10.8295 1.4972 0.0204
vt -9.7983 0.3758 0.0809
vt -9.7983 0.3758 0.0809
vt -9.7983 1.3599 0.1487
vt -10.8295 2.4813 0.0882
vt -12.0336 0.8761 0.0539
vt -13.2083 0.1916 -0.1503
vt -11.0024 -2.2076 -0.0209
vt -11.0024 -2.2076 -0.0209
vt -11.0024 -0.2453 0.1144
vt -12.0336 0.8761 0.0539
vt -11.0417 6.6097 0.5818
vt -11.0417 6.1949 0.5533
vt -9.1541 4.1399 0.6641
vt -9.1541 4.1399 0.6641
vt -9.1541 4.5547 0.6927
vt -11.0417 6.6097 0.5818
vt -11.0417 6.1949 0.5533
vt -11.0417 4.8259 0.4589
vt -9.1541 2.7709 0.5698
vt -9.1541 2.7709 0.5698
vt -9.1541 4.1399 0.6641
vt -11.0417 6.1949 0.5533
vt -9.1541 2.7709 0.5698
vt -11.0417 4.8259 0.4589
vt -11.0023 3.5362 0.3750
vt -11.0023 3.5362 0.3750
vt -9.1512 1.5232 0.4836
vt -9.1541 2.7709 0.5698
vt -11.0023 3.5362 0.3750
vt -11.0023 1.9274 0.2641
vt -9.1512 -0.0856 0.3727
vt -9.1512 -0.0856 0.3727
vt -9.1512 1.5232 0.4836
vt -11.0023 3.5362 0.3750
vt -11.0023 1.9274 0.2641
vt -11.0023 1.7457 0.2516
vt -9.1512 -0.2673 0.3602
vt -9.1512 -0.2673 0.3602
vt -9.1512 -0.0856 0.3727
vt -11.0023 1.9274 0.2641
vt -9.1512 -0.2673 0.3602
vt -11.0023 1.7457 0.2516
vt -11.0024 0.7388 0.1822
vt -11.0024 0.7388 0.1822
vt -9.0455 -1.3737 0.2961
vt -9.1512 -0.2673 0.3602
vt -9.0455 -1.3737 0.2961
vt -11.0024 0.7388 0.1822
vt -11.0024 -0.2453 0.1144
vt -11.0024 -0.2453 0.1144
vt -9.0455 -3.3706 0.1585
vt -9.0455 -1.3737 0.2961
vt -9.0455 -3.3706 0.1585
vt -11.0024 -0.2453 0.1144
vt -11.0024 -2.2076 -0.0209
vt -11.0024 -2.2076 -0.0209
vt -9.1512 -4.2206 0.0877
vt -9.0455 -3.3706 0.1585
vt -9.1541 4.5547 0.6927
vt -9.1541 4.1399 0.6641
vt -8.0028 2.8886 0.7316
vt -8.0028 2.8886 0.7316
vt -8.0028 3.3034 0.7602
vt -9.1541 4.5547 0.6927
vt -8.0028 1.5196 0.6373
vt -9.1541 2.7709 0.5698
vt -9.1512 1.5232 0.4836
vt -9.1512 1.5232 0.4836
vt -7.9624 0.2305 0.5533
vt -8.0028 1.5196 0.6373
vt -9.1512 -0.0856 0.3727
vt -9.1512 -0.2673 0.3602
vt -7.9624 -1.5600 0.4299
vt -7.9624 -1.5600 0.4299
vt -7.9624 -1.3783 0.4424
vt -9.1512 -0.0856 0.3727
vt -7.9624 -1.5600 0.4299
vt -8.2612 -2.1522 0.3501
vt -8.0584 -2.4765 0.3556
vt -7.0461 -1.5451 0.3174
vt -7.3307 -1.1834 0.3033
vt -7.6374 -0.8846 0.2818
vt -7.6374 -0.8846 0.2818
vt -7.8512 -0.7434 0.2621
vt -7.8512 -2.7403 0.1245
vt -7.6374 -0.8846 0.2818
vt -7.8512 -2.7403 0.1245
vt -6.8640 -3.8432 0.1840
vt -7.0461 -1.5451 0.3174
vt -7.6374 -0.8846 0.2818
vt -6.8640 -3.8432 0.1840
vt -6.8640 -1.8463 0.3216
vt -7.0461 -1.5451 0.3174
vt -6.8640 -3.8432 0.1840
vt -9.0455 -3.3706 0.1585
vt -9.1512 -4.2206 0.0877
vt -7.9624 -5.5133 0.1575
vt -7.9624 -5.5133 0.1575
vt -8.0584 -4.4734 0.2180
vt -9.0455 -3.3706 0.1585
vt -8.0028 3.3034 0.7602
vt -8.0028 2.8886 0.7316
vt -6.0680 0.7823 0.8452
vt -6.0680 0.7823 0.8452
vt -6.0680 1.1971 0.8738
vt -8.0028 3.3034 0.7602
vt -8.0028 2.8886 0.7316
vt -8.0028 1.5196 0.6373
vt -6.0680 -0.5867 0.7509
vt -6.0680 -0.5867 0.7509
vt -6.0680 0.7823 0.8452
vt -8.0028 2.8886 0.7316
vt -6.0680 -0.5867 0.7509
vt -8.0028 1.5196 0.6373
vt -7.9624 0.2305 0.5533
vt -7.9624 0.2305 0.5533
vt -6.0641 -1.8338 0.6647
vt -6.0680 -0.5867 0.7509
vt -7.9624 0.2305 0.5533
vt -7.9624 -1.3783 0.4424
vt -6.0641 -3.4426 0.5538
vt -6.0641 -3.4426 0.5538
vt -6.0641 -1.8338 0.6647
vt -7.9624 0.2305 0.5533
vt -7.9624 -1.3783 0.4424
vt -7.9624 -1.5600 0.4299
vt -6.0641 -3.6243 0.5413
vt -6.0641 -3.6243 0.5413
vt -6.0641 -3.4426 0.5538
vt -7.9624 -1.3783 0.4424
vt -7.9624 -1.5600 0.4299
vt -8.0584 -2.4765 0.3556
vt -6.0274 -4.6658 0.4737
vt -6.0274 -4.6658 0.4737
vt -6.0641 -3.6243 0.5413
vt -7.9624 -1.5600 0.4299
vt -8.0584 -2.4765 0.3556
vt -8.0584 -4.4734 0.2180
vt -6.0274 -5.9721 0.3837
vt -6.0274 -5.9721 0.3837
vt -6.0274 -4.6658 0.4737
vt -8.0584 -2.4765 0.3556
vt -6.0274 -5.9721 0.3837
vt -8.0584 -4.4734 0.2180
vt -5.8705 -6.5393 0.3628
vt -6.0680 1.1971 0.8738
vt -6.0680 0.7823 0.8452
vt -5.1222 -0.2454 0.9007
vt -5.1222 -0.2454 0.9007
vt -5.1222 0.1694 0.9293
vt -6.0680 1.1971 0.8738
vt -5.1222 -1.6145 0.8063
vt -6.0680 -0.5867 0.7509
vt -6.0641 -1.8338 0.6647
vt -6.0641 -1.8338 0.6647
vt -5.0809 -2.9030 0.7223
vt -5.1222 -1.6145 0.8063
vt -6.0641 -3.4426 0.5538
vt -6.0641 -3.6243 0.5413
vt -5.0809 -4.6934 0.5989
vt -5.0809 -4.6934 0.5989
vt -5.0809 -4.5118 0.6115
vt -6.0641 -3.4426 0.5538
vt -5.0809 -4.6934 0.5989
vt -5.3396 -5.3152 0.5208
vt -5.1136 -5.6696 0.5279
vt -4.1050 -4.7282 0.4892
vt -4.3320 -4.4641 0.4777
vt -4.5868 -4.2116 0.4613
vt -4.5868 -4.2116 0.4613
vt -4.8273 -4.0408 0.4400
vt -4.8274 -5.3472 0.3500
vt -4.5868 -4.2116 0.4613
vt -4.8274 -5.3472 0.3500
vt -3.9136 -6.3510 0.4041
vt -4.1050 -4.7282 0.4892
vt -4.5868 -4.2116 0.4613
vt -3.9136 -6.3510 0.4041
vt -3.9136 -5.0447 0.4942
vt -4.1050 -4.7282 0.4892
vt -3.9136 -6.3510 0.4041
vt -5.1136 -6.9759 0.4378
vt -5.3978 -7.0147 0.3984
vt -5.2618 -7.2559 0.4014
vt -5.1222 0.1694 0.9293
vt -5.1222 -0.2454 0.9007
vt -2.9005 -2.6639 1.0311
vt -2.9005 -2.6639 1.0311
vt -2.9005 -2.2491 1.0597
vt -5.1222 0.1694 0.9293
vt -5.1222 -0.2454 0.9007
vt -5.1222 -1.6145 0.8063
vt -2.9005 -4.0329 0.9368
vt -2.9005 -4.0329 0.9368
vt -2.9005 -2.6639 1.0311
vt -5.1222 -0.2454 0.9007
vt -2.9005 -4.0329 0.9368
vt -5.1222 -1.6145 0.8063
vt -5.0809 -2.9030 0.7223
vt -5.0809 -2.9030 0.7223
vt -2.8955 -5.2794 0.8505
vt -2.9005 -4.0329 0.9368
vt -5.0809 -2.9030 0.7223
vt -5.0809 -4.5118 0.6115
vt -2.8955 -6.8882 0.7396
vt -2.8955 -6.8882 0.7396
vt -2.8955 -5.2794 0.8505
vt -5.0809 -2.9030 0.7223
vt -5.0809 -4.5118 0.6115
vt -5.0809 -4.6934 0.5989
vt -2.8955 -7.0699 0.7271
vt -2.8955 -7.0699 0.7271
vt -2.8955 -6.8882 0.7396
vt -5.0809 -4.5118 0.6115
vt -2.8955 -7.0699 0.7271
vt -5.0809 -4.6934 0.5989
vt -5.1136 -5.6696 0.5279
vt -5.1136 -5.6696 0.5279
vt -2.8471 -8.1224 0.6602
vt -2.8955 -7.0699 0.7271
vt -5.1136 -5.6696 0.5279
vt -5.1136 -6.9759 0.4378
vt -2.8471 -9.4406 0.5693
vt -2.8471 -9.4406 0.5693
vt -2.8471 -8.1224 0.6602
vt -5.1136 -5.6696 0.5279
vt -2.8471 -9.4406 0.5693
vt -5.1136 -6.9759 0.4378
vt -5.2618 -7.2559 0.4014
vt 6.6872 -10.7750 1.5196
vt 6.2682 -10.9341 1.4773
vt 9.2252 -12.6721 1.5710
vt 9.2252 -12.6721 1.5710
vt 9.2252 -12.2573 1.5996
vt 6.6872 -10.7750 1.5196
vt 6.2682 -12.3032 1.3829
vt 9.2252 -14.0411 1.4767
vt 9.2252 -12.6721 1.5710
vt 9.2252 -12.6721 1.5710
vt 6.2682 -10.9341 1.4773
vt 6.2682 -12.3032 1.3829
vt 6.6872 -13.8082 1.3106
vt 9.2252 -15.2906 1.3906
vt 9.2252 -14.0411 1.4767
vt 9.2252 -14.0411 1.4767
vt 6.2682 -12.3032 1.3829
vt 6.6872 -13.8082 1.3106
vt 6.6872 -15.1816 1.2159
vt 9.2252 -16.6640 1.2959
vt 9.2252 -15.2906 1.3906
vt 9.2252 -15.2906 1.3906
vt 6.6872 -13.8082 1.3106
vt 6.6872 -15.1816 1.2159
vt 6.6872 -15.6333 1.1848
vt 9.2252 -17.1157 1.2648
vt 9.2252 -16.6640 1.2959
vt 9.2252 -16.6640 1.2959
vt 6.6872 -15.1816 1.2159
vt 6.6872 -15.6333 1.1848
vt 6.6872 -16.6056 1.1178
vt 9.2252 -18.0879 1.1978
vt 9.2252 -17.1157 1.2648
vt 9.2252 -17.1157 1.2648
vt 6.6872 -15.6333 1.1848
vt 6.6872 -16.6056 1.1178
vt 6.2562 -17.2283 1.0441
vt 9.2252 -18.9616 1.1376
vt 9.2252 -18.0879 1.1978
vt 9.2252 -18.0879 1.1978
vt 6.6872 -16.6056 1.1178
vt 6.2562 -17.2283 1.0441
vt 5.1651 -9.8859 1.4717
vt 5.1651 -10.3007 1.4431
vt 6.2682 -10.9341 1.4773
vt 6.2682 -10.9341 1.4773
vt 6.6872 -10.7750 1.5196
vt 5.1651 -9.8859 1.4717
vt 4.8474 -12.7368 1.2528
vt 6.6872 -13.8082 1.3106
vt 6.2682 -12.3032 1.3829
vt 6.2682 -12.3032 1.3829
vt 5.1651 -11.6697 1.3487
vt 4.8474 -12.7368 1.2528
vt 4.8474 -14.1102 1.1581
vt 6.6872 -15.1816 1.2159
vt 6.6872 -13.8082 1.3106
vt 6.6872 -13.8082 1.3106
vt 4.8474 -12.7368 1.2528
vt 4.8474 -14.1102 1.1581
vt 4.8474 -14.5619 1.1270
vt 6.6872 -15.6333 1.1848
vt 6.6872 -15.1816 1.2159
vt 6.6872 -15.1816 1.2159
vt 4.8474 -14.1102 1.1581
vt 4.8474 -14.5619 1.1270
vt 4.8474 -15.5342 1.0600
vt 6.6872 -16.6056 1.1178
vt 6.6872 -15.6333 1.1848
vt 6.6872 -15.6333 1.1848
vt 4.8474 -14.5619 1.1270
vt 4.8474 -15.5342 1.0600
vt 4.8474 -16.5183 0.9922
vt 6.2562 -17.2283 1.0441
vt 6.6872 -16.6056 1.1178
vt 6.6872 -16.6056 1.1178
vt 4.8474 -15.5342 1.0600
vt 4.8474 -16.5183 0.9922
vt 6.2562 -17.2283 1.0441
vt 4.8474 -16.5183 0.9922
vt 6.2580 -19.2994 0.9011
vt 3.5336 -8.9359 1.4204
vt 3.5336 -9.3507 1.3918
vt 5.1651 -10.3007 1.4431
vt 5.1651 -10.3007 1.4431
vt 5.1651 -9.8859 1.4717
vt 3.5336 -8.9359 1.4204
vt 3.5336 -10.7197 1.2975
vt 5.1651 -11.6697 1.3487
vt 5.1651 -10.3007 1.4431
vt 5.1651 -10.3007 1.4431
vt 3.5336 -9.3507 1.3918
vt 3.5336 -10.7197 1.2975
vt 3.5336 -10.7197 1.2975
vt 3.5336 -11.9692 1.2114
vt 4.8474 -12.7368 1.2528
vt 4.8474 -12.7368 1.2528
vt 5.1651 -11.6697 1.3487
vt 3.5336 -10.7197 1.2975
vt 3.5336 -13.7943 1.0856
vt 4.8474 -14.5619 1.1270
vt 4.8474 -14.1102 1.1581
vt 4.8474 -14.1102 1.1581
vt 3.5336 -13.3426 1.1167
vt 3.5336 -13.7943 1.0856
vt 3.5336 -14.7665 1.0186
vt 4.8474 -15.5342 1.0600
vt 4.8474 -14.5619 1.1270
vt 4.8474 -14.5619 1.1270
vt 3.5336 -13.7943 1.0856
vt 3.5336 -14.7665 1.0186
vt 3.5336 -15.7507 0.9508
vt 4.8474 -16.5183 0.9922
vt 4.8474 -15.5342 1.0600
vt 4.8474 -15.5342 1.0600
vt 3.5336 -14.7665 1.0186
vt 3.5336 -15.7507 0.9508
vt 3.5336 -17.7130 0.8155
vt 6.2580 -19.2994 0.9011
vt 4.8474 -16.5183 0.9922
vt 4.8474 -16.5183 0.9922
vt 3.5336 -15.7507 0.9508
vt 3.5336 -16.2903 0.9136
vt 2.9174 -17.3501 0.7960
vt 3.5336 -17.7130 0.8155
vt 3.5336 -16.7976 0.8786
vt 3.5336 -15.7507 0.9508
vt 2.9174 -15.3878 0.9312
vt 2.9174 -15.9275 0.8940
vt 2.9174 -15.3878 0.9312
vt 0.6677 -12.9722 0.8009
vt 0.8828 -15.1371 0.6766
vt 0.8828 -15.1371 0.6766
vt 2.9174 -15.9275 0.8940
vt 2.9174 -15.3878 0.9312
vt 0.6677 -12.9722 0.8009
vt -0.0503 -12.1547 0.7568
vt -0.0516 -14.1157 0.6215
vt -0.0516 -14.1157 0.6215
vt 0.8828 -15.1371 0.6766
vt 0.6677 -12.9722 0.8009
vt -1.9733 -10.4042 0.6213
vt -1.9303 -12.0728 0.5113
vt -0.0516 -14.1157 0.6215
vt -0.0516 -14.1157 0.6215
vt -0.0503 -12.1547 0.7568
vt -1.9733 -10.4042 0.6213
vt -2.8471 -9.4406 0.5693
vt -2.8955 -11.0232 0.4547
vt -1.9303 -12.0728 0.5113
vt -1.9303 -12.0728 0.5113
vt -1.9733 -10.4042 0.6213
vt -2.8471 -9.4406 0.5693
vt -14.8355 3.6046 -0.1324
vt -14.5043 3.2444 -0.1130
vt -14.5043 3.5628 -0.0911
vt -14.5043 3.5628 -0.0911
vt -14.8355 3.9230 -0.1105
vt -14.8355 3.6046 -0.1324
vt -15.6584 4.8178 -0.1588
vt -15.6584 4.4994 -0.1807
vt -14.8355 3.6046 -0.1324
vt -14.8355 3.6046 -0.1324
vt -14.8355 3.9230 -0.1105
vt -15.6584 4.8178 -0.1588
vt -15.9696 5.1557 -0.1770
vt -15.9697 4.8373 -0.1989
vt -15.6584 4.4994 -0.1807
vt -15.6584 4.4994 -0.1807
vt -15.6584 4.8178 -0.1588
vt -15.9696 5.1557 -0.1770
vt -16.4467 5.6746 -0.2050
vt -16.4467 5.3563 -0.2269
vt -15.9697 4.8373 -0.1989
vt -15.9697 4.8373 -0.1989
vt -15.9696 5.1557 -0.1770
vt -16.4467 5.6746 -0.2050
vt -17.9718 7.3335 -0.2945
vt -17.9718 7.0151 -0.3164
vt -16.4467 5.3563 -0.2269
vt -16.4467 5.3563 -0.2269
vt -16.4467 5.6746 -0.2050
vt -17.9718 7.3335 -0.2945
vt 2.9174 -15.3878 0.9312
vt 3.5336 -15.7507 0.9508
vt 3.5336 -14.7665 1.0186
vt 3.5336 -14.7665 1.0186
vt 2.9174 -14.4037 0.9990
vt 2.9174 -15.3878 0.9312
vt 0.6677 -11.9881 0.8687
vt 0.6677 -12.9722 0.8009
vt 2.9174 -15.3878 0.9312
vt 2.9174 -15.3878 0.9312
vt 2.9174 -14.4037 0.9990
vt 0.6677 -11.9881 0.8687
vt 1.1421 -10.5387 0.7905
vt 1.1421 -11.5229 0.7227
vt 1.8601 -12.3404 0.7668
vt 1.8601 -12.3404 0.7668
vt 1.8601 -11.3563 0.8346
vt 1.1421 -10.5387 0.7905
vt -1.9733 -9.0859 0.7122
vt -1.9733 -10.4042 0.6213
vt -0.0503 -12.1547 0.7568
vt -0.0503 -12.1547 0.7568
vt -0.0503 -11.1705 0.8246
vt -1.9733 -9.0859 0.7122
vt -0.9395 -8.2102 0.6719
vt -1.1835 -7.9211 0.6601
vt -1.4144 -7.6906 0.6458
vt -1.4144 -7.6906 0.6458
vt -1.6485 -7.4962 0.6264
vt -1.6485 -8.8144 0.5356
vt -1.4144 -7.6906 0.6458
vt -1.6485 -8.8144 0.5356
vt -0.7746 -9.7780 0.5875
vt -0.9395 -8.2102 0.6719
vt -1.4144 -7.6906 0.6458
vt -0.7746 -9.7780 0.5875
vt -0.7746 -8.4597 0.6784
vt -0.9395 -8.2102 0.6719
vt -0.7746 -9.7780 0.5875
vt -14.8355 3.9230 -0.1105
vt -14.5043 3.5628 -0.0911
vt -14.5043 4.5469 -0.0232
vt -14.5043 4.5469 -0.0232
vt -14.8355 4.9071 -0.0427
vt -14.8355 3.9230 -0.1105
vt -15.6584 5.8019 -0.0909
vt -15.6584 4.8178 -0.1588
vt -14.8355 3.9230 -0.1105
vt -14.8355 3.9230 -0.1105
vt -14.8355 4.9071 -0.0427
vt -15.6584 5.8019 -0.0909
vt -15.9696 6.1398 -0.1092
vt -15.9696 5.1557 -0.1770
vt -15.6584 4.8178 -0.1588
vt -15.6584 4.8178 -0.1588
vt -15.6584 5.8019 -0.0909
vt -15.9696 6.1398 -0.1092
vt -16.4467 6.6588 -0.1372
vt -16.4467 5.6746 -0.2050
vt -15.9696 5.1557 -0.1770
vt -15.9696 5.1557 -0.1770
vt -15.9696 6.1398 -0.1092
vt -16.4467 6.6588 -0.1372
vt -17.9718 8.3176 -0.2266
vt -17.9718 7.3335 -0.2945
vt -16.4467 5.6746 -0.2050
vt -16.4467 5.6746 -0.2050
vt -16.4467 6.6588 -0.1372
vt -17.9718 8.3176 -0.2266
vt -1.9303 -8.1195 0.7837
vt -2.1400 -8.8344 0.7056
vt -1.9733 -9.0859 0.7122
vt -1.9303 -8.1195 0.7837
vt -1.9733 -9.0859 0.7122
vt -0.0503 -11.1705 0.8246
vt -0.0503 -11.1705 0.8246
vt -0.0516 -10.1624 0.8939
vt -1.9303 -8.1195 0.7837
vt -0.0516 -10.1624 0.8939
vt -0.0503 -11.1705 0.8246
vt 0.6677 -11.9881 0.8687
vt 0.6677 -11.9881 0.8687
vt 0.8828 -11.1838 0.9490
vt -0.0516 -10.1624 0.8939
vt 0.8828 -11.1838 0.9490
vt 0.6677 -11.9881 0.8687
vt 2.9174 -14.4037 0.9990
vt 2.9174 -14.4037 0.9990
vt 2.9174 -13.4314 1.0660
vt 0.8828 -11.1838 0.9490
vt 2.9174 -14.4037 0.9990
vt 3.5336 -14.7665 1.0186
vt 3.5336 -13.7943 1.0856
vt 3.5336 -13.7943 1.0856
vt 2.9174 -13.4314 1.0660
vt 2.9174 -14.4037 0.9990
vt -2.0059 0.5826 0.0000
vt -2.0059 0.5826 0.0000
vt -1.9634 0.5826 0.0000
vt -1.9634 0.5826 0.0000
vt -1.9634 0.5826 0.0000
vt -2.0059 0.5826 0.0000
vt -1.9634 0.5826 0.0000
vt -1.9634 0.5826 0.0000
vt -1.9634 0.5476 0.0000
vt -1.9634 0.5476 0.0000
vt -1.9634 0.5476 0.0000
vt -1.9634 0.5826 0.0000
vt -1.9634 0.5476 0.0000
vt -1.9634 0.5476 0.0000
vt -2.0059 0.5476 0.0000
vt -2.0059 0.5476 0.0000
vt -2.0059 0.5476 0.0000
vt -1.9634 0.5476 0.0000
vt -2.0059 0.5476 0.0000
vt -2.0059 0.5476 0.0000
vt -2.0059 0.5826 0.0000
vt -2.0059 0.5826 0.0000
vt -2.0059 0.5826 0.0000
vt -2.0059 0.5476 0.0000
vt -1.9247 0.5805 0.0000
vt -1.9247 0.5805 0.0000
vt -1.8821 0.5805 0.0000
vt -1.8821 0.5805 0.0000
vt -1.8821 0.5805 0.0000
vt -1.9247 0.5805 0.0000
vt -1.8821 0.5805 0.0000
vt -1.8821 0.5805 0.0000
vt -1.8821 0.5457 0.0000
vt -1.8821 0.5457 0.0000
vt -1.8821 0.5457 0.0000
vt -1.8821 0.5805 0.0000
vt -1.8821 0.5457 0.0000
vt -1.8821 0.5457 0.0000
vt -1.9247 0.5457 0.0000
vt -1.9247 0.5457 0.0000
vt -1.9247 0.5457 0.0000
vt -1.8821 0.5457 0.0000
vt -1.9247 0.5457 0.0000
vt -1.9247 0.5457 0.0000
vt -1.9247 0.5805 0.0000
vt -1.9247 0.5805 0.0000
vt -1.9247 0.5805 0.0000
vt -1.9247 0.5457 0.0000
vt -2.0059 0.6833 0.0000
vt -2.0059 0.6833 0.0000
vt -1.9634 0.6833 0.0000
vt -1.9634 0.6833 0.0000
vt -1.9634 0.6833 0.0000
vt -2.0059 0.6833 0.0000
vt -1.9634 0.6833 0.0000
vt -1.9634 0.6833 0.0000
vt -1.9634 0.6506 0.0000
vt -1.9634 0.6506 0.0000
vt -1.9634 0.6506 0.0000
vt -1.9634 0.6833 0.0000
vt -1.9634 0.6506 0.0000
vt -1.9634 0.6506 0.0000
vt -2.0059 0.6506 0.0000
vt -2.0059 0.6506 0.0000
vt -2.0059 0.6506 0.0000
vt -1.9634 0.6506 0.0000
vt -2.0059 0.6506 0.0000
vt -2.0059 0.6506 0.0000
vt -2.0059 0.6833 0.0000
vt -2.0059 0.6833 0.0000
vt -2.0059 0.6833 0.0000
vt -2.0059 0.6506 0.0000
vt -1.9247 0.6833 0.0000
vt -1.9247 0.6833 0.0000
vt -1.8821 0.6833 0.0000
vt -1.8821 0.6833 0.0000
vt -1.8821 0.6833 0.0000
vt -1.9247 0.6833 0.0000
vt -1.8821 0.6833 0.0000
vt -1.8821 0.6833 0.0000
vt -1.8821 0.6483 0.0000
vt -1.8821 0.6483 0.0000
vt -1.8821 0.6483 0.0000
vt -1.8821 0.6833 0.0000
vt -1.8821 0.6483 0.0000
vt -1.8821 0.6483 0.0000
vt -1.9247 0.6483 0.0000
vt -1.9247 0.6483 0.0000
vt -1.9247 0.6483 0.0000
vt -1.8821 0.6483 0.0000
vt -1.9247 0.6483 0.0000
vt -1.9247 0.6483 0.0000
vt -1.9247 0.6833 0.0000
vt -1.9247 0.6833 0.0000
vt -1.9247 0.6833 0.0000
vt -1.9247 0.6483 0.0000
vt -2.9005 -2.6639 1.0311
vt -1.9726 -3.6721 1.0855
vt -1.9726 -3.2573 1.1141
vt -1.9726 -3.2573 1.1141
vt -2.9005 -2.2491 1.0597
vt -2.9005 -2.6639 1.0311
vt -1.9726 -5.0412 0.9912
vt -2.9005 -4.0329 0.9368
vt -2.8955 -5.2794 0.8505
vt -2.8955 -5.2794 0.8505
vt -1.9303 -6.3290 0.9071
vt -1.9726 -5.0412 0.9912
vt -2.8955 -6.8882 0.7396
vt -2.8955 -7.0699 0.7271
vt -1.9303 -8.1195 0.7837
vt -1.9303 -8.1195 0.7837
vt -1.9303 -7.9378 0.7963
vt -2.8955 -6.8882 0.7396
vt -1.9726 -3.6721 1.0855
vt -0.0575 -5.7570 1.1980
vt -0.0575 -5.3422 1.2266
vt -0.0575 -5.3422 1.2266
vt -1.9726 -3.2573 1.1141
vt -1.9726 -3.6721 1.0855
vt -1.9726 -3.6721 1.0855
vt -1.9726 -5.0412 0.9912
vt -0.0575 -7.1260 1.1036
vt -0.0575 -7.1260 1.1036
vt -0.0575 -5.7570 1.1980
vt -1.9726 -3.6721 1.0855
vt -0.0575 -7.1260 1.1036
vt -1.9726 -5.0412 0.9912
vt -1.9303 -6.3290 0.9071
vt -1.9303 -6.3290 0.9071
vt -0.0516 -8.3719 1.0173
vt -0.0575 -7.1260 1.1036
vt -1.9303 -6.3290 0.9071
vt -1.9303 -7.9378 0.7963
vt -0.0516 -9.9807 0.9065
vt -0.0516 -9.9807 0.9065
vt -0.0516 -8.3719 1.0173
vt -1.9303 -6.3290 0.9071
vt -1.9303 -7.9378 0.7963
vt -1.9303 -8.1195 0.7837
vt -0.0516 -10.1624 0.8939
vt -0.0516 -10.1624 0.8939
vt -0.0516 -9.9807 0.9065
vt -1.9303 -7.9378 0.7963
vt -14.8365 10.7371 0.3592
vt -14.8365 10.3223 0.3306
vt -14.5054 9.9621 0.3500
vt -14.5054 9.9621 0.3500
vt -14.5054 10.3769 0.3786
vt -14.8365 10.7371 0.3592
vt -14.8365 8.9533 0.2363
vt -14.5054 8.5930 0.2557
vt -14.5054 9.9621 0.3500
vt -14.5054 9.9621 0.3500
vt -14.8365 10.3223 0.3306
vt -14.8365 8.9533 0.2363
vt -14.9254 10.5220 0.3325
vt -14.9115 10.4039 0.3262
vt -14.8365 10.3223 0.3306
vt -14.9787 10.7031 0.3378
vt -14.9254 10.5220 0.3325
vt -14.8365 10.3223 0.3306
vt -14.9787 10.7031 0.3378
vt -14.8365 10.3223 0.3306
vt -14.8365 10.7371 0.3592
vt -15.0618 10.8911 0.3397
vt -14.9787 10.7031 0.3378
vt -14.8365 10.7371 0.3592
vt -15.1664 11.0676 0.3379
vt -15.0618 10.8911 0.3397
vt -14.8365 10.7371 0.3592
vt -15.6591 11.6321 0.3109
vt -15.6591 11.2173 0.2823
vt -15.6533 11.2110 0.2827
vt -15.6591 11.6321 0.3109
vt -15.6533 11.2110 0.2827
vt -15.6395 11.2989 0.2906
vt -15.6591 11.6321 0.3109
vt -15.6395 11.2989 0.2906
vt -15.5861 11.3639 0.3022
vt -15.6591 11.6321 0.3109
vt -15.5861 11.3639 0.3022
vt -15.5031 11.3712 0.3138
vt -15.6591 11.6321 0.3109
vt -15.5031 11.3712 0.3138
vt -15.3984 11.3200 0.3243
vt -15.6591 11.6321 0.3109
vt -15.3984 11.3200 0.3243
vt -15.2824 11.2154 0.3326
vt -14.8365 10.7371 0.3592
vt -15.6591 11.6321 0.3109
vt -15.2824 11.2154 0.3326
vt -15.1664 11.0676 0.3379
vt -14.8365 10.7371 0.3592
vt -15.2824 11.2154 0.3326
vt -15.6578 11.1825 0.2801
vt -15.6533 11.2110 0.2827
vt -15.6591 11.2173 0.2823
vt -15.6579 9.8466 0.1880
vt -15.6578 11.1825 0.2801
vt -15.6591 11.2173 0.2823
vt -15.9626 11.5481 0.2645
vt -15.6591 11.2173 0.2823
vt -15.6591 11.6321 0.3109
vt -15.6591 11.6321 0.3109
vt -15.9626 11.9629 0.2931
vt -15.9626 11.5481 0.2645
vt -15.9626 11.5481 0.2645
vt -15.9626 10.1790 0.1701
vt -15.6579 9.8466 0.1880
vt -15.6579 9.8466 0.1880
vt -15.6591 11.2173 0.2823
vt -15.9626 11.5481 0.2645
vt -16.4414 12.0688 0.2364
vt -15.9626 11.5481 0.2645
vt -15.9626 11.9629 0.2931
vt -15.9626 11.9629 0.2931
vt -16.4414 12.4836 0.2650
vt -16.4414 12.0688 0.2364
vt -8.2671 5.6080 0.9112
vt -8.2671 5.1147 0.8876
vt -6.6961 4.3329 0.9488
vt -6.6961 4.3329 0.9488
vt -6.6961 4.8262 0.9724
vt -8.2671 5.6080 0.9112
vt -8.2671 5.1147 0.8876
vt -8.2671 3.4866 0.8097
vt -6.6961 2.7048 0.8710
vt -6.6961 2.7048 0.8710
vt -6.6961 4.3329 0.9488
vt -8.2671 5.1147 0.8876
vt -6.6961 2.7048 0.8710
vt -8.2671 3.4866 0.8097
vt -8.2671 1.6801 0.7234
vt -8.2671 1.6801 0.7234
vt -6.6961 0.4110 0.7613
vt -6.6961 2.7048 0.8710
vt -6.6961 0.4110 0.7613
vt -8.2671 1.6801 0.7234
vt -8.2671 0.3674 0.6606
vt -8.2671 0.3674 0.6606
vt -6.6961 -0.4144 0.7218
vt -6.6961 0.4110 0.7613
vt -1.9758 0.9204 0.0000
vt -1.9723 0.9204 0.0000
vt -1.9723 0.9576 0.0000
vt -1.9723 0.9576 0.0000
vt -1.9758 0.9576 0.0000
vt -1.9758 0.9204 0.0000
vt -1.7445 0.7951 0.0000
vt -1.7409 0.7949 0.0000
vt -1.7389 0.8239 0.0000
vt -1.7389 0.8239 0.0000
vt -1.7425 0.8241 0.0000
vt -1.7445 0.7951 0.0000
vt -1.9664 0.9204 0.0000
vt -1.9629 0.9204 0.0000
vt -1.9629 0.9576 0.0000
vt -1.9629 0.9576 0.0000
vt -1.9664 0.9576 0.0000
vt -1.9664 0.9204 0.0000
vt -1.7539 0.8241 0.0000
vt -1.7574 0.8239 0.0000
vt -1.7554 0.7949 0.0000
vt -1.7554 0.7949 0.0000
vt -1.7519 0.7951 0.0000
vt -1.7539 0.8241 0.0000
vt -1.2164 0.1564 0.0000
vt -1.2122 0.1564 0.0000
vt -1.2122 0.1936 0.0000
vt -1.2122 0.1936 0.0000
vt -1.2164 0.1936 0.0000
vt -1.2164 0.1564 0.0000
vt -1.2064 0.1704 0.0000
vt -1.2022 0.1704 0.0000
vt -1.2022 0.2076 0.0000
vt -1.2022 0.2076 0.0000
vt -1.2064 0.2076 0.0000
vt -1.2064 0.1704 0.0000
vt -1.6477 0.3874 0.0000
vt -1.6519 0.3871 0.0000
vt -1.6501 0.3617 0.0000
vt -1.6501 0.3617 0.0000
vt -1.6459 0.3620 0.0000
vt -1.6477 0.3874 0.0000
vt -1.1964 0.1564 0.0000
vt -1.1922 0.1564 0.0000
vt -1.1922 0.1936 0.0000
vt -1.1922 0.1936 0.0000
vt -1.1964 0.1936 0.0000
vt -1.1964 0.1564 0.0000
vt -1.9571 0.9204 0.0000
vt -1.9529 0.9204 0.0000
vt -1.9529 0.9576 0.0000
vt -1.9529 0.9576 0.0000
vt -1.9571 0.9576 0.0000
vt -1.9571 0.9204 0.0000
vt -1.6606 0.3886 0.0000
vt -1.6648 0.3883 0.0000
vt -1.6630 0.3617 0.0000
vt -1.6630 0.3617 0.0000
vt -1.6588 0.3620 0.0000
vt -1.6606 0.3886 0.0000
vt -1.1863 0.1564 0.0000
vt -1.1822 0.1564 0.0000
vt -1.1822 0.1936 0.0000
vt -1.1822 0.1936 0.0000
vt -1.1863 0.1936 0.0000
vt -1.1863 0.1564 0.0000
vt -1.1763 0.1704 0.0000
vt -1.1721 0.1704 0.0000
vt -1.1721 0.2076 0.0000
vt -1.1721 0.2076 0.0000
vt -1.1763 0.2076 0.0000
vt -1.1763 0.1704 0.0000
vt -1.9032 0.9974 0.0000
vt -1.9074 0.9971 0.0000
vt -1.9053 0.9666 0.0000
vt -1.9053 0.9666 0.0000
vt -1.9011 0.9669 0.0000
vt -1.9032 0.9974 0.0000
vt -1.8031 0.7487 0.0000
vt -1.7990 0.7487 0.0000
vt -1.7990 0.7911 0.0000
vt -1.7990 0.7911 0.0000
vt -1.8031 0.7911 0.0000
vt -1.8031 0.7487 0.0000
vt -1.7704 0.7952 0.0000
vt -1.7663 0.7949 0.0000
vt -1.7643 0.8239 0.0000
vt -1.7643 0.8239 0.0000
vt -1.7684 0.8242 0.0000
vt -1.7704 0.7952 0.0000
vt -1.7931 0.7487 0.0000
vt -1.7890 0.7487 0.0000
vt -1.7890 0.7911 0.0000
vt -1.7890 0.7911 0.0000
vt -1.7931 0.7911 0.0000
vt -1.7931 0.7487 0.0000
vt -1.7793 0.8242 0.0000
vt -1.7834 0.8239 0.0000
vt -1.7814 0.7949 0.0000
vt -1.7814 0.7949 0.0000
vt -1.7773 0.7952 0.0000
vt -1.7793 0.8242 0.0000
vt 5.2183 4.7280 0.9179
vt 5.9955 5.3200 0.8715
vt 5.9955 5.8133 0.8951
vt 5.9955 5.8133 0.8951
vt 5.2183 5.2213 0.9415
vt 5.2183 4.7280 0.9179
vt 5.2183 4.7280 0.9179
vt 5.2183 3.0999 0.8400
vt 5.9955 3.6919 0.7937
vt 5.9955 3.6919 0.7937
vt 5.9955 5.3200 0.8715
vt 5.2183 4.7280 0.9179
vt 5.2183 3.0999 0.8400
vt 5.2183 1.4082 0.7591
vt 5.9955 2.0001 0.7128
vt 5.9955 2.0001 0.7128
vt 5.9955 3.6919 0.7937
vt 5.2183 3.0999 0.8400
vt 5.9955 5.3200 0.8715
vt 7.2551 6.2794 0.7964
vt 7.2551 6.7727 0.8199
vt 7.2551 6.7727 0.8199
vt 5.9955 5.8133 0.8951
vt 5.9955 5.3200 0.8715
vt 5.9955 5.3200 0.8715
vt 5.9955 3.6919 0.7937
vt 7.2551 4.6513 0.7185
vt 7.2551 4.6513 0.7185
vt 7.2551 6.2794 0.7964
vt 5.9955 5.3200 0.8715
vt 5.9955 3.6919 0.7937
vt 5.9955 2.0001 0.7128
vt 7.2551 2.9595 0.6376
vt 7.2551 2.9595 0.6376
vt 7.2551 4.6513 0.7185
vt 5.9955 3.6919 0.7937
vt 5.9955 2.0001 0.7128
vt 5.9955 0.5727 0.6445
vt 7.2551 1.5321 0.5694
vt 7.2551 1.5321 0.5694
vt 7.2551 2.9595 0.6376
vt 5.9955 2.0001 0.7128
vt 7.2551 6.2794 0.7964
vt 8.0692 6.8994 0.7478
vt 8.0692 7.3927 0.7714
vt 8.0692 7.3927 0.7714
vt 7.2551 6.7727 0.8199
vt 7.2551 6.2794 0.7964
vt 7.2551 6.2794 0.7964
vt 7.2551 4.6513 0.7185
vt 8.0692 5.2713 0.6699
vt 8.0692 5.2713 0.6699
vt 8.0692 6.8994 0.7478
vt 7.2551 6.2794 0.7964
vt 7.2551 4.6513 0.7185
vt 7.2551 2.9595 0.6376
vt 8.0692 3.5795 0.5890
vt 8.0692 3.5795 0.5890
vt 8.0692 5.2713 0.6699
vt 7.2551 4.6513 0.7185
vt 8.0692 6.8994 0.7478
vt 9.6971 8.1393 0.6507
vt 9.6971 8.6326 0.6742
vt 9.6971 8.6326 0.6742
vt 8.0692 7.3927 0.7714
vt 8.0692 6.8994 0.7478
vt 8.0692 6.8994 0.7478
vt 8.0692 5.2713 0.6699
vt 9.6971 6.5112 0.5728
vt 9.6971 6.5112 0.5728
vt 9.6971 8.1393 0.6507
vt 8.0692 6.8994 0.7478
vt 8.0692 5.2713 0.6699
vt 8.0692 3.5795 0.5890
vt 9.6971 5.0254 0.5018
vt 9.6971 5.0254 0.5018
vt 9.6971 6.5112 0.5728
vt 8.0692 5.2713 0.6699
vt 8.0692 3.5795 0.5890
vt 8.0692 2.1521 0.5208
vt 9.6971 3.3920 0.4237
vt 9.6971 3.3920 0.4237
vt 9.6971 5.0254 0.5018
vt 8.0692 3.5795 0.5890
vt -6.0809 0.1048 0.7853
vt -5.9978 0.1680 0.7803
vt -5.9979 -0.6573 0.7409
vt -5.9979 -0.6573 0.7409
vt -6.0809 -0.7206 0.7458
vt -6.0809 0.1048 0.7853
vt -6.6961 -0.4144 0.7218
vt -6.6131 -0.3512 0.7169
vt -6.6131 0.4742 0.7564
vt -6.6131 0.4742 0.7564
vt -6.6961 0.4110 0.7613
vt -6.6961 -0.4144 0.7218
vt -6.6961 0.4110 0.7613
vt -6.6131 0.4742 0.7564
vt -5.9978 0.1680 0.7803
vt -5.9978 0.1680 0.7803
vt -6.0809 0.1048 0.7853
vt -6.6961 0.4110 0.7613
vt -1.7184 0.7949 0.0000
vt -1.7157 0.7951 0.0000
vt -1.7177 0.8241 0.0000
vt -1.7177 0.8241 0.0000
vt -1.7204 0.8239 0.0000
vt -1.7184 0.7949 0.0000
vt -1.7832 0.7487 0.0000
vt -1.7805 0.7487 0.0000
vt -1.7805 0.7911 0.0000
vt -1.7805 0.7911 0.0000
vt -1.7832 0.7911 0.0000
vt -1.7832 0.7487 0.0000
vt -1.7315 0.7951 0.0000
vt -1.7288 0.7949 0.0000
vt -1.7268 0.8239 0.0000
vt -1.7268 0.8239 0.0000
vt -1.7295 0.8241 0.0000
vt -1.7315 0.7951 0.0000
vt -1.7747 0.7487 0.0000
vt -1.7720 0.7487 0.0000
vt -1.7720 0.7911 0.0000
vt -1.7720 0.7911 0.0000
vt -1.7747 0.7911 0.0000
vt -1.7747 0.7487 0.0000
vt -1.2334 0.1564 0.0000
vt -1.2307 0.1564 0.0000
vt -1.2307 0.2016 0.0000
vt -1.2307 0.2016 0.0000
vt -1.2334 0.2016 0.0000
vt -1.2334 0.1564 0.0000
vt -1.9408 0.9615 0.0000
vt -1.9381 0.9614 0.0000
vt -1.9359 0.9926 0.0000
vt -1.9359 0.9926 0.0000
vt -1.9386 0.9928 0.0000
vt -1.9408 0.9615 0.0000
vt -1.2249 0.1564 0.0000
vt -1.2222 0.1564 0.0000
vt -1.2222 0.2016 0.0000
vt -1.2222 0.2016 0.0000
vt -1.2249 0.2016 0.0000
vt -1.2249 0.1564 0.0000
vt -1.9497 0.9614 0.0000
vt -1.9470 0.9615 0.0000
vt -1.9492 0.9928 0.0000
vt -1.9492 0.9928 0.0000
vt -1.9519 0.9926 0.0000
vt -1.9497 0.9614 0.0000
vt -1.2876 0.1564 0.0000
vt -1.2849 0.1564 0.0000
vt -1.2849 0.1992 0.0000
vt -1.2849 0.1992 0.0000
vt -1.2876 0.1992 0.0000
vt -1.2876 0.1564 0.0000
vt -1.9186 0.9668 0.0000
vt -1.9159 0.9666 0.0000
vt -1.9137 0.9978 0.0000
vt -1.9137 0.9978 0.0000
vt -1.9164 0.9980 0.0000
vt -1.9186 0.9668 0.0000
vt -1.2790 0.1564 0.0000
vt -1.2763 0.1564 0.0000
vt -1.2763 0.1992 0.0000
vt -1.2763 0.1992 0.0000
vt -1.2790 0.1992 0.0000
vt -1.2790 0.1564 0.0000
vt -1.9275 0.9614 0.0000
vt -1.9248 0.9615 0.0000
vt -1.9270 0.9928 0.0000
vt -1.9270 0.9928 0.0000
vt -1.9297 0.9926 0.0000
vt -1.9275 0.9614 0.0000
vt -1.7661 0.7487 0.0000
vt -1.7635 0.7487 0.0000
vt -1.7635 0.7911 0.0000
vt -1.7635 0.7911 0.0000
vt -1.7661 0.7911 0.0000
vt -1.7661 0.7487 0.0000
vt -2.0187 0.9598 0.0000
vt -2.0161 0.9597 0.0000
vt -2.0138 0.9929 0.0000
vt -2.0138 0.9929 0.0000
vt -2.0164 0.9931 0.0000
vt -2.0187 0.9598 0.0000
vt -1.7576 0.7487 0.0000
vt -1.7549 0.7487 0.0000
vt -1.7549 0.7911 0.0000
vt -1.7549 0.7911 0.0000
vt -1.7576 0.7911 0.0000
vt -1.7576 0.7487 0.0000
vt -2.0051 0.9597 0.0000
vt -2.0025 0.9598 0.0000
vt -2.0048 0.9931 0.0000
vt -2.0048 0.9931 0.0000
vt -2.0074 0.9929 0.0000
vt -2.0051 0.9597 0.0000
vt -1.4994 0.1564 0.0000
vt -1.4967 0.1564 0.0000
vt -1.4967 0.1990 0.0000
vt -1.4967 0.1990 0.0000
vt -1.4994 0.1990 0.0000
vt -1.4994 0.1564 0.0000
vt -1.8389 0.7951 0.0000
vt -1.8362 0.7949 0.0000
vt -1.8341 0.8249 0.0000
vt -1.8341 0.8249 0.0000
vt -1.8368 0.8251 0.0000
vt -1.8389 0.7951 0.0000
vt -1.4909 0.1564 0.0000
vt -1.4882 0.1564 0.0000
vt -1.4882 0.1990 0.0000
vt -1.4882 0.1990 0.0000
vt -1.4909 0.1990 0.0000
vt -1.4909 0.1564 0.0000
vt -1.8480 0.9666 0.0000
vt -1.8453 0.9668 0.0000
vt -1.8473 0.9968 0.0000
vt -1.8473 0.9968 0.0000
vt -1.8500 0.9966 0.0000
vt -1.8480 0.9666 0.0000
vt -1.7491 0.7487 0.0000
vt -1.7464 0.7487 0.0000
vt -1.7464 0.7911 0.0000
vt -1.7464 0.7911 0.0000
vt -1.7491 0.7911 0.0000
vt -1.7491 0.7487 0.0000
vt -1.7945 0.7951 0.0000
vt -1.7918 0.7949 0.0000
vt -1.7897 0.8243 0.0000
vt -1.7897 0.8243 0.0000
vt -1.7924 0.8245 0.0000
vt -1.7945 0.7951 0.0000
vt -1.7406 0.7487 0.0000
vt -1.7379 0.7487 0.0000
vt -1.7379 0.7911 0.0000
vt -1.7379 0.7911 0.0000
vt -1.7406 0.7911 0.0000
vt -1.7406 0.7487 0.0000
vt -1.8035 0.7949 0.0000
vt -1.8009 0.7951 0.0000
vt -1.8029 0.8245 0.0000
vt -1.8029 0.8245 0.0000
vt -1.8056 0.8243 0.0000
vt -1.8035 0.7949 0.0000
vt 6.9035 4.0861 0.3537
vt 6.7952 4.0302 0.3567
vt 6.7952 2.5883 0.2574
vt 6.7952 2.5883 0.2574
vt 6.9035 2.6442 0.2544
vt 6.9035 4.0861 0.3537
vt 7.7173 1.7590 0.3021
vt 7.6090 1.7031 0.3051
vt 7.6090 3.1451 0.4045
vt 7.6090 3.1451 0.4045
vt 7.7173 3.2009 0.4015
vt 7.7173 1.7590 0.3021
vt 7.7173 3.2009 0.4015
vt 7.6090 3.1451 0.4045
vt 6.7952 4.0302 0.3567
vt 6.7952 4.0302 0.3567
vt 6.9035 4.0861 0.3537
vt 7.7173 3.2009 0.4015
vt -1.7320 0.7487 0.0000
vt -1.7294 0.7487 0.0000
vt -1.7294 0.7911 0.0000
vt -1.7294 0.7911 0.0000
vt -1.7320 0.7911 0.0000
vt -1.7320 0.7487 0.0000
vt -1.9630 0.9615 0.0000
vt -1.9603 0.9614 0.0000
vt -1.9581 0.9935 0.0000
vt -1.9581 0.9935 0.0000
vt -1.9608 0.9937 0.0000
vt -1.9630 0.9615 0.0000
vt -1.7235 0.7487 0.0000
vt -1.7208 0.7487 0.0000
vt -1.7208 0.7911 0.0000
vt -1.7208 0.7911 0.0000
vt -1.7235 0.7911 0.0000
vt -1.7235 0.7487 0.0000
vt -1.9830 0.9597 0.0000
vt -1.9803 0.9598 0.0000
vt -1.9825 0.9920 0.0000
vt -1.9825 0.9920 0.0000
vt -1.9852 0.9918 0.0000
vt -1.9830 0.9597 0.0000
vt -1.4824 0.1564 0.0000
vt -1.4797 0.1564 0.0000
vt -1.4797 0.1990 0.0000
vt -1.4797 0.1990 0.0000
vt -1.4824 0.1990 0.0000
vt -1.4824 0.1564 0.0000
vt -1.9741 0.9615 0.0000
vt -1.9714 0.9614 0.0000
vt -1.9692 0.9935 0.0000
vt -1.9692 0.9935 0.0000
vt -1.9719 0.9937 0.0000
vt -1.9741 0.9615 0.0000
vt -1.4739 0.1564 0.0000
vt -1.4712 0.1564 0.0000
vt -1.4712 0.1990 0.0000
vt -1.4712 0.1990 0.0000
vt -1.4739 0.1990 0.0000
vt -1.4739 0.1564 0.0000
vt -1.9941 0.9597 0.0000
vt -1.9914 0.9598 0.0000
vt -1.9936 0.9920 0.0000
vt -1.9936 0.9920 0.0000
vt -1.9963 0.9918 0.0000
vt -1.9941 0.9597 0.0000
vt -1.7150 0.7487 0.0000
vt -1.7123 0.7487 0.0000
vt -1.7123 0.7911 0.0000
vt -1.7123 0.7911 0.0000
vt -1.7150 0.7911 0.0000
vt -1.7150 0.7487 0.0000
vt -1.6759 0.3619 0.0000
vt -1.6732 0.3617 0.0000
vt -1.6713 0.3905 0.0000
vt -1.6713 0.3905 0.0000
vt -1.6739 0.3907 0.0000
vt -1.6759 0.3619 0.0000
vt -1.7065 0.7487 0.0000
vt -1.7038 0.7487 0.0000
vt -1.7038 0.7911 0.0000
vt -1.7038 0.7911 0.0000
vt -1.7065 0.7911 0.0000
vt -1.7065 0.7487 0.0000
vt -1.6851 0.3617 0.0000
vt -1.6824 0.3619 0.0000
vt -1.6844 0.3907 0.0000
vt -1.6844 0.3907 0.0000
vt -1.6870 0.3905 0.0000
vt -1.6851 0.3617 0.0000
vt -1.4653 0.1564 0.0000
vt -1.4626 0.1564 0.0000
vt -1.4626 0.1990 0.0000
vt -1.4626 0.1990 0.0000
vt -1.4653 0.1990 0.0000
vt -1.4653 0.1564 0.0000
vt -1.6982 0.3619 0.0000
vt -1.6955 0.3617 0.0000
vt -1.6935 0.3905 0.0000
vt -1.6935 0.3905 0.0000
vt -1.6962 0.3907 0.0000
vt -1.6982 0.3619 0.0000
vt -1.4568 0.1564 0.0000
vt -1.4541 0.1564 0.0000
vt -1.4541 0.1990 0.0000
vt -1.4541 0.1990 0.0000
vt -1.4568 0.1990 0.0000
vt -1.4568 0.1564 0.0000
vt -1.7073 0.7949 0.0000
vt -1.7046 0.7951 0.0000
vt -1.7066 0.8239 0.0000
vt -1.7066 0.8239 0.0000
vt -1.7093 0.8237 0.0000
vt -1.7073 0.7949 0.0000
vt -1.6980 0.3155 0.0000
vt -1.6953 0.3155 0.0000
vt -1.6953 0.3580 0.0000
vt -1.6953 0.3580 0.0000
vt -1.6980 0.3580 0.0000
vt -1.6980 0.3155 0.0000
vt -1.8611 0.9668 0.0000
vt -1.8584 0.9666 0.0000
vt -1.8564 0.9969 0.0000
vt -1.8564 0.9969 0.0000
vt -1.8590 0.9971 0.0000
vt -1.8611 0.9668 0.0000
vt -1.6894 0.3155 0.0000
vt -1.6867 0.3155 0.0000
vt -1.6867 0.3580 0.0000
vt -1.6867 0.3580 0.0000
vt -1.6894 0.3580 0.0000
vt -1.6894 0.3155 0.0000
vt -1.8702 0.9666 0.0000
vt -1.8675 0.9668 0.0000
vt -1.8696 0.9971 0.0000
vt -1.8696 0.9971 0.0000
vt -1.8722 0.9969 0.0000
vt -1.8702 0.9666 0.0000
vt -1.4483 0.1564 0.0000
vt -1.4456 0.1564 0.0000
vt -1.4456 0.1990 0.0000
vt -1.4456 0.1990 0.0000
vt -1.4483 0.1990 0.0000
vt -1.4483 0.1564 0.0000
vt -1.8834 0.9668 0.0000
vt -1.8807 0.9666 0.0000
vt -1.8786 0.9969 0.0000
vt -1.8786 0.9969 0.0000
vt -1.8813 0.9971 0.0000
vt -1.8834 0.9668 0.0000
vt -1.4398 0.1564 0.0000
vt -1.4371 0.1564 0.0000
vt -1.4371 0.1990 0.0000
vt -1.4371 0.1990 0.0000
vt -1.4398 0.1990 0.0000
vt -1.4398 0.1564 0.0000
vt -1.8924 0.9666 0.0000
vt -1.8897 0.9668 0.0000
vt -1.8918 0.9971 0.0000
vt -1.8918 0.9971 0.0000
vt -1.8945 0.9969 0.0000
vt -1.8924 0.9666 0.0000
vt 1.9078 2.2067 1.1154
vt 2.7968 2.8838 1.0624
vt 2.7968 3.3771 1.0859
vt 2.7968 3.3771 1.0859
vt 1.9078 2.7000 1.1390
vt 1.9078 2.2067 1.1154
vt 0.0012 1.0000 0.0000
vt 0.0012 -0.0000 0.0000
vt 0.9988 -0.0000 0.0000
vt 0.9988 -0.0000 0.0000
vt 0.9988 1.0000 0.0000
vt 0.0012 1.0000 0.0000
vt 1.9078 0.5786 1.0375
vt 1.9078 -1.1132 0.9567
vt 2.7968 -0.4361 0.9036
vt 2.7968 -0.4361 0.9036
vt 2.7968 1.2557 0.9845
vt 1.9078 0.5786 1.0375
vt -0.0033 1.0000 0.0000
vt -0.0033 -0.0000 0.0000
vt 1.0033 -0.0000 0.0000
vt 1.0033 -0.0000 0.0000
vt 1.0033 1.0000 0.0000
vt -0.0033 1.0000 0.0000
vt 2.7968 2.8838 1.0624
vt 3.4435 3.3763 1.0238
vt 3.4435 3.8696 1.0474
vt 3.4435 3.8696 1.0474
vt 2.7968 3.3771 1.0859
vt 2.7968 2.8838 1.0624
vt 2.7968 2.8838 1.0624
vt 2.7968 1.2557 0.9845
vt 3.4435 1.7482 0.9459
vt 3.4435 1.7482 0.9459
vt 3.4435 3.3763 1.0238
vt 2.7968 2.8838 1.0624
vt 2.7968 1.2557 0.9845
vt 2.7968 -0.4361 0.9036
vt 3.4435 0.0564 0.8650
vt 3.4435 0.0564 0.8650
vt 3.4435 1.7482 0.9459
vt 2.7968 1.2557 0.9845
vt 2.7968 -0.4361 0.9036
vt 2.7968 -1.8635 0.8354
vt 3.4435 -1.3710 0.7968
vt 3.4435 -1.3710 0.7968
vt 3.4435 0.0564 0.8650
vt 2.7968 -0.4361 0.9036
vt 4.3793 4.0891 0.9679
vt 5.2183 4.7280 0.9179
vt 5.2183 5.2213 0.9415
vt 5.2183 5.2213 0.9415
vt 4.3793 4.5823 0.9915
vt 4.3793 4.0891 0.9679
vt 4.3793 4.0891 0.9679
vt 4.3793 2.4609 0.8901
vt 5.2183 3.0999 0.8400
vt 5.2183 3.0999 0.8400
vt 5.2183 4.7280 0.9179
vt 4.3793 4.0891 0.9679
vt 4.3793 2.4609 0.8901
vt 4.3793 0.7692 0.8092
vt 5.2183 1.4082 0.7591
vt 5.2183 1.4082 0.7591
vt 5.2183 3.0999 0.8400
vt 4.3793 2.4609 0.8901
vt 4.3793 0.7692 0.8092
vt 4.3793 -0.6582 0.7409
vt 5.2183 -0.0193 0.6909
vt 5.2183 -0.0193 0.6909
vt 5.2183 1.4082 0.7591
vt 4.3793 0.7692 0.8092
vt 3.4435 3.3763 1.0238
vt 4.3793 4.0891 0.9679
vt 4.3793 4.5823 0.9915
vt 4.3793 4.5823 0.9915
vt 3.4435 3.8696 1.0474
vt 3.4435 3.3763 1.0238
vt 3.4435 3.3763 1.0238
vt 3.4435 1.7482 0.9459
vt 4.3793 2.4609 0.8901
vt 4.3793 2.4609 0.8901
vt 4.3793 4.0891 0.9679
vt 3.4435 3.3763 1.0238
vt 3.4435 1.7482 0.9459
vt 3.4435 0.0564 0.8650
vt 4.3793 0.7692 0.8092
vt 4.3793 0.7692 0.8092
vt 4.3793 2.4609 0.8901
vt 3.4435 1.7482 0.9459
vt -0.0575 -5.7570 1.1980
vt 0.8458 -6.7332 1.2507
vt 0.8458 -6.3184 1.2792
vt 0.8458 -6.3184 1.2792
vt -0.0575 -5.3422 1.2266
vt -0.0575 -5.7570 1.1980
vt -0.0516 -9.9807 0.9065
vt -0.0516 -10.1624 0.8939
vt 0.8828 -11.1838 0.9490
vt 0.8828 -11.1838 0.9490
vt 0.8828 -11.0021 0.9616
vt -0.0516 -9.9807 0.9065
vt 0.8458 -6.7332 1.2507
vt 2.9174 -8.9879 1.3723
vt 2.9174 -8.5731 1.4009
vt 2.9174 -8.5731 1.4009
vt 0.8458 -6.3184 1.2792
vt 0.8458 -6.7332 1.2507
vt 0.8458 -6.7332 1.2507
vt 0.8458 -8.1023 1.1563
vt 2.9174 -10.3569 1.2779
vt 2.9174 -10.3569 1.2779
vt 2.9174 -8.9879 1.3723
vt 0.8458 -6.7332 1.2507
vt 2.9174 -10.3569 1.2779
vt 0.8458 -8.1023 1.1563
vt 0.8828 -9.3933 1.0724
vt 0.8828 -9.3933 1.0724
vt 2.9174 -11.6063 1.1918
vt 2.9174 -10.3569 1.2779
vt 0.8828 -9.3933 1.0724
vt 0.8828 -11.0021 0.9616
vt 2.9174 -12.9798 1.0972
vt 2.9174 -12.9798 1.0972
vt 2.9174 -11.6063 1.1918
vt 0.8828 -9.3933 1.0724
vt 0.8828 -11.0021 0.9616
vt 0.8828 -11.1838 0.9490
vt 2.9174 -13.4314 1.0660
vt 2.9174 -13.4314 1.0660
vt 2.9174 -12.9798 1.0972
vt 0.8828 -11.0021 0.9616
vt 11.7694 -7.2400 1.2780
vt 10.9664 -6.3667 1.2309
vt 10.9664 -5.9519 1.2595
vt 10.9664 -5.9519 1.2595
vt 11.7693 -6.8252 1.3066
vt 11.7694 -7.2400 1.2780
vt 0.0000 0.0000 0.0000
vt 1.0000 0.0000 0.0000
vt 1.0000 1.0000 0.0000
vt 1.0000 1.0000 0.0000
vt 0.0000 1.0000 0.0000
vt 0.0000 0.0000 0.0000
vt 11.7693 -9.8585 1.0975
vt 10.9664 -8.9852 1.0504
vt 10.9664 -7.7358 1.1365
vt 10.9664 -7.7358 1.1365
vt 11.7694 -8.6091 1.1836
vt 11.7693 -9.8585 1.0975
vt 11.7693 -11.2319 1.0029
vt 10.9664 -10.3586 0.9558
vt 10.9664 -8.9852 1.0504
vt 10.9664 -8.9852 1.0504
vt 11.7693 -9.8585 1.0975
vt 11.7693 -11.2319 1.0029
vt 10.9664 -6.3667 1.2309
vt 9.6816 -4.9692 1.1555
vt 9.6816 -4.5544 1.1841
vt 9.6816 -4.5544 1.1841
vt 10.9664 -5.9519 1.2595
vt 10.9664 -6.3667 1.2309
vt 10.9664 -7.7358 1.1365
vt 9.6816 -6.3383 1.0611
vt 9.6816 -4.9692 1.1555
vt 9.6816 -4.9692 1.1555
vt 10.9664 -6.3667 1.2309
vt 10.9664 -7.7358 1.1365
vt 10.9664 -8.9852 1.0504
vt 9.6816 -7.5877 0.9750
vt 9.6816 -6.3383 1.0611
vt 9.6816 -6.3383 1.0611
vt 10.9664 -7.7358 1.1365
vt 10.9664 -8.9852 1.0504
vt 10.9664 -10.3586 0.9558
vt 9.6816 -8.9611 0.8804
vt 9.6816 -7.5877 0.9750
vt 9.6816 -7.5877 0.9750
vt 10.9664 -8.9852 1.0504
vt 10.9664 -10.3586 0.9558
vt 13.4602 -0.0810 0.9428
vt 13.4602 -0.4958 0.9142
vt 12.5957 0.4446 0.8634
vt 12.5957 0.4446 0.8634
vt 12.5957 0.8594 0.8920
vt 13.4602 -0.0810 0.9428
vt 0.0000 1.0000 0.0000
vt 0.0000 0.0000 0.0000
vt 1.0000 0.0000 0.0000
vt 1.0000 0.0000 0.0000
vt 1.0000 1.0000 0.0000
vt 0.0000 1.0000 0.0000
vt 13.4602 -1.9536 0.8137
vt 13.4602 -3.1057 0.7343
vt 12.5957 -2.1654 0.6836
vt 12.5957 -2.1654 0.6836
vt 12.5957 -1.0133 0.7630
vt 13.4602 -1.9536 0.8137
vt 0.0000 1.0000 0.0000
vt 0.0000 0.0000 0.0000
vt 1.0000 0.0000 0.0000
vt 1.0000 0.0000 0.0000
vt 1.0000 1.0000 0.0000
vt 0.0000 1.0000 0.0000
vt 12.5957 0.8594 0.8920
vt 12.5957 0.4446 0.8634
vt 10.6828 2.5253 0.7512
vt 10.6828 2.5253 0.7512
vt 10.6828 2.9401 0.7798
vt 12.5957 0.8594 0.8920
vt 12.5957 0.4446 0.8634
vt 12.5957 -1.0133 0.7630
vt 10.6828 1.1563 0.6569
vt 10.6828 1.1563 0.6569
vt 10.6828 2.5253 0.7512
vt 12.5957 0.4446 0.8634
vt 10.6828 1.1563 0.6569
vt 12.5957 -1.0133 0.7630
vt 12.5957 -2.1654 0.6836
vt 12.5957 -2.1654 0.6836
vt 10.5922 0.0054 0.5654
vt 10.6828 1.1563 0.6569
vt 12.5957 -2.1654 0.6836
vt 12.5957 -3.5473 0.5883
vt 10.5922 -1.3681 0.4708
vt 10.5922 -1.3681 0.4708
vt 10.5922 0.0054 0.5654
vt 12.5957 -2.1654 0.6836
vt 10.6828 2.9401 0.7798
vt 10.6828 2.5253 0.7512
vt 9.7616 3.5273 0.6972
vt 9.7616 3.5273 0.6972
vt 9.7616 3.9421 0.7257
vt 10.6828 2.9401 0.7798
vt 0.0000 1.0000 0.0000
vt 0.0000 0.0000 0.0000
vt 1.0000 0.0000 0.0000
vt 1.0000 0.0000 0.0000
vt 1.0000 1.0000 0.0000
vt 0.0000 1.0000 0.0000
vt 9.7616 2.1582 0.6028
vt 10.6828 1.1563 0.6569
vt 10.5922 0.0054 0.5654
vt 10.5922 0.0054 0.5654
vt 9.7616 0.9088 0.5167
vt 9.7616 2.1582 0.6028
vt 0.0000 1.0000 0.0000
vt 0.0000 0.0000 0.0000
vt 1.0000 0.0000 0.0000
vt 1.0000 0.0000 0.0000
vt 1.0000 1.0000 0.0000
vt 0.0000 1.0000 0.0000
vt 9.7616 3.9421 0.7257
vt 9.7616 3.5273 0.6972
vt 7.7770 5.6859 0.5807
vt 7.7770 5.6859 0.5807
vt 7.7770 6.1007 0.6093
vt 9.7616 3.9421 0.7257
vt 9.7616 3.5273 0.6972
vt 9.7616 2.1582 0.6028
vt 7.7770 4.3169 0.4864
vt 7.7770 4.3169 0.4864
vt 7.7770 5.6859 0.5807
vt 9.7616 3.5273 0.6972
vt 9.7616 2.1582 0.6028
vt 9.7616 0.9088 0.5167
vt 7.7173 3.2009 0.4015
vt 7.7173 3.2009 0.4015
vt 7.7770 4.3169 0.4864
vt 9.7616 2.1582 0.6028
vt 9.7616 0.9088 0.5167
vt 9.7616 -0.4646 0.4220
vt 7.7173 1.7590 0.3021
vt 7.7173 1.7590 0.3021
vt 7.7173 3.2009 0.4015
vt 9.7616 0.9088 0.5167
vt 6.9632 6.9859 0.5615
vt 6.9632 6.5711 0.5330
vt 4.9627 8.7470 0.4156
vt 4.9627 8.7470 0.4156
vt 4.9627 9.1618 0.4442
vt 6.9632 6.9859 0.5615
vt 6.9632 6.5711 0.5330
vt 6.9632 5.2020 0.4386
vt 4.9627 7.3779 0.3212
vt 4.9627 7.3779 0.3212
vt 4.9627 8.7470 0.4156
vt 6.9632 6.5711 0.5330
vt 6.9632 5.2020 0.4386
vt 6.9035 4.0861 0.3537
vt 4.9627 6.1285 0.2351
vt 4.9627 6.1285 0.2351
vt 4.9627 7.3779 0.3212
vt 6.9632 5.2020 0.4386
vt 6.9035 4.0861 0.3537
vt 6.9035 2.6442 0.2544
vt 4.9627 4.7551 0.1405
vt 4.9627 4.7551 0.1405
vt 4.9627 6.1285 0.2351
vt 6.9035 4.0861 0.3537
vt 7.7770 6.1007 0.6093
vt 7.7770 5.6859 0.5807
vt 6.9632 6.5711 0.5330
vt 6.9632 6.5711 0.5330
vt 6.9632 6.9859 0.5615
vt 7.7770 6.1007 0.6093
vt 0.0000 1.0000 0.0000
vt 0.0000 0.0000 0.0000
vt 1.0000 0.0000 0.0000
vt 1.0000 0.0000 0.0000
vt 1.0000 1.0000 0.0000
vt 0.0000 1.0000 0.0000
vt 7.7770 4.3169 0.4864
vt 7.7173 3.2009 0.4015
vt 6.9035 4.0861 0.3537
vt 6.9035 4.0861 0.3537
vt 6.9632 5.2020 0.4386
vt 7.7770 4.3169 0.4864
vt 0.0023 1.0000 0.0000
vt 0.0023 0.2475 0.0000
vt 1.0025 0.2475 0.0000
vt 1.0025 0.2475 0.0000
vt 1.0025 1.0000 0.0000
vt 0.0023 1.0000 0.0000
vt 0.0023 0.2475 0.0000
vt 0.0023 0.0000 0.0000
vt 1.0025 0.0000 0.0000
vt 1.0025 0.0000 0.0000
vt 1.0025 0.2475 0.0000
vt 0.0023 0.2475 0.0000
vt 4.9627 9.1618 0.4442
vt 4.9627 8.7470 0.4156
vt 4.0739 9.7138 0.3634
vt 4.0739 9.7138 0.3634
vt 4.0739 10.1286 0.3920
vt 4.9627 9.1618 0.4442
vt 0.0000 1.0000 0.0000
vt 0.0000 0.0000 0.0000
vt 1.0000 0.0000 0.0000
vt 1.0000 0.0000 0.0000
vt 1.0000 1.0000 0.0000
vt 0.0000 1.0000 0.0000
vt 4.9627 7.3779 0.3212
vt 4.9627 6.1285 0.2351
vt 4.0739 7.0953 0.1830
vt 4.0739 7.0953 0.1830
vt 4.0739 8.3448 0.2691
vt 4.9627 7.3779 0.3212
vt 0.0000 1.0000 0.0000
vt 0.0000 0.0000 0.0000
vt 1.0000 0.0000 0.0000
vt 1.0000 0.0000 0.0000
vt 1.0000 1.0000 0.0000
vt 0.0000 1.0000 0.0000
vt 4.0739 10.1286 0.3920
vt 4.0739 9.7138 0.3634
vt 2.1989 11.7532 0.2534
vt 2.1989 11.7532 0.2534
vt 2.1989 12.1680 0.2820
vt 4.0739 10.1286 0.3920
vt 4.0739 9.7138 0.3634
vt 4.0739 8.3448 0.2691
vt 2.1989 10.3842 0.1591
vt 2.1989 10.3842 0.1591
vt 2.1989 11.7532 0.2534
vt 4.0739 9.7138 0.3634
vt 4.0739 8.3448 0.2691
vt 4.0739 7.0953 0.1830
vt 2.1989 9.1348 0.0730
vt 2.1989 9.1348 0.0730
vt 2.1989 10.3842 0.1591
vt 4.0739 8.3448 0.2691
vt 4.0739 7.0953 0.1830
vt 4.0739 5.7219 0.0883
vt 2.1989 7.7613 -0.0217
vt 2.1989 7.7613 -0.0217
vt 2.1989 9.1348 0.0730
vt 4.0739 7.0953 0.1830
vt 2.1989 12.1680 0.2820
vt 2.1989 11.7532 0.2534
vt 1.4019 12.6201 0.2067
vt 1.4019 12.6201 0.2067
vt 1.4019 13.0349 0.2352
vt 2.1989 12.1680 0.2820
vt 0.0000 1.0000 0.0000
vt 0.0000 0.0000 0.0000
vt 1.0000 0.0000 0.0000
vt 1.0000 0.0000 0.0000
vt 1.0000 1.0000 0.0000
vt 0.0000 1.0000 0.0000
vt 2.1989 10.3842 0.1591
vt 2.1989 9.1348 0.0730
vt 1.4019 10.0016 0.0262
vt 1.4019 10.0016 0.0262
vt 1.4019 11.2510 0.1123
vt 2.1989 10.3842 0.1591
vt 0.0000 1.0000 0.0000
vt 0.0000 0.0000 0.0000
vt 1.0000 0.0000 0.0000
vt 1.0000 0.0000 0.0000
vt 1.0000 1.0000 0.0000
vt 0.0000 1.0000 0.0000
vt 1.4019 13.0349 0.2352
vt 1.4019 12.6201 0.2067
vt 0.6480 13.4401 0.1624
vt 0.6480 13.4401 0.1624
vt 0.6480 13.8549 0.1910
vt 1.4019 13.0349 0.2352
vt 1.4019 12.6201 0.2067
vt 1.4019 11.2510 0.1123
vt 0.6480 12.0711 0.0681
vt 0.6480 12.0711 0.0681
vt 0.6480 13.4401 0.1624
vt 1.4019 12.6201 0.2067
vt 0.6480 12.0711 0.0681
vt 1.4019 11.2510 0.1123
vt 1.4019 10.0016 0.0262
vt 1.4019 10.0016 0.0262
vt 0.6480 10.5520 -0.0366
vt 0.6480 12.0711 0.0681
vt 0.6480 10.5520 -0.0366
vt 1.4019 10.0016 0.0262
vt 1.4019 8.6282 -0.0685
vt 1.4019 8.6282 -0.0685
vt 0.6480 9.4482 -0.1127
vt 0.6480 10.5520 -0.0366
vt -6.6961 4.8262 0.9724
vt -6.6961 4.3329 0.9488
vt -6.0809 4.0267 0.9728
vt -6.0809 4.0267 0.9728
vt -6.0809 4.5200 0.9964
vt -6.6961 4.8262 0.9724
vt -6.6961 4.3329 0.9488
vt -6.6961 2.7048 0.8710
vt -6.0809 2.3986 0.8950
vt -6.0809 2.3986 0.8950
vt -6.0809 4.0267 0.9728
vt -6.6961 4.3329 0.9488
vt -6.6961 2.7048 0.8710
vt -6.6961 0.4110 0.7613
vt -6.0809 0.1048 0.7853
vt -6.0809 0.1048 0.7853
vt -6.0809 2.3986 0.8950
vt -6.6961 2.7048 0.8710
vt -6.0809 4.5200 0.9964
vt -6.0809 4.0267 0.9728
vt -4.6921 3.3355 1.0270
vt -4.6921 3.3355 1.0270
vt -4.6921 3.8288 1.0506
vt -6.0809 4.5200 0.9964
vt -6.0809 4.0267 0.9728
vt -6.0809 2.3986 0.8950
vt -4.6921 1.7074 0.9491
vt -4.6921 1.7074 0.9491
vt -4.6921 3.3355 1.0270
vt -6.0809 4.0267 0.9728
vt -6.0809 2.3986 0.8950
vt -6.0809 0.1048 0.7853
vt -4.6921 0.2216 0.8781
vt -4.6921 0.2216 0.8781
vt -4.6921 1.7074 0.9491
vt -6.0809 2.3986 0.8950
vt -6.0809 0.1048 0.7853
vt -6.0809 -0.7206 0.7458
vt -4.6921 -1.4118 0.8000
vt -4.6921 -1.4118 0.8000
vt -4.6921 0.2216 0.8781
vt -6.0809 0.1048 0.7853
vt -3.5417 3.2564 1.0954
vt -3.5417 2.7631 1.0718
vt 0.1960 0.9029 1.2175
vt 0.1960 0.9029 1.2175
vt 0.1960 1.3962 1.2411
vt -3.5417 3.2564 1.0954
vt -3.5417 2.7631 1.0718
vt -3.5417 1.1350 0.9940
vt 0.1960 -0.7252 1.1397
vt 0.1960 -0.7252 1.1397
vt 0.1960 0.9029 1.2175
vt -3.5417 2.7631 1.0718
vt -3.5417 1.1350 0.9940
vt -3.5417 -0.3509 0.9229
vt 0.1960 -2.2110 1.0686
vt 0.1960 -2.2110 1.0686
vt 0.1960 -0.7252 1.1397
vt -3.5417 1.1350 0.9940
vt -3.5417 -0.3509 0.9229
vt -3.5417 -1.9842 0.8448
vt 0.1960 -3.8444 0.9905
vt 0.1960 -3.8444 0.9905
vt 0.1960 -2.2110 1.0686
vt -3.5417 -0.3509 0.9229
vt -4.6921 3.8288 1.0506
vt -4.6921 3.3355 1.0270
vt -3.5417 2.7631 1.0718
vt -3.5417 2.7631 1.0718
vt -3.5417 3.2564 1.0954
vt -4.6921 3.8288 1.0506
vt 0.0000 1.0000 0.0000
vt 0.0000 0.0000 0.0000
vt 1.0000 0.0000 0.0000
vt 1.0000 0.0000 0.0000
vt 1.0000 1.0000 0.0000
vt 0.0000 1.0000 0.0000
vt -4.6921 1.7074 0.9491
vt -4.6921 0.2216 0.8781
vt -3.5417 -0.3509 0.9229
vt -3.5417 -0.3509 0.9229
vt -3.5417 1.1350 0.9940
vt -4.6921 1.7074 0.9491
vt 0.0000 1.0000 0.0000
vt 0.0000 0.0000 0.0000
vt 1.0000 0.0000 0.0000
vt 1.0000 0.0000 0.0000
vt 1.0000 1.0000 0.0000
vt 0.0000 1.0000 0.0000
vt 2.9174 -13.4314 1.0660
vt 3.5336 -13.7943 1.0856
vt 3.5336 -13.3426 1.1167
vt 3.5336 -13.3426 1.1167
vt 2.9174 -12.9798 1.0972
vt 2.9174 -13.4314 1.0660
vt 11.7693 -11.2319 1.0029
vt 11.7693 -9.8585 1.0975
vt 12.9837 -11.1794 1.1688
vt 12.9837 -11.1794 1.1688
vt 12.9837 -12.5528 1.0741
vt 11.7693 -11.2319 1.0029
vt 9.2252 -15.2906 1.3906
vt 9.2252 -16.6640 1.2959
vt 12.9837 -12.5528 1.0741
vt 12.9837 -12.5528 1.0741
vt 12.9837 -11.1794 1.1688
vt 9.2252 -15.2906 1.3906
vt 2.9174 -12.9798 1.0972
vt 3.5336 -13.3426 1.1167
vt 3.5336 -11.9692 1.2114
vt 3.5336 -11.9692 1.2114
vt 2.9174 -11.6063 1.1918
vt 2.9174 -12.9798 1.0972
vt 1.9078 -1.1132 0.9567
vt 0.1960 -2.2110 1.0686
vt 0.1960 -3.8444 0.9905
vt 0.1960 -3.8444 0.9905
vt 1.9078 -2.5406 0.8884
vt 1.9078 -1.1132 0.9567
vt 15.0349 -4.8270 0.8261
vt 15.0349 -6.2004 0.7315
vt 13.4602 -4.4876 0.6391
vt 13.4602 -4.4876 0.6391
vt 13.4602 -3.1057 0.7343
vt 15.0349 -4.8270 0.8261
vt 15.0349 -4.8270 0.8261
vt 9.6816 -7.5877 0.9750
vt 9.6816 -8.9611 0.8804
vt 9.6816 -8.9611 0.8804
vt 15.0349 -6.2004 0.7315
vt 15.0349 -4.8270 0.8261
vt 11.7694 -8.6091 1.1836
vt 11.7694 -7.2400 1.2780
vt 12.9837 -8.5609 1.3492
vt 12.9837 -8.5609 1.3492
vt 12.9837 -9.9300 1.2549
vt 11.7694 -8.6091 1.1836
vt 9.2252 -12.6721 1.5710
vt 9.2252 -14.0411 1.4767
vt 12.9837 -9.9300 1.2549
vt 12.9837 -9.9300 1.2549
vt 12.9837 -8.5609 1.3492
vt 9.2252 -12.6721 1.5710
vt 2.9174 -10.3569 1.2779
vt 3.5336 -10.7197 1.2975
vt 3.5336 -9.3507 1.3918
vt 3.5336 -9.3507 1.3918
vt 2.9174 -8.9879 1.3723
vt 2.9174 -10.3569 1.2779
vt -17.9718 13.7334 0.1466
vt -17.9718 12.3644 0.0523
vt -16.4414 10.6998 0.1420
vt -16.4414 10.6998 0.1420
vt -16.4414 12.0688 0.2364
vt -17.9718 13.7334 0.1466
vt 0.1960 0.9029 1.2175
vt 0.1960 -0.7252 1.1397
vt 1.9078 0.5786 1.0375
vt 1.9078 0.5786 1.0375
vt 1.9078 2.2067 1.1154
vt 0.1960 0.9029 1.2175
vt 13.4602 -0.4958 0.9142
vt 15.0349 -2.2085 1.0066
vt 15.0349 -3.5776 0.9122
vt 15.0349 -3.5776 0.9122
vt 13.4602 -1.9536 0.8137
vt 13.4602 -0.4958 0.9142
vt 15.0349 -2.2085 1.0066
vt 9.6816 -4.9692 1.1555
vt 9.6816 -6.3383 1.0611
vt 9.6816 -6.3383 1.0611
vt 15.0349 -3.5776 0.9122
vt 15.0349 -2.2085 1.0066
vt 11.7693 -9.8585 1.0975
vt 11.7694 -8.6091 1.1836
vt 12.9837 -9.9300 1.2549
vt 12.9837 -9.9300 1.2549
vt 12.9837 -11.1794 1.1688
vt 11.7693 -9.8585 1.0975
vt 9.2252 -14.0411 1.4767
vt 9.2252 -15.2906 1.3906
vt 12.9837 -11.1794 1.1688
vt 12.9837 -11.1794 1.1688
vt 12.9837 -9.9300 1.2549
vt 9.2252 -14.0411 1.4767
vt 2.9174 -11.6063 1.1918
vt 3.5336 -11.9692 1.2114
vt 3.5336 -10.7197 1.2975
vt 3.5336 -10.7197 1.2975
vt 2.9174 -10.3569 1.2779
vt 2.9174 -11.6063 1.1918
vt 1.9078 0.5786 1.0375
vt 0.1960 -0.7252 1.1397
vt 0.1960 -2.2110 1.0686
vt 0.1960 -2.2110 1.0686
vt 1.9078 -1.1132 0.9567
vt 1.9078 0.5786 1.0375
vt 13.4602 -1.9536 0.8137
vt 15.0349 -3.5776 0.9122
vt 15.0349 -4.8270 0.8261
vt 15.0349 -4.8270 0.8261
vt 13.4602 -3.1057 0.7343
vt 13.4602 -1.9536 0.8137
vt 15.0349 -3.5776 0.9122
vt 9.6816 -6.3383 1.0611
vt 9.6816 -7.5877 0.9750
vt 9.6816 -7.5877 0.9750
vt 15.0349 -4.8270 0.8261
vt 15.0349 -3.5776 0.9122
vt 9.2252 -12.6721 1.5710
vt 12.9837 -8.5609 1.3492
vt 12.9837 -8.1461 1.3778
vt 12.9837 -8.1461 1.3778
vt 9.2252 -12.2573 1.5996
vt 9.2252 -12.6721 1.5710
vt 2.9174 -8.5731 1.4009
vt 2.9174 -8.9879 1.3723
vt 3.5336 -9.3507 1.3918
vt 3.5336 -9.3507 1.3918
vt 3.5336 -8.9359 1.4204
vt 2.9174 -8.5731 1.4009
vt -17.9718 13.7334 0.1466
vt -16.4414 12.0688 0.2364
vt -16.4414 12.4836 0.2650
vt -16.4414 12.4836 0.2650
vt -17.9718 14.1482 0.1752
vt -17.9718 13.7334 0.1466
vt 0.1960 0.9029 1.2175
vt 1.9078 2.2067 1.1154
vt 1.9078 2.7000 1.1390
vt 1.9078 2.7000 1.1390
vt 0.1960 1.3962 1.2411
vt 0.1960 0.9029 1.2175
vt 11.7694 -7.2400 1.2780
vt 11.7693 -6.8252 1.3066
vt 12.9837 -8.1461 1.3778
vt 12.9837 -8.1461 1.3778
vt 12.9837 -8.5609 1.3492
vt 11.7694 -7.2400 1.2780
vt 15.0349 -1.7937 1.0352
vt 9.6816 -4.5544 1.1841
vt 9.6816 -4.9692 1.1555
vt 9.6816 -4.9692 1.1555
vt 15.0349 -2.2085 1.0066
vt 15.0349 -1.7937 1.0352
vt 15.0349 -1.7937 1.0352
vt 15.0349 -2.2085 1.0066
vt 13.4602 -0.4958 0.9142
vt 13.4602 -0.4958 0.9142
vt 13.4602 -0.0810 0.9428
vt 15.0349 -1.7937 1.0352
vt 0.7833 0.2630 0.0000
vt 0.7833 0.2630 0.0000
vt 0.7833 0.7370 0.0000
vt 0.7833 0.7370 0.0000
vt 0.7833 0.7370 0.0000
vt 0.7833 0.2630 0.0000
vt 1.0000 0.2630 0.0000
vt 1.0000 0.2630 0.0000
vt 0.7833 0.2630 0.0000
vt 0.7833 0.2630 0.0000
vt 0.7833 0.2630 0.0000
vt 1.0000 0.2630 0.0000
vt 1.0000 0.7370 0.0000
vt 1.0000 0.7370 0.0000
vt 1.0000 0.2630 0.0000
vt 1.0000 0.2630 0.0000
vt 1.0000 0.2630 0.0000
vt 1.0000 0.7370 0.0000
vt 0.7833 0.7370 0.0000
vt 0.7833 0.7370 0.0000
vt 1.0000 0.7370 0.0000
vt 1.0000 0.7370 0.0000
vt 1.0000 0.7370 0.0000
vt 0.7833 0.7370 0.0000
vt 0.0000 0.7370 0.0000
vt 0.0000 0.7370 0.0000
vt 0.1936 0.7370 0.0000
vt 0.1936 0.7370 0.0000
vt 0.1936 0.7370 0.0000
vt 0.0000 0.7370 0.0000
vt 0.0000 0.2630 0.0000
vt 0.0000 0.2630 0.0000
vt 0.0000 0.7370 0.0000
vt 0.0000 0.7370 0.0000
vt 0.0000 0.7370 0.0000
vt 0.0000 0.2630 0.0000
vt 0.1936 0.2630 0.0000
vt 0.1936 0.2630 0.0000
vt 0.0000 0.2630 0.0000
vt 0.0000 0.2630 0.0000
vt 0.0000 0.2630 0.0000
vt 0.1936 0.2630 0.0000
vt 0.1936 0.7370 0.0000
vt 0.1936 0.7370 0.0000
vt 0.1936 0.2630 0.0000
vt 0.1936 0.2630 0.0000
vt 0.1936 0.2630 0.0000
vt 0.1936 0.7370 0.0000
vt -5.7659 -4.8595 0.4963
vt -6.0641 -3.6243 0.5413
vt -6.0274 -4.6658 0.4737
vt -4.5868 -4.2116 0.4613
vt -5.7659 -4.8595 0.4963
vt -6.0274 -4.6658 0.4737
vt -6.0274 -4.6658 0.4737
vt -4.8273 -4.0408 0.4400
vt -4.5868 -4.2116 0.4613
vt -5.0809 -4.6934 0.5989
vt -5.5672 -5.0503 0.5093
vt -5.3396 -5.3152 0.5208
vt -5.3396 -5.3152 0.5208
vt -5.5672 -5.0503 0.5093
vt -4.3320 -4.4641 0.4777
vt -4.3320 -4.4641 0.4777
vt -4.1050 -4.7282 0.4892
vt -5.3396 -5.3152 0.5208
vt -6.0641 -3.6243 0.5413
vt -5.7659 -4.8595 0.4963
vt -5.5672 -5.0503 0.5093
vt -5.5672 -5.0503 0.5093
vt -5.0809 -4.6934 0.5989
vt -6.0641 -3.6243 0.5413
vt -5.5672 -5.0503 0.5093
vt -5.7659 -4.8595 0.4963
vt -4.5868 -4.2116 0.4613
vt -4.5868 -4.2116 0.4613
vt -4.3320 -4.4641 0.4777
vt -5.5672 -5.0503 0.5093
vt -8.8317 -1.5148 0.3158
vt -9.1512 -0.2673 0.3602
vt -9.0455 -1.3737 0.2961
vt -7.6374 -0.8846 0.2818
vt -8.8317 -1.5148 0.3158
vt -9.0455 -1.3737 0.2961
vt -9.0455 -1.3737 0.2961
vt -7.8512 -0.7434 0.2621
vt -7.6374 -0.8846 0.2818
vt -7.9624 -1.5600 0.4299
vt -8.5314 -1.8066 0.3369
vt -8.2612 -2.1522 0.3501
vt -8.2612 -2.1522 0.3501
vt -8.5314 -1.8066 0.3369
vt -7.3307 -1.1834 0.3033
vt -7.3307 -1.1834 0.3033
vt -7.0461 -1.5451 0.3174
vt -8.2612 -2.1522 0.3501
vt -9.1512 -0.2673 0.3602
vt -8.8317 -1.5148 0.3158
vt -8.5314 -1.8066 0.3369
vt -8.5314 -1.8066 0.3369
vt -7.9624 -1.5600 0.4299
vt -9.1512 -0.2673 0.3602
vt -7.3307 -1.1834 0.3033
vt -8.5314 -1.8066 0.3369
vt -8.8317 -1.5148 0.3158
vt -8.8317 -1.5148 0.3158
vt -7.6374 -0.8846 0.2818
vt -7.3307 -1.1834 0.3033
vt -2.5936 -8.3381 0.6807
vt -2.8955 -7.0699 0.7271
vt -2.8471 -8.1224 0.6602
vt -1.4144 -7.6906 0.6458
vt -2.5936 -8.3381 0.6807
vt -2.8471 -8.1224 0.6602
vt -2.8471 -8.1224 0.6602
vt -1.6485 -7.4962 0.6264
vt -1.4144 -7.6906 0.6458
vt -1.9303 -8.1195 0.7837
vt -2.3894 -8.5393 0.6935
vt -2.1400 -8.8344 0.7056
vt -2.1400 -8.8344 0.7056
vt -2.3894 -8.5393 0.6935
vt -1.1835 -7.9211 0.6601
vt -1.1835 -7.9211 0.6601
vt -0.9395 -8.2102 0.6719
vt -2.1400 -8.8344 0.7056
vt -2.8955 -7.0699 0.7271
vt -2.5936 -8.3381 0.6807
vt -2.3894 -8.5393 0.6935
vt -2.3894 -8.5393 0.6935
vt -1.9303 -8.1195 0.7837
vt -2.8955 -7.0699 0.7271
vt -2.3894 -8.5393 0.6935
vt -2.5936 -8.3381 0.6807
vt -1.4144 -7.6906 0.6458
vt -1.4144 -7.6906 0.6458
vt -1.1835 -7.9211 0.6601
vt -2.3894 -8.5393 0.6935
vt -5.8705 -6.5393 0.3628
vt -8.0584 -4.4734 0.2180
vt -5.8705 -7.2730 0.3122
vt -4.7946 -6.7292 0.3830
vt -4.9651 -6.4926 0.3746
vt -5.1388 -6.3472 0.3609
vt -5.1388 -6.3472 0.3609
vt -5.2916 -6.2252 0.3458
vt -5.2916 -6.9588 0.2953
vt -5.1388 -6.3472 0.3609
vt -5.2916 -6.9588 0.2953
vt -4.6829 -7.6690 0.3343
vt -4.7946 -6.7292 0.3830
vt -5.1388 -6.3472 0.3609
vt -4.6829 -7.6690 0.3343
vt -4.6829 -6.9417 0.3845
vt -4.7946 -6.7292 0.3830
vt -4.6829 -7.6690 0.3343
vt -2.8471 -9.4406 0.5693
vt -5.2618 -7.2559 0.4014
vt -5.2618 -7.9832 0.3513
vt -5.8705 -7.2730 0.3122
vt -8.0584 -4.4734 0.2180
vt -7.9624 -5.5133 0.1575
vt -7.9624 -5.5133 0.1575
vt -6.0641 -7.5776 0.2688
vt -5.8705 -7.2730 0.3122
vt -5.8705 -7.2730 0.3122
vt -6.0641 -7.5776 0.2688
vt -5.0809 -8.6468 0.3265
vt -5.0809 -8.6468 0.3265
vt -5.2618 -7.9832 0.3513
vt -5.8705 -7.2730 0.3122
vt -5.2618 -7.9832 0.3513
vt -5.0809 -8.6468 0.3265
vt -2.8955 -11.0232 0.4547
vt -2.8955 -11.0232 0.4547
vt -2.8471 -9.4406 0.5693
vt -5.2618 -7.9832 0.3513
vt -5.3978 -7.0147 0.3984
vt -4.7946 -6.7292 0.3830
vt -4.6829 -6.9417 0.3845
vt -4.6829 -6.9417 0.3845
vt -5.2618 -7.2559 0.4014
vt -5.3978 -7.0147 0.3984
vt -5.8705 -7.2730 0.3122
vt -5.2916 -6.9588 0.2953
vt -5.2916 -6.2252 0.3458
vt -5.2916 -6.2252 0.3458
vt -5.8705 -6.5393 0.3628
vt -5.8705 -7.2730 0.3122
vt -5.8705 -7.2730 0.3122
vt -5.2618 -7.9832 0.3513
vt -4.6829 -7.6690 0.3343
vt -4.6829 -7.6690 0.3343
vt -5.2916 -6.9588 0.2953
vt -5.8705 -7.2730 0.3122
vt -5.2618 -7.2559 0.4014
vt -4.6829 -6.9417 0.3845
vt -4.6829 -7.6690 0.3343
vt -4.6829 -7.6690 0.3343
vt -5.2618 -7.9832 0.3513
vt -5.2618 -7.2559 0.4014
vt -5.7284 -6.6488 0.3772
vt -6.0274 -5.9721 0.3837
vt -5.8705 -6.5393 0.3628
vt -5.1388 -6.3472 0.3609
vt -5.7284 -6.6488 0.3772
vt -5.8705 -6.5393 0.3628
vt -5.8705 -6.5393 0.3628
vt -5.2916 -6.2252 0.3458
vt -5.1388 -6.3472 0.3609
vt -5.5578 -6.7906 0.3907
vt -6.0274 -5.9721 0.3837
vt -5.7284 -6.6488 0.3772
vt -5.5578 -6.7906 0.3907
vt -5.7284 -6.6488 0.3772
vt -5.1388 -6.3472 0.3609
vt -5.1388 -6.3472 0.3609
vt -4.9651 -6.4926 0.3746
vt -5.5578 -6.7906 0.3907
vt -5.1136 -6.9759 0.4378
vt -6.0274 -5.9721 0.3837
vt -5.5578 -6.7906 0.3907
vt -5.5578 -6.7906 0.3907
vt -5.3978 -7.0147 0.3984
vt -5.1136 -6.9759 0.4378
vt -4.7946 -6.7292 0.3830
vt -5.3978 -7.0147 0.3984
vt -5.5578 -6.7906 0.3907
vt -5.5578 -6.7906 0.3907
vt -4.9651 -6.4926 0.3746
vt -4.7946 -6.7292 0.3830
vt 3.5336 -15.7507 0.9508
vt 2.9174 -15.9275 0.8940
vt 3.5336 -16.2903 0.9136
vt 0.8828 -15.1371 0.6766
vt 2.9174 -16.4347 0.8591
vt 2.9174 -15.9275 0.8940
vt 3.9884 -15.8571 0.8902
vt 3.3723 -15.4942 0.8706
vt 3.3723 -16.0015 0.8357
vt 4.8474 -16.5183 0.9922
vt 3.5336 -16.2903 0.9136
vt 3.5336 -16.7976 0.8786
vt 3.9884 -15.8571 0.8902
vt 3.3723 -16.0015 0.8357
vt 3.9884 -16.3643 0.8553
vt 0.8828 -15.1371 0.6766
vt 2.9174 -17.3501 0.7960
vt 2.9174 -16.4347 0.8591
vt 3.5336 -16.7976 0.8786
vt 2.9174 -16.4347 0.8591
vt 2.9174 -17.3501 0.7960
vt 4.8474 -16.5183 0.9922
vt 3.5336 -16.7976 0.8786
vt 3.5336 -17.7130 0.8155
vt 3.5336 -16.2903 0.9136
vt 2.9174 -15.9275 0.8940
vt 3.3723 -15.4942 0.8706
vt 3.3723 -15.4942 0.8706
vt 3.9884 -15.8571 0.8902
vt 3.5336 -16.2903 0.9136
vt 2.9174 -15.9275 0.8940
vt 2.9174 -16.4347 0.8591
vt 3.3723 -16.0015 0.8357
vt 3.3723 -16.0015 0.8357
vt 3.3723 -15.4942 0.8706
vt 2.9174 -15.9275 0.8940
vt 3.5336 -16.7976 0.8786
vt 3.5336 -16.2903 0.9136
vt 3.9884 -15.8571 0.8902
vt 3.9884 -15.8571 0.8902
vt 3.9884 -16.3643 0.8553
vt 3.5336 -16.7976 0.8786
vt 2.9174 -16.4347 0.8591
vt 3.5336 -16.7976 0.8786
vt 3.9884 -16.3643 0.8553
vt 3.9884 -16.3643 0.8553
vt 3.3723 -16.0015 0.8357
vt 2.9174 -16.4347 0.8591
vt -0.3545 0.9549 0.0000
vt -0.3545 0.0484 0.0000
vt -0.0452 0.9549 0.0000
vt -0.0452 0.0484 0.0000
vt -0.0452 0.9549 0.0000
vt -0.3545 0.0484 0.0000
vt 0.2641 0.9549 0.0000
vt -0.0452 0.9549 0.0000
vt 0.2641 0.0484 0.0000
vt -0.0452 0.0484 0.0000
vt 0.2641 0.0484 0.0000
vt -0.0452 0.9549 0.0000
vt 0.5734 0.9549 0.0000
vt 0.2641 0.9549 0.0000
vt 0.5734 0.0484 0.0000
vt 0.2641 0.0484 0.0000
vt 0.5734 0.0484 0.0000
vt 0.2641 0.9549 0.0000
vt 0.8827 0.9549 0.0000
vt 0.5734 0.9549 0.0000
vt 0.8827 0.0484 0.0000
vt 0.5734 0.0484 0.0000
vt 0.8827 0.0484 0.0000
vt 0.5734 0.9549 0.0000
vt 1.1920 0.9549 0.0000
vt 0.8827 0.9549 0.0000
vt 1.1920 0.0484 0.0000
vt 0.8827 0.0484 0.0000
vt 1.1920 0.0484 0.0000
vt 0.8827 0.9549 0.0000
vt 1.5013 0.9549 0.0000
vt 1.1920 0.9549 0.0000
vt 1.5013 0.0484 0.0000
vt 1.1920 0.0484 0.0000
vt 1.5013 0.0484 0.0000
vt 1.1920 0.9549 0.0000
vt 1.8106 0.9549 0.0000
vt 1.5013 0.9549 0.0000
vt 1.8106 0.0484 0.0000
vt 1.5013 0.0484 0.0000
vt 1.8106 0.0484 0.0000
vt 1.5013 0.9549 0.0000
vt 2.1199 0.9549 0.0000
vt 1.8106 0.9549 0.0000
vt 2.1199 0.0484 0.0000
vt 1.8106 0.0484 0.0000
vt 2.1199 0.0484 0.0000
vt 1.8106 0.9549 0.0000
vt 2.4292 0.9549 0.0000
vt 2.1199 0.9549 0.0000
vt 2.4292 0.0484 0.0000
vt 2.1199 0.0484 0.0000
vt 2.4292 0.0484 0.0000
vt 2.1199 0.9549 0.0000
vt 2.7385 0.9549 0.0000
vt 2.4292 0.9549 0.0000
vt 2.7385 0.0484 0.0000
vt 2.4292 0.0484 0.0000
vt 2.7385 0.0484 0.0000
vt 2.4292 0.9549 0.0000
vt 3.0478 0.9549 0.0000
vt 2.7385 0.9549 0.0000
vt 3.0478 0.0484 0.0000
vt 2.7385 0.0484 0.0000
vt 3.0478 0.0484 0.0000
vt 2.7385 0.9549 0.0000
vt 3.3571 0.9549 0.0000
vt 3.0478 0.9549 0.0000
vt 3.3571 0.0484 0.0000
vt 3.0478 0.0484 0.0000
vt 3.3571 0.0484 0.0000
vt 3.0478 0.9549 0.0000
vt -0.3545 0.0484 0.0000
vt -0.3545 0.0484 0.0000
vt -0.3545 0.9549 0.0000
vt -0.3545 0.9549 0.0000
vt -0.3545 0.9549 0.0000
vt -0.3545 0.0484 0.0000
vt 3.3571 0.9549 0.0000
vt 3.3571 0.0484 0.0000
vt 3.3571 0.9549 0.0000
vt 3.3571 0.0484 0.0000
vt 3.3571 0.9549 0.0000
vt 3.3571 0.0484 0.0000
vt -14.8316 10.7807 0.3628
vt -15.7332 11.7601 0.3099
vt -14.8128 10.7039 0.3600
vt -15.7520 11.7241 0.3049
vt -14.8128 10.7039 0.3600
vt -15.7332 11.7601 0.3099
vt -14.9929 11.1213 0.3647
vt -15.1285 11.3217 0.3604
vt -14.8911 10.9331 0.3653
vt -14.8316 10.7807 0.3628
vt -14.8911 10.9331 0.3653
vt -15.7332 11.7601 0.3099
vt -14.8911 10.9331 0.3653
vt -15.1285 11.3217 0.3604
vt -15.7332 11.7601 0.3099
vt -15.6736 11.7832 0.3195
vt -15.7332 11.7601 0.3099
vt -15.5719 11.7503 0.3308
vt -15.7332 11.7601 0.3099
vt -15.1285 11.3217 0.3604
vt -15.5719 11.7503 0.3308
vt -15.5719 11.7503 0.3308
vt -15.1285 11.3217 0.3604
vt -15.4363 11.6562 0.3424
vt -15.1285 11.3217 0.3604
vt -15.2824 11.5078 0.3527
vt -15.4363 11.6562 0.3424
vt 1.0989 0.9801 0.5000
vt -2.0724 0.9974 0.5000
vt -2.0856 0.0157 0.5000
vt -2.0856 0.0157 0.5000
vt 1.0858 -0.0016 0.5000
vt 1.0989 0.9801 0.5000
vt 1.0611 2.1359 0.5000
vt -1.1039 2.1254 0.5000
vt -1.0905 -0.1589 0.5000
vt -1.0905 -0.1589 0.5000
vt 1.0746 -0.1484 0.5000
vt 1.0611 2.1359 0.5000
vt 1.0504 2.1336 0.5000
vt -1.0610 2.1130 0.5000
vt -1.0359 -0.1337 0.5000
vt -1.0359 -0.1337 0.5000
vt 1.0755 -0.1132 0.5000
vt 1.0504 2.1336 0.5000
vt 1.1063 2.1824 0.5000
vt -1.1299 2.1646 0.5000
vt -1.1122 -0.0847 0.5000
vt -1.1122 -0.0847 0.5000
vt 1.1241 -0.0669 0.5000
vt 1.1063 2.1824 0.5000
vt 0.9955 0.9995 0.5000
vt 0.0005 0.9973 0.5000
vt 0.0044 0.0005 0.5000
vt 0.0044 0.0005 0.5000
vt 0.9995 0.0027 0.5000
vt 0.9955 0.9995 0.5000
vt -8.2671 0.3674 0.6606
vt -8.2671 -0.5203 0.6182
vt -6.6962 -1.3021 0.6794
vt -6.6962 -1.3021 0.6794
vt -6.6961 -0.4144 0.7218
vt -8.2671 0.3674 0.6606
vt -1.2164 0.1936 0.0000
vt -1.2122 0.1936 0.0000
vt -1.2122 0.2076 0.0000
vt -1.2122 0.2076 0.0000
vt -1.2164 0.2076 0.0000
vt -1.2164 0.1936 0.0000
vt -1.2064 0.1564 0.0000
vt -1.2022 0.1564 0.0000
vt -1.2022 0.1704 0.0000
vt -1.2022 0.1704 0.0000
vt -1.2064 0.1704 0.0000
vt -1.2064 0.1564 0.0000
vt -1.1863 0.1936 0.0000
vt -1.1822 0.1936 0.0000
vt -1.1822 0.2076 0.0000
vt -1.1822 0.2076 0.0000
vt -1.1863 0.2076 0.0000
vt -1.1863 0.1936 0.0000
vt -1.1763 0.1564 0.0000
vt -1.1721 0.1564 0.0000
vt -1.1721 0.1704 0.0000
vt -1.1721 0.1704 0.0000
vt -1.1763 0.1704 0.0000
vt -1.1763 0.1564 0.0000
vt 5.9955 0.5727 0.6445
vt 5.9955 -0.7397 0.5818
vt 7.2551 -1.8726 0.4066
vt 7.2551 -1.8726 0.4066
vt 7.2551 1.5321 0.5694
vt 5.9955 0.5727 0.6445
vt 8.0692 2.1521 0.5208
vt 8.0692 -2.5914 0.2940
vt 9.6971 -4.2299 0.0592
vt -6.0809 -0.7206 0.7458
vt -5.9979 -0.6573 0.7409
vt -5.9979 -1.5450 0.6984
vt -5.9979 -1.5450 0.6984
vt -6.0810 -1.6083 0.7034
vt -6.0809 -0.7206 0.7458
vt -6.6962 -1.3021 0.6794
vt -6.6131 -1.2388 0.6744
vt -6.6131 -0.3512 0.7169
vt -6.6131 -0.3512 0.7169
vt -6.6961 -0.4144 0.7218
vt -6.6962 -1.3021 0.6794
vt 6.9035 2.6442 0.2544
vt 6.7952 2.5883 0.2574
vt 6.7952 1.9145 0.2109
vt 7.6090 1.7031 0.3051
vt 7.7173 1.7590 0.3021
vt 7.7173 1.0852 0.2557
vt 1.9078 -2.5406 0.8884
vt 1.9078 -3.4283 0.8460
vt 2.7968 -2.7512 0.7929
vt 2.7968 -2.7512 0.7929
vt 2.7968 -1.8635 0.8354
vt 1.9078 -2.5406 0.8884
vt 2.7968 -1.8635 0.8354
vt 2.7968 -2.7512 0.7929
vt 3.4435 -2.2587 0.7543
vt 3.4435 -2.2587 0.7543
vt 3.4435 -1.3710 0.7968
vt 2.7968 -1.8635 0.8354
vt 4.3793 -0.6582 0.7409
vt 4.3793 -1.5459 0.6985
vt 5.2183 -0.9497 0.6464
vt 5.2183 -0.9497 0.6464
vt 5.2183 -0.0193 0.6909
vt 4.3793 -0.6582 0.7409
vt 10.9664 -10.3586 0.9558
vt 11.7693 -11.2319 1.0029
vt 11.7694 -11.9784 0.9514
vt 11.7694 -11.9784 0.9514
vt 10.9664 -11.1050 0.9043
vt 10.9664 -10.3586 0.9558
vt 9.6816 -8.9611 0.8804
vt 10.9664 -10.3586 0.9558
vt 10.9664 -11.1050 0.9043
vt 10.9664 -11.1050 0.9043
vt 9.6816 -9.7075 0.8289
vt 9.6816 -8.9611 0.8804
vt 13.4602 -4.4876 0.6391
vt 13.4602 -5.2341 0.5876
vt 12.5957 -4.2937 0.5369
vt 12.5957 -4.2937 0.5369
vt 12.5957 -3.5473 0.5883
vt 13.4602 -4.4876 0.6391
vt 12.5957 -3.5473 0.5883
vt 12.5957 -4.2937 0.5369
vt 10.5922 -2.1145 0.4193
vt 10.5922 -2.1145 0.4193
vt 10.5922 -1.3681 0.4708
vt 12.5957 -3.5473 0.5883
vt 10.5922 -1.3681 0.4708
vt 10.5922 -2.1145 0.4193
vt 9.7616 -1.4040 0.3573
vt 9.7616 -1.4040 0.3573
vt 9.7616 -0.4646 0.4220
vt 10.5922 -1.3681 0.4708
vt 9.7616 -0.4646 0.4220
vt 9.7616 -1.4040 0.3573
vt 7.7173 0.7654 0.2336
vt 7.7173 1.0852 0.2557
vt 7.7173 1.7590 0.3021
vt 9.7616 -0.4646 0.4220
vt 6.9035 2.6442 0.2544
vt 6.9035 1.9704 0.2079
vt 4.9628 3.6194 0.0622
vt 4.9628 3.6194 0.0622
vt 4.9627 4.7551 0.1405
vt 6.9035 2.6442 0.2544
vt 4.9627 4.7551 0.1405
vt 4.9628 3.6194 0.0622
vt 4.0739 4.5863 0.0101
vt 4.0739 4.5863 0.0101
vt 4.0739 5.7219 0.0883
vt 4.9627 4.7551 0.1405
vt 4.0739 5.7219 0.0883
vt 4.0739 4.5863 0.0101
vt 2.1989 6.8995 -0.0811
vt 2.1989 6.8995 -0.0811
vt 2.1989 7.7613 -0.0217
vt 4.0739 5.7219 0.0883
vt 2.1989 7.7613 -0.0217
vt 2.1989 6.8995 -0.0811
vt 1.4019 7.8371 -0.1230
vt 1.4019 7.8371 -0.1230
vt 1.4019 8.6282 -0.0685
vt 2.1989 7.7613 -0.0217
vt 1.4019 8.6282 -0.0685
vt 1.4019 7.8371 -0.1230
vt 0.6480 8.7018 -0.1641
vt 0.6480 8.7018 -0.1641
vt 0.6480 9.4482 -0.1127
vt 1.4019 8.6282 -0.0685
vt -6.0809 -0.7206 0.7458
vt -6.0810 -1.6083 0.7034
vt -4.6921 -2.2995 0.7575
vt -4.6921 -2.2995 0.7575
vt -4.6921 -1.4118 0.8000
vt -6.0809 -0.7206 0.7458
vt -3.5417 -1.9842 0.8448
vt -3.5418 -2.8719 0.8024
vt 0.1959 -4.7321 0.9481
vt 0.1959 -4.7321 0.9481
vt 0.1960 -3.8444 0.9905
vt -3.5417 -1.9842 0.8448
vt -4.6921 -1.4118 0.8000
vt -4.6921 -2.2995 0.7575
vt -3.5418 -2.8719 0.8024
vt -3.5418 -2.8719 0.8024
vt -3.5417 -1.9842 0.8448
vt -4.6921 -1.4118 0.8000
vt 11.7693 -11.2319 1.0029
vt 12.9837 -12.5528 1.0741
vt 12.9837 -13.2992 1.0227
vt 12.9837 -13.2992 1.0227
vt 11.7694 -11.9784 0.9514
vt 11.7693 -11.2319 1.0029
vt 9.2252 -16.6640 1.2959
vt 9.2252 -17.1157 1.2648
vt 12.9837 -13.2992 1.0227
vt 12.9837 -13.2992 1.0227
vt 12.9837 -12.5528 1.0741
vt 9.2252 -16.6640 1.2959
vt 0.1960 -3.8444 0.9905
vt 0.1959 -4.7321 0.9481
vt 1.9078 -3.4283 0.8460
vt 1.9078 -3.4283 0.8460
vt 1.9078 -2.5406 0.8884
vt 0.1960 -3.8444 0.9905
vt 15.0349 -6.2004 0.7315
vt 15.0349 -6.9468 0.6800
vt 13.4602 -5.2341 0.5876
vt 13.4602 -5.2341 0.5876
vt 13.4602 -4.4876 0.6391
vt 15.0349 -6.2004 0.7315
vt 15.0349 -6.2004 0.7315
vt 9.6816 -8.9611 0.8804
vt 9.6816 -9.7075 0.8289
vt 9.6816 -9.7075 0.8289
vt 15.0349 -6.9468 0.6800
vt 15.0349 -6.2004 0.7315
vt 7.6090 1.7031 0.3051
vt 7.7173 1.0852 0.2557
vt 7.6091 1.0294 0.2587
vt 7.7173 0.7654 0.2336
vt 7.7173 1.0852 0.2557
vt 9.7616 -0.4646 0.4220
vt 6.9035 2.6442 0.2544
vt 6.7952 1.9145 0.2109
vt 6.9035 1.9704 0.2079
vt 6.9035 1.9704 0.2079
vt 6.9035 1.6505 0.1859
vt 4.9628 3.6194 0.0622
vt 6.9035 1.9704 0.2079
vt 6.7952 1.9145 0.2109
vt 7.6091 1.0294 0.2587
vt 7.6091 1.0294 0.2587
vt 7.7173 1.0852 0.2557
vt 6.9035 1.9704 0.2079
vt 6.9035 1.6505 0.1859
vt 6.9035 1.9704 0.2079
vt 7.7173 1.0852 0.2557
vt 7.7173 1.0852 0.2557
vt 7.7173 0.7654 0.2336
vt 6.9035 1.6505 0.1859
vt -1.1922 0.1936 0.0000
vt -1.1964 0.1936 0.0000
vt -1.1922 0.1936 0.0000
vt -1.1964 0.1936 0.0000
vt -1.1922 0.1936 0.0000
vt -1.1964 0.1936 0.0000
vt 7.2551 1.5321 0.5694
vt 7.2551 -1.8726 0.4066
vt 8.0692 -2.5914 0.2940
vt 8.0692 -2.5914 0.2940
vt 8.0692 2.1521 0.5208
vt 7.2551 1.5321 0.5694
vt 0.0005 0.9995 0.0005
vt 0.0005 0.2736 0.0005
vt 0.9995 0.2736 0.9995
vt 0.9995 0.2736 0.9995
vt 0.9995 0.9995 0.9995
vt 0.0005 0.9995 0.0005
vt 0.0005 0.2736 0.0005
vt 0.0005 0.0005 0.0005
vt 0.9995 0.0005 0.9995
vt 0.9995 0.0005 0.9995
vt 0.9995 0.2736 0.9995
vt 0.0005 0.2736 0.0005
vt 0.0005 0.0005 0.0002
vt 0.9995 0.0005 0.9995
vt 0.9995 0.9995 0.9995
vt 0.9995 0.9995 0.9995
vt 0.0005 0.9995 0.0002
vt 0.0005 0.0005 0.0002
vt 0.5000 0.9664 0.5010
vt 0.5000 0.0005 0.5010
vt 0.0005 0.0005 1.0010
vt 0.0005 0.0005 1.0010
vt 0.0005 0.9664 1.0010
vt 0.5000 0.9664 0.5010
vt 0.9995 0.9664 0.0010
vt 0.9995 0.0005 0.0010
vt 0.5000 0.0005 0.5010
vt 0.5000 0.0005 0.5010
vt 0.5000 0.9664 0.5010
vt 0.9995 0.9664 0.0010
vt 0.9998 0.9988 0.0020
vt 0.9998 0.0005 0.0020
vt 0.4915 0.0005 1.0000
vt 0.4915 0.0005 1.0000
vt 0.4915 0.9988 1.0000
vt 0.9998 0.9988 0.0020
vt 0.9997 0.0005 0.0020
vt 0.4679 0.0005 1.0000
vt 0.4679 1.0061 1.0000
vt 0.4679 1.0061 1.0000
vt 0.9997 1.0061 0.0020
vt 0.9997 0.0005 0.0020
vt 0.9995 0.9995 0.0005
vt 0.9995 0.0005 0.0005
vt 0.0005 0.0005 0.9995
vt 0.0005 0.0005 0.9995
vt 0.0005 0.9995 0.9995
vt 0.9995 0.9995 0.0005
vt 0.9995 0.9995 0.0005
vt 0.9995 0.0005 0.0005
vt 0.0005 0.0005 0.9995
vt 0.0005 0.0005 0.9995
vt 0.0005 0.9995 0.9995
vt 0.9995 0.9995 0.0005
vt 0.9995 0.9995 0.0005
vt 0.9995 0.0005 0.0005
vt 0.0005 0.0005 0.9995
vt 0.0005 0.0005 0.9995
vt 0.0005 0.9995 0.9995
vt 0.9995 0.9995 0.0005
vt 0.9995 0.9995 0.0005
vt 0.9995 0.0005 0.0005
vt 0.0005 0.0005 0.9990
vt 0.0005 0.0005 0.9990
vt 0.0005 0.9995 0.9990
vt 0.9995 0.9995 0.0005
vt 0.9995 0.9995 0.0005
vt 0.9995 0.0005 0.0005
vt 0.0005 0.0005 1.0000
vt 0.0005 0.0005 1.0000
vt 0.0005 0.9995 1.0000
vt 0.9995 0.9995 0.0005
vt 0.9995 0.0005 0.0005
vt 0.0005 0.0005 0.9995
vt 0.0005 0.9995 0.9995
vt 0.0005 0.9995 0.9995
vt 0.9995 0.9995 0.0005
vt 0.9995 0.0005 0.0005
vt 0.9995 0.9995 0.0010
vt 0.9995 0.0005 0.0010
vt 0.0005 0.0005 1.0005
vt 0.0005 0.0005 1.0005
vt 0.0005 0.9995 1.0005
vt 0.9995 0.9995 0.0010
vt 0.9995 0.9995 0.0005
vt 0.9995 0.0005 0.0005
vt 0.0005 0.0005 0.9995
vt 0.0005 0.0005 0.9995
vt 0.0005 0.9995 0.9995
vt 0.9995 0.9995 0.0005
vt 0.9995 0.9995 0.0005
vt 0.9995 0.0005 0.0005
vt 0.0005 0.0005 0.9995
vt 0.0005 0.0005 0.9995
vt 0.0005 0.9995 0.9995
vt 0.9995 0.9995 0.0005
vt 0.9995 0.9995 0.0000
vt 0.9995 0.0005 0.0000
vt 0.0005 0.0005 0.9995
vt 0.0005 0.0005 0.9995
vt 0.0005 0.9995 0.9995
vt 0.9995 0.9995 0.0000
vt 0.9995 0.9995 -0.0005
vt 0.9995 0.0005 -0.0005
vt 0.0005 0.0005 0.9985
vt 0.0005 0.0005 0.9985
vt 0.0005 0.9995 0.9985
vt 0.9995 0.9995 -0.0005
vt 0.0005 0.9995 0.0005
vt 0.0005 0.0005 0.0005
vt 0.9995 0.0005 0.9995
vt 0.9995 0.0005 0.9995
vt 0.9995 0.9995 0.9995
vt 0.0005 0.9995 0.0005
vt 0.0005 0.9995 0.0005
vt 0.0005 0.2736 0.0005
vt 0.9995 0.2736 0.9995
vt 0.9995 0.2736 0.9995
vt 0.9995 0.9995 0.9995
vt 0.0005 0.9995 0.0005
vt 0.0005 0.2736 0.0005
vt 0.0005 0.0005 0.0005
vt 0.9995 0.0005 0.9995
vt 0.9995 0.0005 0.9995
vt 0.9995 0.2736 0.9995
vt 0.0005 0.2736 0.0005
vt 0.0005 0.9995 0.9961
vt 0.0005 0.5182 0.9961
vt 0.9995 0.5182 0.0000
vt 0.9995 0.5182 0.0000
vt 0.9995 0.9995 0.0000
vt 0.0005 0.9995 0.9961
vt 0.0005 0.5182 0.9961
vt 0.0005 0.0005 0.9990
vt 0.9995 0.0005 0.0020
vt 0.9995 0.0005 0.0020
vt 0.9995 0.5182 0.0000
vt 0.0005 0.5182 0.9961
vt -13.6614 6.4278 0.2190
vt -12.0336 4.6576 0.3145
vt -12.0356 5.9059 0.4006
vt -12.0356 5.9059 0.4006
vt -13.9697 8.0101 0.2871
vt -13.6614 6.4278 0.2190
vt -13.6615 4.8190 0.1081
vt -12.0336 3.0488 0.2036
vt -12.0336 4.6576 0.3145
vt -12.0336 4.6576 0.3145
vt -13.6614 6.4278 0.2190
vt -13.6615 4.8190 0.1081
vt -13.9684 4.9364 0.0752
vt -12.0336 2.8671 0.1911
vt -12.0336 3.0488 0.2036
vt -12.0336 3.0488 0.2036
vt -13.6615 4.8190 0.1081
vt -13.9684 4.9364 0.0752
vt -13.9684 4.9364 0.0752
vt -13.9684 3.9641 0.0082
vt -12.0336 1.8602 0.1217
vt -12.0336 1.8602 0.1217
vt -12.0336 2.8671 0.1911
vt -13.9684 4.9364 0.0752
vt -14.5043 7.3443 0.1696
vt -13.6614 6.4278 0.2190
vt -13.9697 8.0101 0.2871
vt -13.9697 8.0101 0.2871
vt -14.5054 8.5930 0.2557
vt -14.5043 7.3443 0.1696
vt -14.5043 5.5192 0.0438
vt -13.9684 4.9364 0.0752
vt -13.6615 4.8190 0.1081
vt -13.6615 4.8190 0.1081
vt -14.5043 5.7355 0.0587
vt -14.5043 5.5192 0.0438
vt -14.5043 4.5469 -0.0232
vt -13.9684 3.9641 0.0082
vt -13.9684 4.9364 0.0752
vt -13.9684 4.9364 0.0752
vt -14.5043 5.5192 0.0438
vt -14.5043 4.5469 -0.0232
vt -14.8355 4.9071 -0.0427
vt -14.5043 4.5469 -0.0232
vt -14.5043 5.5192 0.0438
vt -14.5043 5.5192 0.0438
vt -14.8355 5.8794 0.0243
vt -14.8355 4.9071 -0.0427
vt -15.6584 6.7742 -0.0239
vt -15.6584 5.8019 -0.0909
vt -14.8355 4.9071 -0.0427
vt -14.8355 4.9071 -0.0427
vt -14.8355 5.8794 0.0243
vt -15.6584 6.7742 -0.0239
vt -15.9696 7.1121 -0.0422
vt -15.9696 6.1398 -0.1092
vt -15.6584 5.8019 -0.0909
vt -15.6584 5.8019 -0.0909
vt -15.6584 6.7742 -0.0239
vt -15.9696 7.1121 -0.0422
vt -16.4467 7.6311 -0.0702
vt -16.4467 6.6588 -0.1372
vt -15.9696 6.1398 -0.1092
vt -15.9696 6.1398 -0.1092
vt -15.9696 7.1121 -0.0422
vt -16.4467 7.6311 -0.0702
vt -14.8365 7.7039 0.1502
vt -14.5043 7.3443 0.1696
vt -14.5054 8.5930 0.2557
vt -14.5054 8.5930 0.2557
vt -14.8365 8.9533 0.2363
vt -14.8365 7.7039 0.1502
vt -14.8355 6.0957 0.0392
vt -14.5043 5.7355 0.0587
vt -14.5043 7.3443 0.1696
vt -14.5043 7.3443 0.1696
vt -14.8365 7.7039 0.1502
vt -14.8355 6.0957 0.0392
vt -14.8355 5.8794 0.0243
vt -14.5043 5.5192 0.0438
vt -14.5043 5.7355 0.0587
vt -14.5043 5.7355 0.0587
vt -14.8355 6.0957 0.0392
vt -14.8355 5.8794 0.0243
vt -15.6579 9.8466 0.1880
vt -15.6584 8.5993 0.1019
vt -14.8365 7.7039 0.1502
vt -14.9070 9.0298 0.2321
vt -15.6579 9.8466 0.1880
vt -14.8365 7.7039 0.1502
vt -14.8365 7.7039 0.1502
vt -14.8365 8.9533 0.2363
vt -14.9070 9.0298 0.2321
vt -15.6584 8.5993 0.1019
vt -15.6584 6.9905 -0.0090
vt -14.8355 6.0957 0.0392
vt -14.8355 6.0957 0.0392
vt -14.8365 7.7039 0.1502
vt -15.6584 8.5993 0.1019
vt -15.6584 6.9905 -0.0090
vt -15.6584 6.7742 -0.0239
vt -14.8355 5.8794 0.0243
vt -14.8355 5.8794 0.0243
vt -14.8355 6.0957 0.0392
vt -15.6584 6.9905 -0.0090
vt -15.9626 10.1790 0.1701
vt -15.9696 8.9372 0.0836
vt -15.6584 8.5993 0.1019
vt -15.6584 8.5993 0.1019
vt -15.6579 9.8466 0.1880
vt -15.9626 10.1790 0.1701
vt -15.9696 8.9372 0.0836
vt -15.9696 7.3284 -0.0272
vt -15.6584 6.9905 -0.0090
vt -15.6584 6.9905 -0.0090
vt -15.6584 8.5993 0.1019
vt -15.9696 8.9372 0.0836
vt -15.9696 7.3284 -0.0272
vt -15.9696 7.1121 -0.0422
vt -15.6584 6.7742 -0.0239
vt -15.6584 6.7742 -0.0239
vt -15.6584 6.9905 -0.0090
vt -15.9696 7.3284 -0.0272
vt -16.4414 10.6998 0.1420
vt -16.7820 9.8207 0.0360
vt -15.9696 8.9372 0.0836
vt -15.9696 8.9372 0.0836
vt -15.9626 10.1790 0.1701
vt -16.4414 10.6998 0.1420
vt -16.7820 8.2119 -0.0749
vt -16.4467 7.6311 -0.0702
vt -15.9696 7.1121 -0.0422
vt -15.9696 7.1121 -0.0422
vt -15.9696 7.3284 -0.0272
vt -16.7820 8.2119 -0.0749
vt -16.4467 7.6311 -0.0702
vt -16.7820 8.2119 -0.0749
vt -16.4467 6.6588 -0.1372
vt -17.9718 11.1150 -0.0339
vt -17.9718 9.7415 -0.1285
vt -16.7820 8.2119 -0.0749
vt -16.7820 8.2119 -0.0749
vt -16.7820 9.8207 0.0360
vt -17.9718 11.1150 -0.0339
vt -17.9718 12.3644 0.0523
vt -17.9718 11.1150 -0.0339
vt -16.7820 9.8207 0.0360
vt -16.7820 9.8207 0.0360
vt -16.4414 10.6998 0.1420
vt -17.9718 12.3644 0.0523
vt -1.8821 0.1464 0.0000
vt -1.9247 0.1464 0.0000
vt -1.9247 0.1464 0.0000
vt -1.9247 0.1464 0.0000
vt -1.8821 0.1464 0.0000
vt -1.8821 0.1464 0.0000
vt -1.9247 0.1464 0.0000
vt -1.9247 0.1271 0.0000
vt -1.9247 0.1271 0.0000
vt -1.9247 0.1271 0.0000
vt -1.9247 0.1464 0.0000
vt -1.9247 0.1464 0.0000
vt -1.8821 0.1271 0.0000
vt -1.8821 0.1464 0.0000
vt -1.8821 0.1464 0.0000
vt -1.8821 0.1464 0.0000
vt -1.8821 0.1271 0.0000
vt -1.8821 0.1271 0.0000
vt -1.9247 0.1271 0.0000
vt -1.8821 0.1271 0.0000
vt -1.8821 0.1271 0.0000
vt -1.8821 0.1271 0.0000
vt -1.9247 0.1271 0.0000
vt -1.9247 0.1271 0.0000
vt -1.8821 0.0743 0.0000
vt -1.9247 0.0743 0.0000
vt -1.9247 0.0743 0.0000
vt -1.9247 0.0743 0.0000
vt -1.8821 0.0743 0.0000
vt -1.8821 0.0743 0.0000
vt -1.9247 0.0743 0.0000
vt -1.9247 0.0571 0.0000
vt -1.9247 0.0571 0.0000
vt -1.9247 0.0571 0.0000
vt -1.9247 0.0743 0.0000
vt -1.9247 0.0743 0.0000
vt -1.9247 0.0571 0.0000
vt -1.8821 0.0571 0.0000
vt -1.8821 0.0571 0.0000
vt -1.8821 0.0571 0.0000
vt -1.9247 0.0571 0.0000
vt -1.9247 0.0571 0.0000
vt -1.8821 0.0571 0.0000
vt -1.8821 0.0743 0.0000
vt -1.8821 0.0743 0.0000
vt -1.8821 0.0743 0.0000
vt -1.8821 0.0571 0.0000
vt -1.8821 0.0571 0.0000
vt 0.0005 0.9995 0.0006
vt 0.0005 0.0005 0.0006
vt 0.9995 0.0005 0.9994
vt 0.9995 0.0005 0.9994
vt 0.9995 0.9995 0.9995
vt 0.0005 0.9995 0.0006
vt 0.0005 0.0005 0.0005
vt 0.9995 0.0005 0.9994
vt 0.9995 0.9995 0.9993
vt 0.9995 0.9995 0.9993
vt 0.0005 0.9995 0.0005
vt 0.0005 0.0005 0.0005
vt -10.2416 18.5641 0.1835
vt -10.2416 17.9710 0.1426
vt -11.0363 18.8469 0.0954
vt -11.0363 18.8469 0.0954
vt -11.0362 19.4399 0.1362
vt -10.2416 18.5641 0.1835
vt -10.6502 16.1446 0.0423
vt -11.0687 15.9316 0.0538
vt -11.8634 16.8074 0.0065
vt -11.8634 16.8074 0.0065
vt -11.4448 17.0204 -0.0050
vt -10.6502 16.1446 0.0423
vt -11.0687 17.5501 0.1653
vt -11.0687 18.1431 0.2062
vt -11.8633 19.0190 0.1589
vt -11.8633 19.0190 0.1589
vt -11.8634 18.4260 0.1181
vt -11.0687 17.5501 0.1653
vt -11.0687 18.1431 0.2062
vt -11.0687 17.5501 0.1653
vt -10.6502 17.7645 0.1539
vt -10.6502 17.7645 0.1539
vt -10.6501 18.4294 0.1997
vt -11.0687 18.1431 0.2062
vt 1.0374 -0.8638 0.0000
vt 0.5138 -0.8638 0.0000
vt 0.5138 -1.1526 0.0000
vt 0.5138 -1.1526 0.0000
vt 1.0374 -1.1526 0.0000
vt 1.0374 -0.8638 0.0000
vt 0.5138 -1.1526 0.0000
vt 0.5138 -0.8638 0.0000
vt 0.0005 -0.8638 0.0000
vt 0.0005 -0.8638 0.0000
vt 0.0005 -1.1526 0.0000
vt 0.5138 -1.1526 0.0000
vt -10.2416 16.3525 0.0311
vt -10.6502 16.1446 0.0423
vt -11.4448 17.0204 -0.0050
vt -11.4448 17.0204 -0.0050
vt -11.0363 17.2284 -0.0162
vt -10.2416 16.3525 0.0311
vt -10.6502 17.7645 0.1539
vt -10.2416 17.9710 0.1426
vt -10.2416 18.5641 0.1835
vt -10.2416 18.5641 0.1835
vt -10.6501 18.4294 0.1997
vt -10.6502 17.7645 0.1539
vt 1.0374 -1.1526 0.0000
vt 0.5138 -1.1526 0.0000
vt 0.5138 -2.9057 0.0000
vt 0.5138 -2.9057 0.0000
vt 1.0374 -2.9057 0.0000
vt 1.0374 -1.1526 0.0000
vt -11.0687 15.9316 0.0538
vt -11.0687 17.5501 0.1653
vt -11.8634 18.4260 0.1181
vt -11.8634 18.4260 0.1181
vt -11.8634 16.8074 0.0065
vt -11.0687 15.9316 0.0538
vt -11.0687 17.5501 0.1653
vt -11.0687 15.9316 0.0538
vt -10.6502 16.1446 0.0423
vt -10.6502 16.1446 0.0423
vt -10.6502 17.7645 0.1539
vt -11.0687 17.5501 0.1653
vt -10.6502 17.7645 0.1539
vt -10.6502 16.1446 0.0423
vt -10.2416 16.3525 0.0311
vt -10.2416 16.3525 0.0311
vt -10.2416 17.9710 0.1426
vt -10.6502 17.7645 0.1539
vt -10.2416 17.9710 0.1426
vt -10.2416 16.3525 0.0311
vt -11.0363 17.2284 -0.0162
vt -11.0363 17.2284 -0.0162
vt -11.0363 18.8469 0.0954
vt -10.2416 17.9710 0.1426
vt 0.5138 -1.1526 0.0000
vt 0.0005 -1.1526 0.0000
vt 0.0005 -2.9057 0.0000
vt 0.0005 -2.9057 0.0000
vt 0.5138 -2.9057 0.0000
vt 0.5138 -1.1526 0.0000
vt 1.2068 -0.0114 0.4160
vt 1.2070 0.5074 0.9995
vt -0.2069 0.5076 0.9995
vt -0.2069 0.5076 0.9995
vt -0.2071 -0.0112 0.4160
vt 1.2068 -0.0114 0.4160
vt 1.2070 0.5074 0.9995
vt 1.2071 1.0119 0.4239
vt -0.2068 1.0121 0.4239
vt -0.2068 1.0121 0.4239
vt -0.2069 0.5076 0.9995
vt 1.2070 0.5074 0.9995
vt 1.2069 -0.1370 0.0005
vt 1.2068 -0.1550 0.2449
vt -0.2071 -0.1547 0.2449
vt -0.2071 -0.1547 0.2449
vt -0.2070 -0.1368 0.0005
vt 1.2069 -0.1370 0.0005
vt 1.2069 0.5065 0.7083
vt 1.2070 0.5074 0.9995
vt 1.2068 -0.0114 0.4160
vt 1.2068 -0.0114 0.4160
vt 1.2069 0.0004 0.1756
vt 1.2069 0.5065 0.7083
vt -0.2070 0.5066 0.7083
vt -0.2070 0.0006 0.1756
vt -0.2071 -0.0112 0.4160
vt -0.2071 -0.0112 0.4160
vt -0.2069 0.5076 0.9995
vt -0.2070 0.5066 0.7083
vt 1.2069 0.5065 0.7083
vt 1.2070 1.0004 0.1756
vt 1.2071 1.0119 0.4239
vt 1.2071 1.0119 0.4239
vt 1.2070 0.5074 0.9995
vt 1.2069 0.5065 0.7083
vt -0.2069 1.1372 0.0163
vt -0.2068 1.1550 0.2339
vt 1.2071 1.1547 0.2339
vt 1.2071 1.1547 0.2339
vt 1.2070 1.1370 0.0163
vt -0.2069 1.1372 0.0163
vt -0.2070 0.5066 0.7083
vt -0.2069 0.5076 0.9995
vt -0.2068 1.0121 0.4239
vt -0.2068 1.0121 0.4239
vt -0.2069 1.0006 0.1756
vt -0.2070 0.5066 0.7083
vt 1.2069 0.0004 0.1756
vt 1.2069 -0.1370 0.0005
vt -0.2070 -0.1368 0.0005
vt -0.2070 -0.1368 0.0005
vt -0.2070 0.0006 0.1756
vt 1.2069 0.0004 0.1756
vt 1.2069 0.0004 0.1756
vt 1.2068 -0.0114 0.4160
vt 1.2068 -0.1550 0.2449
vt 1.2068 -0.1550 0.2449
vt 1.2069 -0.1370 0.0005
vt 1.2069 0.0004 0.1756
vt -0.2071 -0.0112 0.4160
vt -0.2071 -0.1547 0.2449
vt 1.2068 -0.1550 0.2449
vt 1.2068 -0.1550 0.2449
vt 1.2068 -0.0114 0.4160
vt -0.2071 -0.0112 0.4160
vt -0.2070 0.0006 0.1756
vt -0.2070 -0.1368 0.0005
vt -0.2071 -0.1547 0.2449
vt -0.2071 -0.1547 0.2449
vt -0.2071 -0.0112 0.4160
vt -0.2070 0.0006 0.1756
vt -0.2069 1.0006 0.1756
vt -0.2069 1.1372 0.0163
vt 1.2070 1.1370 0.0163
vt 1.2070 1.1370 0.0163
vt 1.2070 1.0004 0.1756
vt -0.2069 1.0006 0.1756
vt -0.2069 1.0006 0.1756
vt -0.2068 1.0121 0.4239
vt -0.2068 1.1550 0.2339
vt -0.2068 1.1550 0.2339
vt -0.2069 1.1372 0.0163
vt -0.2069 1.0006 0.1756
vt 1.2071 1.0119 0.4239
vt 1.2071 1.1547 0.2339
vt -0.2068 1.1550 0.2339
vt -0.2068 1.1550 0.2339
vt -0.2068 1.0121 0.4239
vt 1.2071 1.0119 0.4239
vt 1.2070 1.0004 0.1756
vt 1.2070 1.1370 0.0163
vt 1.2071 1.1547 0.2339
vt 1.2071 1.1547 0.2339
vt 1.2071 1.0119 0.4239
vt 1.2070 1.0004 0.1756
vt 1.1974 -1.8384 0.3751
vt 1.1974 0.4145 0.3751
vt 0.0611 0.4145 0.3952
vt 1.0678 0.6960 0.0027
vt 0.1740 0.6342 0.0027
vt 0.2525 -0.5021 0.0027
vt 0.2525 -0.5021 0.0027
vt 1.1462 -0.4404 0.0027
vt 1.0678 0.6960 0.0027
vt 1.1975 -1.8384 0.6249
vt 1.1975 0.4145 0.6249
vt 0.0611 0.4145 0.6047
vt 1.0678 0.4145 0.6539
vt 0.1740 0.4145 0.6381
vt 0.1740 -1.8384 0.6381
vt 1.0678 0.4145 0.3461
vt 0.1740 0.4145 0.3619
vt 0.1740 -1.8384 0.3619
vt 0.0611 0.4145 0.3952
vt 0.0611 -1.8384 0.3952
vt 1.1974 -1.8384 0.3751
vt 0.1740 -0.4404 0.5816
vt 0.2917 -0.3103 0.5913
vt 0.3512 0.5509 0.5913
vt 1.1462 0.6342 0.5816
vt 1.0285 0.5041 0.5913
vt 0.9691 -0.3571 0.5913
vt 0.0611 0.4145 0.6047
vt 0.0611 -1.8384 0.6047
vt 1.1975 -1.8384 0.6249
vt 0.1740 -1.8384 0.6381
vt 1.0678 -1.8384 0.6539
vt 1.0678 0.4145 0.6539
vt 0.9691 0.4522 0.6167
vt 0.2917 2.0322 0.6046
vt 0.2917 0.4522 0.6046
vt 0.9691 0.4522 0.3833
vt 0.2917 2.0322 0.3954
vt 0.2917 0.4522 0.3954
vt 0.1740 -1.8384 0.3619
vt 1.0678 -1.8384 0.3461
vt 1.0678 0.4145 0.3461
vt 0.2525 0.6960 0.5816
vt 0.1740 -0.4404 0.5816
vt 0.3512 0.5509 0.5913
vt 0.2061 0.4522 0.4206
vt 1.0674 0.4522 0.4053
vt 0.2061 2.0322 0.4206
vt 1.0674 0.4522 0.4053
vt 1.0674 2.0322 0.4053
vt 0.2061 2.0322 0.4206
vt 1.0678 -0.5021 0.5816
vt 1.1462 0.6342 0.5816
vt 0.9691 -0.3571 0.5913
vt 0.2061 0.4522 0.5794
vt 1.0674 0.4522 0.5947
vt 0.2061 2.0322 0.5794
vt 1.0674 0.4522 0.5947
vt 1.0674 2.0322 0.5947
vt 0.2061 2.0322 0.5794
vt 0.2525 0.6960 0.5816
vt 0.3512 0.5509 0.5913
vt 1.0285 0.5041 0.5913
vt 0.2525 0.6960 0.5816
vt 1.0285 0.5041 0.5913
vt 1.1462 0.6342 0.5816
vt 0.9691 2.0322 0.6167
vt 0.2917 2.0322 0.6046
vt 0.9691 0.4522 0.6167
vt 1.0678 -0.5021 0.5816
vt 0.9691 -0.3571 0.5913
vt 0.2917 -0.3103 0.5913
vt 1.0678 -0.5021 0.5816
vt 0.2917 -0.3103 0.5913
vt 0.1740 -0.4404 0.5816
vt 0.9691 2.0322 0.3833
vt 0.2917 2.0322 0.3954
vt 0.9691 0.4522 0.3833
vt -5.8505 0.0650 1.0429
vt -5.8505 2.1230 1.0429
vt -7.3494 2.1230 1.0695
vt -1.5560 8.1065 0.4918
vt -3.3611 7.9818 0.4918
vt -3.2575 6.4829 0.4918
vt -3.2575 6.4829 0.4918
vt -1.4525 6.6076 0.4918
vt -1.5560 8.1065 0.4918
vt 8.5450 0.0650 1.5333
vt 8.5450 2.1230 1.5333
vt 7.0461 2.1230 1.5067
vt -1.5560 2.1230 2.5582
vt -3.3611 2.1230 2.5261
vt -3.3611 0.0650 2.5261
vt 4.5778 2.1230 2.1410
vt 2.7727 2.1230 2.1730
vt 2.7727 0.0650 2.1730
vt -7.2398 2.2525 1.0990
vt -5.9433 2.2525 1.0760
vt -7.2398 4.4787 1.0990
vt -5.9433 2.2525 1.0760
vt -5.9433 4.4787 1.0760
vt -7.2398 4.4787 1.0990
vt 7.1557 2.2525 1.4772
vt 8.4523 2.2525 1.5002
vt 7.1557 4.4787 1.4772
vt 8.4523 2.2525 1.5002
vt 8.4523 4.4787 1.5002
vt 7.1557 4.4787 1.4772
vt -1.6708 2.2525 2.5300
vt -3.2322 4.4787 2.5023
vt -3.2322 2.2525 2.5023
vt -1.6708 4.4787 2.5300
vt -3.2322 4.4787 2.5023
vt -1.6708 2.2525 2.5300
vt 4.4629 2.2525 2.1691
vt 2.9016 4.4787 2.1968
vt 2.9016 2.2525 2.1968
vt 4.4629 4.4787 2.1691
vt 2.9016 4.4787 2.1968
vt 4.4629 2.2525 2.1691
vt -7.3494 2.1230 1.0695
vt -5.8505 2.1230 1.0429
vt -7.2398 2.2525 1.0990
vt -5.8505 2.1230 1.0429
vt -5.9433 2.2525 1.0760
vt -7.2398 2.2525 1.0990
vt 7.0461 2.1230 1.5067
vt 8.5450 2.1230 1.5333
vt 7.1557 2.2525 1.4772
vt 8.5450 2.1230 1.5333
vt 8.4523 2.2525 1.5002
vt 7.1557 2.2525 1.4772
vt -1.5560 2.1230 2.5582
vt -3.2322 2.2525 2.5023
vt -3.3611 2.1230 2.5261
vt -1.6708 2.2525 2.5300
vt -3.2322 2.2525 2.5023
vt -1.5560 2.1230 2.5582
vt 4.5778 2.1230 2.1410
vt 2.9016 2.2525 2.1968
vt 2.7727 2.1230 2.1730
vt 4.4629 2.2525 2.1691
vt 2.9016 2.2525 2.1968
vt 4.5778 2.1230 2.1410
vt -7.3494 2.1230 1.0695
vt -7.3494 0.0650 1.0695
vt -5.8505 0.0650 1.0429
vt 7.0461 2.1230 1.5067
vt 7.0461 0.0650 1.5067
vt 8.5450 0.0650 1.5333
vt -3.3611 0.0650 2.5261
vt -1.5560 0.0650 2.5582
vt -1.5560 2.1230 2.5582
vt 2.7727 0.0650 2.1730
vt 4.5778 0.0650 2.1410
vt 4.5778 2.1230 2.1410
vt 0.8288 0.3448 -0.8324
vt 0.4588 0.3193 -0.8324
vt 0.4913 -0.1510 -0.8324
vt 0.4913 -0.1510 -0.8324
vt 0.8612 -0.1255 -0.8324
vt 0.8288 0.3448 -0.8324
vt 0.8288 -5.0881 0.5637
vt 0.4589 2.0322 0.5571
vt 0.4588 -5.0881 0.5571
vt 0.8289 -5.0881 0.4363
vt 0.4590 2.0322 0.4429
vt 0.4590 -5.0881 0.4428
vt 0.4122 -5.0881 0.4567
vt 0.8825 -5.0881 0.4483
vt 0.4122 2.0322 0.4567
vt 0.8825 -5.0881 0.4483
vt 0.8825 2.0322 0.4483
vt 0.4122 2.0322 0.4567
vt 0.4122 -5.0881 0.5434
vt 0.8825 -5.0881 0.5517
vt 0.4122 2.0322 0.5434
vt 0.8825 -5.0881 0.5517
vt 0.8825 2.0322 0.5517
vt 0.4122 2.0322 0.5434
vt 0.8288 2.0322 0.5637
vt 0.4589 2.0322 0.5571
vt 0.8288 -5.0881 0.5637
vt 0.8289 2.0322 0.4363
vt 0.4590 2.0322 0.4429
vt 0.8289 -5.0881 0.4363
vt 0.9955 0.9995 0.5000
vt 0.0005 0.9973 0.5000
vt 0.0044 0.0005 0.5000
vt 0.0044 0.0005 0.5000
vt 0.9995 0.0027 0.5000
vt 0.9955 0.9995 0.5000
vt 0.0005 0.0605 0.5000
vt 0.0005 0.9535 0.5000
vt 0.9312 0.0605 0.5000
vt 0.9312 0.0605 0.5000
vt 0.0005 0.9535 0.5000
vt 0.9312 0.9535 0.5000
vt 0.0005 0.9706 0.5000
vt 0.0005 0.0618 0.5000
vt 0.9211 0.0618 0.5000
vt 0.0005 0.9706 0.5000
vt 0.9211 0.0618 0.5000
vt 0.9211 0.9706 0.5000
vt 0.9973 0.0463 0.9995
vt 0.0441 0.0463 0.8223
vt 0.9973 0.9863 0.1777
vt 0.0441 0.0463 0.8223
vt 0.0441 0.9863 0.0005
vt 0.9973 0.9863 0.1777
vt 0.0632 0.0570 0.8223
vt 0.9892 0.0570 0.9995
vt 0.9892 0.9850 0.1777
vt 0.0632 0.9850 0.0005
vt 0.0632 0.0570 0.8223
vt 0.9892 0.9850 0.1777
vt 0.0005 0.0657 0.5000
vt 0.9888 0.0657 0.5000
vt 0.0005 0.9468 0.5000
vt 0.0005 0.9468 0.5000
vt 0.9888 0.0657 0.5000
vt 0.9888 0.9468 0.5000
vt 0.9559 0.0646 0.5000
vt 0.0005 0.0646 0.5000
vt 0.0005 0.9585 0.5000
vt 0.9559 0.0646 0.5000
vt 0.0005 0.9585 0.5000
vt 0.9559 0.9585 0.5000
vt 0.5694 0.5777 0.8333
vt 0.5652 0.6390 0.8017
vt 0.5147 0.6356 0.8017
vt 0.5147 0.6356 0.8017
vt 0.5190 0.5742 0.8333
vt 0.5694 0.5777 0.8333
vt 0.4348 0.8017 0.6390
vt 0.4381 0.7526 0.6877
vt 0.4886 0.7526 0.6843
vt 0.4886 0.7526 0.6843
vt 0.4853 0.8017 0.6356
vt 0.4348 0.8017 0.6390
vt 0.4381 0.7526 0.6877
vt 0.4403 0.6907 0.7190
vt 0.4908 0.6907 0.7155
vt 0.4908 0.6907 0.7155
vt 0.4886 0.7526 0.6843
vt 0.4381 0.7526 0.6877
vt 0.4403 0.6907 0.7190
vt 0.4410 0.6221 0.7298
vt 0.4915 0.6221 0.7263
vt 0.4403 0.6907 0.7190
vt 0.4915 0.6221 0.7263
vt 0.4914 0.6389 0.7237
vt 0.4908 0.6907 0.7155
vt 0.4403 0.6907 0.7190
vt 0.4914 0.6389 0.7237
vt 0.4915 0.6221 0.7263
vt 0.4410 0.6221 0.7298
vt 0.4410 -0.0500 0.7298
vt 0.4915 0.6221 0.7263
vt 0.4410 -0.0500 0.7298
vt 0.4915 -0.0499 0.7263
vt 0.4915 0.7263 -0.0499
vt 0.4410 0.7298 -0.0500
vt 0.4259 0.5096 -0.0500
vt 0.4915 0.7263 -0.0499
vt 0.4259 0.5096 -0.0500
vt 0.4108 0.2895 -0.0500
vt 0.4915 0.7263 -0.0499
vt 0.4108 0.2895 -0.0500
vt 0.4611 0.2860 -0.0499
vt 0.5892 -0.0500 0.2895
vt 0.5892 0.6221 0.2895
vt 0.5389 0.6221 0.2860
vt 0.5892 -0.0500 0.2895
vt 0.5389 0.6221 0.2860
vt 0.5389 -0.0499 0.2860
vt 0.5387 0.6389 0.2887
vt 0.5389 0.6221 0.2860
vt 0.5892 0.6221 0.2895
vt 0.5387 0.6389 0.2887
vt 0.5892 0.6221 0.2895
vt 0.5884 0.6907 0.3002
vt 0.5387 0.6389 0.2887
vt 0.5884 0.6907 0.3002
vt 0.5382 0.6907 0.2968
vt 0.5884 0.6907 0.3002
vt 0.5863 0.7526 0.3315
vt 0.5360 0.7526 0.3281
vt 0.5360 0.7526 0.3281
vt 0.5382 0.6907 0.2968
vt 0.5884 0.6907 0.3002
vt 0.5863 0.7526 0.3315
vt 0.5829 0.8017 0.3802
vt 0.5326 0.8017 0.3768
vt 0.5326 0.8017 0.3768
vt 0.5360 0.7526 0.3281
vt 0.5863 0.7526 0.3315
vt 0.5829 0.3802 0.8017
vt 0.5787 0.4416 0.8333
vt 0.5284 0.4381 0.8333
vt 0.5284 0.4381 0.8333
vt 0.5326 0.3768 0.8017
vt 0.5829 0.3802 0.8017
vt 0.5787 0.4416 0.8333
vt 0.5741 0.5096 0.8441
vt 0.5237 0.5062 0.8441
vt 0.5237 0.5062 0.8441
vt 0.5284 0.4381 0.8333
vt 0.5787 0.4416 0.8333
vt 0.5741 0.5096 0.8441
vt 0.5694 0.5777 0.8333
vt 0.5190 0.5742 0.8333
vt 0.5190 0.5742 0.8333
vt 0.5237 0.5062 0.8441
vt 0.5741 0.5096 0.8441
vt 0.4525 0.8434 0.2249
vt 0.4862 0.7350 0.2435
vt 0.5425 0.8434 0.2311
vt 0.5414 0.7350 0.2473
vt 0.5425 0.8434 0.2311
vt 0.4862 0.7350 0.2435
vt 0.5418 0.8718 0.2421
vt 0.4517 0.8718 0.2359
vt 0.5425 0.8434 0.2311
vt 0.4525 0.8434 0.2249
vt 0.5425 0.8434 0.2311
vt 0.4517 0.8718 0.2359
vt 0.5394 0.9159 0.2769
vt 0.4493 0.9159 0.2708
vt 0.5418 0.8718 0.2421
vt 0.4517 0.8718 0.2359
vt 0.5418 0.8718 0.2421
vt 0.4493 0.9159 0.2708
vt 0.5353 0.3366 0.9550
vt 0.4452 0.3304 0.9550
vt 0.5394 0.2769 0.9159
vt 0.4493 0.2708 0.9159
vt 0.5394 0.2769 0.9159
vt 0.4452 0.3304 0.9550
vt 0.5299 0.4160 0.9817
vt 0.4398 0.4098 0.9817
vt 0.5353 0.3366 0.9550
vt 0.4452 0.3304 0.9550
vt 0.5353 0.3366 0.9550
vt 0.4398 0.4098 0.9817
vt 0.5237 0.5062 0.9912
vt 0.4336 0.5000 0.9912
vt 0.5299 0.4160 0.9817
vt 0.4398 0.4098 0.9817
vt 0.5299 0.4160 0.9817
vt 0.4336 0.5000 0.9912
vt 0.5175 0.5964 0.9817
vt 0.4274 0.5902 0.9817
vt 0.5237 0.5062 0.9912
vt 0.4336 0.5000 0.9912
vt 0.5237 0.5062 0.9912
vt 0.4274 0.5902 0.9817
vt 0.5121 0.6758 0.9550
vt 0.4220 0.6696 0.9550
vt 0.5175 0.5964 0.9817
vt 0.4274 0.5902 0.9817
vt 0.5175 0.5964 0.9817
vt 0.4220 0.6696 0.9550
vt 0.5080 0.7354 0.9159
vt 0.4179 0.7292 0.9159
vt 0.5121 0.6758 0.9550
vt 0.4220 0.6696 0.9550
vt 0.5121 0.6758 0.9550
vt 0.4179 0.7292 0.9159
vt 0.4944 0.8718 0.7703
vt 0.5845 0.8718 0.7641
vt 0.4920 0.9159 0.7354
vt 0.5821 0.9159 0.7292
vt 0.4920 0.9159 0.7354
vt 0.5845 0.8718 0.7641
vt 0.4951 0.8434 0.7813
vt 0.5852 0.8434 0.7751
vt 0.4944 0.8718 0.7703
vt 0.5845 0.8718 0.7641
vt 0.4944 0.8718 0.7703
vt 0.5852 0.8434 0.7751
vt 0.4940 0.7350 0.7650
vt 0.5492 0.7350 0.7612
vt 0.4951 0.8434 0.7813
vt 0.5852 0.8434 0.7751
vt 0.4951 0.8434 0.7813
vt 0.5492 0.7350 0.7612
vt 0.0917 0.8547 0.9538
vt 0.0881 0.9995 0.9587
vt 0.0917 0.0005 0.9146
vt 0.0880 0.0005 0.8996
vt 0.0917 0.0005 0.9146
vt 0.0881 0.9995 0.9587
vt 0.2359 0.8718 0.5483
vt 0.1837 0.8966 0.5447
vt 0.2249 0.8434 0.5476
vt 0.1674 0.8280 0.5436
vt 0.2249 0.8434 0.5476
vt 0.1837 0.8966 0.5447
vt 0.2708 0.9159 0.5507
vt 0.2310 0.9585 0.5480
vt 0.2359 0.8718 0.5483
vt 0.1837 0.8966 0.5447
vt 0.2359 0.8718 0.5483
vt 0.2310 0.9585 0.5480
vt 0.3304 0.9550 0.5548
vt 0.3045 1.0076 0.5530
vt 0.2708 0.9159 0.5507
vt 0.2310 0.9585 0.5480
vt 0.2708 0.9159 0.5507
vt 0.3045 1.0076 0.5530
vt 0.4098 0.9817 0.5602
vt 0.3972 1.0392 0.5593
vt 0.3304 0.9550 0.5548
vt 0.3045 1.0076 0.5530
vt 0.3304 0.9550 0.5548
vt 0.3972 1.0392 0.5593
vt 0.5000 0.9912 0.5664
vt 0.5000 1.0500 0.5664
vt 0.4098 0.9817 0.5602
vt 0.3972 1.0392 0.5593
vt 0.4098 0.9817 0.5602
vt 0.5000 1.0500 0.5664
vt 0.5902 0.9817 0.5726
vt 0.6028 1.0392 0.5734
vt 0.5000 0.9912 0.5664
vt 0.5000 1.0500 0.5664
vt 0.5000 0.9912 0.5664
vt 0.6028 1.0392 0.5734
vt 0.6955 1.0076 0.5798
vt 0.6028 1.0392 0.5734
vt 0.6696 0.9550 0.5780
vt 0.5902 0.9817 0.5726
vt 0.6696 0.9550 0.5780
vt 0.6028 1.0392 0.5734
vt 0.7690 0.9585 0.5848
vt 0.6955 1.0076 0.5798
vt 0.7292 0.9159 0.5821
vt 0.6696 0.9550 0.5780
vt 0.7292 0.9159 0.5821
vt 0.6955 1.0076 0.5798
vt 0.8163 0.8966 0.5881
vt 0.7690 0.9585 0.5848
vt 0.7641 0.8718 0.5845
vt 0.7292 0.9159 0.5821
vt 0.7641 0.8718 0.5845
vt 0.7690 0.9585 0.5848
vt 0.8326 0.8280 0.5892
vt 0.8163 0.8966 0.5881
vt 0.7751 0.8434 0.5852
vt 0.7641 0.8718 0.5845
vt 0.7751 0.8434 0.5852
vt 0.8163 0.8966 0.5881
vt 0.1318 0.0005 0.9032
vt 0.1318 0.9841 0.9695
vt 0.1285 0.0005 0.9143
vt 0.1285 0.8547 0.9534
vt 0.1285 0.0005 0.9143
vt 0.1318 0.9841 0.9695
vt 15.6759 -7.4987 0.0000
vt 11.3685 -10.7395 0.0000
vt 12.3195 -4.5250 0.0000
vt 8.4225 10.7662 0.0000
vt 2.1088 -14.6207 0.0000
vt 10.0473 -14.8233 0.0000
vt -17.9718 8.3176 -0.2266
vt -16.7820 8.2119 -0.0749
vt -17.9718 9.7415 -0.1285
vt -16.4467 6.6588 -0.1372
vt -16.7820 8.2119 -0.0749
vt -17.9718 8.3176 -0.2266
vt 3.2845 -2.1796 0.7481
vt 4.2204 -1.4668 0.6923
vt 4.2204 -1.1163 0.7091
vt 4.2204 -1.1163 0.7091
vt 3.2845 -1.8291 0.7649
vt 3.2845 -2.1796 0.7481
vt 5.1532 -0.9178 0.6439
vt 5.9305 -0.7078 0.5793
vt 5.9305 0.0675 0.6163
vt 5.9305 0.0675 0.6163
vt 5.1532 -0.5244 0.6627
vt 5.1532 -0.9178 0.6439
vt 9.6971 1.6986 0.3427
vt 9.6971 3.3920 0.4237
vt 8.0692 2.1521 0.5208
vt 9.6971 0.5283 0.2867
vt 9.6971 1.6986 0.3427
vt 8.0692 2.1521 0.5208
vt 9.6971 0.1497 0.2686
vt 9.6971 0.5283 0.2867
vt 8.0692 2.1521 0.5208
vt 9.6971 -4.2299 0.0592
vt 9.6971 0.1497 0.2686
vt 8.0692 2.1521 0.5208
vt 12.9837 -13.2992 1.0227
vt 9.2252 -17.1157 1.2648
vt 9.2251 -18.0880 1.1978
vt 12.9838 -13.2992 1.0227
vt 9.2251 -18.0880 1.1978
vt 9.2251 -18.9616 1.1376
vt 12.9838 -13.2992 1.0227
vt 9.2251 -18.9616 1.1376
vt 11.0655 -16.7819 1.0405
vt 11.0655 -16.7819 1.0405
vt 9.2251 -18.9616 1.1376
vt 9.2251 -19.1144 1.1270
vt 7.5431 -6.1788 0.0000
vt 5.6970 -1.0601 0.0000
vt -18.8330 3.7459 0.0000
vt 19.3567 -10.7598 0.0000
vt 11.3685 -10.7395 0.0000
vt 15.6759 -7.4987 0.0000
# 4761 texture coords

g Kohtu_12
usemtl kohtu12_roofgrove
s off
f 1/1/1 2/2/1 3/3/1 
f 3/4/1 4/5/1 1/6/1 
f 5/7/1 6/8/1 7/9/1 
f 7/10/1 8/11/1 5/12/1 
f 9/13/1 10/14/1 11/15/1 
f 11/16/1 12/17/1 9/18/1 
f 13/19/1 14/20/1 10/21/1 
f 10/22/1 9/23/1 13/24/1 
f 13/25/1 15/26/1 16/27/1 
f 16/28/1 14/29/1 13/30/1 
f 8/31/1 7/32/1 2/33/1 
f 2/34/1 1/35/1 8/36/1 
f 15/37/1 4/38/1 3/39/1 
f 3/40/1 16/41/1 15/42/1 
f 2/43/2 17/44/2 18/45/2 
f 18/46/3 3/47/3 2/48/3 
f 6/49/4 19/50/4 20/51/4 
f 20/52/5 7/53/5 6/54/5 
f 10/55/6 21/56/6 22/57/6 
f 22/58/7 11/59/7 10/60/7 
f 14/61/8 23/62/8 21/63/8 
f 21/64/9 10/65/9 14/66/9 
f 16/67/10 24/68/10 23/69/10 
f 23/70/11 14/71/11 16/72/11 
f 7/73/12 20/74/12 17/75/12 
f 17/76/12 2/77/12 7/78/12 
f 16/79/13 3/80/13 18/81/13 
f 18/82/14 24/83/14 16/84/14 
f 6/85/15 25/86/15 26/87/15 
f 26/88/16 19/89/16 6/90/16 
f 5/91/1 27/92/1 25/93/1 
f 25/94/1 6/95/1 5/96/1 
usemtl kohtu12_kat_kivi01
f 21/97/17 23/98/17 28/99/17 
f 28/100/18 29/101/18 21/102/18 
f 28/103/19 24/104/19 18/105/19 
f 18/106/20 29/107/20 28/108/20 
f 24/109/21 28/110/21 23/111/21 
usemtl kohtu12_paekivi01
f 30/112/22 31/113/22 32/114/22 
f 32/115/22 33/116/22 30/117/22 
f 31/118/1 34/119/1 35/120/1 
f 35/121/1 32/122/1 31/123/1 
f 34/124/23 36/125/23 37/126/23 
f 37/127/23 35/128/23 34/129/23 
f 34/130/24 31/131/24 30/132/24 
f 30/133/24 36/134/24 34/135/24 
f 37/136/25 33/137/25 32/138/25 
f 32/139/25 35/140/25 37/141/25 
f 36/142/1 38/143/1 39/144/1 
f 39/145/1 37/146/1 36/147/1 
f 30/148/1 40/149/1 38/150/1 
f 38/151/1 36/152/1 30/153/1 
f 33/154/1 41/155/1 40/156/1 
f 40/157/1 30/158/1 33/159/1 
f 37/160/1 39/161/1 41/162/1 
f 41/163/1 33/164/1 37/165/1 
f 38/166/26 42/167/26 43/168/26 
f 43/169/26 39/170/26 38/171/26 
f 40/172/27 44/173/27 42/174/27 
f 42/175/27 38/176/27 40/177/27 
f 41/178/28 45/179/28 44/180/28 
f 44/181/28 40/182/28 41/183/28 
f 39/184/29 43/185/29 45/186/29 
f 45/187/29 41/188/29 39/189/29 
f 46/190/30 47/191/30 48/192/30 
f 48/193/22 49/194/22 46/195/22 
f 47/196/1 50/197/1 51/198/1 
f 51/199/1 48/200/1 47/201/1 
f 50/202/23 52/203/23 53/204/23 
f 53/205/23 51/206/23 50/207/23 
f 50/208/31 47/209/31 46/210/31 
f 46/211/31 52/212/31 50/213/31 
f 53/214/25 49/215/25 48/216/25 
f 48/217/25 51/218/25 53/219/25 
f 54/220/32 55/221/32 56/222/32 
f 56/223/32 57/224/32 54/225/32 
f 55/226/1 58/227/1 59/228/1 
f 59/229/1 56/230/1 55/231/1 
f 58/232/33 60/233/33 61/234/33 
f 61/235/34 59/236/34 58/237/34 
f 58/238/35 55/239/35 54/240/35 
f 54/241/36 60/242/36 58/243/36 
f 61/244/37 57/245/37 56/246/37 
f 56/247/37 59/248/37 61/249/37 
usemtl kohtu12_black
f 62/250/38 63/251/38 64/252/38 
f 64/253/39 65/254/39 62/255/39 
f 66/256/40 67/257/40 63/258/40 
f 63/259/40 62/260/40 66/261/40 
f 68/262/41 69/263/41 70/264/41 
f 70/265/41 71/266/41 68/267/41 
f 69/268/42 72/269/42 73/270/42 
f 73/271/42 70/272/42 69/273/42 
f 65/274/43 64/275/43 68/276/43 
f 68/277/44 71/278/44 65/279/44 
f 68/280/45 64/281/45 63/282/45 
f 63/283/46 69/284/46 68/285/46 
f 62/286/47 65/287/47 71/288/47 
f 71/289/48 70/290/48 62/291/48 
f 63/292/49 67/293/49 72/294/49 
f 72/295/50 69/296/50 63/297/50 
f 67/298/51 66/299/51 73/300/51 
f 73/301/52 72/302/52 67/303/52 
f 73/304/53 66/305/53 62/306/53 
f 62/307/54 70/308/54 73/309/54 
f 74/310/55 75/311/55 76/312/55 
f 76/313/56 77/314/56 74/315/56 
f 78/316/57 79/317/57 75/318/57 
f 75/319/57 74/320/57 78/321/57 
f 80/322/58 81/323/58 82/324/58 
f 82/325/59 83/326/59 80/327/59 
f 81/328/60 84/329/60 85/330/60 
f 85/331/60 82/332/60 81/333/60 
f 77/334/61 76/335/61 80/336/61 
f 80/337/62 83/338/62 77/339/62 
f 80/340/24 76/341/24 75/342/24 
f 75/343/24 81/344/24 80/345/24 
f 74/346/63 77/347/63 83/348/63 
f 83/349/25 82/350/25 74/351/25 
f 75/352/64 79/353/64 84/354/64 
f 84/355/64 81/356/64 75/357/64 
f 79/358/65 78/359/65 85/360/65 
f 85/361/66 84/362/66 79/363/66 
f 85/364/67 78/365/67 74/366/67 
f 74/367/68 82/368/68 85/369/68 
f 86/370/69 87/371/69 88/372/69 
f 88/373/70 89/374/70 86/375/70 
f 90/376/71 91/377/71 88/378/71 
f 88/379/72 87/380/72 90/381/72 
f 92/382/73 93/383/73 94/384/73 
f 94/385/74 95/386/74 92/387/74 
f 94/388/75 96/389/75 97/390/75 
f 97/391/76 95/392/76 94/393/76 
f 86/394/77 89/395/77 93/396/77 
f 93/397/78 92/398/78 86/399/78 
f 89/400/79 88/401/79 94/402/79 
f 94/403/80 93/404/80 89/405/80 
f 87/406/81 86/407/81 92/408/81 
f 92/409/82 95/410/82 87/411/82 
f 88/412/83 91/413/83 96/414/83 
f 96/415/84 94/416/84 88/417/84 
f 91/418/85 90/419/85 97/420/85 
f 97/421/86 96/422/86 91/423/86 
f 90/424/87 87/425/87 95/426/87 
f 95/427/88 97/428/88 90/429/88 
usemtl kohtu12_kat_kivi01
f 98/430/89 99/431/89 100/432/89 
f 100/433/89 101/434/89 98/435/89 
usemtl kohtu12_orangewall
f 102/436/90 103/437/90 104/438/90 
f 104/439/90 105/440/90 102/441/90 
f 106/442/1 107/443/1 108/444/1 
f 108/445/1 109/446/1 106/447/1 
f 110/448/91 111/449/91 112/450/91 
f 112/451/91 113/452/91 110/453/91 
f 111/454/92 110/455/92 114/456/92 
f 114/457/92 115/458/92 111/459/92 
usemtl kohtu12_droonerwin
f 112/460/93 116/461/93 117/462/93 
f 117/463/93 113/464/93 112/465/93 
usemtl kohtu12_kat_kivi01
f 99/466/94 118/467/94 119/468/94 
f 119/469/94 100/470/94 99/471/94 
usemtl kohtu12_droonerwin
f 117/472/93 116/473/93 105/474/93 
f 105/475/93 104/476/93 117/477/93 
usemtl kohtu12_orangewall
f 120/478/1 106/479/1 109/480/1 
f 109/481/1 121/482/1 120/483/1 
f 114/484/95 103/485/95 102/486/95 
f 102/487/95 115/488/95 114/489/95 
usemtl kohtu12_kat_kivi01
f 122/490/96 123/491/96 124/492/96 
f 124/493/97 125/494/97 122/495/97 
f 115/496/92 99/497/92 98/498/92 
f 98/499/98 111/500/98 115/501/98 
f 116/502/99 112/503/99 101/504/99 
f 101/505/93 100/506/93 116/507/93 
f 115/508/98 102/509/98 118/510/98 
f 118/511/95 99/512/95 115/513/95 
f 126/514/100 127/515/100 128/516/100 
f 128/517/101 129/518/101 126/519/101 
f 116/520/102 100/521/102 119/522/102 
f 119/523/102 105/524/102 116/525/102 
f 111/526/103 122/527/103 125/528/103 
f 125/529/104 112/530/104 111/531/104 
f 111/532/98 98/533/98 123/534/98 
f 123/535/98 122/536/98 111/537/98 
f 101/538/105 124/539/105 123/540/105 
f 123/541/106 98/542/106 101/543/106 
f 112/544/107 125/545/107 124/546/107 
f 124/547/108 101/548/108 112/549/108 
f 105/550/109 126/551/109 129/552/109 
f 129/553/110 102/554/110 105/555/110 
f 105/556/102 119/557/102 127/558/102 
f 127/559/102 126/560/102 105/561/102 
f 118/562/111 128/563/111 127/564/111 
f 127/565/112 119/566/112 118/567/112 
f 102/568/98 129/569/98 128/570/98 
f 128/571/98 118/572/98 102/573/98 
usemtl kohtu12_droonerwin
f 113/574/93 117/575/93 109/576/93 
f 109/577/93 108/578/93 113/579/93 
usemtl kohtu12_orangewall
f 107/580/91 110/581/91 113/582/91 
f 113/583/91 108/584/91 107/585/91 
f 110/586/92 107/587/92 106/588/92 
f 106/589/92 114/590/92 110/591/92 
f 114/592/95 106/593/95 120/594/95 
f 120/595/95 103/596/95 114/597/95 
f 103/598/90 120/599/90 121/600/90 
f 121/601/90 104/602/90 103/603/90 
usemtl kohtu12_droonerwin
f 117/604/93 104/605/93 121/606/93 
f 121/607/93 109/608/93 117/609/93 
usemtl kohtu12_kat_kivi01
f 130/610/113 131/611/113 17/612/113 
f 132/613/114 130/614/114 17/615/114 
f 133/616/115 132/617/115 17/618/115 
f 134/619/114 133/620/114 17/621/114 
f 135/622/113 134/623/113 17/624/113 
f 136/625/113 135/626/113 17/627/113 
f 137/628/113 136/629/113 17/630/113 
f 138/631/113 137/632/113 17/633/113 
f 139/634/113 138/635/113 17/636/113 
f 139/637/116 17/638/116 18/639/116 
f 139/640/117 21/641/117 22/642/117 
f 140/643/118 26/644/118 19/645/118 
f 141/646/1 140/647/1 19/648/1 
f 141/649/118 19/650/118 20/651/118 
f 142/652/1 141/653/1 20/654/1 
f 131/655/1 142/656/1 20/657/1 
f 131/658/1 20/659/1 17/660/1 
f 20/661/119 143/662/119 144/663/119 
f 144/664/120 17/665/120 20/666/120 
f 145/667/121 22/668/121 21/669/121 
f 146/670/122 145/671/122 21/672/122 
f 147/673/121 146/674/121 21/675/121 
f 29/676/123 144/677/123 143/678/123 
f 143/679/124 19/680/124 26/681/124 
f 143/682/125 26/683/125 148/684/125 
f 143/685/126 148/686/126 149/687/126 
f 143/688/127 149/689/127 150/690/127 
f 143/691/128 150/692/128 151/693/128 
f 143/694/129 151/695/129 152/696/129 
f 21/697/130 143/698/130 152/699/130 
f 21/700/131 152/701/131 153/702/131 
f 147/703/132 21/704/132 153/705/132 
f 20/706/133 19/707/133 143/708/133 
f 18/709/134 17/710/134 144/711/134 
usemtl kohtu12_door21
f 154/712/135 155/713/135 156/714/135 
f 157/715/136 154/716/136 156/717/136 
f 158/718/137 157/719/137 156/720/137 
f 159/721/137 158/722/137 156/723/137 
f 160/724/136 161/725/136 156/726/136 
f 162/727/137 160/728/137 156/729/137 
f 163/730/137 162/731/137 156/732/137 
f 164/733/138 163/734/138 156/735/138 
f 165/736/139 164/737/139 156/738/139 
f 155/739/139 165/740/139 156/741/139 
usemtl kohtu12_orangewall
f 166/742/140 167/743/140 168/744/140 
f 166/745/141 168/746/141 169/747/141 
f 166/748/141 169/749/141 170/750/141 
f 171/751/142 172/752/142 173/753/142 
f 173/754/143 174/755/143 171/756/143 
usemtl kohtu12_valgekrohv
f 175/757/1 176/758/1 177/759/1 
f 177/760/1 178/761/1 175/762/1 
f 178/763/144 177/764/144 179/765/144 
f 179/766/144 180/767/144 178/768/144 
f 180/769/145 179/770/145 181/771/145 
f 181/772/145 182/773/145 180/774/145 
f 182/775/146 181/776/146 176/777/146 
f 176/778/146 175/779/146 182/780/146 
f 183/781/1 184/782/1 185/783/1 
f 185/784/1 186/785/1 183/786/1 
f 186/787/144 185/788/144 187/789/144 
f 187/790/144 188/791/144 186/792/144 
f 188/793/145 187/794/145 189/795/145 
f 189/796/145 190/797/145 188/798/145 
f 190/799/146 189/800/146 184/801/146 
f 184/802/146 183/803/146 190/804/146 
usemtl kohtu12_orangewall
f 191/805/147 192/806/147 193/807/147 
f 193/808/147 194/809/147 191/810/147 
f 194/811/145 193/812/145 195/813/145 
f 195/814/145 196/815/145 194/816/145 
f 196/817/148 195/818/148 197/819/148 
f 197/820/148 198/821/148 196/822/148 
f 198/823/1 197/824/1 192/825/1 
f 192/826/1 191/827/1 198/828/1 
f 199/829/149 200/830/149 201/831/149 
f 201/832/149 202/833/149 199/834/149 
f 203/835/145 202/836/145 201/837/145 
f 201/838/145 204/839/145 203/840/145 
f 203/841/150 204/842/150 205/843/150 
f 205/844/150 206/845/150 203/846/150 
f 207/847/151 208/848/151 200/849/151 
f 200/850/152 199/851/152 207/852/152 
f 209/853/153 210/854/153 211/855/153 
f 211/856/153 212/857/153 209/858/153 
f 213/859/145 212/860/145 211/861/145 
f 211/862/145 214/863/145 213/864/145 
f 213/865/154 214/866/154 215/867/154 
f 215/868/154 216/869/154 213/870/154 
f 217/871/155 218/872/155 210/873/155 
f 210/874/156 209/875/156 217/876/156 
f 219/877/157 220/878/157 221/879/157 
f 221/880/157 222/881/157 219/882/157 
f 223/883/145 222/884/145 221/885/145 
f 221/886/145 224/887/145 223/888/145 
f 223/889/158 224/890/158 225/891/158 
f 225/892/158 226/893/158 223/894/158 
f 226/895/1 225/896/1 220/897/1 
f 220/898/1 219/899/1 226/900/1 
f 227/901/159 228/902/159 229/903/159 
f 229/904/159 230/905/159 227/906/159 
f 231/907/145 230/908/145 229/909/145 
f 229/910/145 232/911/145 231/912/145 
f 231/913/160 232/914/160 233/915/160 
f 233/916/160 234/917/160 231/918/160 
f 235/919/161 236/920/161 228/921/161 
f 228/922/162 227/923/162 235/924/162 
f 237/925/141 238/926/141 239/927/141 
f 239/928/141 240/929/141 237/930/141 
f 241/931/141 242/932/141 239/933/141 
f 239/934/141 238/935/141 241/936/141 
f 243/937/163 196/938/163 198/939/163 
f 198/940/163 244/941/163 243/942/163 
f 245/943/164 246/944/164 196/945/164 
f 196/946/165 243/947/165 245/948/165 
f 247/949/141 248/950/141 238/951/141 
f 238/952/141 237/953/141 247/954/141 
f 249/955/163 243/956/163 244/957/163 
f 244/958/163 250/959/163 249/960/163 
f 251/961/166 245/962/166 243/963/166 
f 243/964/167 249/965/167 251/966/167 
usemtl kohtu12_valgekrohv
f 252/967/168 253/968/168 254/969/168 
f 254/970/168 255/971/168 252/972/168 
f 255/973/145 254/974/145 256/975/145 
f 256/976/145 242/977/145 255/978/145 
f 242/979/169 256/980/169 257/981/169 
f 257/982/169 239/983/169 242/984/169 
f 239/985/1 257/986/1 253/987/1 
f 253/988/1 252/989/1 239/990/1 
f 258/991/147 259/992/147 260/993/147 
f 260/994/147 261/995/147 258/996/147 
f 261/997/145 260/998/145 262/999/145 
f 262/1000/145 263/1001/145 261/1002/145 
f 263/1003/148 262/1004/148 264/1005/148 
f 264/1006/148 265/1007/148 263/1008/148 
f 265/1009/1 264/1010/1 259/1011/1 
f 259/1012/1 258/1013/1 265/1014/1 
f 266/1015/168 267/1016/168 268/1017/168 
f 268/1018/168 269/1019/168 266/1020/168 
f 269/1021/145 268/1022/145 270/1023/145 
f 270/1024/145 271/1025/145 269/1026/145 
f 271/1027/169 270/1028/169 272/1029/169 
f 272/1030/169 273/1031/169 271/1032/169 
f 273/1033/1 272/1034/1 267/1035/1 
f 267/1036/1 266/1037/1 273/1038/1 
f 274/1039/147 275/1040/147 276/1041/147 
f 276/1042/147 277/1043/147 274/1044/147 
f 277/1045/145 276/1046/145 278/1047/145 
f 278/1048/145 279/1049/145 277/1050/145 
f 279/1051/148 278/1052/148 280/1053/148 
f 280/1054/148 281/1055/148 279/1056/148 
f 281/1057/1 280/1058/1 275/1059/1 
f 275/1060/1 274/1061/1 281/1062/1 
f 282/1063/168 283/1064/168 284/1065/168 
f 284/1066/168 285/1067/168 282/1068/168 
f 285/1069/145 284/1070/145 286/1071/145 
f 286/1072/145 287/1073/145 285/1074/145 
f 287/1075/169 286/1076/169 288/1077/169 
f 288/1078/169 289/1079/169 287/1080/169 
f 289/1081/1 288/1082/1 283/1083/1 
f 283/1084/1 282/1085/1 289/1086/1 
f 290/1087/147 291/1088/147 292/1089/147 
f 292/1090/147 293/1091/147 290/1092/147 
f 293/1093/145 292/1094/145 294/1095/145 
f 294/1096/145 295/1097/145 293/1098/145 
f 295/1099/148 294/1100/148 296/1101/148 
f 296/1102/148 297/1103/148 295/1104/148 
f 297/1105/1 296/1106/1 291/1107/1 
f 291/1108/1 290/1109/1 297/1110/1 
usemtl kohtu12_orangewall
f 240/1111/170 239/1112/170 252/1113/170 
f 252/1114/170 298/1115/170 240/1116/170 
f 255/1117/171 242/1118/171 265/1119/171 
f 265/1120/172 258/1121/172 255/1122/172 
f 263/1123/163 299/1124/163 300/1125/163 
f 300/1126/163 261/1127/163 263/1128/163 
f 299/1129/163 198/1130/163 191/1131/163 
f 191/1132/163 300/1133/163 299/1134/163 
f 197/1135/163 195/1136/163 193/1137/163 
f 193/1138/163 192/1139/163 197/1140/163 
f 196/1141/167 246/1142/167 301/1143/167 
f 301/1144/167 194/1145/167 196/1146/167 
f 298/1147/173 252/1148/173 273/1149/173 
f 273/1150/173 302/1151/173 298/1152/173 
f 252/1153/173 255/1154/173 271/1155/173 
f 271/1156/173 273/1157/173 252/1158/173 
f 271/1159/174 255/1160/174 258/1161/174 
f 258/1162/175 281/1163/175 271/1164/175 
f 258/1165/163 261/1166/163 279/1167/163 
f 279/1168/163 281/1169/163 258/1170/163 
f 261/1171/163 300/1172/163 303/1173/163 
f 303/1174/163 279/1175/163 261/1176/163 
f 303/1177/163 300/1178/163 191/1179/163 
f 191/1180/176 206/1181/176 303/1182/176 
f 206/1183/177 191/1184/177 194/1185/177 
f 194/1186/177 203/1187/177 206/1188/177 
f 203/1189/178 194/1190/178 301/1191/178 
f 301/1192/179 304/1193/179 203/1194/179 
f 302/1195/180 273/1196/180 266/1197/180 
f 266/1198/180 305/1199/180 302/1200/180 
f 269/1201/181 271/1202/181 281/1203/181 
f 281/1204/182 274/1205/182 269/1206/182 
f 279/1207/163 303/1208/163 306/1209/163 
f 306/1210/163 277/1211/163 279/1212/163 
f 306/1213/183 207/1214/183 199/1215/183 
f 208/1216/184 307/1217/184 308/1218/184 
f 308/1219/184 205/1220/184 204/1221/184 
f 308/1222/185 204/1223/185 201/1224/185 
f 208/1225/184 308/1226/184 201/1227/184 
f 200/1228/184 208/1229/184 201/1230/184 
f 203/1231/179 304/1232/179 309/1233/179 
f 309/1234/186 202/1235/186 203/1236/186 
f 305/1237/173 266/1238/173 289/1239/173 
f 289/1240/173 310/1241/173 305/1242/173 
f 266/1243/173 269/1244/173 287/1245/173 
f 287/1246/173 289/1247/173 266/1248/173 
f 287/1249/187 269/1250/187 274/1251/187 
f 274/1252/188 297/1253/188 287/1254/188 
f 274/1255/163 277/1256/163 295/1257/163 
f 295/1258/163 297/1259/163 274/1260/163 
f 277/1261/163 306/1262/163 311/1263/163 
f 311/1264/163 295/1265/163 277/1266/163 
f 306/1267/189 199/1268/189 216/1269/189 
f 216/1270/188 311/1271/188 306/1272/188 
f 199/1273/190 202/1274/190 213/1275/190 
f 213/1276/190 216/1277/190 199/1278/190 
f 213/1279/191 202/1280/191 312/1281/191 
f 310/1282/135 289/1283/135 282/1284/135 
f 282/1285/135 313/1286/135 310/1287/135 
f 285/1288/192 287/1289/192 297/1290/192 
f 297/1291/193 290/1292/193 285/1293/193 
f 295/1294/163 311/1295/163 314/1296/163 
f 314/1297/163 293/1298/163 295/1299/163 
f 314/1300/194 217/1301/194 209/1302/194 
f 218/1303/195 315/1304/195 316/1305/195 
f 316/1306/196 215/1307/196 214/1308/196 
f 316/1309/197 214/1310/197 211/1311/197 
f 218/1312/198 316/1313/198 211/1314/198 
f 210/1315/199 218/1316/199 211/1317/199 
f 212/1318/200 317/1319/200 318/1320/200 
f 313/1321/201 282/1322/201 319/1323/201 
f 319/1324/201 320/1325/201 313/1326/201 
f 282/1327/201 285/1328/201 321/1329/201 
f 321/1330/201 319/1331/201 282/1332/201 
f 321/1333/202 285/1334/202 290/1335/202 
f 290/1336/203 322/1337/203 321/1338/203 
f 290/1339/163 293/1340/163 323/1341/163 
f 323/1342/163 322/1343/163 290/1344/163 
f 293/1345/163 314/1346/163 324/1347/163 
f 324/1348/163 323/1349/163 293/1350/163 
f 324/1351/204 314/1352/204 209/1353/204 
f 209/1354/205 234/1355/205 324/1356/205 
f 209/1357/206 212/1358/206 231/1359/206 
f 231/1360/206 234/1361/206 209/1362/206 
f 231/1363/207 212/1364/207 318/1365/207 
f 325/1366/208 178/1367/208 326/1368/208 
f 326/1369/209 327/1370/209 325/1371/209 
f 180/1372/210 328/1373/210 326/1374/210 
f 326/1375/210 178/1376/210 180/1377/210 
f 329/1378/209 330/1379/209 328/1380/209 
f 328/1381/211 180/1382/211 329/1383/211 
f 331/1384/209 332/1385/209 330/1386/209 
f 330/1387/209 329/1388/209 331/1389/209 
f 333/1390/209 334/1391/209 332/1392/209 
f 332/1393/209 331/1394/209 333/1395/209 
f 335/1396/209 336/1397/209 334/1398/209 
f 334/1399/209 333/1400/209 335/1401/209 
f 337/1402/212 338/1403/212 336/1404/212 
f 336/1405/213 335/1406/213 337/1407/213 
f 339/1408/214 175/1409/214 178/1410/214 
f 178/1411/215 325/1412/215 339/1413/215 
f 186/1414/216 329/1415/216 180/1416/216 
f 180/1417/217 182/1418/217 186/1419/217 
f 188/1420/218 331/1421/218 329/1422/218 
f 329/1423/218 186/1424/218 188/1425/218 
f 340/1426/218 333/1427/218 331/1428/218 
f 331/1429/218 188/1430/218 340/1431/218 
f 341/1432/218 335/1433/218 333/1434/218 
f 333/1435/218 340/1436/218 341/1437/218 
f 342/1438/218 337/1439/218 335/1440/218 
f 335/1441/218 341/1442/218 342/1443/218 
f 337/1444/219 342/1445/219 343/1446/219 
f 344/1447/220 345/1448/220 175/1449/220 
f 175/1450/220 339/1451/220 344/1452/220 
f 346/1453/220 182/1454/220 175/1455/220 
f 175/1456/220 345/1457/220 346/1458/220 
f 346/1459/221 183/1460/221 186/1461/221 
f 186/1462/222 182/1463/222 346/1464/222 
f 347/1465/221 340/1466/221 188/1467/221 
f 188/1468/221 190/1469/221 347/1470/221 
f 348/1471/221 341/1472/221 340/1473/221 
f 340/1474/221 347/1475/221 348/1476/221 
f 349/1477/221 342/1478/221 341/1479/221 
f 341/1480/221 348/1481/221 349/1482/221 
f 350/1483/219 343/1484/219 342/1485/219 
f 342/1486/221 349/1487/221 351/1488/221 
f 352/1489/223 350/1490/223 353/1491/223 
f 349/1492/223 354/1493/223 355/1494/223 
f 354/1495/224 222/1496/224 356/1497/224 
f 356/1498/23 355/1499/23 354/1500/23 
f 222/1501/225 223/1502/225 357/1503/225 
f 357/1504/226 356/1505/226 222/1506/226 
f 230/1507/227 358/1508/227 357/1509/227 
f 357/1510/228 223/1511/228 230/1512/228 
f 231/1513/229 359/1514/229 358/1515/229 
f 358/1516/230 230/1517/230 231/1518/230 
f 360/1519/167 251/1520/167 249/1521/167 
f 249/1522/231 361/1523/231 360/1524/231 
f 362/1525/167 363/1526/167 360/1527/167 
f 360/1528/167 361/1529/167 362/1530/167 
f 364/1531/232 365/1532/232 363/1533/232 
f 363/1534/233 362/1535/233 364/1536/233 
f 366/1537/23 367/1538/23 365/1539/23 
f 365/1540/23 364/1541/23 366/1542/23 
f 368/1543/23 369/1544/23 367/1545/23 
f 367/1546/23 366/1547/23 368/1548/23 
f 354/1549/223 349/1550/223 348/1551/223 
f 348/1552/223 370/1553/223 354/1554/223 
f 219/1555/234 222/1556/234 354/1557/234 
f 354/1558/234 370/1559/234 219/1560/234 
f 225/1561/235 224/1562/235 221/1563/235 
f 221/1564/235 220/1565/235 225/1566/235 
f 227/1567/228 230/1568/228 223/1569/228 
f 223/1570/228 226/1571/228 227/1572/228 
f 236/1573/236 371/1574/236 372/1575/236 
f 372/1576/199 233/1577/199 232/1578/199 
f 372/1579/237 232/1580/237 229/1581/237 
f 236/1582/238 372/1583/238 229/1584/238 
f 228/1585/239 236/1586/239 229/1587/239 
f 361/1588/26 249/1589/26 250/1590/26 
f 250/1591/26 373/1592/26 361/1593/26 
f 374/1594/163 362/1595/163 361/1596/163 
f 361/1597/163 373/1598/163 374/1599/163 
f 375/1600/232 364/1601/232 362/1602/232 
f 362/1603/232 374/1604/232 375/1605/232 
f 376/1606/23 366/1607/23 364/1608/23 
f 364/1609/23 375/1610/23 376/1611/23 
f 377/1612/23 368/1613/23 366/1614/23 
f 366/1615/23 376/1616/23 377/1617/23 
f 378/1618/240 235/1619/240 227/1620/240 
f 378/1621/241 227/1622/241 226/1623/241 
f 226/1624/242 379/1625/242 378/1626/242 
f 379/1627/243 226/1628/243 219/1629/243 
f 219/1630/244 380/1631/244 379/1632/244 
f 380/1633/245 219/1634/245 370/1635/245 
f 370/1636/23 381/1637/23 380/1638/23 
f 370/1639/223 348/1640/223 347/1641/223 
f 347/1642/223 381/1643/223 370/1644/223 
usemtl kohtu12_valgekrohv
f 382/1645/168 383/1646/168 384/1647/168 
f 384/1648/168 385/1649/168 382/1650/168 
f 385/1651/145 384/1652/145 386/1653/145 
f 386/1654/145 321/1655/145 385/1656/145 
f 321/1657/169 386/1658/169 387/1659/169 
f 387/1660/169 319/1661/169 321/1662/169 
f 319/1663/1 387/1664/1 383/1665/1 
f 383/1666/1 382/1667/1 319/1668/1 
f 388/1669/147 389/1670/147 390/1671/147 
f 390/1672/147 391/1673/147 388/1674/147 
f 391/1675/145 390/1676/145 392/1677/145 
f 392/1678/145 323/1679/145 391/1680/145 
f 323/1681/148 392/1682/148 393/1683/148 
f 393/1684/148 322/1685/148 323/1686/148 
f 322/1687/1 393/1688/1 389/1689/1 
f 389/1690/1 388/1691/1 322/1692/1 
f 394/1693/246 395/1694/246 396/1695/246 
f 396/1696/246 173/1697/246 394/1698/246 
f 173/1699/145 396/1700/145 397/1701/145 
f 397/1702/145 174/1703/145 173/1704/145 
f 174/1705/247 397/1706/247 398/1707/247 
f 398/1708/247 399/1709/247 174/1710/247 
f 399/1711/1 398/1712/1 395/1713/1 
f 395/1714/1 394/1715/1 399/1716/1 
f 172/1717/248 400/1718/248 401/1719/248 
f 401/1720/248 402/1721/248 172/1722/248 
f 402/1723/145 401/1724/145 403/1725/145 
f 403/1726/145 404/1727/145 402/1728/145 
f 404/1729/249 403/1730/249 405/1731/249 
f 405/1732/249 171/1733/249 404/1734/249 
f 171/1735/1 405/1736/1 400/1737/1 
f 400/1738/1 172/1739/1 171/1740/1 
usemtl kohtu12_orangewall
f 319/1741/135 382/1742/135 406/1743/135 
f 406/1744/135 320/1745/135 319/1746/135 
f 385/1747/250 321/1748/250 322/1749/250 
f 322/1750/251 388/1751/251 385/1752/251 
f 323/1753/163 324/1754/163 378/1755/163 
f 378/1756/163 391/1757/163 323/1758/163 
f 382/1759/173 399/1760/173 407/1761/173 
f 407/1762/173 406/1763/173 382/1764/173 
f 382/1765/173 385/1766/173 174/1767/173 
f 174/1768/173 399/1769/173 382/1770/173 
f 174/1771/252 385/1772/252 388/1773/252 
f 388/1774/253 171/1775/253 174/1776/253 
f 388/1777/163 391/1778/163 404/1779/163 
f 404/1780/163 171/1781/163 388/1782/163 
f 391/1783/163 378/1784/163 379/1785/163 
f 379/1786/163 404/1787/163 391/1788/163 
f 408/1789/141 169/1790/141 248/1791/141 
f 248/1792/141 247/1793/141 408/1794/141 
f 168/1795/141 409/1796/141 248/1797/141 
f 248/1798/141 169/1799/141 168/1800/141 
f 410/1801/141 170/1802/141 169/1803/141 
f 411/1804/254 410/1805/254 169/1806/254 
f 411/1807/141 169/1808/141 408/1809/141 
f 412/1810/255 411/1811/255 408/1812/255 
f 413/1813/141 412/1814/141 408/1815/141 
f 414/1816/135 415/1817/135 416/1818/135 
f 414/1819/256 416/1820/256 417/1821/256 
f 414/1822/255 417/1823/255 418/1824/255 
f 414/1825/255 418/1826/255 419/1827/255 
f 414/1828/257 419/1829/257 420/1830/257 
f 414/1831/141 420/1832/141 421/1833/141 
f 408/1834/258 414/1835/258 421/1836/258 
f 413/1837/259 408/1838/259 421/1839/259 
f 422/1840/260 416/1841/260 415/1842/260 
f 423/1843/261 422/1844/261 415/1845/261 
f 424/1846/262 415/1847/262 414/1848/262 
f 414/1849/262 425/1850/262 424/1851/262 
f 424/1852/262 426/1853/262 423/1854/262 
f 423/1855/262 415/1856/262 424/1857/262 
f 427/1858/23 424/1859/23 425/1860/23 
f 425/1861/23 428/1862/23 427/1863/23 
usemtl kohtu12_pinkwall
f 429/1864/22 430/1865/22 431/1866/22 
f 431/1867/22 432/1868/22 429/1869/22 
f 430/1870/22 433/1871/22 434/1872/22 
f 434/1873/22 431/1874/22 430/1875/22 
f 434/1876/22 433/1877/22 435/1878/22 
f 435/1879/22 436/1880/22 434/1881/22 
f 436/1882/22 435/1883/22 437/1884/22 
f 437/1885/22 438/1886/22 436/1887/22 
usemtl kohtu12_valgekrohv
f 439/1888/22 440/1889/22 441/1890/22 
f 441/1891/22 442/1892/22 439/1893/22 
f 442/1894/145 441/1895/145 443/1896/145 
f 443/1897/145 444/1898/145 442/1899/145 
f 444/1900/23 443/1901/23 445/1902/23 
f 445/1903/23 446/1904/23 444/1905/23 
f 446/1906/1 445/1907/1 440/1908/1 
f 440/1909/1 439/1910/1 446/1911/1 
f 447/1912/263 448/1913/263 449/1914/263 
f 449/1915/264 450/1916/264 447/1917/264 
f 451/1918/265 452/1919/265 453/1920/265 
f 453/1921/265 454/1922/265 451/1923/265 
f 454/1924/266 453/1925/266 448/1926/266 
f 448/1927/266 447/1928/266 454/1929/266 
f 455/1930/22 456/1931/22 457/1932/22 
f 457/1933/22 458/1934/22 455/1935/22 
f 459/1936/163 460/1937/163 461/1938/163 
f 461/1939/163 462/1940/163 459/1941/163 
f 462/1942/1 461/1943/1 456/1944/1 
f 456/1945/1 455/1946/1 462/1947/1 
f 463/1948/22 464/1949/22 465/1950/22 
f 465/1951/22 466/1952/22 463/1953/22 
f 467/1954/26 468/1955/26 469/1956/26 
f 469/1957/26 470/1958/26 467/1959/26 
f 470/1960/1 469/1961/1 464/1962/1 
f 464/1963/1 463/1964/1 470/1965/1 
f 471/1966/267 472/1967/267 473/1968/267 
f 473/1969/267 474/1970/267 471/1971/267 
f 474/1972/145 473/1973/145 475/1974/145 
f 475/1975/145 476/1976/145 474/1977/145 
f 476/1978/141 475/1979/141 477/1980/141 
f 477/1981/141 478/1982/141 476/1983/141 
f 478/1984/1 477/1985/1 472/1986/1 
f 472/1987/1 471/1988/1 478/1989/1 
usemtl kohtu12_pinkwall
f 479/1990/25 480/1991/25 481/1992/25 
f 481/1993/25 482/1994/25 479/1995/25 
f 479/1996/25 483/1997/25 484/1998/25 
f 484/1999/25 480/2000/25 479/2001/25 
f 483/2002/25 454/2003/25 447/2004/25 
f 447/2005/25 484/2006/25 483/2007/25 
f 480/2008/25 485/2009/25 486/2010/25 
f 486/2011/25 481/2012/25 480/2013/25 
f 480/2014/25 484/2015/25 487/2016/25 
f 487/2017/25 485/2018/25 480/2019/25 
f 484/2020/25 447/2021/25 462/2022/25 
f 462/2023/25 487/2024/25 484/2025/25 
f 447/2026/25 450/2027/25 459/2028/25 
f 459/2029/25 462/2030/25 447/2031/25 
f 485/2032/25 488/2033/25 489/2034/25 
f 489/2035/25 486/2036/25 485/2037/25 
f 485/2038/25 487/2039/25 490/2040/25 
f 490/2041/25 488/2042/25 485/2043/25 
f 487/2044/25 462/2045/25 455/2046/25 
f 455/2047/25 490/2048/25 487/2049/25 
f 488/2050/25 491/2051/25 492/2052/25 
f 492/2053/25 489/2054/25 488/2055/25 
f 488/2056/25 490/2057/25 493/2058/25 
f 493/2059/25 491/2060/25 488/2061/25 
f 490/2062/25 455/2063/25 494/2064/25 
f 494/2065/25 493/2066/25 490/2067/25 
f 455/2068/25 458/2069/25 495/2070/25 
f 495/2071/25 494/2072/25 455/2073/25 
f 496/2074/169 497/2075/169 498/2076/169 
f 498/2077/24 499/2078/24 496/2079/24 
f 438/2080/147 500/2081/147 501/2082/147 
f 501/2083/147 436/2084/147 438/2085/147 
f 436/2086/1 501/2087/1 497/2088/1 
f 497/2089/1 496/2090/1 436/2091/1 
usemtl kohtu12_valgekrohv
f 502/2092/1 503/2093/1 504/2094/1 
f 504/2095/1 505/2096/1 502/2097/1 
f 505/2098/169 504/2099/169 506/2100/169 
f 506/2101/169 507/2102/169 505/2103/169 
f 507/2104/145 506/2105/145 508/2106/145 
f 508/2107/145 509/2108/145 507/2109/145 
f 509/2110/147 508/2111/147 503/2112/147 
f 503/2113/147 502/2114/147 509/2115/147 
f 510/2116/24 511/2117/24 512/2118/24 
f 512/2119/24 513/2120/24 510/2121/24 
f 513/2122/145 512/2123/145 514/2124/145 
f 514/2125/145 515/2126/145 513/2127/145 
f 515/2128/29 514/2129/29 516/2130/29 
f 516/2131/29 517/2132/29 515/2133/29 
f 517/2134/1 516/2135/1 511/2136/1 
f 511/2137/1 510/2138/1 517/2139/1 
f 518/2140/268 519/2141/268 520/2142/268 
f 520/2143/268 521/2144/268 518/2145/268 
f 521/2146/145 520/2147/145 522/2148/145 
f 522/2149/145 523/2150/145 521/2151/145 
f 523/2152/168 522/2153/168 524/2154/168 
f 524/2155/168 525/2156/168 523/2157/168 
f 525/2158/1 524/2159/1 519/2160/1 
f 519/2161/1 518/2162/1 525/2163/1 
f 526/2164/24 527/2165/24 528/2166/24 
f 528/2167/24 529/2168/24 526/2169/24 
f 529/2170/145 528/2171/145 530/2172/145 
f 530/2173/145 531/2174/145 529/2175/145 
f 531/2176/25 530/2177/25 532/2178/25 
f 532/2179/25 533/2180/25 531/2181/25 
f 533/2182/1 532/2183/1 527/2184/1 
f 527/2185/1 526/2186/1 533/2187/1 
f 534/2188/24 535/2189/24 536/2190/24 
f 536/2191/24 537/2192/24 534/2193/24 
f 537/2194/145 536/2195/145 538/2196/145 
f 538/2197/145 539/2198/145 537/2199/145 
f 539/2200/147 538/2201/147 540/2202/147 
f 540/2203/147 541/2204/147 539/2205/147 
f 541/2206/1 540/2207/1 535/2208/1 
f 535/2209/1 534/2210/1 541/2211/1 
f 542/2212/24 543/2213/24 544/2214/24 
f 544/2215/24 545/2216/24 542/2217/24 
f 545/2218/145 544/2219/145 546/2220/145 
f 546/2221/145 547/2222/145 545/2223/145 
f 547/2224/269 546/2225/269 548/2226/269 
f 548/2227/269 549/2228/269 547/2229/269 
f 549/2230/1 548/2231/1 543/2232/1 
f 543/2233/1 542/2234/1 549/2235/1 
usemtl kohtu12_orangewall
f 550/2236/31 551/2237/31 552/2238/31 
f 552/2239/31 553/2240/31 550/2241/31 
f 554/2242/270 555/2243/270 556/2244/270 
f 556/2245/270 557/2246/270 554/2247/270 
f 557/2248/1 556/2249/1 551/2250/1 
f 551/2251/1 550/2252/1 557/2253/1 
usemtl kohtu12_valgekrohv
f 558/2254/24 559/2255/24 560/2256/24 
f 560/2257/24 561/2258/24 558/2259/24 
f 561/2260/145 560/2261/145 562/2262/145 
f 562/2263/145 563/2264/145 561/2265/145 
f 563/2266/25 562/2267/25 564/2268/25 
f 564/2269/25 565/2270/25 563/2271/25 
f 565/2272/1 564/2273/1 559/2274/1 
f 559/2275/1 558/2276/1 565/2277/1 
f 566/2278/24 567/2279/24 568/2280/24 
f 568/2281/24 569/2282/24 566/2283/24 
f 569/2284/145 568/2285/145 570/2286/145 
f 570/2287/145 571/2288/145 569/2289/145 
f 571/2290/25 570/2291/25 572/2292/25 
f 572/2293/25 573/2294/25 571/2295/25 
f 573/2296/1 572/2297/1 567/2298/1 
f 567/2299/1 566/2300/1 573/2301/1 
f 574/2302/24 575/2303/24 576/2304/24 
f 576/2305/24 577/2306/24 574/2307/24 
f 577/2308/145 576/2309/145 578/2310/145 
f 578/2311/145 579/2312/145 577/2313/145 
f 579/2314/147 578/2315/147 580/2316/147 
f 580/2317/147 581/2318/147 579/2319/147 
f 581/2320/1 580/2321/1 575/2322/1 
f 575/2323/1 574/2324/1 581/2325/1 
f 582/2326/24 583/2327/24 584/2328/24 
f 584/2329/24 585/2330/24 582/2331/24 
f 585/2332/145 584/2333/145 586/2334/145 
f 586/2335/145 587/2336/145 585/2337/145 
f 587/2338/147 586/2339/147 588/2340/147 
f 588/2341/147 589/2342/147 587/2343/147 
f 589/2344/1 588/2345/1 583/2346/1 
f 583/2347/1 582/2348/1 589/2349/1 
f 590/2350/169 591/2351/169 592/2352/169 
f 592/2353/169 593/2354/169 590/2355/169 
f 593/2356/145 592/2357/145 594/2358/145 
f 594/2359/145 595/2360/145 593/2361/145 
f 595/2362/25 594/2363/25 596/2364/25 
f 596/2365/25 597/2366/25 595/2367/25 
f 597/2368/1 596/2369/1 591/2370/1 
f 591/2371/1 590/2372/1 597/2373/1 
f 598/2374/169 599/2375/169 600/2376/169 
f 600/2377/169 601/2378/169 598/2379/169 
f 601/2380/145 600/2381/145 602/2382/145 
f 602/2383/145 603/2384/145 601/2385/145 
f 603/2386/25 602/2387/25 604/2388/25 
f 604/2389/25 605/2390/25 603/2391/25 
f 605/2392/1 604/2393/1 599/2394/1 
f 599/2395/1 598/2396/1 605/2397/1 
usemtl kohtu12_pinkwall
f 478/2398/25 471/2399/25 606/2400/25 
f 606/2401/25 607/2402/25 478/2403/25 
usemtl kohtu12_win02
f 477/2404/25 475/2405/25 473/2406/25 
f 473/2407/25 472/2408/25 477/2409/25 
usemtl kohtu12_pinkwall
f 476/2410/25 446/2411/25 439/2412/25 
f 439/2413/25 474/2414/25 476/2415/25 
usemtl kohtu12_aken001
f 445/2416/25 443/2417/25 441/2418/25 
f 441/2419/25 440/2420/25 445/2421/25 
usemtl kohtu12_pinkwall
f 471/2422/25 608/2423/25 609/2424/25 
f 609/2425/25 606/2426/25 471/2427/25 
f 471/2428/25 474/2429/25 610/2430/25 
f 610/2431/25 608/2432/25 471/2433/25 
f 474/2434/25 439/2435/25 470/2436/25 
f 470/2437/25 610/2438/25 474/2439/25 
f 439/2440/25 442/2441/25 467/2442/25 
f 467/2443/25 470/2444/25 439/2445/25 
f 611/2446/25 479/2447/25 482/2448/25 
f 482/2449/25 612/2450/25 611/2451/25 
f 611/2452/25 613/2453/25 483/2454/25 
f 483/2455/25 479/2456/25 611/2457/25 
f 613/2458/25 463/2459/25 454/2460/25 
f 454/2461/25 483/2462/25 613/2463/25 
f 463/2464/25 466/2465/25 451/2466/25 
f 451/2467/25 454/2468/25 463/2469/25 
f 608/2470/25 611/2471/25 612/2472/25 
f 612/2473/25 609/2474/25 608/2475/25 
f 608/2476/25 610/2477/25 613/2478/25 
f 613/2479/25 611/2480/25 608/2481/25 
f 610/2482/25 470/2483/25 463/2484/25 
f 463/2485/25 613/2486/25 610/2487/25 
usemtl kohtu12_orangewall
f 399/2488/271 394/2489/271 614/2490/271 
f 614/2491/271 407/2492/271 399/2493/271 
f 404/2494/272 379/2495/272 380/2496/272 
f 380/2497/272 402/2498/272 404/2499/272 
f 394/2500/201 615/2501/201 616/2502/201 
f 616/2503/201 614/2504/201 394/2505/201 
f 394/2506/201 173/2507/201 617/2508/201 
f 617/2509/201 615/2510/201 394/2511/201 
f 617/2512/273 173/2513/273 172/2514/273 
f 172/2515/23 618/2516/23 617/2517/23 
f 172/2518/23 402/2519/23 619/2520/23 
f 619/2521/23 618/2522/23 172/2523/23 
f 402/2524/23 380/2525/23 381/2526/23 
f 381/2527/23 619/2528/23 402/2529/23 
f 502/2530/22 505/2531/22 620/2532/22 
f 620/2533/22 621/2534/22 502/2535/22 
usemtl kohtu12_win02
f 508/2536/267 506/2537/267 504/2538/267 
f 504/2539/267 503/2540/267 508/2541/267 
usemtl kohtu12_orangewall
f 622/2542/22 623/2543/22 507/2544/22 
f 507/2545/274 509/2546/274 622/2547/274 
f 624/2548/22 625/2549/22 623/2550/22 
f 623/2551/22 622/2552/22 624/2553/22 
f 505/2554/22 626/2555/22 627/2556/22 
f 627/2557/22 620/2558/22 505/2559/22 
f 507/2560/22 628/2561/22 626/2562/22 
f 626/2563/22 505/2564/22 507/2565/22 
f 623/2566/22 629/2567/22 628/2568/22 
f 628/2569/22 507/2570/22 623/2571/22 
f 625/2572/22 630/2573/22 629/2574/22 
f 629/2575/22 623/2576/22 625/2577/22 
f 631/2578/22 517/2579/22 510/2580/22 
f 510/2581/22 632/2582/22 631/2583/22 
usemtl kohtu12_win02
f 516/2584/22 514/2585/22 512/2586/22 
f 512/2587/22 511/2588/22 516/2589/22 
usemtl kohtu12_orangewall
f 515/2590/22 525/2591/22 518/2592/22 
f 518/2593/22 513/2594/22 515/2595/22 
usemtl kohtu12_aken001
f 524/2596/22 522/2597/22 520/2598/22 
f 520/2599/22 519/2600/22 524/2601/22 
usemtl kohtu12_orangewall
f 632/2602/22 510/2603/22 533/2604/22 
f 533/2605/22 633/2606/22 632/2607/22 
f 510/2608/22 513/2609/22 531/2610/22 
f 531/2611/22 533/2612/22 510/2613/22 
f 531/2614/22 513/2615/22 518/2616/22 
f 518/2617/22 541/2618/22 531/2619/22 
f 518/2620/22 521/2621/22 539/2622/22 
f 539/2623/22 541/2624/22 518/2625/22 
f 633/2626/22 533/2627/22 526/2628/22 
f 526/2629/22 634/2630/22 633/2631/22 
usemtl kohtu12_win02
f 532/2632/22 530/2633/22 528/2634/22 
f 528/2635/22 527/2636/22 532/2637/22 
usemtl kohtu12_orangewall
f 529/2638/22 531/2639/22 541/2640/22 
f 541/2641/22 534/2642/22 529/2643/22 
usemtl kohtu12_aken001
f 540/2644/22 538/2645/22 536/2646/22 
f 536/2647/22 535/2648/22 540/2649/22 
usemtl kohtu12_orangewall
f 634/2650/22 526/2651/22 549/2652/22 
f 549/2653/22 635/2654/22 634/2655/22 
f 526/2656/22 529/2657/22 547/2658/22 
f 547/2659/22 549/2660/22 526/2661/22 
f 529/2662/22 534/2663/22 557/2664/22 
f 557/2665/22 547/2666/22 529/2667/22 
f 534/2668/22 537/2669/22 554/2670/22 
f 554/2671/274 557/2672/274 534/2673/274 
f 636/2674/22 542/2675/22 565/2676/22 
f 565/2677/22 637/2678/22 636/2679/22 
f 542/2680/22 545/2681/22 563/2682/22 
f 563/2683/22 565/2684/22 542/2685/22 
f 545/2686/22 550/2687/22 573/2688/22 
f 573/2689/22 563/2690/22 545/2691/22 
f 550/2692/274 553/2693/274 571/2694/274 
f 571/2695/22 573/2696/22 550/2697/22 
f 635/2698/22 549/2699/22 542/2700/22 
f 542/2701/22 636/2702/22 635/2703/22 
usemtl kohtu12_win02
f 548/2704/22 546/2705/22 544/2706/22 
f 544/2707/22 543/2708/22 548/2709/22 
usemtl kohtu12_orangewall
f 547/2710/22 557/2711/22 550/2712/22 
f 550/2713/22 545/2714/22 547/2715/22 
usemtl kohtu12_door21
f 556/2716/274 555/2717/274 552/2718/274 
f 552/2719/274 551/2720/274 556/2721/274 
f 555/2722/275 638/2723/275 639/2724/275 
f 639/2725/22 552/2726/22 555/2727/22 
usemtl kohtu12_orangewall
f 637/2728/22 565/2729/22 558/2730/22 
f 558/2731/22 640/2732/22 637/2733/22 
usemtl kohtu12_win02
f 564/2734/22 562/2735/22 560/2736/22 
f 560/2737/22 559/2738/22 564/2739/22 
usemtl kohtu12_orangewall
f 563/2740/22 573/2741/22 566/2742/22 
f 566/2743/22 561/2744/22 563/2745/22 
usemtl kohtu12_aken001
f 572/2746/22 570/2747/22 568/2748/22 
f 568/2749/22 567/2750/22 572/2751/22 
usemtl kohtu12_orangewall
f 640/2752/22 558/2753/22 581/2754/22 
f 581/2755/22 641/2756/22 640/2757/22 
f 558/2758/22 561/2759/22 579/2760/22 
f 579/2761/22 581/2762/22 558/2763/22 
f 561/2764/22 566/2765/22 589/2766/22 
f 589/2767/22 579/2768/22 561/2769/22 
f 566/2770/22 569/2771/22 587/2772/22 
f 587/2773/22 589/2774/22 566/2775/22 
f 641/2776/22 581/2777/22 574/2778/22 
f 574/2779/22 642/2780/22 641/2781/22 
usemtl kohtu12_win02
f 580/2782/22 578/2783/22 576/2784/22 
f 576/2785/22 575/2786/22 580/2787/22 
usemtl kohtu12_orangewall
f 579/2788/22 589/2789/22 582/2790/22 
f 582/2791/22 577/2792/22 579/2793/22 
usemtl kohtu12_aken001
f 588/2794/22 586/2795/22 584/2796/22 
f 584/2797/22 583/2798/22 588/2799/22 
usemtl kohtu12_orangewall
f 642/2800/22 574/2801/22 430/2802/22 
f 430/2803/22 429/2804/22 642/2805/22 
f 574/2806/22 577/2807/22 433/2808/22 
f 433/2809/22 430/2810/22 574/2811/22 
f 433/2812/22 577/2813/22 582/2814/22 
f 582/2815/22 435/2816/22 433/2817/22 
f 435/2818/22 582/2819/22 585/2820/22 
f 585/2821/22 437/2822/22 435/2823/22 
usemtl kohtu12_pinkwall
f 432/2824/267 431/2825/267 643/2826/267 
f 643/2827/267 644/2828/267 432/2829/267 
f 431/2830/267 434/2831/267 645/2832/267 
f 645/2833/267 643/2834/267 431/2835/267 
f 434/2836/267 436/2837/267 496/2838/267 
f 496/2839/267 645/2840/267 434/2841/267 
f 644/2842/22 643/2843/22 597/2844/22 
f 597/2845/22 646/2846/22 644/2847/22 
f 643/2848/22 645/2849/22 595/2850/22 
f 595/2851/22 597/2852/22 643/2853/22 
f 645/2854/22 496/2855/22 605/2856/22 
f 605/2857/22 595/2858/22 645/2859/22 
f 496/2860/22 499/2861/22 603/2862/22 
f 603/2863/22 605/2864/22 496/2865/22 
f 647/2866/22 590/2867/22 648/2868/22 
f 648/2869/22 649/2870/22 647/2871/22 
f 590/2872/22 593/2873/22 650/2874/22 
f 650/2875/22 648/2876/22 590/2877/22 
f 593/2878/22 598/2879/22 651/2880/22 
f 651/2881/22 650/2882/22 593/2883/22 
f 598/2884/22 601/2885/22 652/2886/22 
f 652/2887/22 651/2888/22 598/2889/22 
f 646/2890/22 597/2891/22 590/2892/22 
f 590/2893/22 647/2894/22 646/2895/22 
usemtl kohtu12_win02
f 596/2896/22 594/2897/22 592/2898/22 
f 592/2899/22 591/2900/22 596/2901/22 
usemtl kohtu12_pinkwall
f 595/2902/22 605/2903/22 598/2904/22 
f 598/2905/22 593/2906/22 595/2907/22 
usemtl kohtu12_aken001
f 604/2908/22 602/2909/22 600/2910/22 
f 600/2911/22 599/2912/22 604/2913/22 
usemtl kohtu12_orangewall
f 381/2914/223 347/2915/223 190/2916/223 
f 190/2917/223 619/2918/223 381/2919/223 
f 624/2920/22 622/2921/22 653/2922/22 
f 653/2923/22 654/2924/22 624/2925/22 
f 330/2926/276 332/2927/276 654/2928/276 
f 654/2929/276 653/2930/276 330/2931/276 
f 619/2932/223 190/2933/223 183/2934/223 
f 183/2935/223 618/2936/223 619/2937/223 
usemtl kohtu12_pinkwall
f 446/2938/25 651/2939/25 652/2940/25 
f 652/2941/25 444/2942/25 446/2943/25 
usemtl kohtu12_orangewall
f 655/2944/22 656/2945/22 523/2946/22 
f 523/2947/22 525/2948/22 655/2949/22 
f 655/2950/24 629/2951/24 630/2952/24 
f 630/2953/24 656/2954/24 655/2955/24 
f 509/2956/22 502/2957/22 657/2958/22 
f 657/2959/22 658/2960/22 509/2961/22 
f 326/2962/276 328/2963/276 658/2964/276 
f 658/2965/276 657/2966/276 326/2967/276 
f 617/2968/223 346/2969/223 345/2970/223 
f 345/2971/223 615/2972/223 617/2973/223 
f 491/2974/23 493/2975/23 659/2976/23 
f 659/2977/23 427/2978/23 491/2979/23 
usemtl kohtu12_pinkwall
f 648/2980/25 650/2981/25 476/2982/25 
f 476/2983/25 478/2984/25 648/2985/25 
usemtl kohtu12_orangewall
f 517/2986/22 660/2987/22 661/2988/22 
f 661/2989/22 515/2990/22 517/2991/22 
f 660/2992/24 626/2993/24 628/2994/24 
f 628/2995/24 661/2996/24 660/2997/24 
f 622/2998/274 509/2999/274 658/3000/274 
f 658/3001/22 653/3002/22 622/3003/22 
f 328/3004/276 330/3005/276 653/3006/276 
f 653/3007/276 658/3008/276 328/3009/276 
f 618/3010/223 183/3011/223 346/3012/223 
f 346/3013/223 617/3014/223 618/3015/223 
usemtl kohtu12_pinkwall
f 476/3016/25 650/3017/25 651/3018/25 
f 651/3019/25 446/3020/25 476/3021/25 
usemtl kohtu12_orangewall
f 515/3022/22 661/3023/22 655/3024/22 
f 655/3025/22 525/3026/22 515/3027/22 
f 661/3028/24 628/3029/24 629/3030/24 
f 629/3031/24 655/3032/24 661/3033/24 
f 326/3034/276 657/3035/276 662/3036/276 
f 662/3037/276 327/3038/276 326/3039/276 
f 616/3040/223 615/3041/223 345/3042/223 
f 345/3043/223 344/3044/223 616/3045/223 
f 491/3046/23 427/3047/23 428/3048/23 
f 428/3049/23 492/3050/23 491/3051/23 
usemtl kohtu12_pinkwall
f 648/3052/25 478/3053/25 607/3054/25 
f 607/3055/25 649/3056/25 648/3057/25 
usemtl kohtu12_orangewall
f 502/3058/22 621/3059/22 662/3060/22 
f 662/3061/22 657/3062/22 502/3063/22 
f 663/3064/24 627/3065/24 626/3066/24 
f 626/3067/24 660/3068/24 663/3069/24 
f 663/3070/22 660/3071/22 517/3072/22 
f 517/3073/22 631/3074/22 663/3075/22 
usemtl kohtu12_valgekrohv
f 409/3076/169 664/3077/169 665/3078/169 
f 665/3079/169 248/3080/169 409/3081/169 
f 241/3082/145 666/3083/145 664/3084/145 
f 664/3085/145 409/3086/145 241/3087/145 
f 238/3088/168 667/3089/168 666/3090/168 
f 666/3091/168 241/3092/168 238/3093/168 
f 248/3094/1 665/3095/1 667/3096/1 
f 667/3097/1 238/3098/1 248/3099/1 
f 427/3100/266 668/3101/266 669/3102/266 
f 669/3103/266 424/3104/266 427/3105/266 
f 659/3106/24 670/3107/24 668/3108/24 
f 668/3109/24 427/3110/24 659/3111/24 
f 426/3112/145 671/3113/145 670/3114/145 
f 670/3115/145 659/3116/145 426/3117/145 
f 424/3118/25 669/3119/25 671/3120/25 
f 671/3121/25 426/3122/25 424/3123/25 
usemtl kohtu12_orangewall
f 672/3124/277 311/3125/277 216/3126/277 
f 316/3127/278 672/3128/278 216/3129/278 
f 216/3130/279 215/3131/279 316/3132/279 
f 314/3133/280 673/3134/280 217/3135/280 
f 217/3136/281 673/3137/281 315/3138/281 
f 315/3139/282 218/3140/282 217/3141/282 
f 311/3142/283 672/3143/283 673/3144/283 
f 673/3145/242 314/3146/242 311/3147/242 
f 673/3148/284 672/3149/284 316/3150/284 
f 316/3151/285 315/3152/285 673/3153/285 
f 674/3154/286 303/3155/286 206/3156/286 
f 308/3157/287 674/3158/287 206/3159/287 
f 206/3160/288 205/3161/288 308/3162/288 
f 306/3163/289 675/3164/289 207/3165/289 
f 207/3166/290 675/3167/290 307/3168/290 
f 307/3169/291 208/3170/291 207/3171/291 
f 303/3172/292 674/3173/292 675/3174/292 
f 675/3175/167 306/3176/167 303/3177/167 
f 307/3178/293 675/3179/293 674/3180/293 
f 674/3181/294 308/3182/294 307/3183/294 
f 676/3184/295 324/3185/295 234/3186/295 
f 372/3187/296 676/3188/296 234/3189/296 
f 234/3190/297 233/3191/297 372/3192/297 
f 378/3193/298 677/3194/298 235/3195/298 
f 235/3196/299 677/3197/299 371/3198/299 
f 371/3199/300 236/3200/300 235/3201/300 
f 324/3202/301 676/3203/301 677/3204/301 
f 677/3205/167 378/3206/167 324/3207/167 
f 677/3208/302 676/3209/302 372/3210/302 
f 372/3211/303 371/3212/303 677/3213/303 
f 312/3214/304 202/3215/304 678/3216/304 
f 679/3217/305 680/3218/305 681/3219/305 
f 681/3220/306 682/3221/306 683/3222/306 
f 681/3223/307 683/3224/307 684/3225/307 
f 679/3226/308 681/3227/308 684/3228/308 
f 685/3229/309 679/3230/309 684/3231/309 
f 231/3232/234 318/3233/234 686/3234/234 
f 678/3235/310 202/3236/310 309/3237/310 
f 309/3238/311 687/3239/311 678/3240/311 
f 678/3241/311 687/3242/311 688/3243/311 
f 688/3244/312 686/3245/312 678/3246/312 
f 686/3247/313 688/3248/313 359/3249/313 
f 359/3250/314 231/3251/314 686/3252/314 
f 317/3253/315 679/3254/315 685/3255/315 
f 685/3256/316 318/3257/316 317/3258/316 
f 678/3259/317 683/3260/317 682/3261/317 
f 682/3262/317 312/3263/317 678/3264/317 
f 678/3265/318 686/3266/318 684/3267/318 
f 684/3268/318 683/3269/318 678/3270/318 
f 318/3271/319 685/3272/319 684/3273/319 
f 684/3274/319 686/3275/319 318/3276/319 
f 689/3277/320 213/3278/320 312/3279/320 
f 681/3280/321 689/3281/321 312/3282/321 
f 312/3283/322 682/3284/322 681/3285/322 
f 690/3286/323 213/3287/323 689/3288/323 
f 690/3289/324 689/3290/324 681/3291/324 
f 681/3292/325 680/3293/325 690/3294/325 
f 212/3295/326 213/3296/326 690/3297/326 
f 690/3298/327 317/3299/327 212/3300/327 
f 679/3301/328 317/3302/328 690/3303/328 
f 690/3304/329 680/3305/329 679/3306/329 
f 349/3307/223 355/3308/223 351/3309/223 
f 356/3310/23 691/3311/23 355/3312/23 
f 692/3313/223 693/3314/223 694/3315/223 
f 342/3316/221 351/3317/221 353/3318/221 
f 692/3319/223 694/3320/223 695/3321/223 
f 356/3322/330 352/3323/330 691/3324/330 
f 353/3325/223 691/3326/223 352/3327/223 
f 342/3328/221 353/3329/221 350/3330/221 
f 351/3331/1 355/3332/1 693/3333/1 
f 693/3334/1 692/3335/1 351/3336/1 
f 355/3337/331 691/3338/331 694/3339/331 
f 694/3340/331 693/3341/331 355/3342/331 
f 353/3343/332 351/3344/332 692/3345/332 
f 692/3346/332 695/3347/332 353/3348/332 
f 691/3349/145 353/3350/145 695/3351/145 
f 695/3352/145 694/3353/145 691/3354/145 
usemtl kohtu12_kat_kivi01
f 27/3355/333 25/3356/333 696/3357/333 
f 26/3358/334 696/3359/334 25/3360/334 
f 697/3361/335 696/3362/335 698/3363/335 
f 26/3364/336 698/3365/336 696/3366/336 
f 699/3367/337 697/3368/337 700/3369/337 
f 698/3370/337 700/3371/337 697/3372/337 
f 701/3373/338 699/3374/338 702/3375/338 
f 700/3376/338 702/3377/338 699/3378/338 
f 703/3379/339 701/3380/339 704/3381/339 
f 702/3382/340 704/3383/340 701/3384/340 
f 705/3385/341 703/3386/341 706/3387/341 
f 704/3388/341 706/3389/341 703/3390/341 
f 707/3391/342 705/3392/342 708/3393/342 
f 706/3394/342 708/3395/342 705/3396/342 
f 709/3397/343 707/3398/343 710/3399/343 
f 708/3400/343 710/3401/343 707/3402/343 
f 711/3403/344 709/3404/344 712/3405/344 
f 710/3406/344 712/3407/344 709/3408/344 
f 713/3409/345 711/3410/345 714/3411/345 
f 712/3412/345 714/3413/345 711/3414/345 
f 715/3415/346 713/3416/346 22/3417/346 
f 714/3418/347 22/3419/347 713/3420/347 
f 12/3421/348 715/3422/348 11/3423/348 
f 22/3424/349 11/3425/349 715/3426/349 
usemtl kohtu12_roofgrove
f 716/3427/1 25/3428/1 717/3429/1 
f 27/3430/1 717/3431/1 25/3432/1 
f 12/3433/1 11/3434/1 718/3435/1 
f 719/3436/1 718/3437/1 11/3438/1 
usemtl kohtu12_orangewall
f 720/3439/350 721/3440/350 722/3441/350 
f 723/3442/351 722/3443/351 721/3444/351 
f 724/3445/352 725/3446/352 726/3447/352 
f 720/3448/136 726/3449/136 721/3450/136 
f 726/3451/139 725/3452/139 721/3453/139 
f 727/3454/353 721/3455/353 728/3456/353 
f 721/3457/354 725/3458/354 728/3459/354 
f 728/3460/355 725/3461/355 729/3462/355 
f 725/3463/356 730/3464/356 729/3465/356 
usemtl kohtu12_krstn_peal
f 52/3466/145 46/3467/145 49/3468/145 
f 49/3469/145 53/3470/145 52/3471/145 
f 731/3472/145 732/3473/145 733/3474/145 
f 733/3475/145 734/3476/145 731/3477/145 
f 60/3478/145 54/3479/145 57/3480/145 
f 57/3481/145 61/3482/145 60/3483/145 
f 42/3484/145 44/3485/145 45/3486/145 
f 45/3487/145 43/3488/145 42/3489/145 
f 735/3490/145 736/3491/145 737/3492/145 
f 737/3493/145 738/3494/145 735/3495/145 
usemtl kohtu12_pinkwall
f 437/3496/22 739/3497/22 740/3498/22 
f 740/3499/22 438/3500/22 437/3501/22 
usemtl kohtu12_valgekrohv
f 450/3502/264 449/3503/264 741/3504/264 
f 741/3505/357 742/3506/357 450/3507/357 
f 743/3508/265 744/3509/265 452/3510/265 
f 452/3511/358 451/3512/358 743/3513/358 
f 466/3514/274 465/3515/274 745/3516/274 
f 745/3517/22 746/3518/22 466/3519/22 
f 747/3520/26 748/3521/26 468/3522/26 
f 468/3523/26 467/3524/26 747/3525/26 
usemtl kohtu12_pinkwall
f 450/3526/25 742/3527/25 749/3528/25 
f 749/3529/25 459/3530/25 450/3531/25 
f 458/3532/63 750/3533/63 751/3534/63 
f 499/3535/24 498/3536/24 752/3537/24 
f 752/3538/24 753/3539/24 499/3540/24 
f 740/3541/63 754/3542/63 500/3543/63 
f 500/3544/359 438/3545/359 740/3546/359 
usemtl kohtu12_orangewall
f 553/3547/24 552/3548/24 639/3549/24 
f 555/3550/270 554/3551/270 755/3552/270 
usemtl kohtu12_pinkwall
f 444/3553/63 756/3554/63 757/3555/63 
f 757/3556/63 442/3557/63 444/3558/63 
f 442/3559/63 757/3560/63 747/3561/63 
f 747/3562/25 467/3563/25 442/3564/25 
f 466/3565/25 746/3566/25 743/3567/25 
f 743/3568/63 451/3569/63 466/3570/63 
usemtl kohtu12_orangewall
f 625/3571/22 624/3572/22 758/3573/22 
f 758/3574/30 759/3575/30 625/3576/30 
f 630/3577/22 625/3578/22 759/3579/22 
f 759/3580/22 760/3581/22 630/3582/22 
f 523/3583/22 761/3584/22 762/3585/22 
f 762/3586/22 521/3587/22 523/3588/22 
f 521/3589/22 762/3590/22 763/3591/22 
f 763/3592/22 539/3593/22 521/3594/22 
f 539/3595/22 763/3596/22 764/3597/22 
f 764/3598/22 537/3599/22 539/3600/22 
f 537/3601/22 764/3602/22 765/3603/22 
f 755/3604/22 554/3605/22 537/3606/22 
f 553/3607/22 766/3608/22 767/3609/22 
f 767/3610/22 571/3611/22 553/3612/22 
f 571/3613/22 767/3614/22 768/3615/22 
f 768/3616/22 569/3617/22 571/3618/22 
f 569/3619/22 768/3620/22 769/3621/22 
f 769/3622/22 587/3623/22 569/3624/22 
f 587/3625/22 769/3626/22 770/3627/22 
f 770/3628/22 585/3629/22 587/3630/22 
f 585/3631/22 770/3632/22 739/3633/22 
f 739/3634/22 437/3635/22 585/3636/22 
usemtl kohtu12_pinkwall
f 499/3637/275 753/3638/275 771/3639/275 
f 771/3640/22 603/3641/22 499/3642/22 
f 601/3643/22 772/3644/22 773/3645/22 
f 773/3646/22 652/3647/22 601/3648/22 
f 603/3649/22 771/3650/22 772/3651/22 
f 772/3652/22 601/3653/22 603/3654/22 
usemtl kohtu12_orangewall
f 624/3655/22 654/3656/22 774/3657/22 
f 774/3658/22 758/3659/22 624/3660/22 
f 332/3661/276 334/3662/276 774/3663/276 
f 774/3664/276 654/3665/276 332/3666/276 
usemtl kohtu12_pinkwall
f 652/3667/63 773/3668/63 756/3669/63 
f 756/3670/63 444/3671/63 652/3672/63 
usemtl kohtu12_orangewall
f 656/3673/22 775/3674/22 761/3675/22 
f 761/3676/22 523/3677/22 656/3678/22 
f 656/3679/31 630/3680/31 760/3681/31 
f 760/3682/24 775/3683/24 656/3684/24 
f 555/3685/270 755/3686/270 638/3687/270 
f 765/3688/274 755/3689/274 537/3690/274 
f 553/3691/24 639/3692/24 766/3693/24 
f 766/3694/274 776/3695/274 767/3696/274 
f 766/3697/145 639/3698/145 638/3699/145 
f 638/3700/145 755/3701/145 766/3702/145 
f 776/3703/274 766/3704/274 755/3705/274 
f 755/3706/274 765/3707/274 776/3708/274 
usemtl kohtu12_valgekrohv
f 460/3709/145 459/3710/145 457/3711/145 
f 458/3712/145 457/3713/145 459/3714/145 
usemtl kohtu12_pinkwall
f 459/3715/25 749/3716/25 750/3717/25 
f 750/3718/63 458/3719/63 459/3720/63 
usemtl kohtu12_uks02
f 469/3721/25 468/3722/25 465/3723/25 
f 465/3724/25 464/3725/25 469/3726/25 
f 468/3727/63 777/3728/63 778/3729/63 
f 778/3730/25 465/3731/25 468/3732/25 
usemtl kohtu12_aken03
f 189/3733/221 187/3734/221 185/3735/221 
f 185/3736/221 184/3737/221 189/3738/221 
usemtl kohtu12_win02
f 156/3739/139 779/3740/139 780/3741/139 
f 780/3742/139 159/3743/139 156/3744/139 
f 161/3745/139 781/3746/139 779/3747/139 
f 779/3748/139 156/3749/139 161/3750/139 
f 668/3751/23 670/3752/23 671/3753/23 
f 671/3754/23 669/3755/23 668/3756/23 
f 664/3757/141 666/3758/141 667/3759/141 
f 667/3760/141 665/3761/141 664/3762/141 
f 257/3763/170 256/3764/170 254/3765/170 
f 254/3766/170 253/3767/170 257/3768/170 
f 272/3769/180 270/3770/180 268/3771/180 
f 268/3772/180 267/3773/180 272/3774/180 
f 288/3775/135 286/3776/135 284/3777/135 
f 284/3778/135 283/3779/135 288/3780/135 
f 387/3781/135 386/3782/135 384/3783/135 
f 384/3784/135 383/3785/135 387/3786/135 
f 398/3787/271 397/3788/271 396/3789/271 
f 396/3790/271 395/3791/271 398/3792/271 
f 181/3793/214 179/3794/214 177/3795/214 
f 177/3796/214 176/3797/214 181/3798/214 
usemtl kohtu12_aken001
f 264/3799/163 262/3800/163 260/3801/163 
f 260/3802/163 259/3803/163 264/3804/163 
f 280/3805/163 278/3806/163 276/3807/163 
f 276/3808/163 275/3809/163 280/3810/163 
f 296/3811/163 294/3812/163 292/3813/163 
f 292/3814/163 291/3815/163 296/3816/163 
f 393/3817/163 392/3818/163 390/3819/163 
f 390/3820/163 389/3821/163 393/3822/163 
f 405/3823/272 403/3824/272 401/3825/272 
f 401/3826/272 400/3827/272 405/3828/272 
f 461/3829/25 460/3830/25 457/3831/25 
f 457/3832/25 456/3833/25 461/3834/25 
usemtl kohtu12_uks01
f 453/3835/25 452/3836/25 449/3837/25 
f 449/3838/63 448/3839/63 453/3840/63 
f 452/3841/25 782/3842/25 783/3843/25 
f 783/3844/63 449/3845/63 452/3846/63 
usemtl kohtu12_uks03
f 501/3847/22 500/3848/22 498/3849/22 
f 498/3850/22 497/3851/22 501/3852/22 
f 500/3853/22 754/3854/22 752/3855/22 
f 752/3856/22 498/3857/22 500/3858/22 
usemtl kohtu12_orangewall
f 784/3859/360 265/3860/360 242/3861/360 
f 242/3862/361 241/3863/361 784/3864/361 
f 785/3865/163 263/3866/163 265/3867/163 
f 265/3868/163 784/3869/163 785/3870/163 
f 786/3871/163 299/3872/163 263/3873/163 
f 263/3874/167 785/3875/167 786/3876/167 
f 786/3877/163 244/3878/163 198/3879/163 
f 198/3880/163 299/3881/163 786/3882/163 
f 787/3883/362 784/3884/362 241/3885/362 
f 241/3886/363 409/3887/363 787/3888/363 
f 788/3889/167 786/3890/167 785/3891/167 
f 785/3892/163 789/3893/163 788/3894/163 
f 250/3895/163 244/3896/163 786/3897/163 
f 786/3898/163 788/3899/163 250/3900/163 
f 373/3901/26 250/3902/26 788/3903/26 
f 788/3904/26 790/3905/26 373/3906/26 
f 791/3907/163 374/3908/163 373/3909/163 
f 373/3910/163 790/3911/163 791/3912/163 
f 792/3913/232 375/3914/232 374/3915/232 
f 374/3916/232 791/3917/232 792/3918/232 
f 793/3919/330 376/3920/330 375/3921/330 
f 375/3922/23 792/3923/23 793/3924/23 
f 794/3925/364 787/3926/364 409/3927/364 
f 409/3928/255 168/3929/255 794/3930/255 
f 795/3931/163 789/3932/163 787/3933/163 
f 787/3934/365 794/3935/365 795/3936/365 
f 790/3937/26 788/3938/26 789/3939/26 
f 789/3940/163 795/3941/163 790/3942/163 
f 423/3943/366 796/3944/366 794/3945/366 
f 167/3946/23 423/3947/23 794/3948/23 
f 794/3949/140 168/3950/140 167/3951/140 
f 796/3952/167 797/3953/167 795/3954/167 
f 795/3955/366 794/3956/366 796/3957/366 
f 797/3958/163 791/3959/163 790/3960/163 
f 790/3961/163 795/3962/163 797/3963/163 
f 426/3964/233 798/3965/233 796/3966/233 
f 796/3967/367 423/3968/367 426/3969/367 
f 798/3970/233 799/3971/233 797/3972/233 
f 797/3973/233 796/3974/233 798/3975/233 
f 799/3976/232 792/3977/232 791/3978/232 
f 791/3979/232 797/3980/232 799/3981/232 
f 659/3982/163 800/3983/163 798/3984/163 
f 798/3985/23 426/3986/23 659/3987/23 
f 801/3988/368 793/3989/368 792/3990/368 
f 792/3991/163 799/3992/163 801/3993/163 
f 793/3994/167 801/3995/167 376/3996/167 
f 494/3997/23 495/3998/23 801/3999/23 
f 801/4000/23 800/4001/23 494/4002/23 
f 493/4003/23 494/4004/23 800/4005/23 
f 800/4006/23 659/4007/23 493/4008/23 
usemtl kohtu12_valgekrohv
f 785/4009/359 784/4010/359 802/4011/359 
f 802/4012/359 803/4013/359 785/4014/359 
f 784/4015/1 787/4016/1 804/4017/1 
f 804/4018/1 802/4019/1 784/4020/1 
f 789/4021/369 785/4022/369 803/4023/369 
f 803/4024/369 805/4025/369 789/4026/369 
f 787/4027/148 789/4028/148 805/4029/148 
f 805/4030/148 804/4031/148 787/4032/148 
f 799/4033/147 798/4034/147 806/4035/147 
f 806/4036/147 807/4037/147 799/4038/147 
f 798/4039/1 800/4040/1 808/4041/1 
f 808/4042/1 806/4043/1 798/4044/1 
f 800/4045/148 801/4046/148 809/4047/148 
f 809/4048/148 808/4049/148 800/4050/148 
f 801/4051/145 799/4052/145 807/4053/145 
f 807/4054/145 809/4055/145 801/4056/145 
usemtl kohtu12_win02
f 808/4057/163 809/4058/163 807/4059/163 
f 807/4060/167 806/4061/167 808/4062/167 
f 805/4063/163 803/4064/163 802/4065/163 
f 802/4066/163 804/4067/163 805/4068/163 
usemtl kohtu12_orangewall
f 810/4069/370 811/4070/370 812/4071/370 
f 812/4072/370 813/4073/370 810/4074/370 
f 814/4075/1 815/4076/1 816/4077/1 
f 816/4078/1 817/4079/1 814/4080/1 
f 818/4081/371 819/4082/371 820/4083/371 
f 820/4084/371 821/4085/371 818/4086/371 
f 819/4087/372 818/4088/372 822/4089/372 
f 822/4090/373 823/4091/373 819/4092/373 
usemtl kohtu12_droonerwin
f 820/4093/374 824/4094/374 825/4095/374 
f 825/4096/374 821/4097/374 820/4098/374 
f 825/4099/375 824/4100/375 813/4101/375 
f 813/4102/375 812/4103/375 825/4104/375 
usemtl kohtu12_orangewall
f 826/4105/1 814/4106/1 817/4107/1 
f 817/4108/1 827/4109/1 826/4110/1 
f 822/4111/373 811/4112/373 810/4113/373 
f 810/4114/373 823/4115/373 822/4116/373 
usemtl kohtu12_droonerwin
f 821/4117/374 825/4118/374 817/4119/374 
f 817/4120/374 816/4121/374 821/4122/374 
usemtl kohtu12_orangewall
f 815/4123/371 818/4124/371 821/4125/371 
f 821/4126/371 816/4127/371 815/4128/371 
f 818/4129/372 815/4130/372 814/4131/372 
f 814/4132/372 822/4133/372 818/4134/372 
f 822/4135/376 814/4136/376 826/4137/376 
f 826/4138/376 811/4139/376 822/4140/376 
f 811/4141/377 826/4142/377 827/4143/377 
f 827/4144/377 812/4145/377 811/4146/377 
usemtl kohtu12_droonerwin
f 825/4147/375 812/4148/375 827/4149/375 
f 827/4150/375 817/4151/375 825/4152/375 
usemtl kohtu12_kat_kivi01
f 828/4153/378 829/4154/378 830/4155/378 
f 830/4156/378 831/4157/378 828/4158/378 
f 829/4159/379 832/4160/379 833/4161/379 
f 833/4162/379 830/4163/379 829/4164/379 
f 834/4165/380 835/4166/380 836/4167/380 
f 836/4168/381 837/4169/381 834/4170/381 
f 823/4171/382 829/4172/382 828/4173/382 
f 828/4174/383 819/4175/383 823/4176/383 
f 824/4177/384 820/4178/384 831/4179/384 
f 831/4180/385 830/4181/385 824/4182/385 
f 823/4183/386 810/4184/386 832/4185/386 
f 832/4186/382 829/4187/382 823/4188/382 
f 838/4189/387 839/4190/387 840/4191/387 
f 840/4192/388 841/4193/388 838/4194/388 
f 824/4195/389 830/4196/389 833/4197/389 
f 833/4198/390 813/4199/390 824/4200/390 
f 819/4201/391 834/4202/391 837/4203/391 
f 837/4204/392 820/4205/392 819/4206/392 
f 819/4207/393 828/4208/393 835/4209/393 
f 835/4210/394 834/4211/394 819/4212/394 
f 831/4213/395 836/4214/395 835/4215/395 
f 835/4216/396 828/4217/396 831/4218/396 
f 820/4219/397 837/4220/397 836/4221/397 
f 836/4222/398 831/4223/398 820/4224/398 
f 813/4225/399 838/4226/399 841/4227/399 
f 841/4228/400 810/4229/400 813/4230/400 
f 813/4231/401 833/4232/401 839/4233/401 
f 839/4234/402 838/4235/402 813/4236/402 
f 832/4237/403 840/4238/403 839/4239/403 
f 839/4240/404 833/4241/404 832/4242/404 
f 810/4243/405 841/4244/405 840/4245/405 
f 840/4246/406 832/4247/406 810/4248/406 
usemtl kohtu12_paekivi01
f 842/4249/22 843/4250/22 844/4251/22 
f 845/4252/1 846/4253/1 847/4254/1 
f 847/4255/1 842/4256/1 845/4257/1 
f 846/4258/23 848/4259/23 849/4260/23 
f 844/4261/24 848/4262/24 846/4263/24 
f 849/4264/25 843/4265/25 842/4266/25 
f 844/4267/22 845/4268/22 842/4269/22 
f 843/4270/407 850/4271/407 851/4272/407 
f 848/4273/408 852/4274/408 853/4275/408 
f 849/4276/23 847/4277/23 846/4278/23 
f 846/4279/24 845/4280/24 844/4281/24 
f 851/4282/24 735/4283/24 852/4284/24 
f 853/4285/25 737/4286/25 850/4287/25 
f 842/4288/25 847/4289/25 849/4290/25 
f 844/4291/409 843/4292/409 851/4293/409 
f 851/4294/274 850/4295/274 736/4296/274 
f 850/4297/22 737/4298/22 736/4299/22 
f 849/4300/410 848/4301/410 853/4302/410 
f 853/4303/23 852/4304/23 738/4305/23 
f 852/4306/23 735/4307/23 738/4308/23 
f 844/4309/411 851/4310/411 852/4311/411 
f 844/4312/411 852/4313/411 848/4314/411 
f 736/4315/31 735/4316/31 851/4317/31 
f 849/4318/412 853/4319/412 850/4320/412 
f 849/4321/412 850/4322/412 843/4323/412 
f 738/4324/25 737/4325/25 853/4326/25 
f 854/4327/22 855/4328/22 856/4329/22 
f 857/4330/118 858/4331/118 859/4332/118 
f 859/4333/118 854/4334/118 857/4335/118 
f 858/4336/23 860/4337/23 861/4338/23 
f 856/4339/24 860/4340/24 858/4341/24 
f 861/4342/25 855/4343/25 854/4344/25 
f 862/4345/22 863/4346/22 732/4347/22 
f 863/4348/274 733/4349/274 732/4350/274 
f 864/4351/330 865/4352/330 734/4353/330 
f 865/4354/23 731/4355/23 734/4356/23 
f 862/4357/24 731/4358/24 865/4359/24 
f 732/4360/24 731/4361/24 862/4362/24 
f 864/4363/63 733/4364/63 863/4365/63 
f 734/4366/63 733/4367/63 864/4368/63 
f 856/4369/413 855/4370/413 862/4371/413 
f 855/4372/413 863/4373/413 862/4374/413 
f 861/4375/414 860/4376/414 864/4377/414 
f 860/4378/414 865/4379/414 864/4380/414 
f 856/4381/415 865/4382/415 860/4383/415 
f 862/4384/415 865/4385/415 856/4386/415 
f 861/4387/416 863/4388/416 855/4389/416 
f 864/4390/417 863/4391/417 861/4392/417 
f 856/4393/22 857/4394/22 854/4395/22 
f 861/4396/23 859/4397/23 858/4398/23 
f 858/4399/24 857/4400/24 856/4401/24 
f 854/4402/25 859/4403/25 861/4404/25 
f 866/4405/1 867/4406/1 868/4407/1 
f 868/4408/1 869/4409/1 866/4410/1 
f 866/4411/418 870/4412/418 867/4413/418 
f 868/4414/419 871/4415/419 869/4416/419 
f 866/4417/420 869/4418/420 872/4419/420 
f 869/4420/420 871/4421/420 872/4422/420 
f 868/4423/421 867/4424/421 873/4425/421 
f 867/4426/421 870/4427/421 873/4428/421 
f 872/4429/422 870/4430/422 866/4431/422 
f 873/4432/423 871/4433/423 868/4434/423 
usemtl kohtu12_krstn_peal
f 870/4435/369 872/4436/369 871/4437/369 
f 871/4438/369 873/4439/369 870/4440/369 
usemtl kohtu12_sepis02
f 874/4441/24 875/4442/24 876/4443/24 
f 876/4444/24 875/4445/24 877/4446/24 
f 878/4447/25 879/4448/25 880/4449/25 
f 878/4450/25 880/4451/25 881/4452/25 
usemtl kohtu12_sepis01
f 882/4453/424 883/4454/424 884/4455/424 
f 883/4456/424 885/4457/424 884/4458/424 
f 886/4459/425 887/4460/425 888/4461/425 
f 889/4462/425 886/4463/425 888/4464/425 
usemtl kohtu12_sepis03
f 890/4465/425 891/4466/425 892/4467/425 
f 892/4468/425 891/4469/425 893/4470/425 
f 894/4471/424 895/4472/424 896/4473/424 
f 894/4474/424 896/4475/424 897/4476/424 
usemtl kohtu12_valgekrohv
f 155/4477/426 154/4478/426 412/4479/426 
f 412/4480/426 413/4481/426 155/4482/426 
f 154/4483/427 157/4484/427 411/4485/427 
f 411/4486/427 412/4487/427 154/4488/427 
f 157/4489/428 158/4490/428 410/4491/428 
f 410/4492/429 411/4493/429 157/4494/429 
f 158/4495/430 159/4496/430 166/4497/430 
f 158/4498/431 166/4499/431 170/4500/431 
f 410/4501/432 158/4502/432 170/4503/432 
f 166/4504/433 159/4505/433 780/4506/433 
f 166/4507/433 780/4508/433 167/4509/433 
f 167/4510/434 780/4511/434 779/4512/434 
f 167/4513/434 779/4514/434 781/4515/434 
f 167/4516/434 781/4517/434 423/4518/434 
f 781/4519/435 161/4520/435 422/4521/435 
f 781/4522/436 422/4523/436 423/4524/436 
f 416/4525/437 422/4526/437 161/4527/437 
f 416/4528/437 161/4529/437 160/4530/437 
f 416/4531/437 160/4532/437 417/4533/437 
f 160/4534/438 162/4535/438 418/4536/438 
f 418/4537/438 417/4538/438 160/4539/438 
f 162/4540/439 163/4541/439 419/4542/439 
f 419/4543/439 418/4544/439 162/4545/439 
f 163/4546/440 164/4547/440 420/4548/440 
f 420/4549/440 419/4550/440 163/4551/440 
f 164/4552/441 165/4553/441 421/4554/441 
f 421/4555/441 420/4556/441 164/4557/441 
f 165/4558/442 155/4559/442 413/4560/442 
f 413/4561/442 421/4562/442 165/4563/442 
f 898/4564/443 716/4565/443 723/4566/443 
f 717/4567/443 723/4568/443 716/4569/443 
f 721/4570/444 899/4571/444 723/4572/444 
f 898/4573/445 723/4574/445 899/4575/445 
f 727/4576/446 900/4577/446 721/4578/446 
f 899/4579/446 721/4580/446 900/4581/446 
f 728/4582/447 901/4583/447 727/4584/447 
f 900/4585/447 727/4586/447 901/4587/447 
f 729/4588/448 902/4589/448 728/4590/448 
f 901/4591/449 728/4592/449 902/4593/449 
f 730/4594/450 903/4595/450 729/4596/450 
f 902/4597/450 729/4598/450 903/4599/450 
f 725/4600/451 904/4601/451 730/4602/451 
f 903/4603/451 730/4604/451 904/4605/451 
f 724/4606/452 905/4607/452 725/4608/452 
f 904/4609/452 725/4610/452 905/4611/452 
f 726/4612/453 906/4613/453 724/4614/453 
f 905/4615/453 724/4616/453 906/4617/453 
f 720/4618/454 907/4619/454 726/4620/454 
f 906/4621/455 726/4622/455 907/4623/455 
f 722/4624/456 908/4625/456 720/4626/456 
f 907/4627/457 720/4628/457 908/4629/457 
f 718/4630/458 719/4631/458 722/4632/458 
f 908/4633/458 722/4634/458 719/4635/458 
usemtl kohtu12_roofgrove
f 898/4636/459 26/4637/459 716/4638/459 
f 25/4639/460 716/4640/460 26/4641/460 
usemtl kohtu12_valgekrohv
f 899/4642/135 698/4643/135 898/4644/135 
f 26/4645/461 898/4646/461 698/4647/461 
f 900/4648/139 700/4649/139 899/4650/139 
f 698/4651/135 899/4652/135 700/4653/135 
f 901/4654/137 702/4655/137 900/4656/137 
f 700/4657/137 900/4658/137 702/4659/137 
f 902/4660/137 704/4661/137 901/4662/137 
f 702/4663/137 901/4664/137 704/4665/137 
f 903/4666/462 706/4667/462 902/4668/462 
f 704/4669/137 902/4670/137 706/4671/137 
f 904/4672/136 708/4673/136 903/4674/136 
f 706/4675/137 903/4676/137 708/4677/137 
f 710/4678/139 708/4679/139 905/4680/139 
f 904/4681/463 905/4682/463 708/4683/463 
f 712/4684/139 710/4685/139 906/4686/139 
f 905/4687/139 906/4688/139 710/4689/139 
f 714/4690/464 712/4691/464 907/4692/464 
f 906/4693/465 907/4694/465 712/4695/465 
f 22/4696/466 714/4697/466 908/4698/466 
f 907/4699/467 908/4700/467 714/4701/467 
usemtl kohtu12_roofgrove
f 11/4702/468 22/4703/468 719/4704/468 
f 908/4705/469 719/4706/469 22/4707/469 
usemtl kohtu12_kat_kivi01
f 29/4708/470 18/4709/470 144/4710/470 
f 139/4711/471 18/4712/471 21/4713/471 
usemtl kohtu12_orangewall
f 377/4714/330 801/4715/330 495/4716/330 
f 376/4717/330 801/4718/330 377/4719/330 
usemtl kohtu12_pinkwall
f 748/4720/63 745/4721/63 778/4722/63 
f 778/4723/25 777/4724/25 748/4725/25 
f 744/4726/25 741/4727/25 783/4728/25 
f 783/4729/25 782/4730/25 744/4731/25 
f 377/4732/63 495/4733/63 458/4734/63 
f 368/4735/25 377/4736/25 458/4737/25 
f 369/4738/25 368/4739/25 458/4740/25 
f 751/4741/25 369/4742/25 458/4743/25 
usemtl kohtu12_orangewall
f 774/4744/472 334/4745/472 336/4746/472 
f 774/4747/276 336/4748/276 338/4749/276 
f 774/4750/276 338/4751/276 909/4752/276 
f 909/4753/473 338/4754/473 910/4755/473 
usemtl kohtu12_kat_kivi01
f 21/4756/123 29/4757/123 143/4758/123 
f 21/4759/470 18/4760/470 29/4761/470 
# 0 polygons - 1587 triangles

