# 3ds Max Wavefront OBJ Exporter v0.97b - (c)2007 guruware
# File Created: 02.12.2011 00:47:22

mtllib Ingeri_bastion_kohvik-origo.mtl

#
# object Ingeri_bastion_kohvik
#

v  542073.972565 6588701.812531 41.091133
v  542071.710709 6588703.174561 36.429092
v  542073.972565 6588701.812531 36.429092
v  542071.710709 6588703.174561 41.091133
v  542076.562714 6588701.676086 41.091133
v  542076.562714 6588701.676086 36.429092
v  542078.934296 6588702.930389 41.091133
v  542078.934296 6588702.930389 36.429092
v  542080.306274 6588705.191223 36.429092
v  542080.306274 6588705.191223 41.091133
v  542080.393127 6588707.736847 36.429092
v  542080.392487 6588707.718292 41.091133
v  542080.393646 6588707.752014 37.235237
v  542070.482849 6588705.493225 41.091133
v  542070.482849 6588705.493225 36.429092
v  542073.819138 6588701.590088 37.291084
v  542073.818466 6588701.572296 37.291084
v  542073.820572 6588701.556152 37.291084
v  542073.821655 6588701.602753 37.291084
v  542073.824478 6588701.542908 37.291084
v  542073.825821 6588701.61496 37.291084
v  542073.8302 6588701.530304 37.291084
v  542073.831543 6588701.626526 37.291084
v  542073.837631 6588701.518677 37.291084
v  542073.83873 6588701.637238 37.291084
v  542073.846634 6588701.508179 37.291084
v  542073.84726 6588701.646912 37.291084
v  542073.85701 6588701.499054 37.291084
v  542073.856995 6588701.655396 37.291084
v  542073.867737 6588701.662506 37.291084
v  542073.868576 6588701.491455 37.291084
v  542073.880188 6588701.668518 37.291084
v  542073.881073 6588701.485565 37.291084
v  542073.893372 6588701.672729 37.291084
v  542073.944016 6588701.482849 37.291084
v  542073.906998 6588701.675049 37.291084
v  542073.920807 6588701.675415 37.291084
v  542073.93454 6588701.673859 37.291084
v  542073.947922 6588701.67038 37.291084
v  542073.956985 6588701.48764 37.291084
v  542073.960678 6588701.665039 37.291084
v  542073.969147 6588701.494202 37.291084
v  542073.972565 6588701.65799 37.291084
v  542073.980286 6588701.50238 37.291084
v  542073.983353 6588701.649323 37.291084
v  542073.990158 6588701.512085 37.291084
v  542073.992798 6588701.639252 37.291084
v  542073.998566 6588701.523041 37.291084
v  542074.000748 6588701.62793 37.291084
v  542074.005356 6588701.535095 37.291084
v  542074.007034 6588701.615631 37.291084
v  542074.010391 6588701.547943 37.291084
v  542074.011536 6588701.60257 37.291084
v  542074.013565 6588701.561401 37.291084
v  542074.014145 6588701.588989 37.291084
v  542074.014832 6588701.575165 37.291084
v  542073.858795 6588701.497711 41.031315
v  542073.847076 6588701.507721 41.031315
v  542073.837051 6588701.51947 41.031315
v  542073.828995 6588701.532593 41.031315
v  542073.82309 6588701.546844 41.031315
v  542073.819489 6588701.561859 41.031315
v  542073.818283 6588701.577209 41.031315
v  542073.819489 6588701.59259 41.031315
v  542073.82309 6588701.607605 41.031315
v  542073.828995 6588701.621857 41.031315
v  542073.837051 6588701.634979 41.031315
v  542073.847076 6588701.646729 41.031315
v  542073.858795 6588701.656738 41.031315
v  542073.871948 6588701.664795 41.031315
v  542073.8862 6588701.670685 41.031315
v  542073.901199 6588701.674286 41.031315
v  542073.916565 6588701.675507 41.031315
v  542073.931946 6588701.674286 41.031315
v  542073.946945 6588701.670685 41.031315
v  542073.961182 6588701.664795 41.031315
v  542073.974335 6588701.656738 41.031315
v  542073.986069 6588701.646729 41.031315
v  542073.996078 6588701.634979 41.031315
v  542074.004135 6588701.621857 41.031315
v  542074.01004 6588701.607605 41.031315
v  542074.013641 6588701.59259 41.031315
v  542074.014847 6588701.577209 41.031315
v  542074.013641 6588701.561859 41.031315
v  542074.01004 6588701.546844 41.031315
v  542074.004135 6588701.532593 41.031315
v  542073.996078 6588701.51947 41.031315
v  542073.986069 6588701.507721 41.031315
v  542073.974335 6588701.497711 41.031315
v  542073.961182 6588701.489655 41.031315
v  542073.944016 6588701.482849 37.156631
v  542073.881073 6588701.485565 37.156631
v  542073.8862 6588701.483765 41.031315
v  542073.871948 6588701.489655 41.031315
v  542073.874039 6588701.4888 41.091133
v  542073.858795 6588701.497711 41.091129
v  542073.847076 6588701.507721 41.091129
v  542073.837051 6588701.51947 41.091129
v  542073.828995 6588701.532593 41.091129
v  542073.82309 6588701.546844 41.091129
v  542073.819489 6588701.561859 41.091129
v  542073.818283 6588701.577209 41.091129
v  542073.819489 6588701.59259 41.091129
v  542073.82309 6588701.607605 41.091129
v  542073.828995 6588701.621857 41.091129
v  542073.837051 6588701.634979 41.091129
v  542073.847076 6588701.646729 41.091129
v  542073.858795 6588701.656738 41.091129
v  542073.871948 6588701.664795 41.091129
v  542073.8862 6588701.670685 41.091129
v  542073.901199 6588701.674286 41.091129
v  542073.916565 6588701.675507 41.091129
v  542073.931381 6588701.674347 41.091133
v  542073.946945 6588701.670685 41.091133
v  542073.961182 6588701.664795 41.091133
v  542073.974335 6588701.656738 41.091133
v  542073.986069 6588701.646729 41.091133
v  542073.996078 6588701.634979 41.091133
v  542074.004135 6588701.621857 41.091133
v  542074.01004 6588701.607605 41.091133
v  542074.013641 6588701.59259 41.091133
v  542074.014847 6588701.577209 41.091133
v  542074.013641 6588701.561859 41.091133
v  542074.01004 6588701.546844 41.091133
v  542074.004135 6588701.532593 41.091133
v  542073.996078 6588701.51947 41.091133
v  542073.986069 6588701.507721 41.091133
v  542073.974335 6588701.497711 41.091133
v  542073.961182 6588701.489655 41.091133
v  542073.946945 6588701.483765 41.091133
v  542073.893311 6588701.48172 37.156631
v  542073.931946 6588701.480164 41.031315
v  542073.90593 6588701.479523 37.156631
v  542073.918732 6588701.478973 37.156631
v  542073.931503 6588701.480072 37.156631
v  542073.8862 6588701.483765 41.091133
v  542073.901199 6588701.480164 41.091133
v  542073.916565 6588701.478943 41.091133
v  542073.931946 6588701.480164 41.091133
v  542073.901199 6588701.480164 41.031315
v  542073.916565 6588701.478943 41.031315
v  542078.99028 6588702.777954 41.091133
v  542078.989059 6588702.762604 41.091133
v  542078.99028 6588702.747223 41.091133
v  542078.993881 6588702.732208 41.091133
v  542078.993881 6588702.792969 41.091133
v  542078.999771 6588702.717987 41.091133
v  542078.999771 6588702.80722 41.091133
v  542079.007828 6588702.704834 41.091133
v  542079.007828 6588702.820374 41.091133
v  542079.017853 6588702.693085 41.091133
v  542079.024597 6588702.83786 41.091133
v  542079.029572 6588702.683075 41.091133
v  542079.156845 6588702.693085 41.091133
v  542079.042725 6588702.675018 41.091133
v  542079.056976 6588702.669128 41.091133
v  542079.071976 6588702.665527 41.091133
v  542079.087341 6588702.664307 41.091133
v  542079.102722 6588702.665527 41.091133
v  542079.117722 6588702.669128 41.091133
v  542079.131958 6588702.675018 41.091133
v  542079.145111 6588702.683075 41.091133
v  542079.029572 6588702.842102 37.291084
v  542079.017853 6588702.832092 37.291084
v  542079.007828 6588702.820374 37.291084
v  542078.999771 6588702.80722 37.291084
v  542078.993881 6588702.792969 37.291084
v  542078.99028 6588702.777954 37.291084
v  542078.989059 6588702.762604 37.291084
v  542078.99028 6588702.747223 37.291084
v  542078.993881 6588702.732208 37.291084
v  542078.999771 6588702.717987 37.291084
v  542079.007828 6588702.704834 37.291084
v  542079.017853 6588702.693085 37.291084
v  542079.029572 6588702.683075 37.291084
v  542079.042725 6588702.675018 37.291084
v  542079.056976 6588702.669128 37.291084
v  542079.071976 6588702.665527 37.291084
v  542079.087341 6588702.664307 37.291084
v  542079.102722 6588702.665527 37.291084
v  542079.117722 6588702.669128 37.291084
v  542079.131958 6588702.675018 37.291084
v  542079.145111 6588702.683075 37.291084
v  542079.156845 6588702.693085 37.291084
v  542079.042725 6588702.850159 37.291084
v  542079.042725 6588702.850159 41.091129
v  542079.056976 6588702.856049 37.291084
v  542079.071976 6588702.85965 37.291084
v  542079.087341 6588702.86087 37.291084
v  542079.102722 6588702.85965 37.291084
v  542079.117722 6588702.856049 37.291084
v  542079.131958 6588702.850159 37.291084
v  542079.145111 6588702.842102 37.291084
v  542079.156845 6588702.832092 37.291084
v  542079.166855 6588702.820374 37.291084
v  542079.166855 6588702.704834 37.291084
v  542079.174911 6588702.80722 37.291084
v  542079.174911 6588702.717987 37.291084
v  542079.180817 6588702.792969 37.291084
v  542079.180817 6588702.732208 37.291084
v  542079.184418 6588702.777954 37.291084
v  542079.184418 6588702.747223 37.291084
v  542079.185623 6588702.762604 37.291084
v  542079.166855 6588702.704834 41.091129
v  542079.056976 6588702.856049 41.091129
v  542079.071976 6588702.85965 41.091129
v  542079.087341 6588702.86087 41.091129
v  542079.102722 6588702.85965 41.091129
v  542079.117722 6588702.856049 41.091129
v  542079.131958 6588702.850159 41.091129
v  542079.145111 6588702.842102 41.091129
v  542079.156845 6588702.832092 41.091129
v  542079.166855 6588702.820374 41.091129
v  542079.174911 6588702.80722 41.091129
v  542079.180817 6588702.792969 41.091129
v  542079.184418 6588702.777954 41.091129
v  542079.185623 6588702.762604 41.091129
v  542079.184418 6588702.747223 41.091129
v  542079.180817 6588702.732208 41.091129
v  542079.174911 6588702.717987 41.091129
v  542069.095856 6588705.285767 37.235237
v  542069.136887 6588705.137909 36.212570
v  542069.136887 6588705.137909 37.235237
v  542069.095856 6588705.285767 36.212570
v  542069.078613 6588705.438232 37.235237
v  542069.078613 6588705.438232 36.212570
v  542069.844238 6588705.300537 37.235237
v  542069.844238 6588705.300537 36.212570
v  542069.085541 6588705.591492 37.235237
v  542069.085541 6588705.591492 36.212570
v  542081.102142 6588707.900574 36.212570
v  542081.102142 6588707.900574 37.235237
v  542080.393127 6588707.736847 37.235237
v  542070.504181 6588705.452942 36.429092
v  542070.504181 6588705.452942 37.235237
v  542069.116501 6588705.741791 37.235237
v  542069.116501 6588705.741791 36.212570
v  542081.757538 6588708.038727 37.235237
v  542081.757538 6588708.038727 36.212570
v  542069.1707 6588705.885345 37.235237
v  542069.1707 6588705.885345 36.212570
v  542081.732895 6588708.196442 36.212570
v  542081.732895 6588708.196442 37.235237
v  542069.246811 6588706.018585 37.235237
v  542069.246811 6588706.018585 36.212570
v  542081.682892 6588708.348022 36.212570
v  542081.682892 6588708.348022 37.235237
v  542069.342926 6588706.138184 37.235237
v  542069.342926 6588706.138184 36.212570
v  542081.608856 6588708.489441 36.212570
v  542081.608856 6588708.489441 37.235237
v  542069.456665 6588706.24118 36.212570
v  542069.456665 6588706.24118 37.235237
v  542081.512772 6588708.616913 36.212570
v  542081.512772 6588708.616913 37.235237
v  542069.585175 6588706.325012 36.212570
v  542069.585175 6588706.325012 37.235237
v  542081.397186 6588708.72702 37.235237
v  542081.397186 6588708.72702 36.212570
v  542069.725281 6588706.387604 36.212570
v  542069.725281 6588706.387604 37.235237
v  542081.265228 6588708.816803 37.235237
v  542081.265228 6588708.816803 36.212570
v  542069.28566 6588708.217957 37.235237
v  542069.28566 6588708.217957 36.212570
v  542081.120377 6588708.883911 37.235237
v  542081.120377 6588708.883911 36.212570
v  542069.402466 6588711.089203 37.235237
v  542069.402466 6588711.089203 36.212570
v  542080.966553 6588708.926483 37.235237
v  542080.966553 6588708.926483 36.212570
v  542070.949966 6588713.573822 37.235237
v  542070.949966 6588713.573822 36.212570
v  542080.807831 6588708.943451 37.235237
v  542080.807831 6588708.943451 36.212570
v  542073.478729 6588714.952911 36.212570
v  542073.478729 6588714.952911 37.235237
v  542080.648468 6588708.934326 37.235237
v  542080.648468 6588708.934326 36.212570
v  542076.364243 6588714.815369 37.235237
v  542076.364243 6588714.815369 36.212570
v  542080.251999 6588710.726776 36.212570
v  542080.251999 6588710.726776 37.235237
v  542078.882874 6588713.29303 36.212570
v  542078.882874 6588713.29303 37.235237
v  542069.118561 6588705.411865 41.208618
v  542070.013382 6588705.607513 37.472610
v  542069.118561 6588705.411865 37.472610
v  542070.013382 6588705.607513 41.208618
v  542069.368408 6588708.221344 41.208618
v  542069.368408 6588708.221344 37.472610
v  542080.761459 6588708.085937 41.208618
v  542081.669312 6588708.284332 37.472610
v  542080.761459 6588708.085937 37.472610
v  542081.669312 6588708.284332 41.208618
v  542069.166336 6588705.193359 37.472610
v  542069.166336 6588705.193359 41.208618
v  542081.718094 6588708.073456 41.091133
v  542081.718094 6588708.073456 37.472610
v  542081.718094 6588708.073456 41.208618
v  542070.482849 6588705.493225 41.208618
v  542070.088608 6588705.403442 37.235237
v  542070.482849 6588705.493225 37.235237
v  542070.088608 6588705.403442 37.472610
v  542078.807632 6588713.252014 37.472610
v  542080.165634 6588710.745941 41.208618
v  542080.165634 6588710.745941 37.472610
v  542078.807632 6588713.252014 41.208618
v  542069.476486 6588711.080383 41.208618
v  542069.476486 6588711.080383 37.472610
v  542076.352234 6588714.740814 37.472610
v  542076.352234 6588714.740814 41.208618
v  542073.486252 6588714.884766 41.208618
v  542073.486252 6588714.884766 37.472610
v  542070.961929 6588713.507324 41.208618
v  542070.961929 6588713.507324 37.472610
v  542076.356033 6588714.783936 37.472610
v  542076.359818 6588714.781677 37.305344
v  542076.370514 6588714.775208 37.306709
v  542078.851608 6588713.278687 37.472610
v  542078.851608 6588713.278687 37.301846
v  542080.227066 6588710.716248 37.304905
v  542080.227753 6588710.714966 37.472610
v  542078.85791 6588713.266968 37.303398
v  542073.478546 6588714.925171 37.304554
v  542076.356033 6588714.783936 37.235237
v  542073.478546 6588714.925171 37.235237
v  542073.478546 6588714.925171 37.472610
v  542069.155258 6588705.164673 37.472610
v  542069.100189 6588705.450287 37.472610
v  542070.094635 6588705.383148 37.472610
v  542069.945847 6588705.649902 37.472610
v  542069.315903 6588708.224579 37.472610
v  542080.60582 6588707.816162 37.472610
v  542080.60936 6588707.799286 37.472610
v  542081.736923 6588708.055573 37.472610
v  542069.434311 6588711.084534 37.472610
v  542070.960007 6588713.542603 37.472610
v  542080.794495 6588708.130371 37.472610
v  542081.66893 6588708.333588 37.472610
v  542080.622025 6588708.916931 37.320679
v  542080.794495 6588708.130371 37.322010
v  542080.619751 6588708.927307 37.313919
v  542080.617523 6588708.937439 37.307945
v  542080.539124 6588709.294983 37.306149
v  542080.383438 6588710.004974 37.305462
v  542080.305588 6588710.359985 37.305134
v  542070.959641 6588713.542023 37.303802
v  542080.60936 6588707.799286 37.235237
v  542081.736923 6588708.055573 37.235237
v  542081.736923 6588708.055573 37.322010
v  542081.66893 6588708.333588 37.322010
v  542069.436554 6588711.088135 37.304852
v  542069.315903 6588708.224579 37.302731
v  542069.945847 6588705.649902 37.322010
v  542069.76741 6588706.379242 37.319717
v  542069.764633 6588706.390564 37.311672
v  542069.761215 6588706.40448 37.303101
v  542069.319733 6588708.208923 37.303761
v  542069.100189 6588705.450287 37.322010
v  542069.155258 6588705.164673 37.322010
v  542069.951706 6588705.349915 37.235237
v  542070.094635 6588705.383148 37.235237
v  542069.155258 6588705.164673 37.235237
v  542069.166336 6588705.193359 37.322010
v  542069.118561 6588705.411865 37.322010
v  542069.113983 6588705.115234 37.322010
v  542069.963333 6588705.304108 37.322010
v  542069.94635 6588705.371033 37.322010
v  542069.073685 6588705.266388 37.322010
v  542069.062866 6588705.578156 37.322010
v  542069.056519 6588705.421844 37.322010
v  542069.09259 6588705.73172 37.322010
v  542069.145004 6588705.879089 37.322010
v  542070.013382 6588705.607513 37.322010
v  542069.218948 6588706.016937 37.322010
v  542069.312744 6588706.142151 37.322010
v  542069.42424 6588706.251831 37.322010
v  542069.550949 6588706.343567 37.322010
v  542069.689972 6588706.415253 37.322010
v  542069.368408 6588708.221344 37.322010
v  542069.354874 6588711.116119 37.322010
v  542069.241364 6588708.200775 37.322010
v  542081.718094 6588708.073456 37.322010
v  542080.729172 6588707.844696 37.322010
v  542080.740128 6588707.783997 37.322010
v  542081.791794 6588708.01944 37.322010
v  542081.719772 6588708.348633 37.322010
v  542081.770813 6588708.187317 37.322010
v  542070.903473 6588713.600342 37.322010
v  542069.476486 6588711.080383 37.322010
v  542070.961929 6588713.507324 37.322010
v  542073.485046 6588715.021667 37.322010
v  542073.486252 6588714.884766 37.322010
v  542076.399628 6588714.864594 37.322010
v  542076.352234 6588714.740814 37.322010
v  542078.807632 6588713.252014 37.322010
v  542078.91539 6588713.321381 37.322010
v  542080.165634 6588710.745941 37.322010
v  542080.305283 6588710.746643 37.322010
v  542080.761459 6588708.085937 37.322010
v  542080.6922 6588708.986023 37.322010
v  542080.845047 6588708.972626 37.322010
v  542081.669312 6588708.284332 37.322010
v  542080.995178 6588708.940948 37.322010
v  542081.140396 6588708.891388 37.322010
v  542081.278595 6588708.824677 37.322010
v  542081.40773 6588708.741821 37.322010
v  542081.535172 6588708.630554 37.322010
v  542081.64035 6588708.498016 37.322010
v  542076.399628 6588714.864594 37.234356
v  542073.485046 6588715.021667 37.234356
v  542070.903473 6588713.600342 37.234356
v  542069.354874 6588711.116119 37.234356
v  542069.241364 6588708.200775 37.234356
v  542069.689972 6588706.415253 37.234356
v  542069.550949 6588706.343567 37.234356
v  542069.42424 6588706.251831 37.234356
v  542069.312744 6588706.142151 37.234356
v  542069.218948 6588706.016937 37.234356
v  542069.145004 6588705.879089 37.234356
v  542069.09259 6588705.73172 37.234356
v  542069.062866 6588705.578156 37.234356
v  542069.056519 6588705.421844 37.234356
v  542069.073685 6588705.266388 37.234356
v  542069.113983 6588705.115234 37.234356
v  542069.963333 6588705.304108 37.234356
v  542080.740128 6588707.783997 37.234356
v  542081.791794 6588708.01944 37.234356
v  542081.770813 6588708.187317 37.234356
v  542081.719772 6588708.348633 37.234356
v  542081.64035 6588708.498016 37.234356
v  542081.535172 6588708.630554 37.234356
v  542081.40773 6588708.741821 37.234356
v  542081.278595 6588708.824677 37.234356
v  542081.140396 6588708.891388 37.234356
v  542080.995178 6588708.940948 37.234356
v  542080.845047 6588708.972626 37.234356
v  542080.6922 6588708.986023 37.234356
v  542080.305283 6588710.746643 37.234356
v  542078.91539 6588713.321381 37.234356
v  542077.004669 6588699.881775 41.091133
v  542073.428482 6588700.006012 41.091133
v  542080.228973 6588701.549957 41.091133
v  542080.394165 6588707.767212 37.291084
v  542081.704834 6588708.070374 36.639359
v  542080.394165 6588707.767212 36.639359
v  542081.444916 6588708.010254 36.841038
v  542081.704834 6588708.070374 36.841038
v  542081.095901 6588707.929535 37.001637
v  542080.73616 6588707.846313 37.156631
v  542081.095901 6588707.929535 37.156631
v  542080.73616 6588707.846313 37.291084
v  542081.444916 6588708.010254 37.001637
v  542081.808838 6588708.067108 36.639359
v  542081.808838 6588708.067108 36.841038
v  542070.565933 6588702.111084 36.639359
v  542069.086472 6588705.204712 36.639359
v  542069.166336 6588705.193359 36.639359
v  542069.156525 6588705.23819 36.639359
v  542070.482849 6588705.493225 36.639359
v  542071.64328 6588703.30191 36.639359
v  542071.703918 6588703.175079 36.639359
v  542073.541153 6588700.434082 36.639359
v  542071.796143 6588703.123108 36.639359
v  542073.972565 6588701.812531 36.639359
v  542076.898209 6588700.288971 36.639359
v  542076.562714 6588701.676086 36.639359
v  542078.934296 6588702.930389 36.639359
v  542079.932129 6588701.867615 36.639359
v  542080.306274 6588705.191223 36.639359
v  542081.705124 6588704.769623 36.639359
v  542080.306274 6588705.191223 37.291084
v  542071.381851 6588702.873962 37.291084
v  542070.482849 6588705.493225 37.291084
v  542070.163956 6588705.420593 37.291084
v  542071.64328 6588703.30191 37.291084
v  542071.703918 6588703.175079 37.291084
v  542073.841995 6588701.487274 37.291084
v  542071.796143 6588703.123108 37.291084
v  542073.972565 6588701.812531 37.291084
v  542076.659409 6588701.365509 37.291084
v  542076.562714 6588701.676086 37.291084
v  542078.934296 6588702.930389 37.291084
v  542079.177612 6588702.675781 37.291084
v  542080.649307 6588705.084625 37.291084
v  542080.649307 6588705.084625 37.156631
v  542071.108444 6588702.618347 37.156631
v  542070.163956 6588705.420593 37.156631
v  542069.807175 6588705.339325 37.156631
v  542071.381851 6588702.873962 37.156631
v  542073.74118 6588701.134338 37.156631
v  542073.841995 6588701.487274 37.156631
v  542076.739426 6588701.004761 37.156631
v  542076.659409 6588701.365509 37.156631
v  542079.177612 6588702.675781 37.156631
v  542079.43045 6588702.404999 37.156631
v  542081.003098 6588704.979065 37.156631
v  542081.003098 6588704.979065 37.001637
v  542070.84317 6588702.370331 37.001637
v  542069.807175 6588705.339325 37.001637
v  542069.460999 6588705.260498 37.001637
v  542071.108444 6588702.618347 37.001637
v  542073.643387 6588700.791931 37.001637
v  542073.74118 6588701.134338 37.001637
v  542076.817062 6588700.654785 37.001637
v  542076.739426 6588701.004761 37.001637
v  542079.43045 6588702.404999 37.001637
v  542079.675751 6588702.142242 37.001637
v  542081.346359 6588704.876648 37.001637
v  542081.346359 6588704.876648 36.841038
v  542069.166336 6588705.193359 36.841038
v  542069.156525 6588705.23819 36.841038
v  542069.086472 6588705.204712 36.841038
v  542070.565933 6588702.111084 36.841038
v  542069.460999 6588705.260498 36.841038
v  542070.84317 6588702.370331 36.841038
v  542073.541153 6588700.434082 36.841038
v  542073.643387 6588700.791931 36.841038
v  542076.898209 6588700.288971 36.841038
v  542076.817062 6588700.654785 36.841038
v  542079.675751 6588702.142242 36.841038
v  542079.932129 6588701.867615 36.841038
v  542081.705124 6588704.769623 36.841038
v  542069.774933 6588705.78418 41.088055
v  542069.097549 6588705.618774 41.088142
v  542069.146912 6588705.418091 41.088978
v  542070.013382 6588705.607513 41.091133
v  542069.368408 6588708.221344 41.091133
v  542069.269012 6588711.135651 41.087990
v  542069.184677 6588708.20047 41.088978
v  542070.857849 6588713.647217 41.088890
v  542069.476486 6588711.080383 41.091133
v  542070.961929 6588713.507324 41.091133
v  542073.439026 6588715.087128 41.088440
v  542073.486252 6588714.884766 41.091133
v  542076.401642 6588714.919922 41.088440
v  542076.352234 6588714.740814 41.091133
v  542078.807632 6588713.252014 41.091133
v  542078.929276 6588713.345093 41.088440
v  542080.165634 6588710.745941 41.091133
v  542080.348175 6588710.750641 41.088440
v  542080.761459 6588708.085937 41.091133
v  542080.915726 6588708.336914 41.087990
v  542081.621826 6588708.273956 41.088737
v  542081.578537 6588708.467712 41.088440
v  542069.325516 6588705.457123 40.930481
v  542069.339233 6588705.460114 40.927692
v  542070.013382 6588705.607513 40.927692
v  542069.312683 6588705.454315 40.936150
v  542069.3013 6588705.451843 40.944447
v  542069.29187 6588705.449768 40.955006
v  542069.284805 6588705.448212 40.966560
v  542069.236115 6588705.437592 40.967754
v  542069.236099 6588705.437592 41.004356
v  542069.222382 6588705.43457 41.007046
v  542069.209595 6588705.431793 41.012817
v  542069.198395 6588705.429321 41.021378
v  542069.189362 6588705.427368 41.032284
v  542069.182953 6588705.425964 41.044991
v  542069.182953 6588705.425964 41.085747
v  542070.004929 6588705.641815 40.928223
v  542069.875946 6588706.16452 40.928993
v  542069.748245 6588706.682068 40.929276
v  542069.621094 6588707.197327 40.929585
v  542069.368576 6588708.220673 40.930332
v  542069.379608 6588708.5177 40.929626
v  542069.390976 6588708.818207 40.928970
v  542069.402466 6588709.122162 40.928432
v  542069.414047 6588709.428741 40.928001
v  542069.42572 6588709.737213 40.927692
v  542069.476486 6588711.080383 40.927692
v  542069.761612 6588711.546234 40.927692
v  542070.018692 6588711.966248 40.928757
v  542070.270203 6588712.377167 40.930603
v  542070.513123 6588712.774078 40.933220
v  542070.744614 6588713.152283 40.936565
v  542070.964935 6588713.508972 40.939461
v  542072.749817 6588714.48291 40.928318
v  542073.211319 6588714.734772 40.927692
v  542073.485748 6588714.885834 40.927692
v  542072.292328 6588714.233307 40.929306
v  542071.842606 6588713.987885 40.930649
v  542071.404221 6588713.748688 40.932331
v  542070.97673 6588713.518341 40.936424
v  542074.396942 6588714.83905 40.928043
v  542073.899689 6588714.864014 40.927692
v  542074.891663 6588714.814178 40.928535
v  542075.382263 6588714.789551 40.929169
v  542075.867218 6588714.765198 40.929939
v  542076.348587 6588714.740997 40.931458
v  542076.95607 6588714.374695 40.936188
v  542077.51387 6588714.036469 40.941422
v  542078.014725 6588713.732788 40.947704
v  542078.448807 6588713.469574 40.954914
v  542078.808945 6588713.249573 40.960609
v  542080.165634 6588710.745941 40.940853
v  542079.873993 6588711.284119 40.942703
v  542079.592346 6588711.803894 40.944656
v  542079.321503 6588712.303711 40.946712
v  542079.062302 6588712.782043 40.948864
v  542078.816086 6588713.240631 40.954872
v  542080.537857 6588709.084167 40.927692
v  542080.761459 6588708.085937 40.927692
v  542080.464584 6588709.411255 40.928108
v  542080.391876 6588709.73587 40.928711
v  542080.319931 6588710.057098 40.929497
v  542080.248932 6588710.374054 40.930466
v  542080.179077 6588710.685883 40.931618
v  542080.176239 6588710.698608 40.933067
v  542080.173462 6588710.710999 40.934723
v  542080.170746 6588710.723053 40.936577
v  542080.168137 6588710.734711 40.938622
v  542081.5858 6588708.266083 41.085747
v  542081.443283 6588708.234924 40.930481
v  542081.429016 6588708.234406 40.927692
v  542081.4561 6588708.237732 40.936150
v  542081.467484 6588708.240234 40.944447
v  542081.476913 6588708.242279 40.955006
v  542081.483963 6588708.243835 40.967358
v  542081.532669 6588708.254486 40.967358
v  542081.532669 6588708.254486 41.004356
v  542081.546387 6588708.257477 41.007046
v  542081.559174 6588708.260254 41.012817
v  542081.570358 6588708.262726 41.021378
v  542081.579391 6588708.264679 41.032284
v  542081.5858 6588708.266083 41.044991
v  542069.221695 6588708.204376 41.085747
v  542069.305603 6588711.124481 41.085747
v  542070.884003 6588713.619568 41.085747
v  542073.447632 6588715.049683 41.085747
v  542076.390137 6588714.883606 41.085747
v  542078.90155 6588713.318878 41.085747
v  542080.313416 6588710.737305 41.085747
v  542080.88797 6588708.293823 41.085747
v  542081.550385 6588708.424561 41.085747
v  542069.819534 6588705.757111 41.085747
v  542069.142197 6588705.591705 41.085747
v  542069.359528 6588711.108032 40.967358
v  542069.326279 6588708.215454 40.967358
v  542069.27626 6588708.210144 40.967358
v  542069.408966 6588711.092926 40.967358
v  542070.922577 6588713.578827 40.967358
v  542070.959641 6588713.539642 40.962852
v  542073.460342 6588714.994507 40.967358
v  542073.472183 6588714.942902 40.965446
v  542076.373184 6588714.830109 40.967358
v  542076.357651 6588714.781036 40.967358
v  542078.821899 6588713.243622 40.963921
v  542078.860687 6588713.280273 40.967358
v  542080.215179 6588710.699707 40.967358
v  542080.262161 6588710.717682 40.967358
v  542080.808975 6588708.171173 40.965942
v  542080.847031 6588708.230316 40.967358
v  542081.470825 6588708.302612 40.967358
v  542081.508881 6588708.360962 40.967358
v  542069.885269 6588705.717163 40.967358
v  542069.945526 6588705.680573 40.967358
v  542069.269577 6588705.514404 40.965843
v  542069.207993 6588705.551788 40.966560
v  542069.277084 6588705.509918 40.955006
v  542069.288757 6588705.502838 40.944447
v  542069.302856 6588705.494293 40.936150
v  542069.318756 6588705.48465 40.930481
v  542069.335724 6588705.474365 40.927692
v  542069.142197 6588705.591705 41.044991
v  542069.150146 6588705.586884 41.032284
v  542069.161331 6588705.580109 41.021378
v  542069.175186 6588705.571716 41.012817
v  542069.191025 6588705.562103 41.007046
v  542069.208023 6588705.551788 41.004356
v  542069.989258 6588705.653992 40.932438
v  542069.357941 6588708.218811 40.934536
v  542069.464188 6588711.07605 40.927692
v  542069.450272 6588711.080322 40.930477
v  542069.437256 6588711.08429 40.936150
v  542070.967468 6588713.531372 40.947914
v  542073.481705 6588714.901642 40.930481
v  542076.348236 6588714.751343 40.935234
v  542076.351181 6588714.760651 40.941265
v  542076.355957 6588714.775696 40.957550
v  542080.204086 6588710.695465 40.949455
v  542080.188278 6588710.689392 40.936131
v  542080.769577 6588708.110168 40.928074
v  542081.520737 6588708.379089 41.007607
v  542081.530731 6588708.394379 41.013805
v  542081.539413 6588708.407654 41.022861
v  542081.546082 6588708.417877 41.033829
v  542081.550385 6588708.424561 41.044991
v  542081.439041 6588708.253906 40.930477
v  542081.449066 6588708.269257 40.936150
v  542081.457947 6588708.282898 40.944447
v  542081.465317 6588708.294189 40.955006
v  542081.508881 6588708.360962 41.004356
v  542080.88797 6588708.293823 41.044991
v  542080.312378 6588710.736938 41.042538
v  542078.90155 6588713.318878 41.044991
v  542076.390137 6588714.883606 41.044991
v  542073.447861 6588715.048553 41.042538
v  542070.884613 6588713.618896 41.043030
v  542069.306564 6588711.124176 41.042809
v  542069.222321 6588708.204437 41.043587
v  542069.819534 6588705.757111 41.044991
v  542080.804077 6588708.163666 40.955006
v  542080.210297 6588710.697845 40.957939
v  542069.416122 6588711.090729 40.955006
v  542069.331955 6588708.216064 40.957233
v  542069.953217 6588705.675903 40.956184
v  542069.885269 6588705.717163 41.004356
v  542069.27626 6588708.210144 41.004360
v  542069.359528 6588711.108032 41.004356
v  542070.922577 6588713.578827 41.004356
v  542073.460342 6588714.994507 41.004356
v  542076.373184 6588714.830109 41.004356
v  542078.860687 6588713.280273 41.004356
v  542080.263504 6588710.718201 41.004547
v  542080.847031 6588708.230316 41.004356
v  542069.963333 6588705.669769 40.946419
v  542069.975494 6588705.662354 40.938408
v  542069.827454 6588705.752289 41.032284
v  542069.838623 6588705.745514 41.021378
v  542069.852478 6588705.737091 41.012817
v  542069.868286 6588705.727478 41.007046
v  542069.494583 6588707.710052 40.929916
v  542069.42569 6588711.08783 40.944447
v  542073.478638 6588714.914978 40.936150
v  542076.353775 6588714.768829 40.948772
v  542080.196686 6588710.692627 40.942127
v  542080.788055 6588708.138794 40.936150
v  542080.778168 6588708.123474 40.930481
v  542080.796814 6588708.152405 40.944447
v  542080.857605 6588708.246704 41.007046
v  542080.883026 6588708.286163 41.032284
v  542080.307236 6588710.734955 41.032284
v  542078.896622 6588713.31424 41.032284
v  542076.388092 6588714.877167 41.032284
v  542073.449173 6588715.04303 41.032284
v  542073.473663 6588714.936584 40.955006
v  542069.262161 6588708.208679 41.007046
v  542069.345612 6588711.112274 41.007046
v  542070.912613 6588713.589355 41.007046
v  542073.457062 6588715.008759 41.007046
v  542076.377563 6588714.843933 41.007046
v  542078.871231 6588713.290253 41.007046
v  542080.275391 6588710.722748 41.007046
v  542069.327225 6588705.479584 40.928715
v  542069.237549 6588708.206055 41.021378
v  542069.228271 6588708.205078 41.032284
v  542069.249039 6588708.207275 41.012817
v  542073.475922 6588714.926819 40.944447
v  542080.867447 6588708.261993 41.012817
v  542080.876068 6588708.27536 41.021378
v  542080.298523 6588710.731598 41.021378
v  542078.889679 6588713.307678 41.021378
v  542076.385208 6588714.868073 41.021378
v  542073.451324 6588715.033661 41.021378
v  542070.888657 6588713.614655 41.032284
v  542069.312103 6588711.122498 41.032284
v  542069.339264 6588708.216827 40.948219
v  542069.332626 6588711.116241 41.012817
v  542070.903336 6588713.599152 41.012817
v  542073.45401 6588715.022034 41.012817
v  542076.381638 6588714.856781 41.012817
v  542078.881058 6588713.29953 41.012817
v  542080.28772 6588710.727478 41.012817
v  542069.348022 6588708.217743 40.940578
v  542069.321274 6588711.11972 41.021378
v  542070.895218 6588713.607727 41.021378
v  542076.999222 6588699.812408 41.198036
v  542073.404816 6588699.935242 41.198036
v  542073.81752 6588701.260437 41.777023
v  542076.699753 6588701.161957 41.777023
v  542079.338455 6588702.51123 41.777023
v  542080.287537 6588701.493866 41.198036
v  542070.281006 6588701.896729 41.198036
v  542071.298233 6588702.842346 41.777023
v  542076.416153 6588702.656036 43.515995
v  542080.889984 6588705.052673 41.777023
v  542082.222641 6588704.663635 41.198036
v  542068.520584 6588705.1073 41.198036
v  542072.416138 6588703.837097 43.515995
v  542074.286728 6588702.724365 43.515995
v  542080.98938 6588708.138184 41.777023
v  542082.33902 6588708.276459 41.198036
v  542079.384567 6588705.459137 43.515995
v  542078.267212 6588703.676056 43.515995
v  542069.897949 6588705.399994 41.777023
v  542071.370667 6588705.749207 43.515995
v  542075.029327 6588708.049866 44.929939
v  542081.722137 6588711.016937 41.198036
v  542080.450714 6588710.531158 41.777023
v  542079.414642 6588707.98877 43.515995
v  542069.228561 6588708.012177 41.777023
v  542078.960892 6588713.30365 41.777023
v  542079.97522 6588714.267883 41.198036
v  542078.966995 6588709.977356 43.515995
v  542067.872513 6588707.885284 41.198036
v  542070.711319 6588708.462738 43.515995
v  542076.409424 6588714.894135 41.777023
v  542076.819336 6588716.235138 41.198036
v  542067.973328 6588711.53125 41.198036
v  542069.314529 6588711.120941 41.777023
v  542070.80394 6588710.608398 43.515995
v  542073.155731 6588716.399353 41.198036
v  542077.776398 6588712.193024 43.515995
v  542069.908371 6588714.658813 41.198036
v  542070.867905 6588713.631622 41.777023
v  542071.990845 6588712.464325 43.515995
v  542073.455673 6588715.09726 41.777023
v  542075.911423 6588713.35556 43.515995
v  542073.818573 6588713.499481 43.515995
v  542070.32486 6588701.946259 41.091133
v  542078.56337 6588707.97345 41.091129
v  542068.576035 6588705.124481 41.091129
v  542082.273193 6588708.264374 41.091129
v  542082.151657 6588704.696228 41.091133
v  542077.004669 6588699.881775 41.198036
v  542073.428482 6588700.006012 41.198036
v  542070.32486 6588701.946259 41.198036
v  542080.228973 6588701.549957 41.198036
v  542068.576035 6588705.124481 41.198036
v  542082.151657 6588704.696228 41.198036
v  542067.934357 6588707.908234 41.091129
v  542067.934357 6588707.908234 41.198036
v  542082.273193 6588708.264374 41.198036
v  542068.029602 6588711.518066 41.091129
v  542068.029602 6588711.518066 41.198036
v  542069.960358 6588714.598236 41.091129
v  542073.161514 6588716.347961 41.091129
v  542076.783127 6588716.184753 41.091129
v  542079.924683 6588714.221588 41.091129
v  542081.649109 6588711.015503 41.091129
v  542081.649109 6588711.015503 41.198036
v  542069.960358 6588714.598236 41.198036
v  542073.161514 6588716.347961 41.198036
v  542076.783127 6588716.184753 41.198036
v  542079.924683 6588714.221588 41.198036
v  542080.394165 6588707.767212 41.091133
v  542080.394165 6588707.767212 37.235237
v  542080.60582 6588707.816162 37.235237
# 840 vertices

vn -0.515867 -0.856669 -0.000000
vn -0.515867 -0.856669 -0.000000
vn -0.515867 -0.856669 -0.000000
vn -0.515867 -0.856669 -0.000000
vn -0.515867 -0.856669 -0.000000
vn -0.515867 -0.856669 -0.000000
vn -0.052600 -0.998616 0.000000
vn -0.052600 -0.998616 0.000000
vn -0.052600 -0.998616 0.000000
vn -0.052600 -0.998616 -0.000000
vn -0.052600 -0.998616 0.000000
vn -0.052600 -0.998616 0.000000
vn 0.467528 -0.883978 0.000000
vn 0.467528 -0.883978 0.000000
vn 0.467528 -0.883978 0.000000
vn 0.467528 -0.883978 0.000000
vn 0.467528 -0.883978 0.000000
vn 0.467528 -0.883978 0.000000
vn 0.854900 -0.518794 0.000000
vn 0.854900 -0.518793 0.000000
vn 0.854900 -0.518794 0.000000
vn 0.854900 -0.518794 0.000000
vn 0.854900 -0.518793 0.000000
vn 0.854900 -0.518794 0.000000
vn 0.999418 -0.034098 -0.000000
vn 0.999418 -0.034099 -0.000000
vn 0.999418 -0.034098 0.000000
vn 0.999418 -0.034098 -0.000000
vn 0.999418 -0.034099 -0.000000
vn 0.999418 -0.034099 -0.000000
vn 0.999419 -0.034079 -0.000000
vn 0.999418 -0.034099 -0.000000
vn 0.999418 -0.034098 -0.000000
vn -0.883737 -0.467983 -0.000000
vn -0.883737 -0.467983 -0.000000
vn -0.883737 -0.467983 -0.000000
vn -0.883737 -0.467983 -0.000000
vn -0.883737 -0.467983 0.000000
vn -0.883737 -0.467983 -0.000000
vn 0.000000 0.000000 -1.000000
vn 0.000000 0.000000 -1.000000
vn 0.000000 0.000000 -1.000000
vn 0.000000 0.000000 -1.000000
vn 0.000000 0.000000 -1.000000
vn 0.000000 0.000000 -1.000000
vn 0.000000 0.000000 -1.000000
vn 0.000000 0.000000 -1.000000
vn 0.000000 0.000000 -1.000000
vn 0.000000 0.000000 -1.000000
vn 0.000000 0.000000 -1.000000
vn 0.000000 0.000000 -1.000000
vn 0.000000 0.000000 -1.000000
vn 0.000000 0.000000 -1.000000
vn 0.000000 0.000000 -1.000000
vn 0.000000 0.000000 -1.000000
vn 0.000000 0.000000 -1.000000
vn 0.000000 0.000000 -1.000000
vn 0.000000 0.000000 -1.000000
vn 0.000000 0.000000 -1.000000
vn 0.000000 0.000000 -1.000000
vn 0.000000 0.000000 -1.000000
vn 0.000000 0.000000 -1.000000
vn 0.000000 0.000000 -1.000000
vn 0.000000 0.000000 -1.000000
vn 0.000000 0.000000 -1.000000
vn 0.000000 0.000000 -1.000000
vn 0.000000 0.000000 -1.000000
vn 0.000000 0.000000 -1.000000
vn 0.000000 0.000000 -1.000000
vn 0.000000 0.000000 -1.000000
vn 0.000000 0.000000 -1.000000
vn 0.000000 0.000000 -1.000000
vn 0.000000 0.000000 -1.000000
vn 0.000000 0.000000 -1.000000
vn 0.000000 0.000000 -1.000000
vn 0.000000 0.000000 -1.000000
vn 0.000000 0.000000 -1.000000
vn 0.000000 0.000000 -1.000000
vn 0.000000 0.000000 -1.000000
vn 0.000000 0.000000 -1.000000
vn 0.000000 0.000000 -1.000000
vn 0.000000 0.000000 -1.000000
vn 0.000000 0.000000 -1.000000
vn 0.000000 0.000000 -1.000000
vn 0.000000 0.000000 -1.000000
vn 0.000000 0.000000 -1.000000
vn 0.000000 0.000000 -1.000000
vn 0.000000 0.000000 -1.000000
vn 0.000000 0.000000 -1.000000
vn 0.000000 0.000000 -1.000000
vn 0.000000 0.000000 -1.000000
vn 0.000000 0.000000 -1.000000
vn 0.000000 0.000000 -1.000000
vn 0.000000 0.000000 -1.000000
vn 0.000000 0.000000 -1.000000
vn 0.000000 0.000000 -1.000000
vn 0.000000 0.000000 -1.000000
vn 0.000000 0.000000 -1.000000
vn 0.000000 0.000000 -1.000000
vn 0.000000 0.000000 -1.000000
vn 0.000000 0.000000 -1.000000
vn 0.000000 0.000000 -1.000000
vn 0.000000 0.000000 -1.000000
vn 0.000000 0.000000 -1.000000
vn 0.000000 0.000000 -1.000000
vn 0.000000 0.000000 -1.000000
vn 0.000000 0.000000 -1.000000
vn 0.000000 0.000000 -1.000000
vn 0.000000 0.000000 -1.000000
vn 0.000000 0.000000 -1.000000
vn 0.000000 0.000000 -1.000000
vn 0.000000 0.000000 -1.000000
vn 0.000000 0.000000 -1.000000
vn 0.000000 0.000000 -1.000000
vn 0.000000 0.000000 -1.000000
vn 0.000000 0.000000 -1.000000
vn 0.000000 0.000000 -1.000000
vn 0.000000 0.000000 -1.000000
vn 0.000000 0.000000 -1.000000
vn 0.000000 0.000000 -1.000000
vn 0.000000 0.000000 -1.000000
vn 0.000000 0.000000 -1.000000
vn 0.000000 0.000000 -1.000000
vn 0.000000 0.000000 -1.000000
vn 0.000000 0.000000 -1.000000
vn 0.000000 0.000000 -1.000000
vn 0.000000 0.000000 -1.000000
vn 0.000000 0.000000 -1.000000
vn 0.000000 0.000000 -1.000000
vn 0.000000 0.000000 -1.000000
vn 0.000000 0.000000 -1.000000
vn 0.000000 0.000000 -1.000000
vn 0.000000 0.000000 -1.000000
vn 0.000000 0.000000 -1.000000
vn 0.000000 0.000000 -1.000000
vn 0.000000 0.000000 -1.000000
vn 0.000000 0.000000 -1.000000
vn 0.000000 0.000000 -1.000000
vn 0.000000 0.000000 -1.000000
vn 0.000000 0.000000 -1.000000
vn 0.000000 0.000000 -1.000000
vn 0.000000 0.000000 -1.000000
vn 0.000000 0.000000 -1.000000
vn 0.000000 0.000000 -1.000000
vn 0.000000 0.000000 -1.000000
vn 0.000000 0.000000 -1.000000
vn 0.000000 0.000000 -1.000000
vn 0.000000 0.000000 -1.000000
vn 0.000000 0.000000 -1.000000
vn 0.000000 0.000000 -1.000000
vn 0.000000 0.000000 -1.000000
vn 0.000000 0.000000 -1.000000
vn 0.000000 0.000000 -1.000000
vn 0.000000 0.000000 -1.000000
vn 0.000000 0.000000 -1.000000
vn 0.000000 0.000000 -1.000000
vn -0.587020 -0.809572 0.001197
vn -0.711557 -0.702629 0.000031
vn -0.605930 -0.795518 0.000070
vn -0.803100 -0.595844 -0.000002
vn -0.711557 -0.702629 0.000031
vn -0.707072 -0.707142 0.000005
vn -0.878766 -0.477252 -0.000028
vn -0.803100 -0.595844 -0.000002
vn -0.830188 -0.557483 0.000020
vn -0.937029 -0.349253 -0.000047
vn -0.878766 -0.477252 -0.000028
vn -0.905310 -0.424751 0.000029
vn -0.978480 -0.206340 -0.000072
vn -0.937029 -0.349253 -0.000047
vn -0.959454 -0.281865 0.000035
vn -0.998940 -0.046036 -0.000094
vn -0.978480 -0.206340 -0.000072
vn -0.991216 -0.132252 0.000024
vn -0.993152 0.116828 -0.000067
vn -0.998940 -0.046036 -0.000094
vn -0.999794 0.020302 0.000020
vn -0.965686 0.259714 -0.000045
vn -0.993152 0.116828 -0.000067
vn -0.982081 0.188458 0.000032
vn -0.923347 0.383967 -0.000055
vn -0.965686 0.259714 -0.000045
vn -0.942636 0.333822 0.000037
vn -0.865088 0.501619 0.000039
vn -0.923347 0.383967 -0.000055
vn -0.880934 0.473239 -0.000021
vn -0.791955 0.610579 0.000096
vn -0.865088 0.501619 0.000039
vn -0.880934 0.473239 -0.000021
vn -0.705141 0.709067 0.000032
vn -0.791955 0.610579 0.000096
vn -0.809021 0.587779 -0.000019
vn -0.707107 0.707107 0.000008
vn -0.606182 0.795326 -0.000014
vn -0.705141 0.709067 0.000032
vn -0.587784 0.809018 0.000027
vn -0.494743 0.869039 -0.000046
vn -0.606182 0.795326 -0.000014
vn -0.453997 0.891003 0.000037
vn -0.370096 0.928994 -0.000062
vn -0.494743 0.869039 -0.000046
vn -0.308986 0.951066 -0.000023
vn -0.236003 0.971752 0.000076
vn -0.370096 0.928994 -0.000062
vn -0.308986 0.951066 -0.000023
vn -0.097453 0.995240 0.000186
vn -0.236003 0.971752 0.000076
vn -0.156442 0.987687 -0.000070
vn 0.043174 0.999068 0.000130
vn -0.097453 0.995240 0.000186
vn -0.000009 1.000000 -0.000044
vn 0.182917 0.983128 0.000082
vn 0.043174 0.999068 0.000130
vn 0.156655 0.987653 0.000353
vn 0.319036 0.947743 0.000040
vn 0.182917 0.983128 0.000082
vn 0.308796 0.951128 0.000307
vn 0.448855 0.893605 0.000005
vn 0.319036 0.947743 0.000040
vn 0.453998 0.891003 0.000012
vn 0.569800 0.821784 -0.000022
vn 0.448855 0.893605 0.000005
vn 0.587776 0.809024 0.000023
vn 0.679473 0.733700 -0.000043
vn 0.569800 0.821784 -0.000022
vn 0.679473 0.733700 -0.000043
vn 0.697212 0.716865 0.000013
vn 0.775674 0.631134 -0.000057
vn 0.775674 0.631134 -0.000057
vn 0.813580 0.581453 -0.000000
vn 0.856539 0.516083 -0.000064
vn 0.856539 0.516083 -0.000064
vn 0.900561 0.434729 -0.000037
vn 0.920520 0.390695 0.000064
vn 0.900561 0.434729 -0.000037
vn 0.966210 0.257758 0.000164
vn 0.920520 0.390695 0.000064
vn 0.951054 0.309025 -0.000061
vn 0.992815 0.119662 0.000111
vn 0.966210 0.257758 0.000164
vn 0.987689 0.156430 -0.000036
vn 0.999783 -0.020822 0.000065
vn 0.992815 0.119662 0.000111
vn 1.000000 0.000007 -0.000015
vn 0.986972 -0.160893 0.000027
vn 0.999783 -0.020822 0.000065
vn 0.988148 -0.153503 -0.000002
vn 0.954628 -0.297802 -0.000006
vn 0.986972 -0.160893 0.000027
vn 0.954628 -0.297802 -0.000006
vn 0.941563 -0.336838 -0.000000
vn 0.903409 -0.428780 -0.000031
vn 0.903409 -0.428780 -0.000031
vn 0.881233 -0.472682 -0.000000
vn 0.834306 -0.551301 -0.000049
vn 0.834306 -0.551301 -0.000049
vn 0.801277 -0.598294 -0.000000
vn 0.748699 -0.662910 -0.000060
vn 0.689891 -0.723913 0.000020
vn 0.648295 -0.761389 -0.000064
vn 0.748699 -0.662910 -0.000060
vn 0.587758 -0.809037 0.000037
vn 0.535069 -0.844808 -0.000061
vn 0.648295 -0.761389 -0.000064
vn 0.453857 -0.891075 -0.000017
vn 0.411197 -0.911546 0.000030
vn 0.535069 -0.844808 -0.000061
vn 0.453857 -0.891075 -0.000017
vn 0.261223 -0.965279 0.000038
vn 0.411197 -0.911546 0.000030
vn 0.043184 0.999067 0.000000
vn 0.043183 0.999067 0.000001
vn 0.043184 0.999067 0.000001
vn 0.043184 0.999067 0.000000
vn 0.043184 0.999067 0.000001
vn 0.043185 0.999067 0.000000
vn -0.309050 -0.951046 -0.000003
vn -0.488301 -0.872675 0.000117
vn -0.365788 -0.930698 0.000047
vn -0.454830 -0.890577 0.001483
vn -0.605930 -0.795518 0.000070
vn -0.488301 -0.872675 0.000117
vn -0.587020 -0.809572 0.001197
vn -0.605930 -0.795518 0.000070
vn -0.454830 -0.890577 0.001483
vn -0.444964 -0.895548 0.000467
vn -0.587020 -0.809572 0.001197
vn -0.454830 -0.890577 0.001483
vn -0.579616 -0.814890 -0.000002
vn -0.587020 -0.809572 0.001197
vn -0.444964 -0.895548 0.000467
vn -0.707072 -0.707142 0.000005
vn -0.711557 -0.702629 0.000031
vn -0.587020 -0.809572 0.001197
vn -0.579616 -0.814890 -0.000002
vn -0.707072 -0.707142 0.000005
vn -0.587020 -0.809572 0.001197
vn -0.707101 -0.707113 -0.000006
vn -0.707072 -0.707142 0.000005
vn -0.579616 -0.814890 -0.000002
vn -0.809020 -0.587781 -0.000001
vn -0.707072 -0.707142 0.000005
vn -0.707101 -0.707113 -0.000006
vn -0.809020 -0.587781 -0.000001
vn -0.803100 -0.595844 -0.000002
vn -0.707072 -0.707142 0.000005
vn -0.830188 -0.557483 0.000020
vn -0.803100 -0.595844 -0.000002
vn -0.809020 -0.587781 -0.000001
vn -0.891000 -0.454003 0.000004
vn -0.830188 -0.557483 0.000020
vn -0.809020 -0.587781 -0.000001
vn -0.891000 -0.454003 0.000004
vn -0.878766 -0.477252 -0.000028
vn -0.830188 -0.557483 0.000020
vn -0.905310 -0.424751 0.000029
vn -0.878766 -0.477252 -0.000028
vn -0.891000 -0.454003 0.000004
vn -0.951057 -0.309016 0.000005
vn -0.905310 -0.424751 0.000029
vn -0.891000 -0.454003 0.000004
vn -0.951057 -0.309016 0.000005
vn -0.937029 -0.349253 -0.000047
vn -0.905310 -0.424751 0.000029
vn -0.959454 -0.281865 0.000035
vn -0.937029 -0.349253 -0.000047
vn -0.951057 -0.309016 0.000005
vn -0.987691 -0.156421 0.000006
vn -0.959454 -0.281865 0.000035
vn -0.951057 -0.309016 0.000005
vn -0.987691 -0.156421 0.000006
vn -0.978480 -0.206340 -0.000072
vn -0.959454 -0.281865 0.000035
vn -0.991216 -0.132252 0.000024
vn -0.978480 -0.206340 -0.000072
vn -0.987691 -0.156421 0.000006
vn -1.000000 0.000001 0.000004
vn -0.991216 -0.132252 0.000024
vn -0.987691 -0.156421 0.000006
vn -1.000000 0.000001 0.000004
vn -0.998940 -0.046036 -0.000094
vn -0.991216 -0.132252 0.000024
vn -0.999794 0.020302 0.000020
vn -0.998940 -0.046036 -0.000094
vn -1.000000 0.000001 0.000004
vn -0.987690 0.156422 0.000003
vn -0.999794 0.020302 0.000020
vn -1.000000 0.000001 0.000004
vn -0.987690 0.156422 0.000003
vn -0.993152 0.116828 -0.000067
vn -0.999794 0.020302 0.000020
vn -0.982081 0.188458 0.000032
vn -0.993152 0.116828 -0.000067
vn -0.987690 0.156422 0.000003
vn -0.951057 0.309017 0.000006
vn -0.982081 0.188458 0.000032
vn -0.987690 0.156422 0.000003
vn -0.951057 0.309017 0.000006
vn -0.965686 0.259714 -0.000045
vn -0.982081 0.188458 0.000032
vn -0.942636 0.333822 0.000037
vn -0.965686 0.259714 -0.000045
vn -0.951057 0.309017 0.000006
vn -0.891000 0.454004 0.000003
vn -0.942636 0.333822 0.000037
vn -0.951057 0.309017 0.000006
vn -0.891000 0.454004 0.000003
vn -0.923347 0.383967 -0.000055
vn -0.942636 0.333822 0.000037
vn -0.880934 0.473239 -0.000021
vn -0.923347 0.383967 -0.000055
vn -0.891000 0.454004 0.000003
vn -0.809010 0.587795 -0.000003
vn -0.880934 0.473239 -0.000021
vn -0.891000 0.454004 0.000003
vn -0.809021 0.587779 -0.000019
vn -0.880934 0.473239 -0.000021
vn -0.809010 0.587795 -0.000003
vn -0.791955 0.610579 0.000096
vn -0.880934 0.473239 -0.000021
vn -0.809021 0.587779 -0.000019
vn -0.707101 0.707112 -0.000000
vn -0.809021 0.587779 -0.000019
vn -0.809010 0.587795 -0.000003
vn -0.707107 0.707107 0.000008
vn -0.809021 0.587779 -0.000019
vn -0.707101 0.707112 -0.000000
vn -0.705141 0.709067 0.000032
vn -0.809021 0.587779 -0.000019
vn -0.707107 0.707107 0.000008
vn -0.587784 0.809018 0.000027
vn -0.606182 0.795326 -0.000014
vn -0.707107 0.707107 0.000008
vn -0.707101 0.707112 -0.000000
vn -0.587784 0.809018 0.000027
vn -0.707107 0.707107 0.000008
vn -0.587780 0.809021 -0.000001
vn -0.587784 0.809018 0.000027
vn -0.707101 0.707112 -0.000000
vn -0.453997 0.891003 0.000037
vn -0.494743 0.869039 -0.000046
vn -0.587784 0.809018 0.000027
vn -0.587780 0.809021 -0.000001
vn -0.453997 0.891003 0.000037
vn -0.587784 0.809018 0.000027
vn -0.453996 0.891004 -0.000001
vn -0.453997 0.891003 0.000037
vn -0.587780 0.809021 -0.000001
vn -0.308986 0.951066 -0.000023
vn -0.370096 0.928994 -0.000062
vn -0.453997 0.891003 0.000037
vn -0.453996 0.891004 -0.000001
vn -0.308986 0.951066 -0.000023
vn -0.453997 0.891003 0.000037
vn -0.309018 0.951056 0.000001
vn -0.308986 0.951066 -0.000023
vn -0.453996 0.891004 -0.000001
vn -0.156442 0.987687 -0.000070
vn -0.097453 0.995240 0.000186
vn -0.308986 0.951066 -0.000023
vn -0.309018 0.951056 0.000001
vn -0.156442 0.987687 -0.000070
vn -0.308986 0.951066 -0.000023
vn -0.156427 0.987689 0.000002
vn -0.156442 0.987687 -0.000070
vn -0.309018 0.951056 0.000001
vn -0.000009 1.000000 -0.000044
vn 0.043174 0.999068 0.000130
vn -0.156442 0.987687 -0.000070
vn -0.156427 0.987689 0.000002
vn -0.000009 1.000000 -0.000044
vn -0.156442 0.987687 -0.000070
vn -0.000001 1.000000 0.000001
vn -0.000009 1.000000 -0.000044
vn -0.156427 0.987689 0.000002
vn 0.156655 0.987653 0.000353
vn 0.182917 0.983128 0.000082
vn -0.000009 1.000000 -0.000044
vn -0.000001 1.000000 0.000001
vn 0.156655 0.987653 0.000353
vn -0.000009 1.000000 -0.000044
vn 0.153673 0.988122 0.000119
vn 0.156655 0.987653 0.000353
vn -0.000001 1.000000 0.000001
vn 0.308796 0.951128 0.000307
vn 0.319036 0.947743 0.000040
vn 0.156655 0.987653 0.000353
vn 0.153673 0.988122 0.000119
vn 0.308796 0.951128 0.000307
vn 0.156655 0.987653 0.000353
vn 0.306377 0.951910 -0.000001
vn 0.308796 0.951128 0.000307
vn 0.153673 0.988122 0.000119
vn 0.453998 0.891003 0.000012
vn 0.448855 0.893605 0.000005
vn 0.308796 0.951128 0.000307
vn 0.306377 0.951910 -0.000001
vn 0.453998 0.891003 0.000012
vn 0.308796 0.951128 0.000307
vn 0.453996 0.891004 -0.000003
vn 0.453998 0.891003 0.000012
vn 0.306377 0.951910 -0.000001
vn 0.587776 0.809024 0.000023
vn 0.569800 0.821784 -0.000022
vn 0.453998 0.891003 0.000012
vn 0.453996 0.891004 -0.000003
vn 0.587776 0.809024 0.000023
vn 0.453998 0.891003 0.000012
vn 0.587780 0.809021 -0.000003
vn 0.587776 0.809024 0.000023
vn 0.453996 0.891004 -0.000003
vn 0.697212 0.716865 0.000013
vn 0.679473 0.733700 -0.000043
vn 0.587776 0.809024 0.000023
vn 0.587780 0.809021 -0.000003
vn 0.697212 0.716865 0.000013
vn 0.587776 0.809024 0.000023
vn 0.707085 0.707129 0.000035
vn 0.697212 0.716865 0.000013
vn 0.587780 0.809021 -0.000003
vn 0.775674 0.631134 -0.000057
vn 0.809008 0.587798 0.000076
vn 0.813580 0.581453 -0.000000
vn 0.707085 0.707129 0.000035
vn 0.809008 0.587798 0.000076
vn 0.775674 0.631134 -0.000057
vn 0.707085 0.707129 0.000035
vn 0.775674 0.631134 -0.000057
vn 0.697212 0.716865 0.000013
vn 0.856539 0.516083 -0.000064
vn 0.891012 0.453979 0.000040
vn 0.900561 0.434729 -0.000037
vn 0.809008 0.587798 0.000076
vn 0.891012 0.453979 0.000040
vn 0.856539 0.516083 -0.000064
vn 0.809008 0.587798 0.000076
vn 0.856539 0.516083 -0.000064
vn 0.813580 0.581453 -0.000000
vn 0.900561 0.434729 -0.000037
vn 0.951054 0.309025 -0.000061
vn 0.966210 0.257758 0.000164
vn 0.900561 0.434729 -0.000037
vn 0.951057 0.309016 0.000000
vn 0.951054 0.309025 -0.000061
vn 0.891012 0.453979 0.000040
vn 0.951057 0.309016 0.000000
vn 0.900561 0.434729 -0.000037
vn 0.951054 0.309025 -0.000061
vn 0.987689 0.156430 -0.000036
vn 0.992815 0.119662 0.000111
vn 0.951054 0.309025 -0.000061
vn 0.987690 0.156422 0.000000
vn 0.987689 0.156430 -0.000036
vn 0.951057 0.309016 0.000000
vn 0.987690 0.156422 0.000000
vn 0.951054 0.309025 -0.000061
vn 0.987689 0.156430 -0.000036
vn 1.000000 0.000007 -0.000015
vn 0.999783 -0.020822 0.000065
vn 0.987689 0.156430 -0.000036
vn 1.000000 0.000000 0.000000
vn 1.000000 0.000007 -0.000015
vn 0.987690 0.156422 0.000000
vn 1.000000 0.000000 0.000000
vn 0.987689 0.156430 -0.000036
vn 1.000000 0.000007 -0.000015
vn 0.988148 -0.153503 -0.000002
vn 0.986972 -0.160893 0.000027
vn 1.000000 0.000007 -0.000015
vn 0.987692 -0.156414 0.000011
vn 0.988148 -0.153503 -0.000002
vn 1.000000 0.000000 0.000000
vn 0.987692 -0.156414 0.000011
vn 1.000000 0.000007 -0.000015
vn 0.954628 -0.297802 -0.000006
vn 0.951059 -0.309010 0.000035
vn 0.941563 -0.336838 -0.000000
vn 0.987692 -0.156414 0.000011
vn 0.951059 -0.309010 0.000035
vn 0.954628 -0.297802 -0.000006
vn 0.987692 -0.156414 0.000011
vn 0.954628 -0.297802 -0.000006
vn 0.988148 -0.153503 -0.000002
vn 0.903409 -0.428780 -0.000031
vn 0.891003 -0.453998 0.000056
vn 0.881233 -0.472682 -0.000000
vn 0.951059 -0.309010 0.000035
vn 0.891003 -0.453998 0.000056
vn 0.903409 -0.428780 -0.000031
vn 0.951059 -0.309010 0.000035
vn 0.903409 -0.428780 -0.000031
vn 0.941563 -0.336838 -0.000000
vn 0.834306 -0.551301 -0.000049
vn 0.809024 -0.587775 0.000070
vn 0.801277 -0.598294 -0.000000
vn 0.891003 -0.453998 0.000056
vn 0.809024 -0.587775 0.000070
vn 0.834306 -0.551301 -0.000049
vn 0.891003 -0.453998 0.000056
vn 0.834306 -0.551301 -0.000049
vn 0.881233 -0.472682 -0.000000
vn 0.748699 -0.662910 -0.000060
vn 0.707089 -0.707125 0.000033
vn 0.689891 -0.723913 0.000020
vn 0.809024 -0.587775 0.000070
vn 0.707089 -0.707125 0.000033
vn 0.748699 -0.662910 -0.000060
vn 0.809024 -0.587775 0.000070
vn 0.748699 -0.662910 -0.000060
vn 0.801277 -0.598294 -0.000000
vn 0.587758 -0.809037 0.000037
vn 0.648295 -0.761389 -0.000064
vn 0.689891 -0.723913 0.000020
vn 0.707089 -0.707125 0.000033
vn 0.587758 -0.809037 0.000037
vn 0.689891 -0.723913 0.000020
vn 0.587763 -0.809033 -0.000006
vn 0.587758 -0.809037 0.000037
vn 0.707089 -0.707125 0.000033
vn 0.453857 -0.891075 -0.000017
vn 0.535069 -0.844808 -0.000061
vn 0.587758 -0.809037 0.000037
vn 0.587763 -0.809033 -0.000006
vn 0.453857 -0.891075 -0.000017
vn 0.587758 -0.809037 0.000037
vn 0.453985 -0.891009 0.000000
vn 0.453857 -0.891075 -0.000017
vn 0.587763 -0.809033 -0.000006
vn 0.309022 -0.951055 -0.000001
vn 0.261223 -0.965279 0.000038
vn 0.453857 -0.891075 -0.000017
vn 0.309022 -0.951055 -0.000001
vn 0.453857 -0.891075 -0.000017
vn 0.453985 -0.891009 0.000000
vn -0.309050 -0.951046 -0.000003
vn -0.299583 -0.954070 -0.000053
vn -0.236658 -0.971593 -0.000051
vn -0.309050 -0.951046 -0.000003
vn -0.365788 -0.930698 0.000047
vn -0.299583 -0.954070 -0.000053
vn 0.156335 -0.987704 0.000034
vn 0.216046 -0.976383 -0.000007
vn 0.261223 -0.965279 0.000038
vn 0.000000 -0.000014 -1.000000
vn -0.000001 -0.000004 -1.000000
vn -0.000001 -0.000003 -1.000000
vn 0.000000 -0.000014 -1.000000
vn -0.000001 -0.000006 -1.000000
vn -0.000001 -0.000004 -1.000000
vn 0.000000 -0.000014 -1.000000
vn -0.000000 -0.000012 -1.000000
vn -0.000001 -0.000006 -1.000000
vn 0.000000 -0.000014 -1.000000
vn 0.000003 -0.000036 -1.000000
vn -0.000000 -0.000012 -1.000000
vn -0.454830 -0.890577 0.001483
vn -0.488301 -0.872675 0.000117
vn -0.309050 -0.951046 -0.000003
vn -0.309001 -0.951062 -0.000002
vn -0.454830 -0.890577 0.001483
vn -0.309050 -0.951046 -0.000003
vn -0.444964 -0.895548 0.000467
vn -0.454830 -0.890577 0.001483
vn -0.309001 -0.951062 -0.000002
vn -0.000043 0.000027 1.000000
vn -0.000071 0.000013 1.000000
vn -0.000032 0.000013 1.000000
vn -0.000043 0.000027 1.000000
vn -0.000032 0.000013 1.000000
vn 0.000001 0.000005 1.000000
vn -0.000043 0.000027 1.000000
vn 0.000001 0.000005 1.000000
vn 0.000000 0.000005 1.000000
vn -0.000001 0.000005 1.000000
vn -0.000043 0.000027 1.000000
vn 0.000000 0.000005 1.000000
vn -0.000002 0.000003 1.000000
vn -0.000043 0.000027 1.000000
vn -0.000001 0.000005 1.000000
vn -0.000037 0.000000 1.000000
vn -0.000043 0.000027 1.000000
vn -0.000002 0.000003 1.000000
vn 0.000000 0.000000 1.000000
vn -0.000037 0.000000 1.000000
vn -0.000002 0.000003 1.000000
vn 0.000000 0.000000 1.000000
vn -0.000037 0.000000 1.000000
vn 0.000000 0.000000 1.000000
vn 0.000000 0.000000 1.000000
vn 0.000000 0.000000 1.000000
vn 0.000000 0.000000 1.000000
vn 0.000000 0.000000 1.000000
vn 0.000000 0.000000 1.000000
vn 0.000000 0.000000 1.000000
vn 0.000000 0.000000 1.000000
vn 0.000000 0.000000 1.000000
vn 0.000000 0.000000 1.000000
vn 0.000000 0.000000 1.000000
vn 0.000000 0.000000 1.000000
vn 0.000000 0.000000 1.000000
vn 0.000000 0.000000 1.000000
vn 0.000000 0.000000 1.000000
vn 0.000000 0.000000 1.000000
vn 0.000000 0.000000 1.000000
vn 0.000000 0.000000 1.000000
vn 0.000000 0.000000 1.000000
vn 0.000000 0.000000 1.000000
vn 0.000000 0.000000 1.000000
vn 0.000000 0.000000 1.000000
vn 0.000000 0.000000 1.000000
vn 0.000000 0.000000 1.000000
vn 0.000000 0.000000 1.000000
vn 0.000000 0.000000 1.000000
vn 0.000000 0.000000 1.000000
vn 0.000000 0.000000 1.000000
vn 0.000000 0.000000 1.000000
vn 0.000000 0.000000 1.000000
vn 0.000000 0.000000 1.000000
vn 0.000000 0.000000 1.000000
vn 0.000000 0.000000 1.000000
vn 0.000000 0.000000 1.000000
vn 0.000000 0.000000 1.000000
vn 0.000000 0.000000 1.000000
vn 0.000000 0.000000 1.000000
vn 0.000000 0.000000 1.000000
vn 0.000000 0.000000 1.000000
vn 0.000000 0.000000 1.000000
vn 0.309022 -0.951055 -0.000001
vn 0.156335 -0.987704 0.000034
vn 0.261223 -0.965279 0.000038
vn 0.156428 -0.987689 0.000001
vn 0.156335 -0.987704 0.000034
vn 0.309022 -0.951055 -0.000001
vn -0.309050 -0.951046 -0.000003
vn -0.236658 -0.971593 -0.000051
vn -0.156425 -0.987690 0.000037
vn -0.156428 -0.987689 0.000003
vn -0.309050 -0.951046 -0.000003
vn -0.156425 -0.987690 0.000037
vn -0.309001 -0.951062 -0.000002
vn -0.309050 -0.951046 -0.000003
vn -0.156428 -0.987689 0.000003
vn 0.156335 -0.987704 0.000034
vn 0.151956 -0.988387 0.000000
vn 0.216046 -0.976383 -0.000007
vn -0.000000 -1.000000 0.000027
vn -0.108215 -0.994128 -0.000040
vn 0.022063 -0.999757 -0.000011
vn -0.156425 -0.987690 0.000037
vn -0.236658 -0.971593 -0.000051
vn -0.108215 -0.994128 -0.000040
vn 0.156335 -0.987704 0.000034
vn 0.022063 -0.999757 -0.000011
vn 0.151956 -0.988387 0.000000
vn -0.156425 -0.987690 0.000037
vn -0.108215 -0.994128 -0.000040
vn -0.000000 -1.000000 0.000027
vn -0.000003 -1.000000 0.000001
vn -0.156425 -0.987690 0.000037
vn -0.000000 -1.000000 0.000027
vn -0.156428 -0.987689 0.000003
vn -0.156425 -0.987690 0.000037
vn -0.000003 -1.000000 0.000001
vn -0.000000 -1.000000 0.000027
vn 0.022063 -0.999757 -0.000011
vn 0.156335 -0.987704 0.000034
vn 0.156428 -0.987689 0.000001
vn -0.000000 -1.000000 0.000027
vn 0.156335 -0.987704 0.000034
vn -0.000003 -1.000000 0.000001
vn -0.000000 -1.000000 0.000027
vn 0.156428 -0.987689 0.000001
vn 0.000000 0.000000 1.000000
vn 0.000000 0.000000 1.000000
vn 0.000000 0.000000 1.000000
vn 0.000000 0.000000 1.000000
vn 0.000000 0.000000 1.000000
vn 0.000000 0.000000 1.000000
vn 0.000000 0.000000 1.000000
vn 0.000000 0.000000 1.000000
vn 0.000000 0.000000 1.000000
vn 0.000000 0.000000 1.000000
vn 0.000000 0.000000 1.000000
vn 0.000000 0.000000 1.000000
vn 0.000000 0.000000 1.000000
vn 0.000000 0.000000 1.000000
vn 0.000000 0.000000 1.000000
vn 0.000000 0.000000 1.000000
vn 0.000000 0.000000 1.000000
vn 0.000000 0.000000 1.000000
vn 0.000062 0.000005 1.000000
vn 0.000000 0.000000 1.000000
vn 0.000000 0.000000 1.000000
vn 0.000009 0.000007 1.000000
vn 0.000062 0.000005 1.000000
vn 0.000000 0.000000 1.000000
vn 0.000038 0.000019 1.000000
vn 0.000062 0.000005 1.000000
vn 0.000009 0.000007 1.000000
vn 0.000010 0.000011 1.000000
vn 0.000038 0.000019 1.000000
vn 0.000009 0.000007 1.000000
vn 0.000015 0.000032 1.000000
vn 0.000038 0.000019 1.000000
vn 0.000010 0.000011 1.000000
vn 0.000015 0.000032 1.000000
vn 0.000010 0.000011 1.000000
vn 0.000010 0.000017 1.000000
vn 0.000015 0.000032 1.000000
vn 0.000010 0.000017 1.000000
vn 0.000009 0.000023 1.000000
vn 0.000015 0.000032 1.000000
vn 0.000009 0.000023 1.000000
vn 0.000007 0.000031 1.000000
vn 0.000015 0.000032 1.000000
vn 0.000007 0.000031 1.000000
vn 0.000002 0.000044 1.000000
vn 0.000015 0.000032 1.000000
vn 0.000002 0.000044 1.000000
vn -0.000006 0.000064 1.000000
vn 0.000015 0.000032 1.000000
vn -0.000006 0.000064 1.000000
vn -0.000026 0.000103 1.000000
vn 0.000015 0.000032 1.000000
vn -0.000026 0.000103 1.000000
vn -0.000082 0.000193 1.000000
vn 0.000015 0.000032 1.000000
vn -0.000082 0.000193 1.000000
vn -0.000310 0.000506 1.000000
vn -0.645411 0.763836 0.000001
vn -0.587743 0.809047 0.000135
vn -0.707181 0.707032 0.000183
vn -0.645411 0.763836 0.000001
vn -0.808966 0.587856 0.000182
vn -0.791847 0.610720 -0.000000
vn -0.707181 0.707032 0.000183
vn -0.808966 0.587856 0.000182
vn -0.645411 0.763836 0.000001
vn -0.791847 0.610720 -0.000000
vn -0.891004 0.453995 -0.000000
vn -0.891007 0.453989 -0.000000
vn -0.808966 0.587856 0.000182
vn -0.891004 0.453995 -0.000000
vn -0.791847 0.610720 -0.000000
vn -0.891007 0.453989 -0.000000
vn -0.951044 0.309057 -0.000000
vn -0.951052 0.309031 0.000000
vn -0.891004 0.453995 -0.000000
vn -0.951044 0.309057 -0.000000
vn -0.891007 0.453989 -0.000000
vn -0.951052 0.309031 0.000000
vn -0.987693 0.156404 0.000000
vn -0.987693 0.156406 0.000000
vn -0.951044 0.309057 -0.000000
vn -0.987693 0.156404 0.000000
vn -0.951052 0.309031 0.000000
vn -0.987693 0.156406 0.000000
vn -1.000000 0.000028 0.000000
vn -1.000000 -0.000003 0.000000
vn -0.987693 0.156404 0.000000
vn -1.000000 0.000028 0.000000
vn -0.987693 0.156406 0.000000
vn -1.000000 -0.000003 0.000000
vn -0.987693 -0.156408 0.000000
vn -0.987692 -0.156409 0.000000
vn -1.000000 0.000028 0.000000
vn -0.987693 -0.156408 0.000000
vn -1.000000 -0.000003 0.000000
vn -0.987692 -0.156409 0.000000
vn -0.951037 -0.309076 0.000000
vn -0.951056 -0.309020 -0.000000
vn -0.987693 -0.156408 0.000000
vn -0.951037 -0.309076 0.000000
vn -0.987692 -0.156409 0.000000
vn -0.951056 -0.309020 -0.000000
vn -0.891004 -0.453995 -0.000000
vn -0.891005 -0.453993 -0.000000
vn -0.951037 -0.309076 0.000000
vn -0.891004 -0.453995 -0.000000
vn -0.951056 -0.309020 -0.000000
vn -0.891005 -0.453993 -0.000000
vn -0.809013 -0.587791 -0.000000
vn -0.809011 -0.587793 -0.000000
vn -0.891004 -0.453995 -0.000000
vn -0.809013 -0.587791 -0.000000
vn -0.891005 -0.453993 -0.000000
vn -0.809011 -0.587793 -0.000000
vn -0.707092 -0.707121 -0.000000
vn -0.707095 -0.707119 -0.000000
vn -0.809013 -0.587791 -0.000000
vn -0.707092 -0.707121 -0.000000
vn -0.809011 -0.587793 -0.000000
vn -0.587800 -0.809006 -0.000000
vn -0.707092 -0.707121 -0.000000
vn -0.587830 -0.808985 0.000000
vn -0.707095 -0.707119 -0.000000
vn -0.707092 -0.707121 -0.000000
vn -0.587800 -0.809006 -0.000000
vn -0.454003 -0.891000 0.000000
vn -0.587830 -0.808985 0.000000
vn -0.454007 -0.890998 0.000000
vn -0.587800 -0.809006 -0.000000
vn -0.587830 -0.808985 0.000000
vn -0.454003 -0.891000 0.000000
vn -0.309003 -0.951061 0.000000
vn -0.454007 -0.890998 0.000000
vn -0.308992 -0.951065 0.000000
vn -0.454003 -0.891000 0.000000
vn -0.454007 -0.890998 0.000000
vn -0.309003 -0.951061 0.000000
vn -0.156427 -0.987689 0.000000
vn -0.308992 -0.951065 0.000000
vn -0.156427 -0.987689 0.000000
vn -0.309003 -0.951061 0.000000
vn -0.308992 -0.951065 0.000000
vn -0.156427 -0.987689 0.000000
vn -0.000002 -1.000000 0.000000
vn -0.156427 -0.987689 0.000000
vn -0.000002 -1.000000 0.000000
vn -0.156427 -0.987689 0.000000
vn -0.156427 -0.987689 0.000000
vn -0.000002 -1.000000 0.000000
vn 0.156432 -0.987689 0.000000
vn -0.000002 -1.000000 0.000000
vn 0.156432 -0.987689 0.000000
vn -0.000002 -1.000000 0.000000
vn -0.000002 -1.000000 0.000000
vn 0.156432 -0.987689 0.000000
vn 0.309021 -0.951055 0.000000
vn 0.156432 -0.987689 0.000000
vn 0.309021 -0.951055 0.000000
vn 0.156432 -0.987689 0.000000
vn 0.156432 -0.987689 0.000000
vn 0.309021 -0.951055 0.000000
vn 0.453985 -0.891010 0.000000
vn 0.309021 -0.951055 0.000000
vn 0.453985 -0.891010 0.000000
vn 0.309021 -0.951055 0.000000
vn 0.309021 -0.951055 0.000000
vn 0.453985 -0.891010 0.000000
vn 0.587772 -0.809026 0.000000
vn 0.453985 -0.891010 0.000000
vn 0.587774 -0.809025 0.000000
vn 0.453985 -0.891010 0.000000
vn 0.453985 -0.891010 0.000000
vn 0.587772 -0.809026 0.000000
vn 0.707109 -0.707105 0.000000
vn 0.587774 -0.809025 0.000000
vn 0.707112 -0.707102 0.000000
vn 0.587772 -0.809026 0.000000
vn 0.587774 -0.809025 0.000000
vn 0.707109 -0.707105 0.000000
vn -0.645411 0.763836 0.000001
vn -0.454046 0.890979 0.000135
vn -0.587743 0.809047 0.000135
vn -0.474659 0.880170 0.000000
vn -0.454046 0.890979 0.000135
vn -0.645411 0.763836 0.000001
vn 0.000000 0.000000 -1.000000
vn 0.000000 0.000000 -1.000000
vn 0.000000 0.000000 -1.000000
vn 0.000000 0.000000 -1.000000
vn 0.000000 0.000000 -1.000000
vn 0.000000 0.000000 -1.000000
vn 0.000000 0.000000 -1.000000
vn 0.000000 0.000000 -1.000000
vn 0.000000 0.000000 -1.000000
vn 0.000000 0.000000 -1.000000
vn 0.000000 0.000000 -1.000000
vn 0.000000 0.000000 -1.000000
vn 0.000000 0.000000 -1.000000
vn 0.000000 0.000000 -1.000000
vn 0.000000 0.000000 -1.000000
vn 0.000000 0.000000 -1.000000
vn 0.000000 0.000000 -1.000000
vn 0.000000 0.000000 -1.000000
vn 0.000000 0.000000 -1.000000
vn 0.000000 0.000000 -1.000000
vn 0.000000 0.000000 -1.000000
vn 0.000000 0.000000 -1.000000
vn 0.000000 0.000000 -1.000000
vn 0.000000 0.000000 -1.000000
vn 0.000000 0.000000 -1.000000
vn 0.000000 0.000000 -1.000000
vn 0.000000 0.000000 -1.000000
vn 0.000000 0.000000 -1.000000
vn 0.000000 0.000000 -1.000000
vn 0.000000 0.000000 -1.000000
vn 0.000000 0.000000 -1.000000
vn 0.000000 0.000000 -1.000000
vn 0.000000 0.000000 -1.000000
vn 0.000000 0.000000 -1.000000
vn 0.000000 0.000000 -1.000000
vn 0.000000 0.000000 -1.000000
vn 0.000000 0.000000 -1.000000
vn 0.000000 0.000000 -1.000000
vn 0.000000 0.000000 -1.000000
vn 0.000000 0.000000 -1.000000
vn 0.000000 0.000000 -1.000000
vn 0.000000 0.000000 -1.000000
vn 0.000000 0.000000 -1.000000
vn 0.000000 0.000000 -1.000000
vn 0.000000 0.000000 -1.000000
vn 0.000000 0.000000 -1.000000
vn 0.000000 0.000000 -1.000000
vn 0.000000 0.000000 -1.000000
vn 0.000000 0.000000 -1.000000
vn 0.000000 0.000000 -1.000000
vn 0.000000 0.000000 -1.000000
vn 0.000000 0.000000 -1.000000
vn 0.000000 0.000000 -1.000000
vn 0.000000 0.000000 -1.000000
vn 0.000000 0.000000 -1.000000
vn 0.000000 0.000000 -1.000000
vn 0.000000 0.000000 -1.000000
vn 0.000000 0.000000 -1.000000
vn 0.000000 0.000000 -1.000000
vn 0.000000 0.000000 -1.000000
vn 0.000000 0.000000 -1.000000
vn 0.000000 0.000000 -1.000000
vn 0.000000 0.000000 -1.000000
vn 0.000000 0.000000 -1.000000
vn 0.000000 0.000000 -1.000000
vn 0.000000 0.000000 -1.000000
vn 0.000000 0.000000 -1.000000
vn 0.000000 0.000000 -1.000000
vn 0.000000 0.000000 -1.000000
vn 0.000000 0.000000 -1.000000
vn 0.000000 0.000000 -1.000000
vn 0.000000 0.000000 -1.000000
vn 0.000000 0.000000 -1.000000
vn 0.000000 0.000000 -1.000000
vn 0.000000 0.000000 -1.000000
vn 0.000000 0.000000 -1.000000
vn 0.000000 0.000000 -1.000000
vn 0.000000 0.000000 -1.000000
vn 0.000000 0.000000 -1.000000
vn 0.000000 0.000000 -1.000000
vn 0.000000 0.000000 -1.000000
vn 0.000000 0.000000 -1.000000
vn 0.000000 0.000000 -1.000000
vn 0.000000 0.000000 -1.000000
vn 0.000000 0.000000 -1.000000
vn 0.000000 0.000000 -1.000000
vn 0.000000 0.000000 -1.000000
vn 0.000000 0.000000 -1.000000
vn 0.000000 0.000000 -1.000000
vn 0.000000 0.000000 -1.000000
vn 0.000000 0.000000 -1.000000
vn 0.000000 0.000000 -1.000000
vn 0.000000 0.000000 -1.000000
vn 0.000000 0.000000 -1.000000
vn 0.000000 0.000000 -1.000000
vn 0.000000 0.000000 -1.000000
vn 0.000000 0.000000 -1.000000
vn 0.000000 0.000000 -1.000000
vn 0.000000 0.000000 -1.000000
vn 0.000000 0.000000 -1.000000
vn 0.000000 0.000000 -1.000000
vn 0.000000 0.000000 -1.000000
vn 0.000000 0.000000 -1.000000
vn 0.000000 0.000000 -1.000000
vn 0.000000 0.000000 -1.000000
vn 0.000000 0.000000 -1.000000
vn 0.000000 0.000000 -1.000000
vn 0.000000 0.000000 -1.000000
vn 0.000000 0.000000 -1.000000
vn 0.000000 0.000000 -1.000000
vn 0.000000 0.000000 -1.000000
vn 0.000000 0.000000 -1.000000
vn 0.000000 0.000000 -1.000000
vn 0.000000 0.000000 -1.000000
vn 0.809009 -0.587796 0.000000
vn 0.707109 -0.707105 0.000000
vn 0.707112 -0.707102 0.000000
vn 0.809008 -0.587797 0.000000
vn 0.707109 -0.707105 0.000000
vn 0.809009 -0.587796 0.000000
vn -0.474659 0.880170 0.000000
vn -0.308986 0.951066 0.000000
vn -0.454046 0.890979 0.000135
vn -0.309004 0.951061 -0.000000
vn -0.308986 0.951066 0.000000
vn -0.474659 0.880170 0.000000
vn -0.309004 0.951061 -0.000000
vn -0.156465 0.987684 -0.000000
vn -0.308986 0.951066 0.000000
vn -0.156457 0.987685 -0.000000
vn -0.156465 0.987684 -0.000000
vn -0.309004 0.951061 -0.000000
vn -0.156457 0.987685 -0.000000
vn -0.000002 1.000000 -0.000000
vn -0.156465 0.987684 -0.000000
vn -0.000002 1.000000 -0.000000
vn -0.000002 1.000000 -0.000000
vn -0.156457 0.987685 -0.000000
vn -0.000002 1.000000 -0.000000
vn 0.156469 0.987683 -0.000000
vn -0.000002 1.000000 -0.000000
vn 0.156462 0.987684 -0.000000
vn 0.156469 0.987683 -0.000000
vn -0.000002 1.000000 -0.000000
vn 0.156462 0.987684 -0.000000
vn 0.309016 0.951057 -0.000000
vn 0.156469 0.987683 -0.000000
vn 0.309022 0.951055 -0.000000
vn 0.309016 0.951057 -0.000000
vn 0.156462 0.987684 -0.000000
vn 0.309022 0.951055 -0.000000
vn 0.453947 0.891029 -0.000000
vn 0.309016 0.951057 -0.000000
vn 0.453959 0.891023 0.000000
vn 0.453947 0.891029 -0.000000
vn 0.309022 0.951055 -0.000000
vn 0.453959 0.891023 0.000000
vn 0.587762 0.809034 0.000000
vn 0.453947 0.891029 -0.000000
vn 0.587774 0.809025 0.000000
vn 0.587762 0.809034 0.000000
vn 0.453959 0.891023 0.000000
vn 0.587774 0.809025 0.000000
vn 0.707119 0.707095 0.000000
vn 0.587762 0.809034 0.000000
vn 0.707111 0.707102 0.000000
vn 0.707119 0.707095 0.000000
vn 0.587774 0.809025 0.000000
vn 0.707119 0.707095 0.000000
vn 0.809019 0.587782 0.000000
vn 0.809027 0.587771 0.000000
vn 0.707111 0.707102 0.000000
vn 0.809019 0.587782 0.000000
vn 0.707119 0.707095 0.000000
vn 0.809027 0.587771 0.000000
vn 0.891021 0.453962 0.000000
vn 0.891019 0.453965 0.000000
vn 0.809019 0.587782 0.000000
vn 0.891021 0.453962 0.000000
vn 0.809027 0.587771 0.000000
vn 0.891019 0.453965 0.000000
vn 0.951060 0.309005 0.000000
vn 0.951061 0.309004 0.000000
vn 0.891021 0.453962 0.000000
vn 0.951060 0.309005 0.000000
vn 0.891019 0.453965 0.000000
vn 0.951061 0.309004 0.000000
vn 0.987683 0.156466 0.000000
vn 0.987684 0.156464 0.000000
vn 0.951060 0.309005 0.000000
vn 0.987683 0.156466 0.000000
vn 0.951061 0.309004 0.000000
vn 0.987684 0.156464 0.000000
vn 1.000000 -0.000003 0.000000
vn 1.000000 -0.000003 0.000000
vn 0.987683 0.156466 0.000000
vn 1.000000 -0.000003 0.000000
vn 0.987684 0.156464 0.000000
vn 1.000000 -0.000003 0.000000
vn 0.987683 -0.156469 0.000000
vn 0.987683 -0.156469 0.000000
vn 1.000000 -0.000003 0.000000
vn 0.987683 -0.156469 0.000000
vn 1.000000 -0.000003 0.000000
vn 0.987683 -0.156469 0.000000
vn 0.951064 -0.308994 0.000000
vn 0.951064 -0.308994 0.000000
vn 0.987683 -0.156469 0.000000
vn 0.951064 -0.308994 0.000000
vn 0.987683 -0.156469 0.000000
vn 0.951064 -0.308994 0.000000
vn 0.891019 -0.453966 0.000000
vn 0.891019 -0.453966 0.000000
vn 0.951064 -0.308994 0.000000
vn 0.891019 -0.453966 0.000000
vn 0.951064 -0.308994 0.000000
vn 0.891019 -0.453966 0.000000
vn 0.809008 -0.587797 0.000000
vn 0.809009 -0.587796 0.000000
vn 0.891019 -0.453966 0.000000
vn 0.809008 -0.587797 0.000000
vn 0.891019 -0.453966 0.000000
vn 0.000015 0.000032 1.000000
vn 0.000017 0.000018 1.000000
vn 0.000038 0.000019 1.000000
vn 0.000015 0.000032 1.000000
vn -0.000002 0.000005 1.000000
vn 0.000017 0.000018 1.000000
vn 0.000015 0.000032 1.000000
vn -0.000001 0.000005 1.000000
vn -0.000002 0.000005 1.000000
vn 0.000015 0.000032 1.000000
vn -0.000000 0.000006 1.000000
vn -0.000001 0.000005 1.000000
vn 0.000015 0.000032 1.000000
vn 0.000001 0.000006 1.000000
vn -0.000000 0.000006 1.000000
vn 0.000015 0.000032 1.000000
vn 0.000002 0.000006 1.000000
vn 0.000001 0.000006 1.000000
vn 0.000015 0.000032 1.000000
vn 0.000003 0.000007 1.000000
vn 0.000002 0.000006 1.000000
vn 0.000015 0.000032 1.000000
vn 0.000005 0.000007 1.000000
vn 0.000003 0.000007 1.000000
vn 0.000007 0.000005 1.000000
vn 0.000005 0.000007 1.000000
vn 0.000015 0.000032 1.000000
vn 0.000069 0.000005 1.000000
vn 0.000007 0.000005 1.000000
vn 0.000015 0.000032 1.000000
vn 0.000000 0.000000 1.000000
vn 0.000007 0.000005 1.000000
vn 0.000069 0.000005 1.000000
vn 0.000000 0.000000 1.000000
vn 0.000000 0.000000 1.000000
vn 0.000069 0.000005 1.000000
vn 0.000000 0.000000 1.000000
vn 0.000000 0.000000 1.000000
vn 0.000000 0.000000 1.000000
vn 0.000000 0.000000 1.000000
vn 0.000000 0.000000 1.000000
vn 0.000000 0.000000 1.000000
vn 0.000000 0.000000 1.000000
vn 0.000000 0.000000 1.000000
vn 0.000000 0.000000 1.000000
vn 0.000000 0.000000 1.000000
vn 0.000000 0.000000 1.000000
vn 0.000000 0.000000 1.000000
vn 0.000000 0.000000 1.000000
vn 0.000000 0.000000 1.000000
vn 0.000000 0.000000 1.000000
vn 0.000000 0.000000 1.000000
vn 0.000000 0.000000 1.000000
vn 0.000000 0.000000 1.000000
vn 0.000000 0.000000 1.000000
vn 0.000000 0.000000 1.000000
vn 0.000000 0.000000 1.000000
vn 0.000000 0.000000 1.000000
vn 0.000000 0.000000 1.000000
vn 0.000000 0.000000 1.000000
vn 0.000000 0.000000 1.000000
vn 0.000000 0.000000 1.000000
vn 0.000000 0.000000 1.000000
vn 0.000000 0.000000 1.000000
vn 0.000000 0.000000 1.000000
vn 0.000000 0.000000 1.000000
vn 0.000000 0.000000 1.000000
vn 0.000000 0.000000 1.000000
vn 0.000000 0.000000 1.000000
vn 0.000000 0.000000 1.000000
vn 0.000000 0.000000 1.000000
vn 0.000000 0.000000 1.000000
vn 0.000000 0.000000 1.000000
vn 0.000000 0.000000 1.000000
vn 0.000000 0.000000 1.000000
vn 0.000000 0.000000 1.000000
vn 0.000000 0.000000 1.000000
vn 0.000000 0.000000 1.000000
vn 0.000000 0.000000 1.000000
vn 0.000000 0.000000 1.000000
vn 0.000000 0.000000 1.000000
vn -0.000066 0.000000 1.000000
vn 0.000000 0.000000 1.000000
vn 0.000000 0.000000 1.000000
vn -0.000006 0.000005 1.000000
vn 0.000000 0.000000 1.000000
vn -0.000066 0.000000 1.000000
vn -0.000071 0.000013 1.000000
vn -0.000006 0.000005 1.000000
vn -0.000066 0.000000 1.000000
vn -0.000004 0.000008 1.000000
vn -0.000006 0.000005 1.000000
vn -0.000071 0.000013 1.000000
vn -0.000022 0.000019 1.000000
vn -0.000004 0.000008 1.000000
vn -0.000071 0.000013 1.000000
vn -0.000043 0.000027 1.000000
vn -0.000022 0.000019 1.000000
vn -0.000071 0.000013 1.000000
vn -0.000043 0.000027 1.000000
vn -0.000048 0.000209 1.000000
vn -0.000022 0.000019 1.000000
vn -0.000043 0.000027 1.000000
vn -0.000048 0.000614 1.000000
vn -0.000048 0.000209 1.000000
vn -0.981687 -0.190499 0.000000
vn -0.963601 -0.267345 0.000000
vn -0.963601 -0.267345 0.000000
vn -0.981687 -0.190499 0.000000
vn -0.963601 -0.267345 0.000000
vn -0.981687 -0.190499 0.000000
vn -0.999431 -0.033737 0.000000
vn -0.981687 -0.190499 0.000000
vn -0.981687 -0.190499 0.000000
vn -0.999431 -0.033737 0.000000
vn -0.981687 -0.190499 0.000000
vn -0.999431 -0.033737 0.000000
vn 0.224556 -0.974461 0.000000
vn 0.224084 -0.974570 0.000000
vn 0.224556 -0.974461 -0.000000
vn 0.224084 -0.974570 0.000000
vn 0.224084 -0.974570 0.000000
vn 0.224556 -0.974461 0.000000
vn -0.992299 0.123863 0.000000
vn -0.999431 -0.033737 0.000000
vn -0.999431 -0.033737 0.000000
vn -0.992299 0.123863 0.000000
vn -0.999431 -0.033737 0.000000
vn -0.992299 0.123863 0.000000
vn 0.225029 -0.974352 0.000001
vn 0.224556 -0.974461 -0.000000
vn 0.215654 -0.976470 0.000000
vn 0.215654 -0.976470 0.000000
vn 0.225029 -0.974352 0.000001
vn 0.215654 -0.976470 0.000000
vn 0.215654 -0.976470 0.000000
vn 0.225030 -0.974352 0.000000
vn 0.225029 -0.974352 0.000001
vn 0.224556 -0.974461 0.000000
vn 0.224556 -0.974461 -0.000000
vn 0.225029 -0.974352 -0.000001
vn 0.225029 -0.974352 -0.000001
vn 0.224556 -0.974461 -0.000000
vn 0.225029 -0.974352 0.000001
vn 0.224556 -0.974461 0.000000
vn 0.225029 -0.974352 -0.000001
vn 0.225029 -0.974352 0.000000
vn -0.960470 0.278383 0.000000
vn -0.992299 0.123863 0.000000
vn -0.992299 0.123863 0.000000
vn -0.960470 0.278383 0.000000
vn -0.992299 0.123863 0.000000
vn -0.960470 0.278383 0.000000
vn 0.206259 -0.978497 0.000000
vn 0.215654 -0.976470 0.000000
vn 0.206259 -0.978497 0.000000
vn 0.206259 -0.978497 0.000000
vn 0.215654 -0.976470 0.000000
vn 0.215654 -0.976470 0.000000
vn -0.904736 0.425974 0.000000
vn -0.960470 0.278383 0.000000
vn -0.960470 0.278383 0.000000
vn -0.904736 0.425973 0.000000
vn -0.960470 0.278383 0.000000
vn -0.904736 0.425974 0.000000
vn 0.972096 0.234584 0.000000
vn 0.988019 0.154334 0.000000
vn 0.988019 0.154334 0.000000
vn 0.972096 0.234584 0.000000
vn 0.988019 0.154334 0.000000
vn 0.972096 0.234584 0.000000
vn -0.826484 0.562960 0.000000
vn -0.904736 0.425973 0.000000
vn -0.904736 0.425974 0.000000
vn -0.826484 0.562960 0.000000
vn -0.904736 0.425973 0.000000
vn -0.826484 0.562960 0.000000
vn 0.920881 0.389844 0.000000
vn 0.972096 0.234584 0.000000
vn 0.972096 0.234584 0.000000
vn 0.920881 0.389843 0.000000
vn 0.972096 0.234584 0.000000
vn 0.920881 0.389844 0.000000
vn -0.727660 0.685938 0.000000
vn -0.826484 0.562960 0.000000
vn -0.826484 0.562960 0.000000
vn -0.727660 0.685938 0.000000
vn -0.826484 0.562960 0.000000
vn -0.727660 0.685938 0.000000
vn 0.845051 0.534686 0.000000
vn 0.920881 0.389843 0.000000
vn 0.920881 0.389844 0.000000
vn 0.845051 0.534686 0.000000
vn 0.920881 0.389843 0.000000
vn 0.845051 0.534686 0.000000
vn -0.727660 0.685938 0.000000
vn -0.610726 0.791842 0.000000
vn -0.727660 0.685938 0.000000
vn -0.610726 0.791842 0.000000
vn -0.610726 0.791842 0.000000
vn -0.727660 0.685938 0.000000
vn 0.746632 0.665237 0.000000
vn 0.845051 0.534686 0.000000
vn 0.845051 0.534686 0.000000
vn 0.746632 0.665237 0.000000
vn 0.845051 0.534686 0.000000
vn 0.746632 0.665237 0.000000
vn -0.610726 0.791842 0.000000
vn -0.478591 0.878038 0.000000
vn -0.610726 0.791842 0.000000
vn -0.478591 0.878038 0.000000
vn -0.478591 0.878038 0.000000
vn -0.610726 0.791842 0.000000
vn 0.628259 0.778004 0.000000
vn 0.746632 0.665237 0.000000
vn 0.628259 0.778004 0.000000
vn 0.746632 0.665237 0.000000
vn 0.746632 0.665237 0.000000
vn 0.628259 0.778004 0.000000
vn -0.478591 0.878038 0.000000
vn -0.407839 0.913054 0.000000
vn -0.478591 0.878038 0.000000
vn -0.407839 0.913054 0.000000
vn -0.407839 0.913054 0.000000
vn -0.478591 0.878038 0.000000
vn 0.493089 0.869979 0.000000
vn 0.628259 0.778004 0.000000
vn 0.493089 0.869979 0.000000
vn 0.628259 0.778004 0.000000
vn 0.628259 0.778004 0.000000
vn 0.493089 0.869979 0.000000
vn -0.972347 -0.233542 0.000000
vn -0.972347 -0.233542 0.000000
vn -0.972347 -0.233542 0.000000
vn -0.972347 -0.233542 0.000000
vn -0.972347 -0.233542 0.000000
vn -0.972347 -0.233542 0.000000
vn 0.344737 0.938699 0.000000
vn 0.493089 0.869979 0.000000
vn 0.344737 0.938699 0.000000
vn 0.493089 0.869979 0.000000
vn 0.493089 0.869979 0.000000
vn 0.344737 0.938699 0.000000
vn -0.999174 0.040648 0.000000
vn -0.999174 0.040648 0.000000
vn -0.999174 0.040648 0.000000
vn -0.999174 0.040648 0.000000
vn -0.999174 0.040648 0.000000
vn -0.999174 0.040648 0.000000
vn 0.187175 0.982327 0.000000
vn 0.344737 0.938699 0.000000
vn 0.187175 0.982327 0.000000
vn 0.344737 0.938699 0.000000
vn 0.344737 0.938699 0.000000
vn 0.187175 0.982327 0.000000
vn -0.848823 0.528676 0.000000
vn -0.848823 0.528676 0.000000
vn -0.848823 0.528676 0.000000
vn -0.848823 0.528676 0.000000
vn -0.848823 0.528676 0.000000
vn -0.848823 0.528676 0.000000
vn 0.024608 0.999697 0.000000
vn 0.187175 0.982327 0.000000
vn 0.024608 0.999697 0.000000
vn 0.187175 0.982327 0.000000
vn 0.187175 0.982327 0.000000
vn 0.024608 0.999697 0.000000
vn -0.478791 0.877929 0.000000
vn -0.478791 0.877929 0.000000
vn -0.478791 0.877929 0.000000
vn -0.478791 0.877929 0.000000
vn -0.478791 0.877929 0.000000
vn -0.478791 0.877929 0.000000
vn -0.057201 0.998363 0.000000
vn 0.024608 0.999697 0.000000
vn -0.057201 0.998363 0.000000
vn 0.024608 0.999697 0.000000
vn 0.024608 0.999697 0.000000
vn -0.057201 0.998363 0.000000
vn 0.047620 0.998865 0.000000
vn 0.047620 0.998866 0.000000
vn 0.047620 0.998865 0.000000
vn 0.047620 0.998866 0.000000
vn 0.047620 0.998865 0.000000
vn 0.047620 0.998865 0.000000
vn 0.976401 0.215966 0.000000
vn 0.976401 0.215966 0.000000
vn 0.976401 0.215966 0.000000
vn 0.976401 0.215966 0.000000
vn 0.976401 0.215966 0.000000
vn 0.976401 0.215966 0.000000
vn 0.517277 0.855818 0.000000
vn 0.517277 0.855818 0.000000
vn 0.517277 0.855818 0.000000
vn 0.517277 0.855818 0.000000
vn 0.517277 0.855818 0.000000
vn 0.517277 0.855818 0.000000
vn 0.882288 0.470709 0.000000
vn 0.882288 0.470709 0.000000
vn 0.882288 0.470709 0.000000
vn 0.882288 0.470709 0.000000
vn 0.882288 0.470709 0.000000
vn 0.882288 0.470709 0.000000
vn -0.213590 0.976923 0.000000
vn -0.213590 0.976923 0.000000
vn -0.213590 0.976923 0.000000
vn -0.213590 0.976923 0.000000
vn -0.213590 0.976923 0.000000
vn -0.213590 0.976923 0.000000
vn -0.970880 -0.239567 0.000000
vn -0.970880 -0.239567 0.000000
vn -0.970880 -0.239567 0.000000
vn -0.970880 -0.239567 0.000000
vn -0.970880 -0.239567 0.000000
vn -0.970880 -0.239567 0.000000
vn -0.213501 0.976943 -0.000000
vn -0.213501 0.976943 -0.000000
vn -0.213501 0.976943 -0.000000
vn -0.213501 0.976943 0.000000
vn -0.213501 0.976943 -0.000000
vn -0.213501 0.976943 -0.000000
vn -0.976923 -0.213590 0.000000
vn -0.976923 -0.213590 0.000000
vn -0.976924 -0.213590 0.000000
vn -0.976924 -0.213590 0.000000
vn -0.976923 -0.213590 0.000000
vn -0.976923 -0.213590 0.000000
vn 0.974274 0.225368 0.000000
vn 0.974274 0.225368 0.000000
vn 0.974274 0.225368 0.000000
vn 0.974274 0.225368 0.000000
vn 0.974274 0.225368 0.000000
vn 0.974274 0.225368 0.000000
vn 0.974274 0.225368 0.000000
vn 0.974274 0.225368 0.000000
vn 0.974274 0.225368 0.000000
vn 0.222083 -0.975028 0.000000
vn 0.222084 -0.975028 0.000000
vn 0.222084 -0.975028 0.000000
vn 0.222083 -0.975028 0.000000
vn 0.222083 -0.975028 0.000000
vn 0.222084 -0.975028 0.000000
vn 0.222083 -0.975028 0.000000
vn 0.222083 -0.975028 0.000000
vn 0.222083 -0.975028 0.000000
vn 0.222083 -0.975028 0.000000
vn 0.222083 -0.975028 0.000000
vn 0.222083 -0.975028 0.000000
vn 0.879212 0.476431 -0.000000
vn 0.879212 0.476431 -0.000000
vn 0.879212 0.476431 -0.000000
vn 0.879212 0.476431 0.000000
vn 0.879212 0.476431 -0.000000
vn 0.879212 0.476431 -0.000000
vn -0.999286 0.037774 0.000000
vn -0.999286 0.037774 0.000000
vn -0.999286 0.037774 0.000000
vn -0.999286 0.037774 0.000000
vn -0.999286 0.037774 0.000000
vn -0.999286 0.037774 0.000000
vn 0.518479 0.855090 0.000000
vn 0.518479 0.855090 0.000000
vn 0.518479 0.855090 0.000000
vn 0.518479 0.855090 0.000000
vn 0.518479 0.855090 0.000000
vn 0.518479 0.855090 0.000000
vn 0.050165 0.998741 0.000000
vn 0.050165 0.998741 0.000000
vn 0.050165 0.998741 0.000000
vn 0.050165 0.998741 0.000000
vn 0.050165 0.998741 0.000000
vn 0.050165 0.998741 0.000000
vn -0.478995 0.877818 0.000000
vn -0.478995 0.877818 0.000000
vn -0.478994 0.877818 0.000000
vn -0.478994 0.877818 0.000000
vn -0.478995 0.877818 0.000000
vn -0.478995 0.877818 0.000000
vn -0.852922 0.522038 0.000000
vn -0.852922 0.522038 0.000000
vn -0.852922 0.522038 0.000000
vn -0.852922 0.522038 0.000000
vn -0.852922 0.522038 0.000000
vn -0.852922 0.522038 0.000000
vn 0.516495 0.856290 -0.000011
vn 0.516535 0.856266 -0.000006
vn 0.516583 0.856237 -0.000000
vn 0.516495 0.856290 -0.000011
vn 0.516490 0.856293 -0.000003
vn 0.516535 0.856266 -0.000006
vn 0.516490 0.856293 -0.000003
vn 0.516490 0.856293 -0.000003
vn 0.516535 0.856266 -0.000006
vn 0.881091 0.472946 -0.000007
vn 0.881091 0.472947 0.000009
vn 0.881091 0.472947 0.000008
vn 0.881091 0.472946 -0.000007
vn 0.881091 0.472947 0.000008
vn 0.881098 0.472934 -0.000006
vn 0.881106 0.472919 -0.000005
vn 0.881091 0.472946 -0.000007
vn 0.881098 0.472934 -0.000006
vn 0.049386 0.998780 0.000230
vn 0.049702 0.998334 0.029300
vn 0.049019 0.998798 0.000000
vn 0.049384 0.998742 0.008638
vn 0.049702 0.998334 0.029300
vn 0.049386 0.998780 0.000230
vn 0.049716 0.998763 -0.000461
vn 0.049384 0.998742 0.008638
vn 0.049386 0.998780 0.000230
vn 0.049015 0.998720 -0.012492
vn 0.049384 0.998742 0.008638
vn 0.049716 0.998763 -0.000461
vn 0.000000 0.000000 1.000000
vn 0.000006 -0.000000 1.000000
vn 0.000002 -0.000002 1.000000
vn -0.000000 0.000000 1.000000
vn 0.000006 -0.000000 1.000000
vn 0.000000 0.000000 1.000000
vn -0.000001 0.000005 1.000000
vn -0.000000 0.000000 1.000000
vn 0.000000 0.000000 1.000000
vn -0.000001 0.000005 1.000000
vn -0.000001 0.000006 1.000000
vn -0.000000 0.000000 1.000000
vn 0.000001 -0.000001 1.000000
vn 0.000002 -0.000002 1.000000
vn 0.000006 -0.000000 1.000000
vn 0.000001 -0.000001 1.000000
vn 0.000001 -0.000001 1.000000
vn 0.000006 -0.000000 1.000000
vn 0.000001 -0.000001 1.000000
vn 0.000002 0.000000 1.000000
vn 0.000002 0.000000 1.000000
vn 0.000001 -0.000001 1.000000
vn 0.000002 0.000000 1.000000
vn 0.000001 -0.000001 1.000000
vn -0.000005 0.000001 1.000000
vn 0.000000 0.000000 1.000000
vn -0.000000 0.000000 1.000000
vn -0.000004 0.000003 1.000000
vn -0.000005 0.000001 1.000000
vn -0.000000 0.000000 1.000000
vn 0.000003 -0.000001 1.000000
vn 0.000002 0.000000 1.000000
vn 0.000002 0.000000 1.000000
vn 0.000003 -0.000001 1.000000
vn 0.000003 -0.000001 1.000000
vn 0.000002 0.000000 1.000000
vn 0.000003 -0.000003 1.000000
vn 0.000003 -0.000001 1.000000
vn 0.000003 -0.000001 1.000000
vn 0.000004 -0.000003 1.000000
vn 0.000003 -0.000003 1.000000
vn 0.000003 -0.000001 1.000000
vn 0.000001 -0.000003 1.000000
vn 0.000003 -0.000003 1.000000
vn 0.000004 -0.000003 1.000000
vn 0.000001 -0.000003 1.000000
vn 0.000001 -0.000003 1.000000
vn 0.000004 -0.000003 1.000000
vn -0.000001 -0.000003 1.000000
vn 0.000001 -0.000003 1.000000
vn 0.000001 -0.000003 1.000000
vn -0.000001 -0.000003 1.000000
vn 0.000001 -0.000003 1.000000
vn -0.000001 -0.000003 1.000000
vn -0.000002 -0.000002 1.000000
vn -0.000001 -0.000003 1.000000
vn -0.000001 -0.000003 1.000000
vn -0.000002 -0.000002 1.000000
vn -0.000001 -0.000003 1.000000
vn -0.000002 -0.000002 1.000000
vn 0.000002 0.000001 1.000000
vn -0.000002 -0.000002 1.000000
vn -0.000002 -0.000002 1.000000
vn 0.000002 0.000001 1.000000
vn -0.000002 -0.000002 1.000000
vn 0.000002 0.000001 1.000000
vn -0.000001 -0.000002 1.000000
vn 0.000002 0.000001 1.000000
vn 0.000002 0.000001 1.000000
vn -0.000001 -0.000002 1.000000
vn 0.000002 0.000001 1.000000
vn -0.000001 -0.000002 1.000000
vn -0.000001 -0.000000 1.000000
vn -0.000001 -0.000002 1.000000
vn -0.000001 -0.000002 1.000000
vn -0.000001 -0.000000 1.000000
vn -0.000000 -0.000000 1.000000
vn -0.000001 -0.000002 1.000000
vn -0.000004 0.000003 1.000000
vn -0.000000 -0.000000 1.000000
vn -0.000001 -0.000000 1.000000
vn -0.000004 0.000003 1.000000
vn -0.000001 -0.000000 1.000000
vn -0.000005 0.000001 1.000000
vn 0.976793 0.214187 -0.000010
vn 0.976793 0.214185 -0.000011
vn 0.976793 0.214184 -0.000012
vn 0.976621 0.214963 -0.001716
vn 0.976793 0.214185 -0.000011
vn 0.976793 0.214187 -0.000010
vn 0.976621 0.214963 -0.001716
vn 0.976793 0.214187 -0.000010
vn 0.976792 0.214188 -0.000027
vn 0.976621 0.214963 -0.001716
vn 0.976792 0.214188 -0.000027
vn 0.976794 0.214182 0.000043
vn 0.976621 0.214963 -0.001716
vn 0.976794 0.214182 0.000043
vn 0.976793 0.214184 0.000019
vn 0.976621 0.214963 -0.001716
vn 0.976793 0.214184 0.000019
vn 0.976793 0.214185 0.000013
vn 0.976621 0.214963 -0.001716
vn 0.976793 0.214185 0.000013
vn 0.976761 0.214333 -0.000315
vn 0.976621 0.214963 -0.001716
vn 0.976761 0.214333 -0.000315
vn 0.976555 0.215255 -0.002366
vn -0.481314 0.876546 -0.001943
vn -0.481219 0.876600 -0.000075
vn -0.481318 0.876544 -0.002018
vn -0.481215 0.876602 0.000000
vn -0.481219 0.876600 -0.000075
vn -0.481314 0.876546 -0.001943
vn 0.221632 -0.975130 -0.000002
vn 0.221632 -0.975131 -0.000002
vn 0.221632 -0.975130 -0.000000
vn 0.221632 -0.975130 -0.000002
vn 0.221632 -0.975130 -0.000000
vn 0.221632 -0.975130 0.000000
vn 0.221632 -0.975130 -0.000002
vn 0.221632 -0.975130 0.000000
vn 0.221632 -0.975130 0.000000
vn 0.971374 0.237555 0.000000
vn 0.971374 0.237555 0.000000
vn 0.971374 0.237555 0.000000
vn 0.971374 0.237555 0.000000
vn 0.971374 0.237555 0.000000
vn 0.971374 0.237555 0.000000
vn -0.226365 0.974043 0.000003
vn -0.226366 0.974042 0.000000
vn -0.226365 0.974043 0.000003
vn -0.226366 0.974042 0.000000
vn -0.226366 0.974042 0.000000
vn -0.226365 0.974043 0.000003
vn -0.849642 0.527360 -0.000002
vn -0.849642 0.527360 -0.000004
vn -0.849642 0.527360 -0.000004
vn -0.849642 0.527360 -0.000002
vn -0.849642 0.527360 -0.000002
vn -0.849642 0.527360 -0.000004
vn -0.999042 0.042077 -0.012006
vn -0.999143 0.041395 -0.000465
vn -0.999144 0.041368 0.000000
vn -0.999042 0.042077 -0.012006
vn -0.999035 0.042104 -0.012470
vn -0.999143 0.041395 -0.000465
vn -0.971349 -0.237658 0.000002
vn -0.971349 -0.237658 -0.000014
vn -0.971349 -0.237659 0.000000
vn -0.971349 -0.237658 0.000002
vn -0.971346 -0.237669 0.000023
vn -0.971349 -0.237658 -0.000014
vn -0.971349 -0.237658 0.000002
vn -0.971319 -0.237775 0.001399
vn -0.971346 -0.237669 0.000023
vn -0.971349 -0.237658 0.000002
vn -0.971348 -0.237662 0.000030
vn -0.971319 -0.237775 0.001399
vn -0.971349 -0.237658 0.000002
vn -0.971351 -0.237647 0.000001
vn -0.971348 -0.237662 0.000030
vn -0.971355 -0.237635 0.000000
vn -0.971351 -0.237647 0.000001
vn -0.971349 -0.237658 0.000002
vn -0.229725 0.973256 0.000000
vn -0.229725 0.973256 0.000000
vn -0.229725 0.973256 0.000000
vn -0.229725 0.973256 0.000000
vn -0.229725 0.973256 0.000000
vn -0.229725 0.973256 0.000000
vn -0.981913 -0.189331 0.000000
vn -0.981913 -0.189331 0.000000
vn -0.981913 -0.189331 0.000000
vn -0.981913 -0.189331 0.000000
vn -0.981913 -0.189331 0.000000
vn -0.981913 -0.189331 0.000000
vn 0.226525 -0.974005 -0.000002
vn 0.226525 -0.974005 -0.000003
vn 0.226520 -0.974006 0.000000
vn 0.226525 -0.974005 -0.000002
vn 0.226527 -0.974005 -0.000001
vn 0.226525 -0.974005 -0.000003
vn 0.226525 -0.974005 -0.000002
vn 0.226526 -0.974005 0.000000
vn 0.226527 -0.974005 -0.000001
vn 0.226526 -0.974005 0.000000
vn 0.226526 -0.974005 0.000000
vn 0.226525 -0.974005 -0.000002
vn 0.000000 0.000000 1.000000
vn 0.000000 0.000000 1.000000
vn 0.000000 0.000000 1.000000
vn 0.000000 0.000000 1.000000
vn 0.000000 0.000000 1.000000
vn 0.000000 0.000000 1.000000
vn 0.000000 0.000000 1.000000
vn 0.000000 0.000000 1.000000
vn 0.000000 0.000000 1.000000
vn 0.000000 0.000000 1.000000
vn 0.000000 0.000000 1.000000
vn 0.000000 0.000000 1.000000
vn 0.000000 0.000000 1.000000
vn 0.000000 0.000000 1.000000
vn 0.000000 0.000000 1.000000
vn 0.000000 0.000000 1.000000
vn 0.000000 0.000000 1.000000
vn 0.000000 0.000000 1.000000
vn 0.000000 0.000000 1.000000
vn 0.000000 0.000000 1.000000
vn 0.000000 0.000000 1.000000
vn 0.000000 0.000000 1.000000
vn 0.000000 0.000000 1.000000
vn 0.000000 0.000000 1.000000
vn 0.000000 0.000000 1.000000
vn 0.000000 0.000000 1.000000
vn 0.000000 0.000000 1.000000
vn 0.000000 0.000000 1.000000
vn 0.000000 0.000000 1.000000
vn 0.000000 0.000000 1.000000
vn 0.000000 0.000000 1.000000
vn 0.000000 0.000000 1.000000
vn 0.000000 0.000000 1.000000
vn 0.000000 0.000000 1.000000
vn 0.000000 0.000000 1.000000
vn 0.000000 0.000000 1.000000
vn 0.000000 0.000000 1.000000
vn 0.000000 0.000000 1.000000
vn 0.000000 0.000000 1.000000
vn 0.000000 0.000000 1.000000
vn 0.000000 0.000000 1.000000
vn 0.000000 0.000000 1.000000
vn 0.000000 0.000000 1.000000
vn 0.000000 0.000000 1.000000
vn 0.000000 0.000000 1.000000
vn 0.000000 0.000000 1.000000
vn 0.000000 0.000000 1.000000
vn 0.000000 0.000000 1.000000
vn 0.000000 0.000000 1.000000
vn 0.000000 0.000000 1.000000
vn 0.000000 0.000000 1.000000
vn 0.000000 0.000000 1.000000
vn 0.000000 0.000000 1.000000
vn 0.000000 0.000000 1.000000
vn 0.000000 0.000000 1.000000
vn 0.000000 0.000000 1.000000
vn 0.000000 0.000000 1.000000
vn 0.000000 0.000000 1.000000
vn 0.000000 0.000000 1.000000
vn 0.000000 0.000000 1.000000
vn 0.000000 0.000000 1.000000
vn 0.000000 0.000000 1.000000
vn 0.000000 0.000000 1.000000
vn 0.000000 0.000000 1.000000
vn 0.000000 0.000000 1.000000
vn 0.000000 0.000000 1.000000
vn 0.000000 0.000000 1.000000
vn 0.000000 0.000000 1.000000
vn 0.000000 0.000000 1.000000
vn 0.000000 0.000000 1.000000
vn 0.000000 0.000000 1.000000
vn 0.000000 0.000000 1.000000
vn 0.000000 0.000000 1.000000
vn 0.000000 0.000000 1.000000
vn 0.000000 0.000000 1.000000
vn 0.000000 0.000000 1.000000
vn 0.000000 0.000000 1.000000
vn 0.000000 0.000000 1.000000
vn 0.000000 0.000000 1.000000
vn 0.000000 0.000000 1.000000
vn 0.000000 0.000000 1.000000
vn 0.000000 0.000000 1.000000
vn 0.000000 0.000000 1.000000
vn 0.000000 0.000000 1.000000
vn 0.000000 0.000000 1.000000
vn 0.000000 0.000000 1.000000
vn 0.000000 0.000000 1.000000
vn 0.000000 0.000000 1.000000
vn 0.000000 0.000000 1.000000
vn 0.000000 0.000000 1.000000
vn 0.000000 0.000000 1.000000
vn 0.000000 0.000000 1.000000
vn 0.000000 0.000000 1.000000
vn 0.000000 0.000000 1.000000
vn 0.000000 0.000000 1.000000
vn 0.000000 0.000000 1.000000
vn 0.000000 0.000000 1.000000
vn 0.000000 0.000000 1.000000
vn 0.000000 0.000000 1.000000
vn 0.000000 0.000000 1.000000
vn 0.000000 0.000000 1.000000
vn 0.000000 0.000000 1.000000
vn 0.000000 0.000000 1.000000
vn 0.000000 0.000000 1.000000
vn 0.000000 0.000000 1.000000
vn 0.000000 0.000000 1.000000
vn 0.000000 0.000000 1.000000
vn 0.000000 0.000000 1.000000
vn 0.000000 0.000000 1.000000
vn 0.000000 0.000000 1.000000
vn 0.000000 0.000000 1.000000
vn 0.000000 0.000000 1.000000
vn 0.000000 0.000000 1.000000
vn 0.000000 0.000000 1.000000
vn 0.000000 0.000000 1.000000
vn 0.000000 0.000000 1.000000
vn 0.000000 0.000000 1.000000
vn 0.000000 0.000000 1.000000
vn 0.000000 0.000000 1.000000
vn 0.000000 0.000000 1.000000
vn 0.000000 0.000000 1.000000
vn 0.000000 0.000000 1.000000
vn 0.000000 0.000000 1.000000
vn 0.000000 0.000000 1.000000
vn 0.000000 0.000000 1.000000
vn 0.000000 0.000000 1.000000
vn 0.000000 0.000000 1.000000
vn 0.000000 0.000000 1.000000
vn 0.000000 0.000000 1.000000
vn 0.000000 0.000000 1.000000
vn 0.000000 0.000000 1.000000
vn 0.000000 0.000000 1.000000
vn 0.053818 0.998551 0.000000
vn 0.053819 0.998551 0.000021
vn 0.053818 0.998551 0.000000
vn 0.053819 0.998551 0.000022
vn 0.053819 0.998551 0.000021
vn 0.053818 0.998551 0.000000
vn -0.482305 0.876003 0.000001
vn -0.482305 0.876003 0.000000
vn -0.482305 0.876003 0.000001
vn -0.482305 0.876003 0.000000
vn -0.482305 0.876003 0.000000
vn -0.482305 0.876003 0.000001
vn -0.848617 0.529008 0.000003
vn -0.848617 0.529007 0.000011
vn -0.848617 0.529007 0.000012
vn -0.848617 0.529008 0.000003
vn -0.848617 0.529007 0.000011
vn -0.848617 0.529008 0.000003
vn -0.999243 0.038908 0.000001
vn -0.999243 0.038908 0.000000
vn -0.999243 0.038908 0.000000
vn -0.999243 0.038908 0.000001
vn -0.999243 0.038908 0.000000
vn -0.999243 0.038908 0.000001
vn -0.969857 -0.243675 -0.000000
vn -0.969857 -0.243675 -0.000001
vn -0.969857 -0.243675 -0.000001
vn -0.969857 -0.243675 0.000000
vn -0.969857 -0.243675 -0.000001
vn -0.969857 -0.243675 -0.000000
vn -0.523856 0.851807 -0.000002
vn -0.458295 0.888800 0.000002
vn -0.523856 0.851807 -0.000003
vn -0.458294 0.888801 0.000005
vn -0.458295 0.888800 0.000002
vn -0.523856 0.851807 -0.000002
vn -0.645715 0.763579 0.000003
vn -0.523856 0.851807 -0.000003
vn -0.645714 0.763579 0.000004
vn -0.523856 0.851807 -0.000002
vn -0.523856 0.851807 -0.000003
vn -0.645715 0.763579 0.000003
vn -0.752962 0.658064 0.000001
vn -0.645714 0.763579 0.000004
vn -0.752962 0.658064 0.000000
vn -0.645715 0.763579 0.000003
vn -0.645714 0.763579 0.000004
vn -0.752962 0.658064 0.000001
vn -0.752962 0.658064 0.000001
vn -0.843164 0.537657 0.000001
vn -0.843164 0.537657 0.000001
vn -0.752962 0.658064 0.000000
vn -0.843164 0.537657 0.000001
vn -0.752962 0.658064 0.000001
vn -0.843164 0.537657 0.000001
vn -0.914282 0.405078 0.000000
vn -0.914282 0.405078 -0.000000
vn -0.843164 0.537657 0.000001
vn -0.914282 0.405078 0.000000
vn -0.843164 0.537657 0.000001
vn -0.914282 0.405078 -0.000000
vn -0.964706 0.263331 -0.000001
vn -0.964706 0.263331 -0.000001
vn -0.914282 0.405078 0.000000
vn -0.964706 0.263331 -0.000001
vn -0.914282 0.405078 -0.000000
vn -0.964706 0.263331 -0.000001
vn -0.993293 0.115623 -0.000000
vn -0.993293 0.115623 0.000000
vn -0.964706 0.263331 -0.000001
vn -0.993293 0.115623 -0.000000
vn -0.964706 0.263331 -0.000001
vn -0.993293 0.115623 0.000000
vn -0.999398 -0.034700 0.000000
vn -0.999398 -0.034700 -0.000000
vn -0.993293 0.115623 -0.000000
vn -0.999398 -0.034700 0.000000
vn -0.993293 0.115623 0.000000
vn -0.999398 -0.034700 -0.000000
vn -0.982882 -0.184237 -0.000003
vn -0.982882 -0.184238 -0.000003
vn -0.999398 -0.034700 0.000000
vn -0.982882 -0.184237 -0.000003
vn -0.999398 -0.034700 -0.000000
vn -0.982882 -0.184238 -0.000003
vn -0.966237 -0.257653 -0.000002
vn -0.966237 -0.257654 -0.000001
vn -0.982882 -0.184237 -0.000003
vn -0.966237 -0.257653 -0.000002
vn -0.982882 -0.184238 -0.000003
vn 0.217078 -0.976154 -0.000000
vn 0.217078 -0.976154 -0.000005
vn 0.217078 -0.976154 0.000000
vn 0.217078 -0.976154 -0.000005
vn 0.217078 -0.976154 -0.000005
vn 0.217078 -0.976154 -0.000000
vn 0.218461 -0.975846 -0.000004
vn 0.218460 -0.975846 0.000005
vn 0.218461 -0.975846 -0.000005
vn 0.218460 -0.975846 0.000005
vn 0.218460 -0.975846 0.000005
vn 0.218461 -0.975846 -0.000004
vn 0.976891 0.213737 -0.000003
vn 0.992283 0.123995 -0.000015
vn 0.992283 0.123992 -0.000022
vn 0.976891 0.213739 0.000001
vn 0.992283 0.123995 -0.000015
vn 0.976891 0.213737 -0.000003
vn 0.922008 0.387170 0.000005
vn 0.976891 0.213739 0.000001
vn 0.976891 0.213737 -0.000003
vn 0.922008 0.387172 0.000005
vn 0.976891 0.213739 0.000001
vn 0.922008 0.387170 0.000005
vn 0.836617 0.547788 0.000001
vn 0.922008 0.387172 0.000005
vn 0.922008 0.387170 0.000005
vn 0.836618 0.547788 0.000000
vn 0.922008 0.387172 0.000005
vn 0.836617 0.547788 0.000001
vn 0.723536 0.690287 0.000001
vn 0.836618 0.547788 0.000000
vn 0.836617 0.547788 0.000001
vn 0.723535 0.690287 0.000000
vn 0.836618 0.547788 0.000000
vn 0.723536 0.690287 0.000001
vn 0.600512 0.799616 0.000005
vn 0.723536 0.690287 0.000001
vn 0.600512 0.799615 0.000006
vn 0.723535 0.690287 0.000000
vn 0.723536 0.690287 0.000001
vn 0.600512 0.799616 0.000005
vn 0.488225 0.872718 0.000001
vn 0.600512 0.799615 0.000006
vn 0.488225 0.872718 0.000001
vn 0.600512 0.799616 0.000005
vn 0.600512 0.799615 0.000006
vn 0.488225 0.872718 0.000001
vn 0.379501 0.925192 0.000003
vn 0.488225 0.872718 0.000001
vn 0.379501 0.925191 0.000003
vn 0.488225 0.872718 0.000001
vn 0.488225 0.872718 0.000001
vn 0.379501 0.925192 0.000003
vn 0.265248 0.964180 -0.000002
vn 0.379501 0.925191 0.000003
vn 0.265247 0.964180 -0.000002
vn 0.379501 0.925192 0.000003
vn 0.379501 0.925191 0.000003
vn 0.265248 0.964180 -0.000002
vn 0.147133 0.989117 0.000001
vn 0.265247 0.964180 -0.000002
vn 0.147135 0.989116 0.000001
vn 0.265248 0.964180 -0.000002
vn 0.265247 0.964180 -0.000002
vn 0.147133 0.989117 0.000001
vn 0.087162 0.996194 0.000000
vn 0.147135 0.989116 0.000001
vn 0.087162 0.996194 0.000000
vn 0.147133 0.989117 0.000001
vn 0.147135 0.989116 0.000001
vn 0.087162 0.996194 0.000000
vn 0.976695 0.214631 0.000000
vn 0.976695 0.214631 0.000000
vn 0.976695 0.214632 0.000000
vn 0.976695 0.214632 0.000000
vn 0.976695 0.214631 0.000000
vn 0.976695 0.214631 0.000000
vn 0.879971 0.475027 0.000005
vn 0.879971 0.475027 0.000000
vn 0.879972 0.475027 0.000000
vn 0.879971 0.475027 0.000006
vn 0.879971 0.475027 0.000000
vn 0.879971 0.475027 0.000005
vn 0.522883 0.852404 0.000018
vn 0.522883 0.852405 0.000009
vn 0.522883 0.852404 0.000018
vn 0.522883 0.852405 0.000009
vn 0.522883 0.852405 0.000009
vn 0.522883 0.852404 0.000018
vn -0.225368 0.974274 0.000000
vn -0.225367 0.974274 -0.000002
vn -0.225368 0.974274 0.000000
vn -0.225368 0.974274 0.000000
vn -0.225372 0.974273 -0.000009
vn -0.225367 0.974274 -0.000002
vn -0.225372 0.974273 -0.000009
vn -0.225365 0.974274 -0.000001
vn -0.225367 0.974274 -0.000002
vn -0.225368 0.974274 0.000000
vn -0.225375 0.974272 -0.000014
vn -0.225372 0.974273 -0.000009
vn -0.225368 0.974274 0.000000
vn -0.225357 0.974276 0.000032
vn -0.225375 0.974272 -0.000014
vn -0.225357 0.974276 0.000032
vn -0.225369 0.974273 0.000001
vn -0.225375 0.974272 -0.000014
vn -0.225368 0.974274 0.000000
vn -0.225368 0.974274 0.000000
vn -0.225357 0.974276 0.000032
vn -0.225368 0.974274 0.000000
vn -0.225372 0.974273 -0.000009
vn -0.225375 0.974272 -0.000014
vn 0.031435 0.999506 0.000000
vn 0.031435 0.999506 0.000000
vn 0.031435 0.999506 0.000000
vn 0.031435 0.999506 0.000000
vn 0.031435 0.999506 0.000000
vn 0.031435 0.999506 0.000000
vn 0.000000 -0.000000 -1.000000
vn -0.000000 -0.000000 -1.000000
vn 0.000000 -0.000000 -1.000000
vn 0.000000 -0.000000 -1.000000
vn -0.000000 -0.000000 -1.000000
vn 0.000000 0.000000 -1.000000
vn 0.000000 -0.000000 -1.000000
vn 0.000000 -0.000000 -1.000000
vn 0.000000 0.000000 -1.000000
vn 0.000000 -0.000000 -1.000000
vn 0.000000 -0.000000 -1.000000
vn 0.000000 0.000000 -1.000000
vn 0.000000 -0.000000 -1.000000
vn 0.000000 -0.000000 -1.000000
vn 0.000000 -0.000000 -1.000000
vn -0.000000 -0.000000 -1.000000
vn 0.000000 -0.000000 -1.000000
vn 0.000000 -0.000000 -1.000000
vn -0.000000 -0.000000 -1.000000
vn 0.000000 -0.000000 -1.000000
vn -0.000000 -0.000000 -1.000000
vn -0.000000 0.000000 -1.000000
vn -0.000000 -0.000000 -1.000000
vn -0.000000 -0.000000 -1.000000
vn -0.000000 0.000000 -1.000000
vn -0.000000 -0.000000 -1.000000
vn -0.000000 0.000000 -1.000000
vn -0.000000 0.000000 -1.000000
vn -0.000000 0.000000 -1.000000
vn -0.000000 0.000000 -1.000000
vn -0.000000 0.000000 -1.000000
vn -0.000000 0.000000 -1.000000
vn -0.000000 0.000000 -1.000000
vn -0.000000 0.000000 -1.000000
vn -0.000000 0.000000 -1.000000
vn -0.000000 0.000000 -1.000000
vn -0.000000 -0.000000 -1.000000
vn -0.000000 0.000000 -1.000000
vn -0.000000 0.000000 -1.000000
vn 0.000000 0.000000 -1.000000
vn -0.000000 0.000000 -1.000000
vn -0.000000 -0.000000 -1.000000
vn 0.000000 0.000000 -1.000000
vn -0.000000 -0.000000 -1.000000
vn 0.000000 -0.000000 -1.000000
vn 0.000000 0.000000 -1.000000
vn 0.000000 -0.000000 -1.000000
vn -0.000000 -0.000000 -1.000000
vn -0.000000 -0.000000 -1.000000
vn 0.000000 0.000000 -1.000000
vn -0.000000 -0.000000 -1.000000
vn -0.999418 0.034099 0.000001
vn -0.999418 0.034099 0.000000
vn -0.999418 0.034099 0.000000
vn -0.999418 0.034098 0.000001
vn -0.999418 0.034099 0.000000
vn -0.999418 0.034099 0.000001
vn 0.000000 0.000000 1.000000
vn 0.000000 0.000000 1.000000
vn 0.000000 0.000000 1.000000
vn 0.000000 0.000000 1.000000
vn 0.000000 0.000000 1.000000
vn 0.000000 0.000000 1.000000
vn 0.000000 0.000000 1.000000
vn 0.000000 0.000000 1.000000
vn 0.000000 0.000000 1.000000
vn 0.000000 0.000000 1.000000
vn 0.000000 0.000000 1.000000
vn 0.000000 0.000000 1.000000
vn 0.000000 0.000000 1.000000
vn 0.000000 0.000000 1.000000
vn 0.000000 0.000000 1.000000
vn 0.000000 0.000000 1.000000
vn 0.000000 0.000000 1.000000
vn 0.000000 0.000000 1.000000
vn 0.000000 0.000000 1.000000
vn 0.000000 0.000000 1.000000
vn 0.000000 0.000000 1.000000
vn 0.000000 0.000000 1.000000
vn 0.000000 0.000000 1.000000
vn 0.000000 0.000000 1.000000
vn 0.000000 0.000000 1.000000
vn 0.000000 0.000000 1.000000
vn 0.000000 0.000000 1.000000
vn 0.000000 0.000000 1.000000
vn 0.000000 0.000000 1.000000
vn 0.000000 0.000000 1.000000
vn 0.000000 0.000000 1.000000
vn 0.000000 0.000000 1.000000
vn 0.000000 0.000000 1.000000
vn 0.000000 0.000000 1.000000
vn 0.000000 0.000000 1.000000
vn 0.000000 0.000000 1.000000
vn 0.000000 0.000000 1.000000
vn 0.000000 0.000000 1.000000
vn 0.000000 0.000000 1.000000
vn 0.000000 0.000000 1.000000
vn 0.000000 0.000000 1.000000
vn 0.000000 0.000000 1.000000
vn 0.999506 -0.031438 0.000000
vn 0.999506 -0.031438 0.000007
vn 0.999506 -0.031438 0.000007
vn 0.999506 -0.031438 0.000000
vn 0.999506 -0.031438 0.000007
vn 0.999506 -0.031438 0.000000
vn 0.000000 0.000000 1.000000
vn 0.000000 0.000000 1.000000
vn 0.000000 0.000000 1.000000
vn -0.000000 0.000000 1.000000
vn 0.000000 0.000000 1.000000
vn 0.000000 0.000000 1.000000
vn 0.000000 -0.000000 1.000000
vn -0.000000 0.000000 1.000000
vn 0.000000 0.000000 1.000000
vn 0.000000 -0.000000 1.000000
vn -0.000000 0.000000 1.000000
vn 0.000000 -0.000000 1.000000
vn 0.000000 -0.000000 1.000000
vn 0.000000 -0.000000 1.000000
vn 0.000000 -0.000000 1.000000
vn 0.000000 -0.000000 1.000000
vn 0.000000 -0.000000 1.000000
vn 0.000000 -0.000000 1.000000
vn -0.000000 -0.000000 1.000000
vn 0.000000 -0.000000 1.000000
vn 0.000000 -0.000000 1.000000
vn -0.000000 -0.000000 1.000000
vn -0.000000 -0.000000 1.000000
vn 0.000000 -0.000000 1.000000
vn 0.000000 -0.000000 1.000000
vn -0.000000 -0.000000 1.000000
vn -0.000000 -0.000000 1.000000
vn 0.000000 -0.000000 1.000000
vn 0.000000 -0.000000 1.000000
vn -0.000000 -0.000000 1.000000
vn 0.000000 -0.000000 1.000000
vn -0.000000 -0.000000 1.000000
vn 0.000000 -0.000000 1.000000
vn -0.000000 -0.000000 1.000000
vn -0.000000 -0.000000 1.000000
vn 0.000000 -0.000000 1.000000
vn 0.999506 -0.031437 -0.000006
vn 0.999506 -0.031437 -0.000006
vn 0.999506 -0.031437 -0.000006
vn 0.999506 -0.031437 -0.000006
vn 0.999506 -0.031437 -0.000006
vn 0.999506 -0.031437 -0.000006
vn 0.000000 0.000000 1.000000
vn 0.000000 0.000000 1.000000
vn 0.000000 0.000000 1.000000
vn 0.000000 0.000000 1.000000
vn 0.000000 0.000000 1.000000
vn 0.000000 0.000000 1.000000
vn 0.000000 0.000000 1.000000
vn 0.000000 0.000000 1.000000
vn 0.000000 0.000000 1.000000
vn -0.000000 -0.000000 1.000000
vn 0.000000 0.000000 1.000000
vn 0.000000 0.000000 1.000000
vn 0.000000 -0.000000 1.000000
vn -0.000000 -0.000000 1.000000
vn 0.000000 0.000000 1.000000
vn 0.000000 -0.000000 1.000000
vn 0.000000 -0.000000 1.000000
vn -0.000000 -0.000000 1.000000
vn -0.000000 -0.000000 1.000000
vn 0.000000 -0.000000 1.000000
vn 0.000000 -0.000000 1.000000
vn -0.000000 -0.000000 1.000000
vn -0.000000 -0.000000 1.000000
vn 0.000000 -0.000000 1.000000
vn 0.000000 0.000000 1.000000
vn -0.000000 -0.000000 1.000000
vn -0.000000 -0.000000 1.000000
vn -0.000000 0.000000 1.000000
vn 0.000000 0.000000 1.000000
vn -0.000000 -0.000000 1.000000
vn -0.000000 0.000000 1.000000
vn -0.000000 0.000000 1.000000
vn 0.000000 0.000000 1.000000
vn -0.000000 0.000000 1.000000
vn -0.000000 0.000000 1.000000
vn -0.000000 0.000000 1.000000
vn 0.999506 -0.031438 0.000000
vn 0.999506 -0.031438 0.000000
vn 0.999506 -0.031438 0.000000
vn 0.999506 -0.031438 0.000000
vn 0.999506 -0.031438 0.000000
vn 0.999506 -0.031438 0.000000
vn 0.000000 0.000000 1.000000
vn 0.000000 0.000000 1.000000
vn 0.000000 0.000000 1.000000
vn 0.000000 0.000000 1.000000
vn 0.000000 0.000000 1.000000
vn 0.000000 0.000000 1.000000
vn 0.000000 0.000000 1.000000
vn 0.000000 0.000000 1.000000
vn 0.000000 0.000000 1.000000
vn 0.000000 0.000000 1.000000
vn 0.000000 0.000000 1.000000
vn 0.000000 0.000000 1.000000
vn 0.000000 0.000000 1.000000
vn 0.000000 0.000000 1.000000
vn 0.000000 0.000000 1.000000
vn 0.000000 0.000000 1.000000
vn 0.000000 0.000000 1.000000
vn 0.000000 0.000000 1.000000
vn 0.000000 0.000000 1.000000
vn 0.000000 0.000000 1.000000
vn 0.000000 0.000000 1.000000
vn 0.000000 0.000000 1.000000
vn 0.000000 0.000000 1.000000
vn 0.000000 0.000000 1.000000
vn 0.000000 0.000000 1.000000
vn 0.000000 0.000000 1.000000
vn 0.000000 0.000000 1.000000
vn 0.000000 0.000000 1.000000
vn 0.000000 0.000000 1.000000
vn 0.000000 0.000000 1.000000
vn 0.000000 0.000000 1.000000
vn 0.000000 0.000000 1.000000
vn 0.000000 0.000000 1.000000
vn 0.000000 0.000000 1.000000
vn 0.000000 0.000000 1.000000
vn 0.000000 0.000000 1.000000
vn 0.000000 0.000000 1.000000
vn 0.000000 0.000000 1.000000
vn 0.000000 0.000000 1.000000
vn 0.000000 0.000000 1.000000
vn 0.000000 0.000000 1.000000
vn 0.000000 0.000000 1.000000
vn 0.000000 0.000000 1.000000
vn 0.000000 0.000000 1.000000
vn 0.000000 0.000000 1.000000
vn 0.999506 -0.031437 0.000000
vn 0.999506 -0.031437 0.000000
vn 0.999506 -0.031437 0.000000
vn 0.999506 -0.031437 0.000000
vn 0.999506 -0.031437 0.000000
vn 0.999506 -0.031437 0.000000
vn 0.976924 0.213587 0.000000
vn 0.976924 0.213587 0.000000
vn 0.976924 0.213587 0.000000
vn 0.976924 0.213587 0.000000
vn 0.976924 0.213587 0.000000
vn 0.976924 0.213587 0.000000
vn -0.222083 0.975028 0.000003
vn -0.222084 0.975027 0.000001
vn -0.222084 0.975028 0.000000
vn -0.222083 0.975028 0.000003
vn -0.222080 0.975028 0.000017
vn -0.222084 0.975027 0.000001
vn -0.222086 0.975027 0.000001
vn -0.222084 0.975027 0.000001
vn -0.222080 0.975028 0.000017
vn -0.222086 0.975027 0.000001
vn -0.222080 0.975028 0.000017
vn -0.222093 0.975025 0.000022
vn -0.222093 0.975025 0.000022
vn -0.222080 0.975028 0.000017
vn -0.222081 0.975028 -0.000006
vn -0.222086 0.975027 0.000001
vn -0.222093 0.975025 0.000022
vn -0.222158 0.975011 0.000176
vn -0.222158 0.975011 0.000176
vn -0.222093 0.975025 0.000022
vn -0.222082 0.975028 -0.000003
vn -0.222086 0.975027 0.000001
vn -0.222158 0.975011 0.000176
vn -0.222087 0.975027 0.000000
vn 0.883737 0.467983 0.000000
vn 0.893128 0.449803 0.000000
vn 0.893128 0.449803 0.000000
vn 0.883737 0.467983 0.000000
vn 0.893128 0.449803 0.000000
vn 0.883737 0.467983 0.000000
vn 0.893128 0.449803 0.000000
vn 0.902145 0.431434 0.000000
vn 0.902145 0.431434 0.000000
vn 0.893128 0.449803 0.000000
vn 0.902145 0.431434 0.000000
vn 0.893128 0.449803 0.000000
vn 0.503504 0.863993 -0.000000
vn 0.503504 0.863993 -0.000000
vn 0.491038 0.871138 -0.000000
vn 0.503504 0.863993 -0.000000
vn 0.491038 0.871138 -0.000000
vn 0.491037 0.871139 0.000000
vn 0.503504 0.863993 -0.000000
vn 0.515867 0.856669 -0.000000
vn 0.503504 0.863993 -0.000000
vn 0.515867 0.856669 0.000000
vn 0.515867 0.856669 -0.000000
vn 0.503504 0.863993 -0.000000
vn 0.052600 0.998616 0.000000
vn 0.052600 0.998616 0.000000
vn 0.052600 0.998616 0.000000
vn 0.052600 0.998616 0.000000
vn 0.052600 0.998616 0.000000
vn 0.052600 0.998616 0.000000
vn -0.467528 0.883978 0.000000
vn -0.467528 0.883978 0.000001
vn -0.467528 0.883978 0.000000
vn -0.467528 0.883978 0.000000
vn -0.467528 0.883978 0.000001
vn -0.467528 0.883978 0.000001
vn -0.854899 0.518794 0.000000
vn -0.854899 0.518794 0.000001
vn -0.854900 0.518794 0.000001
vn -0.854899 0.518794 0.000000
vn -0.854899 0.518794 0.000001
vn -0.854899 0.518794 0.000000
vn 0.853340 -0.521354 0.000000
vn 0.853340 -0.521354 0.000000
vn 0.853340 -0.521354 0.000000
vn 0.853340 -0.521354 0.000000
vn 0.853340 -0.521354 0.000000
vn 0.853340 -0.521354 0.000000
vn -0.043177 -0.999067 0.000000
vn -0.043177 -0.999067 0.000000
vn -0.043177 -0.999067 0.000000
vn -0.043177 -0.999067 0.000000
vn -0.043177 -0.999067 0.000000
vn -0.043177 -0.999067 0.000000
vn -0.491032 -0.871142 -0.000000
vn -0.491032 -0.871142 -0.000001
vn -0.491032 -0.871142 0.000000
vn -0.491032 -0.871142 -0.000001
vn -0.491032 -0.871142 -0.000001
vn -0.491032 -0.871142 -0.000000
vn -0.902144 -0.431435 -0.000000
vn -0.902144 -0.431435 -0.000001
vn -0.902144 -0.431435 -0.000001
vn -0.902144 -0.431435 0.000000
vn -0.902144 -0.431435 -0.000001
vn -0.902144 -0.431435 -0.000000
vn -0.431435 0.902144 0.000000
vn -0.431435 0.902144 0.000000
vn -0.431435 0.902144 0.000000
vn -0.431435 0.902144 0.000000
vn -0.431435 0.902144 0.000000
vn -0.431435 0.902144 0.000000
vn -0.902144 -0.431435 0.000000
vn -0.902144 -0.431435 0.000000
vn -0.902144 -0.431435 0.000000
vn -0.902144 -0.431435 0.000000
vn -0.902144 -0.431435 0.000000
vn -0.902144 -0.431435 0.000000
vn -0.491031 -0.871142 -0.000001
vn -0.491031 -0.871142 -0.000000
vn -0.491031 -0.871142 -0.000001
vn -0.491031 -0.871142 0.000000
vn -0.491031 -0.871142 -0.000000
vn -0.491031 -0.871142 -0.000001
vn -0.043177 -0.999067 -0.000000
vn -0.043177 -0.999067 -0.000000
vn -0.043177 -0.999067 0.000000
vn -0.043177 -0.999067 -0.000000
vn -0.043177 -0.999067 -0.000000
vn -0.043177 -0.999067 -0.000000
vn 0.461582 -0.887098 0.000000
vn 0.461582 -0.887098 0.000000
vn 0.461582 -0.887098 0.000000
vn 0.461582 -0.887098 0.000000
vn 0.461582 -0.887098 0.000000
vn 0.461582 -0.887098 0.000000
vn 0.853341 -0.521354 0.000004
vn 0.853341 -0.521354 0.000000
vn 0.853341 -0.521354 0.000000
vn 0.853341 -0.521354 0.000004
vn 0.853341 -0.521354 0.000000
vn 0.853341 -0.521354 0.000004
vn -0.902144 -0.431435 0.000001
vn -0.902144 -0.431434 -0.000002
vn -0.902144 -0.431434 -0.000002
vn -0.902144 -0.431435 0.000001
vn -0.902144 -0.431434 -0.000002
vn -0.902144 -0.431435 0.000001
vn -0.491031 -0.871142 -0.000000
vn -0.491031 -0.871142 -0.000002
vn -0.491031 -0.871142 0.000000
vn -0.491031 -0.871142 -0.000002
vn -0.491031 -0.871142 -0.000002
vn -0.491031 -0.871142 -0.000000
vn -0.043177 -0.999067 0.000000
vn -0.043177 -0.999067 0.000000
vn -0.043177 -0.999067 0.000000
vn -0.043177 -0.999067 0.000000
vn -0.043177 -0.999067 0.000000
vn -0.043177 -0.999067 0.000000
vn 0.461582 -0.887098 0.000000
vn 0.461582 -0.887098 0.000000
vn 0.461582 -0.887098 0.000000
vn 0.461582 -0.887098 0.000000
vn 0.461582 -0.887098 0.000000
vn 0.461582 -0.887098 0.000000
vn 0.853340 -0.521354 -0.000005
vn 0.853340 -0.521354 0.000000
vn 0.853340 -0.521354 -0.000000
vn 0.853340 -0.521354 -0.000005
vn 0.853340 -0.521354 -0.000000
vn 0.853341 -0.521354 -0.000005
vn -0.902144 -0.431435 0.000003
vn -0.902144 -0.431435 0.000000
vn -0.902144 -0.431435 0.000000
vn -0.902144 -0.431435 0.000003
vn -0.902144 -0.431435 0.000000
vn -0.902144 -0.431435 0.000003
vn -0.491032 -0.871142 0.000000
vn -0.491032 -0.871142 0.000000
vn -0.491032 -0.871142 0.000000
vn -0.491032 -0.871142 0.000000
vn -0.491032 -0.871142 0.000000
vn -0.491032 -0.871142 0.000000
vn -0.043177 -0.999067 0.000000
vn -0.043177 -0.999067 0.000000
vn -0.043177 -0.999067 0.000000
vn -0.043177 -0.999067 0.000000
vn -0.043177 -0.999067 0.000000
vn -0.043177 -0.999067 0.000000
vn 0.461582 -0.887098 0.000000
vn 0.461582 -0.887098 0.000000
vn 0.461582 -0.887098 0.000000
vn 0.461582 -0.887098 0.000000
vn 0.461582 -0.887098 0.000000
vn 0.461582 -0.887098 0.000000
vn 0.853340 -0.521354 0.000000
vn 0.853341 -0.521354 0.000000
vn 0.853340 -0.521354 0.000000
vn 0.853341 -0.521354 0.000000
vn 0.853340 -0.521354 0.000000
vn 0.853340 -0.521354 0.000000
vn 0.461582 -0.887097 0.000000
vn 0.461582 -0.887097 0.000000
vn 0.461582 -0.887097 0.000000
vn 0.461582 -0.887097 0.000000
vn 0.461582 -0.887097 0.000000
vn 0.461582 -0.887097 0.000000
vn -0.010225 0.002784 0.999944
vn -0.000843 0.003969 0.999992
vn -0.001630 0.005318 0.999985
vn -0.009756 0.004254 0.999943
vn -0.010225 0.002784 0.999944
vn -0.001630 0.005318 0.999985
vn -0.011751 -0.001248 0.999930
vn -0.013965 0.004131 0.999894
vn -0.011582 -0.001252 0.999932
vn -0.010225 0.002784 0.999944
vn -0.011751 -0.001248 0.999930
vn -0.011582 -0.001252 0.999932
vn -0.009756 0.004254 0.999943
vn -0.011751 -0.001248 0.999930
vn -0.010225 0.002784 0.999944
vn -0.008797 0.009540 0.999916
vn -0.013965 0.004131 0.999894
vn -0.013979 0.004285 0.999893
vn -0.013979 0.004285 0.999893
vn -0.013965 0.004131 0.999894
vn -0.011751 -0.001248 0.999930
vn -0.009206 0.009204 0.999915
vn -0.008797 0.009540 0.999916
vn -0.013979 0.004285 0.999893
vn -0.002843 0.012635 0.999916
vn -0.008797 0.009540 0.999916
vn -0.009206 0.009204 0.999915
vn -0.002831 0.012670 0.999916
vn -0.002843 0.012635 0.999916
vn -0.009206 0.009204 0.999915
vn 0.004217 0.013907 0.999894
vn -0.002843 0.012635 0.999916
vn -0.002831 0.012670 0.999916
vn 0.004217 0.013907 0.999894
vn -0.002831 0.012670 0.999916
vn 0.004333 0.013842 0.999895
vn 0.012589 0.012382 0.999844
vn 0.004217 0.013907 0.999894
vn 0.004333 0.013842 0.999895
vn 0.012994 0.011907 0.999845
vn 0.004217 0.013907 0.999894
vn 0.012589 0.012382 0.999844
vn 0.014613 0.006083 0.999875
vn 0.012994 0.011907 0.999845
vn 0.012589 0.012382 0.999844
vn 0.014629 0.005069 0.999880
vn 0.012994 0.011907 0.999845
vn 0.014613 0.006083 0.999875
vn 0.007333 0.008001 0.999941
vn 0.014629 0.005069 0.999880
vn 0.014613 0.006083 0.999875
vn 0.007508 0.007189 0.999946
vn 0.014629 0.005069 0.999880
vn 0.007333 0.008001 0.999941
vn -0.000748 0.003500 0.999994
vn 0.007508 0.007189 0.999946
vn 0.007333 0.008001 0.999941
vn -0.000748 0.003500 0.999994
vn -0.000941 0.001335 0.999999
vn 0.007508 0.007189 0.999946
vn 0.213609 -0.976919 -0.000064
vn 0.213590 -0.976923 0.000451
vn 0.213588 -0.976924 0.000001
vn 0.213589 -0.976924 -0.000001
vn 0.213609 -0.976919 -0.000064
vn 0.213588 -0.976924 0.000001
vn 0.213589 -0.976924 -0.000001
vn 0.213579 -0.976926 0.000049
vn 0.213609 -0.976919 -0.000064
vn 0.213589 -0.976924 -0.000001
vn 0.213597 -0.976922 -0.000047
vn 0.213579 -0.976926 0.000049
vn 0.213589 -0.976924 -0.000001
vn 0.213675 -0.976905 -0.000472
vn 0.213597 -0.976922 -0.000047
vn 0.213589 -0.976924 -0.000001
vn 0.213461 -0.976951 0.000856
vn 0.213675 -0.976905 -0.000472
vn 0.213589 -0.976924 -0.000001
vn 0.213575 -0.976927 0.000060
vn 0.213461 -0.976951 0.000856
vn 0.213589 -0.976924 -0.000001
vn 0.213593 -0.976923 -0.000034
vn 0.213575 -0.976927 0.000060
vn 0.213589 -0.976924 -0.000001
vn 0.213585 -0.976924 0.000036
vn 0.213593 -0.976923 -0.000034
vn 0.213589 -0.976924 -0.000001
vn 0.213594 -0.976923 -0.000051
vn 0.213585 -0.976924 0.000036
vn 0.213589 -0.976924 -0.000001
vn 0.213592 -0.976923 -0.000025
vn 0.213594 -0.976923 -0.000051
vn 0.213589 -0.976924 -0.000001
vn 0.213587 -0.976924 0.000033
vn 0.213592 -0.976923 -0.000025
vn 0.213589 -0.976924 -0.000001
vn 0.213588 -0.976924 0.000023
vn 0.213587 -0.976924 0.000033
vn 0.213589 -0.976924 -0.000001
vn 0.213589 -0.976924 -0.000017
vn 0.213588 -0.976924 0.000023
vn 0.213589 -0.976924 -0.000025
vn 0.213589 -0.976924 -0.000017
vn 0.213589 -0.976924 -0.000001
vn 0.970881 0.239564 -0.000002
vn 0.970880 0.239566 -0.000001
vn 0.970882 0.239559 -0.000003
vn 0.970880 0.239568 -0.000000
vn 0.970880 0.239566 -0.000001
vn 0.970881 0.239564 -0.000002
vn 0.970880 0.239568 -0.000000
vn 0.970881 0.239564 -0.000002
vn 0.970880 0.239567 0.000002
vn 0.970880 0.239568 -0.000000
vn 0.970880 0.239567 0.000002
vn 0.970880 0.239568 -0.000001
vn 0.970880 0.239568 -0.000000
vn 0.970880 0.239568 -0.000001
vn 0.970880 0.239567 0.000003
vn 0.970880 0.239568 -0.000000
vn 0.970880 0.239567 0.000003
vn 0.970880 0.239568 -0.000000
vn 0.999290 -0.037671 0.000188
vn 0.999303 -0.037329 0.000817
vn 0.999310 -0.037123 0.001196
vn 0.999286 -0.037774 -0.000001
vn 0.999303 -0.037329 0.000817
vn 0.999290 -0.037671 0.000188
vn 0.999286 -0.037774 -0.000001
vn 0.999290 -0.037671 0.000188
vn 0.999286 -0.037775 0.000011
vn 0.999286 -0.037774 -0.000001
vn 0.999286 -0.037775 0.000011
vn 0.999286 -0.037774 -0.000000
vn 0.999286 -0.037774 -0.000001
vn 0.999286 -0.037774 -0.000000
vn 0.999286 -0.037773 -0.000012
vn 0.999286 -0.037774 -0.000001
vn 0.999286 -0.037773 -0.000012
vn 0.999286 -0.037773 -0.000010
vn 0.999286 -0.037775 -0.000001
vn 0.999286 -0.037774 -0.000001
vn 0.999286 -0.037773 -0.000010
vn 0.851206 -0.524760 0.008660
vn 0.852922 -0.522038 -0.000001
vn 0.852922 -0.522038 -0.000001
vn 0.851206 -0.524760 0.008660
vn 0.852922 -0.522038 -0.000001
vn 0.852923 -0.522037 -0.000015
vn 0.851206 -0.524760 0.008660
vn 0.852923 -0.522037 -0.000015
vn 0.852922 -0.522039 0.000017
vn 0.851206 -0.524760 0.008660
vn 0.852922 -0.522039 0.000017
vn 0.852923 -0.522037 -0.000014
vn 0.851206 -0.524760 0.008660
vn 0.852923 -0.522037 -0.000014
vn 0.852922 -0.522039 0.000005
vn 0.851206 -0.524760 0.008660
vn 0.852922 -0.522039 0.000005
vn 0.852683 -0.522428 0.001226
vn 0.850698 -0.525536 0.011155
vn 0.851206 -0.524760 0.008660
vn 0.852683 -0.522428 0.001226
vn 0.146977 -0.266980 0.952428
vn 0.146977 -0.266980 0.952428
vn 0.146977 -0.266980 0.952428
vn 0.480061 -0.877215 -0.005945
vn 0.479068 -0.877778 -0.000448
vn 0.480203 -0.877128 -0.007182
vn 0.480061 -0.877215 -0.005945
vn 0.478997 -0.877817 -0.000041
vn 0.479068 -0.877778 -0.000448
vn 0.480061 -0.877215 -0.005945
vn 0.478992 -0.877819 0.000022
vn 0.478997 -0.877817 -0.000041
vn 0.480061 -0.877215 -0.005945
vn 0.473883 -0.877958 0.068002
vn 0.478992 -0.877819 0.000022
vn 0.480061 -0.877215 -0.005945
vn 0.473740 -0.877914 0.069555
vn 0.473883 -0.877958 0.068002
vn 0.423899 -0.715654 -0.555112
vn 0.423899 -0.715654 -0.555112
vn 0.423899 -0.715654 -0.555112
vn 0.478994 -0.877818 0.000002
vn 0.478994 -0.877818 0.000002
vn 0.478994 -0.877818 0.000002
vn -0.014400 -0.273172 0.961857
vn -0.014400 -0.273172 0.961857
vn -0.014400 -0.273172 0.961857
vn -0.051162 -0.998675 -0.005612
vn -0.051288 -0.998664 -0.006321
vn -0.050231 -0.998738 -0.000398
vn -0.051162 -0.998675 -0.005612
vn -0.050231 -0.998738 -0.000398
vn -0.050166 -0.998741 -0.000036
vn -0.051162 -0.998675 -0.005612
vn -0.050166 -0.998741 -0.000036
vn -0.050164 -0.998741 -0.000008
vn -0.051162 -0.998675 -0.005612
vn -0.050164 -0.998741 -0.000008
vn -0.050171 -0.998741 -0.000117
vn -0.051162 -0.998675 -0.005612
vn -0.050171 -0.998741 -0.000117
vn -0.050163 -0.998741 0.000026
vn -0.051162 -0.998675 -0.005612
vn -0.050163 -0.998741 0.000026
vn -0.050163 -0.998741 0.000031
vn -0.516713 -0.856107 0.009377
vn -0.516415 -0.856270 0.010847
vn -0.518335 -0.855177 0.000781
vn -0.516713 -0.856107 0.009377
vn -0.518335 -0.855177 0.000781
vn -0.518479 -0.855090 0.000018
vn -0.516713 -0.856107 0.009377
vn -0.518479 -0.855090 0.000018
vn -0.518481 -0.855089 -0.000012
vn -0.516713 -0.856107 0.009377
vn -0.518481 -0.855089 -0.000012
vn -0.520128 -0.852817 -0.046573
vn -0.516713 -0.856107 0.009377
vn -0.520128 -0.852817 -0.046573
vn -0.518546 -0.855008 0.008469
vn -0.516713 -0.856107 0.009377
vn -0.518546 -0.855008 0.008469
vn -0.518450 -0.855042 0.010662
vn -0.876121 -0.481951 -0.011608
vn -0.879212 -0.476431 0.000006
vn -0.879212 -0.476431 0.000005
vn -0.876121 -0.481951 -0.011608
vn -0.879211 -0.476432 0.000022
vn -0.879212 -0.476431 0.000006
vn -0.876121 -0.481951 -0.011608
vn -0.879212 -0.476430 -0.000007
vn -0.879211 -0.476432 0.000022
vn -0.876121 -0.481951 -0.011608
vn -0.879211 -0.476432 0.000021
vn -0.879212 -0.476430 -0.000007
vn -0.876121 -0.481951 -0.011608
vn -0.879364 -0.476148 -0.001203
vn -0.879211 -0.476432 0.000021
vn -0.876121 -0.481951 -0.011608
vn -0.846958 -0.531597 -0.008129
vn -0.879364 -0.476148 -0.001203
vn -0.876121 -0.481951 -0.011608
vn -0.780811 -0.624756 0.003749
vn -0.846958 -0.531597 -0.008129
vn -0.975820 -0.218578 0.000012
vn -0.975820 -0.218577 0.000020
vn -0.975820 -0.218577 0.000019
vn -0.975819 -0.218579 0.000007
vn -0.975820 -0.218578 0.000012
vn -0.975820 -0.218577 0.000019
vn -0.975819 -0.218579 0.000007
vn -0.975819 -0.218579 0.000020
vn -0.975820 -0.218578 0.000012
vn -0.975819 -0.218579 0.000007
vn -0.975820 -0.218576 -0.000007
vn -0.975819 -0.218579 0.000020
vn -0.975819 -0.218579 0.000007
vn -0.975819 -0.218581 0.000028
vn -0.975820 -0.218576 -0.000007
vn -0.975819 -0.218579 0.000007
vn -0.975821 -0.218573 -0.000007
vn -0.975819 -0.218581 0.000028
vn -0.975819 -0.218579 0.000007
vn -0.975827 -0.218546 -0.000004
vn -0.975821 -0.218573 -0.000007
vn -0.975819 -0.218579 0.000007
vn -0.975828 -0.218541 -0.000010
vn -0.975827 -0.218546 -0.000004
vn -0.975819 -0.218579 0.000007
vn -0.975806 -0.218638 0.000020
vn -0.975828 -0.218541 -0.000010
vn -0.975819 -0.218579 0.000007
vn -0.975820 -0.218577 0.000010
vn -0.975806 -0.218638 0.000020
vn -0.975819 -0.218579 0.000007
vn -0.975824 -0.218560 0.000002
vn -0.975820 -0.218577 0.000010
vn -0.975803 -0.218652 0.000010
vn -0.975824 -0.218560 0.000002
vn -0.975819 -0.218579 0.000007
vn 0.159449 -0.716911 -0.678685
vn 0.159449 -0.716912 -0.678685
vn 0.159449 -0.716912 -0.678685
vn 0.213501 -0.976943 0.000006
vn 0.213502 -0.976943 0.000008
vn 0.213500 -0.976943 0.000001
vn 0.213501 -0.976943 0.000006
vn 0.213500 -0.976943 0.000001
vn 0.213496 -0.976944 -0.000018
vn 0.213501 -0.976943 0.000006
vn 0.213496 -0.976944 -0.000018
vn 0.213496 -0.976944 -0.000020
vn 0.213501 -0.976943 0.000006
vn 0.213496 -0.976944 -0.000020
vn 0.213501 -0.976943 0.000009
vn 0.213501 -0.976943 0.000006
vn 0.213501 -0.976943 0.000009
vn 0.213499 -0.976943 -0.000001
vn 0.213501 -0.976943 0.000006
vn 0.213499 -0.976943 -0.000001
vn 0.213499 -0.976943 -0.000006
vn 0.213501 -0.976943 0.000006
vn 0.213499 -0.976943 -0.000006
vn 0.213489 -0.976945 -0.000095
vn 0.213501 -0.976943 0.000006
vn 0.213489 -0.976945 -0.000095
vn 0.213514 -0.976940 0.000147
vn 0.213501 -0.976943 0.000006
vn 0.213514 -0.976940 0.000147
vn 0.213500 -0.976943 0.000005
vn 0.213501 -0.976943 0.000006
vn 0.213500 -0.976943 0.000005
vn 0.213503 -0.976942 0.000045
vn 0.213501 -0.976943 0.000006
vn 0.213503 -0.976942 0.000045
vn 0.213499 -0.976943 -0.000027
vn 0.213501 -0.976943 0.000006
vn 0.213499 -0.976943 -0.000027
vn 0.213498 -0.976944 -0.000034
vn 0.213501 -0.976943 0.000006
vn 0.213498 -0.976944 -0.000034
vn 0.213499 -0.976943 -0.000089
vn 0.213501 -0.976943 0.000006
vn 0.213499 -0.976943 -0.000089
vn 0.213498 -0.976943 -0.000133
vn -0.056092 0.017255 -0.998276
vn -0.085815 -0.009062 -0.996270
vn -0.086018 -0.009085 -0.996252
vn -0.056033 0.017297 -0.998279
vn -0.085815 -0.009062 -0.996270
vn -0.056092 0.017255 -0.998276
vn -0.056498 0.059635 -0.996620
vn -0.056033 0.017297 -0.998279
vn -0.056092 0.017255 -0.998276
vn -0.056574 0.059659 -0.996614
vn -0.056033 0.017297 -0.998279
vn -0.056498 0.059635 -0.996620
vn -0.015714 0.068196 -0.997548
vn -0.056574 0.059659 -0.996614
vn -0.056498 0.059635 -0.996620
vn -0.015686 0.068145 -0.997552
vn -0.056574 0.059659 -0.996614
vn -0.015714 0.068196 -0.997548
vn 0.021305 0.067250 -0.997509
vn -0.015686 0.068145 -0.997552
vn -0.015714 0.068196 -0.997548
vn 0.021305 0.067250 -0.997509
vn 0.021304 0.067251 -0.997509
vn -0.015686 0.068145 -0.997552
vn 0.051191 0.048367 -0.997517
vn 0.021304 0.067251 -0.997509
vn 0.021305 0.067250 -0.997509
vn 0.051192 0.048367 -0.997517
vn 0.051191 0.048367 -0.997517
vn 0.021305 0.067250 -0.997509
vn 0.067374 0.025799 -0.997394
vn 0.051191 0.048367 -0.997517
vn 0.051192 0.048367 -0.997517
vn 0.067313 0.025786 -0.997399
vn 0.067374 0.025799 -0.997394
vn 0.051192 0.048367 -0.997517
vn 0.023699 0.036858 -0.999039
vn 0.067374 0.025799 -0.997394
vn 0.067313 0.025786 -0.997399
vn 0.023571 0.036974 -0.999038
vn 0.023699 0.036858 -0.999039
vn 0.067313 0.025786 -0.997399
vn 0.028918 0.043315 -0.998643
vn 0.023699 0.036858 -0.999039
vn 0.023571 0.036974 -0.999038
vn 0.029851 0.043487 -0.998608
vn 0.028918 0.043315 -0.998643
vn 0.023571 0.036974 -0.999038
vn 0.078274 0.016130 -0.996801
vn 0.028918 0.043315 -0.998643
vn 0.029851 0.043487 -0.998608
vn 0.079232 0.016163 -0.996725
vn 0.078274 0.016130 -0.996801
vn 0.029851 0.043487 -0.998608
vn -0.037854 0.022950 -0.999020
vn -0.086018 -0.009085 -0.996252
vn -0.085815 -0.009062 -0.996270
vn -0.037770 0.022942 -0.999023
vn -0.037854 0.022950 -0.999020
vn -0.085815 -0.009062 -0.996270
vn -0.037854 0.022950 -0.999020
vn -0.041539 0.021175 -0.998912
vn -0.040686 0.021214 -0.998947
vn -0.037770 0.022942 -0.999023
vn -0.041539 0.021175 -0.998912
vn -0.037854 0.022950 -0.999020
vn -0.082208 -0.020774 -0.996399
vn -0.040686 0.021214 -0.998947
vn -0.041539 0.021175 -0.998912
vn -0.084750 -0.020839 -0.996184
vn -0.082208 -0.020774 -0.996399
vn -0.041539 0.021175 -0.998912
vn 0.000000 0.000000 -1.000000
vn 0.000000 0.000000 -1.000000
vn 0.000000 0.000000 -1.000000
vn -0.000361 0.000220 -1.000000
vn 0.000000 0.000000 -1.000000
vn 0.000000 0.000000 -1.000000
vn -0.057257 0.059613 -0.996578
vn -0.000361 0.000220 -1.000000
vn 0.000000 0.000000 -1.000000
vn -0.057613 0.059702 -0.996552
vn -0.000361 0.000220 -1.000000
vn -0.057257 0.059613 -0.996578
vn -0.007808 0.035528 -0.999338
vn -0.057613 0.059702 -0.996552
vn -0.057257 0.059613 -0.996578
vn -0.007652 0.035056 -0.999356
vn -0.057613 0.059702 -0.996552
vn -0.007808 0.035528 -0.999338
vn -0.000004 0.000708 -1.000000
vn -0.007652 0.035056 -0.999356
vn -0.007808 0.035528 -0.999338
vn -0.000004 0.000708 -1.000000
vn -0.000257 0.000081 -1.000000
vn -0.007652 0.035056 -0.999356
vn 0.046938 0.043435 -0.997953
vn -0.000257 0.000081 -1.000000
vn -0.000004 0.000708 -1.000000
vn 0.046724 0.043495 -0.997960
vn 0.046938 0.043435 -0.997953
vn -0.000004 0.000708 -1.000000
vn 0.000209 0.000418 -1.000000
vn 0.046938 0.043435 -0.997953
vn 0.046724 0.043495 -0.997960
vn 0.000087 0.000297 -1.000000
vn 0.000209 0.000418 -1.000000
vn 0.046724 0.043495 -0.997960
vn 0.011782 0.016057 -0.999802
vn 0.000209 0.000418 -1.000000
vn 0.000087 0.000297 -1.000000
vn 0.012169 0.015682 -0.999803
vn 0.011782 0.016057 -0.999802
vn 0.000087 0.000297 -1.000000
vn -0.000052 0.000445 -1.000000
vn 0.011782 0.016057 -0.999802
vn 0.012169 0.015682 -0.999803
vn 0.000000 0.000000 -1.000000
vn -0.000052 0.000445 -1.000000
vn 0.012169 0.015682 -0.999803
vn 0.000000 0.000000 -1.000000
vn 0.000000 0.000000 -1.000000
vn -0.000052 0.000445 -1.000000
vn 0.000000 0.000000 -1.000000
vn 0.000000 0.000000 -1.000000
vn 0.000000 0.000000 -1.000000
vn 0.000728 0.001517 -0.999999
vn 0.000000 0.000000 -1.000000
vn 0.000000 0.000000 -1.000000
vn 0.000797 0.001312 -0.999999
vn 0.000728 0.001517 -0.999999
vn 0.000000 0.000000 -1.000000
vn -0.011713 -0.000478 -0.999931
vn -0.021109 -0.015656 -0.999655
vn -0.011800 -0.000303 -0.999930
vn 0.000728 0.001517 -0.999999
vn -0.011713 -0.000478 -0.999931
vn -0.011800 -0.000303 -0.999930
vn 0.000797 0.001312 -0.999999
vn -0.011713 -0.000478 -0.999931
vn 0.000728 0.001517 -0.999999
vn -0.021104 -0.015659 -0.999655
vn -0.021109 -0.015656 -0.999655
vn -0.011713 -0.000478 -0.999931
vn -0.839133 -0.205055 -0.503793
vn -0.826683 -0.196850 -0.527110
vn -0.824574 -0.195485 -0.530908
vn -0.716895 -0.176277 -0.674528
vn -0.716886 -0.176271 -0.674539
vn -0.716884 -0.176270 -0.674541
vn -0.716895 -0.176277 -0.674528
vn -0.716898 -0.176279 -0.674524
vn -0.716886 -0.176271 -0.674539
vn -0.563414 -0.138538 -0.814476
vn -0.563418 -0.138538 -0.814474
vn -0.563414 -0.138538 -0.814477
vn -0.563419 -0.138538 -0.814473
vn -0.563418 -0.138538 -0.814474
vn -0.563414 -0.138538 -0.814476
vn -0.384881 -0.094636 -0.918102
vn -0.384884 -0.094635 -0.918100
vn -0.384879 -0.094637 -0.918102
vn -0.384887 -0.094635 -0.918099
vn -0.384884 -0.094635 -0.918100
vn -0.384881 -0.094636 -0.918102
vn -0.113506 -0.027910 -0.993145
vn -0.189276 -0.046542 -0.980820
vn -0.189280 -0.046540 -0.980820
vn -0.093225 -0.022672 -0.995387
vn -0.189276 -0.046542 -0.980820
vn -0.113506 -0.027910 -0.993145
vn -0.003159 0.014496 -0.999890
vn -0.093225 -0.022672 -0.995387
vn -0.113506 -0.027910 -0.993145
vn -0.003212 0.014692 -0.999887
vn -0.093225 -0.022672 -0.995387
vn -0.003159 0.014496 -0.999890
vn -0.971075 -0.238773 0.000000
vn -0.971075 -0.238773 0.000000
vn -0.971075 -0.238773 0.000000
vn -0.971075 -0.238773 0.000000
vn -0.971075 -0.238773 0.000000
vn -0.971075 -0.238773 0.000000
vn -0.862816 -0.212151 -0.458847
vn -0.862829 -0.212157 -0.458820
vn -0.862830 -0.212157 -0.458819
vn -0.862816 -0.212151 -0.458847
vn -0.862815 -0.212151 -0.458849
vn -0.862829 -0.212157 -0.458820
vn -0.740899 -0.182176 -0.646437
vn -0.740884 -0.182170 -0.646456
vn -0.740883 -0.182170 -0.646457
vn -0.740899 -0.182176 -0.646437
vn -0.740901 -0.182177 -0.646435
vn -0.740884 -0.182170 -0.646456
vn -0.581199 -0.142910 -0.801115
vn -0.581209 -0.142911 -0.801107
vn -0.581209 -0.142911 -0.801107
vn -0.581198 -0.142910 -0.801115
vn -0.581199 -0.142910 -0.801115
vn -0.581209 -0.142911 -0.801107
vn -0.391957 -0.096375 -0.914922
vn -0.391928 -0.096372 -0.914934
vn -0.391929 -0.096372 -0.914934
vn -0.391959 -0.096376 -0.914921
vn -0.391957 -0.096375 -0.914922
vn -0.391929 -0.096372 -0.914934
vn -0.182626 -0.044904 -0.982157
vn -0.182621 -0.044903 -0.982157
vn -0.182621 -0.044903 -0.982157
vn -0.182626 -0.044904 -0.982156
vn -0.182626 -0.044904 -0.982157
vn -0.182621 -0.044903 -0.982157
vn -0.971066 -0.238813 0.000361
vn -0.971018 -0.239008 -0.000265
vn -0.971029 -0.238960 -0.000112
vn -0.971066 -0.238813 0.000361
vn -0.971029 -0.238960 -0.000112
vn -0.971077 -0.238766 0.000510
vn -0.314024 -0.076090 -0.946361
vn -0.349776 -0.085017 -0.932968
vn -0.282050 -0.069064 -0.956911
vn -0.349776 -0.085017 -0.932968
vn -0.285187 -0.069800 -0.955927
vn -0.282050 -0.069064 -0.956911
vn -0.349776 -0.085017 -0.932968
vn -0.290403 -0.071041 -0.954264
vn -0.285187 -0.069800 -0.955927
vn -0.380033 0.012352 -0.924891
vn -0.362076 -0.035530 -0.931471
vn -0.445862 -0.047859 -0.893821
vn -0.397726 0.013399 -0.917406
vn -0.380033 0.012352 -0.924891
vn -0.445862 -0.047859 -0.893821
vn -0.423144 0.014730 -0.905943
vn -0.397726 0.013399 -0.917406
vn -0.445862 -0.047859 -0.893821
vn -0.455473 0.016315 -0.890100
vn -0.423144 0.014730 -0.905943
vn -0.445862 -0.047859 -0.893821
vn -0.455569 0.016319 -0.890051
vn -0.455473 0.016315 -0.890100
vn -0.445862 -0.047859 -0.893821
vn 0.000000 0.000000 -1.000000
vn -0.241631 0.006427 -0.970347
vn -0.105613 0.032250 -0.993884
vn -0.148666 0.093483 -0.984459
vn 0.000000 0.000000 -1.000000
vn -0.105613 0.032250 -0.993884
vn -0.210760 0.133341 -0.968401
vn -0.148666 0.093483 -0.984459
vn -0.290374 0.088702 -0.952793
vn -0.313214 0.197815 -0.928852
vn -0.210760 0.133341 -0.968401
vn -0.290374 0.088702 -0.952793
vn -0.382408 0.241931 -0.891759
vn -0.313214 0.197815 -0.928852
vn -0.420639 0.193960 -0.886252
vn -0.520724 0.329646 -0.787515
vn -0.382408 0.241931 -0.891759
vn -0.420639 0.193960 -0.886252
vn -0.615769 0.400531 -0.678530
vn -0.536254 0.350591 -0.767800
vn -0.520724 0.329646 -0.787515
vn -0.334186 0.607370 -0.720709
vn -0.334186 0.607370 -0.720709
vn -0.334186 0.607370 -0.720709
vn -0.478998 0.877814 -0.002016
vn -0.478998 0.877814 -0.002016
vn -0.478998 0.877813 -0.002015
vn -0.478998 0.877814 -0.002016
vn -0.478998 0.877813 -0.002015
vn -0.478976 0.877809 0.005765
vn 0.010876 0.197119 -0.980319
vn 0.009836 0.182057 -0.983239
vn -0.013191 0.262472 -0.964849
vn 0.012332 0.220472 -0.975315
vn 0.010876 0.197119 -0.980319
vn -0.013191 0.262472 -0.964849
vn 0.014170 0.251533 -0.967745
vn 0.012332 0.220472 -0.975315
vn -0.013191 0.262472 -0.964849
vn 0.024745 0.436112 -0.899552
vn 0.014170 0.251533 -0.967745
vn -0.013191 0.262472 -0.964849
vn 0.133326 0.344306 -0.929343
vn 0.024745 0.436112 -0.899552
vn -0.013191 0.262472 -0.964849
vn 0.291041 0.467102 -0.834932
vn 0.133326 0.344306 -0.929343
vn 0.171190 0.392047 -0.903877
vn 0.350548 0.562662 -0.748684
vn 0.291041 0.467102 -0.834932
vn 0.324738 0.521423 -0.789090
vn 0.404045 0.648713 -0.644918
vn 0.350548 0.562662 -0.748684
vn 0.324738 0.521423 -0.789090
vn 0.442035 0.709271 -0.549125
vn 0.451603 0.725017 -0.520005
vn 0.404045 0.648713 -0.644918
vn 0.462701 0.717375 -0.520847
vn 0.464606 0.740567 -0.485492
vn 0.451603 0.725017 -0.520005
vn 0.786513 0.428156 -0.445062
vn 0.796056 0.433110 -0.422741
vn 0.783006 0.426333 -0.452927
vn 0.786513 0.428156 -0.445062
vn 0.796073 0.433119 -0.422701
vn 0.796056 0.433110 -0.422741
vn 0.688736 0.264526 -0.675032
vn 0.594533 0.324932 -0.735493
vn 0.669971 0.366569 -0.645574
vn 0.688736 0.264526 -0.675032
vn 0.580143 0.316449 -0.750529
vn 0.594533 0.324932 -0.735493
vn 0.462260 0.173509 -0.869603
vn 0.520965 0.275831 -0.807783
vn 0.580143 0.316449 -0.750529
vn 0.462260 0.173509 -0.869603
vn 0.459904 0.250676 -0.851851
vn 0.520965 0.275831 -0.807783
vn 0.462260 0.173509 -0.869603
vn 0.412933 0.225751 -0.882339
vn 0.459904 0.250676 -0.851851
vn 0.462260 0.173509 -0.869603
vn 0.383472 0.201861 -0.901222
vn 0.412933 0.225751 -0.882339
vn 0.462260 0.173509 -0.869603
vn 0.393909 0.136697 -0.908928
vn 0.383472 0.201861 -0.901222
vn 0.385639 0.090663 -0.918184
vn 0.393909 0.136697 -0.908928
vn 0.462260 0.173509 -0.869603
vn 0.975796 0.218589 -0.006419
vn 0.975816 0.218581 -0.002202
vn 0.975816 0.218581 -0.002201
vn 0.975796 0.218589 -0.006419
vn 0.975816 0.218581 -0.002201
vn 0.975819 0.218572 0.001832
vn 0.975796 0.218589 -0.006419
vn 0.975819 0.218572 0.001832
vn 0.975698 0.218591 -0.015236
vn 0.031353 0.040838 -0.998674
vn 0.007303 0.013384 -0.999884
vn 0.188996 0.044437 -0.980972
vn -0.029711 0.154659 -0.987521
vn 0.007303 0.013384 -0.999884
vn 0.031353 0.040838 -0.998674
vn 0.492531 0.109403 -0.863391
vn 0.394037 0.087306 -0.914939
vn 0.414989 0.094523 -0.904903
vn 0.668957 0.148789 -0.728257
vn 0.492531 0.109403 -0.863391
vn 0.556640 0.126264 -0.821103
vn 0.718898 0.162314 -0.675900
vn 0.811301 0.180625 -0.556026
vn 0.668957 0.148789 -0.728257
vn 0.838061 0.187804 -0.512234
vn 0.867417 0.193201 -0.458541
vn 0.811301 0.180625 -0.556026
vn 0.975929 0.218088 0.000016
vn 0.975931 0.218081 -0.000016
vn 0.975931 0.218079 -0.000023
vn 0.975929 0.218088 0.000016
vn 0.975929 0.218090 0.000023
vn 0.975931 0.218081 -0.000016
vn 0.190244 0.042472 -0.980818
vn 0.190244 0.042472 -0.980818
vn 0.190244 0.042472 -0.980818
vn 0.386829 0.086398 -0.918095
vn 0.386816 0.086401 -0.918100
vn 0.386855 0.086392 -0.918085
vn 0.386802 0.086405 -0.918106
vn 0.386816 0.086401 -0.918100
vn 0.386829 0.086398 -0.918095
vn 0.566294 0.126518 -0.814435
vn 0.566236 0.126527 -0.814474
vn 0.566340 0.126510 -0.814404
vn 0.566210 0.126532 -0.814492
vn 0.566236 0.126527 -0.814474
vn 0.566294 0.126518 -0.814435
vn 0.720479 0.161023 -0.674524
vn 0.720456 0.161005 -0.674552
vn 0.720450 0.161000 -0.674560
vn 0.720484 0.161027 -0.674517
vn 0.720456 0.161005 -0.674552
vn 0.720479 0.161023 -0.674524
vn 0.842537 0.188274 -0.504662
vn 0.842578 0.188309 -0.504581
vn 0.842588 0.188317 -0.504562
vn 0.842530 0.188268 -0.504677
vn 0.842578 0.188309 -0.504581
vn 0.842537 0.188274 -0.504662
vn 0.975930 0.218082 -0.000025
vn 0.975930 0.218082 -0.000025
vn 0.975931 0.218082 -0.000025
vn 0.975930 0.218082 -0.000025
vn 0.975931 0.218082 -0.000025
vn 0.975930 0.218082 -0.000025
vn 0.184426 0.043245 -0.981894
vn 0.199721 0.044630 -0.978836
vn 0.197336 0.044414 -0.979329
vn 0.183082 0.043123 -0.982151
vn 0.184426 0.043245 -0.981894
vn 0.197336 0.044414 -0.979329
vn -0.193638 0.981073 -0.000000
vn -0.193638 0.981073 -0.000004
vn -0.193637 0.981073 0.000000
vn -0.193638 0.981073 -0.000005
vn -0.193638 0.981073 -0.000004
vn -0.193638 0.981073 -0.000000
vn 0.973049 0.229220 -0.025175
vn 0.973451 0.228895 0.000000
vn 0.973450 0.228899 -0.000279
vn 0.973042 0.229223 -0.025439
vn 0.973049 0.229220 -0.025175
vn 0.973450 0.228899 -0.000279
vn 0.877539 0.479506 -0.000237
vn 0.877081 0.479675 -0.025323
vn 0.877087 0.479675 -0.025100
vn 0.877539 0.479506 -0.000237
vn 0.877087 0.479675 -0.025100
vn 0.877540 0.479503 0.000000
vn 0.528805 0.848743 0.000000
vn 0.528805 0.848743 0.000000
vn 0.528805 0.848743 0.000000
vn 0.528805 0.848743 0.000000
vn 0.528805 0.848743 0.000000
vn 0.528805 0.848743 0.000000
vn 0.055977 0.998432 -0.000241
vn 0.055973 0.998432 0.000000
vn 0.056330 0.998084 -0.025610
vn 0.055977 0.998432 -0.000241
vn 0.056330 0.998084 -0.025610
vn 0.056333 0.998078 -0.025837
vn -0.486959 0.873058 -0.025310
vn -0.486958 0.873058 -0.025352
vn -0.487065 0.873116 -0.020861
vn -0.486959 0.873058 -0.025310
vn -0.487065 0.873116 -0.020861
vn -0.487066 0.873117 -0.020818
vn -0.844919 0.534500 -0.020537
vn -0.844892 0.534440 -0.023051
vn -0.844892 0.534441 -0.023028
vn -0.844919 0.534501 -0.020513
vn -0.844919 0.534500 -0.020537
vn -0.844892 0.534441 -0.023028
vn -0.999332 0.028718 -0.022597
vn -0.999473 0.028835 -0.014914
vn -0.999472 0.028834 -0.014987
vn -0.999331 0.028717 -0.022668
vn -0.999332 0.028718 -0.022597
vn -0.999472 0.028834 -0.014987
vn -0.237213 0.971458 -0.000001
vn -0.237213 0.971458 -0.000001
vn -0.237213 0.971458 -0.000000
vn -0.237213 0.971458 -0.000001
vn -0.237213 0.971458 -0.000000
vn -0.237213 0.971458 0.000000
vn -0.167006 0.846155 -0.506093
vn -0.167144 0.847021 -0.504597
vn -0.167005 0.846146 -0.506109
vn -0.167006 0.846155 -0.506093
vn -0.167145 0.847030 -0.504582
vn -0.167144 0.847021 -0.504597
vn 0.816554 0.312883 -0.485122
vn 0.837242 0.196764 -0.510206
vn 0.779852 0.298936 -0.549971
vn 0.462701 0.717375 -0.520847
vn 0.451603 0.725017 -0.520005
vn 0.462630 0.742268 -0.484780
vn 0.049307 0.873292 -0.484695
vn 0.047133 0.834390 -0.549156
vn 0.048339 0.857859 -0.511607
vn -0.862985 0.024799 -0.504620
vn -0.863009 0.024800 -0.504579
vn -0.872923 0.025184 -0.487208
vn -0.802154 -0.126901 -0.583476
vn -0.843924 -0.206202 -0.495251
vn -0.848366 -0.207245 -0.487160
vn -0.206314 0.843780 -0.495449
vn -0.189772 0.777275 -0.599858
vn -0.206600 0.845140 -0.493006
vn -0.237224 0.971455 -0.000007
vn -0.237224 0.971455 0.000000
vn -0.237213 0.971458 -0.000206
vn -0.237224 0.971455 -0.000007
vn -0.237213 0.971458 -0.000206
vn -0.237213 0.971458 -0.000213
vn -0.971434 -0.237309 0.000003
vn -0.971434 -0.237309 0.000000
vn -0.971434 -0.237309 0.000000
vn -0.971434 -0.237309 0.000003
vn -0.971434 -0.237309 0.000003
vn -0.971434 -0.237309 0.000000
vn -0.999587 0.028725 -0.000000
vn -0.999587 0.028724 -0.000004
vn -0.999587 0.028724 -0.000004
vn -0.999587 0.028725 0.000000
vn -0.999587 0.028725 -0.000000
vn -0.999587 0.028724 -0.000004
vn -0.845097 0.534613 0.000000
vn -0.845097 0.534613 0.000000
vn -0.845097 0.534613 0.000000
vn -0.845097 0.534613 0.000000
vn -0.845097 0.534613 0.000000
vn -0.845097 0.534613 0.000000
vn -0.487172 0.873306 0.000000
vn -0.487172 0.873306 0.000000
vn -0.487172 0.873306 0.000000
vn -0.487172 0.873306 0.000000
vn -0.487172 0.873306 0.000000
vn -0.487172 0.873306 0.000000
vn 0.056352 0.998411 0.000000
vn 0.056352 0.998411 0.000000
vn 0.056352 0.998411 0.000000
vn 0.056352 0.998411 0.000000
vn 0.056352 0.998411 0.000000
vn 0.056352 0.998411 0.000000
vn 0.528805 0.848743 0.000000
vn 0.528806 0.848743 0.000022
vn 0.528805 0.848743 0.000000
vn 0.528806 0.848743 0.000022
vn 0.528806 0.848743 0.000022
vn 0.528805 0.848743 0.000000
vn 0.877131 0.480252 -0.000297
vn 0.876732 0.479489 -0.037823
vn 0.876724 0.479480 -0.038131
vn 0.877131 0.480252 -0.000297
vn 0.877129 0.480256 0.000012
vn 0.876732 0.479489 -0.037823
vn 0.972757 0.228725 -0.037786
vn 0.973579 0.228353 -0.000025
vn 0.973577 0.228358 -0.000379
vn 0.972757 0.228725 -0.037786
vn 0.973577 0.228358 -0.000379
vn 0.972743 0.228727 -0.038139
vn -0.193637 0.981073 0.000005
vn -0.193637 0.981073 0.000005
vn -0.193637 0.981073 0.000005
vn -0.193637 0.981073 0.000005
vn -0.193637 0.981073 0.000005
vn -0.193637 0.981073 0.000005
vn -0.839133 -0.205055 -0.503793
vn -0.842117 -0.207063 -0.497959
vn -0.826683 -0.196850 -0.527110
vn -0.197590 0.808077 -0.554950
vn -0.158139 0.648740 -0.744398
vn -0.165317 0.675421 -0.718663
vn -0.120905 0.496678 -0.859472
vn -0.126866 0.517560 -0.846190
vn -0.165317 0.675421 -0.718663
vn -0.075918 0.309130 -0.947985
vn -0.085175 0.348041 -0.933602
vn -0.126866 0.517560 -0.846190
vn -0.210764 0.863141 -0.458874
vn -0.210764 0.863141 -0.458874
vn -0.210763 0.863139 -0.458879
vn -0.210763 0.863139 -0.458879
vn -0.210764 0.863141 -0.458874
vn -0.210763 0.863139 -0.458879
vn -0.180980 0.741171 -0.646462
vn -0.180980 0.741170 -0.646462
vn -0.180986 0.741192 -0.646436
vn -0.180986 0.741192 -0.646435
vn -0.180980 0.741171 -0.646462
vn -0.180986 0.741192 -0.646436
vn -0.141988 0.581483 -0.801072
vn -0.141983 0.581464 -0.801087
vn -0.141983 0.581464 -0.801087
vn -0.141988 0.581483 -0.801072
vn -0.141983 0.581464 -0.801087
vn -0.141988 0.581483 -0.801072
vn -0.095735 0.392067 -0.914942
vn -0.095740 0.392082 -0.914935
vn -0.095740 0.392082 -0.914935
vn -0.095735 0.392067 -0.914942
vn -0.095740 0.392082 -0.914935
vn -0.095735 0.392067 -0.914942
vn -0.044613 0.182703 -0.982156
vn -0.044611 0.182695 -0.982157
vn -0.044611 0.182695 -0.982157
vn -0.044613 0.182703 -0.982156
vn -0.044611 0.182695 -0.982157
vn -0.044613 0.182703 -0.982156
vn -0.062680 0.253538 -0.965293
vn -0.032176 0.143198 -0.989171
vn -0.075918 0.309130 -0.947985
vn -0.349776 -0.085017 -0.932968
vn -0.344599 -0.084059 -0.934979
vn -0.290403 -0.071041 -0.954264
vn -0.344599 -0.084059 -0.934979
vn -0.445862 -0.047859 -0.893821
vn -0.362076 -0.035530 -0.931471
vn -0.290374 0.088702 -0.952793
vn -0.241631 0.006427 -0.970347
vn -0.286626 0.007889 -0.958010
vn -0.105613 0.032250 -0.993884
vn -0.241631 0.006427 -0.970347
vn -0.290374 0.088702 -0.952793
vn -0.148666 0.093483 -0.984459
vn -0.105613 0.032250 -0.993884
vn -0.290374 0.088702 -0.952793
vn -0.313214 0.197815 -0.928852
vn -0.290374 0.088702 -0.952793
vn -0.420639 0.193960 -0.886252
vn -0.520724 0.329646 -0.787515
vn -0.420639 0.193960 -0.886252
vn -0.568920 0.359843 -0.739488
vn -0.615769 0.400531 -0.678530
vn -0.520724 0.329646 -0.787515
vn -0.568920 0.359843 -0.739488
vn -0.487363 0.356160 -0.797262
vn -0.536254 0.350591 -0.767800
vn -0.615769 0.400531 -0.678530
vn -0.246444 0.441503 -0.862752
vn -0.207963 0.372359 -0.904489
vn -0.284944 0.510209 -0.811476
vn -0.013191 0.262472 -0.964849
vn -0.095169 0.170568 -0.980739
vn -0.095356 0.170869 -0.980669
vn -0.036679 0.164358 -0.985718
vn -0.095169 0.170568 -0.980739
vn -0.013191 0.262472 -0.964849
vn 0.009836 0.182057 -0.983239
vn -0.036679 0.164358 -0.985718
vn -0.013191 0.262472 -0.964849
vn 0.133326 0.344306 -0.929343
vn -0.013191 0.262472 -0.964849
vn 0.022477 0.395529 -0.918179
vn 0.171190 0.392047 -0.903877
vn 0.133326 0.344306 -0.929343
vn 0.022477 0.395529 -0.918179
vn 0.291041 0.467102 -0.834932
vn 0.171190 0.392047 -0.903877
vn 0.324738 0.521423 -0.789090
vn 0.404045 0.648713 -0.644918
vn 0.324738 0.521423 -0.789090
vn 0.388660 0.623778 -0.678118
vn 0.442035 0.709271 -0.549125
vn 0.404045 0.648713 -0.644918
vn 0.388660 0.623778 -0.678118
vn 0.462630 0.742268 -0.484780
vn 0.451603 0.725017 -0.520005
vn 0.442035 0.709271 -0.549125
vn 0.462701 0.717375 -0.520847
vn 0.462201 0.709376 -0.532124
vn 0.464606 0.740567 -0.485492
vn 0.711129 0.388691 -0.585845
vn 0.779852 0.298936 -0.549971
vn 0.669971 0.366569 -0.645574
vn 0.669971 0.366569 -0.645574
vn 0.779852 0.298936 -0.549971
vn 0.688736 0.264526 -0.675032
vn 0.688736 0.264526 -0.675032
vn 0.582173 0.223308 -0.781798
vn 0.580143 0.316449 -0.750529
vn 0.582173 0.223308 -0.781798
vn 0.462260 0.173509 -0.869603
vn 0.580143 0.316449 -0.750529
vn 0.438414 0.103057 -0.892845
vn 0.385639 0.090663 -0.918184
vn 0.462260 0.173509 -0.869603
vn 0.438414 0.103057 -0.892845
vn 0.385827 0.090724 -0.918099
vn 0.385639 0.090663 -0.918184
vn 0.056967 0.168286 -0.984091
vn 0.188996 0.044437 -0.980972
vn 0.189622 0.044585 -0.980844
vn 0.056967 0.168286 -0.984091
vn 0.031353 0.040838 -0.998674
vn 0.188996 0.044437 -0.980972
vn 0.492531 0.109403 -0.863391
vn 0.414989 0.094523 -0.904903
vn 0.556640 0.126264 -0.821103
vn 0.668957 0.148789 -0.728257
vn 0.556640 0.126264 -0.821103
vn 0.718898 0.162314 -0.675900
vn 0.838061 0.187804 -0.512234
vn 0.811301 0.180625 -0.556026
vn 0.718898 0.162314 -0.675900
vn 0.870701 0.194564 -0.451690
vn 0.867417 0.193201 -0.458541
vn 0.838061 0.187804 -0.512234
vn -0.064002 0.325449 -0.943391
vn -0.029711 0.154659 -0.987521
vn 0.031353 0.040838 -0.998674
vn -0.064002 0.325449 -0.943391
vn 0.056967 0.168286 -0.984091
vn -0.076748 0.388848 -0.918100
vn -0.076753 0.388875 -0.918088
vn -0.064002 0.325449 -0.943391
vn -0.076748 0.388848 -0.918100
vn -0.112343 0.569191 -0.814494
vn -0.112347 0.569219 -0.814474
vn -0.112347 0.569219 -0.814474
vn -0.112343 0.569191 -0.814494
vn -0.112343 0.569191 -0.814494
vn -0.112347 0.569219 -0.814474
vn -0.142942 0.724226 -0.674584
vn -0.142947 0.724255 -0.674552
vn -0.142942 0.724226 -0.674584
vn -0.142947 0.724255 -0.674552
vn -0.142947 0.724255 -0.674552
vn -0.142942 0.724226 -0.674584
vn -0.039256 0.200777 -0.978850
vn -0.036413 0.184489 -0.982160
vn -0.047817 0.242126 -0.969066
vn -0.071699 0.365331 -0.928112
vn -0.039256 0.200777 -0.978850
vn -0.047817 0.242126 -0.969066
vn -0.172256 0.872541 -0.457165
vn -0.172260 0.872556 -0.457135
vn -0.172055 0.871721 -0.458803
vn -0.172256 0.872541 -0.457165
vn -0.172055 0.871721 -0.458803
vn -0.172052 0.871707 -0.458830
vn 0.859207 0.201957 -0.470082
vn 0.864856 0.203359 -0.458988
vn 0.864869 0.203362 -0.458962
vn 0.859187 0.201952 -0.470121
vn 0.864856 0.203359 -0.458988
vn 0.859207 0.201957 -0.470082
vn 0.469844 0.754108 -0.458877
vn 0.469836 0.754095 -0.458906
vn 0.469844 0.754108 -0.458877
vn 0.469835 0.754095 -0.458906
vn 0.469836 0.754095 -0.458906
vn 0.469844 0.754108 -0.458877
vn 0.050068 0.887067 -0.458918
vn 0.050068 0.887081 -0.458891
vn 0.049829 0.881859 -0.468872
vn 0.049828 0.881844 -0.468901
vn 0.050068 0.887067 -0.458918
vn 0.049829 0.881859 -0.468872
vn 0.711129 0.388691 -0.585845
vn 0.816554 0.312883 -0.485122
vn 0.779852 0.298936 -0.549971
vn 0.711219 0.388736 -0.585706
vn 0.816554 0.312883 -0.485122
vn 0.711129 0.388691 -0.585845
vn 0.048339 0.857859 -0.511607
vn 0.047133 0.834390 -0.549156
vn 0.045517 0.808251 -0.587076
vn -0.679620 0.430258 -0.594134
vn -0.686041 0.433919 -0.584004
vn -0.729628 0.461490 -0.504648
vn -0.863009 0.024800 -0.504579
vn -0.872955 0.025185 -0.487150
vn -0.872923 0.025184 -0.487208
vn -0.802154 -0.126901 -0.583476
vn -0.777149 -0.189912 -0.599978
vn -0.843924 -0.206202 -0.495251
vn -0.206600 0.845140 -0.493006
vn -0.189772 0.777275 -0.599858
vn -0.197590 0.808077 -0.554950
vn -0.182682 -0.044627 -0.982159
vn -0.185367 -0.019619 -0.982473
vn -0.185368 -0.019614 -0.982473
vn -0.182682 -0.044627 -0.982159
vn -0.182682 -0.044627 -0.982159
vn -0.185368 -0.019614 -0.982473
vn -0.173671 0.053033 -0.983375
vn -0.185368 -0.019614 -0.982473
vn -0.185367 -0.019619 -0.982473
vn -0.173669 0.053040 -0.983375
vn -0.185368 -0.019614 -0.982473
vn -0.173671 0.053033 -0.983375
vn -0.125406 0.132528 -0.983214
vn -0.173669 0.053040 -0.983375
vn -0.173671 0.053033 -0.983375
vn -0.125407 0.132527 -0.983214
vn -0.173669 0.053040 -0.983375
vn -0.125406 0.132528 -0.983214
vn -0.040568 0.176246 -0.983510
vn -0.125407 0.132527 -0.983214
vn -0.125406 0.132528 -0.983214
vn -0.040567 0.176247 -0.983510
vn -0.125407 0.132527 -0.983214
vn -0.040568 0.176246 -0.983510
vn 0.055077 0.173861 -0.983229
vn -0.040567 0.176247 -0.983510
vn -0.040568 0.176246 -0.983510
vn 0.055077 0.173861 -0.983229
vn 0.055078 0.173860 -0.983229
vn -0.040567 0.176247 -0.983510
vn 0.132346 0.125067 -0.983282
vn 0.055078 0.173860 -0.983229
vn 0.055077 0.173861 -0.983229
vn 0.132356 0.125071 -0.983280
vn 0.132346 0.125067 -0.983282
vn 0.055077 0.173861 -0.983229
vn 0.179774 0.068837 -0.981296
vn 0.132346 0.125067 -0.983282
vn 0.132356 0.125071 -0.983280
vn 0.179790 0.068848 -0.981293
vn 0.179774 0.068837 -0.981296
vn 0.132356 0.125071 -0.983280
vn 0.183090 0.043019 -0.982154
vn 0.183077 0.043016 -0.982157
vn 0.179774 0.068837 -0.981296
vn -0.189772 0.777275 -0.599858
vn -0.158139 0.648740 -0.744398
vn -0.197590 0.808077 -0.554950
vn -0.120905 0.496678 -0.859472
vn -0.165317 0.675421 -0.718663
vn -0.158139 0.648740 -0.744398
vn -0.075918 0.309130 -0.947985
vn -0.126866 0.517560 -0.846190
vn -0.120905 0.496678 -0.859472
vn -0.075918 0.309130 -0.947985
vn -0.051174 0.215060 -0.975259
vn -0.085175 0.348041 -0.933602
vn -0.860087 -0.210108 -0.464872
vn -0.863133 -0.210887 -0.458833
vn -0.863147 -0.210891 -0.458806
vn -0.755848 -0.079979 -0.649844
vn -0.741156 -0.181054 -0.646457
vn -0.741156 -0.181054 -0.646457
vn -0.755848 -0.079979 -0.649844
vn -0.741156 -0.181054 -0.646457
vn -0.755846 -0.079995 -0.649844
vn -0.581464 -0.142044 -0.801076
vn -0.591785 -0.062621 -0.803660
vn -0.591784 -0.062632 -0.803660
vn -0.581464 -0.142044 -0.801076
vn -0.581464 -0.142044 -0.801076
vn -0.591784 -0.062632 -0.803660
vn -0.392066 -0.095777 -0.914938
vn -0.398335 -0.042153 -0.916271
vn -0.398335 -0.042155 -0.916271
vn -0.392066 -0.095777 -0.914938
vn -0.392066 -0.095777 -0.914938
vn -0.398335 -0.042155 -0.916271
vn -0.075918 0.309130 -0.947985
vn -0.032176 0.143198 -0.989171
vn -0.051174 0.215060 -0.975259
vn -0.349776 -0.085017 -0.932968
vn -0.445862 -0.047859 -0.893821
vn -0.344599 -0.084059 -0.934979
vn -0.290374 0.088702 -0.952793
vn -0.286626 0.007889 -0.958010
vn -0.420639 0.193960 -0.886252
vn -0.579964 0.016509 -0.814475
vn -0.445862 -0.047859 -0.893821
vn -0.672911 0.019202 -0.739474
vn -0.615769 0.400531 -0.678530
vn -0.568920 0.359843 -0.739488
vn -0.686041 0.433919 -0.584004
vn -0.328266 0.588300 -0.739016
vn -0.284944 0.510209 -0.811476
vn -0.346679 0.621335 -0.702678
vn -0.193027 0.346083 -0.918133
vn -0.207963 0.372359 -0.904489
vn -0.246444 0.441503 -0.862752
vn -0.246444 0.441503 -0.862752
vn -0.284944 0.510209 -0.811476
vn -0.328266 0.588300 -0.739016
vn 0.030113 0.537196 -0.842919
vn 0.032774 0.579266 -0.814480
vn 0.037924 0.672620 -0.739015
vn 0.034566 0.613239 -0.789141
vn 0.030113 0.537196 -0.842919
vn 0.037924 0.672620 -0.739015
vn 0.041486 0.733761 -0.678140
vn 0.034566 0.613239 -0.789141
vn 0.037924 0.672620 -0.739015
vn 0.047133 0.834390 -0.549156
vn 0.041486 0.733761 -0.678140
vn 0.045517 0.808251 -0.587076
vn 0.779852 0.298936 -0.549971
vn 0.762700 0.179426 -0.621366
vn 0.688736 0.264526 -0.675032
vn 0.762700 0.179426 -0.621366
vn 0.582173 0.223308 -0.781798
vn 0.688736 0.264526 -0.675032
vn 0.438414 0.103057 -0.892845
vn 0.462260 0.173509 -0.869603
vn 0.582173 0.223308 -0.781798
vn -0.064002 0.325449 -0.943391
vn 0.031353 0.040838 -0.998674
vn 0.056967 0.168286 -0.984091
vn 0.615149 0.144624 -0.775032
vn 0.438414 0.103057 -0.892845
vn 0.582173 0.223308 -0.781798
vn 0.582173 0.223308 -0.781798
vn 0.762700 0.179426 -0.621366
vn 0.615149 0.144624 -0.775032
vn -0.071699 0.365331 -0.928112
vn -0.047817 0.242126 -0.969066
vn -0.089485 0.452837 -0.887091
vn -0.110431 0.561944 -0.819771
vn -0.071699 0.365331 -0.928112
vn -0.089485 0.452837 -0.887091
vn -0.151488 0.766767 -0.623794
vn -0.151577 0.767142 -0.623312
vn -0.147254 0.748817 -0.646211
vn -0.147163 0.748432 -0.646678
vn -0.151488 0.766767 -0.623794
vn -0.147254 0.748817 -0.646211
vn 0.709822 0.271811 -0.649824
vn 0.742741 0.174646 -0.646402
vn 0.742741 0.174646 -0.646402
vn 0.709823 0.271808 -0.649824
vn 0.742741 0.174646 -0.646402
vn 0.709822 0.271811 -0.649824
vn 0.779516 0.426376 -0.458865
vn 0.774218 0.423420 -0.470427
vn 0.779504 0.426370 -0.458893
vn 0.403483 0.647598 -0.646388
vn 0.403483 0.647598 -0.646389
vn 0.403483 0.647598 -0.646388
vn 0.403483 0.647598 -0.646389
vn 0.403483 0.647598 -0.646389
vn 0.403483 0.647598 -0.646388
vn 0.042996 0.761783 -0.646404
vn 0.042996 0.761783 -0.646404
vn 0.042993 0.761725 -0.646472
vn 0.042993 0.761725 -0.646472
vn 0.042996 0.761783 -0.646404
vn 0.042993 0.761725 -0.646472
vn -0.430832 0.772278 -0.466872
vn -0.429928 0.770689 -0.470320
vn -0.430830 0.772275 -0.466881
vn -0.746967 0.472536 -0.467707
vn -0.746930 0.472513 -0.467791
vn -0.746930 0.472512 -0.467791
vn -0.882920 0.025372 -0.468837
vn -0.885073 0.025415 -0.464758
vn -0.885078 0.025415 -0.464748
vn 0.779852 0.298936 -0.549971
vn 0.837242 0.196764 -0.510206
vn 0.762700 0.179426 -0.621366
vn -0.418728 0.749388 -0.512918
vn -0.346679 0.621335 -0.702678
vn -0.391644 0.702342 -0.594416
vn -0.679620 0.430258 -0.594134
vn -0.615769 0.400531 -0.678530
vn -0.686041 0.433919 -0.584004
vn -0.737989 0.021088 -0.674484
vn -0.672911 0.019202 -0.739474
vn -0.802154 -0.126901 -0.583476
vn -0.717373 -0.075843 -0.692549
vn -0.777149 -0.189912 -0.599978
vn -0.802154 -0.126901 -0.583476
vn -0.403442 0.011593 -0.914932
vn -0.398335 -0.042155 -0.916271
vn -0.398335 -0.042153 -0.916271
vn -0.403442 0.011593 -0.914932
vn -0.398335 -0.042155 -0.916271
vn -0.403442 0.011593 -0.914932
vn -0.270164 0.285508 -0.919509
vn -0.341069 0.215762 -0.914942
vn -0.341069 0.215762 -0.914942
vn -0.270167 0.285505 -0.919509
vn -0.341069 0.215762 -0.914942
vn -0.270164 0.285508 -0.919509
vn -0.196627 0.352475 -0.914931
vn -0.270167 0.285505 -0.919509
vn -0.270164 0.285508 -0.919509
vn -0.196628 0.352475 -0.914931
vn -0.270167 0.285505 -0.919509
vn -0.196627 0.352475 -0.914931
vn 0.118678 0.374628 -0.919549
vn 0.022743 0.402955 -0.914937
vn 0.022743 0.402955 -0.914937
vn 0.118678 0.374628 -0.919549
vn 0.118678 0.374628 -0.919549
vn 0.022743 0.402955 -0.914937
vn 0.285280 0.269543 -0.919762
vn 0.118678 0.374628 -0.919549
vn 0.118678 0.374628 -0.919549
vn 0.285285 0.269538 -0.919762
vn 0.285280 0.269543 -0.919762
vn 0.118678 0.374628 -0.919549
vn 0.374032 0.143228 -0.916289
vn 0.285280 0.269543 -0.919762
vn 0.285285 0.269538 -0.919762
vn 0.374033 0.143226 -0.916289
vn 0.374032 0.143228 -0.916289
vn 0.285285 0.269538 -0.919762
vn -0.717373 -0.075843 -0.692549
vn -0.648529 -0.158520 -0.744501
vn -0.777149 -0.189912 -0.599978
vn -0.496344 -0.121360 -0.859601
vn -0.648529 -0.158520 -0.744501
vn -0.590181 -0.062385 -0.804857
vn -0.349776 -0.085017 -0.932968
vn -0.496344 -0.121360 -0.859601
vn -0.445862 -0.047859 -0.893821
vn -0.860075 -0.210105 -0.464895
vn -0.863133 -0.210887 -0.458833
vn -0.860087 -0.210108 -0.464872
vn -0.762629 0.021915 -0.646465
vn -0.755848 -0.079979 -0.649844
vn -0.755846 -0.079995 -0.649844
vn -0.762629 0.021915 -0.646465
vn -0.762628 0.021915 -0.646465
vn -0.755848 -0.079979 -0.649844
vn -0.598313 0.017193 -0.801078
vn -0.591784 -0.062632 -0.803660
vn -0.591785 -0.062621 -0.803660
vn -0.598313 0.017193 -0.801078
vn -0.591784 -0.062632 -0.803660
vn -0.598313 0.017193 -0.801078
vn -0.672911 0.019202 -0.739474
vn -0.445862 -0.047859 -0.893821
vn -0.590181 -0.062385 -0.804857
vn 0.045517 0.808251 -0.587076
vn 0.041486 0.733761 -0.678140
vn 0.037924 0.672620 -0.739015
vn 0.392953 0.092397 -0.914905
vn 0.374032 0.143228 -0.916289
vn 0.374033 0.143226 -0.916289
vn 0.392953 0.092398 -0.914905
vn 0.392953 0.092397 -0.914905
vn 0.374033 0.143226 -0.916289
vn -0.110431 0.561944 -0.819771
vn -0.089485 0.452837 -0.887091
vn -0.116044 0.587471 -0.800882
vn -0.120241 0.611771 -0.781843
vn -0.110431 0.561944 -0.819771
vn -0.116044 0.587471 -0.800882
vn 0.582589 0.136988 -0.801140
vn 0.555667 0.212778 -0.803716
vn 0.555667 0.212780 -0.803716
vn 0.582588 0.136988 -0.801140
vn 0.582589 0.136988 -0.801140
vn 0.555667 0.212780 -0.803716
vn 0.669422 0.366107 -0.646405
vn 0.709823 0.271808 -0.649824
vn 0.709822 0.271811 -0.649824
vn 0.669422 0.366107 -0.646405
vn 0.709823 0.271808 -0.649824
vn 0.669422 0.366107 -0.646405
vn 0.779504 0.426370 -0.458893
vn 0.774218 0.423420 -0.470427
vn 0.774201 0.423410 -0.470464
vn 0.316508 0.508002 -0.801097
vn 0.316522 0.508023 -0.801078
vn 0.316522 0.508023 -0.801078
vn 0.316508 0.508002 -0.801097
vn 0.316508 0.508002 -0.801097
vn 0.316522 0.508023 -0.801078
vn -0.371682 0.666278 -0.646472
vn -0.371682 0.666278 -0.646472
vn -0.371704 0.666317 -0.646419
vn -0.371704 0.666317 -0.646419
vn -0.371682 0.666278 -0.646472
vn -0.371704 0.666317 -0.646419
vn 0.033730 0.597611 -0.801076
vn 0.033729 0.597602 -0.801083
vn 0.033729 0.597602 -0.801084
vn 0.033730 0.597611 -0.801076
vn 0.033730 0.597611 -0.801076
vn 0.033729 0.597602 -0.801083
vn -0.429928 0.770689 -0.470320
vn -0.429925 0.770684 -0.470330
vn -0.430830 0.772275 -0.466881
vn -0.746967 0.472536 -0.467707
vn -0.746967 0.472536 -0.467707
vn -0.746930 0.472513 -0.467791
vn -0.882920 0.025372 -0.468837
vn -0.882914 0.025371 -0.468849
vn -0.885073 0.025415 -0.464758
vn -0.418728 0.749388 -0.512918
vn -0.394519 0.706584 -0.587447
vn -0.346679 0.621335 -0.702678
vn -0.672911 0.019202 -0.739474
vn -0.717373 -0.075843 -0.692549
vn -0.802154 -0.126901 -0.583476
vn -0.505843 0.319999 -0.801076
vn -0.505860 0.320010 -0.801062
vn -0.505860 0.320010 -0.801062
vn -0.505843 0.319999 -0.801076
vn -0.505860 0.320010 -0.801062
vn -0.505843 0.319999 -0.801076
vn -0.291593 0.522711 -0.801091
vn -0.291604 0.522731 -0.801074
vn -0.291604 0.522731 -0.801074
vn -0.291593 0.522711 -0.801091
vn -0.291604 0.522731 -0.801074
vn -0.291593 0.522711 -0.801091
vn 0.555667 0.212778 -0.803716
vn 0.525132 0.287195 -0.801096
vn 0.525132 0.287195 -0.801096
vn 0.555667 0.212780 -0.803716
vn 0.555667 0.212778 -0.803716
vn 0.525132 0.287195 -0.801096
vn 0.183090 0.043019 -0.982154
vn 0.179774 0.068837 -0.981296
vn 0.179790 0.068848 -0.981293
vn -0.648529 -0.158520 -0.744501
vn -0.717373 -0.075843 -0.692549
vn -0.590181 -0.062385 -0.804857
vn -0.496344 -0.121360 -0.859601
vn -0.590181 -0.062385 -0.804857
vn -0.445862 -0.047859 -0.893821
vn -0.644787 0.407896 -0.646429
vn -0.644753 0.407875 -0.646476
vn -0.644753 0.407874 -0.646477
vn -0.644787 0.407896 -0.646429
vn -0.644753 0.407875 -0.646476
vn -0.644787 0.407896 -0.646429
vn -0.672911 0.019202 -0.739474
vn -0.590181 -0.062385 -0.804857
vn -0.717373 -0.075843 -0.692549
vn -0.328266 0.588300 -0.739016
vn -0.346679 0.621335 -0.702678
vn -0.394519 0.706584 -0.587447
vn -0.113033 -0.368027 0.922919
vn 0.083988 -0.377082 0.922364
vn -0.112501 -0.368193 0.922918
vn -0.112501 -0.368193 0.922918
vn 0.083988 -0.377082 0.922364
vn 0.084093 -0.377059 0.922364
vn 0.083988 -0.377082 0.922364
vn 0.180820 -0.353614 0.917748
vn 0.084093 -0.377059 0.922364
vn 0.083988 -0.377082 0.922364
vn 0.180820 -0.353614 0.917748
vn 0.180820 -0.353614 0.917748
vn -0.280235 -0.263689 0.923004
vn -0.113033 -0.368027 0.922919
vn -0.279645 -0.264226 0.923029
vn -0.113033 -0.368027 0.922919
vn -0.112501 -0.368193 0.922918
vn -0.279645 -0.264226 0.923029
vn -0.025982 -0.760327 0.649021
vn -0.025324 -0.760838 0.648447
vn -0.025249 -0.760896 0.648382
vn 0.338502 -0.206654 0.917993
vn 0.368708 -0.110560 0.922947
vn 0.338501 -0.206654 0.917993
vn 0.338502 -0.206654 0.917993
vn 0.368917 -0.109848 0.922948
vn 0.368708 -0.110560 0.922947
vn 0.354900 -0.669860 0.652176
vn 0.354224 -0.671212 0.651152
vn 0.348743 -0.682007 0.642841
vn -0.280235 -0.263689 0.923004
vn -0.279645 -0.264226 0.923029
vn -0.361642 -0.136613 0.922254
vn -0.398996 -0.652082 0.644664
vn -0.400543 -0.652197 0.643588
vn -0.409933 -0.652846 0.636983
vn -0.025249 -0.760896 0.648382
vn -0.025324 -0.760838 0.648447
vn -0.024435 -0.761527 0.647672
vn 0.368708 -0.110560 0.922947
vn 0.368917 -0.109848 0.922948
vn 0.390790 0.036836 0.919743
vn 0.368917 -0.109848 0.922948
vn 0.390745 0.037275 0.919744
vn 0.390790 0.036836 0.919743
vn 0.642207 -0.396891 0.655780
vn 0.646904 -0.394933 0.652337
vn 0.642701 -0.396686 0.655420
vn 0.354224 -0.671212 0.651152
vn 0.354900 -0.669860 0.652176
vn 0.361600 -0.656206 0.662299
vn -0.361642 -0.136613 0.922254
vn -0.279645 -0.264226 0.923029
vn -0.356728 -0.146457 0.922657
vn -0.398996 -0.652082 0.644664
vn -0.387344 -0.651146 0.652667
vn -0.400543 -0.652197 0.643588
vn -0.672341 -0.367612 0.642509
vn -0.704395 -0.279412 0.652500
vn -0.672098 -0.367730 0.642697
vn -0.067374 -0.247244 0.966608
vn 0.057992 -0.239168 0.969245
vn -0.004256 -0.000197 0.999991
vn 0.390790 0.036836 0.919743
vn 0.366666 0.137093 0.920196
vn 0.366839 0.136639 0.920195
vn 0.390790 0.036836 0.919743
vn 0.390745 0.037275 0.919744
vn 0.366666 0.137093 0.920196
vn 0.748818 -0.016157 0.662579
vn 0.736435 0.069880 0.672889
vn 0.738871 0.073284 0.669850
vn 0.642207 -0.396891 0.655780
vn 0.642701 -0.396686 0.655420
vn 0.636868 -0.399086 0.659643
vn 0.748818 -0.016157 0.662579
vn 0.738871 0.073284 0.669850
vn 0.754981 -0.008977 0.655685
vn 0.057992 -0.239168 0.969245
vn 0.170851 -0.186298 0.967524
vn -0.004256 -0.000197 0.999991
vn -0.361642 -0.136613 0.922254
vn -0.356728 -0.146457 0.922657
vn -0.386860 -0.040655 0.921242
vn -0.672098 -0.367730 0.642697
vn -0.704395 -0.279412 0.652500
vn -0.705500 -0.270036 0.655249
vn -0.067374 -0.247244 0.966608
vn -0.004256 -0.000197 0.999991
vn -0.195330 -0.201016 0.959916
vn -0.195330 -0.201016 0.959916
vn -0.004256 -0.000197 0.999991
vn -0.292608 -0.117877 0.948939
vn 0.279230 0.261120 0.924038
vn 0.366839 0.136639 0.920195
vn 0.278655 0.261726 0.924040
vn 0.366839 0.136639 0.920195
vn 0.366666 0.137093 0.920196
vn 0.278655 0.261726 0.924040
vn 0.736435 0.069880 0.672889
vn 0.692663 0.258548 0.673328
vn 0.738871 0.073284 0.669850
vn 0.736435 0.069880 0.672889
vn 0.692664 0.258548 0.673328
vn 0.692663 0.258548 0.673328
vn 0.170851 -0.186298 0.967524
vn 0.260848 -0.086260 0.961518
vn -0.004256 -0.000197 0.999991
vn 0.260848 -0.086260 0.961518
vn 0.307111 0.029937 0.951203
vn -0.004256 -0.000197 0.999991
vn -0.361642 -0.136613 0.922254
vn -0.386860 -0.040655 0.921242
vn -0.389268 -0.039162 0.920292
vn -0.705500 -0.270036 0.655249
vn -0.727802 -0.182113 0.661165
vn -0.723512 -0.185401 0.664949
vn -0.704395 -0.279412 0.652500
vn -0.727802 -0.182113 0.661165
vn -0.705500 -0.270036 0.655249
vn -0.292608 -0.117877 0.948939
vn -0.004256 -0.000197 0.999991
vn -0.313340 -0.026079 0.949283
vn 0.115274 0.366392 0.923292
vn 0.279230 0.261120 0.924038
vn 0.112991 0.364541 0.924307
vn 0.279230 0.261120 0.924038
vn 0.278655 0.261726 0.924040
vn 0.112991 0.364541 0.924307
vn -0.004256 -0.000197 0.999991
vn 0.307111 0.029937 0.951203
vn 0.287862 0.109809 0.951355
vn -0.389268 -0.039162 0.920292
vn -0.386860 -0.040655 0.921242
vn -0.365469 0.109701 0.924337
vn -0.386860 -0.040655 0.921242
vn -0.365686 0.108988 0.924335
vn -0.365469 0.109701 0.924337
vn -0.759800 0.025746 0.649647
vn -0.759140 0.026575 0.650384
vn -0.763464 0.021112 0.645506
vn -0.313340 -0.026079 0.949283
vn -0.004256 -0.000197 0.999991
vn -0.264979 0.092800 0.959778
vn 0.115274 0.366392 0.923292
vn 0.112991 0.364541 0.924307
vn 0.024903 0.405337 0.913828
vn -0.004256 -0.000197 0.999991
vn 0.287862 0.109809 0.951355
vn 0.197645 0.196692 0.960338
vn -0.365686 0.108988 0.924335
vn -0.260722 0.277630 0.924633
vn -0.365469 0.109701 0.924337
vn -0.365686 0.108988 0.924335
vn -0.263399 0.278383 0.923647
vn -0.260722 0.277630 0.924633
vn -0.754339 0.032561 0.655677
vn -0.759140 0.026575 0.650384
vn -0.759800 0.025746 0.649647
vn -0.264979 0.092800 0.959778
vn -0.004256 -0.000197 0.999991
vn -0.173451 0.190123 0.966317
vn 0.028300 0.411569 0.910939
vn 0.115274 0.366392 0.923292
vn 0.024903 0.405337 0.913828
vn -0.004256 -0.000197 0.999991
vn 0.197645 0.196692 0.960338
vn 0.074480 0.245213 0.966604
vn -0.263399 0.278383 0.923647
vn -0.197403 0.354382 0.914027
vn -0.260722 0.277630 0.924633
vn -0.173451 0.190123 0.966317
vn -0.004256 -0.000197 0.999991
vn -0.054221 0.239469 0.969389
vn -0.263399 0.278383 0.923647
vn -0.202994 0.358418 0.911224
vn -0.197403 0.354382 0.914027
vn 0.692663 0.258548 0.673328
vn 0.653995 0.351430 0.669916
vn 0.653995 0.351430 0.669916
vn 0.692664 0.258548 0.673328
vn 0.653995 0.351430 0.669916
vn 0.692663 0.258548 0.673328
vn 0.392749 0.630048 0.669916
vn 0.392749 0.630048 0.669916
vn 0.392749 0.630048 0.669916
vn 0.392750 0.630048 0.669916
vn 0.392749 0.630048 0.669916
vn 0.392749 0.630048 0.669916
vn 0.050931 0.740688 0.669916
vn 0.050931 0.740688 0.669916
vn 0.050931 0.740688 0.669916
vn 0.050931 0.740688 0.669916
vn 0.050931 0.740688 0.669916
vn 0.050931 0.740688 0.669916
vn -0.631797 0.396470 0.666067
vn -0.631365 0.390628 0.669916
vn -0.631850 0.397216 0.665572
vn -0.631797 0.396470 0.666067
vn -0.631850 0.397216 0.665572
vn -0.632334 0.404393 0.660773
vn -0.365882 0.646021 0.669916
vn -0.365882 0.646021 0.669916
vn -0.365882 0.646021 0.669916
vn -0.365882 0.646021 0.669916
vn -0.365882 0.646021 0.669916
vn -0.365882 0.646021 0.669916
vn -0.004256 -0.000197 0.999991
vn 0.074480 0.245213 0.966604
vn -0.054221 0.239469 0.969389
vn 0.000000 -0.000000 -1.000000
vn 0.000000 -0.000000 -1.000000
vn 0.000000 -0.000001 -1.000000
vn 0.000000 -0.000000 -1.000000
vn 0.000000 -0.000001 -1.000000
vn 0.000007 -0.000006 -1.000000
vn 0.000007 -0.000006 -1.000000
vn 0.000000 -0.000001 -1.000000
vn -0.000022 -0.000170 -1.000000
vn -0.000022 -0.000170 -1.000000
vn 0.000000 -0.000001 -1.000000
vn -0.000000 -0.000001 -1.000000
vn -0.000000 -0.000001 -1.000000
vn 0.000000 -0.000001 -1.000000
vn -0.000000 -0.000000 -1.000000
vn -0.000000 -0.000000 -1.000000
vn 0.000000 -0.000001 -1.000000
vn -0.000000 -0.000000 -1.000000
vn -0.000000 -0.000000 -1.000000
vn 0.000000 -0.000001 -1.000000
vn -0.000000 -0.000000 -1.000000
vn -0.000000 -0.000000 -1.000000
vn 0.000000 -0.000001 -1.000000
vn -0.000000 -0.000000 -1.000000
vn -0.000000 -0.000000 -1.000000
vn 0.000000 -0.000001 -1.000000
vn -0.000000 -0.000000 -1.000000
vn -0.000000 -0.000000 -1.000000
vn 0.000000 -0.000001 -1.000000
vn -0.000000 0.000000 -1.000000
vn -0.000000 0.000000 -1.000000
vn 0.000000 -0.000001 -1.000000
vn -0.000000 0.000000 -1.000000
vn -0.000000 0.000000 -1.000000
vn 0.000000 -0.000001 -1.000000
vn -0.000000 0.000000 -1.000000
vn -0.000000 0.000000 -1.000000
vn 0.000000 -0.000001 -1.000000
vn -0.000002 0.000008 -1.000000
vn 0.000078 -0.000020 -1.000000
vn 0.000035 -0.000001 -1.000000
vn 0.000002 0.000001 -1.000000
vn 0.000035 -0.000001 -1.000000
vn -0.000003 0.000015 -1.000000
vn 0.000002 0.000001 -1.000000
vn -0.000003 0.000015 -1.000000
vn -0.000007 0.000017 -1.000000
vn 0.000002 0.000001 -1.000000
vn -0.000007 0.000017 -1.000000
vn -0.000013 0.000021 -1.000000
vn 0.000002 0.000001 -1.000000
vn -0.000013 0.000021 -1.000000
vn -0.000026 0.000031 -1.000000
vn 0.000002 0.000001 -1.000000
vn -0.000026 0.000031 -1.000000
vn -0.000112 0.000097 -1.000000
vn 0.000002 0.000001 -1.000000
vn -0.000112 0.000097 -1.000000
vn -0.000002 0.000008 -1.000000
vn 0.000002 0.000001 -1.000000
vn -0.000002 0.000008 -1.000000
vn 0.000000 -0.000001 -1.000000
vn 0.000002 0.000001 -1.000000
vn 0.000000 -0.000001 -1.000000
vn 0.000000 -0.000000 -1.000000
vn 0.000002 0.000001 -1.000000
vn -0.000000 -0.000000 -1.000000
vn 0.000002 0.000001 -1.000000
vn -0.000002 -0.000003 -1.000000
vn 0.000002 0.000001 -1.000000
vn 0.000000 -0.000000 -1.000000
vn -0.000002 -0.000003 -1.000000
vn -0.000037 -0.000036 -1.000000
vn -0.000002 -0.000003 -1.000000
vn -0.000014 -0.000007 -1.000000
vn -0.000014 -0.000007 -1.000000
vn -0.000002 -0.000003 -1.000000
vn -0.000002 0.000009 -1.000000
vn -0.000002 0.000009 -1.000000
vn -0.000002 -0.000003 -1.000000
vn -0.000001 0.000011 -1.000000
vn -0.000001 0.000011 -1.000000
vn -0.000002 -0.000003 -1.000000
vn 0.000001 0.000016 -1.000000
vn 0.000001 0.000016 -1.000000
vn -0.000002 -0.000003 -1.000000
vn 0.000007 0.000030 -1.000000
vn 0.000007 0.000030 -1.000000
vn -0.000002 -0.000003 -1.000000
vn -0.000002 0.000001 -1.000000
vn -0.000002 -0.000003 -1.000000
vn 0.000000 -0.000000 -1.000000
vn -0.000002 0.000001 -1.000000
vn -0.000002 0.000001 -1.000000
vn 0.000000 -0.000000 -1.000000
vn -0.000000 -0.000000 -1.000000
vn -0.000000 -0.000000 -1.000000
vn 0.000000 -0.000000 -1.000000
vn -0.000000 -0.000001 -1.000000
vn -0.000000 -0.000001 -1.000000
vn 0.000000 -0.000000 -1.000000
vn -0.000001 -0.000001 -1.000000
vn -0.000001 -0.000001 -1.000000
vn 0.000000 -0.000000 -1.000000
vn 0.000001 -0.000000 -1.000000
vn -0.000056 -0.000053 -1.000000
vn -0.000019 -0.000019 -1.000000
vn -0.000000 -0.000000 -1.000000
vn -0.000019 -0.000019 -1.000000
vn 0.000001 -0.000000 -1.000000
vn -0.000000 -0.000000 -1.000000
vn 0.000001 -0.000000 -1.000000
vn 0.000001 -0.000000 -1.000000
vn -0.000000 -0.000000 -1.000000
vn 0.000001 -0.000000 -1.000000
vn 0.000001 -0.000000 -1.000000
vn -0.000000 -0.000000 -1.000000
vn 0.000001 -0.000000 -1.000000
vn 0.000001 0.000000 -1.000000
vn -0.000000 -0.000000 -1.000000
vn 0.000001 0.000000 -1.000000
vn 0.000002 0.000000 -1.000000
vn -0.000000 -0.000000 -1.000000
vn 0.000002 0.000000 -1.000000
vn 0.000003 0.000001 -1.000000
vn -0.000000 -0.000000 -1.000000
vn 0.000003 0.000001 -1.000000
vn 0.000005 0.000003 -1.000000
vn -0.000000 -0.000000 -1.000000
vn 0.000005 0.000003 -1.000000
vn 0.000001 -0.000000 -1.000000
vn -0.000000 -0.000000 -1.000000
vn 0.000001 -0.000000 -1.000000
vn 0.000000 -0.000000 -1.000000
vn -0.000000 -0.000000 -1.000000
vn 0.000000 -0.000000 -1.000000
vn 0.000001 -0.000001 -1.000000
vn -0.000000 -0.000000 -1.000000
vn -0.000000 -0.000000 -1.000000
vn 0.000001 -0.000001 -1.000000
vn 0.000000 -0.000000 -1.000000
vn -0.034717 -0.999397 -0.000000
vn -0.034717 -0.999397 -0.000001
vn -0.034717 -0.999397 -0.000001
vn -0.034717 -0.999397 -0.000001
vn -0.034717 -0.999397 -0.000000
vn -0.034717 -0.999397 -0.000000
vn -0.530093 -0.847940 -0.000004
vn -0.530093 -0.847939 -0.000000
vn -0.530093 -0.847940 -0.000004
vn -0.530093 -0.847939 0.000000
vn -0.530093 -0.847939 -0.000000
vn -0.530093 -0.847940 -0.000004
vn 0.459518 -0.888169 0.000009
vn 0.459518 -0.888168 -0.000000
vn 0.459518 -0.888168 0.000000
vn 0.459518 -0.888168 0.000000
vn 0.459518 -0.888169 0.000009
vn 0.459518 -0.888169 0.000009
vn -0.876124 -0.482086 0.000000
vn -0.876124 -0.482086 0.000000
vn -0.876124 -0.482086 0.000000
vn -0.876124 -0.482086 0.000000
vn -0.876124 -0.482086 0.000000
vn -0.876124 -0.482086 0.000000
vn 0.853285 -0.521445 -0.000008
vn 0.853285 -0.521446 0.000016
vn 0.853285 -0.521446 0.000015
vn 0.853285 -0.521445 -0.000008
vn 0.853285 -0.521446 0.000015
vn 0.853285 -0.521445 -0.000008
vn -0.974446 -0.224620 0.000000
vn -0.974446 -0.224620 0.000000
vn -0.974446 -0.224620 0.000000
vn -0.974446 -0.224620 0.000000
vn -0.974446 -0.224620 0.000000
vn -0.974446 -0.224620 0.000000
vn 0.999421 -0.034041 -0.000000
vn 0.999420 -0.034041 -0.000009
vn 0.999420 -0.034041 -0.000009
vn 0.999420 -0.034041 0.000000
vn 0.999420 -0.034041 -0.000009
vn 0.999421 -0.034041 -0.000000
vn -0.999652 0.026376 0.000000
vn -0.999652 0.026376 0.000000
vn -0.999652 0.026376 0.000000
vn -0.999652 0.026376 0.000000
vn -0.999652 0.026376 0.000000
vn -0.999652 0.026376 0.000000
vn 0.000000 -0.000000 -1.000000
vn 0.000000 -0.000000 -1.000000
vn 0.000000 -0.000000 -1.000000
vn 0.000000 -0.000000 -1.000000
vn 0.000001 -0.000000 -1.000000
vn 0.000000 -0.000000 -1.000000
vn 0.000000 -0.000000 -1.000000
vn 0.000000 -0.000000 -1.000000
vn 0.000000 -0.000000 -1.000000
vn 0.000000 -0.000000 -1.000000
vn 0.000000 -0.000000 -1.000000
vn 0.000000 0.000000 -1.000000
vn 0.000000 -0.000000 -1.000000
vn 0.000000 0.000000 -1.000000
vn 0.000000 0.000000 -1.000000
vn 0.000000 -0.000000 -1.000000
vn 0.000000 0.000000 -1.000000
vn 0.000001 0.000000 -1.000000
vn -0.000000 0.000000 -1.000000
vn 0.000000 -0.000000 -1.000000
vn 0.000001 0.000000 -1.000000
vn 0.000001 -0.000001 -1.000000
vn 0.000000 -0.000000 -1.000000
vn -0.000000 0.000000 -1.000000
vn 0.975223 0.221226 -0.000007
vn 0.975223 0.221226 -0.000007
vn 0.975222 0.221226 -0.000000
vn 0.975222 0.221226 -0.000000
vn 0.975223 0.221226 0.000000
vn 0.975223 0.221226 -0.000007
vn -0.847300 0.531115 -0.000000
vn -0.847300 0.531115 -0.000005
vn -0.847300 0.531115 -0.000005
vn -0.847300 0.531115 -0.000005
vn -0.847300 0.531115 0.000000
vn -0.847300 0.531115 -0.000000
vn -0.479621 0.877476 -0.000008
vn -0.479620 0.877476 0.000000
vn -0.479620 0.877476 -0.000000
vn -0.479620 0.877476 -0.000000
vn -0.479621 0.877476 -0.000008
vn -0.479621 0.877476 -0.000008
vn 0.045020 0.998986 0.000000
vn 0.045020 0.998986 0.000000
vn 0.045020 0.998986 0.000000
vn 0.045020 0.998986 0.000000
vn 0.045020 0.998986 0.000000
vn 0.045020 0.998986 0.000000
vn 0.529938 0.848036 0.000000
vn 0.529938 0.848036 0.000000
vn 0.529938 0.848036 0.000000
vn 0.529938 0.848036 0.000000
vn 0.529938 0.848037 0.000000
vn 0.529938 0.848036 0.000000
vn 0.880692 0.473690 -0.000004
vn 0.880692 0.473690 0.000000
vn 0.880692 0.473690 -0.000000
vn 0.880692 0.473690 -0.000000
vn 0.880692 0.473690 -0.000004
vn 0.880692 0.473690 -0.000004
vn 0.975820 0.218578 0.000000
vn 0.975820 0.218578 0.000000
vn 0.975820 0.218578 0.000000
vn 0.975820 0.218577 -0.000000
vn 0.975820 0.218578 0.000000
vn 0.975820 0.218578 0.000000
vn 0.225368 -0.974274 0.000000
vn 0.225365 -0.974274 0.000000
vn 0.225369 -0.974274 0.000000
vn 0.225368 -0.974274 0.000000
vn 0.225365 -0.974274 0.000000
vn 0.225365 -0.974274 0.000000
vn 0.225368 -0.974274 0.000000
vn 0.225365 -0.974274 0.000000
vn 0.225365 -0.974274 0.000000
vn 0.225368 -0.974274 0.000000
vn 0.225365 -0.974274 0.000000
vn 0.225368 -0.974274 0.000000
vn -0.971493 -0.237070 -0.000161
vn -0.971327 -0.237282 -0.014848
vn -0.971330 -0.237280 -0.014696
vn -0.971330 -0.237280 -0.014696
vn -0.971493 -0.237067 -0.000003
vn -0.971493 -0.237070 -0.000161
vn -0.000056 -0.000053 -1.000000
vn -0.000000 -0.000000 -1.000000
vn -0.000031 -0.000029 -1.000000
vn -0.000031 -0.000029 -1.000000
vn -0.000000 -0.000000 -1.000000
vn -0.000000 0.000001 -1.000000
vn -0.000000 0.000001 -1.000000
vn -0.000000 -0.000000 -1.000000
vn -0.000000 0.000001 -1.000000
vn -0.000000 0.000001 -1.000000
vn -0.000000 -0.000000 -1.000000
vn -0.000000 0.000001 -1.000000
vn -0.000000 0.000001 -1.000000
vn -0.000000 -0.000000 -1.000000
vn 0.000000 0.000001 -1.000000
vn 0.000000 0.000001 -1.000000
vn -0.000000 -0.000000 -1.000000
vn 0.000000 0.000001 -1.000000
vn 0.000000 0.000001 -1.000000
vn -0.000000 -0.000000 -1.000000
vn 0.000001 0.000001 -1.000000
vn 0.000001 0.000001 -1.000000
vn -0.000000 -0.000000 -1.000000
vn 0.000001 0.000002 -1.000000
vn 0.000001 0.000002 -1.000000
vn -0.000000 -0.000000 -1.000000
vn 0.000007 0.000008 -1.000000
vn 0.000007 0.000008 -1.000000
vn -0.000000 -0.000000 -1.000000
vn -0.000000 0.000000 -1.000000
vn 0.000033 0.000002 -1.000000
vn 0.000114 0.000027 -1.000000
vn -0.000002 -0.000003 -1.000000
vn 0.000114 0.000027 -1.000000
vn 0.000007 -0.000003 -1.000000
vn -0.000002 -0.000003 -1.000000
vn -0.000000 0.000000 -1.000000
vn -0.000000 -0.000000 -1.000000
vn 0.000000 -0.000000 -1.000000
vn 0.000000 0.000000 -1.000000
vn -0.000000 0.000000 -1.000000
vn 0.000000 -0.000000 -1.000000
vn 0.000000 0.000000 -1.000000
vn 0.000000 0.000000 -1.000000
vn 0.000000 -0.000000 -1.000000
vn 0.000007 -0.000003 -1.000000
vn 0.000000 0.000000 -1.000000
vn 0.000000 -0.000000 -1.000000
vn -0.000002 -0.000003 -1.000000
vn 0.000007 -0.000003 -1.000000
vn 0.000000 -0.000000 -1.000000
vn -0.000000 -0.000000 -1.000000
vn -0.000002 -0.000003 -1.000000
vn 0.000000 -0.000000 -1.000000
vn -0.000002 -0.000003 -1.000000
vn -0.000037 -0.000036 -1.000000
vn -0.000011 -0.000020 -1.000000
vn -0.000002 -0.000003 -1.000000
vn -0.000011 -0.000020 -1.000000
vn 0.000012 -0.000005 -1.000000
vn -0.000002 -0.000003 -1.000000
vn 0.000012 -0.000005 -1.000000
vn 0.000015 -0.000004 -1.000000
vn -0.000002 -0.000003 -1.000000
vn 0.000015 -0.000004 -1.000000
vn 0.000020 -0.000002 -1.000000
vn -0.000002 -0.000003 -1.000000
vn 0.000020 -0.000002 -1.000000
vn 0.000033 0.000002 -1.000000
vn 0.000002 0.000001 -1.000000
vn 0.000026 -0.000008 -1.000000
vn 0.000078 -0.000020 -1.000000
vn 0.000002 0.000001 -1.000000
vn -0.000002 -0.000003 -1.000000
vn 0.000026 -0.000008 -1.000000
vn -0.000001 -0.000002 -1.000000
vn -0.000002 -0.000003 -1.000000
vn 0.000002 0.000001 -1.000000
vn -0.000000 -0.000000 -1.000000
vn -0.000001 -0.000002 -1.000000
vn 0.000002 0.000001 -1.000000
vn -0.000000 -0.000000 -1.000000
vn -0.000000 -0.000000 -1.000000
vn -0.000001 -0.000002 -1.000000
vn -0.000000 -0.000000 -1.000000
vn -0.000000 -0.000000 -1.000000
vn -0.000000 -0.000000 -1.000000
vn -0.000000 -0.000000 -1.000000
vn -0.000000 -0.000000 -1.000000
vn -0.000000 -0.000000 -1.000000
vn -0.000000 -0.000000 -1.000000
vn -0.000000 -0.000000 -1.000000
vn -0.000000 -0.000000 -1.000000
vn -0.000000 -0.000000 -1.000000
vn -0.000000 -0.000000 -1.000000
vn -0.000000 -0.000000 -1.000000
vn -0.000000 -0.000000 -1.000000
vn -0.000000 -0.000000 -1.000000
vn -0.000000 -0.000000 -1.000000
vn 0.000000 -0.000000 -1.000000
vn 0.000000 -0.000000 -1.000000
vn 0.000007 -0.000006 -1.000000
vn 0.000000 -0.000000 -1.000000
vn 0.000007 -0.000006 -1.000000
vn 0.000376 0.000731 -1.000000
vn 0.000000 -0.000000 -1.000000
vn 0.000376 0.000731 -1.000000
vn 0.000000 0.000000 -1.000000
vn 0.000000 -0.000000 -1.000000
vn 0.000000 0.000000 -1.000000
vn 0.000000 0.000000 -1.000000
vn 0.000000 -0.000000 -1.000000
vn 0.000000 0.000000 -1.000000
vn 0.000000 0.000000 -1.000000
vn 0.000000 -0.000000 -1.000000
vn 0.000000 0.000000 -1.000000
vn 0.000000 0.000000 -1.000000
vn 0.000000 -0.000000 -1.000000
vn 0.000000 0.000000 -1.000000
vn 0.000000 0.000000 -1.000000
vn 0.000000 -0.000000 -1.000000
vn 0.000000 0.000000 -1.000000
vn 0.000000 0.000000 -1.000000
vn 0.000000 -0.000000 -1.000000
vn 0.000000 0.000000 -1.000000
vn 0.000000 0.000000 -1.000000
vn 0.000000 -0.000000 -1.000000
vn 0.000000 0.000000 -1.000000
vn 0.000000 0.000000 -1.000000
vn 0.000000 -0.000000 -1.000000
vn 0.000000 0.000000 -1.000000
vn 0.000000 0.000000 -1.000000
vn 0.000000 -0.000000 -1.000000
vn 0.000000 0.000000 -1.000000
vn 0.000000 0.000000 -1.000000
vn 0.000000 -0.000000 -1.000000
vn 0.000000 0.000000 -1.000000
vn 0.000000 0.000000 -1.000000
vn 0.000000 -0.000000 -1.000000
vn 0.000000 0.000000 -1.000000
vn -0.000000 -0.000000 -1.000000
vn 0.000000 -0.000000 -1.000000
vn -0.000000 -0.000000 -1.000000
vn -0.000000 -0.000000 -1.000000
# 4590 vertex normals

vt 1.000000 1.000000 0.000000
vt 0.000000 0.000000 0.000000
vt 1.000000 0.000000 0.000000
vt 0.000000 1.000000 0.000000
vt 0.000000 0.000000 0.000000
vt 1.000000 1.000000 0.000000
vt 1.000000 1.000000 0.000000
vt 0.000000 0.000000 0.000000
vt 1.000000 0.000000 0.000000
vt 0.000000 1.000000 0.000000
vt 0.000000 0.000000 0.000000
vt 1.000000 1.000000 0.000000
vt 0.000000 1.000000 0.000000
vt 1.000000 1.000000 0.000000
vt 1.000000 1.000000 0.000000
vt 0.000000 1.000000 0.000000
vt 1.000000 0.000000 0.000000
vt 1.000000 1.000000 0.000000
vt 0.000000 1.000000 0.000000
vt 0.000000 0.000000 0.000000
vt 1.000000 0.000000 0.000000
vt 0.000000 0.000000 0.000000
vt 0.000000 0.000000 0.000000
vt 1.000000 0.000000 0.000000
vt 0.000000 0.000000 0.000000
vt 0.000000 0.000000 0.000000
vt 0.000000 1.000000 0.000000
vt 1.000000 1.000000 0.000000
vt 0.000000 0.000000 0.000000
vt 1.000000 0.000000 0.000000
vt 0.000000 1.000000 0.000000
vt 0.000000 0.000000 0.000000
vt 1.000000 1.000000 0.000000
vt 1.000000 0.000000 0.000000
vt 0.000000 1.000000 0.000000
vt 0.000000 0.000000 0.000000
vt 1.000000 1.000000 0.000000
vt 0.000000 1.000000 0.000000
vt 1.000000 0.000000 0.000000
vt 1.000000 0.000000 0.000000
vt 0.000000 1.000000 0.000000
vt 0.000000 0.000000 0.000000
vt 1.000000 0.000000 0.000000
vt 1.000000 1.000000 0.000000
vt 0.000000 1.000000 0.000000
vt 1.000000 0.000000 0.000000
vt 1.000000 1.000000 0.000000
vt 1.000000 0.000000 0.000000
vt 1.000000 1.000000 0.000000
vt 1.000000 1.000000 0.000000
vt 1.000000 0.000000 0.000000
vt 1.000000 1.000000 0.000000
vt 1.000000 0.000000 0.000000
vt 1.000000 0.000000 0.000000
vt 0.000000 1.000000 0.000000
vt 1.000000 0.000000 0.000000
vt 1.000000 1.000000 0.000000
vt 0.000000 1.000000 0.000000
vt 0.000000 0.000000 0.000000
vt 1.000000 0.000000 0.000000
vt 0.000000 0.000000 0.000000
vt 0.000000 0.000000 0.000000
vt 1.000000 0.000000 0.000000
vt -1108.299438 18.001034 0.000000
vt -1108.193359 17.795874 0.000000
vt -1108.141602 17.870674 0.000000
vt -1108.567261 17.657377 0.000000
vt -1108.193359 17.795874 0.000000
vt -1108.299438 18.001034 0.000000
vt -1108.770142 18.129145 0.000000
vt -1108.567261 17.657377 0.000000
vt -1108.299438 18.001034 0.000000
vt -1109.295044 17.523100 0.000000
vt -1108.567261 17.657377 0.000000
vt -1108.770142 18.129145 0.000000
vt -1109.545654 18.252804 0.000000
vt -1109.295044 17.523100 0.000000
vt -1108.770142 18.129145 0.000000
vt -1110.362305 17.395700 0.000000
vt -1109.295044 17.523100 0.000000
vt -1109.545654 18.252804 0.000000
vt -1110.612671 18.369879 0.000000
vt -1110.362305 17.395700 0.000000
vt -1109.545654 18.252804 0.000000
vt -1111.748169 17.277697 0.000000
vt -1110.362305 17.395700 0.000000
vt -1110.612671 18.369879 0.000000
vt -1111.952637 18.478350 0.000000
vt -1111.748169 17.277697 0.000000
vt -1110.612671 18.369879 0.000000
vt -1113.424927 17.171423 0.000000
vt -1111.748169 17.277697 0.000000
vt -1111.952637 18.478350 0.000000
vt -1113.542725 18.576349 0.000000
vt -1113.424927 17.171423 0.000000
vt -1111.952637 18.478350 0.000000
vt -1115.359497 17.078983 0.000000
vt -1113.424927 17.171423 0.000000
vt -1113.542725 18.576349 0.000000
vt -1115.359497 17.078983 0.000000
vt -1113.542725 18.576349 0.000000
vt -1115.355225 18.662189 0.000000
vt -1117.359131 18.734390 0.000000
vt -1115.359497 17.078983 0.000000
vt -1115.355225 18.662189 0.000000
vt -1117.513794 17.002205 0.000000
vt -1115.359497 17.078983 0.000000
vt -1117.359131 18.734390 0.000000
vt -1119.679565 18.795214 0.000000
vt -1117.513794 17.002205 0.000000
vt -1117.359131 18.734390 0.000000
vt -1119.844971 16.942608 0.000000
vt -1117.513794 17.002205 0.000000
vt -1119.679565 18.795214 0.000000
vt -1122.134155 18.837746 0.000000
vt -1119.844971 16.942608 0.000000
vt -1119.679565 18.795214 0.000000
vt -1131.574219 16.915066 0.000000
vt -1119.844971 16.942608 0.000000
vt -1122.134155 18.837746 0.000000
vt -1131.574219 16.915066 0.000000
vt -1122.134155 18.837746 0.000000
vt -1124.674194 18.861147 0.000000
vt -1131.574219 16.915066 0.000000
vt -1124.674194 18.861147 0.000000
vt -1127.249634 18.864952 0.000000
vt -1131.574219 16.915066 0.000000
vt -1127.249634 18.864952 0.000000
vt -1129.809326 18.849089 0.000000
vt -1132.302856 18.813869 0.000000
vt -1131.574219 16.915066 0.000000
vt -1129.809326 18.849089 0.000000
vt -1133.991333 16.963514 0.000000
vt -1131.574219 16.915066 0.000000
vt -1132.302856 18.813869 0.000000
vt -1134.680664 18.759991 0.000000
vt -1133.991333 16.963514 0.000000
vt -1132.302856 18.813869 0.000000
vt -1136.259399 17.029907 0.000000
vt -1133.991333 16.963514 0.000000
vt -1134.680664 18.759991 0.000000
vt -1136.895874 18.688517 0.000000
vt -1136.259399 17.029907 0.000000
vt -1134.680664 18.759991 0.000000
vt -1138.333618 17.112934 0.000000
vt -1136.259399 17.029907 0.000000
vt -1136.895874 18.688517 0.000000
vt -1138.904541 18.600866 0.000000
vt -1138.333618 17.112934 0.000000
vt -1136.895874 18.688517 0.000000
vt -1140.172974 17.210953 0.000000
vt -1138.333618 17.112934 0.000000
vt -1138.904541 18.600866 0.000000
vt -1140.667114 18.498770 0.000000
vt -1140.172974 17.210953 0.000000
vt -1138.904541 18.600866 0.000000
vt -1141.740967 17.322020 0.000000
vt -1140.172974 17.210953 0.000000
vt -1140.667114 18.498770 0.000000
vt -1142.148560 18.384247 0.000000
vt -1141.740967 17.322020 0.000000
vt -1140.667114 18.498770 0.000000
vt -1143.006592 17.443943 0.000000
vt -1141.740967 17.322020 0.000000
vt -1142.148560 18.384247 0.000000
vt -1143.319580 18.259563 0.000000
vt -1143.006592 17.443943 0.000000
vt -1142.148560 18.384247 0.000000
vt -1143.944824 17.574306 0.000000
vt -1143.006592 17.443943 0.000000
vt -1143.319580 18.259563 0.000000
vt -1144.156982 18.127188 0.000000
vt -1143.944824 17.574306 0.000000
vt -1143.319580 18.259563 0.000000
vt -1144.537231 17.710535 0.000000
vt -1143.944824 17.574306 0.000000
vt -1144.156982 18.127188 0.000000
vt -1144.644409 17.989737 0.000000
vt -1144.537231 17.710535 0.000000
vt -1144.156982 18.127188 0.000000
vt -1144.771973 17.849932 0.000000
vt -1144.537231 17.710535 0.000000
vt -1144.644409 17.989737 0.000000
vt 630.371155 48.797592 0.000000
vt 627.381592 10.923692 0.000000
vt 629.957947 10.923692 0.000000
vt 482.136902 10.921824 0.000000
vt 484.713257 10.921824 0.000000
vt 484.828796 48.795727 0.000000
vt 327.328644 10.920094 0.000000
vt 329.904999 10.920094 0.000000
vt 329.722473 48.793995 0.000000
vt 166.019363 10.918671 0.000000
vt 168.595718 10.918671 0.000000
vt 168.114807 48.792572 0.000000
vt 1.400227 10.917679 0.000000
vt 3.976574 10.917679 0.000000
vt 3.197083 48.791580 0.000000
vt -163.272095 10.917190 0.000000
vt -160.695740 10.917190 0.000000
vt -161.773956 48.791092 0.000000
vt -287.009827 48.795029 0.000000
vt -287.009796 10.921126 0.000000
vt -285.632080 10.921126 0.000000
vt -403.344604 10.921126 0.000000
vt -400.940094 10.921126 0.000000
vt -400.940125 48.795029 0.000000
vt -544.285034 10.919145 0.000000
vt -541.880554 10.919145 0.000000
vt -542.350952 48.793049 0.000000
vt -675.867188 10.918363 0.000000
vt -673.462708 10.918363 0.000000
vt -674.403931 48.792267 0.000000
vt -795.823730 10.918604 0.000000
vt -793.419250 10.918604 0.000000
vt -794.831482 48.792503 0.000000
vt -902.087463 10.926388 0.000000
vt -899.682983 10.926388 0.000000
vt -898.694275 48.800289 0.000000
vt -992.827393 10.923106 0.000000
vt -990.422913 10.923106 0.000000
vt -989.902527 48.797009 0.000000
vt -1064.024414 48.795155 0.000000
vt -1066.479858 10.921253 0.000000
vt -1064.075317 10.921253 0.000000
vt -1119.790527 48.794441 0.000000
vt -1121.775757 10.920541 0.000000
vt -1119.371216 10.920541 0.000000
vt -1157.082886 48.794468 0.000000
vt -1158.769287 10.920567 0.000000
vt -1156.192993 10.920567 0.000000
vt -1173.041626 48.794991 0.000000
vt -1174.429321 10.921089 0.000000
vt -1171.852905 10.921089 0.000000
vt -1162.924438 48.793224 0.000000
vt -1166.880981 10.919322 0.000000
vt -1164.304688 10.919322 0.000000
vt -1132.613159 48.792339 0.000000
vt -1136.273804 10.918439 0.000000
vt -1133.697388 10.918439 0.000000
vt -1079.848999 48.792351 0.000000
vt -1083.213135 10.918449 0.000000
vt -1080.636719 10.918449 0.000000
vt -1005.681763 48.793037 0.000000
vt -1008.748718 10.919134 0.000000
vt -1006.172363 10.919134 0.000000
vt -911.584351 48.794167 0.000000
vt -914.353760 10.920265 0.000000
vt -911.777405 10.920265 0.000000
vt -799.424194 48.795513 0.000000
vt -801.895569 10.921611 0.000000
vt -799.319214 10.921611 0.000000
vt -671.425903 48.796860 0.000000
vt -673.598999 10.922957 0.000000
vt -671.022644 10.922957 0.000000
vt -529.425720 10.924111 0.000000
vt -530.127502 48.798012 0.000000
vt -532.002075 10.924111 0.000000
vt -377.329681 10.924918 0.000000
vt -378.330170 48.798820 0.000000
vt -379.906036 10.924918 0.000000
vt -217.743439 10.925266 0.000000
vt -219.042694 48.799168 0.000000
vt -220.319794 10.925266 0.000000
vt -52.553268 48.782570 0.000000
vt -56.400444 10.908667 0.000000
vt -53.824097 10.908667 0.000000
vt 112.160187 48.786247 0.000000
vt 108.609184 10.912344 0.000000
vt 111.185532 10.912344 0.000000
vt 274.698944 48.789562 0.000000
vt 271.444733 10.915661 0.000000
vt 274.021057 10.915661 0.000000
vt 431.841705 48.792362 0.000000
vt 428.884766 10.918460 0.000000
vt 431.461121 10.918460 0.000000
vt 580.473877 48.794540 0.000000
vt 577.814697 10.920638 0.000000
vt 580.391052 10.920638 0.000000
vt 717.864624 10.922153 0.000000
vt 717.649292 48.796055 0.000000
vt 715.288269 10.922153 0.000000
vt 841.162109 10.923018 0.000000
vt 840.648438 48.796921 0.000000
vt 838.585754 10.923018 0.000000
vt 947.844360 10.923300 0.000000
vt 947.032104 48.797199 0.000000
vt 945.268005 10.923300 0.000000
vt 1034.689941 48.797012 0.000000
vt 1033.224609 10.923111 0.000000
vt 1035.800903 10.923111 0.000000
vt 1101.881958 48.796505 0.000000
vt 1100.715332 10.922603 0.000000
vt 1103.291626 10.922603 0.000000
vt 1147.272949 48.795860 0.000000
vt 1146.405151 10.921957 0.000000
vt 1148.981445 10.921957 0.000000
vt 1172.831421 48.794395 0.000000
vt 1169.390137 10.920493 0.000000
vt 1171.966431 10.920493 0.000000
vt -1117.076660 10.921126 0.000000
vt -1117.076660 9.559639 0.000000
vt -1105.336426 9.559639 0.000000
vt -1117.076660 10.921126 0.000000
vt -1105.336426 9.559639 0.000000
vt -1105.336426 10.921126 0.000000
vt 881.516174 48.800884 0.000000
vt 877.932617 10.926985 0.000000
vt 880.508972 10.926985 0.000000
vt 763.476074 48.799393 0.000000
vt 760.189270 10.925490 0.000000
vt 762.765625 10.925490 0.000000
vt 787.168152 48.792561 0.000000
vt 786.755188 10.918659 0.000000
vt 790.042419 48.792561 0.000000
vt 790.042419 49.398273 0.000000
vt 787.168152 48.792561 0.000000
vt 790.042419 48.792561 0.000000
vt 787.168152 49.398273 0.000000
vt 787.168152 48.792561 0.000000
vt 790.042419 49.398273 0.000000
vt 641.514282 48.794319 0.000000
vt 641.398804 10.920417 0.000000
vt 644.388611 48.794319 0.000000
vt 644.388611 49.400028 0.000000
vt 641.514282 48.794319 0.000000
vt 644.388611 48.794319 0.000000
vt 641.514282 49.400028 0.000000
vt 641.514282 48.794319 0.000000
vt 644.388611 49.400028 0.000000
vt 480.028839 49.401840 0.000000
vt 482.903137 48.796131 0.000000
vt 482.903137 49.401840 0.000000
vt 480.028839 49.401840 0.000000
vt 480.211273 10.922229 0.000000
vt 482.903137 48.796131 0.000000
vt 480.028839 48.796131 0.000000
vt 480.211273 10.922229 0.000000
vt 480.028839 49.401840 0.000000
vt 306.688080 49.403473 0.000000
vt 309.562378 48.797760 0.000000
vt 309.562378 49.403473 0.000000
vt 306.688080 49.403473 0.000000
vt 307.168732 10.923859 0.000000
vt 309.562378 48.797760 0.000000
vt 306.688080 48.797760 0.000000
vt 307.168732 10.923859 0.000000
vt 306.688080 49.403473 0.000000
vt 125.760254 49.404736 0.000000
vt 128.634552 48.799023 0.000000
vt 128.634552 49.404736 0.000000
vt 125.760254 49.404736 0.000000
vt 126.539406 10.925122 0.000000
vt 128.634552 48.799023 0.000000
vt 125.760254 48.799023 0.000000
vt 126.539406 10.925122 0.000000
vt 125.760254 49.404736 0.000000
vt -58.299583 49.405502 0.000000
vt -55.425289 48.799789 0.000000
vt -55.425289 49.405502 0.000000
vt -58.299583 49.405502 0.000000
vt -57.221771 10.925887 0.000000
vt -55.425289 48.799789 0.000000
vt -58.299583 48.799789 0.000000
vt -57.221771 10.925887 0.000000
vt -58.299583 49.405502 0.000000
vt -240.959290 49.405704 0.000000
vt -238.084991 48.799995 0.000000
vt -238.084991 49.405704 0.000000
vt -240.959290 49.405704 0.000000
vt -239.582718 10.926093 0.000000
vt -238.084991 48.799995 0.000000
vt -240.959290 48.799995 0.000000
vt -239.582718 10.926093 0.000000
vt -240.959290 49.405704 0.000000
vt -417.721161 49.403339 0.000000
vt -414.846863 48.797626 0.000000
vt -414.846863 49.403339 0.000000
vt -417.721161 49.403339 0.000000
vt -417.251129 10.923726 0.000000
vt -414.846863 48.797626 0.000000
vt -417.721161 48.797626 0.000000
vt -417.251129 10.923726 0.000000
vt -417.721161 49.403339 0.000000
vt -584.232727 49.404617 0.000000
vt -581.358459 48.798904 0.000000
vt -581.358459 49.404617 0.000000
vt -584.232727 49.404617 0.000000
vt -583.292053 10.925004 0.000000
vt -581.358459 48.798904 0.000000
vt -584.232727 48.798904 0.000000
vt -583.292053 10.925004 0.000000
vt -584.232727 49.404617 0.000000
vt -736.393921 49.404682 0.000000
vt -733.519653 48.798973 0.000000
vt -733.519653 49.404682 0.000000
vt -736.393921 49.404682 0.000000
vt -734.982300 10.925071 0.000000
vt -733.519653 48.798973 0.000000
vt -736.393921 48.798973 0.000000
vt -734.982300 10.925071 0.000000
vt -736.393921 49.404682 0.000000
vt -870.458069 49.397835 0.000000
vt -867.583801 48.792122 0.000000
vt -867.583801 49.397835 0.000000
vt -870.458069 48.792122 0.000000
vt -867.583801 48.792122 0.000000
vt -870.458069 49.397835 0.000000
vt -870.977905 10.918222 0.000000
vt -867.583801 48.792122 0.000000
vt -870.458069 48.792122 0.000000
vt -983.124023 49.400539 0.000000
vt -980.249756 48.794830 0.000000
vt -980.249756 49.400539 0.000000
vt -983.124023 48.794830 0.000000
vt -980.249756 48.794830 0.000000
vt -983.124023 49.400539 0.000000
vt -983.174927 10.920928 0.000000
vt -980.249756 48.794830 0.000000
vt -983.124023 48.794830 0.000000
vt -1071.617554 48.796043 0.000000
vt -1071.198608 10.922143 0.000000
vt -1068.743286 48.796043 0.000000
vt -1068.743286 49.401756 0.000000
vt -1071.617554 48.796043 0.000000
vt -1068.743286 48.796043 0.000000
vt -1071.617554 49.401756 0.000000
vt -1071.617554 48.796043 0.000000
vt -1068.743286 49.401756 0.000000
vt -1133.759766 48.796120 0.000000
vt -1132.870117 10.922217 0.000000
vt -1130.885498 48.796120 0.000000
vt -1130.885498 49.401833 0.000000
vt -1133.759766 48.796120 0.000000
vt -1130.885498 48.796120 0.000000
vt -1133.759766 49.401833 0.000000
vt -1133.759766 48.796120 0.000000
vt -1130.885498 49.401833 0.000000
vt -1168.020386 48.795494 0.000000
vt -1166.832153 10.921591 0.000000
vt -1165.146118 48.795494 0.000000
vt -1165.146118 49.401203 0.000000
vt -1168.020386 48.795494 0.000000
vt -1165.146118 48.795494 0.000000
vt -1168.020386 49.401203 0.000000
vt -1168.020386 48.795494 0.000000
vt -1165.146118 49.401203 0.000000
vt -1173.555908 48.795715 0.000000
vt -1174.639282 10.921815 0.000000
vt -1170.681641 48.795715 0.000000
vt -1170.681641 49.401428 0.000000
vt -1173.555908 48.795715 0.000000
vt -1170.681641 48.795715 0.000000
vt -1173.555908 49.401428 0.000000
vt -1173.555908 48.795715 0.000000
vt -1170.681641 49.401428 0.000000
vt -1150.229980 48.796616 0.000000
vt -1151.017090 10.922715 0.000000
vt -1147.355591 48.796616 0.000000
vt -1147.355591 49.402328 0.000000
vt -1150.229980 48.796616 0.000000
vt -1147.355591 48.796616 0.000000
vt -1150.229980 49.402328 0.000000
vt -1150.229980 48.796616 0.000000
vt -1147.355591 49.402328 0.000000
vt -1098.599487 48.796543 0.000000
vt -1099.089722 10.922641 0.000000
vt -1095.725220 48.796543 0.000000
vt -1095.725220 49.402252 0.000000
vt -1098.599487 48.796543 0.000000
vt -1095.725220 48.796543 0.000000
vt -1098.599487 49.402252 0.000000
vt -1098.599487 48.796543 0.000000
vt -1095.725220 49.402252 0.000000
vt -1019.987610 48.795788 0.000000
vt -1020.180481 10.921886 0.000000
vt -1017.113281 48.795788 0.000000
vt -1017.113281 49.401501 0.000000
vt -1019.987610 48.795788 0.000000
vt -1017.113281 48.795788 0.000000
vt -1019.987610 49.401501 0.000000
vt -1019.987610 48.795788 0.000000
vt -1017.113281 49.401501 0.000000
vt -916.278259 48.794559 0.000000
vt -916.173340 10.920660 0.000000
vt -913.403931 48.794559 0.000000
vt -913.403931 49.400272 0.000000
vt -916.278259 48.794559 0.000000
vt -913.403931 48.794559 0.000000
vt -916.278259 49.400272 0.000000
vt -916.278259 48.794559 0.000000
vt -913.403931 49.400272 0.000000
vt -790.042419 48.793144 0.000000
vt -789.639404 10.919242 0.000000
vt -787.168152 48.793144 0.000000
vt -787.168152 49.398853 0.000000
vt -790.042419 48.793144 0.000000
vt -787.168152 48.793144 0.000000
vt -790.042419 49.398853 0.000000
vt -790.042419 48.793144 0.000000
vt -787.168152 49.398853 0.000000
vt -644.388611 48.791779 0.000000
vt -643.687134 10.917877 0.000000
vt -641.514282 48.791779 0.000000
vt -641.514282 49.397491 0.000000
vt -644.388611 48.791779 0.000000
vt -641.514282 48.791779 0.000000
vt -644.388611 49.397491 0.000000
vt -644.388611 48.791779 0.000000
vt -641.514282 49.397491 0.000000
vt -481.903015 10.916778 0.000000
vt -482.903137 49.396393 0.000000
vt -482.903137 48.790680 0.000000
vt -480.028839 49.396393 0.000000
vt -482.903137 49.396393 0.000000
vt -481.903015 10.916778 0.000000
vt -480.028839 49.396393 0.000000
vt -481.903015 10.916778 0.000000
vt -480.028839 48.790680 0.000000
vt -308.263519 10.916109 0.000000
vt -309.562378 49.395721 0.000000
vt -309.562378 48.790012 0.000000
vt -306.688080 49.395721 0.000000
vt -309.562378 49.395721 0.000000
vt -308.263519 10.916109 0.000000
vt -306.688080 49.395721 0.000000
vt -308.263519 10.916109 0.000000
vt -306.688080 48.790012 0.000000
vt -125.760254 48.804531 0.000000
vt -128.634552 48.804531 0.000000
vt -129.608398 10.930628 0.000000
vt -125.760254 48.804531 0.000000
vt -128.634552 49.410240 0.000000
vt -128.634552 48.804531 0.000000
vt -125.760254 49.410240 0.000000
vt -128.634552 49.410240 0.000000
vt -125.760254 48.804531 0.000000
vt 58.299583 48.801151 0.000000
vt 55.425289 48.801151 0.000000
vt 54.747929 10.927249 0.000000
vt 58.299583 48.801151 0.000000
vt 55.425289 49.406860 0.000000
vt 55.425289 48.801151 0.000000
vt 58.299583 49.406860 0.000000
vt 55.425289 49.406860 0.000000
vt 58.299583 48.801151 0.000000
vt 240.959290 48.798115 0.000000
vt 238.084991 48.798115 0.000000
vt 237.704681 10.924212 0.000000
vt 240.959290 48.798115 0.000000
vt 238.084991 49.403828 0.000000
vt 238.084991 48.798115 0.000000
vt 240.959290 49.403828 0.000000
vt 238.084991 49.403828 0.000000
vt 240.959290 48.798115 0.000000
vt 417.721161 48.795612 0.000000
vt 414.846863 48.795612 0.000000
vt 414.764069 10.921709 0.000000
vt 417.721161 48.795612 0.000000
vt 414.846863 49.401321 0.000000
vt 414.846863 48.795612 0.000000
vt 417.721161 49.401321 0.000000
vt 414.846863 49.401321 0.000000
vt 417.721161 48.795612 0.000000
vt 581.573608 10.919861 0.000000
vt 581.358459 49.399475 0.000000
vt 581.358459 48.793762 0.000000
vt 584.232727 49.399475 0.000000
vt 581.358459 49.399475 0.000000
vt 581.573608 10.919861 0.000000
vt 584.232727 49.399475 0.000000
vt 581.573608 10.919861 0.000000
vt 584.232727 48.793762 0.000000
vt 734.033081 10.918715 0.000000
vt 733.519653 49.398327 0.000000
vt 733.519653 48.792618 0.000000
vt 736.393921 49.398327 0.000000
vt 733.519653 49.398327 0.000000
vt 734.033081 10.918715 0.000000
vt 736.393921 49.398327 0.000000
vt 734.033081 10.918715 0.000000
vt 736.393921 48.792618 0.000000
vt 868.395691 10.918246 0.000000
vt 867.583801 49.397861 0.000000
vt 867.583801 48.792149 0.000000
vt 870.458069 49.397861 0.000000
vt 867.583801 49.397861 0.000000
vt 868.395691 10.918246 0.000000
vt 870.458069 49.397861 0.000000
vt 868.395691 10.918246 0.000000
vt 870.458069 48.792149 0.000000
vt 981.360352 10.918366 0.000000
vt 980.249756 49.397980 0.000000
vt 980.249756 48.792267 0.000000
vt 983.124023 49.397980 0.000000
vt 980.249756 49.397980 0.000000
vt 981.360352 10.918366 0.000000
vt 983.124023 49.397980 0.000000
vt 981.360352 10.918366 0.000000
vt 983.124023 48.792267 0.000000
vt 1068.743286 48.792828 0.000000
vt 1070.152710 10.918928 0.000000
vt 1071.617554 48.792828 0.000000
vt 1071.617554 49.398540 0.000000
vt 1068.743286 48.792828 0.000000
vt 1071.617554 48.792828 0.000000
vt 1068.743286 49.398540 0.000000
vt 1068.743286 48.792828 0.000000
vt 1071.617554 49.398540 0.000000
vt 1130.885498 48.793640 0.000000
vt 1132.593628 10.919741 0.000000
vt 1133.759766 48.793640 0.000000
vt 1133.759766 49.399353 0.000000
vt 1130.885498 48.793640 0.000000
vt 1133.759766 48.793640 0.000000
vt 1130.885498 49.399353 0.000000
vt 1130.885498 48.793640 0.000000
vt 1133.759766 49.399353 0.000000
vt 1165.146118 49.401348 0.000000
vt 1164.578613 10.921733 0.000000
vt 1168.020386 48.795635 0.000000
vt 1165.146118 49.401348 0.000000
vt 1168.020386 48.795635 0.000000
vt 1168.020386 49.401348 0.000000
vt 975.876770 48.793198 0.000000
vt 974.865417 9.557809 0.000000
vt 977.253906 9.557809 0.000000
vt 975.876770 48.793198 0.000000
vt 974.865417 10.919296 0.000000
vt 974.865417 9.557809 0.000000
vt 1169.939209 48.795029 0.000000
vt 1172.244873 9.559639 0.000000
vt 1172.244873 10.921126 0.000000
vt -1131.574219 16.915066 0.000000
vt -1122.123779 16.903740 0.000000
vt -1119.844971 16.942608 0.000000
vt -1131.574219 16.915066 0.000000
vt -1124.476440 16.881313 0.000000
vt -1122.123779 16.903740 0.000000
vt -1131.574219 16.915066 0.000000
vt -1126.862671 16.875711 0.000000
vt -1124.476440 16.881313 0.000000
vt -1131.574219 16.915066 0.000000
vt -1129.242065 16.887026 0.000000
vt -1126.862671 16.875711 0.000000
vt 913.370789 48.791172 0.000000
vt 912.660828 10.917270 0.000000
vt 916.245056 48.791172 0.000000
vt 916.245056 49.396885 0.000000
vt 913.370789 48.791172 0.000000
vt 916.245056 48.791172 0.000000
vt 913.370789 49.396885 0.000000
vt 913.370789 48.791172 0.000000
vt 916.245056 49.396885 0.000000
vt 1129.139893 18.854416 0.000000
vt 1118.701538 16.971367 0.000000
vt 1120.798462 16.924177 0.000000
vt 1129.139893 18.854416 0.000000
vt 1120.798462 16.924177 0.000000
vt 1123.593262 16.887722 0.000000
vt 1129.139893 18.854416 0.000000
vt 1123.593262 16.887722 0.000000
vt 1126.458740 16.875469 0.000000
vt 1129.324219 16.887722 0.000000
vt 1129.139893 18.854416 0.000000
vt 1126.458740 16.875469 0.000000
vt 1129.324219 18.853628 0.000000
vt 1129.139893 18.854416 0.000000
vt 1129.324219 16.887722 0.000000
vt 1132.119019 16.924177 0.000000
vt 1129.324219 18.853628 0.000000
vt 1129.324219 16.887722 0.000000
vt 1132.119019 18.817171 0.000000
vt 1129.324219 18.853628 0.000000
vt 1132.119019 16.924177 0.000000
vt 1134.774536 16.983940 0.000000
vt 1132.119019 18.817171 0.000000
vt 1132.119019 16.924177 0.000000
vt 1134.774536 18.757408 0.000000
vt 1132.119019 18.817171 0.000000
vt 1134.774536 16.983940 0.000000
vt 1137.225342 17.065536 0.000000
vt 1134.774536 18.757408 0.000000
vt 1134.774536 16.983940 0.000000
vt 1137.225342 18.675814 0.000000
vt 1134.774536 18.757408 0.000000
vt 1137.225342 17.065536 0.000000
vt 1139.410889 17.166958 0.000000
vt 1137.225342 18.675814 0.000000
vt 1137.225342 17.065536 0.000000
vt 1139.410889 18.574390 0.000000
vt 1137.225342 18.675814 0.000000
vt 1139.410889 17.166958 0.000000
vt 1141.277588 17.285707 0.000000
vt 1139.410889 18.574390 0.000000
vt 1139.410889 17.166958 0.000000
vt 1141.277588 18.455643 0.000000
vt 1139.410889 18.574390 0.000000
vt 1141.277588 17.285707 0.000000
vt 1142.779419 17.418861 0.000000
vt 1141.277588 18.455643 0.000000
vt 1141.277588 17.285707 0.000000
vt 1142.779419 18.322489 0.000000
vt 1141.277588 18.455643 0.000000
vt 1142.779419 17.418861 0.000000
vt 1143.879395 17.563139 0.000000
vt 1142.779419 18.322489 0.000000
vt 1142.779419 17.418861 0.000000
vt 1143.879395 18.178209 0.000000
vt 1142.779419 18.322489 0.000000
vt 1143.879395 17.563139 0.000000
vt 1144.550415 17.714991 0.000000
vt 1143.879395 18.178209 0.000000
vt 1143.879395 17.563139 0.000000
vt 1144.550415 18.026360 0.000000
vt 1143.879395 18.178209 0.000000
vt 1144.550415 17.714991 0.000000
vt 1144.775879 17.870674 0.000000
vt 1144.550415 18.026360 0.000000
vt 1144.550415 17.714991 0.000000
vt 1173.555908 49.400848 0.000000
vt 1170.681641 48.795135 0.000000
vt 1172.986938 10.921234 0.000000
vt 1170.681641 49.400848 0.000000
vt 1170.681641 48.795135 0.000000
vt 1173.555908 49.400848 0.000000
vt 1017.113281 48.797421 0.000000
vt 1018.489868 9.562033 0.000000
vt 1019.987610 48.797421 0.000000
vt 1019.987610 49.403133 0.000000
vt 1017.113281 48.797421 0.000000
vt 1019.987610 48.797421 0.000000
vt 1017.113281 49.403133 0.000000
vt 1017.113281 48.797421 0.000000
vt 1019.987610 49.403133 0.000000
vt 1169.807373 48.795006 0.000000
vt 1169.724487 9.559616 0.000000
vt 1172.113037 9.559616 0.000000
vt 1111.997437 48.794437 0.000000
vt 1110.012329 9.559048 0.000000
vt 1112.400757 9.559048 0.000000
vt 1052.975586 48.793655 0.000000
vt 1051.477173 9.558267 0.000000
vt 1053.865723 9.558267 0.000000
vt 1152.124146 48.795116 0.000000
vt 1149.652710 9.559728 0.000000
vt 1152.041260 9.559728 0.000000
vt 1095.742554 48.796474 0.000000
vt 1096.632202 9.561085 0.000000
vt 1098.616821 48.796474 0.000000
vt 1098.616821 49.402187 0.000000
vt 1095.742554 48.796474 0.000000
vt 1098.616821 48.796474 0.000000
vt 1095.742554 49.402187 0.000000
vt 1095.742554 48.796474 0.000000
vt 1098.616821 49.402187 0.000000
vt 1147.355591 48.795483 0.000000
vt 1147.758667 9.560093 0.000000
vt 1150.229980 48.795483 0.000000
vt 1150.229980 49.401196 0.000000
vt 1147.355591 48.795483 0.000000
vt 1150.229980 48.795483 0.000000
vt 1147.355591 49.401196 0.000000
vt 1147.355591 48.795483 0.000000
vt 1150.229980 49.401196 0.000000
vt 2072.069336 30.029488 0.000000
vt 2071.843750 29.873804 0.000000
vt 2072.069336 29.718121 0.000000
vt 2072.740234 29.566269 0.000000
vt 2072.069336 30.029488 0.000000
vt 2072.069336 29.718121 0.000000
vt 2072.740234 30.181339 0.000000
vt 2072.069336 30.029488 0.000000
vt 2072.740234 29.566269 0.000000
vt 2073.840332 29.421989 0.000000
vt 2072.740234 30.181339 0.000000
vt 2072.740234 29.566269 0.000000
vt 2073.840332 30.325619 0.000000
vt 2072.740234 30.181339 0.000000
vt 2073.840332 29.421989 0.000000
vt 2075.342041 29.288837 0.000000
vt 2073.840332 30.325619 0.000000
vt 2073.840332 29.421989 0.000000
vt 2075.342041 30.458771 0.000000
vt 2073.840332 30.325619 0.000000
vt 2075.342041 29.288837 0.000000
vt 2077.208740 29.170088 0.000000
vt 2075.342041 30.458771 0.000000
vt 2075.342041 29.288837 0.000000
vt 2077.208740 30.577520 0.000000
vt 2075.342041 30.458771 0.000000
vt 2077.208740 29.170088 0.000000
vt 2079.394531 29.068666 0.000000
vt 2077.208740 30.577520 0.000000
vt 2077.208740 29.170088 0.000000
vt 2079.394531 29.068666 0.000000
vt 2078.102783 30.619001 0.000000
vt 2077.208740 30.577520 0.000000
vt 2103.113281 29.170088 0.000000
vt 2078.102783 30.619001 0.000000
vt 2079.394531 29.068666 0.000000
vt 2103.113281 29.170088 0.000000
vt 2079.394531 29.068666 0.000000
vt 2081.845215 28.987068 0.000000
vt 2103.113281 29.170088 0.000000
vt 2081.845215 28.987068 0.000000
vt 2084.500732 28.927307 0.000000
vt 2103.113281 29.170088 0.000000
vt 2084.500732 28.927307 0.000000
vt 2087.295654 28.890850 0.000000
vt 2103.113281 29.170088 0.000000
vt 2087.295654 28.890850 0.000000
vt 2090.160889 28.878597 0.000000
vt 2103.113281 29.170088 0.000000
vt 2090.160889 28.878597 0.000000
vt 2093.026367 28.890850 0.000000
vt 2103.113281 29.170088 0.000000
vt 2093.026367 28.890850 0.000000
vt 2095.821289 28.927307 0.000000
vt 2103.113281 29.170088 0.000000
vt 2095.821289 28.927307 0.000000
vt 2098.476807 28.987068 0.000000
vt 2103.113281 29.170088 0.000000
vt 2098.476807 28.987068 0.000000
vt 2100.927490 29.068666 0.000000
vt -1945.025879 49.400742 0.000000
vt -1947.900269 10.921126 0.000000
vt -1945.025879 10.921126 0.000000
vt -1947.900269 49.400742 0.000000
vt -1947.900269 10.921126 0.000000
vt -1945.025879 49.400742 0.000000
vt -1776.989380 49.400742 0.000000
vt -1774.114990 10.921126 0.000000
vt -1774.114990 49.400742 0.000000
vt -1776.989380 10.921126 0.000000
vt -1774.114990 10.921126 0.000000
vt -1776.989380 49.400742 0.000000
vt -1562.358521 49.400742 0.000000
vt -1559.484253 10.921126 0.000000
vt -1559.484253 49.400742 0.000000
vt -1562.358521 10.921126 0.000000
vt -1559.484253 10.921126 0.000000
vt -1562.358521 49.400742 0.000000
vt -1309.292603 49.400742 0.000000
vt -1306.418335 10.921126 0.000000
vt -1306.418335 49.400742 0.000000
vt -1309.292603 10.921126 0.000000
vt -1306.418335 10.921126 0.000000
vt -1309.292603 49.400742 0.000000
vt -1024.022949 49.400742 0.000000
vt -1021.148621 10.921126 0.000000
vt -1021.148621 49.400742 0.000000
vt -1024.022949 10.921126 0.000000
vt -1021.148621 10.921126 0.000000
vt -1024.022949 49.400742 0.000000
vt -713.573792 49.400742 0.000000
vt -710.699524 10.921126 0.000000
vt -710.699524 49.400742 0.000000
vt -713.573792 10.921126 0.000000
vt -710.699524 10.921126 0.000000
vt -713.573792 49.400742 0.000000
vt -385.589508 49.400742 0.000000
vt -382.715210 10.921126 0.000000
vt -382.715210 49.400742 0.000000
vt -385.589508 10.921126 0.000000
vt -382.715210 10.921126 0.000000
vt -385.589508 49.400742 0.000000
vt -48.146118 49.400742 0.000000
vt -45.271824 10.921126 0.000000
vt -45.271824 49.400742 0.000000
vt -48.146118 10.921126 0.000000
vt -45.271824 10.921126 0.000000
vt -48.146118 49.400742 0.000000
vt 290.447388 49.400742 0.000000
vt 293.321686 10.921126 0.000000
vt 293.321686 49.400742 0.000000
vt 290.447388 10.921126 0.000000
vt 293.321686 10.921126 0.000000
vt 290.447388 49.400742 0.000000
vt 621.853760 49.400742 0.000000
vt 624.728027 10.921126 0.000000
vt 624.728027 49.400742 0.000000
vt 621.853760 10.921126 0.000000
vt 624.728027 10.921126 0.000000
vt 621.853760 49.400742 0.000000
vt 937.912598 49.400742 0.000000
vt 940.786926 10.921126 0.000000
vt 940.786926 49.400742 0.000000
vt 937.912598 10.921126 0.000000
vt 940.786926 10.921126 0.000000
vt 937.912598 49.400742 0.000000
vt 1233.715820 49.400742 0.000000
vt 1230.841553 10.921126 0.000000
vt 1233.715820 10.921126 0.000000
vt 1230.841553 49.400742 0.000000
vt 1230.841553 10.921126 0.000000
vt 1233.715820 49.400742 0.000000
vt 1496.302002 49.400742 0.000000
vt 1493.427734 10.921126 0.000000
vt 1496.302002 10.921126 0.000000
vt 1493.427734 49.400742 0.000000
vt 1493.427734 10.921126 0.000000
vt 1496.302002 49.400742 0.000000
vt 1722.079712 49.400742 0.000000
vt 1719.205322 10.921126 0.000000
vt 1722.079712 10.921126 0.000000
vt 1719.205322 49.400742 0.000000
vt 1719.205322 10.921126 0.000000
vt 1722.079712 49.400742 0.000000
vt 1905.489380 49.400742 0.000000
vt 1902.615112 10.921126 0.000000
vt 1905.489380 10.921126 0.000000
vt 1902.615112 49.400742 0.000000
vt 1902.615112 10.921126 0.000000
vt 1905.489380 49.400742 0.000000
vt 2042.015015 49.400742 0.000000
vt 2039.140625 10.921126 0.000000
vt 2042.015015 10.921126 0.000000
vt 2039.140625 49.400742 0.000000
vt 2039.140625 10.921126 0.000000
vt 2042.015015 49.400742 0.000000
vt 2128.294678 49.400742 0.000000
vt 2125.420410 10.921126 0.000000
vt 2128.294678 10.921126 0.000000
vt 2125.420410 49.400742 0.000000
vt 2125.420410 10.921126 0.000000
vt 2128.294678 49.400742 0.000000
vt 2162.204346 49.400742 0.000000
vt 2159.330078 10.921126 0.000000
vt 2162.204346 10.921126 0.000000
vt 2159.330078 49.400742 0.000000
vt 2159.330078 10.921126 0.000000
vt 2162.204346 49.400742 0.000000
vt 2142.908691 49.400742 0.000000
vt 2140.034180 10.921126 0.000000
vt 2142.908691 10.921126 0.000000
vt 2140.034180 49.400742 0.000000
vt 2140.034180 10.921126 0.000000
vt 2142.908691 49.400742 0.000000
vt 2070.882813 49.400742 0.000000
vt 2068.008301 10.921126 0.000000
vt 2070.882813 10.921126 0.000000
vt 2068.008301 49.400742 0.000000
vt 2068.008301 10.921126 0.000000
vt 2070.882813 49.400742 0.000000
vt 1947.900269 49.400742 0.000000
vt 1945.025879 10.921126 0.000000
vt 1947.900269 10.921126 0.000000
vt 1945.025879 49.400742 0.000000
vt 1945.025879 10.921126 0.000000
vt 1947.900269 49.400742 0.000000
vt -2068.008301 49.400742 0.000000
vt -2070.882813 10.921126 0.000000
vt -2068.008301 10.921126 0.000000
vt -2070.882813 49.400742 0.000000
vt -2070.882813 10.921126 0.000000
vt -2068.008301 49.400742 0.000000
vt -2072.069336 29.718121 0.000000
vt -2071.843750 29.873804 0.000000
vt -2072.069336 30.029488 0.000000
vt -2072.740234 30.181339 0.000000
vt -2072.069336 29.718121 0.000000
vt -2072.069336 30.029488 0.000000
vt -2072.740234 29.566269 0.000000
vt -2072.069336 29.718121 0.000000
vt -2072.740234 30.181339 0.000000
vt -2073.840332 30.325619 0.000000
vt -2072.740234 29.566269 0.000000
vt -2072.740234 30.181339 0.000000
vt -2073.840332 29.421989 0.000000
vt -2072.740234 29.566269 0.000000
vt -2073.840332 30.325619 0.000000
vt -2075.342041 30.458771 0.000000
vt -2073.840332 29.421989 0.000000
vt -2073.840332 30.325619 0.000000
vt -2075.342041 29.288837 0.000000
vt -2073.840332 29.421989 0.000000
vt -2075.342041 30.458771 0.000000
vt -2077.208740 30.577520 0.000000
vt -2075.342041 29.288837 0.000000
vt -2075.342041 30.458771 0.000000
vt -2077.208740 29.170088 0.000000
vt -2075.342041 29.288837 0.000000
vt -2077.208740 30.577520 0.000000
vt -2079.394531 30.678942 0.000000
vt -2077.208740 29.170088 0.000000
vt -2077.208740 30.577520 0.000000
vt -2079.394531 29.068666 0.000000
vt -2077.208740 29.170088 0.000000
vt -2079.394531 30.678942 0.000000
vt -2081.845215 30.760538 0.000000
vt -2079.394531 29.068666 0.000000
vt -2079.394531 30.678942 0.000000
vt -2081.845215 28.987068 0.000000
vt -2079.394531 29.068666 0.000000
vt -2081.845215 30.760538 0.000000
vt -2084.500732 30.820301 0.000000
vt -2081.845215 28.987068 0.000000
vt -2081.845215 30.760538 0.000000
vt -2084.500732 28.927307 0.000000
vt -2081.845215 28.987068 0.000000
vt -2084.500732 30.820301 0.000000
vt -2087.295654 30.856756 0.000000
vt -2084.500732 28.927307 0.000000
vt -2084.500732 30.820301 0.000000
vt -2087.295654 28.890850 0.000000
vt -2084.500732 28.927307 0.000000
vt -2087.295654 30.856756 0.000000
vt -2090.160889 30.869011 0.000000
vt -2087.295654 28.890850 0.000000
vt -2087.295654 30.856756 0.000000
vt -2090.160889 28.878597 0.000000
vt -2087.295654 28.890850 0.000000
vt -2090.160889 30.869011 0.000000
vt -2093.026367 30.856756 0.000000
vt -2090.160889 28.878597 0.000000
vt -2090.160889 30.869011 0.000000
vt -2093.026367 28.890850 0.000000
vt -2090.160889 28.878597 0.000000
vt -2093.026367 30.856756 0.000000
vt -2095.821289 30.820301 0.000000
vt -2093.026367 28.890850 0.000000
vt -2093.026367 30.856756 0.000000
vt -2095.821289 28.927307 0.000000
vt -2093.026367 28.890850 0.000000
vt -2095.821289 30.820301 0.000000
vt -2098.476807 30.760538 0.000000
vt -2095.821289 28.927307 0.000000
vt -2095.821289 30.820301 0.000000
vt -2098.476807 28.987068 0.000000
vt -2095.821289 28.927307 0.000000
vt -2098.476807 30.760538 0.000000
vt -2100.927490 30.678942 0.000000
vt -2098.476807 28.987068 0.000000
vt -2098.476807 30.760538 0.000000
vt -2100.927490 29.068666 0.000000
vt -2098.476807 28.987068 0.000000
vt -2100.927490 30.678942 0.000000
vt -2103.113281 30.577520 0.000000
vt -2100.927490 29.068666 0.000000
vt -2100.927490 30.678942 0.000000
vt -2103.113281 29.170088 0.000000
vt -2100.927490 29.068666 0.000000
vt -2103.113281 30.577520 0.000000
vt -2104.979980 30.458771 0.000000
vt -2103.113281 29.170088 0.000000
vt -2103.113281 30.577520 0.000000
vt -2104.979980 29.288837 0.000000
vt -2103.113281 29.170088 0.000000
vt -2104.979980 30.458771 0.000000
vt -2106.481689 30.325619 0.000000
vt -2104.979980 29.288837 0.000000
vt -2104.979980 30.458771 0.000000
vt -2106.481689 29.421989 0.000000
vt -2104.979980 29.288837 0.000000
vt -2106.481689 30.325619 0.000000
vt -2107.581543 30.181339 0.000000
vt -2106.481689 29.421989 0.000000
vt -2106.481689 30.325619 0.000000
vt -2107.581543 29.566269 0.000000
vt -2106.481689 29.421989 0.000000
vt -2107.581543 30.181339 0.000000
vt -2108.252686 30.029488 0.000000
vt -2107.581543 29.566269 0.000000
vt -2107.581543 30.181339 0.000000
vt -2108.252686 29.718121 0.000000
vt -2107.581543 29.566269 0.000000
vt -2108.252686 30.029488 0.000000
vt -2108.478271 29.873804 0.000000
vt -2108.252686 29.718121 0.000000
vt -2108.252686 30.029488 0.000000
vt 1776.989380 10.921126 0.000000
vt 1774.114990 49.400742 0.000000
vt 1774.114990 10.921126 0.000000
vt 1776.989380 49.400742 0.000000
vt 1774.114990 49.400742 0.000000
vt 1776.989380 10.921126 0.000000
vt -2140.034180 49.400742 0.000000
vt -2142.908691 10.921126 0.000000
vt -2140.034180 10.921126 0.000000
vt -2142.908691 49.400742 0.000000
vt -2142.908691 10.921126 0.000000
vt -2140.034180 49.400742 0.000000
vt -2159.330078 49.400742 0.000000
vt -2162.204346 10.921126 0.000000
vt -2159.330078 10.921126 0.000000
vt -2162.204346 49.400742 0.000000
vt -2162.204346 10.921126 0.000000
vt -2159.330078 49.400742 0.000000
vt -2125.420410 49.400742 0.000000
vt -2128.294678 10.921126 0.000000
vt -2125.420410 10.921126 0.000000
vt -2128.294678 49.400742 0.000000
vt -2128.294678 10.921126 0.000000
vt -2125.420410 49.400742 0.000000
vt -2039.140625 49.400742 0.000000
vt -2042.015015 10.921126 0.000000
vt -2039.140625 10.921126 0.000000
vt -2042.015015 49.400742 0.000000
vt -2042.015015 10.921126 0.000000
vt -2039.140625 49.400742 0.000000
vt -1902.615112 49.400742 0.000000
vt -1905.489380 10.921126 0.000000
vt -1902.615112 10.921126 0.000000
vt -1905.489380 49.400742 0.000000
vt -1905.489380 10.921126 0.000000
vt -1902.615112 49.400742 0.000000
vt -1719.205322 49.400742 0.000000
vt -1722.079712 10.921126 0.000000
vt -1719.205322 10.921126 0.000000
vt -1722.079712 49.400742 0.000000
vt -1722.079712 10.921126 0.000000
vt -1719.205322 49.400742 0.000000
vt -1493.427734 49.400742 0.000000
vt -1496.302002 10.921126 0.000000
vt -1493.427734 10.921126 0.000000
vt -1496.302002 49.400742 0.000000
vt -1496.302002 10.921126 0.000000
vt -1493.427734 49.400742 0.000000
vt -1230.841553 49.400742 0.000000
vt -1233.715820 10.921126 0.000000
vt -1230.841553 10.921126 0.000000
vt -1233.715820 49.400742 0.000000
vt -1233.715820 10.921126 0.000000
vt -1230.841553 49.400742 0.000000
vt -937.912598 10.921126 0.000000
vt -940.786926 49.400742 0.000000
vt -940.786926 10.921126 0.000000
vt -937.912598 49.400742 0.000000
vt -940.786926 49.400742 0.000000
vt -937.912598 10.921126 0.000000
vt -621.853760 10.921126 0.000000
vt -624.728027 49.400742 0.000000
vt -624.728027 10.921126 0.000000
vt -621.853760 49.400742 0.000000
vt -624.728027 49.400742 0.000000
vt -621.853760 10.921126 0.000000
vt -290.447388 10.921126 0.000000
vt -293.321686 49.400742 0.000000
vt -293.321686 10.921126 0.000000
vt -290.447388 49.400742 0.000000
vt -293.321686 49.400742 0.000000
vt -290.447388 10.921126 0.000000
vt 48.146118 10.921126 0.000000
vt 45.271824 49.400742 0.000000
vt 45.271824 10.921126 0.000000
vt 48.146118 49.400742 0.000000
vt 45.271824 49.400742 0.000000
vt 48.146118 10.921126 0.000000
vt 385.589508 10.921126 0.000000
vt 382.715210 49.400742 0.000000
vt 382.715210 10.921126 0.000000
vt 385.589508 49.400742 0.000000
vt 382.715210 49.400742 0.000000
vt 385.589508 10.921126 0.000000
vt 713.573792 10.921126 0.000000
vt 710.699524 49.400742 0.000000
vt 710.699524 10.921126 0.000000
vt 713.573792 49.400742 0.000000
vt 710.699524 49.400742 0.000000
vt 713.573792 10.921126 0.000000
vt 1024.022949 10.921126 0.000000
vt 1021.148621 49.400742 0.000000
vt 1021.148621 10.921126 0.000000
vt 1024.022949 49.400742 0.000000
vt 1021.148621 49.400742 0.000000
vt 1024.022949 10.921126 0.000000
vt 1309.292603 10.921126 0.000000
vt 1306.418335 49.400742 0.000000
vt 1306.418335 10.921126 0.000000
vt 1309.292603 49.400742 0.000000
vt 1306.418335 49.400742 0.000000
vt 1309.292603 10.921126 0.000000
vt 1562.358521 10.921126 0.000000
vt 1559.484253 49.400742 0.000000
vt 1559.484253 10.921126 0.000000
vt 1562.358521 49.400742 0.000000
vt 1559.484253 49.400742 0.000000
vt 1562.358521 10.921126 0.000000
vt 0.998875 0.313939 0.000000
vt 0.993902 0.354860 0.000000
vt 0.993632 0.353235 0.000000
vt 0.998875 0.313939 0.000000
vt 0.994416 0.357073 0.000000
vt 0.993902 0.354860 0.000000
vt 0.998875 0.313939 0.000000
vt 0.994973 0.358694 0.000000
vt 0.994416 0.357073 0.000000
vt 0.998875 0.313939 0.000000
vt 0.995559 0.359683 0.000000
vt 0.994973 0.358694 0.000000
vt 0.998875 0.313939 0.000000
vt 0.996160 0.360015 0.000000
vt 0.995559 0.359683 0.000000
vt 0.998875 0.313939 0.000000
vt 0.996760 0.359683 0.000000
vt 0.996160 0.360015 0.000000
vt 0.998875 0.313939 0.000000
vt 0.997346 0.358694 0.000000
vt 0.996760 0.359683 0.000000
vt 0.998875 0.313939 0.000000
vt 0.997903 0.357073 0.000000
vt 0.997346 0.358694 0.000000
vt 0.998875 0.313939 0.000000
vt 0.998417 0.354860 0.000000
vt 0.997903 0.357073 0.000000
vt 0.998875 0.352110 0.000000
vt 0.998417 0.354860 0.000000
vt 0.998875 0.313939 0.000000
vt 0.999267 0.317159 0.000000
vt 0.998875 0.352110 0.000000
vt 0.998875 0.313939 0.000000
vt 0.999267 0.348889 0.000000
vt 0.998875 0.352110 0.000000
vt 0.999267 0.317159 0.000000
vt 0.999581 0.320770 0.000000
vt 0.999267 0.348889 0.000000
vt 0.999267 0.317159 0.000000
vt 0.999581 0.345278 0.000000
vt 0.999267 0.348889 0.000000
vt 0.999581 0.320770 0.000000
vt 0.999812 0.324683 0.000000
vt 0.999581 0.345278 0.000000
vt 0.999581 0.320770 0.000000
vt 0.999812 0.341365 0.000000
vt 0.999581 0.345278 0.000000
vt 0.999812 0.324683 0.000000
vt 0.999953 0.328802 0.000000
vt 0.999812 0.341365 0.000000
vt 0.999812 0.324683 0.000000
vt 0.999953 0.337246 0.000000
vt 0.999812 0.341365 0.000000
vt 0.999953 0.328802 0.000000
vt 1.000000 0.333024 0.000000
vt 0.999953 0.337246 0.000000
vt 0.999953 0.328802 0.000000
vt 3.298809 0.500610 0.000000
vt 3.298477 0.495766 0.000000
vt 3.298809 0.490923 0.000000
vt 3.299794 0.486198 0.000000
vt 3.298809 0.500610 0.000000
vt 3.298809 0.490923 0.000000
vt 3.299794 0.505335 0.000000
vt 3.298809 0.500610 0.000000
vt 3.299794 0.486198 0.000000
vt 3.301410 0.481709 0.000000
vt 3.299794 0.505335 0.000000
vt 3.299794 0.486198 0.000000
vt 3.301410 0.509824 0.000000
vt 3.299794 0.505335 0.000000
vt 3.301410 0.481709 0.000000
vt 3.303616 0.477567 0.000000
vt 3.301410 0.509824 0.000000
vt 3.301410 0.481709 0.000000
vt 3.303616 0.513966 0.000000
vt 3.301410 0.509824 0.000000
vt 3.303616 0.477567 0.000000
vt 3.306358 0.473872 0.000000
vt 3.303616 0.513966 0.000000
vt 3.303616 0.477567 0.000000
vt 3.306358 0.517661 0.000000
vt 3.303616 0.513966 0.000000
vt 3.306358 0.473872 0.000000
vt 3.309569 0.470716 0.000000
vt 3.306358 0.517661 0.000000
vt 3.306358 0.473872 0.000000
vt 3.309569 0.520816 0.000000
vt 3.306358 0.517661 0.000000
vt 3.309569 0.470716 0.000000
vt 3.313169 0.468178 0.000000
vt 3.309569 0.520816 0.000000
vt 3.309569 0.470716 0.000000
vt 3.313169 0.523355 0.000000
vt 3.309569 0.520816 0.000000
vt 3.313169 0.468178 0.000000
vt 3.313989 0.467787 0.000000
vt 3.313169 0.523355 0.000000
vt 3.313169 0.468178 0.000000
vt 3.317070 0.525215 0.000000
vt 3.313169 0.523355 0.000000
vt 3.313989 0.467787 0.000000
vt 3.329323 0.526373 0.000000
vt 3.317070 0.525215 0.000000
vt 3.313989 0.467787 0.000000
vt 3.329323 0.526373 0.000000
vt 3.321175 0.526349 0.000000
vt 3.317070 0.525215 0.000000
vt 3.329323 0.526373 0.000000
vt 3.325384 0.526730 0.000000
vt 3.321175 0.526349 0.000000
vt -1.711382 0.991463 0.000000
vt -1.658300 -0.000000 0.000000
vt -1.658300 0.991463 0.000000
vt -1.711382 0.000000 0.000000
vt -1.658300 0.000000 0.000000
vt -1.711382 0.991463 0.000000
vt -1.886912 0.991463 0.000000
vt -1.833830 0.000000 0.000000
vt -1.833830 0.991463 0.000000
vt -1.886912 0.000000 0.000000
vt -1.833830 0.000000 0.000000
vt -1.886912 0.991463 0.000000
vt 1.090189 0.991463 0.000000
vt 0.839100 0.000000 0.000000
vt 1.090189 0.000000 0.000000
vt 0.839100 0.991463 0.000000
vt 0.839100 0.000000 0.000000
vt 1.090189 0.991463 0.000000
vt -2.016139 0.991463 0.000000
vt -1.963058 -0.000000 0.000000
vt -1.963058 0.991463 0.000000
vt -2.016139 0.000000 0.000000
vt -1.963058 0.000000 0.000000
vt -2.016139 0.991463 0.000000
vt 4.837162 0.209917 0.000000
vt 1.091835 0.000000 0.000000
vt 5.088897 0.000000 0.000000
vt 5.088897 0.991463 0.000000
vt 4.837162 0.209917 0.000000
vt 5.088897 0.000000 0.000000
vt 5.088897 0.991463 0.000000
vt 4.837162 0.991463 0.000000
vt 4.837162 0.209917 0.000000
vt 1.091835 0.991463 0.000000
vt 1.091835 0.000000 0.000000
vt 1.326144 0.209917 0.000000
vt 1.326144 0.209917 0.000000
vt 1.091835 0.000000 0.000000
vt 4.837162 0.209917 0.000000
vt 1.091835 0.991463 0.000000
vt 1.326144 0.209917 0.000000
vt 1.326144 0.991463 0.000000
vt -2.095847 0.991463 0.000000
vt -2.042765 -0.000000 0.000000
vt -2.042765 0.991463 0.000000
vt -2.095847 0.000000 0.000000
vt -2.042765 0.000000 0.000000
vt -2.095847 0.991463 0.000000
vt 5.287055 0.991463 0.000000
vt 5.055351 0.000000 0.000000
vt 5.287055 0.000000 0.000000
vt 5.287055 0.991463 0.000000
vt 5.055351 0.991463 0.000000
vt 5.055351 0.000000 0.000000
vt -2.124051 0.991463 0.000000
vt -2.070969 -0.000000 0.000000
vt -2.070969 0.991463 0.000000
vt -2.124051 0.000000 0.000000
vt -2.070969 0.000000 0.000000
vt -2.124051 0.991463 0.000000
vt 2.125622 0.000000 0.000000
vt 2.070402 0.991463 0.000000
vt 2.070402 0.000000 0.000000
vt 2.125622 0.991463 0.000000
vt 2.070402 0.991463 0.000000
vt 2.125622 0.000000 0.000000
vt -2.100050 0.991463 0.000000
vt -2.046968 -0.000000 0.000000
vt -2.046968 0.991463 0.000000
vt -2.100050 0.000000 0.000000
vt -2.046968 0.000000 0.000000
vt -2.100050 0.991463 0.000000
vt 1.307562 0.000000 0.000000
vt 1.252342 0.991463 0.000000
vt 1.252342 0.000000 0.000000
vt 1.307562 0.991463 0.000000
vt 1.252342 0.991463 0.000000
vt 1.307562 -0.000000 0.000000
vt -2.024441 0.991463 0.000000
vt -1.971359 -0.000000 0.000000
vt -1.971359 0.991463 0.000000
vt -2.024441 0.000000 0.000000
vt -1.971359 0.000000 0.000000
vt -2.024441 0.991463 0.000000
vt 0.455290 0.000000 0.000000
vt 0.400070 0.991463 0.000000
vt 0.400070 0.000000 0.000000
vt 0.455290 0.991463 0.000000
vt 0.400070 0.991463 0.000000
vt 0.455290 0.000000 0.000000
vt -1.846024 0.991463 0.000000
vt -1.899106 0.000000 0.000000
vt -1.846024 0.000000 0.000000
vt -1.899106 0.991463 0.000000
vt -1.899106 0.000000 0.000000
vt -1.846024 0.991463 0.000000
vt -0.408415 0.000000 0.000000
vt -0.463634 0.991463 0.000000
vt -0.463634 0.000000 0.000000
vt -0.408415 0.991463 0.000000
vt -0.463634 0.991463 0.000000
vt -0.408415 0.000000 0.000000
vt -1.674082 0.991463 0.000000
vt -1.727164 0.000000 0.000000
vt -1.674082 0.000000 0.000000
vt -1.727164 0.991463 0.000000
vt -1.727164 0.000000 0.000000
vt -1.674082 0.991463 0.000000
vt -1.260464 0.991463 0.000000
vt -1.315684 0.000000 0.000000
vt -1.260464 0.000000 0.000000
vt -1.315684 0.991463 0.000000
vt -1.315684 0.000000 0.000000
vt -1.260464 0.991463 0.000000
vt -1.459813 0.991463 0.000000
vt -1.512895 -0.000000 0.000000
vt -1.459813 -0.000000 0.000000
vt -1.512895 0.991463 0.000000
vt -1.512895 -0.000000 0.000000
vt -1.459813 0.991463 0.000000
vt -2.078084 0.991463 0.000000
vt -2.133304 0.000000 0.000000
vt -2.078084 0.000000 0.000000
vt -2.133304 0.991463 0.000000
vt -2.133304 0.000000 0.000000
vt -2.078084 0.991463 0.000000
vt -2.713228 0.991463 0.000000
vt -2.062026 0.000000 0.000000
vt -2.062026 0.991463 0.000000
vt -2.713228 0.000000 0.000000
vt -2.062026 0.000000 0.000000
vt -2.713228 0.991463 0.000000
vt -3.021841 1.013119 0.000000
vt -3.077061 0.021656 0.000000
vt -3.021841 0.021656 0.000000
vt -3.077061 1.013119 0.000000
vt -3.077061 0.021656 0.000000
vt -3.021841 1.013119 0.000000
vt -3.919373 0.991463 0.000000
vt -2.925277 0.000000 0.000000
vt -2.925277 0.991463 0.000000
vt -3.919373 0.000000 0.000000
vt -2.925277 0.000000 0.000000
vt -3.919373 0.991463 0.000000
vt -3.524120 0.991463 0.000000
vt -3.579340 0.000000 0.000000
vt -3.524120 0.000000 0.000000
vt -3.579340 0.991463 0.000000
vt -3.579340 0.000000 0.000000
vt -3.524120 0.991463 0.000000
vt -4.603748 0.991463 0.000000
vt -3.591143 0.000000 0.000000
vt -3.591143 0.991463 0.000000
vt -4.603748 0.000000 0.000000
vt -3.591143 0.000000 0.000000
vt -4.603748 0.991463 0.000000
vt -4.574823 1.230239 0.000000
vt -4.630043 0.238776 0.000000
vt -4.574823 0.238776 0.000000
vt -4.630043 1.230239 0.000000
vt -4.630043 0.238776 0.000000
vt -4.574823 1.230239 0.000000
vt 0.998107 0.996154 0.000000
vt 0.001671 0.004691 0.000000
vt 0.998107 0.004691 0.000000
vt 0.001671 0.996154 0.000000
vt 0.001671 0.004691 0.000000
vt 0.998107 0.996154 0.000000
vt -4.592947 0.991463 0.000000
vt -4.648167 0.000000 0.000000
vt -4.592947 0.000000 0.000000
vt -4.648167 0.991463 0.000000
vt -4.648167 0.000000 0.000000
vt -4.592947 0.991463 0.000000
vt -2.687133 0.991463 0.000000
vt -2.687133 -0.000000 0.000000
vt -1.687790 -0.000000 0.000000
vt -1.687790 0.991463 0.000000
vt -2.687133 0.991463 0.000000
vt -1.687790 -0.000000 0.000000
vt 2.761711 -0.000000 0.000000
vt 2.126651 0.991463 0.000000
vt 2.126651 -0.000000 0.000000
vt 2.761711 0.991463 0.000000
vt 2.126651 0.991463 0.000000
vt 2.761711 -0.000000 0.000000
vt 0.170650 0.991463 0.000000
vt -0.847430 0.000000 0.000000
vt 0.170650 0.000000 0.000000
vt -0.847430 0.991463 0.000000
vt -0.847430 0.000000 0.000000
vt 0.170650 0.991463 0.000000
vt 2.321641 -0.000000 0.000000
vt 1.315422 0.991463 0.000000
vt 1.315422 -0.000000 0.000000
vt 2.321641 0.991463 0.000000
vt 1.315422 0.991463 0.000000
vt 2.321641 -0.000000 0.000000
vt 1.000000 1.000000 0.000000
vt -0.000000 0.000000 0.000000
vt 1.000000 0.000000 0.000000
vt -0.000000 1.000000 0.000000
vt -0.000000 0.000000 0.000000
vt 1.000000 1.000000 0.000000
vt 0.002212 0.998567 0.000000
vt 0.998080 0.001596 0.000000
vt 0.998080 0.998567 0.000000
vt 0.002212 0.001596 0.000000
vt 0.998080 0.001596 0.000000
vt 0.002212 0.998567 0.000000
vt -5.376787 1.008905 0.000000
vt -5.720534 0.011934 0.000000
vt -5.376787 0.011934 0.000000
vt -5.720534 1.008905 0.000000
vt -5.720534 0.011934 0.000000
vt -5.376787 1.008905 0.000000
vt 0.110481 1.024717 0.000000
vt 0.974946 0.001540 0.000000
vt 1.061121 1.024717 0.000000
vt 0.024306 0.001540 0.000000
vt 0.974946 0.001540 0.000000
vt 0.110481 1.024717 0.000000
vt 21.980820 -0.003715 0.000000
vt 21.060827 0.961761 0.000000
vt 21.060827 -0.003715 0.000000
vt 21.980820 -0.003715 0.000000
vt 21.060827 0.993108 0.000000
vt 21.060827 0.961761 0.000000
vt 21.980820 0.993108 0.000000
vt 21.060827 0.993108 0.000000
vt 21.980820 -0.003715 0.000000
vt 1.000000 1.000000 0.000000
vt 0.700545 0.000000 0.000000
vt 1.000000 0.000000 0.000000
vt 1.000000 1.000000 0.000000
vt 0.700545 0.059741 0.000000
vt 0.700545 0.000000 0.000000
vt 1.000000 1.000000 0.000000
vt -0.000000 0.059741 0.000000
vt 0.700545 0.059741 0.000000
vt -0.000000 1.000000 0.000000
vt -0.000000 0.059741 0.000000
vt 1.000000 1.000000 0.000000
vt 0.999400 0.000000 0.000000
vt 0.000000 1.000000 0.000000
vt 0.000000 0.000000 0.000000
vt 0.999400 1.000000 0.000000
vt 0.999400 1.000000 0.000000
vt 0.000000 1.000000 0.000000
vt 0.999400 0.000000 0.000000
vt 0.999400 1.000000 0.000000
vt 0.000000 0.000000 0.000000
vt 0.000000 1.000000 0.000000
vt 0.000000 0.000000 0.000000
vt 0.999400 0.000000 0.000000
vt 0.000000 1.000000 0.000000
vt 0.999400 1.000000 0.000000
vt 0.000000 0.000000 0.000000
vt 0.999400 0.000000 0.000000
vt 0.999400 1.000000 0.000000
vt 0.000000 0.000000 0.000000
vt 0.999400 0.000000 0.000000
vt 0.000000 1.000000 0.000000
vt 0.000000 1.000000 0.000000
vt 0.999400 0.000000 0.000000
vt 0.999400 1.000000 0.000000
vt 0.000000 0.000000 0.000000
vt 0.163184 7.140493 0.000000
vt 0.161904 6.192158 0.000000
vt 0.163184 6.189882 0.000000
vt 0.163184 7.140493 0.000000
vt 0.160624 6.194434 0.000000
vt 0.161904 6.192158 0.000000
vt 0.163184 7.140493 0.000000
vt 0.159343 6.196708 0.000000
vt 0.160624 6.194434 0.000000
vt 0.163184 7.140493 0.000000
vt 0.158063 6.198983 0.000000
vt 0.159343 6.196708 0.000000
vt 0.163184 7.140493 0.000000
vt 0.156783 6.201257 0.000000
vt 0.158063 6.198983 0.000000
vt 0.163184 7.140493 0.000000
vt -0.852462 7.140493 0.000000
vt 0.156783 6.201257 0.000000
vt -0.852462 7.140493 0.000000
vt -0.852462 6.172778 0.000000
vt 0.156783 6.201257 0.000000
vt 1.311484 6.189792 0.000000
vt 1.311294 7.140493 0.000000
vt 1.311294 6.189600 0.000000
vt 1.311673 6.189985 0.000000
vt 1.311294 7.140493 0.000000
vt 1.311484 6.189792 0.000000
vt 1.311862 6.190177 0.000000
vt 1.311294 7.140493 0.000000
vt 1.311673 6.189985 0.000000
vt 1.312052 6.190370 0.000000
vt 1.311294 7.140493 0.000000
vt 1.311862 6.190177 0.000000
vt 1.312241 6.190562 0.000000
vt 1.311294 7.140493 0.000000
vt 1.312052 6.190370 0.000000
vt 2.325312 7.140493 0.000000
vt 1.311294 7.140493 0.000000
vt 1.312241 6.190562 0.000000
vt 2.325312 7.140493 0.000000
vt 1.312241 6.190562 0.000000
vt 2.320675 6.181586 0.000000
vt 2.325312 6.172778 0.000000
vt 2.325312 7.140493 0.000000
vt 2.320675 6.181586 0.000000
vt -1.693146 6.188124 0.000000
vt -2.697141 5.795326 0.000000
vt -1.693146 5.795326 0.000000
vt -2.697141 6.189882 0.000000
vt -2.697141 5.795326 0.000000
vt -1.693146 6.188124 0.000000
vt -1.693146 7.140493 0.000000
vt -2.697141 6.189882 0.000000
vt -1.693146 6.188124 0.000000
vt -2.697141 7.140493 0.000000
vt -2.697141 6.189882 0.000000
vt -1.693146 7.140493 0.000000
vt 0.447029 30.330641 0.000000
vt 0.434239 31.731497 0.000000
vt 0.427837 31.949215 0.000000
vt 0.450888 30.493248 0.000000
vt 0.434239 31.731497 0.000000
vt 0.447029 30.330641 0.000000
vt 0.774396 31.568701 0.000000
vt 0.450888 30.493248 0.000000
vt 0.447029 30.330641 0.000000
vt 0.774396 31.568701 0.000000
vt 0.772296 31.683683 0.000000
vt 0.450888 30.493248 0.000000
vt 0.722541 33.080360 0.000000
vt 0.427837 31.949215 0.000000
vt 0.434239 31.731497 0.000000
vt 0.746079 32.840164 0.000000
vt 0.722541 33.080360 0.000000
vt 0.434239 31.731497 0.000000
vt 0.722541 33.080360 0.000000
vt 0.521311 47.652447 0.000000
vt 0.503011 47.670692 0.000000
vt 0.746079 32.840164 0.000000
vt 0.521311 47.652447 0.000000
vt 0.722541 33.080360 0.000000
vt 4.825092 46.814266 0.000000
vt 4.437469 45.356224 0.000000
vt 4.438704 45.260674 0.000000
vt 4.831653 46.712967 0.000000
vt 4.825092 46.814266 0.000000
vt 4.438704 45.260674 0.000000
vt 0.544276 63.877659 0.000000
vt 0.503011 47.670692 0.000000
vt 0.521311 47.652447 0.000000
vt 0.558974 63.854137 0.000000
vt 0.544276 63.877659 0.000000
vt 0.521311 47.652447 0.000000
vt 1.075971 77.807304 0.000000
vt 0.544276 63.877659 0.000000
vt 0.558974 63.854137 0.000000
vt 1.076640 77.607430 0.000000
vt 1.075971 77.807304 0.000000
vt 0.558974 63.854137 0.000000
vt 1.953663 85.642097 0.000000
vt 1.075971 77.807304 0.000000
vt 1.076640 77.607430 0.000000
vt 1.956352 85.413208 0.000000
vt 1.953663 85.642097 0.000000
vt 1.076640 77.607430 0.000000
vt 2.956451 84.841812 0.000000
vt 1.953663 85.642097 0.000000
vt 1.956352 85.413208 0.000000
vt 2.956451 84.841812 0.000000
vt 1.956352 85.413208 0.000000
vt 2.955124 84.597443 0.000000
vt 3.810815 76.160492 0.000000
vt 2.956451 84.841812 0.000000
vt 2.955124 84.597443 0.000000
vt 3.826142 76.311737 0.000000
vt 2.956451 84.841812 0.000000
vt 3.810815 76.160492 0.000000
vt 4.284067 61.958969 0.000000
vt 3.826142 76.311737 0.000000
vt 3.810815 76.160492 0.000000
vt 4.305719 61.783428 0.000000
vt 3.826142 76.311737 0.000000
vt 4.284067 61.958969 0.000000
vt 4.491708 46.885010 0.000000
vt 4.305719 61.783428 0.000000
vt 4.284067 61.958969 0.000000
vt 4.503221 47.136875 0.000000
vt 4.305719 61.783428 0.000000
vt 4.491708 46.885010 0.000000
vt 4.808091 48.009346 0.000000
vt 4.503221 47.136875 0.000000
vt 4.491708 46.885010 0.000000
vt 4.808091 48.009346 0.000000
vt 4.807959 48.288494 0.000000
vt 4.503221 47.136875 0.000000
vt 4.831653 46.712967 0.000000
vt 4.807959 48.288494 0.000000
vt 4.808091 48.009346 0.000000
vt 4.831653 46.712967 0.000000
vt 4.808091 48.009346 0.000000
vt 4.825092 46.814266 0.000000
vt 2.146893 6.287056 0.000000
vt 1.866965 7.140493 0.000000
vt 1.866965 6.287056 0.000000
vt 2.789076 7.140493 0.000000
vt 1.866965 7.140493 0.000000
vt 2.146893 6.287056 0.000000
vt 2.789076 7.140493 0.000000
vt 2.146893 6.287056 0.000000
vt 2.148629 6.268181 0.000000
vt 2.789076 7.140493 0.000000
vt 2.148629 6.268181 0.000000
vt 2.150391 6.249984 0.000000
vt 2.789076 7.140493 0.000000
vt 2.150391 6.249984 0.000000
vt 2.152178 6.232438 0.000000
vt 2.789076 7.140493 0.000000
vt 2.152178 6.232438 0.000000
vt 2.153987 6.215518 0.000000
vt 2.789076 7.140493 0.000000
vt 2.153987 6.215518 0.000000
vt 2.155817 6.199200 0.000000
vt 2.789076 7.140493 0.000000
vt 2.155817 6.199200 0.000000
vt 2.282467 6.197164 0.000000
vt 2.789076 7.140493 0.000000
vt 2.282467 6.197164 0.000000
vt 2.535768 6.193271 0.000000
vt 2.789076 7.140493 0.000000
vt 2.535768 6.193271 0.000000
vt 2.662432 6.191408 0.000000
vt 2.789076 7.140493 0.000000
vt 2.662432 6.191408 0.000000
vt 2.789076 6.189600 0.000000
vt -3.245757 7.140493 0.000000
vt -4.246999 6.188124 0.000000
vt -3.245757 6.183428 0.000000
vt -4.246999 7.140493 0.000000
vt -4.246999 6.188124 0.000000
vt -3.245757 7.140493 0.000000
vt 4.945199 7.140493 0.000000
vt 4.945199 5.795326 0.000000
vt 5.348170 5.795326 0.000000
vt 4.945199 7.140493 0.000000
vt 5.348170 5.795326 0.000000
vt 5.348170 6.287056 0.000000
vt 4.945199 7.140493 0.000000
vt 5.348170 6.287056 0.000000
vt 5.348170 7.140493 0.000000
vt 1.742423 6.287056 0.000000
vt 1.642678 7.140493 0.000000
vt 1.642678 6.287056 0.000000
vt 1.742423 6.287056 0.000000
vt 1.742423 7.140493 0.000000
vt 1.642678 7.140493 0.000000
vt -5.042507 7.140493 0.000000
vt -5.355366 6.287056 0.000000
vt -5.042507 6.287056 0.000000
vt -5.355366 7.140493 0.000000
vt -5.355366 6.287056 0.000000
vt -5.042507 7.140493 0.000000
vt -3.627114 6.191673 0.000000
vt -3.624640 6.187065 0.000000
vt -3.624640 7.140493 0.000000
vt -4.632859 7.140493 0.000000
vt -3.627114 6.191673 0.000000
vt -3.624640 7.140493 0.000000
vt -4.632859 7.140493 0.000000
vt -4.632376 6.184321 0.000000
vt -3.627114 6.191673 0.000000
vt -4.632859 6.183428 0.000000
vt -4.632376 6.184321 0.000000
vt -4.632859 7.140493 0.000000
vt 0.001297 0.983767 0.000000
vt 0.998823 0.021079 0.000000
vt 0.998823 0.983767 0.000000
vt 0.001297 0.983767 0.000000
vt 0.001297 0.030340 0.000000
vt 0.998823 0.021079 0.000000
vt -2.728043 7.140346 0.000000
vt -1.804322 6.286910 0.000000
vt -1.804322 7.140346 0.000000
vt -2.728043 7.140346 0.000000
vt -2.064909 6.286910 0.000000
vt -1.804322 6.286910 0.000000
vt -2.728043 7.140346 0.000000
vt -2.067062 6.260914 0.000000
vt -2.064909 6.286910 0.000000
vt -2.728043 7.140346 0.000000
vt -2.069285 6.236170 0.000000
vt -2.067062 6.260914 0.000000
vt -2.728043 7.140346 0.000000
vt -2.069296 6.236170 0.000000
vt -2.069285 6.236170 0.000000
vt -2.728043 7.140346 0.000000
vt -2.071567 6.212649 0.000000
vt -2.069296 6.236170 0.000000
vt -2.728043 7.140346 0.000000
vt -2.073877 6.190322 0.000000
vt -2.071567 6.212649 0.000000
vt -2.728043 7.140346 0.000000
vt -2.076213 6.169159 0.000000
vt -2.073877 6.190322 0.000000
vt -2.728043 7.140346 0.000000
vt -2.722430 6.183484 0.000000
vt -2.076213 6.169159 0.000000
vt -2.728043 6.177658 0.000000
vt -2.722430 6.183484 0.000000
vt -2.728043 7.140346 0.000000
vt -0.867750 7.140493 0.000000
vt -1.170554 6.287056 0.000000
vt -0.867750 6.287056 0.000000
vt -1.170554 7.140493 0.000000
vt -1.170554 6.287056 0.000000
vt -0.867750 7.140493 0.000000
vt -1.848227 7.140493 0.000000
vt -1.746857 6.287056 0.000000
vt -1.746857 7.140493 0.000000
vt -1.848227 7.140493 0.000000
vt -1.848227 6.287056 0.000000
vt -1.746857 6.287056 0.000000
vt 1.194036 7.140493 0.000000
vt 1.142898 5.795326 0.000000
vt 1.194036 5.795326 0.000000
vt 1.194036 7.140493 0.000000
vt 0.857933 5.795326 0.000000
vt 1.142898 5.795326 0.000000
vt 1.194036 7.140493 0.000000
vt 0.857933 6.287056 0.000000
vt 0.857933 5.795326 0.000000
vt 0.857933 7.140493 0.000000
vt 0.857933 6.287056 0.000000
vt 1.194036 7.140493 0.000000
vt 0.450888 30.493248 0.000000
vt 0.434239 31.731497 0.000000
vt 0.432646 30.050446 0.000000
vt 0.728636 31.120790 0.000000
vt 0.450888 30.493248 0.000000
vt 0.432646 30.050446 0.000000
vt 0.728636 31.120790 0.000000
vt 0.722719 31.500057 0.000000
vt 0.450888 30.493248 0.000000
vt 0.418601 30.906952 0.000000
vt 0.414829 32.673729 0.000000
vt 0.412617 31.788027 0.000000
vt 0.425187 33.544010 0.000000
vt 0.414829 32.673729 0.000000
vt 0.418601 30.906952 0.000000
vt 0.432646 30.050446 0.000000
vt 0.425187 33.544010 0.000000
vt 0.418601 30.906952 0.000000
vt 0.434239 31.731497 0.000000
vt 0.425187 33.544010 0.000000
vt 0.432646 30.050446 0.000000
vt 0.443457 34.379177 0.000000
vt 0.425187 33.544010 0.000000
vt 0.434239 31.731497 0.000000
vt 0.746079 32.840164 0.000000
vt 0.443457 34.379177 0.000000
vt 0.434239 31.731497 0.000000
vt 0.746079 32.840164 0.000000
vt 0.469225 35.160320 0.000000
vt 0.443457 34.379177 0.000000
vt 0.746079 32.840164 0.000000
vt 0.501909 35.869759 0.000000
vt 0.469225 35.160320 0.000000
vt 0.746079 32.840164 0.000000
vt 0.540768 36.491436 0.000000
vt 0.501909 35.869759 0.000000
vt 0.746079 32.840164 0.000000
vt 0.584922 37.011284 0.000000
vt 0.540768 36.491436 0.000000
vt 0.746079 32.840164 0.000000
vt 0.633373 37.417530 0.000000
vt 0.584922 37.011284 0.000000
vt 0.521311 47.652447 0.000000
vt 0.516595 64.056702 0.000000
vt 0.477036 47.535866 0.000000
vt 0.633373 37.417530 0.000000
vt 0.521311 47.652447 0.000000
vt 0.477036 47.535866 0.000000
vt 0.746079 32.840164 0.000000
vt 0.521311 47.652447 0.000000
vt 0.633373 37.417530 0.000000
vt 4.825092 46.814266 0.000000
vt 4.480457 45.517921 0.000000
vt 4.484275 45.174004 0.000000
vt 4.850773 46.508179 0.000000
vt 4.825092 46.814266 0.000000
vt 4.484275 45.174004 0.000000
vt 4.850773 46.508179 0.000000
vt 4.825674 48.373646 0.000000
vt 4.825092 46.814266 0.000000
vt 4.850773 46.508179 0.000000
vt 4.843462 47.459549 0.000000
vt 4.825674 48.373646 0.000000
vt 1.056271 78.134430 0.000000
vt 0.516595 64.056702 0.000000
vt 0.558974 63.854137 0.000000
vt 0.558974 63.854137 0.000000
vt 0.516595 64.056702 0.000000
vt 0.521311 47.652447 0.000000
vt 1.076640 77.607430 0.000000
vt 1.056271 78.134430 0.000000
vt 0.558974 63.854137 0.000000
vt 1.955931 86.189018 0.000000
vt 1.056271 78.134430 0.000000
vt 1.076640 77.607430 0.000000
vt 1.956352 85.413208 0.000000
vt 1.955931 86.189018 0.000000
vt 1.076640 77.607430 0.000000
vt 2.971641 85.298843 0.000000
vt 1.955931 86.189018 0.000000
vt 1.956352 85.413208 0.000000
vt 2.971641 85.298843 0.000000
vt 1.956352 85.413208 0.000000
vt 2.955124 84.597443 0.000000
vt 3.810815 76.160492 0.000000
vt 2.971641 85.298843 0.000000
vt 2.955124 84.597443 0.000000
vt 3.848369 76.553581 0.000000
vt 2.971641 85.298843 0.000000
vt 3.810815 76.160492 0.000000
vt 4.284067 61.958969 0.000000
vt 3.848369 76.553581 0.000000
vt 3.810815 76.160492 0.000000
vt 4.332738 61.962894 0.000000
vt 3.848369 76.553581 0.000000
vt 4.284067 61.958969 0.000000
vt 4.491708 46.885010 0.000000
vt 4.332738 61.962894 0.000000
vt 4.284067 61.958969 0.000000
vt 4.491708 46.885010 0.000000
vt 4.467571 51.985619 0.000000
vt 4.332738 61.962894 0.000000
vt 4.520841 51.909832 0.000000
vt 4.467571 51.985619 0.000000
vt 4.491708 46.885010 0.000000
vt 4.808091 48.009346 0.000000
vt 4.520841 51.909832 0.000000
vt 4.491708 46.885010 0.000000
vt 4.808091 48.009346 0.000000
vt 4.573161 51.730213 0.000000
vt 4.520841 51.909832 0.000000
vt 4.808091 48.009346 0.000000
vt 4.623769 51.449387 0.000000
vt 4.573161 51.730213 0.000000
vt 4.808091 48.009346 0.000000
vt 4.671927 51.071438 0.000000
vt 4.623769 51.449387 0.000000
vt 4.808091 48.009346 0.000000
vt 4.716933 50.601875 0.000000
vt 4.671927 51.071438 0.000000
vt 4.808091 48.009346 0.000000
vt 4.761345 49.971241 0.000000
vt 4.716933 50.601875 0.000000
vt 4.808091 48.009346 0.000000
vt 4.797996 49.220215 0.000000
vt 4.761345 49.971241 0.000000
vt 4.825674 48.373646 0.000000
vt 4.797996 49.220215 0.000000
vt 4.808091 48.009346 0.000000
vt 4.825674 48.373646 0.000000
vt 4.808091 48.009346 0.000000
vt 4.825092 46.814266 0.000000
vt -1.667842 6.287056 0.000000
vt -2.685027 5.790333 0.000000
vt -1.667842 5.790333 0.000000
vt -2.685027 6.287056 0.000000
vt -2.685027 5.790333 0.000000
vt -1.667842 6.287056 0.000000
vt -3.242772 6.287056 0.000000
vt -4.269777 5.790333 0.000000
vt -3.242772 5.790333 0.000000
vt -4.269777 6.287056 0.000000
vt -4.269777 5.790333 0.000000
vt -3.242772 6.287056 0.000000
vt -4.636379 6.287056 0.000000
vt -3.616212 5.790333 0.000000
vt -3.616212 6.287056 0.000000
vt -4.636379 5.790333 0.000000
vt -3.616212 5.790333 0.000000
vt -4.636379 6.287056 0.000000
vt -3.956384 6.287056 0.000000
vt -2.939639 5.790333 0.000000
vt -2.939639 6.287056 0.000000
vt -3.956384 5.790333 0.000000
vt -2.939639 5.790333 0.000000
vt -3.956384 6.287056 0.000000
vt -2.718934 6.287056 0.000000
vt -2.077352 5.790333 0.000000
vt -2.077352 6.287056 0.000000
vt -2.718934 5.790333 0.000000
vt -2.077352 5.790333 0.000000
vt -2.718934 6.287056 0.000000
vt -1.562988 6.287056 0.000000
vt -1.617501 5.790333 0.000000
vt -1.562988 5.790333 0.000000
vt -1.617501 6.287056 0.000000
vt -1.617501 5.790333 0.000000
vt -1.562988 6.287056 0.000000
vt -1.754060 6.287056 0.000000
vt -1.808573 5.790333 0.000000
vt -1.754060 5.790333 0.000000
vt -1.808573 6.287056 0.000000
vt -1.808573 5.790333 0.000000
vt -1.754060 6.287056 0.000000
vt -1.904813 6.287056 0.000000
vt -1.959326 5.790333 0.000000
vt -1.904813 5.790333 0.000000
vt -1.959326 6.287056 0.000000
vt -1.959326 5.790333 0.000000
vt -1.904813 6.287056 0.000000
vt -2.066347 6.287056 0.000000
vt -2.011834 5.790333 0.000000
vt -2.011834 6.287056 0.000000
vt -2.066347 5.790333 0.000000
vt -2.011834 5.790333 0.000000
vt -2.066347 6.287056 0.000000
vt -2.127214 6.287056 0.000000
vt -2.072701 5.790333 0.000000
vt -2.072701 6.287056 0.000000
vt -2.127214 5.790333 0.000000
vt -2.072701 5.790333 0.000000
vt -2.127214 6.287056 0.000000
vt -2.140549 6.287056 0.000000
vt -2.086036 5.790333 0.000000
vt -2.086036 6.287056 0.000000
vt -2.140549 5.790333 0.000000
vt -2.086036 5.790333 0.000000
vt -2.140549 6.287056 0.000000
vt -2.106051 6.287056 0.000000
vt -2.051538 5.790333 0.000000
vt -2.051538 6.287056 0.000000
vt -2.106051 5.790333 0.000000
vt -2.051538 5.790333 0.000000
vt -2.106051 6.287056 0.000000
vt -2.024500 6.287056 0.000000
vt -1.969987 5.790333 0.000000
vt -1.969987 6.287056 0.000000
vt -2.024500 5.790333 0.000000
vt -1.969987 5.790333 0.000000
vt -2.024500 6.287056 0.000000
vt -1.897742 6.287056 0.000000
vt -1.843229 5.790333 0.000000
vt -1.843229 6.287056 0.000000
vt -1.897742 5.790333 0.000000
vt -1.843229 5.790333 0.000000
vt -1.897742 6.287056 0.000000
vt -1.728646 6.287056 0.000000
vt -1.674133 5.790333 0.000000
vt -1.674133 6.287056 0.000000
vt -1.728646 5.790333 0.000000
vt -1.674133 5.790333 0.000000
vt -1.728646 6.287056 0.000000
vt 1.126710 6.287056 0.000000
vt 0.823490 5.790333 0.000000
vt 1.126710 5.790333 0.000000
vt 0.823490 6.287056 0.000000
vt 0.823490 5.790333 0.000000
vt 1.126710 6.287056 0.000000
vt 5.358424 6.287056 0.000000
vt 4.982854 5.790333 0.000000
vt 5.358424 5.790333 0.000000
vt 4.982854 6.287056 0.000000
vt 4.982854 5.790333 0.000000
vt 5.358424 6.287056 0.000000
vt 2.295524 5.790333 0.000000
vt 2.236563 6.287056 0.000000
vt 2.236563 5.790333 0.000000
vt 2.295524 6.287056 0.000000
vt 2.236563 6.287056 0.000000
vt 2.295524 5.790333 0.000000
vt 1.380287 5.790333 0.000000
vt 1.321326 6.287056 0.000000
vt 1.321326 5.790333 0.000000
vt 1.380287 6.287056 0.000000
vt 1.321326 6.287056 0.000000
vt 1.380287 5.790333 0.000000
vt 0.420349 5.790333 0.000000
vt 0.361388 6.287056 0.000000
vt 0.361388 5.790333 0.000000
vt 0.420349 6.287056 0.000000
vt 0.361388 6.287056 0.000000
vt 0.420349 5.790333 0.000000
vt -0.552523 5.790333 0.000000
vt -0.611484 6.287056 0.000000
vt -0.611484 5.790333 0.000000
vt -0.552523 6.287056 0.000000
vt -0.611484 6.287056 0.000000
vt -0.552523 5.790333 0.000000
vt -1.506136 6.287056 0.000000
vt -1.565097 5.790333 0.000000
vt -1.506136 5.790333 0.000000
vt -1.565097 6.287056 0.000000
vt -1.565097 5.790333 0.000000
vt -1.506136 6.287056 0.000000
vt -2.236130 6.287056 0.000000
vt -2.289604 5.790333 0.000000
vt -2.236130 5.790333 0.000000
vt -2.289604 6.287056 0.000000
vt -2.289604 5.790333 0.000000
vt -2.236130 6.287056 0.000000
vt -2.788914 6.287056 0.000000
vt -2.842388 5.790333 0.000000
vt -2.788914 5.790333 0.000000
vt -2.842388 6.287056 0.000000
vt -2.842388 5.790333 0.000000
vt -2.788914 6.287056 0.000000
vt -3.300663 6.287056 0.000000
vt -3.354137 5.790333 0.000000
vt -3.300663 5.790333 0.000000
vt -3.354137 6.287056 0.000000
vt -3.354137 5.790333 0.000000
vt -3.300663 6.287056 0.000000
vt -3.763919 6.287056 0.000000
vt -3.817393 5.790333 0.000000
vt -3.763919 5.790333 0.000000
vt -3.817393 6.287056 0.000000
vt -3.817393 5.790333 0.000000
vt -3.763919 6.287056 0.000000
vt -4.171930 6.287056 0.000000
vt -4.225404 5.790333 0.000000
vt -4.171930 5.790333 0.000000
vt -4.225404 6.287056 0.000000
vt -4.225404 5.790333 0.000000
vt -4.171930 6.287056 0.000000
vt 2.791759 5.790333 0.000000
vt 2.163551 6.287056 0.000000
vt 2.163551 5.790333 0.000000
vt 2.791759 6.287056 0.000000
vt 2.163551 6.287056 0.000000
vt 2.791759 5.790333 0.000000
vt 2.314637 5.790333 0.000000
vt 1.294971 6.287056 0.000000
vt 1.294971 5.790333 0.000000
vt 2.314637 6.287056 0.000000
vt 1.294971 6.287056 0.000000
vt 2.314637 5.790333 0.000000
vt 0.209786 6.287056 0.000000
vt -0.818749 5.790333 0.000000
vt 0.209786 5.790333 0.000000
vt -0.818749 6.287056 0.000000
vt -0.818749 5.790333 0.000000
vt 0.209786 6.287056 0.000000
vt 0.847861 1.000000 0.000000
vt 0.859219 0.928410 0.000000
vt 0.859495 0.928450 0.000000
vt 0.847861 1.000000 0.000000
vt 0.855026 0.926545 0.000000
vt 0.859219 0.928410 0.000000
vt 0.847861 1.000000 0.000000
vt 0.851041 0.923489 0.000000
vt 0.855026 0.926545 0.000000
vt 0.847364 0.919315 0.000000
vt 0.851041 0.923489 0.000000
vt 0.847861 1.000000 0.000000
vt 0.123585 0.929337 0.000000
vt 0.847364 0.919315 0.000000
vt 0.847861 1.000000 0.000000
vt 0.123585 0.929337 0.000000
vt 0.844085 0.914127 0.000000
vt 0.847364 0.919315 0.000000
vt 0.123585 0.929337 0.000000
vt 0.841284 0.908053 0.000000
vt 0.844085 0.914127 0.000000
vt 0.123585 0.929337 0.000000
vt 0.839031 0.901243 0.000000
vt 0.841284 0.908053 0.000000
vt 0.123585 0.929337 0.000000
vt 0.837381 0.893863 0.000000
vt 0.839031 0.901243 0.000000
vt 0.123585 0.929337 0.000000
vt 0.836374 0.886096 0.000000
vt 0.837381 0.893863 0.000000
vt 0.123585 0.929337 0.000000
vt 0.836036 0.878133 0.000000
vt 0.836374 0.886096 0.000000
vt 0.000000 -0.000000 0.000000
vt 1.000000 0.064344 0.000000
vt 0.875156 0.832134 0.000000
vt 0.000000 0.000000 0.000000
vt 0.875156 0.832134 0.000000
vt 0.872010 0.829721 0.000000
vt 0.000000 0.000000 0.000000
vt 0.872010 0.829721 0.000000
vt 0.867817 0.827856 0.000000
vt 0.000000 0.000000 0.000000
vt 0.867817 0.827856 0.000000
vt 0.863518 0.827229 0.000000
vt 0.000000 -0.000000 0.000000
vt 0.863518 0.827229 0.000000
vt 0.859219 0.827856 0.000000
vt 0.000000 -0.000000 0.000000
vt 0.859219 0.827856 0.000000
vt 0.855026 0.829721 0.000000
vt 0.000000 0.000000 0.000000
vt 0.855026 0.829721 0.000000
vt 0.851041 0.832777 0.000000
vt 0.000000 0.000000 0.000000
vt 0.851041 0.832777 0.000000
vt 0.847364 0.836951 0.000000
vt -0.000000 0.000000 0.000000
vt 0.847364 0.836951 0.000000
vt 0.844085 0.842139 0.000000
vt -0.000000 0.000000 0.000000
vt 0.844085 0.842139 0.000000
vt 0.841284 0.848213 0.000000
vt 0.000000 0.000000 0.000000
vt 0.841284 0.848213 0.000000
vt 0.839031 0.855023 0.000000
vt 0.000000 0.000000 0.000000
vt 0.839031 0.855023 0.000000
vt 0.837381 0.862403 0.000000
vt -0.000000 0.000000 0.000000
vt 0.837381 0.862403 0.000000
vt 0.836374 0.870170 0.000000
vt 0.000000 -0.000000 0.000000
vt 0.836374 0.870170 0.000000
vt 0.836036 0.878133 0.000000
vt -0.000000 0.000000 0.000000
vt 0.836036 0.878133 0.000000
vt 0.123585 0.929337 0.000000
vt -4.904830 9.825580 0.000000
vt -4.479254 16.289812 0.000000
vt -4.474599 16.233175 0.000000
vt -4.904830 9.825580 0.000000
vt -4.474599 16.233175 0.000000
vt -4.469379 16.187609 0.000000
vt -4.904830 9.825580 0.000000
vt -4.469379 16.187609 0.000000
vt -4.463724 16.154234 0.000000
vt -4.904830 9.825580 0.000000
vt -4.463724 16.154234 0.000000
vt -4.457771 16.133877 0.000000
vt -4.904830 9.825580 0.000000
vt -4.457771 16.133877 0.000000
vt -4.451668 16.127033 0.000000
vt -4.904830 9.825580 0.000000
vt -4.451668 16.127033 0.000000
vt -4.445565 16.133877 0.000000
vt -4.904830 9.825580 0.000000
vt -4.445565 16.133877 0.000000
vt -4.439613 16.154234 0.000000
vt -4.904830 9.825580 0.000000
vt -4.439613 16.154234 0.000000
vt -4.433957 16.187609 0.000000
vt -4.904830 9.825580 0.000000
vt -4.433957 16.187609 0.000000
vt -4.428737 16.233175 0.000000
vt -4.904830 9.825580 0.000000
vt -4.428737 16.233175 0.000000
vt -4.424082 16.289812 0.000000
vt -4.413136 16.595858 0.000000
vt -4.412656 16.682798 0.000000
vt -4.390914 17.631680 0.000000
vt -4.414565 16.511057 0.000000
vt -4.413136 16.595858 0.000000
vt -4.390914 17.631680 0.000000
vt -4.904830 9.825580 0.000000
vt -4.424082 16.289812 0.000000
vt -3.624964 0.392319 0.000000
vt -4.424082 16.289812 0.000000
vt -4.420107 16.356129 0.000000
vt -3.624964 0.392319 0.000000
vt -4.420107 16.356129 0.000000
vt -4.416908 16.430487 0.000000
vt -3.624964 0.392319 0.000000
vt -4.416908 16.430487 0.000000
vt -4.414565 16.511057 0.000000
vt -3.624964 0.392319 0.000000
vt -4.414565 16.511057 0.000000
vt -4.390914 17.631680 0.000000
vt -3.624964 0.392319 0.000000
vt -4.390914 17.631680 0.000000
vt -3.449529 10.538786 0.000000
vt -3.624964 0.392319 0.000000
vt -4.424082 17.075783 0.000000
vt -4.390914 17.631680 0.000000
vt -4.420107 17.009468 0.000000
vt -4.420107 17.009468 0.000000
vt -4.390914 17.631680 0.000000
vt -4.416908 16.935110 0.000000
vt -4.416908 16.935110 0.000000
vt -4.390914 17.631680 0.000000
vt -4.414565 16.854540 0.000000
vt -4.414565 16.854540 0.000000
vt -4.390914 17.631680 0.000000
vt -4.413136 16.769739 0.000000
vt -4.413136 16.769739 0.000000
vt -4.390914 17.631680 0.000000
vt -4.412656 16.682798 0.000000
vt -238.879745 87.553154 0.000000
vt -240.231644 84.239395 0.000000
vt -238.879745 84.239395 0.000000
vt -238.879745 87.553154 0.000000
vt -239.963547 85.264854 0.000000
vt -240.231644 84.239395 0.000000
vt -239.963547 85.264854 0.000000
vt -240.231644 85.264854 0.000000
vt -240.231644 84.239395 0.000000
vt -238.879745 87.553154 0.000000
vt -239.603546 86.081429 0.000000
vt -239.963547 85.264854 0.000000
vt -238.879745 87.553154 0.000000
vt -239.232498 86.869514 0.000000
vt -239.603546 86.081429 0.000000
vt -239.232498 86.869514 0.000000
vt -239.603546 86.869514 0.000000
vt -239.603546 86.081429 0.000000
vt -238.879745 87.553154 0.000000
vt -239.232498 87.553154 0.000000
vt -239.232498 86.869514 0.000000
vt -239.963547 86.081429 0.000000
vt -239.963547 85.264854 0.000000
vt -239.603546 86.081429 0.000000
vt -59.616146 85.264854 0.000000
vt -59.720718 84.239395 0.000000
vt -59.616146 84.239395 0.000000
vt -59.616146 85.264854 0.000000
vt -59.720718 85.264854 0.000000
vt -59.720718 84.239395 0.000000
vt -70.826942 3569.036133 0.000000
vt -69.340210 3584.765869 0.000000
vt -69.420471 3584.708252 0.000000
vt -69.420471 3584.708252 0.000000
vt -69.340210 3584.765869 0.000000
vt -69.410622 3584.936279 0.000000
vt -70.826942 3569.036133 0.000000
vt -69.420471 3584.708252 0.000000
vt -70.743462 3586.232910 0.000000
vt -71.909592 3575.090820 0.000000
vt -70.826942 3569.036133 0.000000
vt -70.743462 3586.232910 0.000000
vt -71.970535 3574.446045 0.000000
vt -70.826942 3569.036133 0.000000
vt -71.909592 3575.090820 0.000000
vt -73.816811 3560.509033 0.000000
vt -70.826942 3569.036133 0.000000
vt -71.970535 3574.446045 0.000000
vt -73.816811 3560.509033 0.000000
vt -71.970535 3574.446045 0.000000
vt -72.063217 3574.181641 0.000000
vt -74.250336 3567.518066 0.000000
vt -73.816811 3560.509033 0.000000
vt -72.063217 3574.181641 0.000000
vt -77.190376 3559.771484 0.000000
vt -73.816811 3560.509033 0.000000
vt -74.250336 3567.518066 0.000000
vt -77.190376 3559.771484 0.000000
vt -74.250336 3567.518066 0.000000
vt -76.853226 3566.824219 0.000000
vt -79.236473 3573.201904 0.000000
vt -77.190376 3559.771484 0.000000
vt -76.853226 3566.824219 0.000000
vt -80.239212 3567.798096 0.000000
vt -77.190376 3559.771484 0.000000
vt -79.236473 3573.201904 0.000000
vt -80.615204 3584.697266 0.000000
vt -80.239212 3567.798096 0.000000
vt -79.236473 3573.201904 0.000000
vt -82.020935 3582.553711 0.000000
vt -80.239212 3567.798096 0.000000
vt -80.615204 3584.697266 0.000000
vt -82.020935 3582.553711 0.000000
vt -80.615204 3584.697266 0.000000
vt -80.703522 3597.795166 0.000000
vt -82.020935 3582.553711 0.000000
vt -80.703522 3597.795166 0.000000
vt -82.020638 3599.336670 0.000000
vt -82.125160 3599.320068 0.000000
vt -82.020935 3582.553711 0.000000
vt -82.020638 3599.336670 0.000000
vt -713.406982 87.553154 0.000000
vt -710.816833 84.239395 0.000000
vt -710.816833 87.553154 0.000000
vt -713.406982 84.239395 0.000000
vt -710.816833 84.239395 0.000000
vt -713.406982 87.553154 0.000000
vt 71.646881 3572.915039 0.000000
vt 70.743462 3586.232910 0.000000
vt 70.422997 3585.863525 0.000000
vt 71.909592 3575.090820 0.000000
vt 70.743462 3586.232910 0.000000
vt 71.646881 3572.915039 0.000000
vt 71.970535 3574.446045 0.000000
vt 71.909592 3575.090820 0.000000
vt 71.646881 3572.915039 0.000000
vt 74.119125 3565.864258 0.000000
vt 71.970535 3574.446045 0.000000
vt 71.646881 3572.915039 0.000000
vt 74.119125 3565.864258 0.000000
vt 72.063217 3574.181641 0.000000
vt 71.970535 3574.446045 0.000000
vt 74.250336 3567.518066 0.000000
vt 72.063217 3574.181641 0.000000
vt 74.119125 3565.864258 0.000000
vt 76.950401 3565.245117 0.000000
vt 74.250336 3567.518066 0.000000
vt 74.119125 3565.864258 0.000000
vt 76.950401 3565.245117 0.000000
vt 76.853226 3566.824219 0.000000
vt 74.250336 3567.518066 0.000000
vt 79.236473 3573.201904 0.000000
vt 76.853226 3566.824219 0.000000
vt 76.950401 3565.245117 0.000000
vt 79.480995 3571.907471 0.000000
vt 79.236473 3573.201904 0.000000
vt 76.950401 3565.245117 0.000000
vt 80.615204 3584.697266 0.000000
vt 79.236473 3573.201904 0.000000
vt 79.480995 3571.907471 0.000000
vt 80.959915 3584.155273 0.000000
vt 80.615204 3584.697266 0.000000
vt 79.480995 3571.907471 0.000000
vt 80.959915 3584.155273 0.000000
vt 80.703522 3597.795166 0.000000
vt 80.615204 3584.697266 0.000000
vt 81.047211 3598.197266 0.000000
vt 80.703522 3597.795166 0.000000
vt 80.959915 3584.155273 0.000000
vt 713.344543 86.869514 0.000000
vt 710.567932 87.553154 0.000000
vt 710.567932 86.869514 0.000000
vt 713.344543 87.553154 0.000000
vt 710.567932 87.553154 0.000000
vt 713.344543 86.869514 0.000000
vt 71.372131 3571.615234 0.000000
vt 70.422997 3585.863525 0.000000
vt 70.064453 3585.450439 0.000000
vt 71.646881 3572.915039 0.000000
vt 70.422997 3585.863525 0.000000
vt 71.372131 3571.615234 0.000000
vt 74.017822 3564.069824 0.000000
vt 71.646881 3572.915039 0.000000
vt 71.372131 3571.615234 0.000000
vt 74.119125 3565.864258 0.000000
vt 71.646881 3572.915039 0.000000
vt 74.017822 3564.069824 0.000000
vt 77.030815 3563.410889 0.000000
vt 74.119125 3565.864258 0.000000
vt 74.017822 3564.069824 0.000000
vt 77.030815 3563.410889 0.000000
vt 76.950401 3565.245117 0.000000
vt 74.119125 3565.864258 0.000000
vt 79.480995 3571.907471 0.000000
vt 76.950401 3565.245117 0.000000
vt 77.030815 3563.410889 0.000000
vt 79.735062 3570.530518 0.000000
vt 79.480995 3571.907471 0.000000
vt 77.030815 3563.410889 0.000000
vt 80.959915 3584.155273 0.000000
vt 79.480995 3571.907471 0.000000
vt 79.735062 3570.530518 0.000000
vt 81.315453 3583.618652 0.000000
vt 80.959915 3584.155273 0.000000
vt 79.735062 3570.530518 0.000000
vt 81.315453 3583.618652 0.000000
vt 81.047211 3598.197266 0.000000
vt 80.959915 3584.155273 0.000000
vt 81.408707 3598.620361 0.000000
vt 81.047211 3598.197266 0.000000
vt 81.315453 3583.618652 0.000000
vt 713.439514 86.081429 0.000000
vt 710.473083 86.869514 0.000000
vt 710.473083 86.081429 0.000000
vt 713.439514 86.869514 0.000000
vt 710.473083 86.869514 0.000000
vt 713.439514 86.081429 0.000000
vt 71.105560 3570.354248 0.000000
vt 70.064453 3585.450439 0.000000
vt 69.716583 3585.049561 0.000000
vt 71.372131 3571.615234 0.000000
vt 70.064453 3585.450439 0.000000
vt 71.105560 3570.354248 0.000000
vt 73.919540 3562.328857 0.000000
vt 71.372131 3571.615234 0.000000
vt 71.105560 3570.354248 0.000000
vt 74.017822 3564.069824 0.000000
vt 71.372131 3571.615234 0.000000
vt 73.919540 3562.328857 0.000000
vt 77.108833 3561.631348 0.000000
vt 74.017822 3564.069824 0.000000
vt 73.919540 3562.328857 0.000000
vt 77.108833 3561.631348 0.000000
vt 77.030815 3563.410889 0.000000
vt 74.017822 3564.069824 0.000000
vt 79.735062 3570.530518 0.000000
vt 77.030815 3563.410889 0.000000
vt 77.108833 3561.631348 0.000000
vt 79.981567 3569.194336 0.000000
vt 79.735062 3570.530518 0.000000
vt 77.108833 3561.631348 0.000000
vt 81.315453 3583.618652 0.000000
vt 79.735062 3570.530518 0.000000
vt 79.981567 3569.194336 0.000000
vt 81.660400 3583.097900 0.000000
vt 81.315453 3583.618652 0.000000
vt 79.981567 3569.194336 0.000000
vt 81.660400 3583.097900 0.000000
vt 81.408707 3598.620361 0.000000
vt 81.315453 3583.618652 0.000000
vt 81.759445 3599.031006 0.000000
vt 81.408707 3598.620361 0.000000
vt 81.660400 3583.097900 0.000000
vt 713.531616 86.081429 0.000000
vt 710.381042 86.081429 0.000000
vt 710.381042 85.264854 0.000000
vt 713.531616 86.081429 0.000000
vt 710.381042 85.264854 0.000000
vt 713.531616 85.264854 0.000000
vt 69.420471 3584.708252 0.000000
vt 69.410622 3584.936279 0.000000
vt 69.340210 3584.765869 0.000000
vt 70.826942 3569.036133 0.000000
vt 69.420471 3584.708252 0.000000
vt 69.340210 3584.765869 0.000000
vt 70.826942 3569.036133 0.000000
vt 69.716583 3585.049561 0.000000
vt 69.420471 3584.708252 0.000000
vt 71.105560 3570.354248 0.000000
vt 69.716583 3585.049561 0.000000
vt 70.826942 3569.036133 0.000000
vt 73.816811 3560.509033 0.000000
vt 71.105560 3570.354248 0.000000
vt 70.826942 3569.036133 0.000000
vt 73.919540 3562.328857 0.000000
vt 71.105560 3570.354248 0.000000
vt 73.816811 3560.509033 0.000000
vt 77.190376 3559.771484 0.000000
vt 73.919540 3562.328857 0.000000
vt 73.816811 3560.509033 0.000000
vt 77.190376 3559.771484 0.000000
vt 77.108833 3561.631348 0.000000
vt 73.919540 3562.328857 0.000000
vt 79.981567 3569.194336 0.000000
vt 77.108833 3561.631348 0.000000
vt 77.190376 3559.771484 0.000000
vt 80.239212 3567.798096 0.000000
vt 79.981567 3569.194336 0.000000
vt 77.190376 3559.771484 0.000000
vt 81.660400 3583.097900 0.000000
vt 79.981567 3569.194336 0.000000
vt 80.239212 3567.798096 0.000000
vt 82.020935 3582.553711 0.000000
vt 81.660400 3583.097900 0.000000
vt 80.239212 3567.798096 0.000000
vt 82.020935 3582.553711 0.000000
vt 81.759445 3599.031006 0.000000
vt 81.660400 3583.097900 0.000000
vt 82.020935 3582.553711 0.000000
vt 82.020638 3599.336670 0.000000
vt 81.759445 3599.031006 0.000000
vt 82.125160 3599.320068 0.000000
vt 82.020638 3599.336670 0.000000
vt 82.020935 3582.553711 0.000000
vt 713.600220 84.239395 0.000000
vt 710.284912 85.264854 0.000000
vt 710.284912 84.239395 0.000000
vt 713.600220 85.264854 0.000000
vt 710.284912 85.264854 0.000000
vt 713.600220 84.239395 0.000000
vt 677.351501 84.239395 0.000000
vt 677.305359 85.264854 0.000000
vt 677.305359 84.239395 0.000000
vt 677.351501 85.264854 0.000000
vt 677.305359 85.264854 0.000000
vt 677.351501 84.239395 0.000000
vt -225.029053 85.264854 0.000000
vt -226.385941 84.239395 0.000000
vt -225.029053 84.239395 0.000000
vt -225.029053 85.264854 0.000000
vt -225.332764 85.264854 0.000000
vt -226.385941 84.239395 0.000000
vt -226.385941 87.553154 0.000000
vt -226.385941 84.239395 0.000000
vt -225.332764 85.264854 0.000000
vt -226.385941 87.553154 0.000000
vt -225.332764 85.264854 0.000000
vt -225.689545 86.081429 0.000000
vt -225.689545 86.081429 0.000000
vt -225.332764 85.264854 0.000000
vt -225.332764 86.081429 0.000000
vt -226.385941 87.553154 0.000000
vt -225.689545 86.081429 0.000000
vt -226.057266 86.869514 0.000000
vt -226.057266 86.869514 0.000000
vt -225.689545 86.081429 0.000000
vt -225.689545 86.869514 0.000000
vt -226.385941 87.553154 0.000000
vt -226.057266 86.869514 0.000000
vt -226.057266 87.553154 0.000000
vt 593.271667 84.239395 0.000000
vt 590.779846 87.553154 0.000000
vt 590.779846 84.239395 0.000000
vt 593.271667 87.553154 0.000000
vt 590.779846 87.553154 0.000000
vt 593.271667 84.239395 0.000000
vt 606.414001 84.239395 0.000000
vt 606.272766 87.553154 0.000000
vt 606.272766 84.239395 0.000000
vt 606.414001 87.553154 0.000000
vt 606.272766 87.553154 0.000000
vt 606.414001 84.239395 0.000000
vt 284.088196 87.553154 0.000000
vt 284.088196 84.239395 0.000000
vt 284.194580 84.239395 0.000000
vt 284.088196 87.553154 0.000000
vt 284.194580 84.239395 0.000000
vt 284.194580 87.553154 0.000000
vt 302.674957 87.553154 0.000000
vt 300.121887 84.239395 0.000000
vt 302.674957 84.239395 0.000000
vt 300.121887 87.553154 0.000000
vt 300.121887 84.239395 0.000000
vt 302.674957 87.553154 0.000000
vt -37.060078 87.553154 0.000000
vt -39.666580 84.239395 0.000000
vt -37.060078 84.239395 0.000000
vt -37.060078 87.553154 0.000000
vt -39.666580 87.553154 0.000000
vt -39.666580 84.239395 0.000000
vt -397.519440 87.553154 0.000000
vt -400.215485 84.239395 0.000000
vt -397.519440 84.239395 0.000000
vt -397.519440 87.553154 0.000000
vt -400.215485 87.553154 0.000000
vt -400.215485 84.239395 0.000000
vt -647.501831 87.553154 0.000000
vt -644.844238 84.239395 0.000000
vt -644.844238 87.553154 0.000000
vt -647.501831 84.239395 0.000000
vt -644.844238 84.239395 0.000000
vt -647.501831 87.553154 0.000000
vt 646.975037 84.239395 0.000000
vt 643.557556 85.264854 0.000000
vt 643.557556 84.239395 0.000000
vt 646.975037 85.264854 0.000000
vt 643.557556 85.264854 0.000000
vt 646.975037 84.239395 0.000000
vt 46.740955 85.264854 0.000000
vt 43.364243 84.239395 0.000000
vt 46.740955 84.239395 0.000000
vt 43.364243 85.264854 0.000000
vt 43.364243 84.239395 0.000000
vt 46.740955 85.264854 0.000000
vt -281.233673 85.264854 0.000000
vt -284.665802 84.239395 0.000000
vt -281.233673 84.239395 0.000000
vt -284.665802 85.264854 0.000000
vt -284.665802 84.239395 0.000000
vt -281.233673 85.264854 0.000000
vt -609.247559 85.264854 0.000000
vt -605.801514 84.239395 0.000000
vt -605.801514 85.264854 0.000000
vt -609.247559 84.239395 0.000000
vt -605.801514 84.239395 0.000000
vt -609.247559 85.264854 0.000000
vt -368.301575 85.264854 0.000000
vt -368.301575 84.239395 0.000000
vt -368.223511 84.239395 0.000000
vt -368.301575 85.264854 0.000000
vt -368.223511 84.239395 0.000000
vt -368.223511 85.264854 0.000000
vt -608.976135 86.869514 0.000000
vt -606.139404 86.869514 0.000000
vt -606.139404 87.553154 0.000000
vt -608.976135 86.869514 0.000000
vt -606.139404 87.553154 0.000000
vt -608.976135 87.553154 0.000000
vt -281.490021 87.553146 0.000000
vt -284.327942 86.869507 0.000000
vt -281.490021 86.869507 0.000000
vt -284.327942 87.553146 0.000000
vt -284.327942 86.869507 0.000000
vt -281.490021 87.553146 0.000000
vt 46.454494 87.553146 0.000000
vt 43.620579 86.869507 0.000000
vt 46.454494 86.869507 0.000000
vt 43.620579 87.553146 0.000000
vt 43.620579 86.869507 0.000000
vt 46.454494 87.553146 0.000000
vt 396.362244 87.553154 0.000000
vt 393.509583 86.869514 0.000000
vt 396.362244 86.869514 0.000000
vt 393.509583 87.553154 0.000000
vt 393.509583 86.869514 0.000000
vt 396.362244 87.553154 0.000000
vt 646.692017 87.553154 0.000000
vt 643.855286 87.553154 0.000000
vt 643.855286 86.869514 0.000000
vt 646.692017 87.553154 0.000000
vt 643.855286 86.869514 0.000000
vt 646.692017 86.869514 0.000000
vt -609.057190 86.869514 0.000000
vt -606.026184 86.081429 0.000000
vt -606.026184 86.869514 0.000000
vt -609.057190 86.081429 0.000000
vt -606.026184 86.081429 0.000000
vt -609.057190 86.869514 0.000000
vt -281.404114 86.869507 0.000000
vt -284.441162 86.081421 0.000000
vt -281.404114 86.081421 0.000000
vt -284.441162 86.869507 0.000000
vt -284.441162 86.081421 0.000000
vt -281.404114 86.869507 0.000000
vt 46.550484 86.869514 0.000000
vt 43.534683 86.081429 0.000000
vt 46.550484 86.081429 0.000000
vt 43.534683 86.869514 0.000000
vt 43.534683 86.081429 0.000000
vt 46.550484 86.869514 0.000000
vt 396.462006 86.869514 0.000000
vt 393.413574 86.081429 0.000000
vt 396.462006 86.081429 0.000000
vt 393.413574 86.869514 0.000000
vt 393.413574 86.081429 0.000000
vt 396.462006 86.869514 0.000000
vt 646.786865 86.869514 0.000000
vt 643.755554 86.869514 0.000000
vt 643.755554 86.081429 0.000000
vt 646.786865 86.869514 0.000000
vt 643.755554 86.081429 0.000000
vt 646.786865 86.081429 0.000000
vt -609.135742 85.264862 0.000000
vt -605.916321 85.264862 0.000000
vt -605.916321 86.081429 0.000000
vt -609.135742 85.264862 0.000000
vt -605.916321 86.081429 0.000000
vt -609.135742 86.081429 0.000000
vt -281.320770 86.081436 0.000000
vt -284.550995 85.264862 0.000000
vt -281.320770 85.264862 0.000000
vt -284.550995 86.081436 0.000000
vt -284.550995 85.264862 0.000000
vt -281.320770 86.081436 0.000000
vt 46.643616 86.081429 0.000000
vt 43.451344 85.264854 0.000000
vt 46.643616 85.264854 0.000000
vt 43.451344 86.081429 0.000000
vt 43.451344 85.264854 0.000000
vt 46.643616 86.081429 0.000000
vt 396.558807 86.081421 0.000000
vt 393.320465 85.264854 0.000000
vt 396.558807 85.264854 0.000000
vt 393.320465 86.081421 0.000000
vt 393.320465 85.264854 0.000000
vt 396.558807 86.081421 0.000000
vt 646.878845 86.081429 0.000000
vt 643.658752 86.081429 0.000000
vt 643.658752 85.264854 0.000000
vt 646.878845 85.264854 0.000000
vt 646.878845 86.081429 0.000000
vt 643.658752 85.264854 0.000000
vt 2.817574 1.025461 0.000000
vt -0.619296 0.000000 0.000000
vt 2.817574 -0.000000 0.000000
vt -0.619296 1.025461 0.000000
vt -0.619296 0.000000 0.000000
vt 2.817574 1.025461 0.000000
vt 27.662800 3990.081299 0.000000
vt 27.393917 3989.145996 0.000000
vt 27.413506 3988.010986 0.000000
vt 27.757442 3989.082275 0.000000
vt 27.662800 3990.081299 0.000000
vt 27.413506 3988.010986 0.000000
vt 27.501425 4003.863037 0.000000
vt 27.461977 4020.343018 0.000000
vt 27.428495 4003.744873 0.000000
vt 27.662800 3990.081299 0.000000
vt 27.501425 4003.863037 0.000000
vt 27.428495 4003.744873 0.000000
vt 27.757442 3989.082275 0.000000
vt 27.501425 4003.863037 0.000000
vt 27.662800 3990.081299 0.000000
vt 28.092651 4034.545410 0.000000
vt 27.461977 4020.343018 0.000000
vt 27.544325 4020.030273 0.000000
vt 27.544325 4020.030273 0.000000
vt 27.461977 4020.343018 0.000000
vt 27.501425 4003.863037 0.000000
vt 28.133963 4033.754395 0.000000
vt 28.092651 4034.545410 0.000000
vt 27.544325 4020.030273 0.000000
vt 29.117231 4042.687744 0.000000
vt 28.092651 4034.545410 0.000000
vt 28.133963 4033.754395 0.000000
vt 29.135983 4041.543701 0.000000
vt 29.117231 4042.687744 0.000000
vt 28.133963 4033.754395 0.000000
vt 30.293224 4041.742188 0.000000
vt 29.117231 4042.687744 0.000000
vt 29.135983 4041.543701 0.000000
vt 30.293224 4041.742188 0.000000
vt 29.135983 4041.543701 0.000000
vt 30.273615 4040.729492 0.000000
vt 31.248274 4032.310547 0.000000
vt 30.293224 4041.742188 0.000000
vt 30.273615 4040.729492 0.000000
vt 31.296553 4032.836914 0.000000
vt 30.293224 4041.742188 0.000000
vt 31.248274 4032.310547 0.000000
vt 31.787321 4018.139160 0.000000
vt 31.296553 4032.836914 0.000000
vt 31.248274 4032.310547 0.000000
vt 31.859779 4018.165771 0.000000
vt 31.296553 4032.836914 0.000000
vt 31.787321 4018.139160 0.000000
vt 32.023830 4003.097168 0.000000
vt 31.859779 4018.165771 0.000000
vt 31.787321 4018.139160 0.000000
vt 32.085068 4004.516357 0.000000
vt 31.859779 4018.165771 0.000000
vt 32.023830 4003.097168 0.000000
vt 32.365349 4004.160645 0.000000
vt 32.085068 4004.516357 0.000000
vt 32.023830 4003.097168 0.000000
vt 32.365349 4004.160645 0.000000
vt 32.348164 4005.256104 0.000000
vt 32.085068 4004.516357 0.000000
vt -86.177139 98.999680 0.000000
vt -86.177147 98.969223 0.000000
vt -85.908974 98.969223 0.000000
vt -86.177139 98.999680 0.000000
vt -85.908974 98.969223 0.000000
vt -85.908966 98.999680 0.000000
vt 267.276886 111.818130 0.000000
vt 266.292633 111.818130 0.000000
vt 266.292664 111.787674 0.000000
vt 267.276886 111.787674 0.000000
vt 267.276886 111.818130 0.000000
vt 266.292664 111.787674 0.000000
vt 233.353210 106.829185 0.000000
vt 232.179413 106.829185 0.000000
vt 232.179413 106.798721 0.000000
vt 233.353210 106.798721 0.000000
vt 233.353210 106.829185 0.000000
vt 232.179413 106.798721 0.000000
vt 124.317680 99.938728 0.000000
vt 123.135544 99.908272 0.000000
vt 124.317680 99.908272 0.000000
vt 123.135544 99.938728 0.000000
vt 123.135544 99.908272 0.000000
vt 124.317680 99.938728 0.000000
vt -13.079525 97.864746 0.000000
vt -14.257392 97.834290 0.000000
vt -13.079522 97.834290 0.000000
vt -14.257389 97.864746 0.000000
vt -14.257392 97.834290 0.000000
vt -13.079525 97.864746 0.000000
vt -162.504181 101.646172 0.000000
vt -163.677399 101.615715 0.000000
vt -162.504181 101.615715 0.000000
vt -163.677399 101.646172 0.000000
vt -163.677399 101.615715 0.000000
vt -162.504181 101.646172 0.000000
vt -254.356430 109.454002 0.000000
vt -253.176743 109.423538 0.000000
vt -253.176758 109.454002 0.000000
vt -254.356445 109.423538 0.000000
vt -253.176743 109.423538 0.000000
vt -254.356430 109.454002 0.000000
vt -282.882874 120.254173 0.000000
vt -281.717285 120.254173 0.000000
vt -281.717285 120.284630 0.000000
vt -282.882874 120.254173 0.000000
vt -281.717285 120.284630 0.000000
vt -282.882874 120.284630 0.000000
vt -266.508118 125.736076 0.000000
vt -265.520813 125.705620 0.000000
vt -265.520782 125.736076 0.000000
vt -266.508118 125.736076 0.000000
vt -266.508118 125.705620 0.000000
vt -265.520813 125.705620 0.000000
vt -93.036499 99.296783 0.000000
vt -93.313271 99.266327 0.000000
vt -93.036491 99.266327 0.000000
vt -93.313278 99.296783 0.000000
vt -93.313271 99.266327 0.000000
vt -93.036499 99.296783 0.000000
vt -265.380524 125.714638 0.000000
vt -265.298492 125.714638 0.000000
vt -265.298492 125.745102 0.000000
vt -265.380524 125.714638 0.000000
vt -265.298492 125.745102 0.000000
vt -265.380524 125.745102 0.000000
vt 86.645920 117.952583 0.000000
vt 86.651489 117.936829 0.000000
vt 86.925415 117.936829 0.000000
vt 86.925415 118.861061 0.000000
vt 86.645920 117.952583 0.000000
vt 86.925415 117.936829 0.000000
vt 86.925415 118.861061 0.000000
vt 86.640701 117.984650 0.000000
vt 86.645920 117.952583 0.000000
vt 86.925415 118.861061 0.000000
vt 86.636078 118.031578 0.000000
vt 86.640701 117.984650 0.000000
vt 86.925415 118.861061 0.000000
vt 86.632248 118.091293 0.000000
vt 86.636078 118.031578 0.000000
vt 86.925415 118.861061 0.000000
vt 86.629379 118.161125 0.000000
vt 86.632248 118.091293 0.000000
vt 86.925415 118.861061 0.000000
vt 86.609589 118.161125 0.000000
vt 86.629379 118.161125 0.000000
vt 86.925415 118.861061 0.000000
vt 86.609589 118.370361 0.000000
vt 86.609589 118.161125 0.000000
vt 86.925415 118.861061 0.000000
vt 86.604012 118.385574 0.000000
vt 86.609589 118.370361 0.000000
vt 86.925415 118.861061 0.000000
vt 86.598816 118.418205 0.000000
vt 86.604012 118.385574 0.000000
vt 86.925415 118.861061 0.000000
vt 86.594269 118.466599 0.000000
vt 86.598816 118.418205 0.000000
vt 86.925415 118.861061 0.000000
vt 86.590599 118.528282 0.000000
vt 86.594269 118.466599 0.000000
vt 86.925415 118.861061 0.000000
vt 86.587990 118.600128 0.000000
vt 86.590599 118.528282 0.000000
vt 86.925415 118.861061 0.000000
vt 86.587990 118.830605 0.000000
vt 86.587990 118.600128 0.000000
vt 86.573349 118.861061 0.000000
vt 86.573341 118.830605 0.000000
vt 86.587990 118.830605 0.000000
vt 86.573349 118.861061 0.000000
vt 86.587990 118.830605 0.000000
vt 86.925415 118.861061 0.000000
vt 265.224670 117.936829 0.000000
vt 265.212189 118.861061 0.000000
vt 265.212189 117.936829 0.000000
vt 265.227509 117.942703 0.000000
vt 265.212189 118.861061 0.000000
vt 265.224670 117.936829 0.000000
vt 266.280884 118.861061 0.000000
vt 265.212189 118.861061 0.000000
vt 265.227509 117.942703 0.000000
vt 265.227509 117.942703 0.000000
vt 265.224670 117.936829 0.000000
vt 265.225220 117.937653 0.000000
vt 265.227509 117.942703 0.000000
vt 265.225220 117.937653 0.000000
vt 265.225800 117.938660 0.000000
vt 265.227509 117.942703 0.000000
vt 265.225800 117.938660 0.000000
vt 265.226379 117.939835 0.000000
vt 202.836166 185.675644 0.000000
vt 202.723679 185.655640 0.000000
vt 202.780029 185.665039 0.000000
vt 266.280884 118.861061 0.000000
vt 265.227509 117.942703 0.000000
vt 265.439911 117.944183 0.000000
vt 266.280884 118.861061 0.000000
vt 265.439911 117.944183 0.000000
vt 265.651520 117.945793 0.000000
vt 266.280884 118.861061 0.000000
vt 265.651520 117.945793 0.000000
vt 265.862183 117.947533 0.000000
vt 266.280884 118.861061 0.000000
vt 265.862183 117.947533 0.000000
vt 266.280304 117.951408 0.000000
vt 307.311401 192.069412 0.000000
vt 307.254150 185.736221 0.000000
vt 307.265594 185.737137 0.000000
vt 307.311401 192.069412 0.000000
vt 307.265594 185.737137 0.000000
vt 307.277069 185.738052 0.000000
vt 307.311401 192.069412 0.000000
vt 307.277069 185.738052 0.000000
vt 307.288513 185.738983 0.000000
vt 307.311401 192.069412 0.000000
vt 307.288513 185.738983 0.000000
vt 307.299957 185.739914 0.000000
vt 307.311432 192.069412 0.000000
vt 307.299988 185.739914 0.000000
vt 307.311432 185.740860 0.000000
vt 282.009644 117.947762 0.000000
vt 281.891937 118.861061 0.000000
vt 281.891937 117.952072 0.000000
vt 283.027618 118.861061 0.000000
vt 281.891937 118.861061 0.000000
vt 282.009644 117.947762 0.000000
vt 283.027618 118.861061 0.000000
vt 282.009644 117.947762 0.000000
vt 282.129028 117.944069 0.000000
vt 283.027618 118.861061 0.000000
vt 282.129028 117.944069 0.000000
vt 282.249756 117.941002 0.000000
vt 283.027618 118.861061 0.000000
vt 282.249756 117.941002 0.000000
vt 282.371552 117.938591 0.000000
vt 283.027618 118.861061 0.000000
vt 282.371552 117.938591 0.000000
vt 282.494080 117.936829 0.000000
vt 283.027618 117.936829 0.000000
vt 283.027618 118.861061 0.000000
vt 282.494080 117.936829 0.000000
vt 256.193604 118.861061 0.000000
vt 255.064102 118.861061 0.000000
vt 255.064102 117.936821 0.000000
vt 256.193604 118.861061 0.000000
vt 255.064102 117.936821 0.000000
vt 255.280914 117.936821 0.000000
vt 256.193604 118.861061 0.000000
vt 255.280914 117.936821 0.000000
vt 255.476395 117.942841 0.000000
vt 256.193604 118.861061 0.000000
vt 255.476395 117.942841 0.000000
vt 255.667618 117.953293 0.000000
vt 256.193604 118.861061 0.000000
vt 255.667618 117.953293 0.000000
vt 255.852341 117.968071 0.000000
vt 256.193604 118.861061 0.000000
vt 255.852341 117.968071 0.000000
vt 256.028351 117.987000 0.000000
vt 256.193604 118.009842 0.000000
vt 256.193604 118.861061 0.000000
vt 256.028351 117.987000 0.000000
vt 161.133301 117.940369 0.000000
vt 161.341995 117.936821 0.000000
vt 161.466324 117.936821 0.000000
vt 161.466324 118.861061 0.000000
vt 161.133301 117.940369 0.000000
vt 161.466324 117.936821 0.000000
vt 161.466324 118.861061 0.000000
vt 160.926437 117.945946 0.000000
vt 161.133301 117.940369 0.000000
vt 161.466324 118.861061 0.000000
vt 160.723068 117.953537 0.000000
vt 160.926437 117.945946 0.000000
vt 161.466324 118.861061 0.000000
vt 160.524841 117.963058 0.000000
vt 160.723068 117.953537 0.000000
vt 161.466324 118.861061 0.000000
vt 160.333267 117.974434 0.000000
vt 160.524841 117.963058 0.000000
vt 161.466324 118.861061 0.000000
vt 160.331512 117.980675 0.000000
vt 160.333267 117.974434 0.000000
vt 161.466324 118.861061 0.000000
vt 160.329788 117.987343 0.000000
vt 160.331512 117.980675 0.000000
vt 161.466324 118.861061 0.000000
vt 160.328094 117.994431 0.000000
vt 160.329788 117.987343 0.000000
vt 161.466324 118.861061 0.000000
vt 160.326447 118.001938 0.000000
vt 160.328094 117.994431 0.000000
vt 161.466324 118.861061 0.000000
vt 160.324829 118.009842 0.000000
vt 160.326447 118.001938 0.000000
vt 160.324829 118.861061 0.000000
vt 160.324829 118.009842 0.000000
vt 161.466324 118.861061 0.000000
vt 15.229406 117.938828 0.000000
vt 14.867458 117.936844 0.000000
vt 15.031771 117.936844 0.000000
vt 14.867458 118.861076 0.000000
vt 14.867458 117.936844 0.000000
vt 15.229406 117.938828 0.000000
vt 14.867458 118.861076 0.000000
vt 15.229406 117.938828 0.000000
vt 15.426029 117.941612 0.000000
vt 14.867458 118.861076 0.000000
vt 15.426029 117.941612 0.000000
vt 15.621018 117.945190 0.000000
vt 14.867458 118.861076 0.000000
vt 15.621018 117.945190 0.000000
vt 15.813760 117.949547 0.000000
vt 14.867458 118.861076 0.000000
vt 15.813760 117.949547 0.000000
vt 16.003658 117.954674 0.000000
vt 14.867458 118.861076 0.000000
vt 16.003658 117.954674 0.000000
vt 16.004236 117.956017 0.000000
vt 14.867458 118.861076 0.000000
vt 16.004236 117.956017 0.000000
vt 16.004812 117.957405 0.000000
vt 14.867458 118.861076 0.000000
vt 16.004812 117.957405 0.000000
vt 16.005386 117.958839 0.000000
vt 14.867458 118.861076 0.000000
vt 16.005386 117.958839 0.000000
vt 16.005957 117.960320 0.000000
vt 14.867458 118.861076 0.000000
vt 16.005957 117.960320 0.000000
vt 16.006525 117.961838 0.000000
vt 14.867458 118.861076 0.000000
vt 16.006525 117.961838 0.000000
vt 16.006525 118.861076 0.000000
vt -121.175575 118.861076 0.000000
vt -121.175575 117.961838 0.000000
vt -120.895264 117.984894 0.000000
vt -121.175575 118.861076 0.000000
vt -120.895264 117.984894 0.000000
vt -120.636322 118.014473 0.000000
vt -121.175575 118.861076 0.000000
vt -120.636322 118.014473 0.000000
vt -120.403824 118.050011 0.000000
vt -121.175575 118.861076 0.000000
vt -120.403824 118.050011 0.000000
vt -120.202316 118.090797 0.000000
vt -121.175575 118.861076 0.000000
vt -120.202316 118.090797 0.000000
vt -120.035744 118.136040 0.000000
vt -121.175575 118.861076 0.000000
vt -120.035744 118.136040 0.000000
vt -120.035744 118.861076 0.000000
vt -233.973785 118.861061 0.000000
vt -232.842346 118.011253 0.000000
vt -232.842346 118.861061 0.000000
vt -233.973785 118.861061 0.000000
vt -233.085327 118.021713 0.000000
vt -232.842346 118.011253 0.000000
vt -233.973785 118.861061 0.000000
vt -233.319992 118.032761 0.000000
vt -233.085327 118.021713 0.000000
vt -233.973785 118.861061 0.000000
vt -233.545639 118.044388 0.000000
vt -233.319992 118.032761 0.000000
vt -233.973785 118.861061 0.000000
vt -233.761597 118.056549 0.000000
vt -233.545639 118.044388 0.000000
vt -233.973785 118.861061 0.000000
vt -233.967255 118.069206 0.000000
vt -233.761597 118.056549 0.000000
vt -233.973785 118.861061 0.000000
vt -233.968719 118.081764 0.000000
vt -233.967255 118.069206 0.000000
vt -233.973785 118.861061 0.000000
vt -233.970108 118.094749 0.000000
vt -233.968719 118.081764 0.000000
vt -233.973785 118.861061 0.000000
vt -233.971420 118.108139 0.000000
vt -233.970108 118.094749 0.000000
vt -233.973785 118.861061 0.000000
vt -233.972641 118.121902 0.000000
vt -233.971420 118.108139 0.000000
vt -233.973785 118.861061 0.000000
vt -233.973785 118.136017 0.000000
vt -233.972641 118.121902 0.000000
vt -267.611633 117.936821 0.000000
vt -267.205566 117.936821 0.000000
vt -267.205566 118.861061 0.000000
vt -268.287628 118.861061 0.000000
vt -267.611633 117.936821 0.000000
vt -267.205566 118.861061 0.000000
vt -268.287628 118.861061 0.000000
vt -267.744690 117.939178 0.000000
vt -267.611633 117.936821 0.000000
vt -268.287628 118.861061 0.000000
vt -267.876740 117.942581 0.000000
vt -267.744690 117.939178 0.000000
vt -268.287628 118.861061 0.000000
vt -268.007416 117.947037 0.000000
vt -267.876740 117.942581 0.000000
vt -268.287628 118.861061 0.000000
vt -268.136353 117.952515 0.000000
vt -268.007416 117.947037 0.000000
vt -268.287628 118.861061 0.000000
vt -268.263184 117.959015 0.000000
vt -268.136353 117.952515 0.000000
vt -268.287628 118.861061 0.000000
vt -268.268372 117.967224 0.000000
vt -268.263184 117.959015 0.000000
vt -268.287628 118.861061 0.000000
vt -268.273407 117.976578 0.000000
vt -268.268372 117.967224 0.000000
vt -268.287628 118.861061 0.000000
vt -268.278320 117.987061 0.000000
vt -268.273407 117.976578 0.000000
vt -268.287628 118.861061 0.000000
vt -268.283051 117.998634 0.000000
vt -268.278320 117.987061 0.000000
vt -268.287628 118.011253 0.000000
vt -268.283051 117.998634 0.000000
vt -268.287628 118.861061 0.000000
vt 91.629059 118.861061 0.000000
vt 91.614426 118.830605 0.000000
vt 91.629074 118.830605 0.000000
vt 91.556519 117.952583 0.000000
vt 91.279480 117.936829 0.000000
vt 91.550949 117.936829 0.000000
vt 91.279480 118.861061 0.000000
vt 91.279480 117.936829 0.000000
vt 91.556519 117.952583 0.000000
vt 91.279480 118.861061 0.000000
vt 91.556519 117.952583 0.000000
vt 91.561729 117.984650 0.000000
vt 91.279480 118.861061 0.000000
vt 91.561729 117.984650 0.000000
vt 91.566353 118.031578 0.000000
vt 91.279480 118.861061 0.000000
vt 91.566353 118.031578 0.000000
vt 91.570183 118.091293 0.000000
vt 91.279480 118.861061 0.000000
vt 91.570183 118.091293 0.000000
vt 91.573051 118.161125 0.000000
vt 91.279480 118.861061 0.000000
vt 91.573051 118.161125 0.000000
vt 91.592834 118.161125 0.000000
vt 91.279480 118.861061 0.000000
vt 91.592834 118.161125 0.000000
vt 91.592834 118.370361 0.000000
vt 91.279480 118.861061 0.000000
vt 91.592834 118.370361 0.000000
vt 91.598412 118.385574 0.000000
vt 91.279480 118.861061 0.000000
vt 91.598412 118.385574 0.000000
vt 91.603607 118.418205 0.000000
vt 91.279480 118.861061 0.000000
vt 91.603607 118.418205 0.000000
vt 91.608154 118.466599 0.000000
vt 91.279480 118.861061 0.000000
vt 91.608154 118.466599 0.000000
vt 91.611816 118.528282 0.000000
vt 91.279480 118.861061 0.000000
vt 91.611816 118.528282 0.000000
vt 91.614426 118.600128 0.000000
vt 91.279480 118.861061 0.000000
vt 91.614426 118.600128 0.000000
vt 91.614426 118.830605 0.000000
vt 91.279480 118.861061 0.000000
vt 91.614426 118.830605 0.000000
vt 91.629059 118.861061 0.000000
vt 267.330231 112.016541 0.000000
vt 267.251404 112.016541 0.000000
vt 267.251404 111.986076 0.000000
vt 267.330231 111.986076 0.000000
vt 267.330231 112.016541 0.000000
vt 267.251404 111.986076 0.000000
vt -27.461966 4020.343018 0.000000
vt -27.443184 4003.767090 0.000000
vt -27.428486 4003.744873 0.000000
vt -27.476494 4020.279785 0.000000
vt -27.443184 4003.767090 0.000000
vt -27.461966 4020.343018 0.000000
vt -28.092644 4034.545410 0.000000
vt -27.476494 4020.279785 0.000000
vt -27.461966 4020.343018 0.000000
vt -28.103031 4034.389160 0.000000
vt -27.476494 4020.279785 0.000000
vt -28.092644 4034.545410 0.000000
vt -29.117229 4042.687988 0.000000
vt -28.103031 4034.389160 0.000000
vt -28.092644 4034.545410 0.000000
vt -29.120651 4042.476074 0.000000
vt -28.103031 4034.389160 0.000000
vt -29.117229 4042.687988 0.000000
vt -30.293228 4041.742432 0.000000
vt -29.120651 4042.476074 0.000000
vt -29.117229 4042.687988 0.000000
vt -30.293228 4041.742432 0.000000
vt -30.288662 4041.537109 0.000000
vt -29.120651 4042.476074 0.000000
vt -31.285551 4032.688721 0.000000
vt -30.288662 4041.537109 0.000000
vt -30.293228 4041.742432 0.000000
vt -31.296560 4032.836914 0.000000
vt -31.285551 4032.688721 0.000000
vt -30.293228 4041.742432 0.000000
vt -31.845984 4018.090332 0.000000
vt -31.285551 4032.688721 0.000000
vt -31.296560 4032.836914 0.000000
vt -31.859789 4018.165771 0.000000
vt -31.845984 4018.090332 0.000000
vt -31.296560 4032.836914 0.000000
vt -32.074051 4004.272949 0.000000
vt -31.845984 4018.090332 0.000000
vt -31.859789 4018.165771 0.000000
vt -32.085075 4004.516602 0.000000
vt -32.074051 4004.272949 0.000000
vt -31.859789 4018.165771 0.000000
vt -32.336994 4005.012207 0.000000
vt -32.074051 4004.272949 0.000000
vt -32.085075 4004.516602 0.000000
vt -32.348171 4005.256348 0.000000
vt -32.336994 4005.012207 0.000000
vt -32.085075 4004.516602 0.000000
vt -32.351051 4004.115967 0.000000
vt -32.336994 4005.012207 0.000000
vt -32.348171 4005.256348 0.000000
vt -32.365360 4004.160645 0.000000
vt -32.351051 4004.115967 0.000000
vt -32.348171 4005.256348 0.000000
vt -27.662786 3990.081299 0.000000
vt -27.428486 4003.744873 0.000000
vt -27.443184 4003.767090 0.000000
vt -27.680492 3989.928223 0.000000
vt -27.662786 3990.081299 0.000000
vt -27.443184 4003.767090 0.000000
vt -27.662786 3990.081299 0.000000
vt -27.411633 3988.992920 0.000000
vt -27.393904 3989.145996 0.000000
vt -27.680492 3989.928223 0.000000
vt -27.411633 3988.992920 0.000000
vt -27.662786 3990.081299 0.000000
vt -27.413494 3988.010986 0.000000
vt -27.393904 3989.145996 0.000000
vt -27.411633 3988.992920 0.000000
vt -27.427809 3988.055664 0.000000
vt -27.413494 3988.010986 0.000000
vt -27.411633 3988.992920 0.000000
vt -27.497902 4020.186768 0.000000
vt -27.484701 4003.829590 0.000000
vt -27.464846 4003.799805 0.000000
vt -27.517525 4020.101318 0.000000
vt -27.484701 4003.829590 0.000000
vt -27.497902 4020.186768 0.000000
vt -28.118341 4034.158691 0.000000
vt -27.517525 4020.101318 0.000000
vt -27.497902 4020.186768 0.000000
vt -28.132376 4033.947266 0.000000
vt -27.517525 4020.101318 0.000000
vt -28.118341 4034.158691 0.000000
vt -29.125692 4042.164063 0.000000
vt -28.132376 4033.947266 0.000000
vt -28.118341 4034.158691 0.000000
vt -29.130316 4041.878174 0.000000
vt -28.132376 4033.947266 0.000000
vt -29.125692 4042.164063 0.000000
vt -30.281933 4041.234375 0.000000
vt -29.130316 4041.878174 0.000000
vt -29.125692 4042.164063 0.000000
vt -30.281933 4041.234375 0.000000
vt -30.275764 4040.957031 0.000000
vt -29.130316 4041.878174 0.000000
vt -31.254459 4032.270264 0.000000
vt -30.275764 4040.957031 0.000000
vt -30.281933 4041.234375 0.000000
vt -31.269329 4032.470459 0.000000
vt -31.254459 4032.270264 0.000000
vt -30.281933 4041.234375 0.000000
vt -31.806992 4017.877686 0.000000
vt -31.254459 4032.270264 0.000000
vt -31.269329 4032.470459 0.000000
vt -31.825640 4017.979492 0.000000
vt -31.806992 4017.877686 0.000000
vt -31.269329 4032.470459 0.000000
vt -32.042908 4003.584473 0.000000
vt -31.806992 4017.877686 0.000000
vt -31.825640 4017.979492 0.000000
vt -32.057800 4003.913818 0.000000
vt -32.042908 4003.584473 0.000000
vt -31.825640 4017.979492 0.000000
vt -32.305412 4004.322754 0.000000
vt -32.042908 4003.584473 0.000000
vt -32.057800 4003.913818 0.000000
vt -32.320518 4004.652344 0.000000
vt -32.305412 4004.322754 0.000000
vt -32.057800 4003.913818 0.000000
vt -32.320518 4004.652344 0.000000
vt -32.310631 4003.990234 0.000000
vt -32.305412 4004.322754 0.000000
vt -32.329960 4004.050293 0.000000
vt -32.310631 4003.990234 0.000000
vt -32.320518 4004.652344 0.000000
vt -27.706587 3989.702393 0.000000
vt -27.464846 4003.799805 0.000000
vt -27.484701 4003.829590 0.000000
vt -27.730505 3989.495361 0.000000
vt -27.706587 3989.702393 0.000000
vt -27.484701 4003.829590 0.000000
vt -27.461704 3988.560303 0.000000
vt -27.448906 3988.121338 0.000000
vt -27.437757 3988.767090 0.000000
vt -27.706587 3989.702393 0.000000
vt -27.461704 3988.560303 0.000000
vt -27.437757 3988.767090 0.000000
vt -27.730505 3989.495361 0.000000
vt -27.461704 3988.560303 0.000000
vt -27.706587 3989.702393 0.000000
vt -27.468243 3988.181396 0.000000
vt -27.448906 3988.121338 0.000000
vt -27.461704 3988.560303 0.000000
vt -264.690918 -582.915588 0.000000
vt -264.664886 -582.954773 0.000000
vt -264.665009 -582.873901 0.000000
vt -265.321564 -811.516235 0.000000
vt -265.296875 -811.597107 0.000000
vt -265.296967 -811.516235 0.000000
vt -265.321564 -811.516235 0.000000
vt -265.317719 -811.597107 0.000000
vt -265.296875 -811.597107 0.000000
vt -265.313080 -1016.738220 0.000000
vt -265.296875 -1016.657349 0.000000
vt -265.317719 -1016.657349 0.000000
vt -265.296753 -1016.738220 0.000000
vt -265.296875 -1016.657349 0.000000
vt -265.313080 -1016.738220 0.000000
vt -265.307861 -1176.592896 0.000000
vt -265.296753 -1176.511963 0.000000
vt -265.313080 -1176.511963 0.000000
vt -265.296600 -1176.592896 0.000000
vt -265.296753 -1176.511963 0.000000
vt -265.307861 -1176.592896 0.000000
vt -265.302277 -1284.040771 0.000000
vt -265.296600 -1283.959839 0.000000
vt -265.307861 -1283.959839 0.000000
vt -265.296478 -1284.040771 0.000000
vt -265.296600 -1283.959839 0.000000
vt -265.302277 -1284.040771 0.000000
vt -27.754459 3989.254639 0.000000
vt -27.489841 3988.248779 0.000000
vt -27.488453 3988.329346 0.000000
vt -27.757442 3989.082275 0.000000
vt -27.489841 3988.248779 0.000000
vt -27.754459 3989.254639 0.000000
vt -265.365875 118.830597 0.000000
vt -265.298096 118.600121 0.000000
vt -265.298096 118.830597 0.000000
vt -265.365875 118.600121 0.000000
vt -265.298096 118.600121 0.000000
vt -265.365875 118.830597 0.000000
vt -265.365875 -505.649139 0.000000
vt -265.298035 -505.729980 0.000000
vt -265.298096 -505.649139 0.000000
vt -265.365875 -505.649139 0.000000
vt -265.363251 -505.729980 0.000000
vt -265.298035 -505.729980 0.000000
vt -265.363251 -770.434448 0.000000
vt -265.297943 -770.515320 0.000000
vt -265.298035 -770.434448 0.000000
vt -265.363251 -770.434448 0.000000
vt -265.359589 -770.515320 0.000000
vt -265.297943 -770.515320 0.000000
vt -265.297943 -995.958923 0.000000
vt -265.359589 -995.958923 0.000000
vt -265.355042 -996.039795 0.000000
vt -265.297821 -996.039795 0.000000
vt -265.297943 -995.958923 0.000000
vt -265.355042 -996.039795 0.000000
vt -265.297821 -1170.730591 0.000000
vt -265.355042 -1170.730591 0.000000
vt -265.349823 -1170.811401 0.000000
vt -265.297699 -1170.811401 0.000000
vt -265.297821 -1170.730591 0.000000
vt -265.349823 -1170.811401 0.000000
vt -265.297699 -1285.843628 0.000000
vt -265.349823 -1285.843628 0.000000
vt -265.344238 -1285.924561 0.000000
vt -265.297546 -1285.924561 0.000000
vt -265.297699 -1285.843628 0.000000
vt -265.344238 -1285.924561 0.000000
vt -265.344238 118.161118 0.000000
vt -265.297546 118.161118 0.000000
vt -265.297546 118.370361 0.000000
vt -265.344238 118.161118 0.000000
vt -265.297546 118.370361 0.000000
vt -265.344238 118.370361 0.000000
vt -93.388557 3774.197266 0.000000
vt -93.114738 3774.197266 0.000000
vt -93.388557 3774.205322 0.000000
vt -93.486389 3767.194824 0.000000
vt -93.212570 3767.188232 0.000000
vt -93.486389 3767.203125 0.000000
vt -93.638557 3758.197510 0.000000
vt -93.364738 3758.184570 0.000000
vt -93.638557 3758.205566 0.000000
vt -93.824127 3747.314453 0.000000
vt -93.550308 3747.296143 0.000000
vt -93.824127 3747.322754 0.000000
vt -216.105820 2533.179199 0.000000
vt -216.104401 2533.284180 0.000000
vt -216.106110 2533.186523 0.000000
vt -265.379486 -1242.725464 0.000000
vt -265.384369 -1242.652832 0.000000
vt -265.591888 -1242.720337 0.000000
vt -265.397522 -1241.254395 0.000000
vt -265.816650 -1241.316040 0.000000
vt -265.605042 -1241.321533 0.000000
vt -265.409454 -1238.971313 0.000000
vt -266.039246 -1239.026245 0.000000
vt -265.828583 -1239.032227 0.000000
vt -328.689423 2.181649 0.000000
vt -328.659607 2.640678 0.000000
vt -328.711853 2.186690 0.000000
vt -328.836578 2.743647 0.000000
vt -328.783569 3.197548 0.000000
vt -328.858978 2.748727 0.000000
vt -328.950897 3.167336 0.000000
vt -328.874939 3.616064 0.000000
vt -328.962097 3.169890 0.000000
vt -281.895294 -203.338959 0.000000
vt -281.777588 -203.327332 0.000000
vt -281.776428 -203.264099 0.000000
vt -282.035980 -196.998047 0.000000
vt -281.916626 -196.988342 0.000000
vt -281.797760 -196.915298 0.000000
vt -282.178192 -188.593842 0.000000
vt -282.057465 -188.586151 0.000000
vt -281.819244 -188.507095 0.000000
vt -282.320068 -178.533112 0.000000
vt -282.198273 -178.527420 0.000000
vt -281.839294 -178.445908 0.000000
vt -282.460266 -167.122879 0.000000
vt -282.337738 -167.119019 0.000000
vt -281.856964 -167.037979 0.000000
vt -27.544325 4020.030273 0.000000
vt -27.524170 4012.434814 0.000000
vt -27.539442 4020.005859 0.000000
vt -74.373894 461.961060 0.000000
vt -63.148579 443.620758 0.000000
vt -62.664337 443.450989 0.000000
vt -253.964096 1800.198242 0.000000
vt -253.768616 1800.164185 0.000000
vt -253.546280 1800.253540 0.000000
vt -253.798401 1789.649048 0.000000
vt -253.607193 1789.607178 0.000000
vt -253.189362 1789.646118 0.000000
vt -254.085724 1729.333496 0.000000
vt -253.901016 1729.293579 0.000000
vt -253.290558 1729.378174 0.000000
vt -254.161636 1674.047119 0.000000
vt -253.985626 1674.005371 0.000000
vt -253.190475 1674.041992 0.000000
vt -254.729370 1468.401245 0.000000
vt -254.720428 1468.363892 0.000000
vt -254.555191 1468.328003 0.000000
vt -253.297897 1634.773071 0.000000
vt -253.294052 1634.746948 0.000000
vt -253.292572 1634.760498 0.000000
vt -160.333267 117.974434 0.000000
vt -160.723068 117.953529 0.000000
vt -160.524841 117.963058 0.000000
vt -160.723068 117.953537 0.000000
vt -161.341995 117.936821 0.000000
vt -161.133301 117.940369 0.000000
vt -160.723068 117.953537 0.000000
vt -161.133301 117.940369 0.000000
vt -160.926437 117.945946 0.000000
vt -221.013611 593.400452 0.000000
vt -210.189499 587.494080 0.000000
vt -220.963577 593.504395 0.000000
vt -29.300089 4041.426270 0.000000
vt -29.135983 4041.543701 0.000000
vt -29.135477 4041.558594 0.000000
vt -14.146492 4011.578369 0.000000
vt -13.948859 4011.567383 0.000000
vt -13.782383 4011.653809 0.000000
vt -14.019616 4001.741699 0.000000
vt -13.822995 4001.727539 0.000000
vt -13.458880 4001.797363 0.000000
vt -13.999890 3984.403076 0.000000
vt -13.804905 3984.386719 0.000000
vt -13.244166 3984.436523 0.000000
vt -14.078619 3957.152100 0.000000
vt -13.885881 3957.134766 0.000000
vt -13.130156 3957.164063 0.000000
vt -14.232829 3916.896484 0.000000
vt -14.042934 3916.878906 0.000000
vt -13.094471 3916.889404 0.000000
vt -42.192608 694.490417 0.000000
vt -42.306652 694.065430 0.000000
vt -42.253952 694.041077 0.000000
vt 104.907196 3531.296387 0.000000
vt 104.905403 3531.239502 0.000000
vt 104.905930 3531.235840 0.000000
vt 104.904884 3531.243164 0.000000
vt 104.905403 3531.239502 0.000000
vt 104.907196 3531.296387 0.000000
vt 104.903854 3531.250732 0.000000
vt 104.904884 3531.243164 0.000000
vt 104.907196 3531.296387 0.000000
vt -303.943024 185.808914 0.000000
vt -303.886627 185.798325 0.000000
vt -303.829987 185.788040 0.000000
vt 124.136032 3373.069580 0.000000
vt 124.416328 3373.014404 0.000000
vt 124.419884 3373.056641 0.000000
vt 123.763519 3117.255127 0.000000
vt 124.022438 3117.201416 0.000000
vt 124.307243 3117.253662 0.000000
vt 123.519791 2815.323975 0.000000
vt 123.752274 2815.270508 0.000000
vt 124.295998 2815.269043 0.000000
vt 124.264481 2447.394043 0.000000
vt 123.285225 2447.374512 0.000000
vt 123.486717 2447.321045 0.000000
vt 122.387993 1691.905396 0.000000
vt 122.394562 1691.899292 0.000000
vt 122.561134 1691.849121 0.000000
vt 123.112976 1912.703003 0.000000
vt 123.106598 1912.687256 0.000000
vt 123.111984 1912.686768 0.000000
vt 123.198952 2042.031982 0.000000
vt 123.203270 2042.015137 0.000000
vt 123.204330 2042.031372 0.000000
vt 122.724350 2175.213623 0.000000
vt 122.720245 2175.208496 0.000000
vt 122.723213 2175.197266 0.000000
vt -88.300972 556.907593 0.000000
vt -88.571594 556.832947 0.000000
vt -88.420265 556.794250 0.000000
vt 125.033852 2385.477539 0.000000
vt 125.034096 2385.455566 0.000000
vt 125.035378 2385.471680 0.000000
vt 233.399384 1552.691406 0.000000
vt 233.193481 1552.653320 0.000000
vt 233.399139 1552.669556 0.000000
vt 233.492630 1475.207397 0.000000
vt 233.070511 1475.133301 0.000000
vt 233.286469 1475.148438 0.000000
vt 233.556381 1427.168579 0.000000
vt 232.908630 1427.081787 0.000000
vt 233.134277 1427.095947 0.000000
vt 232.233398 1789.421509 0.000000
vt 232.501266 1789.365234 0.000000
vt 232.735947 1789.381470 0.000000
vt 232.272339 1804.838989 0.000000
vt 232.297256 1804.766357 0.000000
vt 232.540222 1804.781982 0.000000
vt 234.508820 1901.904785 0.000000
vt 234.528473 1901.928467 0.000000
vt 234.532867 1901.949707 0.000000
vt 232.466202 2031.041138 0.000000
vt 232.481262 2031.045898 0.000000
vt 232.485825 2031.067749 0.000000
vt 231.994980 2105.078857 0.000000
vt 232.005341 2105.062012 0.000000
vt 232.010040 2105.083984 0.000000
vt 233.767532 2112.947510 0.000000
vt 233.773010 2112.907959 0.000000
vt 233.777878 2112.929199 0.000000
vt 237.940552 2051.256104 0.000000
vt 237.940933 2051.195313 0.000000
vt 237.945953 2051.214844 0.000000
vt 267.407959 1274.512817 0.000000
vt 267.534790 1274.528320 0.000000
vt 267.535339 1274.589111 0.000000
vt 268.136353 117.952522 0.000000
vt 267.611633 117.936829 0.000000
vt 267.744690 117.939178 0.000000
vt 268.136353 117.952522 0.000000
vt 267.744690 117.939178 0.000000
vt 267.876740 117.942589 0.000000
vt 268.136353 117.952522 0.000000
vt 267.876740 117.942589 0.000000
vt 268.007416 117.947037 0.000000
vt -32.026276 4003.216797 0.000000
vt -32.023830 4003.097168 0.000000
vt -31.935076 4008.742188 0.000000
vt -32.289040 4003.922852 0.000000
vt -32.023830 4003.097168 0.000000
vt -32.026276 4003.216797 0.000000
vt -32.289040 4003.922852 0.000000
vt -32.026276 4003.216797 0.000000
vt -32.288548 4003.954346 0.000000
vt 267.251526 1258.097168 0.000000
vt 267.251556 1258.016357 0.000000
vt 267.300323 1258.016357 0.000000
vt 267.251495 1130.676758 0.000000
vt 267.251526 1130.595947 0.000000
vt 267.305389 1130.595947 0.000000
vt 267.309814 945.562012 0.000000
vt 267.251495 945.642883 0.000000
vt 267.251495 945.562012 0.000000
vt 267.313416 712.343384 0.000000
vt 267.251495 712.424255 0.000000
vt 267.251495 712.343384 0.000000
vt 267.315948 118.600128 0.000000
vt 267.251495 118.830605 0.000000
vt 267.251495 118.600128 0.000000
vt 267.315948 118.600128 0.000000
vt 267.315948 118.830605 0.000000
vt 267.251495 118.830605 0.000000
vt 267.259460 1319.798584 0.000000
vt 267.251770 1319.717651 0.000000
vt 267.254028 1319.717651 0.000000
vt 267.251740 1319.798584 0.000000
vt 267.251770 1319.717651 0.000000
vt 267.259460 1319.798584 0.000000
vt 267.264557 1260.697754 0.000000
vt 267.251740 1260.616821 0.000000
vt 267.259460 1260.616821 0.000000
vt 267.251740 1260.697754 0.000000
vt 267.251740 1260.616821 0.000000
vt 267.264557 1260.697754 0.000000
vt 267.269043 1145.443726 0.000000
vt 267.251740 1145.362915 0.000000
vt 267.264557 1145.362915 0.000000
vt 267.251709 1145.443726 0.000000
vt 267.251740 1145.362915 0.000000
vt 267.269043 1145.443726 0.000000
vt 267.269043 979.089661 0.000000
vt 267.251678 979.170532 0.000000
vt 267.251709 979.089661 0.000000
vt 267.272797 979.170532 0.000000
vt 267.251678 979.170532 0.000000
vt 267.269043 979.089661 0.000000
vt 267.272797 769.203308 0.000000
vt 267.251678 769.284241 0.000000
vt 267.251678 769.203308 0.000000
vt 267.275574 769.284241 0.000000
vt 267.251678 769.284241 0.000000
vt 267.272797 769.203308 0.000000
vt 267.294891 118.161125 0.000000
vt 267.251587 118.370361 0.000000
vt 267.251587 118.161125 0.000000
vt 267.294891 118.161125 0.000000
vt 267.294891 118.370361 0.000000
vt 267.251587 118.370361 0.000000
vt 267.251587 1321.330444 0.000000
vt 267.294891 1321.330444 0.000000
vt 267.300323 1321.411255 0.000000
vt 267.251556 1321.411255 0.000000
vt 267.251587 1321.330444 0.000000
vt 267.300323 1321.411255 0.000000
vt -85.894844 118.830582 0.000000
vt -86.162865 118.600105 0.000000
vt -85.894844 118.600105 0.000000
vt -86.162865 118.830582 0.000000
vt -86.162865 118.600105 0.000000
vt -85.894844 118.830582 0.000000
vt 267.274902 118.830597 0.000000
vt 266.278534 118.830597 0.000000
vt 266.278534 118.600121 0.000000
vt 267.274902 118.600121 0.000000
vt 267.274902 118.830597 0.000000
vt 266.278534 118.600121 0.000000
vt 233.349380 118.830597 0.000000
vt 232.181396 118.830597 0.000000
vt 232.181396 118.600121 0.000000
vt 233.349380 118.830597 0.000000
vt 232.181396 118.600121 0.000000
vt 233.349380 118.600121 0.000000
vt 124.313934 118.830597 0.000000
vt 123.139389 118.600121 0.000000
vt 124.313934 118.600121 0.000000
vt 123.139389 118.830597 0.000000
vt 123.139389 118.600121 0.000000
vt 124.313934 118.830597 0.000000
vt -14.253645 118.830551 0.000000
vt -14.253645 118.600075 0.000000
vt -13.083775 118.600075 0.000000
vt -14.253645 118.830551 0.000000
vt -13.083775 118.600075 0.000000
vt -13.083775 118.830551 0.000000
vt -163.673157 118.830589 0.000000
vt -163.673157 118.600113 0.000000
vt -162.507904 118.600113 0.000000
vt -163.673157 118.830589 0.000000
vt -162.507904 118.600113 0.000000
vt -162.507904 118.830589 0.000000
vt -254.352722 118.600143 0.000000
vt -253.180771 118.600143 0.000000
vt -253.180771 118.830620 0.000000
vt -254.352722 118.830620 0.000000
vt -254.352722 118.600143 0.000000
vt -253.180771 118.830620 0.000000
vt -282.878876 118.600121 0.000000
vt -281.719269 118.600121 0.000000
vt -281.719269 118.830597 0.000000
vt -282.878876 118.830597 0.000000
vt -282.878876 118.600121 0.000000
vt -281.719269 118.830597 0.000000
vt -93.327919 118.830612 0.000000
vt -93.327919 118.600136 0.000000
vt -93.051163 118.600136 0.000000
vt -93.327919 118.830612 0.000000
vt -93.051163 118.600136 0.000000
vt -93.051163 118.830612 0.000000
vt -85.854935 2039.354980 0.000000
vt -86.119713 2039.274170 0.000000
vt -85.852173 2039.274170 0.000000
vt -85.854935 2039.354980 0.000000
vt -86.122505 2039.354980 0.000000
vt -86.119713 2039.274170 0.000000
vt 267.269287 758.977783 0.000000
vt 266.238617 758.977783 0.000000
vt 267.269012 758.916992 0.000000
vt 233.338516 1179.048950 0.000000
vt 232.186996 1179.048950 0.000000
vt 233.338150 1179.005249 0.000000
vt 123.150238 1950.280884 0.000000
vt 123.323547 1950.199341 0.000000
vt 124.303352 1950.280884 0.000000
vt -14.243062 2070.602539 0.000000
vt -14.242511 2070.539063 0.000000
vt -13.095790 2070.602539 0.000000
vt -163.661133 1677.060303 0.000000
vt -162.518860 1677.007324 0.000000
vt -162.518417 1677.060303 0.000000
vt -254.342194 963.433960 0.000000
vt -254.341751 963.381042 0.000000
vt -253.192108 963.433960 0.000000
vt -282.867523 -37.441593 0.000000
vt -282.866730 -37.522480 0.000000
vt -281.724854 -37.441593 0.000000
vt -266.500275 -545.021606 0.000000
vt -265.464783 -544.955994 0.000000
vt -266.500580 -544.955994 0.000000
vt -93.369301 1975.907837 0.000000
vt -93.371826 1975.835205 0.000000
vt -93.092606 1975.907837 0.000000
vt -265.324432 -505.506348 0.000000
vt -265.322998 -505.546844 0.000000
vt -265.297028 -505.506348 0.000000
vt -93.349510 118.370361 0.000000
vt -93.349510 118.161118 0.000000
vt -93.072784 118.161118 0.000000
vt -93.349510 118.370361 0.000000
vt -93.072784 118.161118 0.000000
vt -93.072784 118.370361 0.000000
vt -266.503235 118.161125 0.000000
vt -265.484558 118.161125 0.000000
vt -265.484558 118.370361 0.000000
vt -266.503235 118.370361 0.000000
vt -266.503235 118.161125 0.000000
vt -265.484558 118.370361 0.000000
vt -282.872955 118.161125 0.000000
vt -281.722168 118.161125 0.000000
vt -281.722168 118.370361 0.000000
vt -282.872955 118.370361 0.000000
vt -282.872955 118.161125 0.000000
vt -281.722168 118.370361 0.000000
vt -254.347229 118.161125 0.000000
vt -253.186691 118.161125 0.000000
vt -253.186691 118.370361 0.000000
vt -254.347229 118.161125 0.000000
vt -253.186691 118.370361 0.000000
vt -254.347229 118.370361 0.000000
vt -162.513382 118.370354 0.000000
vt -163.666885 118.161110 0.000000
vt -162.513382 118.161110 0.000000
vt -162.513382 118.370354 0.000000
vt -163.666885 118.370354 0.000000
vt -163.666885 118.161110 0.000000
vt -13.090044 118.370369 0.000000
vt -14.248124 118.161133 0.000000
vt -13.090044 118.161133 0.000000
vt -13.090044 118.370369 0.000000
vt -14.248124 118.370369 0.000000
vt -14.248124 118.161133 0.000000
vt 124.308411 118.370369 0.000000
vt 123.145050 118.161133 0.000000
vt 124.308411 118.161133 0.000000
vt 123.145050 118.370369 0.000000
vt 123.145050 118.161133 0.000000
vt 124.308411 118.370369 0.000000
vt 233.343704 118.161118 0.000000
vt 232.184326 118.370361 0.000000
vt 232.184326 118.161118 0.000000
vt 233.343704 118.161118 0.000000
vt 233.343704 118.370361 0.000000
vt 232.184326 118.370361 0.000000
vt 267.271973 118.370361 0.000000
vt 266.257690 118.370361 0.000000
vt 266.257690 118.161118 0.000000
vt 267.271973 118.370361 0.000000
vt 266.257690 118.161118 0.000000
vt 267.271973 118.161118 0.000000
vt -85.874023 118.370331 0.000000
vt -86.141808 118.161095 0.000000
vt -85.874023 118.161095 0.000000
vt -85.874023 118.370331 0.000000
vt -86.141808 118.370331 0.000000
vt -86.141808 118.161095 0.000000
vt -265.322998 -633.393311 0.000000
vt -265.321564 -633.433838 0.000000
vt -265.296967 -633.433838 0.000000
vt -93.221596 2638.457520 0.000000
vt -93.501274 2638.391846 0.000000
vt -93.225433 2638.376709 0.000000
vt -93.589378 3148.499023 0.000000
vt -93.314178 3148.477051 0.000000
vt -93.309547 3148.557861 0.000000
vt -93.734520 3517.773193 0.000000
vt -93.460014 3517.745117 0.000000
vt -93.454803 3517.826172 0.000000
vt -93.327919 1840.968384 0.000000
vt -93.330528 1840.887573 0.000000
vt -93.053772 1840.887573 0.000000
vt -93.051163 1840.968384 0.000000
vt -93.327919 1840.968384 0.000000
vt -93.053772 1840.887573 0.000000
vt -93.330528 2535.587402 0.000000
vt -93.334198 2535.506592 0.000000
vt -93.057442 2535.506592 0.000000
vt -93.053772 2535.587402 0.000000
vt -93.330528 2535.587402 0.000000
vt -93.057442 2535.506592 0.000000
vt -93.334198 3101.003174 0.000000
vt -93.061996 3100.922363 0.000000
vt -93.057442 3101.003174 0.000000
vt -93.338745 3100.922363 0.000000
vt -93.061996 3100.922363 0.000000
vt -93.334198 3101.003174 0.000000
vt -93.338745 3508.404541 0.000000
vt -93.067200 3508.323730 0.000000
vt -93.061996 3508.404541 0.000000
vt -93.343933 3508.323730 0.000000
vt -93.067200 3508.323730 0.000000
vt -93.338745 3508.404541 0.000000
vt -93.343933 3737.031250 0.000000
vt -93.072784 3736.950195 0.000000
vt -93.067200 3737.031250 0.000000
vt -93.349510 3736.950195 0.000000
vt -93.072784 3736.950195 0.000000
vt -93.343933 3737.031250 0.000000
vt -94.572144 3660.569092 0.000000
vt -94.298317 3660.553223 0.000000
vt -94.567276 3660.650146 0.000000
vt -265.419983 -1235.779175 0.000000
vt -266.259399 -1235.826904 0.000000
vt -266.049774 -1235.833252 0.000000
vt -266.231445 -1196.103882 0.000000
vt -266.440521 -1196.032959 0.000000
vt -266.439911 -1196.098511 0.000000
vt -282.820709 -248.129791 0.000000
vt -282.287476 -248.194778 0.000000
vt -281.684265 -248.035172 0.000000
vt -282.861450 -248.406815 0.000000
vt -282.329773 -248.406815 0.000000
vt -282.862976 -248.325928 0.000000
vt -253.419006 1805.737793 0.000000
vt -253.198181 1805.737793 0.000000
vt -253.196640 1805.818604 0.000000
vt -253.814697 1715.321045 0.000000
vt -253.205658 1715.319214 0.000000
vt -253.204224 1715.400146 0.000000
vt -254.173874 1548.781738 0.000000
vt -253.202698 1548.777710 0.000000
vt -253.201431 1548.858643 0.000000
vt -254.336472 1539.861328 0.000000
vt -254.162323 1539.782104 0.000000
vt -253.189896 1539.857910 0.000000
vt -253.020065 1535.201294 0.000000
vt -253.011871 1535.215698 0.000000
vt -253.020782 1535.254272 0.000000
vt -254.919632 1557.830322 0.000000
vt -254.914291 1557.818604 0.000000
vt -254.911438 1557.846069 0.000000
vt -249.416702 1750.688477 0.000000
vt -249.413605 1750.714355 0.000000
vt -249.417404 1750.741821 0.000000
vt -163.584335 3117.202148 0.000000
vt -162.837906 3117.121338 0.000000
vt -162.448120 3117.175537 0.000000
vt -163.694092 3286.005615 0.000000
vt -163.568085 3285.925049 0.000000
vt -162.949173 3286.010498 0.000000
vt -163.692413 3285.923828 0.000000
vt -163.568024 3285.924072 0.000000
vt -163.694031 3286.004639 0.000000
vt -13.267080 4003.714600 0.000000
vt -13.102208 4003.714600 0.000000
vt -13.100590 4003.795654 0.000000
vt -14.267950 3772.936523 0.000000
vt -13.129591 3772.931396 0.000000
vt -13.128078 3773.012207 0.000000
vt -14.286749 3780.791016 0.000000
vt -14.285700 3780.727539 0.000000
vt -13.145829 3780.804199 0.000000
vt 123.925972 3147.545166 0.000000
vt 124.209816 3147.535156 0.000000
vt 124.210777 3147.598633 0.000000
vt 123.504204 2796.154785 0.000000
vt 124.280403 2796.100586 0.000000
vt 124.281250 2796.163818 0.000000
vt 124.326027 2368.412842 0.000000
vt 123.548271 2368.341797 0.000000
vt 124.325317 2368.349365 0.000000
vt 124.344070 1876.040161 0.000000
vt 123.364265 1875.959717 0.000000
vt 124.343513 1875.976685 0.000000
vt 123.549873 1883.911133 0.000000
vt 123.550072 1883.889282 0.000000
vt 123.556442 1883.904907 0.000000
vt 122.412437 1704.132202 0.000000
vt 122.412621 1704.110352 0.000000
vt 122.585754 1704.053955 0.000000
vt 123.718964 2059.074707 0.000000
vt 123.719177 2059.052734 0.000000
vt 123.723282 2059.057861 0.000000
vt 124.363701 2226.169922 0.000000
vt 124.363930 2226.147949 0.000000
vt 124.366661 2226.158691 0.000000
vt 233.548523 1449.442871 0.000000
vt 233.342377 1449.384521 0.000000
vt 233.548279 1449.421021 0.000000
vt 233.345764 1612.443115 0.000000
vt 232.195099 1612.448364 0.000000
vt 232.698013 1612.348877 0.000000
vt 232.545761 1522.910278 0.000000
vt 232.042847 1523.005493 0.000000
vt 232.043198 1522.944702 0.000000
vt 231.417633 1791.608765 0.000000
vt 231.418060 1791.547974 0.000000
vt 231.442551 1791.537476 0.000000
vt 232.821045 1985.007568 0.000000
vt 232.821518 1984.946777 0.000000
vt 232.845535 1984.994629 0.000000
vt 266.227722 1296.043823 0.000000
vt 267.140411 1295.962646 0.000000
vt 267.267792 1296.043579 0.000000
vt 266.227722 1296.043823 0.000000
vt 266.222687 1295.962891 0.000000
vt 267.140411 1295.962646 0.000000
vt 266.223419 1357.410522 0.000000
vt 266.616455 1357.329590 0.000000
vt 267.141144 1357.410156 0.000000
vt 266.223419 1357.410522 0.000000
vt 266.218048 1357.329590 0.000000
vt 266.616455 1357.329590 0.000000
vt -86.100952 3816.619629 0.000000
vt -85.833618 3816.619629 0.000000
vt -85.836304 3816.660156 0.000000
vt 268.767181 1218.555542 0.000000
vt 268.815887 1218.463989 0.000000
vt 268.818451 1218.503906 0.000000
vt 268.157654 1134.140503 0.000000
vt 268.211487 1134.053467 0.000000
vt 268.213715 1134.093750 0.000000
vt 267.251526 1232.032104 0.000000
vt 267.302856 1231.991577 0.000000
vt 267.305389 1232.032104 0.000000
vt 267.966431 975.293457 0.000000
vt 267.906342 975.337891 0.000000
vt 267.964630 975.253113 0.000000
vt 267.251495 1089.478027 0.000000
vt 267.307617 1089.437500 0.000000
vt 267.309814 1089.478027 0.000000
vt 267.846252 761.060547 0.000000
vt 267.783081 761.103455 0.000000
vt 267.844971 761.020142 0.000000
vt 267.313416 891.408813 0.000000
vt 267.251495 891.408813 0.000000
vt 267.311615 891.368347 0.000000
vt 267.315948 647.917480 0.000000
vt 267.251495 647.917480 0.000000
vt 267.314667 647.876953 0.000000
vt -85.326897 3792.381348 0.000000
vt -85.321480 3792.300049 0.000000
vt -85.056824 3792.329834 0.000000
vt -86.106384 3571.482666 0.000000
vt -85.838989 3571.482666 0.000000
vt -85.844017 3571.563721 0.000000
vt -86.111465 3571.563721 0.000000
vt -86.106384 3571.482666 0.000000
vt -85.844017 3571.563721 0.000000
vt -86.111465 3195.381836 0.000000
vt -85.844017 3195.381836 0.000000
vt -85.848480 3195.462646 0.000000
vt -86.115974 3195.462646 0.000000
vt -86.111465 3195.381836 0.000000
vt -85.848480 3195.462646 0.000000
vt -85.852173 2677.029053 0.000000
vt -86.115974 2676.947998 0.000000
vt -85.848480 2676.947998 0.000000
vt -86.119713 2677.029053 0.000000
vt -86.115974 2676.947998 0.000000
vt -85.852173 2677.029053 0.000000
vt -86.141808 3793.426514 0.000000
vt -85.874023 3793.426514 0.000000
vt -85.879402 3793.507324 0.000000
vt -86.147247 3793.507324 0.000000
vt -86.141808 3793.426514 0.000000
vt -85.879402 3793.507324 0.000000
vt -86.162865 1867.353394 0.000000
vt -86.160324 1867.272461 0.000000
vt -85.892334 1867.272461 0.000000
vt -86.162865 1867.353394 0.000000
vt -85.892334 1867.272461 0.000000
vt -85.894844 1867.353394 0.000000
vt 267.274536 729.947021 0.000000
vt 266.278534 730.027893 0.000000
vt 266.276001 729.947021 0.000000
vt 267.274902 730.027893 0.000000
vt 266.278534 730.027893 0.000000
vt 267.274536 729.947021 0.000000
vt 233.349380 1057.052490 0.000000
vt 232.181396 1057.052490 0.000000
vt 232.181564 1057.012085 0.000000
vt 124.313934 1784.023071 0.000000
vt 123.140068 1783.942139 0.000000
vt 124.313271 1783.942139 0.000000
vt 123.139389 1784.023071 0.000000
vt 123.140068 1783.942139 0.000000
vt 124.313934 1784.023071 0.000000
vt -14.253645 1968.034424 0.000000
vt -14.252979 1967.953613 0.000000
vt -13.084532 1967.953613 0.000000
vt -13.083775 1968.034424 0.000000
vt -14.253645 1968.034424 0.000000
vt -13.084532 1967.953613 0.000000
vt -162.507904 1465.833252 0.000000
vt -163.673157 1465.833252 0.000000
vt -163.672775 1465.792725 0.000000
vt -254.352722 850.034485 0.000000
vt -254.352386 849.993958 0.000000
vt -253.180771 850.034485 0.000000
vt -282.878876 -4.204995 0.000000
vt -282.878510 -4.245487 0.000000
vt -281.719269 -4.204995 0.000000
vt 267.257263 728.833618 0.000000
vt 266.226837 728.893555 0.000000
vt 266.225464 728.853027 0.000000
vt 233.333359 1223.607544 0.000000
vt 232.182419 1223.672729 0.000000
vt 232.182709 1223.612061 0.000000
vt 233.382111 1345.654541 0.000000
vt 232.230957 1345.700439 0.000000
vt 233.381897 1345.632690 0.000000
vt -13.125147 2150.108887 0.000000
vt -14.271867 2150.044678 0.000000
vt -13.125979 2150.027832 0.000000
vt -163.675079 1629.888794 0.000000
vt -163.674667 1629.848389 0.000000
vt -162.532806 1629.836304 0.000000
vt -254.359238 1019.039795 0.000000
vt -253.210373 1019.013000 0.000000
vt -253.209595 1019.093872 0.000000
vt -282.868958 -31.296991 0.000000
vt -281.727356 -31.282585 0.000000
vt -281.727051 -31.217030 0.000000
vt -266.495789 -556.507690 0.000000
vt -265.457764 -556.514526 0.000000
vt -265.460297 -556.441772 0.000000
vt -93.153343 2010.506470 0.000000
vt -93.432571 2010.433350 0.000000
vt -93.156212 2010.425537 0.000000
vt -265.490143 -1284.129272 0.000000
vt -266.503998 -1284.129272 0.000000
vt -266.503235 -1284.210083 0.000000
vt -265.484558 -1284.210083 0.000000
vt -265.490143 -1284.129272 0.000000
vt -266.503235 -1284.210083 0.000000
vt -282.874481 -248.819031 0.000000
vt -281.722168 -248.899872 0.000000
vt -281.721436 -248.819031 0.000000
vt -282.872955 -248.899872 0.000000
vt -281.722168 -248.899872 0.000000
vt -282.874481 -248.819031 0.000000
vt -254.348648 1808.083984 0.000000
vt -253.186691 1808.003174 0.000000
vt -253.185165 1808.083984 0.000000
vt -254.347229 1808.003174 0.000000
vt -253.186691 1808.003174 0.000000
vt -254.348648 1808.083984 0.000000
vt -163.668503 3290.850830 0.000000
vt -162.513382 3290.770020 0.000000
vt -162.511978 3290.850830 0.000000
vt -163.666885 3290.770020 0.000000
vt -162.513382 3290.770020 0.000000
vt -163.668503 3290.850830 0.000000
vt -14.249549 4009.012695 0.000000
vt -13.090044 4008.931641 0.000000
vt -13.088425 4009.012695 0.000000
vt -14.249549 4009.012695 0.000000
vt -14.248124 4008.931641 0.000000
vt -13.090044 4008.931641 0.000000
vt 123.145050 3615.060059 0.000000
vt 124.308411 3615.060059 0.000000
vt 124.309837 3615.141113 0.000000
vt 123.143585 3615.141113 0.000000
vt 123.145050 3615.060059 0.000000
vt 124.309837 3615.141113 0.000000
vt 232.184326 2306.477051 0.000000
vt 233.343704 2306.477051 0.000000
vt 233.345169 2306.557861 0.000000
vt 232.183563 2306.557861 0.000000
vt 232.184326 2306.477051 0.000000
vt 233.345169 2306.557861 0.000000
vt 266.263092 1359.091431 0.000000
vt 266.257690 1359.010498 0.000000
vt 267.271973 1359.010498 0.000000
vt -93.310562 2549.675049 0.000000
vt -93.313889 2549.602539 0.000000
vt -93.034210 2549.666260 0.000000
vt -93.248726 3031.774414 0.000000
vt -92.968887 3031.829346 0.000000
vt -93.244736 3031.847168 0.000000
vt -93.159248 3405.151611 0.000000
vt -92.879517 3405.196777 0.000000
vt -93.154724 3405.224365 0.000000
vt -92.529175 3697.665527 0.000000
vt -92.257477 3697.580322 0.000000
vt -92.254677 3697.620850 0.000000
vt -266.489105 -505.112122 0.000000
vt -265.486694 -505.151367 0.000000
vt -265.489288 -505.070526 0.000000
vt -266.505310 -769.386841 0.000000
vt -265.499878 -769.386841 0.000000
vt -265.503540 -769.305969 0.000000
vt -266.505310 -769.386841 0.000000
vt -265.503540 -769.305969 0.000000
vt -266.505798 -769.305969 0.000000
vt -265.499878 -994.560486 0.000000
vt -266.505310 -994.560486 0.000000
vt -266.504700 -994.641357 0.000000
vt -265.495331 -994.641357 0.000000
vt -265.499878 -994.560486 0.000000
vt -266.504700 -994.641357 0.000000
vt -265.495331 -1169.133423 0.000000
vt -266.504700 -1169.133423 0.000000
vt -266.503998 -1169.214355 0.000000
vt -265.490143 -1169.214355 0.000000
vt -265.495331 -1169.133423 0.000000
vt -266.503998 -1169.214355 0.000000
vt -88.349083 3782.863770 0.000000
vt -88.080353 3782.679199 0.000000
vt -88.077507 3782.718750 0.000000
vt -265.482025 -1201.129150 0.000000
vt -266.530487 -1201.095703 0.000000
vt -266.321442 -1201.169312 0.000000
vt -282.867676 -206.309555 0.000000
vt -281.731232 -206.251648 0.000000
vt -282.869110 -206.228668 0.000000
vt -282.859161 -157.649277 0.000000
vt -281.721283 -157.664978 0.000000
vt -282.860413 -157.568390 0.000000
vt -254.343826 1313.285645 0.000000
vt -253.197235 1313.282837 0.000000
vt -253.196182 1313.363770 0.000000
vt -163.663834 2694.156494 0.000000
vt -162.525482 2694.106689 0.000000
vt -162.524734 2694.159668 0.000000
vt -163.467285 2939.704346 0.000000
vt -162.329742 2939.590576 0.000000
vt -162.328918 2939.643311 0.000000
vt -163.638565 3101.781982 0.000000
vt -162.893661 3101.784424 0.000000
vt -163.640091 3101.862793 0.000000
vt -163.730865 2777.874512 0.000000
vt -162.594650 2777.856934 0.000000
vt -163.732208 2777.955566 0.000000
vt -14.201010 3374.061768 0.000000
vt -13.060090 3374.070801 0.000000
vt -13.058747 3374.151611 0.000000
vt -14.351109 3484.914307 0.000000
vt -14.350148 3484.850830 0.000000
vt -13.207887 3484.947754 0.000000
vt -14.207884 3093.978271 0.000000
vt -14.207039 3093.914795 0.000000
vt -13.063816 3093.941650 0.000000
vt -14.219070 2618.131104 0.000000
vt -14.218361 2618.067627 0.000000
vt -13.073181 2618.112793 0.000000
vt 267.260223 929.093872 0.000000
vt 266.227051 929.072815 0.000000
vt 267.259857 929.033081 0.000000
vt 266.286804 1073.943359 0.000000
vt 267.319183 1073.836670 0.000000
vt 267.319611 1073.897339 0.000000
vt 266.227509 1194.864624 0.000000
vt 267.267548 1194.864380 0.000000
vt 267.268036 1194.925171 0.000000
vt -86.106384 3749.874512 0.000000
vt -85.836304 3749.833984 0.000000
vt -85.838989 3749.874512 0.000000
vt 266.250122 1176.049927 0.000000
vt 266.245667 1175.968994 0.000000
vt 267.286194 1176.027222 0.000000
vt 267.244629 1005.693176 0.000000
vt 266.212219 1005.791870 0.000000
vt 266.208527 1005.710938 0.000000
vt -86.147247 3560.934814 0.000000
vt -85.879402 3560.934814 0.000000
vt -85.884407 3561.015869 0.000000
vt -86.152306 3561.015869 0.000000
vt -86.147247 3560.934814 0.000000
vt -85.884407 3561.015869 0.000000
vt -86.160324 2572.759521 0.000000
vt -86.156746 2572.678711 0.000000
vt -85.888794 2572.678711 0.000000
vt -85.892334 2572.759521 0.000000
vt -86.160324 2572.759521 0.000000
vt -85.888794 2572.678711 0.000000
vt 267.274048 970.362854 0.000000
vt 266.276001 970.443665 0.000000
vt 266.272461 970.362854 0.000000
vt 267.274536 970.443665 0.000000
vt 266.276001 970.443665 0.000000
vt 267.274048 970.362854 0.000000
vt 233.324081 1172.940674 0.000000
vt 232.156281 1172.899048 0.000000
vt 233.323395 1172.859863 0.000000
vt 124.313271 2455.360107 0.000000
vt 123.141029 2455.279297 0.000000
vt 124.312332 2455.279297 0.000000
vt 123.140068 2455.360107 0.000000
vt 123.141029 2455.279297 0.000000
vt 124.313271 2455.360107 0.000000
vt -14.252979 2714.603760 0.000000
vt -14.252041 2714.522705 0.000000
vt -13.085597 2714.522705 0.000000
vt -13.084532 2714.603760 0.000000
vt -14.252979 2714.603760 0.000000
vt -13.085597 2714.522705 0.000000
vt -162.544174 1632.400879 0.000000
vt -163.709045 1632.359253 0.000000
vt -162.544830 1632.320068 0.000000
vt -254.372086 939.520813 0.000000
vt -253.201187 939.481567 0.000000
vt -253.200470 939.562439 0.000000
vt -282.875488 -21.497053 0.000000
vt -281.716583 -21.536299 0.000000
vt -281.716248 -21.455444 0.000000
vt 267.273163 846.293884 0.000000
vt 266.241394 846.314575 0.000000
vt 266.240021 846.274048 0.000000
vt -163.641769 2057.669922 0.000000
vt -162.500473 2057.603760 0.000000
vt -162.499924 2057.656738 0.000000
vt -254.332932 1167.501343 0.000000
vt -254.332382 1167.448486 0.000000
vt -253.184082 1167.472656 0.000000
vt -282.863617 -99.709267 0.000000
vt -282.862549 -99.790146 0.000000
vt -281.722015 -99.692223 0.000000
vt -266.504333 -744.842590 0.000000
vt -265.466705 -744.784668 0.000000
vt -266.504730 -744.777039 0.000000
vt -282.875885 -204.674576 0.000000
vt -281.721436 -204.755432 0.000000
vt -281.720734 -204.674576 0.000000
vt -282.874481 -204.755432 0.000000
vt -281.721436 -204.755432 0.000000
vt -282.875885 -204.674576 0.000000
vt -254.349960 1711.464600 0.000000
vt -253.185165 1711.383789 0.000000
vt -253.183731 1711.464600 0.000000
vt -254.348648 1711.383789 0.000000
vt -253.185165 1711.383789 0.000000
vt -254.349960 1711.464600 0.000000
vt -163.670013 3092.758545 0.000000
vt -162.511978 3092.677490 0.000000
vt -162.510651 3092.758545 0.000000
vt -163.668503 3092.677490 0.000000
vt -162.511978 3092.677490 0.000000
vt -163.670013 3092.758545 0.000000
vt -14.250878 3761.772949 0.000000
vt -13.088425 3761.692139 0.000000
vt -13.086917 3761.772949 0.000000
vt -14.250878 3761.772949 0.000000
vt -14.249549 3761.692139 0.000000
vt -13.088425 3761.692139 0.000000
vt 123.143585 3394.774902 0.000000
vt 124.309837 3394.774902 0.000000
vt 124.311165 3394.855957 0.000000
vt 123.142227 3394.855957 0.000000
vt 123.143585 3394.774902 0.000000
vt 124.311165 3394.855957 0.000000
vt 232.183563 2175.744629 0.000000
vt 233.345169 2175.744629 0.000000
vt 233.346542 2175.825439 0.000000
vt 232.182861 2175.825439 0.000000
vt 232.183563 2175.744629 0.000000
vt 233.346542 2175.825439 0.000000
vt 266.491730 1355.783569 0.000000
vt 267.500610 1355.668579 0.000000
vt 267.501007 1355.709106 0.000000
vt -266.490784 -776.059814 0.000000
vt -265.449829 -776.073181 0.000000
vt -265.453156 -776.000488 0.000000
vt -265.440399 -967.778992 0.000000
vt -265.444366 -967.706238 0.000000
vt -266.484863 -967.759277 0.000000
vt -265.428101 -1124.790894 0.000000
vt -265.432617 -1124.718262 0.000000
vt -266.476563 -1124.765381 0.000000
vt -266.505981 -434.213623 0.000000
vt -265.506165 -434.173157 0.000000
vt -266.506165 -434.173157 0.000000
vt -266.505798 -573.989624 0.000000
vt -265.503540 -573.989624 0.000000
vt -266.505981 -573.949158 0.000000
vt -282.878143 -87.871925 0.000000
vt -281.720093 -87.952782 0.000000
vt -281.719604 -87.871925 0.000000
vt -282.878143 -87.871925 0.000000
vt -282.877136 -87.952782 0.000000
vt -281.720093 -87.952782 0.000000
vt -282.877136 -150.098541 0.000000
vt -281.720734 -150.179398 0.000000
vt -281.720093 -150.098541 0.000000
vt -282.875885 -150.179398 0.000000
vt -281.720734 -150.179398 0.000000
vt -282.877136 -150.098541 0.000000
vt -282.876068 -172.591263 0.000000
vt -281.736938 -172.698792 0.000000
vt -281.736389 -172.633240 0.000000
vt -254.368057 1348.326660 0.000000
vt -253.220413 1348.406860 0.000000
vt -254.368713 1348.379639 0.000000
vt -163.654724 2398.756836 0.000000
vt -162.515610 2398.759766 0.000000
vt -162.514954 2398.812744 0.000000
vt -13.146372 2825.091553 0.000000
vt -14.291552 2825.043701 0.000000
vt -13.147484 2825.010742 0.000000
vt 266.263092 1293.117798 0.000000
vt 267.272736 1293.117798 0.000000
vt 267.273438 1293.198730 0.000000
vt 266.268097 1293.198730 0.000000
vt 266.263092 1293.117798 0.000000
vt 267.273438 1293.198730 0.000000
vt -86.152306 3146.987793 0.000000
vt -85.884407 3146.987793 0.000000
vt -85.888794 3147.068604 0.000000
vt -86.156746 3147.068604 0.000000
vt -86.152306 3146.987793 0.000000
vt -85.888794 3147.068604 0.000000
vt 266.268097 1161.330078 0.000000
vt 267.273438 1161.330078 0.000000
vt 267.274048 1161.411011 0.000000
vt 266.272461 1161.411011 0.000000
vt 266.268097 1161.330078 0.000000
vt 267.274048 1161.411011 0.000000
vt 233.347733 1593.978760 0.000000
vt 232.181747 1594.059692 0.000000
vt 232.182236 1593.978760 0.000000
vt 233.348694 1594.059692 0.000000
vt 232.181747 1594.059692 0.000000
vt 233.347733 1593.978760 0.000000
vt 233.348694 1284.459351 0.000000
vt 232.181564 1284.499756 0.000000
vt 232.181747 1284.459351 0.000000
vt 123.142227 3001.501465 0.000000
vt 124.311165 3001.501465 0.000000
vt 124.312332 3001.582275 0.000000
vt 123.141029 3001.582275 0.000000
vt 123.142227 3001.501465 0.000000
vt 124.312332 3001.582275 0.000000
vt -163.672394 2241.914551 0.000000
vt -163.671326 2241.833740 0.000000
vt -162.509491 2241.833740 0.000000
vt -162.508560 2241.914551 0.000000
vt -163.672394 2241.914551 0.000000
vt -162.509491 2241.833740 0.000000
vt -14.252041 3322.847900 0.000000
vt -13.086917 3322.767090 0.000000
vt -13.085597 3322.847900 0.000000
vt -14.252041 3322.847900 0.000000
vt -14.250878 3322.767090 0.000000
vt -13.086917 3322.767090 0.000000
vt -163.672775 1793.944946 0.000000
vt -163.672394 1793.904541 0.000000
vt -162.508560 1793.904541 0.000000
vt -254.352386 1026.502319 0.000000
vt -254.352051 1026.461792 0.000000
vt -253.181488 1026.461792 0.000000
vt -282.878510 -38.098736 0.000000
vt -282.878143 -38.139225 0.000000
vt -281.719604 -38.139225 0.000000
vt -163.697388 1926.973267 0.000000
vt -163.696960 1926.932861 0.000000
vt -162.556091 1926.909302 0.000000
vt -282.871613 -81.307442 0.000000
vt -281.731476 -81.280022 0.000000
vt -281.731079 -81.214470 0.000000
vt -254.351120 1527.636719 0.000000
vt -253.183731 1527.555786 0.000000
vt -253.182480 1527.636719 0.000000
vt -254.349960 1527.555786 0.000000
vt -253.183731 1527.555786 0.000000
vt -254.351120 1527.636719 0.000000
vt -163.671326 2737.071533 0.000000
vt -162.510651 2736.990723 0.000000
vt -162.509491 2737.071533 0.000000
vt -163.670013 2736.990723 0.000000
vt -162.510651 2736.990723 0.000000
vt -163.671326 2737.071533 0.000000
vt 232.182861 1934.141479 0.000000
vt 233.346542 1934.141479 0.000000
vt 233.347733 1934.222290 0.000000
vt 232.182236 1934.222290 0.000000
vt 232.182861 1934.141479 0.000000
vt 233.347733 1934.222290 0.000000
vt 266.263092 1349.018921 0.000000
vt 267.272369 1348.978394 0.000000
vt 267.272736 1349.018921 0.000000
vt -265.468109 -922.763489 0.000000
vt -266.509064 -922.748047 0.000000
vt -266.508606 -922.813599 0.000000
vt -265.469849 -1073.662720 0.000000
vt -266.514343 -1073.639160 0.000000
vt -266.513824 -1073.704712 0.000000
vt -254.352051 1265.967529 0.000000
vt -253.182480 1265.886719 0.000000
vt -253.181488 1265.967529 0.000000
vt -254.351120 1265.886719 0.000000
vt -253.182480 1265.886719 0.000000
vt -254.352051 1265.967529 0.000000
vt -282.863129 -130.571793 0.000000
vt -281.723480 -130.604996 0.000000
vt -281.722992 -130.539444 0.000000
vt -163.623657 2332.010498 0.000000
vt -162.483887 2332.064697 0.000000
vt -163.624771 2332.091309 0.000000
vt -359.109650 89.187012 0.000000
vt -217.515121 89.187012 0.000000
vt -231.971985 146.603455 0.000000
vt -359.109650 89.187012 0.000000
vt -231.971985 146.603455 0.000000
vt -345.511963 146.603455 0.000000
vt -450.291534 -14.786005 0.000000
vt -319.919617 -72.179947 0.000000
vt -333.611908 -14.786005 0.000000
vt -465.324219 -72.179947 0.000000
vt -319.919617 -72.179947 0.000000
vt -450.291534 -14.786005 0.000000
vt -181.886566 187.871384 0.000000
vt -36.666580 187.871384 0.000000
vt -50.785534 245.404831 0.000000
vt -167.902573 245.404831 0.000000
vt -181.886566 187.871384 0.000000
vt -50.785534 245.404831 0.000000
vt -332.344330 298.822845 0.000000
vt -345.511963 208.830673 0.000000
vt -231.971985 208.830673 0.000000
vt -443.135254 -215.984268 0.000000
vt -311.189911 -273.460144 0.000000
vt -325.906281 -215.984268 0.000000
vt -457.400726 -273.460144 0.000000
vt -311.189911 -273.460144 0.000000
vt -443.135254 -215.984268 0.000000
vt -350.451477 185.885712 0.000000
vt -450.291534 96.507805 0.000000
vt -333.611908 96.507805 0.000000
vt 39.752964 247.865982 0.000000
vt 26.363934 190.158310 0.000000
vt 170.519104 190.158310 0.000000
vt -67.232658 367.726227 0.000000
vt -167.902573 278.913910 0.000000
vt -50.785534 278.913910 0.000000
vt -332.600586 298.538147 0.000000
vt -232.106812 208.681595 0.000000
vt -248.721405 298.538147 0.000000
vt -209.082504 -435.347870 0.000000
vt -222.702423 -377.715607 0.000000
vt -344.242279 -377.715607 0.000000
vt -351.394379 -435.347870 0.000000
vt -209.082504 -435.347870 0.000000
vt -344.242279 -377.715607 0.000000
vt -443.135254 -49.179855 0.000000
vt -325.906281 -49.179855 0.000000
vt -425.910706 41.149712 0.000000
vt -446.641998 81.480721 0.000000
vt -348.628479 172.857941 0.000000
vt -431.836426 172.857941 0.000000
vt 39.864857 247.767517 0.000000
vt 170.597198 189.983292 0.000000
vt 154.663315 247.767517 0.000000
vt -158.419830 366.418945 0.000000
vt -172.009583 276.055450 0.000000
vt -72.729698 366.418945 0.000000
vt 139.009186 370.018005 0.000000
vt 53.211308 370.018005 0.000000
vt 39.962837 280.672546 0.000000
vt -332.600586 192.119781 0.000000
vt -248.721405 192.119781 0.000000
vt -271.218719 409.851776 0.000000
vt -310.610596 -500.212952 0.000000
vt -206.376236 -442.487640 0.000000
vt -302.945679 -442.487640 0.000000
vt -200.018555 -500.212952 0.000000
vt -206.376236 -442.487640 0.000000
vt -310.610596 -500.212952 0.000000
vt -344.242279 -176.055878 0.000000
vt -222.702423 -176.055878 0.000000
vt -336.366425 -83.841370 0.000000
vt -429.045746 40.635662 0.000000
vt -329.736145 -50.457237 0.000000
vt -346.200836 40.635662 0.000000
vt -327.283691 -78.322311 0.000000
vt -212.388550 -168.998230 0.000000
vt -227.685379 -78.322311 0.000000
vt -431.836426 10.733636 0.000000
vt -348.628479 10.733636 0.000000
vt -403.296417 230.247604 0.000000
vt 193.304031 205.302811 0.000000
vt 195.602524 145.406067 0.000000
vt 299.468872 205.302811 0.000000
vt 138.879150 370.064850 0.000000
vt 39.864857 280.683868 0.000000
vt 154.663315 280.683868 0.000000
vt -76.355530 500.703674 0.000000
vt -158.419830 297.778076 0.000000
vt -72.729698 297.778076 0.000000
vt 149.380234 489.665894 0.000000
vt 53.211308 310.938446 0.000000
vt 139.009186 310.938446 0.000000
vt -137.325394 -498.117615 0.000000
vt -261.239166 -498.117615 0.000000
vt -275.775940 -555.945557 0.000000
vt -130.477875 -555.945557 0.000000
vt -137.325394 -498.117615 0.000000
vt -275.775940 -555.945557 0.000000
vt -294.502258 -130.868607 0.000000
vt -206.376236 -223.083115 0.000000
vt -214.252090 -130.868607 0.000000
vt -302.945679 -223.083115 0.000000
vt -206.376236 -223.083115 0.000000
vt -294.502258 -130.868607 0.000000
vt -429.045746 -178.920334 0.000000
vt -346.200836 -178.920334 0.000000
vt -424.427429 28.158180 0.000000
vt -327.283691 -340.591370 0.000000
vt -227.685379 -340.591370 0.000000
vt -327.636688 -159.173157 0.000000
vt 302.254700 201.560654 0.000000
vt 197.212906 143.750092 0.000000
vt 309.519226 143.750092 0.000000
vt 302.162079 342.962891 0.000000
vt 193.304031 251.298080 0.000000
vt 299.468872 251.298080 0.000000
vt 304.546387 340.983734 0.000000
vt 194.605881 340.983734 0.000000
vt 194.935623 250.220383 0.000000
vt 248.611664 443.144470 0.000000
vt 194.605881 272.456360 0.000000
vt 304.546387 272.456360 0.000000
vt 89.486893 -540.752258 0.000000
vt -28.883030 -540.752258 0.000000
vt -43.116611 -598.758728 0.000000
vt 103.294037 -598.758728 0.000000
vt 89.486893 -540.752258 0.000000
vt -43.116611 -598.758728 0.000000
vt -214.252090 -397.414032 0.000000
vt -254.514709 -220.519638 0.000000
vt -294.502258 -397.414032 0.000000
vt 324.177856 127.095581 0.000000
vt 317.708771 69.190613 0.000000
vt 461.305328 69.190613 0.000000
vt 446.616638 127.095581 0.000000
vt 324.177856 127.095581 0.000000
vt 461.305328 69.190613 0.000000
vt 446.616638 196.007141 0.000000
vt 343.523865 285.647644 0.000000
vt 324.177856 196.007141 0.000000
vt 336.158844 360.807220 0.000000
vt 345.067596 181.408905 0.000000
vt 429.620819 181.408905 0.000000
vt 322.929230 -531.697205 0.000000
vt 309.171753 -473.575989 0.000000
vt 178.548340 -531.697205 0.000000
vt -145.768799 -458.118927 0.000000
vt -152.304565 -276.879028 0.000000
vt -244.795898 -458.118927 0.000000
vt 539.231567 -143.100891 0.000000
vt 408.481659 -85.036285 0.000000
vt 394.437286 -143.100891 0.000000
vt 524.717407 -85.036285 0.000000
vt 408.481659 -85.036285 0.000000
vt 539.231567 -143.100891 0.000000
vt 447.251587 190.009964 0.000000
vt 429.620819 280.685089 0.000000
vt 345.067596 280.685089 0.000000
vt 425.021667 154.698212 0.000000
vt 420.255219 -47.529823 0.000000
vt 506.987518 -47.529823 0.000000
vt 294.575043 -470.239319 0.000000
vt 178.010986 -470.239319 0.000000
vt 162.713440 -525.493958 0.000000
vt 73.043610 -517.545288 0.000000
vt 67.551422 -314.143250 0.000000
vt -13.478044 -517.545288 0.000000
vt 491.823822 -362.148743 0.000000
vt 360.959961 -304.004517 0.000000
vt 346.768127 -362.148743 0.000000
vt 404.996887 -50.689758 0.000000
vt 386.556335 -268.116821 0.000000
vt 469.253113 -268.116821 0.000000
vt 487.821533 -288.186157 0.000000
vt 370.735657 -288.186157 0.000000
vt 502.810150 -343.525391 0.000000
vt 145.768799 -171.181046 0.000000
vt 261.239166 -263.395538 0.000000
vt 244.795898 -171.181046 0.000000
vt 137.325394 -263.395538 0.000000
vt 261.239166 -263.395538 0.000000
vt 145.768799 -171.181046 0.000000
vt -73.043610 -201.807144 0.000000
vt 28.883030 -294.021637 0.000000
vt 13.478044 -201.807144 0.000000
vt -89.486893 -294.021637 0.000000
vt 28.883030 -294.021637 0.000000
vt -73.043610 -201.807144 0.000000
vt -2.196338 -1.959777 0.000000
vt -2.981434 -2.949354 0.000000
vt -2.047576 -2.949354 0.000000
vt -279.170044 -157.421707 0.000000
vt -294.575043 -249.636215 0.000000
vt -196.579437 -157.421707 0.000000
vt -3.824303 1.012927 0.000000
vt -3.951051 0.023349 0.000000
vt -3.019824 0.023349 0.000000
vt -3.920653 1.952729 0.000000
vt -3.108881 0.973895 0.000000
vt -3.225794 1.952729 0.000000
vt -3.928076 -0.814570 0.000000
vt -3.029503 -0.857240 0.000000
vt -3.223429 -0.134860 0.000000
vt -3.858083 -0.104723 0.000000
vt -3.928076 -0.814570 0.000000
vt -3.223429 -0.134860 0.000000
vt 279.170044 -461.873932 0.000000
vt 258.853027 -243.870758 0.000000
vt 196.579437 -461.873932 0.000000
vt -2.360623 9.892801 0.000000
vt -2.360143 9.979742 0.000000
vt -2.205412 1.094823 0.000000
vt -2.362052 9.808001 0.000000
vt -2.364395 9.727430 0.000000
vt -2.367594 9.653072 0.000000
vt -2.371569 9.586757 0.000000
vt -2.376224 9.530119 0.000000
vt -2.381444 9.484552 0.000000
vt -2.399155 10.535507 0.000000
vt -2.404866 10.529105 0.000000
vt -2.393052 10.528665 0.000000
vt -2.387100 10.508306 0.000000
vt -2.381444 10.474932 0.000000
vt -2.376224 10.429365 0.000000
vt -2.371569 10.372727 0.000000
vt -2.367594 10.306413 0.000000
vt -2.360623 10.066683 0.000000
vt -2.364395 10.232054 0.000000
vt -2.362052 10.151483 0.000000
vt -0.973445 12.066581 0.000000
vt -4.390914 17.631680 0.000000
vt -3.449529 10.538786 0.000000
vt -2.421381 11.310281 0.000000
vt -0.279261 30.038935 0.000000
vt -5.713693 46.714821 0.000000
vt -5.495931 46.714821 0.000000
vt -5.668032 27.617147 0.000000
vt -4.970402 44.983013 0.000000
vt -4.969077 44.429920 0.000000
vt -4.490680 16.682798 0.000000
vt -4.490200 16.595858 0.000000
vt -4.488771 16.511057 0.000000
vt -4.486428 16.430487 0.000000
vt -4.483230 16.356129 0.000000
vt -4.479254 16.289812 0.000000
vt -4.904830 9.825580 0.000000
vt -4.490200 16.769739 0.000000
vt -4.488771 16.854540 0.000000
vt -4.486428 16.935110 0.000000
vt -4.483230 17.009468 0.000000
vt -4.479254 17.075783 0.000000
vt -4.474599 17.132421 0.000000
vt -4.469379 17.177988 0.000000
vt -4.463724 17.211363 0.000000
vt -4.457771 17.231722 0.000000
vt -4.451668 17.238564 0.000000
vt -4.445565 17.231722 0.000000
vt -4.439613 17.211363 0.000000
vt -4.433957 17.177988 0.000000
vt -4.428737 17.132421 0.000000
vt 3.621822 28.191982 0.000000
vt 2.201414 27.587467 0.000000
vt 3.621822 27.587467 0.000000
vt 2.201414 28.191982 0.000000
vt 1.829317 28.191982 0.000000
vt 0.376422 27.587467 0.000000
vt 1.829317 27.587467 0.000000
vt 0.376422 28.191982 0.000000
vt 0.376422 27.587467 0.000000
vt 1.829317 28.191982 0.000000
vt 4.673251 28.191982 0.000000
vt 3.232233 27.587467 0.000000
vt 4.673251 27.587467 0.000000
vt 3.232233 28.191982 0.000000
vt -1.712768 28.191982 0.000000
vt -0.272811 27.587467 0.000000
vt -0.272811 28.191982 0.000000
vt -1.712768 28.191982 0.000000
vt -1.712768 27.587467 0.000000
vt -0.272811 27.587467 0.000000
vt 4.609749 28.191982 0.000000
vt 3.146122 28.191982 0.000000
vt 3.146122 27.587467 0.000000
vt 4.609749 28.191982 0.000000
vt 3.146122 27.587467 0.000000
vt 4.609749 27.587467 0.000000
vt -3.125962 27.587467 0.000000
vt -1.991992 27.587467 0.000000
vt -1.991992 28.191982 0.000000
vt -3.125962 28.191982 0.000000
vt 3.471776 27.587467 0.000000
vt 2.130425 28.191982 0.000000
vt 2.130425 27.587467 0.000000
vt 3.547604 28.191982 0.000000
vt 2.130425 28.191982 0.000000
vt 3.471776 27.587467 0.000000
vt 3.547604 27.587467 0.000000
vt -4.646521 27.587467 0.000000
vt -3.213125 27.587467 0.000000
vt -3.213125 28.191982 0.000000
vt -4.646521 28.191982 0.000000
vt -0.279261 30.038935 0.000000
vt -0.024549 45.780563 0.000000
vt -0.062355 66.193481 0.000000
vt -0.828756 83.611343 0.000000
vt -4.969077 44.429920 0.000000
vt -0.279261 30.038935 0.000000
vt -0.828756 83.611343 0.000000
vt -4.969077 44.429920 0.000000
vt -0.828756 83.611343 0.000000
vt -2.099443 93.505775 0.000000
vt -3.537019 92.582832 0.000000
vt -4.784044 81.481491 0.000000
vt -4.970402 44.983013 0.000000
vt -4.969077 44.429920 0.000000
vt -4.784044 81.481491 0.000000
vt -5.468547 63.351593 0.000000
vt -4.970402 44.983013 0.000000
vt -4.784044 81.481491 0.000000
vt -5.495931 46.714821 0.000000
vt -4.970402 44.983013 0.000000
vt -5.468547 63.351593 0.000000
vt -5.716274 47.794441 0.000000
vt -5.495931 46.714821 0.000000
vt -5.468547 63.351593 0.000000
vt -5.716274 47.794441 0.000000
vt -5.713693 46.714821 0.000000
vt -5.495931 46.714821 0.000000
vt 3.127034 27.587467 0.000000
vt 2.007245 28.191982 0.000000
vt 2.007245 27.587467 0.000000
vt 3.127034 28.191982 0.000000
vt -5.413095 27.587467 0.000000
vt -3.970091 27.587467 0.000000
vt -3.970091 28.191982 0.000000
vt -5.413095 28.191982 0.000000
vt -3.542179 28.191982 0.000000
vt -4.990294 27.587467 0.000000
vt -3.542179 27.587467 0.000000
vt -4.990294 28.191982 0.000000
vt -1.801812 28.191982 0.000000
vt -3.240847 27.587467 0.000000
vt -1.801812 27.587467 0.000000
vt -3.240847 28.191982 0.000000
vt 0.444496 28.191982 0.000000
vt -1.025990 27.587467 0.000000
vt 0.444496 27.587467 0.000000
vt -1.025990 28.191982 0.000000
vt 2.771091 28.191982 0.000000
vt 1.326046 28.191982 0.000000
vt 1.326046 27.587467 0.000000
vt 2.771091 27.587467 0.000000
vt -0.000000 0.000000 0.000000
vt 1.000000 -0.000000 0.000000
vt 1.000000 0.230477 0.000000
vt 0.000000 0.230477 0.000000
vt 1.000000 -0.000000 0.000000
vt 0.000000 1.000000 0.000000
vt 0.000000 -0.000000 0.000000
vt 1.000000 1.000000 0.000000
vt 0.000000 1.000000 0.000000
vt 1.000000 0.000000 0.000000
vt 1.000000 1.000000 0.000000
vt 0.159867 0.061561 0.000000
vt 1.000000 0.061561 0.000000
vt 0.000000 1.000000 0.000000
vt 0.000000 0.000000 0.000000
vt 0.159867 0.000000 0.000000
vt -0.000000 1.000000 0.000000
vt 0.159867 0.000000 0.000000
vt 0.159867 0.061561 0.000000
vt 0.000000 1.000000 0.000000
vt 0.159867 0.061561 0.000000
vt 1.000000 1.000000 0.000000
vt -0.000000 0.000000 0.000000
vt 1.000000 -0.000000 0.000000
vt 1.000000 0.230477 0.000000
vt 0.000000 0.230477 0.000000
vt 0.847861 1.000000 0.000000
vt 0.855026 0.926545 0.000000
vt 0.859219 0.928410 0.000000
vt 0.847861 1.000000 0.000000
vt 0.851041 0.923489 0.000000
vt 0.855026 0.926545 0.000000
vt 0.847364 0.919315 0.000000
vt 0.851041 0.923489 0.000000
vt 0.847861 1.000000 0.000000
vt 0.123585 0.929337 0.000000
vt 0.847364 0.919315 0.000000
vt 0.847861 1.000000 0.000000
vt 0.123585 0.929337 0.000000
vt 0.844085 0.914127 0.000000
vt 0.847364 0.919315 0.000000
vt 0.123585 0.929337 0.000000
vt 0.841284 0.908053 0.000000
vt 0.844085 0.914127 0.000000
vt 0.123585 0.929337 0.000000
vt 0.839031 0.901243 0.000000
vt 0.841284 0.908053 0.000000
vt 0.123585 0.929337 0.000000
vt 0.837381 0.893863 0.000000
vt 0.839031 0.901243 0.000000
vt 0.123585 0.929337 0.000000
vt 0.836374 0.886096 0.000000
vt 0.837381 0.893863 0.000000
vt 0.123585 0.929337 0.000000
vt 0.836036 0.878133 0.000000
vt 0.836374 0.886096 0.000000
vt 0.000000 -0.000000 0.000000
vt 1.000000 0.064344 0.000000
vt 0.875156 0.832134 0.000000
vt 0.000000 0.000000 0.000000
vt 0.875156 0.832134 0.000000
vt 0.872010 0.829721 0.000000
vt 0.000000 0.000000 0.000000
vt 0.872010 0.829721 0.000000
vt 0.867817 0.827856 0.000000
vt 0.000000 0.000000 0.000000
vt 0.867817 0.827856 0.000000
vt 0.863518 0.827229 0.000000
vt 0.000000 -0.000000 0.000000
vt 0.863518 0.827229 0.000000
vt 0.859219 0.827856 0.000000
vt 0.000000 -0.000000 0.000000
vt 0.859219 0.827856 0.000000
vt 0.855026 0.829721 0.000000
vt 0.000000 0.000000 0.000000
vt 0.855026 0.829721 0.000000
vt 0.851041 0.832777 0.000000
vt 0.000000 0.000000 0.000000
vt 0.851041 0.832777 0.000000
vt 0.847364 0.836951 0.000000
vt -0.000000 0.000000 0.000000
vt 0.847364 0.836951 0.000000
vt 0.844085 0.842139 0.000000
vt -0.000000 0.000000 0.000000
vt 0.844085 0.842139 0.000000
vt 0.841284 0.848213 0.000000
vt 0.000000 0.000000 0.000000
vt 0.841284 0.848213 0.000000
vt 0.839031 0.855023 0.000000
vt 0.000000 0.000000 0.000000
vt 0.839031 0.855023 0.000000
vt 0.837381 0.862403 0.000000
vt -0.000000 0.000000 0.000000
vt 0.837381 0.862403 0.000000
vt 0.836374 0.870170 0.000000
vt 0.000000 -0.000000 0.000000
vt 0.836374 0.870170 0.000000
vt 0.836036 0.878133 0.000000
vt -0.000000 0.000000 0.000000
vt 0.836036 0.878133 0.000000
vt 0.123585 0.929337 0.000000
vt -4.904830 9.825580 0.000000
vt -4.479254 16.289812 0.000000
vt -4.474599 16.233175 0.000000
vt -4.904830 9.825580 0.000000
vt -4.474599 16.233175 0.000000
vt -4.469379 16.187609 0.000000
vt -4.904830 9.825580 0.000000
vt -4.469379 16.187609 0.000000
vt -4.463724 16.154234 0.000000
vt -4.904830 9.825580 0.000000
vt -4.463724 16.154234 0.000000
vt -4.457771 16.133877 0.000000
vt -4.904830 9.825580 0.000000
vt -4.457771 16.133877 0.000000
vt -4.451668 16.127033 0.000000
vt -4.904830 9.825580 0.000000
vt -4.451668 16.127033 0.000000
vt -4.445565 16.133877 0.000000
vt -4.904830 9.825580 0.000000
vt -4.445565 16.133877 0.000000
vt -4.439613 16.154234 0.000000
vt -4.904830 9.825580 0.000000
vt -4.439613 16.154234 0.000000
vt -4.433957 16.187609 0.000000
vt -4.904830 9.825580 0.000000
vt -4.433957 16.187609 0.000000
vt -4.428737 16.233175 0.000000
vt -4.904830 9.825580 0.000000
vt -4.428737 16.233175 0.000000
vt -4.424082 16.289812 0.000000
vt -4.413136 16.595858 0.000000
vt -4.412656 16.682798 0.000000
vt -4.390914 17.631680 0.000000
vt -4.414565 16.511057 0.000000
vt -4.413136 16.595858 0.000000
vt -4.390914 17.631680 0.000000
vt -4.904830 9.825580 0.000000
vt -4.424082 16.289812 0.000000
vt -3.624964 0.392319 0.000000
vt -4.424082 16.289812 0.000000
vt -4.420107 16.356129 0.000000
vt -3.624964 0.392319 0.000000
vt -4.420107 16.356129 0.000000
vt -4.416908 16.430487 0.000000
vt -3.624964 0.392319 0.000000
vt -4.416908 16.430487 0.000000
vt -4.414565 16.511057 0.000000
vt -3.624964 0.392319 0.000000
vt -4.414565 16.511057 0.000000
vt -4.390914 17.631680 0.000000
vt -3.624964 0.392319 0.000000
vt -4.390914 17.631680 0.000000
vt -3.449529 10.538786 0.000000
vt -3.624964 0.392319 0.000000
vt -4.424082 17.075783 0.000000
vt -4.390914 17.631680 0.000000
vt -4.420107 17.009468 0.000000
vt -4.420107 17.009468 0.000000
vt -4.390914 17.631680 0.000000
vt -4.416908 16.935110 0.000000
vt -4.416908 16.935110 0.000000
vt -4.390914 17.631680 0.000000
vt -4.414565 16.854540 0.000000
vt -4.414565 16.854540 0.000000
vt -4.390914 17.631680 0.000000
vt -4.413136 16.769739 0.000000
vt -4.413136 16.769739 0.000000
vt -4.390914 17.631680 0.000000
vt -4.412656 16.682798 0.000000
vt 0.102247 0.421043 0.000000
vt 0.019053 0.002542 0.000000
vt 0.106357 0.420552 0.000000
vt 0.110514 0.420715 0.000000
vt 0.114617 0.421529 0.000000
vt 0.118563 0.422973 0.000000
vt 0.122258 0.425012 0.000000
vt 0.125608 0.427596 0.000000
vt 0.128532 0.430661 0.000000
vt 0.130958 0.434131 0.000000
vt 0.132825 0.437922 0.000000
vt 0.134088 0.441940 0.000000
vt 0.130809 0.461910 0.000000
vt 0.132716 0.458268 0.000000
vt 0.119515 0.507916 0.000000
vt 0.134022 0.454351 0.000000
vt 0.994721 0.111794 0.000000
vt 0.134717 0.446085 0.000000
vt 0.134694 0.450256 0.000000
vt 0.841032 0.582128 0.000000
vt 0.111974 0.473509 0.000000
vt 0.118301 0.472092 0.000000
vt 0.122015 0.470343 0.000000
vt 0.125392 0.468024 0.000000
vt 0.128347 0.465189 0.000000
vt 0.828843 0.591380 0.000000
vt 0.837182 0.552965 0.000000
vt 0.841404 0.554208 0.000000
vt 0.833341 0.551125 0.000000
vt 0.829820 0.548712 0.000000
vt 0.121768 0.513192 0.000000
vt 0.826707 0.545786 0.000000
vt 0.824078 0.542418 0.000000
vt 0.821998 0.538692 0.000000
vt 0.820518 0.534698 0.000000
vt 0.819674 0.530537 0.000000
vt 0.819488 0.526310 0.000000
vt 0.017760 0.015089 0.000000
vt 0.994612 0.105488 0.000000
vt 0.858826 0.504323 0.000000
vt 0.855550 0.502754 0.000000
vt 0.851483 0.501532 0.000000
vt 0.847290 0.500958 0.000000
vt 0.843073 0.501047 0.000000
vt 0.838938 0.501796 0.000000
vt 0.834987 0.503187 0.000000
vt 0.831314 0.505185 0.000000
vt 0.828013 0.507741 0.000000
vt 0.825164 0.510793 0.000000
vt 0.822837 0.514265 0.000000
vt 0.821089 0.518072 0.000000
vt 0.819963 0.522120 0.000000
# 5069 texture coords

g Ingeri_bastion_kohvik
usemtl auto21
s 1
f -840/-5069/-4590 -839/-5068/-4589 -838/-5067/-4588 
f -837/-5066/-4587 -839/-5065/-4586 -840/-5064/-4585 
s 2
f -836/-5063/-4584 -838/-5062/-4583 -835/-5061/-4582 
f -840/-5060/-4581 -838/-5059/-4580 -836/-5058/-4579 
s 1
f -834/-5042/-4578 -835/-5041/-4577 -833/-5040/-4576 
f -836/-5039/-4575 -835/-5038/-4574 -834/-5037/-4573 
s 2
f -832/-5036/-4572 -834/-5035/-4571 -833/-5034/-4570 
f -831/-5033/-4569 -834/-5032/-4568 -832/-5031/-4567 
s 1
f -830/-5030/-4566 -831/-5029/-4565 -832/-5028/-4564 
f -830/-5027/-4563 -829/-5026/-4562 -831/-5025/-4561 
f -828/-5024/-4560 -829/-5023/-4559 -830/-5022/-4558 
s 2
f -827/-5015/-4557 -839/-5014/-4556 -837/-5013/-4555 
f -827/-5012/-4554 -826/-5011/-4553 -839/-5010/-4552 
usemtl auto38
s 1
f -823/-5003/-4551 -824/-5002/-4550 -825/-5001/-4549 
f -822/-5000/-4548 -823/-4999/-4547 -825/-4998/-4546 
f -821/-4997/-4545 -823/-4996/-4544 -822/-4995/-4543 
f -820/-4994/-4542 -821/-4993/-4541 -822/-4992/-4540 
f -819/-4991/-4539 -821/-4990/-4538 -820/-4989/-4537 
f -818/-4988/-4536 -819/-4987/-4535 -820/-4986/-4534 
f -817/-4985/-4533 -819/-4984/-4532 -818/-4983/-4531 
f -816/-4982/-4530 -817/-4981/-4529 -818/-4980/-4528 
f -815/-4979/-4527 -817/-4978/-4526 -816/-4977/-4525 
f -814/-4976/-4524 -815/-4975/-4523 -816/-4974/-4522 
f -813/-4973/-4521 -815/-4972/-4520 -814/-4971/-4519 
f -813/-4970/-4518 -814/-4969/-4517 -812/-4968/-4516 
f -811/-4967/-4515 -813/-4966/-4514 -812/-4965/-4513 
f -810/-4964/-4512 -813/-4963/-4511 -811/-4962/-4510 
f -809/-4961/-4509 -810/-4960/-4508 -811/-4959/-4507 
f -808/-4958/-4506 -810/-4957/-4505 -809/-4956/-4504 
f -807/-4955/-4503 -808/-4954/-4502 -809/-4953/-4501 
f -806/-4952/-4500 -808/-4951/-4499 -807/-4950/-4498 
f -806/-4949/-4497 -807/-4948/-4496 -805/-4947/-4495 
f -806/-4946/-4494 -805/-4945/-4493 -804/-4944/-4492 
f -806/-4943/-4491 -804/-4942/-4490 -803/-4941/-4489 
f -802/-4940/-4488 -806/-4939/-4487 -803/-4938/-4486 
f -801/-4937/-4485 -806/-4936/-4484 -802/-4935/-4483 
f -800/-4934/-4482 -801/-4933/-4481 -802/-4932/-4480 
f -799/-4931/-4479 -801/-4930/-4478 -800/-4929/-4477 
f -798/-4928/-4476 -799/-4927/-4475 -800/-4926/-4474 
f -797/-4925/-4473 -799/-4924/-4472 -798/-4923/-4471 
f -796/-4922/-4470 -797/-4921/-4469 -798/-4920/-4468 
f -795/-4919/-4467 -797/-4918/-4466 -796/-4917/-4465 
f -794/-4916/-4464 -795/-4915/-4463 -796/-4914/-4462 
f -793/-4913/-4461 -795/-4912/-4460 -794/-4911/-4459 
f -792/-4910/-4458 -793/-4909/-4457 -794/-4908/-4456 
f -791/-4907/-4455 -793/-4906/-4454 -792/-4905/-4453 
f -790/-4904/-4452 -791/-4903/-4451 -792/-4902/-4450 
f -789/-4901/-4449 -791/-4900/-4448 -790/-4899/-4447 
f -788/-4898/-4446 -789/-4897/-4445 -790/-4896/-4444 
f -787/-4895/-4443 -789/-4894/-4442 -788/-4893/-4441 
f -786/-4892/-4440 -787/-4891/-4439 -788/-4890/-4438 
f -785/-4889/-4437 -787/-4888/-4436 -786/-4887/-4435 
s 2
f -784/-4886/-4434 -815/-4885/-4433 -813/-4884/-4432 
f -817/-4883/-4431 -815/-4882/-4430 -783/-4881/-4429 
f -819/-4880/-4428 -817/-4879/-4427 -782/-4878/-4426 
f -821/-4877/-4425 -819/-4876/-4424 -781/-4875/-4423 
f -823/-4874/-4422 -821/-4873/-4421 -780/-4872/-4420 
f -824/-4871/-4419 -823/-4870/-4418 -779/-4869/-4417 
f -825/-4865/-4416 -824/-4864/-4415 -778/-4863/-4414 
f -822/-4862/-4413 -825/-4861/-4412 -777/-4860/-4411 
f -820/-4859/-4410 -822/-4858/-4409 -776/-4857/-4408 
f -818/-4856/-4407 -820/-4855/-4406 -775/-4854/-4405 
f -816/-4853/-4404 -818/-4852/-4403 -775/-4851/-4402 
f -814/-4850/-4401 -816/-4849/-4400 -774/-4848/-4399 
f -773/-4847/-4398 -812/-4846/-4397 -814/-4845/-4396 
f -772/-4844/-4395 -811/-4843/-4394 -812/-4842/-4393 
f -771/-4841/-4392 -809/-4840/-4391 -811/-4839/-4390 
f -770/-4838/-4389 -807/-4837/-4388 -809/-4836/-4387 
f -770/-4835/-4386 -805/-4834/-4385 -807/-4833/-4384 
f -769/-4832/-4383 -804/-4831/-4382 -805/-4830/-4381 
f -768/-4829/-4380 -803/-4828/-4379 -804/-4827/-4378 
f -767/-4826/-4377 -802/-4825/-4376 -803/-4824/-4375 
f -766/-4823/-4374 -800/-4822/-4373 -802/-4821/-4372 
f -765/-4820/-4371 -798/-4819/-4370 -800/-4818/-4369 
f -764/-4817/-4368 -796/-4816/-4367 -798/-4815/-4366 
f -796/-4814/-4365 -763/-4813/-4364 -794/-4812/-4363 
f -794/-4811/-4362 -762/-4810/-4361 -792/-4809/-4360 
f -792/-4808/-4359 -761/-4807/-4358 -790/-4806/-4357 
f -761/-4805/-4356 -788/-4804/-4355 -790/-4803/-4354 
f -760/-4802/-4353 -786/-4801/-4352 -788/-4800/-4351 
f -759/-4799/-4350 -785/-4798/-4349 -786/-4797/-4348 
f -758/-4796/-4347 -787/-4795/-4346 -785/-4794/-4345 
f -757/-4793/-4344 -789/-4792/-4343 -787/-4791/-4342 
f -789/-4790/-4341 -756/-4789/-4340 -791/-4788/-4339 
f -791/-4787/-4338 -755/-4786/-4337 -793/-4785/-4336 
f -793/-4784/-4335 -754/-4783/-4334 -795/-4782/-4333 
f -753/-4781/-4332 -797/-4780/-4331 -795/-4779/-4330 
f -752/-4778/-4329 -799/-4777/-4328 -797/-4776/-4327 
f -751/-4775/-4326 -801/-4774/-4325 -799/-4773/-4324 
f -751/-4772/-4323 -806/-4771/-4322 -801/-4770/-4321 
s 4
f -806/-4769/-4320 -750/-4768/-4319 -749/-4767/-4318 
f -806/-4766/-4317 -749/-4765/-4316 -808/-4764/-4315 
s 2
f -748/-4763/-4314 -810/-4762/-4313 -808/-4761/-4312 
f -747/-4760/-4311 -813/-4759/-4310 -810/-4758/-4309 
f -784/-4757/-4308 -813/-4756/-4307 -747/-4755/-4306 
f -746/-4754/-4305 -784/-4753/-4304 -747/-4752/-4303 
f -745/-4751/-4302 -784/-4750/-4301 -746/-4749/-4300 
f -783/-4748/-4299 -815/-4747/-4298 -784/-4746/-4297 
f -745/-4745/-4296 -783/-4744/-4295 -784/-4743/-4294 
f -744/-4742/-4293 -783/-4741/-4292 -745/-4740/-4291 
f -743/-4739/-4290 -783/-4738/-4289 -744/-4737/-4288 
f -743/-4736/-4287 -817/-4735/-4286 -783/-4734/-4285 
f -782/-4733/-4284 -817/-4732/-4283 -743/-4731/-4282 
f -742/-4730/-4281 -782/-4729/-4280 -743/-4728/-4279 
f -742/-4727/-4278 -819/-4726/-4277 -782/-4725/-4276 
f -781/-4724/-4275 -819/-4723/-4274 -742/-4722/-4273 
f -741/-4721/-4272 -781/-4720/-4271 -742/-4719/-4270 
f -741/-4718/-4269 -821/-4717/-4268 -781/-4716/-4267 
f -780/-4715/-4266 -821/-4714/-4265 -741/-4713/-4264 
f -740/-4712/-4263 -780/-4711/-4262 -741/-4710/-4261 
f -740/-4709/-4260 -823/-4708/-4259 -780/-4707/-4258 
f -779/-4706/-4257 -823/-4705/-4256 -740/-4704/-4255 
f -739/-4703/-4254 -779/-4702/-4253 -740/-4701/-4252 
f -739/-4700/-4251 -824/-4699/-4250 -779/-4698/-4249 
f -778/-4697/-4248 -824/-4696/-4247 -739/-4695/-4246 
f -738/-4694/-4245 -778/-4693/-4244 -739/-4692/-4243 
f -738/-4691/-4242 -825/-4690/-4241 -778/-4689/-4240 
f -777/-4688/-4239 -825/-4687/-4238 -738/-4686/-4237 
f -737/-4685/-4236 -777/-4684/-4235 -738/-4683/-4234 
f -737/-4682/-4233 -822/-4681/-4232 -777/-4680/-4231 
f -776/-4679/-4230 -822/-4678/-4229 -737/-4677/-4228 
f -736/-4676/-4227 -776/-4675/-4226 -737/-4674/-4225 
f -736/-4673/-4224 -820/-4672/-4223 -776/-4671/-4222 
f -775/-4670/-4221 -820/-4669/-4220 -736/-4668/-4219 
f -735/-4667/-4218 -775/-4666/-4217 -736/-4665/-4216 
f -774/-4664/-4215 -775/-4663/-4214 -735/-4662/-4213 
f -816/-4661/-4212 -775/-4660/-4211 -774/-4659/-4210 
f -734/-4658/-4209 -774/-4657/-4208 -735/-4656/-4207 
f -773/-4655/-4206 -774/-4654/-4205 -734/-4653/-4204 
f -814/-4652/-4203 -774/-4651/-4202 -773/-4650/-4201 
f -772/-4649/-4200 -812/-4648/-4199 -773/-4647/-4198 
f -734/-4646/-4197 -772/-4645/-4196 -773/-4644/-4195 
f -733/-4643/-4194 -772/-4642/-4193 -734/-4641/-4192 
f -771/-4640/-4191 -811/-4639/-4190 -772/-4638/-4189 
f -733/-4637/-4188 -771/-4636/-4187 -772/-4635/-4186 
f -732/-4634/-4185 -771/-4633/-4184 -733/-4632/-4183 
f -770/-4631/-4182 -809/-4630/-4181 -771/-4629/-4180 
f -732/-4628/-4179 -770/-4627/-4178 -771/-4626/-4177 
f -731/-4625/-4176 -770/-4624/-4175 -732/-4623/-4174 
f -769/-4622/-4173 -805/-4621/-4172 -770/-4620/-4171 
f -731/-4619/-4170 -769/-4618/-4169 -770/-4617/-4168 
f -730/-4616/-4167 -769/-4615/-4166 -731/-4614/-4165 
f -768/-4613/-4164 -804/-4612/-4163 -769/-4611/-4162 
f -730/-4610/-4161 -768/-4609/-4160 -769/-4608/-4159 
f -729/-4607/-4158 -768/-4606/-4157 -730/-4605/-4156 
f -767/-4604/-4155 -803/-4603/-4154 -768/-4602/-4153 
f -729/-4601/-4152 -767/-4600/-4151 -768/-4599/-4150 
f -728/-4598/-4149 -767/-4597/-4148 -729/-4596/-4147 
f -766/-4595/-4146 -802/-4594/-4145 -767/-4593/-4144 
f -728/-4592/-4143 -766/-4591/-4142 -767/-4590/-4141 
f -727/-4589/-4140 -766/-4588/-4139 -728/-4587/-4138 
f -765/-4586/-4137 -800/-4585/-4136 -766/-4584/-4135 
f -727/-4583/-4134 -765/-4582/-4133 -766/-4581/-4132 
f -726/-4580/-4131 -765/-4579/-4130 -727/-4578/-4129 
f -764/-4577/-4128 -798/-4576/-4127 -765/-4575/-4126 
f -726/-4574/-4125 -764/-4573/-4124 -765/-4572/-4123 
f -725/-4571/-4122 -764/-4570/-4121 -726/-4569/-4120 
f -763/-4568/-4119 -796/-4567/-4118 -764/-4566/-4117 
f -725/-4565/-4116 -763/-4564/-4115 -764/-4563/-4114 
f -724/-4562/-4113 -763/-4561/-4112 -725/-4560/-4111 
f -794/-4559/-4110 -723/-4558/-4109 -762/-4557/-4108 
f -724/-4556/-4107 -723/-4555/-4106 -794/-4554/-4105 
f -724/-4553/-4104 -794/-4552/-4103 -763/-4551/-4102 
f -792/-4550/-4101 -722/-4549/-4100 -761/-4548/-4099 
f -723/-4547/-4098 -722/-4546/-4097 -792/-4545/-4096 
f -723/-4544/-4095 -792/-4543/-4094 -762/-4542/-4093 
f -761/-4541/-4092 -760/-4540/-4091 -788/-4539/-4090 
f -761/-4538/-4089 -721/-4537/-4088 -760/-4536/-4087 
f -722/-4535/-4086 -721/-4534/-4085 -761/-4533/-4084 
f -760/-4532/-4083 -759/-4531/-4082 -786/-4530/-4081 
f -760/-4529/-4080 -720/-4528/-4079 -759/-4527/-4078 
f -721/-4526/-4077 -720/-4525/-4076 -760/-4524/-4075 
f -759/-4523/-4074 -758/-4522/-4073 -785/-4521/-4072 
f -759/-4520/-4071 -719/-4519/-4070 -758/-4518/-4069 
f -720/-4517/-4068 -719/-4516/-4067 -759/-4515/-4066 
f -758/-4514/-4065 -757/-4513/-4064 -787/-4512/-4063 
f -758/-4511/-4062 -718/-4510/-4061 -757/-4509/-4060 
f -719/-4508/-4059 -718/-4507/-4058 -758/-4506/-4057 
f -789/-4505/-4056 -717/-4504/-4055 -756/-4503/-4054 
f -718/-4502/-4053 -717/-4501/-4052 -789/-4500/-4051 
f -718/-4499/-4050 -789/-4498/-4049 -757/-4497/-4048 
f -791/-4496/-4047 -716/-4495/-4046 -755/-4494/-4045 
f -717/-4493/-4044 -716/-4492/-4043 -791/-4491/-4042 
f -717/-4490/-4041 -791/-4489/-4040 -756/-4488/-4039 
f -793/-4487/-4038 -715/-4486/-4037 -754/-4485/-4036 
f -716/-4484/-4035 -715/-4483/-4034 -793/-4482/-4033 
f -716/-4481/-4032 -793/-4480/-4031 -755/-4479/-4030 
f -795/-4478/-4029 -714/-4477/-4028 -753/-4476/-4027 
f -715/-4475/-4026 -714/-4474/-4025 -795/-4473/-4024 
f -715/-4472/-4023 -795/-4471/-4022 -754/-4470/-4021 
f -752/-4469/-4020 -797/-4468/-4019 -753/-4467/-4018 
f -714/-4466/-4017 -752/-4465/-4016 -753/-4464/-4015 
f -713/-4463/-4014 -752/-4462/-4013 -714/-4461/-4012 
f -751/-4460/-4011 -799/-4459/-4010 -752/-4458/-4009 
f -713/-4457/-4008 -751/-4456/-4007 -752/-4455/-4006 
f -712/-4454/-4005 -751/-4453/-4004 -713/-4452/-4003 
f -711/-4451/-4002 -806/-4450/-4001 -751/-4449/-4000 
f -711/-4448/-3999 -751/-4447/-3998 -712/-4446/-3997 
f -748/-4445/-3996 -749/-4444/-3995 -710/-4443/-3994 
f -748/-4442/-3993 -808/-4441/-3992 -749/-4440/-3991 
f -709/-4439/-3990 -750/-4438/-3989 -806/-4437/-3988 
s 1
f -750/-4436/-3987 -710/-4435/-3986 -749/-4434/-3985 
f -750/-4433/-3984 -708/-4432/-3983 -710/-4431/-3982 
f -750/-4430/-3981 -707/-4429/-3980 -708/-4428/-3979 
f -750/-4427/-3978 -706/-4426/-3977 -707/-4425/-3976 
s 2
f -747/-4424/-3975 -810/-4423/-3974 -748/-4422/-3973 
f -705/-4421/-3972 -747/-4420/-3971 -748/-4419/-3970 
f -746/-4418/-3969 -747/-4417/-3968 -705/-4416/-3967 
s 1
f -728/-4415/-3966 -746/-4414/-3965 -705/-4413/-3964 
f -728/-4412/-3963 -705/-4411/-3962 -704/-4410/-3961 
f -728/-4409/-3960 -704/-4408/-3959 -703/-4407/-3958 
f -702/-4406/-3957 -728/-4405/-3956 -703/-4404/-3955 
f -711/-4400/-3954 -728/-4399/-3953 -702/-4398/-3952 
f -727/-4397/-3951 -728/-4396/-3950 -711/-4395/-3949 
f -712/-4394/-3948 -727/-4393/-3947 -711/-4392/-3946 
f -726/-4391/-3945 -727/-4390/-3944 -712/-4389/-3943 
f -713/-4388/-3942 -726/-4387/-3941 -712/-4386/-3940 
f -725/-4385/-3939 -726/-4384/-3938 -713/-4383/-3937 
f -714/-4382/-3936 -725/-4381/-3935 -713/-4380/-3934 
f -724/-4379/-3933 -725/-4378/-3932 -714/-4377/-3931 
f -715/-4376/-3930 -724/-4375/-3929 -714/-4374/-3928 
f -723/-4373/-3927 -724/-4372/-3926 -715/-4371/-3925 
f -716/-4370/-3924 -723/-4369/-3923 -715/-4368/-3922 
f -722/-4367/-3921 -723/-4366/-3920 -716/-4365/-3919 
f -717/-4364/-3918 -722/-4363/-3917 -716/-4362/-3916 
f -721/-4361/-3915 -722/-4360/-3914 -717/-4359/-3913 
f -718/-4358/-3912 -721/-4357/-3911 -717/-4356/-3910 
f -720/-4355/-3909 -721/-4354/-3908 -718/-4353/-3907 
f -719/-4352/-3906 -720/-4351/-3905 -718/-4350/-3904 
s 2
f -711/-4349/-3903 -709/-4348/-3902 -806/-4347/-3901 
f -702/-4346/-3900 -709/-4345/-3899 -711/-4344/-3898 
f -748/-4343/-3897 -710/-4342/-3896 -701/-4341/-3895 
f -704/-4340/-3894 -748/-4339/-3893 -701/-4338/-3892 
f -705/-4337/-3891 -748/-4336/-3890 -704/-4335/-3889 
f -709/-4334/-3888 -706/-4333/-3887 -750/-4332/-3886 
f -700/-4331/-3885 -708/-4330/-3884 -707/-4329/-3883 
f -701/-4328/-3882 -710/-4327/-3881 -708/-4326/-3880 
f -709/-4325/-3879 -707/-4324/-3878 -706/-4323/-3877 
f -701/-4322/-3876 -708/-4321/-3875 -700/-4320/-3874 
f -703/-4319/-3873 -701/-4318/-3872 -700/-4317/-3871 
f -704/-4316/-3870 -701/-4315/-3869 -703/-4314/-3868 
f -700/-4313/-3867 -707/-4312/-3866 -709/-4311/-3865 
f -702/-4310/-3864 -700/-4309/-3863 -709/-4308/-3862 
f -703/-4307/-3861 -700/-4306/-3860 -702/-4305/-3859 
s 1
f -699/-4304/-3858 -698/-4303/-3857 -697/-4302/-3856 
f -696/-4301/-3855 -699/-4300/-3854 -697/-4299/-3853 
f -695/-4298/-3852 -699/-4297/-3851 -696/-4296/-3850 
f -694/-4295/-3849 -695/-4294/-3848 -696/-4293/-3847 
f -693/-4292/-3846 -695/-4291/-3845 -694/-4290/-3844 
f -692/-4289/-3843 -693/-4288/-3842 -694/-4287/-3841 
f -691/-4286/-3840 -693/-4285/-3839 -692/-4284/-3838 
f -690/-4283/-3837 -691/-4282/-3836 -692/-4281/-3835 
f -689/-4280/-3834 -691/-4279/-3833 -690/-4278/-3832 
f -688/-4277/-3831 -689/-4276/-3830 -690/-4275/-3829 
f -687/-4271/-3828 -689/-4270/-3827 -688/-4269/-3826 
f -687/-4268/-3825 -688/-4267/-3824 -686/-4266/-3823 
f -687/-4265/-3822 -686/-4264/-3821 -685/-4263/-3820 
f -687/-4262/-3819 -685/-4261/-3818 -684/-4260/-3817 
f -687/-4259/-3816 -684/-4258/-3815 -683/-4257/-3814 
f -687/-4256/-3813 -683/-4255/-3812 -682/-4254/-3811 
f -687/-4253/-3810 -682/-4252/-3809 -681/-4251/-3808 
f -687/-4250/-3807 -681/-4249/-3806 -680/-4248/-3805 
f -687/-4247/-3804 -680/-4246/-3803 -679/-4245/-3802 
s 2
f -689/-4244/-3801 -678/-4243/-3800 -677/-4242/-3799 
f -689/-4238/-3798 -676/-4237/-3797 -691/-4236/-3796 
f -677/-4235/-3795 -676/-4234/-3794 -689/-4233/-3793 
f -691/-4232/-3792 -675/-4231/-3791 -693/-4230/-3790 
f -676/-4229/-3789 -675/-4228/-3788 -691/-4227/-3787 
f -693/-4226/-3786 -674/-4225/-3785 -695/-4224/-3784 
f -675/-4223/-3783 -674/-4222/-3782 -693/-4221/-3781 
f -695/-4220/-3780 -673/-4219/-3779 -699/-4218/-3778 
f -674/-4217/-3777 -673/-4216/-3776 -695/-4215/-3775 
f -699/-4214/-3774 -672/-4213/-3773 -698/-4212/-3772 
f -673/-4211/-3771 -672/-4210/-3770 -699/-4209/-3769 
f -698/-4208/-3768 -671/-4207/-3767 -697/-4206/-3766 
f -672/-4205/-3765 -671/-4204/-3764 -698/-4203/-3763 
f -697/-4202/-3762 -670/-4201/-3761 -696/-4200/-3760 
f -671/-4199/-3759 -670/-4198/-3758 -697/-4197/-3757 
f -696/-4196/-3756 -669/-4195/-3755 -694/-4194/-3754 
f -670/-4193/-3753 -669/-4192/-3752 -696/-4191/-3751 
f -694/-4190/-3750 -668/-4189/-3749 -692/-4188/-3748 
f -669/-4187/-3747 -668/-4186/-3746 -694/-4185/-3745 
f -692/-4184/-3744 -667/-4183/-3743 -690/-4182/-3742 
f -668/-4181/-3741 -667/-4180/-3740 -692/-4179/-3739 
f -688/-4178/-3738 -667/-4177/-3737 -666/-4176/-3736 
f -690/-4175/-3735 -667/-4174/-3734 -688/-4173/-3733 
f -686/-4172/-3732 -666/-4171/-3731 -665/-4170/-3730 
f -688/-4169/-3729 -666/-4168/-3728 -686/-4167/-3727 
f -685/-4166/-3726 -665/-4165/-3725 -664/-4164/-3724 
f -686/-4163/-3723 -665/-4162/-3722 -685/-4161/-3721 
f -684/-4160/-3720 -664/-4159/-3719 -663/-4158/-3718 
f -685/-4157/-3717 -664/-4156/-3716 -684/-4155/-3715 
f -683/-4154/-3714 -663/-4153/-3713 -662/-4152/-3712 
f -684/-4151/-3711 -663/-4150/-3710 -683/-4149/-3709 
f -682/-4148/-3708 -662/-4147/-3707 -661/-4146/-3706 
f -683/-4145/-3705 -662/-4144/-3704 -682/-4143/-3703 
f -681/-4142/-3702 -661/-4141/-3701 -660/-4140/-3700 
f -682/-4139/-3699 -661/-4138/-3698 -681/-4137/-3697 
f -680/-4136/-3696 -660/-4135/-3695 -659/-4134/-3694 
f -681/-4133/-3693 -660/-4132/-3692 -680/-4131/-3691 
f -679/-4130/-3690 -659/-4129/-3689 -658/-4128/-3688 
f -680/-4127/-3687 -659/-4126/-3686 -679/-4125/-3685 
f -687/-4124/-3684 -658/-4123/-3683 -657/-4122/-3682 
f -679/-4121/-3681 -658/-4120/-3680 -687/-4119/-3679 
f -689/-4118/-3678 -656/-4117/-3677 -678/-4116/-3676 
f -655/-4115/-3675 -656/-4114/-3674 -689/-4113/-3673 
s 1
f -671/-4112/-3672 -672/-4111/-3671 -673/-4110/-3670 
f -674/-4109/-3669 -671/-4108/-3668 -673/-4107/-3667 
f -670/-4106/-3666 -671/-4105/-3665 -674/-4104/-3664 
f -675/-4103/-3663 -670/-4102/-3662 -674/-4101/-3661 
f -669/-4100/-3660 -670/-4099/-3659 -675/-4098/-3658 
f -676/-4097/-3657 -669/-4096/-3656 -675/-4095/-3655 
f -668/-4094/-3654 -669/-4093/-3653 -676/-4092/-3652 
f -677/-4091/-3651 -668/-4090/-3650 -676/-4089/-3649 
f -667/-4088/-3648 -668/-4087/-3647 -677/-4086/-3646 
f -678/-4085/-3645 -667/-4084/-3644 -677/-4083/-3643 
f -666/-4082/-3642 -667/-4081/-3641 -678/-4080/-3640 
f -656/-4079/-3639 -666/-4078/-3638 -678/-4077/-3637 
f -665/-4076/-3636 -666/-4075/-3635 -656/-4074/-3634 
f -654/-4073/-3633 -665/-4072/-3632 -656/-4071/-3631 
f -664/-4070/-3630 -665/-4069/-3629 -654/-4068/-3628 
f -653/-4067/-3627 -664/-4066/-3626 -654/-4065/-3625 
f -663/-4064/-3624 -664/-4063/-3623 -653/-4062/-3622 
f -652/-4061/-3621 -663/-4060/-3620 -653/-4059/-3619 
f -662/-4058/-3618 -663/-4057/-3617 -652/-4056/-3616 
f -651/-4055/-3615 -662/-4054/-3614 -652/-4053/-3613 
f -661/-4052/-3612 -662/-4051/-3611 -651/-4050/-3610 
f -650/-4049/-3609 -661/-4048/-3608 -651/-4047/-3607 
f -660/-4046/-3606 -661/-4045/-3605 -650/-4044/-3604 
f -649/-4043/-3603 -660/-4042/-3602 -650/-4041/-3601 
f -659/-4040/-3600 -660/-4039/-3599 -649/-4038/-3598 
f -648/-4037/-3597 -659/-4036/-3596 -649/-4035/-3595 
f -658/-4034/-3594 -659/-4033/-3593 -648/-4032/-3592 
f -647/-4031/-3591 -658/-4030/-3590 -648/-4029/-3589 
f -657/-4028/-3588 -658/-4027/-3587 -647/-4026/-3586 
f -646/-4025/-3585 -657/-4024/-3584 -647/-4023/-3583 
f -645/-4022/-3582 -657/-4021/-3581 -646/-4020/-3580 
f -644/-4019/-3579 -645/-4018/-3578 -646/-4017/-3577 
f -643/-4016/-3576 -645/-4015/-3575 -644/-4014/-3574 
f -642/-4013/-3573 -643/-4012/-3572 -644/-4011/-3571 
f -641/-4010/-3570 -643/-4009/-3569 -642/-4008/-3568 
f -640/-4007/-3567 -641/-4006/-3566 -642/-4005/-3565 
f -639/-4004/-3564 -641/-4003/-3563 -640/-4002/-3562 
f -638/-4001/-3561 -639/-4000/-3560 -640/-3999/-3559 
s 2
f -645/-3998/-3558 -687/-3997/-3557 -657/-3996/-3556 
f -637/-3995/-3555 -687/-3994/-3554 -645/-3993/-3553 
f -655/-3992/-3552 -654/-3991/-3551 -656/-3990/-3550 
f -636/-3989/-3549 -654/-3988/-3548 -655/-3987/-3547 
f -636/-3986/-3546 -653/-3985/-3545 -654/-3984/-3544 
f -635/-3983/-3543 -653/-3982/-3542 -636/-3981/-3541 
f -635/-3980/-3540 -652/-3979/-3539 -653/-3978/-3538 
f -634/-3977/-3537 -652/-3976/-3536 -635/-3975/-3535 
f -634/-3974/-3534 -651/-3973/-3533 -652/-3972/-3532 
f -633/-3971/-3531 -651/-3970/-3530 -634/-3969/-3529 
f -633/-3968/-3528 -650/-3967/-3527 -651/-3966/-3526 
f -632/-3965/-3525 -650/-3964/-3524 -633/-3963/-3523 
f -632/-3962/-3522 -649/-3961/-3521 -650/-3960/-3520 
f -631/-3959/-3519 -649/-3958/-3518 -632/-3957/-3517 
f -631/-3956/-3516 -648/-3955/-3515 -649/-3954/-3514 
f -630/-3953/-3513 -648/-3952/-3512 -631/-3951/-3511 
f -630/-3950/-3510 -647/-3949/-3509 -648/-3948/-3508 
f -629/-3947/-3507 -647/-3946/-3506 -630/-3945/-3505 
f -647/-3944/-3504 -628/-3943/-3503 -646/-3942/-3502 
f -629/-3941/-3501 -628/-3940/-3500 -647/-3939/-3499 
f -646/-3938/-3498 -627/-3937/-3497 -644/-3936/-3496 
f -628/-3935/-3495 -627/-3934/-3494 -646/-3933/-3493 
f -644/-3932/-3492 -626/-3931/-3491 -642/-3930/-3490 
f -627/-3929/-3489 -626/-3928/-3488 -644/-3927/-3487 
f -642/-3926/-3486 -625/-3925/-3485 -640/-3924/-3484 
f -626/-3923/-3483 -625/-3922/-3482 -642/-3921/-3481 
f -640/-3920/-3480 -624/-3919/-3479 -638/-3918/-3478 
f -625/-3917/-3477 -624/-3916/-3476 -640/-3915/-3475 
f -638/-3914/-3474 -623/-3913/-3473 -639/-3912/-3472 
f -624/-3911/-3471 -623/-3910/-3470 -638/-3909/-3469 
f -639/-3908/-3468 -622/-3907/-3467 -641/-3906/-3466 
f -623/-3905/-3465 -622/-3904/-3464 -639/-3903/-3463 
f -641/-3902/-3462 -621/-3901/-3461 -643/-3900/-3460 
f -622/-3899/-3459 -621/-3898/-3458 -641/-3897/-3457 
f -643/-3896/-3456 -637/-3895/-3455 -645/-3894/-3454 
f -621/-3893/-3453 -637/-3892/-3452 -643/-3891/-3451 
s 1
f -687/-3887/-3450 -655/-3886/-3449 -689/-3885/-3448 
f -687/-3884/-3447 -636/-3883/-3446 -655/-3882/-3445 
f -687/-3881/-3444 -635/-3880/-3443 -636/-3879/-3442 
f -687/-3878/-3441 -634/-3877/-3440 -635/-3876/-3439 
f -687/-3875/-3438 -633/-3874/-3437 -634/-3873/-3436 
f -687/-3872/-3435 -632/-3871/-3434 -633/-3870/-3433 
f -687/-3869/-3432 -631/-3868/-3431 -632/-3867/-3430 
f -687/-3866/-3429 -630/-3865/-3428 -631/-3864/-3427 
f -629/-3863/-3426 -630/-3862/-3425 -687/-3861/-3424 
f -637/-3860/-3423 -629/-3859/-3422 -687/-3858/-3421 
f -628/-3857/-3420 -629/-3856/-3419 -637/-3855/-3418 
f -621/-3854/-3417 -628/-3853/-3416 -637/-3852/-3415 
f -627/-3851/-3414 -628/-3850/-3413 -621/-3849/-3412 
f -622/-3848/-3411 -627/-3847/-3410 -621/-3846/-3409 
f -626/-3845/-3408 -627/-3844/-3407 -622/-3843/-3406 
f -623/-3842/-3405 -626/-3841/-3404 -622/-3840/-3403 
f -625/-3839/-3402 -626/-3838/-3401 -623/-3837/-3400 
f -624/-3836/-3399 -625/-3835/-3398 -623/-3834/-3397 
f -738/-3833/-3396 -739/-3832/-3395 -740/-3831/-3394 
f -741/-3830/-3393 -738/-3829/-3392 -740/-3828/-3391 
f -737/-3827/-3390 -738/-3826/-3389 -741/-3825/-3388 
f -742/-3824/-3387 -737/-3823/-3386 -741/-3822/-3385 
f -736/-3821/-3384 -737/-3820/-3383 -742/-3819/-3382 
f -743/-3818/-3381 -736/-3817/-3380 -742/-3816/-3379 
f -735/-3815/-3378 -736/-3814/-3377 -743/-3813/-3376 
f -744/-3812/-3375 -735/-3811/-3374 -743/-3810/-3373 
f -734/-3809/-3372 -735/-3808/-3371 -744/-3807/-3370 
f -745/-3806/-3369 -734/-3805/-3368 -744/-3804/-3367 
f -733/-3803/-3366 -734/-3802/-3365 -745/-3801/-3364 
f -746/-3800/-3363 -733/-3799/-3362 -745/-3798/-3361 
f -732/-3797/-3360 -733/-3796/-3359 -746/-3795/-3358 
f -731/-3791/-3357 -732/-3790/-3356 -746/-3789/-3355 
f -728/-3788/-3354 -731/-3787/-3353 -746/-3786/-3352 
f -728/-3785/-3351 -730/-3784/-3350 -731/-3783/-3349 
f -728/-3782/-3348 -729/-3781/-3347 -730/-3780/-3346 
usemtl auto18
f -620/-3779/-3345 -619/-3778/-3344 -618/-3777/-3343 
f -617/-3776/-3342 -619/-3775/-3341 -620/-3774/-3340 
f -616/-3773/-3339 -617/-3772/-3338 -620/-3771/-3337 
f -615/-3770/-3336 -617/-3769/-3335 -616/-3768/-3334 
s 2
f -614/-3767/-3333 -619/-3766/-3332 -613/-3765/-3331 
f -618/-3764/-3330 -619/-3763/-3329 -614/-3762/-3328 
s 1
f -612/-3761/-3327 -615/-3760/-3326 -616/-3759/-3325 
f -611/-3758/-3324 -615/-3757/-3323 -612/-3756/-3322 
s 2
f -830/-3755/-3321 -613/-3754/-3320 -610/-3753/-3319 
f -609/-3752/-3318 -830/-3751/-3317 -610/-3750/-3316 
f -609/-3749/-3315 -608/-3748/-3314 -830/-3747/-3313 
f -614/-3746/-3312 -613/-3745/-3311 -607/-3744/-3310 
f -607/-3743/-3309 -613/-3742/-3308 -830/-3741/-3307 
f -614/-3740/-3306 -607/-3739/-3305 -606/-3738/-3304 
s 1
f -605/-3737/-3303 -611/-3736/-3302 -612/-3735/-3301 
f -604/-3734/-3300 -611/-3733/-3299 -605/-3732/-3298 
s 2
f -603/-3731/-3297 -610/-3730/-3296 -602/-3729/-3295 
f -603/-3728/-3294 -609/-3727/-3293 -610/-3726/-3292 
s 1
f -601/-3725/-3291 -604/-3724/-3290 -605/-3723/-3289 
f -600/-3722/-3288 -604/-3721/-3287 -601/-3720/-3286 
f -599/-3719/-3285 -603/-3718/-3284 -602/-3717/-3283 
f -598/-3716/-3282 -603/-3715/-3281 -599/-3714/-3280 
f -597/-3713/-3279 -600/-3712/-3278 -601/-3711/-3277 
f -596/-3710/-3276 -600/-3709/-3275 -597/-3708/-3274 
f -595/-3707/-3273 -598/-3706/-3272 -599/-3705/-3271 
f -594/-3704/-3270 -598/-3703/-3269 -595/-3702/-3268 
f -593/-3701/-3267 -596/-3700/-3266 -597/-3699/-3265 
f -592/-3698/-3264 -596/-3697/-3263 -593/-3696/-3262 
f -591/-3695/-3261 -594/-3694/-3260 -595/-3693/-3259 
f -590/-3692/-3258 -594/-3691/-3257 -591/-3690/-3256 
f -593/-3689/-3255 -589/-3688/-3254 -592/-3687/-3253 
f -588/-3686/-3252 -589/-3685/-3251 -593/-3684/-3250 
f -587/-3683/-3249 -590/-3682/-3248 -591/-3681/-3247 
f -586/-3680/-3246 -590/-3679/-3245 -587/-3678/-3244 
f -588/-3677/-3243 -585/-3676/-3242 -589/-3675/-3241 
f -584/-3674/-3240 -585/-3673/-3239 -588/-3672/-3238 
f -583/-3671/-3237 -587/-3670/-3236 -582/-3669/-3235 
f -586/-3668/-3234 -587/-3667/-3233 -583/-3666/-3232 
f -584/-3665/-3231 -581/-3664/-3230 -585/-3663/-3229 
f -580/-3662/-3228 -581/-3661/-3227 -584/-3660/-3226 
f -579/-3659/-3225 -582/-3658/-3224 -578/-3657/-3223 
f -583/-3656/-3222 -582/-3655/-3221 -579/-3654/-3220 
s 2
f -577/-3653/-3219 -581/-3652/-3218 -580/-3651/-3217 
f -576/-3650/-3216 -581/-3649/-3215 -577/-3648/-3214 
s 1
f -575/-3647/-3213 -578/-3646/-3212 -574/-3645/-3211 
f -579/-3644/-3210 -578/-3643/-3209 -575/-3642/-3208 
f -573/-3641/-3207 -576/-3640/-3206 -577/-3639/-3205 
f -572/-3638/-3204 -576/-3637/-3203 -573/-3636/-3202 
f -571/-3635/-3201 -574/-3634/-3200 -570/-3633/-3199 
f -575/-3632/-3198 -574/-3631/-3197 -571/-3630/-3196 
s 2
f -569/-3629/-3195 -572/-3628/-3194 -573/-3627/-3193 
f -568/-3626/-3192 -572/-3625/-3191 -569/-3624/-3190 
s 1
f -567/-3623/-3189 -570/-3622/-3188 -566/-3621/-3187 
f -571/-3620/-3186 -570/-3619/-3185 -567/-3618/-3184 
f -569/-3617/-3183 -565/-3616/-3182 -568/-3615/-3181 
f -564/-3614/-3180 -565/-3613/-3179 -569/-3612/-3178 
f -563/-3611/-3177 -566/-3610/-3176 -562/-3609/-3175 
f -567/-3608/-3174 -566/-3607/-3173 -563/-3606/-3172 
s 2
f -561/-3605/-3171 -560/-3604/-3170 -565/-3603/-3169 
f -564/-3602/-3168 -561/-3601/-3167 -565/-3600/-3166 
f -559/-3599/-3165 -563/-3598/-3164 -562/-3597/-3163 
f -558/-3596/-3162 -563/-3595/-3161 -559/-3594/-3160 
s 1
f -561/-3593/-3159 -557/-3592/-3158 -560/-3591/-3157 
f -556/-3590/-3156 -557/-3589/-3155 -561/-3588/-3154 
s 4
f -557/-3587/-3153 -558/-3586/-3152 -559/-3585/-3151 
f -556/-3584/-3150 -558/-3583/-3149 -557/-3582/-3148 
usemtl auto19
s 1
f -555/-3581/-3147 -554/-3580/-3146 -553/-3579/-3145 
f -552/-3578/-3144 -554/-3577/-3143 -555/-3576/-3142 
usemtl auto20
s 2
f -551/-3575/-3141 -554/-3574/-3140 -552/-3573/-3139 
f -550/-3572/-3138 -554/-3571/-3137 -551/-3570/-3136 
s 1
f -549/-3569/-3135 -548/-3568/-3134 -547/-3567/-3133 
f -546/-3566/-3132 -548/-3565/-3131 -549/-3564/-3130 
usemtl auto22
s 2
f -555/-3563/-3129 -545/-3562/-3128 -544/-3561/-3127 
f -553/-3560/-3126 -545/-3559/-3125 -555/-3558/-3124 
f -548/-3557/-3123 -543/-3556/-3122 -542/-3555/-3121 
f -548/-3554/-3120 -541/-3553/-3119 -543/-3552/-3118 
f -546/-3551/-3117 -541/-3550/-3116 -548/-3549/-3115 
usemtl auto23
s 1
f -540/-3548/-3114 -539/-3547/-3113 -538/-3546/-3112 
f -540/-3545/-3111 -537/-3544/-3110 -539/-3543/-3109 
f -540/-3542/-3108 -545/-3541/-3107 -537/-3540/-3106 
f -544/-3539/-3105 -545/-3538/-3104 -540/-3537/-3103 
usemtl auto28
f -536/-3536/-3102 -535/-3535/-3101 -534/-3534/-3100 
f -533/-3533/-3099 -535/-3535/-3098 -536/-3536/-3097 
f -532/-3531/-3096 -550/-3530/-3095 -551/-3529/-3094 
f -531/-3528/-3093 -550/-3530/-3092 -532/-3531/-3091 
s 2
f -533/-3527/-3090 -536/-3526/-3089 -530/-3525/-3088 
f -529/-3532/-3087 -533/-3527/-3086 -530/-3525/-3085 
s 1
f -528/-3523/-3084 -530/-3522/-3083 -527/-3521/-3082 
f -529/-3524/-3081 -530/-3522/-3080 -528/-3523/-3079 
s 2
f -526/-3520/-3078 -527/-3519/-3077 -525/-3518/-3076 
f -528/-3517/-3075 -527/-3519/-3074 -526/-3520/-3073 
s 4
f -526/-3516/-3072 -531/-3515/-3071 -532/-3514/-3070 
f -526/-3516/-3069 -525/-3513/-3068 -531/-3515/-3067 
usemtl auto30
s 1
f -524/-3503/-3066 -522/-3502/-3065 -523/-3501/-3064 
f -524/-3497/-3063 -521/-3496/-3062 -522/-3495/-3061 
f -521/-3494/-3060 -520/-3493/-3059 -522/-3492/-3058 
s 2
f -521/-3476/-3057 -518/-3475/-3056 -519/-3474/-3055 
f -521/-3473/-3054 -519/-3472/-3053 -517/-3471/-3052 
f -520/-3470/-3051 -521/-3469/-3050 -517/-3468/-3049 
f -516/-3467/-3048 -515/-3466/-3047 -514/-3465/-3046 
f -523/-3464/-3045 -515/-3463/-3044 -516/-3462/-3043 
f -513/-3461/-3042 -523/-3460/-3041 -516/-3459/-3040 
f -524/-3458/-3039 -523/-3457/-3038 -513/-3456/-3037 
s 8
f -512/-3455/-3036 -553/-3454/-3035 -511/-3453/-3034 
f -545/-3452/-3033 -553/-3451/-3032 -512/-3450/-3031 
f -510/-3449/-3030 -545/-3448/-3029 -512/-3447/-3028 
f -510/-3446/-3027 -537/-3445/-3026 -545/-3444/-3025 
f -509/-3443/-3024 -511/-3442/-3023 -553/-3441/-3022 
f -554/-3440/-3021 -509/-3439/-3020 -553/-3438/-3019 
f -509/-3437/-3018 -550/-3436/-3017 -508/-3435/-3016 
f -554/-3434/-3015 -550/-3433/-3014 -509/-3432/-3013 
f -542/-3431/-3012 -507/-3430/-3011 -506/-3429/-3010 
f -505/-3428/-3009 -542/-3427/-3008 -506/-3426/-3007 
f -504/-3425/-3006 -508/-3424/-3005 -550/-3423/-3004 
f -531/-3422/-3003 -504/-3421/-3002 -550/-3420/-3001 
f -503/-3419/-3000 -504/-3418/-2999 -531/-3417/-2998 
f -525/-3416/-2997 -503/-3415/-2996 -531/-3414/-2995 
f -513/-3413/-2994 -503/-3412/-2993 -525/-3411/-2992 
f -527/-3410/-2991 -513/-3409/-2990 -525/-3408/-2989 
f -524/-3407/-2988 -513/-3406/-2987 -527/-3405/-2986 
f -524/-3404/-2985 -527/-3403/-2984 -530/-3402/-2983 
f -536/-3401/-2982 -524/-3400/-2981 -530/-3399/-2980 
f -521/-3398/-2979 -524/-3397/-2978 -536/-3396/-2977 
f -534/-3395/-2976 -521/-3394/-2975 -536/-3393/-2974 
f -518/-3392/-2973 -521/-3391/-2972 -534/-3390/-2971 
f -547/-3389/-2970 -518/-3388/-2969 -534/-3387/-2968 
f -502/-3386/-2967 -518/-3385/-2966 -547/-3384/-2965 
f -548/-3383/-2964 -502/-3382/-2963 -547/-3381/-2962 
f -548/-3380/-2961 -501/-3379/-2960 -502/-3378/-2959 
f -505/-3377/-2958 -501/-3376/-2957 -548/-3375/-2956 
f -505/-3374/-2955 -548/-3373/-2954 -542/-3372/-2953 
s 1
f -500/-3371/-2952 -502/-3370/-2951 -499/-3369/-2950 
f -518/-3368/-2949 -502/-3367/-2948 -500/-3366/-2947 
f -518/-3362/-2946 -500/-3361/-2945 -498/-3360/-2944 
f -518/-3356/-2943 -498/-3355/-2942 -497/-3354/-2941 
f -518/-3350/-2940 -497/-3349/-2939 -496/-3348/-2938 
f -518/-3347/-2937 -496/-3346/-2936 -495/-3345/-2935 
f -518/-3344/-2934 -495/-3343/-2933 -494/-3342/-2932 
f -518/-3341/-2931 -494/-3340/-2930 -519/-3339/-2929 
f -503/-3338/-2928 -516/-3337/-2927 -493/-3336/-2926 
f -513/-3335/-2925 -516/-3334/-2924 -503/-3333/-2923 
f -506/-3332/-2922 -492/-3331/-2921 -491/-3330/-2920 
f -506/-3329/-2919 -491/-3328/-2918 -490/-3327/-2917 
f -506/-3326/-2916 -490/-3325/-2915 -505/-3324/-2914 
s 2
f -489/-3323/-2913 -505/-3322/-2912 -490/-3321/-2911 
f -489/-3320/-2910 -501/-3319/-2909 -505/-3318/-2908 
s 4
f -502/-3317/-2907 -489/-3316/-2906 -499/-3315/-2905 
f -501/-3314/-2904 -489/-3313/-2903 -502/-3312/-2902 
s 2
f -503/-3308/-2901 -488/-3307/-2900 -504/-3306/-2899 
f -503/-3305/-2898 -493/-3304/-2897 -488/-3303/-2896 
s 1
f -504/-3299/-2895 -487/-3298/-2894 -508/-3297/-2893 
f -504/-3296/-2892 -488/-3295/-2891 -487/-3294/-2890 
s 2
f -508/-3293/-2889 -486/-3292/-2888 -509/-3291/-2887 
f -508/-3290/-2886 -485/-3289/-2885 -486/-3288/-2884 
f -508/-3284/-2883 -484/-3283/-2882 -485/-3282/-2881 
f -508/-3275/-2880 -483/-3274/-2879 -484/-3273/-2878 
f -508/-3269/-2877 -482/-3268/-2876 -483/-3267/-2875 
f -487/-3266/-2874 -482/-3265/-2873 -508/-3264/-2872 
s 1
f -511/-3263/-2871 -486/-3262/-2870 -481/-3261/-2869 
f -509/-3260/-2868 -486/-3259/-2867 -511/-3258/-2866 
s 2
f -511/-3257/-2865 -480/-3256/-2864 -512/-3255/-2863 
f -511/-3254/-2862 -481/-3253/-2861 -480/-3252/-2860 
s 1
f -510/-3251/-2859 -479/-3250/-2858 -478/-3249/-2857 
f -510/-3248/-2856 -477/-3247/-2855 -479/-3246/-2854 
f -510/-3245/-2853 -480/-3244/-2852 -477/-3243/-2851 
f -512/-3242/-2850 -480/-3241/-2849 -510/-3240/-2848 
f -476/-3239/-2847 -475/-3238/-2846 -474/-3237/-2845 
f -473/-3236/-2844 -476/-3235/-2843 -474/-3234/-2842 
f -473/-3233/-2841 -472/-3232/-2840 -476/-3231/-2839 
f -471/-3230/-2838 -470/-3229/-2837 -469/-3228/-2836 
f -468/-3227/-2835 -470/-3226/-2834 -471/-3225/-2833 
f -474/-3224/-2832 -468/-3223/-2831 -471/-3222/-2830 
f -475/-3221/-2829 -468/-3220/-2828 -474/-3219/-2827 
f -467/-3218/-2826 -468/-3217/-2825 -475/-3216/-2824 
f -466/-3215/-2823 -467/-3214/-2822 -475/-3213/-2821 
f -466/-3212/-2820 -465/-3211/-2819 -467/-3210/-2818 
f -466/-3209/-2817 -464/-3208/-2816 -465/-3207/-2815 
f -466/-3206/-2814 -463/-3205/-2813 -464/-3204/-2812 
f -466/-3203/-2811 -462/-3202/-2810 -463/-3201/-2809 
f -466/-3200/-2808 -461/-3199/-2807 -462/-3198/-2806 
f -460/-3197/-2805 -459/-3196/-2804 -458/-3195/-2803 
f -461/-3194/-2802 -460/-3193/-2801 -458/-3192/-2800 
f -466/-3191/-2799 -460/-3190/-2798 -461/-3189/-2797 
f -457/-3188/-2796 -456/-3187/-2795 -455/-3186/-2794 
f -454/-3185/-2793 -457/-3184/-2792 -455/-3183/-2791 
f -454/-3182/-2790 -453/-3181/-2789 -457/-3180/-2788 
f -454/-3179/-2787 -452/-3178/-2786 -453/-3177/-2785 
f -451/-3176/-2784 -459/-3175/-2783 -450/-3174/-2782 
f -450/-3173/-2781 -459/-3172/-2780 -460/-3171/-2779 
f -449/-3170/-2778 -451/-3169/-2777 -450/-3168/-2776 
f -448/-3167/-2775 -451/-3166/-2774 -449/-3165/-2773 
f -447/-3164/-2772 -448/-3163/-2771 -449/-3162/-2770 
f -446/-3161/-2769 -448/-3160/-2768 -447/-3159/-2767 
f -446/-3158/-2766 -447/-3157/-2765 -445/-3156/-2764 
f -444/-3155/-2763 -446/-3154/-2762 -445/-3153/-2761 
f -443/-3152/-2760 -446/-3151/-2759 -444/-3150/-2758 
f -442/-3149/-2757 -443/-3148/-2756 -444/-3147/-2755 
f -441/-3146/-2754 -443/-3145/-2753 -442/-3144/-2752 
f -440/-3143/-2751 -441/-3142/-2750 -442/-3141/-2749 
f -440/-3140/-2748 -439/-3139/-2747 -441/-3138/-2746 
f -438/-3137/-2745 -439/-3136/-2744 -440/-3135/-2743 
f -437/-3134/-2742 -438/-3133/-2741 -440/-3132/-2740 
f -437/-3131/-2739 -436/-3130/-2738 -438/-3129/-2737 
f -437/-3128/-2736 -435/-3127/-2735 -436/-3126/-2734 
f -437/-3125/-2733 -434/-3124/-2732 -435/-3123/-2731 
f -437/-3122/-2730 -433/-3121/-2729 -434/-3120/-2728 
f -437/-3119/-2727 -432/-3118/-2726 -433/-3117/-2725 
f -437/-3116/-2724 -431/-3115/-2723 -432/-3114/-2722 
f -453/-3113/-2721 -431/-3112/-2720 -437/-3111/-2719 
f -453/-3110/-2718 -437/-3109/-2717 -457/-3108/-2716 
s 2
f -448/-3107/-2715 -430/-3106/-2714 -429/-3105/-2713 
f -446/-3104/-2712 -430/-3103/-2711 -448/-3102/-2710 
s 4
f -451/-3101/-2709 -429/-3100/-2708 -428/-3099/-2707 
f -448/-3098/-2706 -429/-3097/-2705 -451/-3096/-2704 
s 2
f -451/-3095/-2703 -427/-3094/-2702 -459/-3093/-2701 
f -428/-3092/-2700 -427/-3091/-2699 -451/-3090/-2698 
s 4
f -459/-3089/-2697 -426/-3088/-2696 -458/-3087/-2695 
f -427/-3086/-2694 -426/-3085/-2693 -459/-3084/-2692 
s 2
f -458/-3083/-2691 -425/-3082/-2690 -461/-3081/-2689 
f -426/-3080/-2688 -425/-3079/-2687 -458/-3078/-2686 
s 4
f -462/-3077/-2685 -425/-3076/-2684 -424/-3075/-2683 
f -461/-3074/-2682 -425/-3073/-2681 -462/-3072/-2680 
f -463/-3071/-2679 -424/-3070/-2678 -423/-3069/-2677 
f -462/-3068/-2676 -424/-3067/-2675 -463/-3066/-2674 
f -464/-3065/-2673 -423/-3064/-2672 -422/-3063/-2671 
f -463/-3062/-2670 -423/-3061/-2669 -464/-3060/-2668 
f -464/-3059/-2667 -421/-3058/-2666 -465/-3057/-2665 
f -422/-3056/-2664 -421/-3055/-2663 -464/-3054/-2662 
f -465/-3053/-2661 -420/-3052/-2660 -467/-3051/-2659 
f -421/-3050/-2658 -420/-3049/-2657 -465/-3048/-2656 
f -467/-3047/-2655 -419/-3046/-2654 -468/-3045/-2653 
f -420/-3044/-2652 -419/-3043/-2651 -467/-3042/-2650 
f -468/-3041/-2649 -418/-3040/-2648 -470/-3039/-2647 
f -419/-3038/-2646 -418/-3037/-2645 -468/-3036/-2644 
f -470/-3035/-2643 -417/-3034/-2642 -469/-3033/-2641 
f -418/-3032/-2640 -417/-3031/-2639 -470/-3030/-2638 
f -469/-3029/-2637 -416/-3028/-2636 -471/-3027/-2635 
f -417/-3026/-2634 -416/-3025/-2633 -469/-3024/-2632 
f -471/-3023/-2631 -415/-3022/-2630 -474/-3021/-2629 
f -416/-3020/-2628 -415/-3019/-2627 -471/-3018/-2626 
s 2
f -473/-3017/-2625 -415/-3016/-2624 -414/-3015/-2623 
f -474/-3014/-2622 -415/-3013/-2621 -473/-3012/-2620 
f -454/-3011/-2619 -413/-3010/-2618 -412/-3009/-2617 
f -455/-3008/-2616 -413/-3007/-2615 -454/-3006/-2614 
s 4
f -411/-3005/-2613 -454/-3004/-2612 -412/-3003/-2611 
f -452/-3002/-2610 -454/-3001/-2609 -411/-3000/-2608 
f -410/-2999/-2607 -452/-2998/-2606 -411/-2997/-2605 
f -453/-2996/-2604 -452/-2995/-2603 -410/-2994/-2602 
f -409/-2993/-2601 -453/-2992/-2600 -410/-2991/-2599 
f -431/-2990/-2598 -453/-2989/-2597 -409/-2988/-2596 
f -408/-2987/-2595 -431/-2986/-2594 -409/-2985/-2593 
f -432/-2984/-2592 -431/-2983/-2591 -408/-2982/-2590 
f -433/-2981/-2589 -408/-2980/-2588 -407/-2979/-2587 
f -432/-2978/-2586 -408/-2977/-2585 -433/-2976/-2584 
f -434/-2975/-2583 -407/-2974/-2582 -406/-2973/-2581 
f -433/-2972/-2580 -407/-2971/-2579 -434/-2970/-2578 
f -435/-2969/-2577 -406/-2968/-2576 -405/-2967/-2575 
f -434/-2966/-2574 -406/-2965/-2573 -435/-2964/-2572 
f -436/-2963/-2571 -405/-2962/-2570 -404/-2961/-2569 
f -435/-2960/-2568 -405/-2959/-2567 -436/-2958/-2566 
f -438/-2957/-2565 -404/-2956/-2564 -403/-2955/-2563 
f -436/-2954/-2562 -404/-2953/-2561 -438/-2952/-2560 
f -439/-2951/-2559 -403/-2950/-2558 -402/-2949/-2557 
f -438/-2948/-2556 -403/-2947/-2555 -439/-2946/-2554 
s 2
f -401/-2945/-2553 -439/-2944/-2552 -402/-2943/-2551 
f -441/-2942/-2550 -439/-2941/-2549 -401/-2940/-2548 
s 4
f -400/-2939/-2547 -441/-2938/-2546 -401/-2937/-2545 
f -443/-2936/-2544 -441/-2935/-2543 -400/-2934/-2542 
s 8
f -446/-2933/-2541 -400/-2932/-2540 -430/-2931/-2539 
f -443/-2930/-2538 -400/-2929/-2537 -446/-2928/-2536 
usemtl auto2
s 1
f -396/-2780/-2535 -395/-2779/-2534 -394/-2778/-2533 
f -396/-2777/-2532 -393/-2776/-2531 -395/-2775/-2530 
f -393/-2774/-2529 -392/-2773/-2528 -395/-2772/-2527 
f -396/-2771/-2526 -391/-2770/-2525 -393/-2769/-2524 
f -396/-2768/-2523 -390/-2767/-2522 -391/-2766/-2521 
f -390/-2765/-2520 -389/-2764/-2519 -391/-2763/-2518 
f -396/-2762/-2517 -388/-2761/-2516 -390/-2760/-2515 
f -387/-2759/-2514 -393/-2758/-2513 -391/-2757/-2512 
s 2
f -392/-2756/-2511 -386/-2755/-2510 -395/-2754/-2509 
f -392/-2753/-2508 -385/-2752/-2507 -386/-2751/-2506 
s 4
f -384/-2750/-2505 -383/-2749/-2504 -382/-2748/-2503 
f -382/-2747/-2502 -383/-2746/-2501 -381/-2745/-2500 
f -384/-2744/-2499 -382/-2743/-2498 -380/-2742/-2497 
f -379/-2741/-2496 -384/-2740/-2495 -380/-2739/-2494 
f -378/-2738/-2493 -384/-2737/-2492 -379/-2736/-2491 
f -377/-2735/-2490 -384/-2734/-2489 -378/-2733/-2488 
f -377/-2732/-2487 -378/-2731/-2486 -376/-2730/-2485 
f -375/-2729/-2484 -377/-2728/-2483 -376/-2727/-2482 
f -374/-2726/-2481 -377/-2725/-2480 -375/-2724/-2479 
f -374/-2723/-2478 -375/-2722/-2477 -373/-2721/-2476 
f -372/-2720/-2475 -374/-2719/-2474 -373/-2718/-2473 
f -371/-2717/-2472 -374/-2716/-2471 -372/-2715/-2470 
f -370/-2714/-2469 -371/-2713/-2468 -372/-2712/-2467 
f -369/-2711/-2466 -371/-2710/-2465 -370/-2709/-2464 
f -369/-2708/-2463 -370/-2707/-2462 -394/-2706/-2461 
f -369/-2705/-2460 -394/-2704/-2459 -395/-2703/-2458 
f -386/-2702/-2457 -369/-2701/-2456 -395/-2700/-2455 
s 2
f -396/-2699/-2454 -370/-2698/-2453 -368/-2697/-2452 
f -394/-2696/-2451 -370/-2695/-2450 -396/-2694/-2449 
s 4
f -367/-2693/-2448 -366/-2692/-2447 -365/-2691/-2446 
f -364/-2690/-2445 -366/-2689/-2444 -367/-2688/-2443 
f -363/-2687/-2442 -364/-2686/-2441 -367/-2685/-2440 
f -362/-2684/-2439 -363/-2683/-2438 -367/-2682/-2437 
f -362/-2681/-2436 -361/-2680/-2435 -363/-2679/-2434 
f -360/-2678/-2433 -361/-2677/-2432 -362/-2676/-2431 
f -359/-2675/-2430 -360/-2674/-2429 -362/-2673/-2428 
f -359/-2672/-2427 -358/-2671/-2426 -360/-2670/-2425 
f -357/-2669/-2424 -358/-2668/-2423 -359/-2667/-2422 
f -356/-2666/-2421 -357/-2665/-2420 -359/-2664/-2419 
f -368/-2663/-2418 -357/-2662/-2417 -356/-2661/-2416 
f -355/-2660/-2415 -368/-2659/-2414 -356/-2658/-2413 
f -355/-2657/-2412 -396/-2656/-2411 -368/-2655/-2410 
f -388/-2654/-2409 -396/-2653/-2408 -355/-2652/-2407 
s 2
f -390/-2651/-2406 -355/-2650/-2405 -354/-2649/-2404 
f -388/-2648/-2403 -355/-2647/-2402 -390/-2646/-2401 
s 4
f -353/-2645/-2400 -352/-2644/-2399 -351/-2643/-2398 
f -350/-2642/-2397 -352/-2641/-2396 -353/-2640/-2395 
f -349/-2639/-2394 -350/-2638/-2393 -353/-2637/-2392 
f -348/-2636/-2391 -350/-2635/-2390 -349/-2634/-2389 
f -347/-2633/-2388 -348/-2632/-2387 -349/-2631/-2386 
f -347/-2630/-2385 -346/-2629/-2384 -348/-2628/-2383 
f -345/-2627/-2382 -346/-2626/-2381 -347/-2625/-2380 
f -344/-2624/-2379 -345/-2623/-2378 -347/-2622/-2377 
f -354/-2621/-2376 -345/-2620/-2375 -344/-2619/-2374 
f -343/-2618/-2373 -354/-2617/-2372 -344/-2616/-2371 
f -343/-2615/-2370 -390/-2614/-2369 -354/-2613/-2368 
f -389/-2612/-2367 -390/-2611/-2366 -343/-2610/-2365 
s 2
f -391/-2609/-2364 -343/-2608/-2363 -342/-2607/-2362 
f -389/-2606/-2361 -343/-2605/-2360 -391/-2604/-2359 
s 4
f -341/-2603/-2358 -340/-2602/-2357 -339/-2601/-2356 
f -338/-2600/-2355 -340/-2599/-2354 -341/-2598/-2353 
f -337/-2597/-2352 -338/-2596/-2351 -341/-2595/-2350 
f -336/-2594/-2349 -338/-2593/-2348 -337/-2592/-2347 
f -335/-2591/-2346 -336/-2590/-2345 -337/-2589/-2344 
f -335/-2588/-2343 -334/-2587/-2342 -336/-2586/-2341 
f -333/-2585/-2340 -334/-2584/-2339 -335/-2583/-2338 
f -332/-2582/-2337 -333/-2581/-2336 -335/-2580/-2335 
f -342/-2579/-2334 -333/-2578/-2333 -332/-2577/-2332 
f -331/-2576/-2331 -342/-2575/-2330 -332/-2574/-2329 
f -331/-2573/-2328 -391/-2572/-2327 -342/-2571/-2326 
f -387/-2570/-2325 -391/-2569/-2324 -331/-2568/-2323 
s 2
f -387/-2567/-2322 -331/-2566/-2321 -330/-2565/-2320 
f -387/-2564/-2319 -330/-2563/-2318 -393/-2562/-2317 
s 4
f -329/-2561/-2316 -328/-2560/-2315 -327/-2559/-2314 
f -326/-2558/-2313 -329/-2557/-2312 -327/-2556/-2311 
f -326/-2555/-2310 -325/-2554/-2309 -329/-2553/-2308 
f -324/-2552/-2307 -325/-2551/-2306 -326/-2550/-2305 
f -323/-2549/-2304 -324/-2548/-2303 -326/-2547/-2302 
f -322/-2546/-2301 -324/-2545/-2300 -323/-2544/-2299 
f -321/-2543/-2298 -322/-2542/-2297 -323/-2541/-2296 
f -321/-2540/-2295 -320/-2539/-2294 -322/-2538/-2293 
f -319/-2537/-2292 -320/-2536/-2291 -321/-2535/-2290 
f -318/-2534/-2289 -319/-2533/-2288 -321/-2532/-2287 
f -330/-2531/-2286 -319/-2530/-2285 -318/-2529/-2284 
f -317/-2528/-2283 -330/-2527/-2282 -318/-2526/-2281 
f -317/-2525/-2280 -393/-2524/-2279 -330/-2523/-2278 
f -317/-2522/-2277 -392/-2521/-2276 -393/-2520/-2275 
f -385/-2519/-2274 -392/-2518/-2273 -317/-2517/-2272 
s 1
f -386/-2516/-2271 -317/-2515/-2270 -369/-2514/-2269 
f -385/-2513/-2268 -317/-2512/-2267 -386/-2511/-2266 
f -381/-2510/-2265 -329/-2509/-2264 -382/-2508/-2263 
f -328/-2507/-2262 -329/-2506/-2261 -381/-2505/-2260 
s 2
f -329/-2504/-2259 -380/-2503/-2258 -382/-2502/-2257 
f -329/-2501/-2256 -325/-2500/-2255 -380/-2499/-2254 
f -366/-2498/-2253 -380/-2497/-2252 -325/-2496/-2251 
f -366/-2495/-2250 -325/-2494/-2249 -340/-2493/-2248 
f -340/-2492/-2247 -325/-2491/-2246 -339/-2490/-2245 
f -366/-2489/-2244 -340/-2488/-2243 -352/-2487/-2242 
f -352/-2486/-2241 -340/-2485/-2240 -351/-2484/-2239 
f -366/-2483/-2238 -352/-2482/-2237 -365/-2481/-2236 
s 1
f -380/-2480/-2235 -364/-2479/-2234 -379/-2478/-2233 
f -366/-2477/-2232 -364/-2476/-2231 -380/-2475/-2230 
f -379/-2474/-2229 -363/-2473/-2228 -378/-2472/-2227 
f -364/-2471/-2226 -363/-2470/-2225 -379/-2469/-2224 
s 2
f -361/-2468/-2223 -376/-2467/-2222 -378/-2466/-2221 
f -361/-2465/-2220 -378/-2464/-2219 -363/-2463/-2218 
f -361/-2462/-2217 -375/-2461/-2216 -376/-2460/-2215 
f -360/-2459/-2214 -375/-2458/-2213 -361/-2457/-2212 
s 1
f -360/-2456/-2211 -373/-2455/-2210 -375/-2454/-2209 
f -360/-2453/-2208 -358/-2452/-2207 -373/-2451/-2206 
s 2
f -358/-2450/-2205 -372/-2449/-2204 -373/-2448/-2203 
f -358/-2447/-2202 -357/-2446/-2201 -372/-2445/-2200 
s 1
f -368/-2444/-2199 -372/-2443/-2198 -357/-2442/-2197 
f -370/-2441/-2196 -372/-2440/-2195 -368/-2439/-2194 
s 2
f -369/-2438/-2193 -318/-2437/-2192 -371/-2436/-2191 
f -317/-2435/-2190 -318/-2434/-2189 -369/-2433/-2188 
s 1
f -321/-2432/-2187 -377/-2431/-2186 -374/-2430/-2185 
f -323/-2429/-2184 -377/-2428/-2183 -321/-2427/-2182 
s 2
f -323/-2426/-2181 -384/-2425/-2180 -377/-2424/-2179 
f -326/-2423/-2178 -384/-2422/-2177 -323/-2421/-2176 
s 1
f -327/-2420/-2175 -384/-2419/-2174 -326/-2418/-2173 
f -383/-2417/-2172 -384/-2416/-2171 -327/-2415/-2170 
s 2
f -328/-2414/-2169 -381/-2413/-2168 -383/-2412/-2167 
f -328/-2411/-2166 -383/-2410/-2165 -327/-2409/-2164 
s 1
f -352/-2408/-2163 -350/-2407/-2162 -367/-2406/-2161 
f -352/-2405/-2160 -367/-2404/-2159 -365/-2403/-2158 
s 2
f -362/-2402/-2157 -350/-2401/-2156 -348/-2400/-2155 
f -367/-2399/-2154 -350/-2398/-2153 -362/-2397/-2152 
s 1
f -359/-2396/-2151 -348/-2395/-2150 -346/-2394/-2149 
f -362/-2393/-2148 -348/-2392/-2147 -359/-2391/-2146 
s 2
f -356/-2390/-2145 -346/-2389/-2144 -345/-2388/-2143 
f -359/-2387/-2142 -346/-2386/-2141 -356/-2385/-2140 
s 1
f -355/-2384/-2139 -356/-2383/-2138 -345/-2382/-2137 
f -355/-2381/-2136 -345/-2380/-2135 -354/-2379/-2134 
f -351/-2378/-2133 -338/-2377/-2132 -353/-2376/-2131 
f -340/-2375/-2130 -338/-2374/-2129 -351/-2373/-2128 
s 2
f -349/-2372/-2127 -338/-2371/-2126 -336/-2370/-2125 
f -353/-2369/-2124 -338/-2368/-2123 -349/-2367/-2122 
s 1
f -347/-2366/-2121 -336/-2365/-2120 -334/-2364/-2119 
f -349/-2363/-2118 -336/-2362/-2117 -347/-2361/-2116 
s 2
f -344/-2360/-2115 -334/-2359/-2114 -333/-2358/-2113 
f -347/-2357/-2112 -334/-2356/-2111 -344/-2355/-2110 
s 1
f -343/-2354/-2109 -344/-2353/-2108 -333/-2352/-2107 
f -343/-2351/-2106 -333/-2350/-2105 -342/-2349/-2104 
f -325/-2348/-2103 -324/-2347/-2102 -341/-2346/-2101 
f -325/-2345/-2100 -341/-2344/-2099 -339/-2343/-2098 
s 2
f -337/-2342/-2097 -324/-2341/-2096 -322/-2340/-2095 
f -341/-2339/-2094 -324/-2338/-2093 -337/-2337/-2092 
s 1
f -335/-2336/-2091 -322/-2335/-2090 -320/-2334/-2089 
f -337/-2333/-2088 -322/-2332/-2087 -335/-2331/-2086 
s 2
f -332/-2330/-2085 -320/-2329/-2084 -319/-2328/-2083 
f -335/-2327/-2082 -320/-2326/-2081 -332/-2325/-2080 
s 1
f -331/-2324/-2079 -332/-2323/-2078 -319/-2322/-2077 
f -330/-2321/-2076 -331/-2320/-2075 -319/-2319/-2074 
s 8
f -318/-2318/-2073 -374/-2317/-2072 -371/-2316/-2071 
f -321/-2315/-2070 -374/-2314/-2069 -318/-2313/-2068 
usemtl auto
s 1
f -316/-2312/-2067 -315/-2311/-2066 -314/-2310/-2065 
f -313/-2309/-2064 -316/-2308/-2063 -314/-2307/-2062 
f -312/-2306/-2061 -311/-2305/-2060 -310/-2304/-2059 
f -316/-2303/-2058 -312/-2302/-2057 -310/-2301/-2056 
f -313/-2300/-2055 -312/-2299/-2054 -316/-2298/-2053 
f -309/-2297/-2052 -311/-2296/-2051 -308/-2295/-2050 
f -308/-2294/-2049 -311/-2293/-2048 -312/-2292/-2047 
f -307/-2291/-2046 -309/-2290/-2045 -308/-2289/-2044 
f -306/-2288/-2043 -309/-2287/-2042 -307/-2286/-2041 
f -305/-2285/-2040 -306/-2284/-2039 -307/-2283/-2038 
f -304/-2282/-2037 -306/-2281/-2036 -305/-2280/-2035 
f -304/-2279/-2034 -305/-2278/-2033 -303/-2277/-2032 
f -302/-2276/-2031 -304/-2275/-2030 -303/-2274/-2029 
f -301/-2273/-2028 -304/-2272/-2027 -302/-2271/-2026 
f -300/-2270/-2025 -301/-2269/-2024 -302/-2268/-2023 
f -299/-2267/-2022 -301/-2266/-2021 -300/-2265/-2020 
f -298/-2264/-2019 -299/-2263/-2018 -300/-2262/-2017 
f -297/-2261/-2016 -299/-2260/-2015 -298/-2259/-2014 
f -296/-2258/-2013 -297/-2257/-2012 -298/-2256/-2011 
f -296/-2255/-2010 -295/-2254/-2009 -297/-2253/-2008 
s 2
f -294/-2186/-2007 -293/-2185/-2006 -292/-2184/-2005 
f -313/-2183/-2004 -294/-2182/-2003 -292/-2181/-2002 
f -313/-2180/-2001 -291/-2179/-2000 -294/-2178/-1999 
f -313/-2177/-1998 -290/-2176/-1997 -291/-2175/-1996 
f -313/-2174/-1995 -289/-2173/-1994 -290/-2172/-1993 
f -313/-2171/-1992 -288/-2170/-1991 -289/-2169/-1990 
f -313/-2168/-1989 -287/-2167/-1988 -288/-2166/-1987 
f -313/-2165/-1986 -286/-2164/-1985 -287/-2163/-1984 
f -313/-2162/-1983 -285/-2161/-1982 -286/-2160/-1981 
f -313/-2159/-1980 -284/-2158/-1979 -285/-2157/-1978 
f -313/-2156/-1977 -283/-2155/-1976 -284/-2154/-1975 
f -313/-2153/-1974 -282/-2152/-1973 -283/-2151/-1972 
f -313/-2150/-1971 -281/-2149/-1970 -282/-2148/-1969 
f -313/-2147/-1968 -280/-2146/-1967 -281/-2145/-1966 
f -314/-2141/-1965 -280/-2140/-1964 -313/-2139/-1963 
s 4
f -279/-2138/-1962 -313/-2137/-1961 -292/-2136/-1960 
f -312/-2132/-1959 -313/-2131/-1958 -279/-2130/-1957 
f -312/-2117/-1956 -279/-2116/-1955 -278/-2115/-1954 
f -312/-2114/-1953 -278/-2113/-1952 -277/-2112/-1951 
f -312/-2111/-1950 -277/-2110/-1949 -276/-2109/-1948 
f -312/-2108/-1947 -276/-2107/-1946 -275/-2106/-1945 
s 2
f -274/-2090/-1944 -312/-2089/-1943 -275/-2088/-1942 
f -308/-2087/-1941 -312/-2086/-1940 -274/-2085/-1939 
f -308/-2084/-1938 -274/-2083/-1937 -273/-2082/-1936 
f -308/-2081/-1935 -273/-2080/-1934 -272/-2079/-1933 
f -308/-2078/-1932 -272/-2077/-1931 -271/-2076/-1930 
f -308/-2075/-1929 -271/-2074/-1928 -270/-2073/-1927 
f -269/-2072/-1926 -308/-2071/-1925 -270/-2070/-1924 
s 4
f -307/-2069/-1923 -308/-2068/-1922 -269/-2067/-1921 
f -307/-2066/-1920 -269/-2065/-1919 -268/-2064/-1918 
f -307/-2063/-1917 -268/-2062/-1916 -267/-2061/-1915 
f -307/-2060/-1914 -267/-2059/-1913 -266/-2058/-1912 
f -307/-2057/-1911 -266/-2056/-1910 -265/-2055/-1909 
f -307/-2054/-1908 -265/-2053/-1907 -264/-2052/-1906 
f -263/-2051/-1905 -307/-2050/-1904 -264/-2049/-1903 
s 1
f -262/-2048/-1902 -261/-2047/-1901 -260/-2046/-1900 
s 2
f -305/-2045/-1899 -262/-2044/-1898 -260/-2043/-1897 
f -305/-2042/-1896 -259/-2041/-1895 -262/-2040/-1894 
f -305/-2039/-1893 -258/-2038/-1892 -259/-2037/-1891 
f -305/-2036/-1890 -257/-2035/-1889 -258/-2034/-1888 
f -305/-2033/-1887 -256/-2032/-1886 -257/-2031/-1885 
s 8
f -305/-2024/-1884 -263/-2023/-1883 -256/-2022/-1882 
s 16
f -307/-2015/-1881 -263/-2014/-1880 -305/-2013/-1879 
s 4
f -255/-2012/-1878 -260/-2011/-1877 -254/-2010/-1876 
s 32
f -305/-2009/-1875 -260/-2008/-1874 -255/-2007/-1873 
f -305/-2006/-1872 -255/-2005/-1871 -253/-2004/-1870 
f -305/-2003/-1869 -253/-2002/-1868 -252/-2001/-1867 
f -305/-2000/-1866 -252/-1999/-1865 -251/-1998/-1864 
f -305/-1997/-1863 -251/-1996/-1862 -250/-1995/-1861 
f -305/-1979/-1860 -250/-1978/-1859 -303/-1977/-1858 
s 2
f -303/-1976/-1857 -250/-1975/-1856 -249/-1974/-1855 
f -303/-1973/-1854 -249/-1972/-1853 -248/-1971/-1852 
f -303/-1970/-1851 -248/-1969/-1850 -247/-1968/-1849 
f -303/-1967/-1848 -247/-1966/-1847 -246/-1965/-1846 
f -303/-1964/-1845 -246/-1963/-1844 -245/-1962/-1843 
f -303/-1961/-1842 -245/-1960/-1841 -302/-1959/-1840 
s 4
f -302/-1958/-1839 -244/-1957/-1838 -300/-1956/-1837 
f -302/-1955/-1836 -243/-1954/-1835 -244/-1953/-1834 
f -302/-1952/-1833 -242/-1951/-1832 -243/-1950/-1831 
f -302/-1949/-1830 -241/-1948/-1829 -242/-1947/-1828 
f -302/-1946/-1827 -240/-1945/-1826 -241/-1944/-1825 
f -302/-1943/-1824 -239/-1942/-1823 -240/-1941/-1822 
f -302/-1934/-1821 -245/-1933/-1820 -239/-1932/-1819 
s 2
f -238/-1925/-1818 -237/-1924/-1817 -298/-1923/-1816 
f -300/-1922/-1815 -238/-1921/-1814 -298/-1920/-1813 
f -300/-1919/-1812 -236/-1918/-1811 -238/-1917/-1810 
f -300/-1916/-1809 -235/-1915/-1808 -236/-1914/-1807 
f -300/-1913/-1806 -234/-1912/-1805 -235/-1911/-1804 
f -300/-1910/-1803 -233/-1909/-1802 -234/-1908/-1801 
f -300/-1907/-1800 -232/-1906/-1799 -233/-1905/-1798 
f -300/-1904/-1797 -231/-1903/-1796 -232/-1902/-1795 
f -300/-1901/-1794 -230/-1900/-1793 -231/-1899/-1792 
f -300/-1898/-1791 -229/-1897/-1790 -230/-1896/-1789 
f -300/-1895/-1788 -228/-1894/-1787 -229/-1893/-1786 
f -244/-1892/-1785 -228/-1891/-1784 -300/-1890/-1783 
s 1
f -226/-1886/-1782 -237/-1885/-1781 -225/-1884/-1780 
s 4
f -298/-1883/-1779 -237/-1882/-1778 -226/-1881/-1777 
f -298/-1880/-1776 -226/-1879/-1775 -224/-1878/-1774 
f -298/-1877/-1773 -224/-1876/-1772 -223/-1875/-1771 
f -298/-1874/-1770 -223/-1873/-1769 -222/-1872/-1768 
f -298/-1871/-1767 -222/-1870/-1766 -221/-1869/-1765 
f -298/-1868/-1764 -221/-1867/-1763 -220/-1866/-1762 
f -298/-1865/-1761 -220/-1864/-1760 -219/-1863/-1759 
f -298/-1862/-1758 -219/-1861/-1757 -218/-1860/-1756 
f -298/-1859/-1755 -218/-1858/-1754 -217/-1857/-1753 
f -298/-1856/-1752 -217/-1855/-1751 -216/-1854/-1750 
f -298/-1853/-1749 -216/-1852/-1748 -215/-1851/-1747 
f -298/-1850/-1746 -215/-1849/-1745 -214/-1848/-1744 
f -298/-1847/-1743 -214/-1846/-1742 -227/-1845/-1741 
f -298/-1844/-1740 -227/-1843/-1739 -296/-1842/-1738 
s 8
f -311/-1835/-1737 -213/-1834/-1736 -310/-1833/-1735 
f -212/-1832/-1734 -213/-1831/-1733 -311/-1830/-1732 
f -309/-1829/-1731 -212/-1828/-1730 -311/-1827/-1729 
f -211/-1826/-1728 -212/-1825/-1727 -309/-1824/-1726 
f -306/-1823/-1725 -211/-1822/-1724 -309/-1821/-1723 
f -210/-1820/-1722 -211/-1819/-1721 -306/-1818/-1720 
f -304/-1817/-1719 -210/-1816/-1718 -306/-1815/-1717 
f -304/-1814/-1716 -209/-1813/-1715 -210/-1812/-1714 
f -208/-1811/-1713 -209/-1810/-1712 -304/-1809/-1711 
f -301/-1808/-1710 -208/-1807/-1709 -304/-1806/-1708 
f -207/-1805/-1707 -208/-1804/-1706 -301/-1803/-1705 
f -299/-1802/-1704 -207/-1801/-1703 -301/-1800/-1702 
f -206/-1799/-1701 -207/-1798/-1700 -299/-1797/-1699 
f -297/-1796/-1698 -206/-1795/-1697 -299/-1794/-1696 
f -205/-1793/-1695 -206/-1792/-1694 -297/-1791/-1693 
f -295/-1790/-1692 -205/-1789/-1691 -297/-1788/-1690 
f -227/-1787/-1689 -205/-1786/-1688 -295/-1785/-1687 
f -296/-1784/-1686 -227/-1783/-1685 -295/-1782/-1684 
f -316/-1781/-1683 -310/-1780/-1682 -213/-1779/-1681 
f -204/-1778/-1680 -316/-1777/-1679 -213/-1776/-1678 
f -316/-1775/-1677 -203/-1774/-1676 -315/-1773/-1675 
f -204/-1772/-1674 -203/-1771/-1673 -316/-1770/-1672 
f -314/-1769/-1671 -315/-1768/-1670 -203/-1767/-1669 
f -280/-1766/-1668 -314/-1765/-1667 -203/-1764/-1666 
s 1
f -202/-1763/-1665 -201/-1762/-1664 -200/-1761/-1663 
f -199/-1760/-1662 -201/-1759/-1661 -202/-1758/-1660 
f -198/-1757/-1659 -199/-1756/-1658 -202/-1755/-1657 
f -197/-1754/-1656 -199/-1753/-1655 -198/-1752/-1654 
f -196/-1751/-1653 -197/-1750/-1652 -198/-1749/-1651 
f -195/-1748/-1650 -197/-1747/-1649 -196/-1746/-1648 
f -194/-1745/-1647 -195/-1744/-1646 -196/-1743/-1645 
f -194/-1742/-1644 -193/-1741/-1643 -195/-1740/-1642 
f -192/-1739/-1641 -193/-1738/-1640 -194/-1737/-1639 
f -191/-1736/-1638 -192/-1735/-1637 -194/-1734/-1636 
f -190/-1733/-1635 -192/-1732/-1634 -191/-1731/-1633 
f -189/-1730/-1632 -190/-1729/-1631 -191/-1728/-1630 
f -188/-1727/-1629 -190/-1726/-1628 -189/-1725/-1627 
f -187/-1724/-1626 -188/-1723/-1625 -189/-1722/-1624 
f -186/-1721/-1623 -188/-1720/-1622 -187/-1719/-1621 
f -185/-1718/-1620 -186/-1717/-1619 -187/-1716/-1618 
f -185/-1715/-1617 -221/-1714/-1616 -186/-1713/-1615 
f -220/-1712/-1614 -221/-1711/-1613 -185/-1710/-1612 
f -184/-1709/-1611 -200/-1708/-1610 -201/-1707/-1609 
f -183/-1706/-1608 -184/-1705/-1607 -201/-1704/-1606 
f -182/-1703/-1605 -287/-1702/-1604 -181/-1701/-1603 
f -184/-1700/-1602 -182/-1699/-1601 -181/-1698/-1600 
f -183/-1697/-1599 -182/-1696/-1598 -184/-1695/-1597 
f -288/-1694/-1596 -287/-1693/-1595 -182/-1692/-1594 
s 4
f -182/-1691/-1593 -289/-1690/-1592 -288/-1689/-1591 
s 1
f -180/-1688/-1590 -290/-1687/-1589 -289/-1686/-1588 
f -180/-1685/-1587 -179/-1684/-1586 -290/-1683/-1585 
s 4
f -178/-1682/-1584 -290/-1681/-1583 -179/-1680/-1582 
f -291/-1679/-1581 -290/-1678/-1580 -178/-1677/-1579 
s 1
f -177/-1676/-1578 -291/-1675/-1577 -178/-1674/-1576 
f -294/-1673/-1575 -291/-1672/-1574 -177/-1671/-1573 
s 8
f -176/-1670/-1572 -294/-1669/-1571 -177/-1668/-1570 
f -293/-1667/-1569 -294/-1666/-1568 -176/-1665/-1567 
f -279/-1664/-1566 -293/-1663/-1565 -176/-1662/-1564 
f -292/-1661/-1563 -293/-1660/-1562 -279/-1659/-1561 
s 1
f -203/-1658/-1560 -281/-1657/-1559 -280/-1656/-1558 
f -175/-1655/-1557 -281/-1654/-1556 -203/-1653/-1555 
s 4
f -175/-1652/-1554 -282/-1651/-1553 -281/-1650/-1552 
f -175/-1649/-1551 -174/-1648/-1550 -282/-1647/-1549 
s 1
f -174/-1646/-1548 -283/-1645/-1547 -282/-1644/-1546 
f -174/-1643/-1545 -173/-1642/-1544 -283/-1641/-1543 
s 4
f -283/-1640/-1542 -173/-1639/-1541 -172/-1638/-1540 
f -284/-1637/-1539 -283/-1636/-1538 -172/-1635/-1537 
s 1
f -284/-1634/-1536 -172/-1633/-1535 -171/-1632/-1534 
f -285/-1631/-1533 -284/-1630/-1532 -171/-1629/-1531 
s 4
f -285/-1628/-1530 -171/-1627/-1529 -170/-1626/-1528 
f -286/-1625/-1527 -285/-1624/-1526 -170/-1623/-1525 
s 8
f -181/-1622/-1524 -287/-1621/-1523 -286/-1620/-1522 
f -181/-1619/-1521 -286/-1618/-1520 -170/-1617/-1519 
s 16
f -279/-1601/-1518 -169/-1600/-1517 -278/-1599/-1516 
f -169/-1598/-1515 -277/-1597/-1514 -278/-1596/-1513 
f -169/-1595/-1512 -276/-1594/-1511 -277/-1593/-1510 
f -274/-1583/-1509 -275/-1582/-1508 -168/-1581/-1507 
f -273/-1580/-1506 -274/-1579/-1505 -168/-1578/-1504 
f -272/-1577/-1503 -273/-1576/-1502 -168/-1575/-1501 
f -271/-1574/-1500 -272/-1573/-1499 -168/-1572/-1498 
f -270/-1571/-1497 -271/-1570/-1496 -168/-1569/-1495 
s 32
f -269/-1568/-1494 -270/-1567/-1493 -167/-1566/-1492 
f -268/-1565/-1491 -269/-1564/-1490 -167/-1563/-1489 
f -267/-1562/-1488 -268/-1561/-1487 -166/-1560/-1486 
f -266/-1559/-1485 -267/-1558/-1484 -166/-1557/-1483 
f -265/-1556/-1482 -266/-1555/-1481 -165/-1554/-1480 
f -264/-1553/-1479 -265/-1552/-1478 -165/-1551/-1477 
f -164/-1550/-1476 -263/-1549/-1475 -264/-1548/-1474 
s 1
f -256/-1544/-1473 -258/-1543/-1472 -257/-1542/-1471 
s 4
f -258/-1541/-1470 -261/-1540/-1469 -262/-1539/-1468 
f -258/-1538/-1467 -262/-1537/-1466 -259/-1536/-1465 
s 8
f -255/-1529/-1464 -254/-1528/-1463 -163/-1527/-1462 
f -253/-1526/-1461 -255/-1525/-1460 -163/-1524/-1459 
f -252/-1523/-1458 -253/-1522/-1457 -163/-1521/-1456 
f -251/-1520/-1455 -252/-1519/-1454 -163/-1518/-1453 
f -250/-1517/-1452 -251/-1516/-1451 -163/-1515/-1450 
f -249/-1499/-1449 -250/-1498/-1448 -162/-1497/-1447 
f -248/-1496/-1446 -249/-1495/-1445 -161/-1494/-1444 
f -247/-1493/-1443 -248/-1492/-1442 -161/-1491/-1441 
f -160/-1490/-1440 -246/-1489/-1439 -247/-1488/-1438 
f -192/-1487/-1437 -245/-1486/-1436 -246/-1485/-1435 
s 1
f -239/-1466/-1434 -241/-1465/-1433 -240/-1464/-1432 
f -239/-1463/-1431 -242/-1462/-1430 -241/-1461/-1429 
s 16
f -159/-1460/-1428 -243/-1459/-1427 -242/-1458/-1426 
f -159/-1457/-1425 -244/-1456/-1424 -243/-1455/-1423 
f -158/-1454/-1422 -228/-1453/-1421 -244/-1452/-1420 
f -158/-1451/-1419 -229/-1450/-1418 -228/-1449/-1417 
f -158/-1448/-1416 -230/-1447/-1415 -229/-1446/-1414 
f -158/-1445/-1413 -231/-1444/-1412 -230/-1443/-1411 
f -158/-1442/-1410 -232/-1441/-1409 -231/-1440/-1408 
f -233/-1439/-1407 -232/-1438/-1406 -158/-1437/-1405 
s 1
f -233/-1436/-1404 -238/-1435/-1403 -236/-1434/-1402 
f -233/-1433/-1401 -236/-1432/-1400 -235/-1431/-1399 
f -233/-1430/-1398 -235/-1429/-1397 -234/-1428/-1396 
s 8
f -157/-1427/-1395 -237/-1426/-1394 -238/-1425/-1393 
f -225/-1424/-1392 -237/-1423/-1391 -157/-1422/-1390 
s 1
f -217/-1418/-1389 -218/-1417/-1388 -156/-1416/-1387 
f -216/-1415/-1386 -217/-1414/-1385 -155/-1413/-1384 
f -154/-1412/-1383 -215/-1411/-1382 -216/-1410/-1381 
f -153/-1409/-1380 -214/-1408/-1379 -215/-1407/-1378 
s 2
f -152/-1406/-1377 -227/-1405/-1376 -214/-1404/-1375 
f -152/-1403/-1374 -205/-1402/-1373 -227/-1401/-1372 
f -226/-1397/-1371 -225/-1396/-1370 -151/-1395/-1369 
s 16
f -150/-1394/-1368 -226/-1393/-1367 -151/-1392/-1366 
f -224/-1391/-1365 -226/-1390/-1364 -150/-1389/-1363 
s 1
f -149/-1388/-1362 -224/-1387/-1361 -150/-1386/-1360 
f -223/-1385/-1359 -224/-1384/-1358 -149/-1383/-1357 
s 2
f -149/-1382/-1356 -222/-1381/-1355 -223/-1380/-1354 
f -148/-1379/-1353 -222/-1378/-1352 -149/-1377/-1351 
s 8
f -148/-1376/-1350 -221/-1375/-1349 -222/-1374/-1348 
f -186/-1373/-1347 -221/-1372/-1346 -148/-1371/-1345 
s 2
f -185/-1370/-1344 -219/-1369/-1343 -220/-1368/-1342 
f -185/-1367/-1341 -147/-1366/-1340 -219/-1365/-1339 
s 8
f -219/-1364/-1338 -147/-1363/-1337 -156/-1362/-1336 
f -218/-1361/-1335 -219/-1360/-1334 -156/-1359/-1333 
s 4
f -206/-1358/-1332 -152/-1357/-1331 -146/-1356/-1330 
f -205/-1355/-1329 -152/-1354/-1328 -206/-1353/-1327 
s 1
f -207/-1352/-1326 -206/-1351/-1325 -146/-1350/-1324 
f -145/-1349/-1323 -207/-1348/-1322 -146/-1347/-1321 
s 2
f -208/-1346/-1320 -207/-1345/-1319 -145/-1344/-1318 
f -208/-1343/-1317 -145/-1342/-1316 -144/-1341/-1315 
s 1
f -209/-1340/-1314 -144/-1339/-1313 -143/-1338/-1312 
f -208/-1337/-1311 -144/-1336/-1310 -209/-1335/-1309 
s 2
f -209/-1334/-1308 -143/-1333/-1307 -142/-1332/-1306 
f -209/-1331/-1305 -142/-1330/-1304 -210/-1329/-1303 
s 1
f -210/-1328/-1302 -142/-1327/-1301 -141/-1326/-1300 
f -210/-1325/-1299 -141/-1324/-1298 -211/-1323/-1297 
s 2
f -141/-1322/-1296 -140/-1321/-1295 -212/-1320/-1294 
f -211/-1319/-1293 -141/-1318/-1292 -212/-1317/-1291 
s 1
f -140/-1316/-1290 -139/-1315/-1289 -213/-1314/-1288 
f -212/-1313/-1287 -140/-1312/-1286 -213/-1311/-1285 
s 2
f -204/-1310/-1284 -138/-1309/-1283 -175/-1308/-1282 
f -204/-1307/-1281 -175/-1306/-1280 -203/-1305/-1279 
s 4
f -188/-1304/-1278 -148/-1303/-1277 -137/-1302/-1276 
f -188/-1301/-1275 -186/-1300/-1274 -148/-1299/-1273 
s 16
f -190/-1298/-1272 -188/-1297/-1271 -136/-1296/-1270 
s 8
f -192/-1292/-1269 -246/-1291/-1268 -193/-1290/-1267 
s 2
f -193/-1289/-1266 -160/-1288/-1265 -195/-1287/-1264 
f -199/-1280/-1263 -135/-1279/-1262 -201/-1278/-1261 
s 16
f -134/-1277/-1260 -183/-1276/-1259 -201/-1275/-1258 
s 2
f -183/-1274/-1257 -133/-1273/-1256 -182/-1272/-1255 
f -132/-1268/-1254 -184/-1267/-1253 -181/-1266/-1252 
f -132/-1265/-1251 -181/-1264/-1250 -170/-1263/-1249 
s 4
f -200/-1262/-1248 -184/-1261/-1247 -132/-1260/-1246 
f -131/-1259/-1245 -200/-1258/-1244 -132/-1257/-1243 
s 2
f -202/-1256/-1242 -200/-1255/-1241 -131/-1254/-1240 
f -130/-1253/-1239 -202/-1252/-1238 -131/-1251/-1237 
s 4
f -198/-1250/-1236 -202/-1249/-1235 -130/-1248/-1234 
f -198/-1247/-1233 -130/-1246/-1232 -129/-1245/-1231 
s 2
f -129/-1244/-1230 -196/-1243/-1229 -198/-1242/-1228 
f -129/-1241/-1227 -128/-1240/-1226 -196/-1239/-1225 
s 4
f -128/-1238/-1224 -194/-1237/-1223 -196/-1236/-1222 
f -128/-1235/-1221 -127/-1234/-1220 -194/-1233/-1219 
s 2
f -127/-1232/-1218 -191/-1231/-1217 -194/-1230/-1216 
f -126/-1229/-1215 -191/-1228/-1214 -127/-1227/-1213 
s 4
f -191/-1226/-1212 -125/-1225/-1211 -189/-1224/-1210 
f -191/-1223/-1209 -126/-1222/-1208 -125/-1221/-1207 
s 2
f -125/-1220/-1206 -124/-1219/-1205 -187/-1218/-1204 
f -125/-1217/-1203 -187/-1216/-1202 -189/-1215/-1201 
s 4
f -124/-1214/-1200 -185/-1213/-1199 -187/-1212/-1198 
f -124/-1211/-1197 -147/-1210/-1196 -185/-1209/-1195 
f -182/-1208/-1194 -180/-1207/-1193 -289/-1206/-1192 
s 2
f -180/-1205/-1191 -123/-1204/-1190 -179/-1203/-1189 
f -122/-1202/-1188 -178/-1201/-1187 -179/-1200/-1186 
f -169/-1199/-1185 -177/-1198/-1184 -178/-1197/-1183 
s 8
f -138/-1196/-1182 -121/-1195/-1181 -174/-1194/-1180 
f -175/-1193/-1179 -138/-1192/-1178 -174/-1191/-1177 
s 2
f -121/-1190/-1176 -120/-1189/-1175 -173/-1188/-1174 
f -174/-1187/-1173 -121/-1186/-1172 -173/-1185/-1171 
s 8
f -120/-1184/-1170 -172/-1183/-1169 -173/-1182/-1168 
f -119/-1181/-1167 -172/-1180/-1166 -120/-1179/-1165 
s 2
f -119/-1178/-1164 -171/-1177/-1163 -172/-1176/-1162 
f -118/-1175/-1161 -171/-1174/-1160 -119/-1173/-1159 
s 16
f -118/-1172/-1158 -170/-1171/-1157 -171/-1170/-1156 
f -132/-1169/-1155 -170/-1168/-1154 -118/-1167/-1153 
s 2
f -279/-1166/-1152 -176/-1165/-1151 -169/-1164/-1150 
s 16
f -169/-1163/-1149 -117/-1162/-1148 -276/-1161/-1147 
f -117/-1160/-1146 -168/-1159/-1145 -275/-1158/-1144 
s 32
f -166/-1157/-1143 -270/-1156/-1142 -168/-1155/-1141 
f -167/-1154/-1140 -270/-1153/-1139 -166/-1152/-1138 
f -268/-1151/-1137 -167/-1150/-1136 -166/-1149/-1135 
f -266/-1148/-1134 -166/-1147/-1133 -165/-1146/-1132 
f -264/-1145/-1131 -165/-1144/-1130 -116/-1143/-1129 
f -164/-1142/-1128 -264/-1141/-1127 -116/-1140/-1126 
f -256/-1139/-1125 -263/-1138/-1124 -164/-1137/-1123 
s 16
f -115/-1130/-1122 -258/-1129/-1121 -256/-1128/-1120 
s 8
f -163/-1127/-1119 -261/-1126/-1118 -258/-1125/-1117 
f -260/-1124/-1116 -261/-1123/-1115 -163/-1122/-1114 
f -254/-1121/-1113 -260/-1120/-1112 -163/-1119/-1111 
f -250/-1118/-1110 -163/-1117/-1109 -115/-1116/-1108 
f -162/-1115/-1107 -250/-1114/-1106 -115/-1113/-1105 
f -249/-1112/-1104 -162/-1111/-1103 -161/-1110/-1102 
f -247/-1109/-1101 -161/-1108/-1100 -114/-1107/-1099 
f -160/-1106/-1098 -247/-1105/-1097 -114/-1104/-1096 
f -193/-1103/-1095 -246/-1102/-1094 -160/-1101/-1093 
f -192/-1094/-1092 -239/-1093/-1091 -245/-1092/-1090 
s 16
f -239/-1085/-1089 -136/-1084/-1088 -242/-1083/-1087 
f -242/-1082/-1086 -136/-1081/-1085 -159/-1080/-1084 
f -159/-1079/-1083 -113/-1078/-1082 -244/-1077/-1081 
f -113/-1076/-1080 -158/-1075/-1079 -244/-1074/-1078 
f -112/-1073/-1077 -233/-1072/-1076 -158/-1071/-1075 
f -112/-1070/-1074 -111/-1069/-1073 -233/-1068/-1072 
s 8
f -111/-1067/-1071 -238/-1066/-1070 -233/-1065/-1069 
f -111/-1064/-1068 -157/-1063/-1067 -238/-1062/-1066 
s 1
f -217/-1052/-1065 -156/-1051/-1064 -155/-1050/-1063 
f -216/-1046/-1062 -155/-1045/-1061 -154/-1044/-1060 
f -153/-1040/-1059 -215/-1039/-1058 -154/-1038/-1057 
f -152/-1037/-1056 -214/-1036/-1055 -153/-1035/-1054 
s 8
f -151/-1034/-1053 -225/-1033/-1052 -157/-1032/-1051 
f -151/-1031/-1050 -111/-1030/-1049 -112/-1029/-1048 
f -150/-1028/-1047 -151/-1027/-1046 -112/-1026/-1045 
s 4
f -150/-1025/-1044 -112/-1024/-1043 -110/-1023/-1042 
f -149/-1022/-1041 -150/-1021/-1040 -110/-1020/-1039 
s 32
f -137/-1019/-1038 -149/-1018/-1037 -110/-1017/-1036 
f -148/-1016/-1035 -149/-1015/-1034 -137/-1014/-1033 
s 16
f -147/-1013/-1032 -124/-1012/-1031 -109/-1011/-1030 
f -156/-1010/-1029 -147/-1009/-1028 -109/-1008/-1027 
s 8
f -152/-1007/-1026 -153/-1006/-1025 -108/-1005/-1024 
f -152/-1004/-1023 -108/-1003/-1022 -146/-1002/-1021 
s 16
f -107/-1001/-1020 -146/-1000/-1019 -108/-999/-1018 
f -145/-998/-1017 -146/-997/-1016 -107/-996/-1015 
s 4
f -143/-992/-1014 -106/-991/-1013 -105/-990/-1012 
f -144/-989/-1011 -106/-988/-1010 -143/-987/-1009 
s 8
f -143/-986/-1008 -105/-985/-1007 -104/-984/-1006 
f -142/-983/-1005 -143/-982/-1004 -104/-981/-1003 
s 16
f -239/-968/-1002 -190/-967/-1001 -136/-966/-1000 
f -192/-965/-999 -190/-964/-998 -239/-963/-997 
s 2
f -195/-962/-996 -160/-961/-995 -103/-960/-994 
s 32
f -197/-956/-993 -135/-955/-992 -199/-954/-991 
s 2
f -135/-953/-990 -134/-952/-989 -201/-951/-988 
s 16
f -134/-950/-987 -133/-949/-986 -183/-948/-985 
s 2
f -182/-947/-984 -133/-946/-983 -180/-945/-982 
s 1
f -118/-944/-981 -102/-943/-980 -131/-942/-979 
f -132/-941/-978 -118/-940/-977 -131/-939/-976 
f -101/-938/-975 -131/-937/-974 -102/-936/-973 
f -130/-935/-972 -131/-934/-971 -101/-933/-970 
f -100/-932/-969 -130/-931/-968 -101/-930/-967 
f -129/-929/-966 -130/-928/-965 -100/-927/-964 
f -99/-926/-963 -129/-925/-962 -100/-924/-961 
f -128/-923/-960 -129/-922/-959 -99/-921/-958 
f -98/-920/-957 -128/-919/-956 -99/-918/-955 
f -98/-917/-954 -127/-916/-953 -128/-915/-952 
f -126/-914/-951 -127/-913/-950 -98/-912/-949 
f -97/-911/-948 -126/-910/-947 -98/-909/-946 
f -125/-908/-945 -126/-907/-944 -97/-906/-943 
f -96/-905/-942 -125/-904/-941 -97/-903/-940 
f -109/-902/-939 -124/-901/-938 -125/-900/-937 
s 2
f -133/-899/-936 -123/-898/-935 -180/-897/-934 
f -122/-896/-933 -179/-895/-932 -123/-894/-931 
f -169/-893/-930 -178/-892/-929 -122/-891/-928 
f -169/-890/-927 -95/-889/-926 -177/-888/-925 
s 4
f -139/-887/-924 -121/-886/-923 -138/-885/-922 
s 1
f -94/-884/-921 -120/-883/-920 -121/-882/-919 
f -94/-881/-918 -121/-880/-917 -93/-879/-916 
s 4
f -120/-878/-915 -94/-877/-914 -92/-876/-913 
f -119/-875/-912 -120/-874/-911 -92/-873/-910 
s 32
f -119/-872/-909 -92/-871/-908 -102/-870/-907 
f -118/-869/-906 -119/-868/-905 -102/-867/-904 
s 2
f -169/-866/-903 -176/-865/-902 -95/-864/-901 
s 16
f -169/-863/-900 -168/-862/-899 -117/-861/-898 
s 32
f -166/-860/-897 -168/-859/-896 -165/-858/-895 
s 16
f -165/-857/-894 -168/-856/-893 -116/-855/-892 
s 32
f -164/-854/-891 -116/-853/-890 -135/-852/-889 
s 16
f -91/-851/-888 -256/-850/-887 -164/-849/-886 
f -163/-845/-885 -258/-844/-884 -115/-843/-883 
f -115/-842/-882 -256/-841/-881 -91/-840/-880 
s 2
f -162/-839/-879 -115/-838/-878 -91/-837/-877 
f -161/-836/-876 -162/-835/-875 -91/-834/-874 
f -114/-833/-873 -161/-832/-872 -91/-831/-871 
f -160/-830/-870 -114/-829/-869 -103/-828/-868 
s 16
f -136/-827/-867 -137/-826/-866 -159/-825/-865 
f -137/-824/-864 -113/-823/-863 -159/-822/-862 
f -112/-821/-861 -158/-820/-860 -113/-819/-859 
s 8
f -151/-818/-858 -157/-817/-857 -111/-816/-856 
s 16
f -110/-815/-855 -112/-814/-854 -113/-813/-853 
f -113/-812/-852 -137/-811/-851 -110/-810/-850 
f -156/-809/-849 -109/-808/-848 -90/-807/-847 
f -155/-806/-846 -156/-805/-845 -90/-804/-844 
s 2
f -153/-803/-843 -154/-802/-842 -89/-801/-841 
f -108/-800/-840 -153/-799/-839 -89/-798/-838 
s 1
f -88/-797/-837 -108/-796/-836 -89/-795/-835 
f -107/-794/-834 -108/-793/-833 -88/-792/-832 
s 8
f -144/-791/-831 -145/-790/-830 -106/-789/-829 
s 2
f -105/-788/-828 -87/-787/-827 -86/-786/-826 
f -106/-785/-825 -87/-784/-824 -105/-783/-823 
s 1
f -105/-782/-822 -86/-781/-821 -85/-780/-820 
f -104/-779/-819 -105/-778/-818 -85/-777/-817 
s 4
f -141/-776/-816 -142/-775/-815 -84/-774/-814 
s 8
f -141/-773/-813 -83/-772/-812 -140/-771/-811 
s 16
f -140/-770/-810 -93/-769/-809 -139/-768/-808 
f -136/-767/-807 -188/-766/-806 -137/-765/-805 
f -195/-764/-804 -164/-763/-803 -197/-762/-802 
s 32
f -197/-761/-801 -164/-760/-800 -135/-759/-799 
s 16
f -135/-758/-798 -116/-757/-797 -134/-756/-796 
f -82/-755/-795 -133/-754/-794 -134/-753/-793 
s 32
f -81/-752/-792 -102/-751/-791 -92/-750/-790 
f -101/-749/-789 -102/-748/-788 -81/-747/-787 
s 2
f -80/-746/-786 -101/-745/-785 -81/-744/-784 
f -100/-743/-783 -101/-742/-782 -80/-741/-781 
f -79/-740/-780 -100/-739/-779 -80/-738/-778 
f -99/-737/-777 -100/-736/-776 -79/-735/-775 
s 4
f -78/-734/-774 -99/-733/-773 -79/-732/-772 
f -78/-731/-771 -98/-730/-770 -99/-729/-769 
f -97/-728/-768 -98/-727/-767 -78/-726/-766 
f -77/-725/-765 -97/-724/-764 -78/-723/-763 
f -96/-722/-762 -97/-721/-761 -77/-720/-760 
f -76/-719/-759 -96/-718/-758 -77/-717/-757 
s 16
f -82/-713/-756 -123/-712/-755 -133/-711/-754 
f -122/-710/-753 -123/-709/-752 -75/-708/-751 
f -169/-707/-750 -122/-706/-749 -168/-705/-748 
s 4
f -93/-701/-747 -121/-700/-746 -139/-699/-745 
s 1
f -83/-698/-744 -94/-697/-743 -93/-696/-742 
f -83/-695/-741 -74/-694/-740 -94/-693/-739 
s 4
f -74/-692/-738 -92/-691/-737 -94/-690/-736 
f -81/-689/-735 -92/-688/-734 -74/-687/-733 
s 16
f -116/-686/-732 -168/-685/-731 -75/-684/-730 
s 2
f -103/-677/-729 -114/-676/-728 -91/-675/-727 
s 4
f -109/-674/-726 -96/-673/-725 -76/-672/-724 
f -90/-671/-723 -109/-670/-722 -76/-669/-721 
s 16
f -155/-668/-720 -90/-667/-719 -89/-666/-718 
f -154/-665/-717 -155/-664/-716 -89/-663/-715 
s 8
f -90/-662/-714 -76/-661/-713 -88/-660/-712 
f -89/-659/-711 -90/-658/-710 -88/-657/-709 
s 1
f -87/-656/-708 -107/-655/-707 -88/-654/-706 
f -106/-653/-705 -107/-652/-704 -87/-651/-703 
s 8
f -106/-650/-702 -145/-649/-701 -107/-648/-700 
s 16
f -77/-647/-699 -78/-646/-698 -86/-645/-697 
f -87/-644/-696 -77/-643/-695 -86/-642/-694 
s 2
f -104/-641/-693 -85/-640/-692 -73/-639/-691 
f -84/-638/-690 -104/-637/-689 -73/-636/-688 
s 8
f -86/-635/-687 -79/-634/-686 -85/-633/-685 
f -86/-632/-684 -78/-631/-683 -79/-630/-682 
s 4
f -142/-629/-681 -104/-628/-680 -84/-627/-679 
s 8
f -141/-626/-678 -84/-625/-677 -83/-624/-676 
s 16
f -140/-623/-675 -83/-622/-674 -93/-621/-673 
f -195/-620/-672 -103/-619/-671 -164/-618/-670 
f -116/-617/-669 -82/-616/-668 -134/-615/-667 
s 8
f -73/-614/-666 -81/-613/-665 -74/-612/-664 
f -80/-611/-663 -81/-610/-662 -73/-609/-661 
s 16
f -85/-608/-660 -80/-607/-659 -73/-606/-658 
f -79/-605/-657 -80/-604/-656 -85/-603/-655 
s 8
f -76/-602/-654 -77/-601/-653 -87/-600/-652 
f -88/-599/-651 -76/-598/-650 -87/-597/-649 
s 1
f -109/-596/-648 -125/-595/-647 -96/-594/-646 
s 16
f -123/-593/-645 -82/-592/-644 -75/-591/-643 
f -122/-590/-642 -75/-589/-641 -168/-588/-640 
s 32
f -84/-587/-639 -74/-586/-638 -83/-585/-637 
f -73/-584/-636 -74/-583/-635 -84/-582/-634 
s 16
f -116/-581/-633 -75/-580/-632 -82/-579/-631 
f -91/-578/-630 -164/-577/-629 -103/-576/-628 
usemtl auto14
s 1
f -71/-574/-627 -72/-575/-626 -70/-573/-625 
f -70/-571/-624 -72/-572/-623 -69/-570/-622 
f -72/-568/-621 -68/-569/-620 -69/-567/-619 
f -72/-565/-618 -67/-566/-617 -68/-564/-616 
f -66/-562/-615 -71/-563/-614 -65/-561/-613 
f -71/-559/-612 -70/-560/-611 -65/-558/-610 
s 2
f -69/-556/-609 -64/-557/-608 -70/-555/-607 
f -67/-553/-606 -63/-554/-605 -68/-552/-604 
f -67/-550/-603 -62/-551/-602 -63/-549/-601 
s 4
f -68/-547/-600 -64/-548/-599 -69/-546/-598 
s 1
f -66/-544/-597 -65/-545/-596 -61/-543/-595 
s 4
f -70/-541/-594 -60/-542/-593 -65/-540/-592 
s 2
f -70/-538/-591 -64/-539/-590 -59/-537/-589 
f -63/-535/-588 -62/-536/-587 -58/-534/-586 
f -62/-532/-585 -57/-533/-584 -58/-531/-583 
s 8
f -68/-529/-582 -63/-530/-581 -56/-528/-580 
s 4
f -64/-526/-579 -68/-527/-578 -55/-525/-577 
s 1
f -61/-523/-576 -65/-524/-575 -54/-522/-574 
s 4
f -70/-520/-573 -59/-521/-572 -60/-519/-571 
s 2
f -60/-517/-570 -53/-518/-569 -65/-516/-568 
s 1
f -59/-514/-567 -64/-515/-566 -52/-513/-565 
s 2
f -58/-511/-564 -51/-512/-563 -50/-510/-562 
f -58/-508/-561 -57/-509/-560 -51/-507/-559 
s 4
f -63/-505/-558 -58/-506/-557 -49/-504/-556 
s 8
f -68/-502/-555 -56/-503/-554 -55/-501/-553 
s 4
f -63/-499/-552 -49/-500/-551 -56/-498/-550 
s 1
f -64/-496/-549 -55/-497/-548 -52/-495/-547 
f -61/-493/-546 -54/-494/-545 -48/-492/-544 
s 2
f -65/-490/-543 -53/-491/-542 -54/-489/-541 
s 1
f -59/-487/-540 -52/-488/-539 -60/-486/-538 
f -60/-484/-537 -52/-485/-536 -53/-483/-535 
s 2
f -47/-481/-534 -50/-482/-533 -46/-480/-532 
f -50/-478/-531 -51/-479/-530 -46/-477/-529 
s 4
f -58/-475/-528 -45/-476/-527 -49/-474/-526 
f -58/-472/-525 -50/-473/-524 -45/-471/-523 
s 1
f -55/-469/-522 -56/-470/-521 -52/-468/-520 
f -56/-466/-519 -49/-467/-518 -52/-465/-517 
f -61/-463/-516 -48/-464/-515 -44/-462/-514 
s 2
f -54/-460/-513 -43/-461/-512 -48/-459/-511 
f -53/-457/-510 -43/-458/-509 -54/-456/-508 
s 1
f -53/-454/-507 -52/-455/-506 -43/-453/-505 
s 2
f -42/-451/-504 -47/-452/-503 -41/-450/-502 
f -47/-448/-501 -46/-449/-500 -41/-447/-499 
s 1
f -52/-445/-498 -49/-446/-497 -45/-444/-496 
f -44/-442/-495 -48/-443/-494 -40/-441/-493 
f -48/-439/-492 -39/-440/-491 -40/-438/-490 
s 4
f -43/-436/-489 -39/-437/-488 -48/-435/-487 
s 1
f -43/-433/-486 -52/-434/-485 -38/-432/-484 
s 2
f -42/-430/-483 -41/-431/-482 -37/-429/-481 
s 1
f -52/-427/-480 -45/-428/-479 -36/-426/-478 
f -39/-424/-477 -35/-425/-476 -40/-423/-475 
f -39/-421/-474 -34/-422/-473 -35/-420/-472 
s 4
f -38/-418/-471 -39/-419/-470 -43/-417/-469 
s 1
f -38/-415/-468 -52/-416/-467 -33/-414/-466 
s 2
f -32/-412/-465 -42/-413/-464 -37/-411/-463 
s 1
f -52/-409/-462 -36/-410/-461 -31/-408/-460 
f -34/-406/-459 -37/-407/-458 -35/-405/-457 
f -33/-403/-456 -52/-404/-455 -30/-402/-454 
f -34/-400/-453 -32/-401/-452 -37/-399/-451 
s 4
f -45/-398/-450 -47/-397/-449 -36/-396/-448 
f -50/-395/-447 -47/-394/-446 -45/-393/-445 
s 8
f -36/-392/-444 -42/-391/-443 -31/-390/-442 
f -47/-389/-441 -42/-388/-440 -36/-387/-439 
s 4
f -30/-386/-438 -42/-385/-437 -32/-384/-436 
f -31/-383/-435 -42/-382/-434 -30/-381/-433 
s 2
f -33/-380/-432 -34/-379/-431 -39/-378/-430 
f -33/-377/-429 -39/-376/-428 -38/-375/-427 
s 8
f -32/-374/-426 -34/-373/-425 -33/-372/-424 
f -30/-371/-423 -32/-370/-422 -33/-369/-421 
s 1
f -52/-367/-420 -31/-368/-419 -30/-366/-418 
usemtl auto1
s 4
f -27/-341/-417 -28/-336/-416 -29/-345/-415 
f -398/-363/-414 -29/-345/-413 -746/-357/-412 
f -746/-357/-411 -29/-345/-410 -745/-358/-409 
f -745/-358/-408 -29/-345/-407 -744/-359/-406 
f -744/-359/-405 -29/-345/-404 -743/-360/-403 
f -743/-360/-402 -29/-345/-401 -742/-361/-400 
f -742/-361/-399 -29/-345/-398 -741/-362/-397 
f -741/-362/-396 -29/-345/-395 -740/-365/-394 
f -740/-365/-393 -29/-345/-392 -739/-364/-391 
f -739/-364/-390 -29/-345/-389 -738/-348/-388 
f -738/-348/-387 -29/-345/-386 -737/-346/-385 
f -737/-346/-384 -29/-345/-383 -736/-347/-382 
f -736/-347/-381 -29/-345/-380 -735/-349/-379 
f -728/-355/-378 -729/-356/-377 -840/-342/-376 
f -729/-356/-375 -730/-354/-374 -840/-342/-373 
f -730/-354/-372 -731/-353/-371 -840/-342/-370 
f -731/-353/-369 -732/-352/-368 -840/-342/-367 
f -732/-352/-366 -733/-351/-365 -840/-342/-364 
f -733/-351/-363 -734/-350/-362 -840/-342/-361 
f -734/-350/-360 -735/-349/-359 -840/-342/-358 
f -735/-349/-357 -29/-345/-356 -840/-342/-355 
f -29/-345/-354 -28/-336/-353 -840/-342/-352 
f -836/-343/-351 -840/-342/-350 -834/-344/-349 
f -840/-342/-348 -28/-336/-347 -834/-344/-346 
f -689/-315/-345 -834/-344/-344 -655/-316/-343 
f -655/-316/-342 -834/-344/-341 -636/-317/-340 
f -636/-317/-339 -834/-344/-338 -635/-318/-337 
f -635/-318/-336 -834/-344/-335 -634/-319/-334 
f -634/-319/-333 -834/-344/-332 -633/-320/-331 
f -633/-320/-330 -834/-344/-329 -632/-321/-328 
f -834/-344/-327 -28/-336/-326 -632/-321/-325 
f -632/-321/-324 -28/-336/-323 -631/-322/-322 
f -631/-322/-321 -28/-336/-320 -630/-323/-319 
f -630/-323/-318 -28/-336/-317 -629/-324/-316 
f -629/-324/-315 -28/-336/-314 -628/-325/-313 
f -687/-330/-312 -637/-331/-311 -397/-329/-310 
f -637/-331/-309 -621/-332/-308 -397/-329/-307 
f -621/-332/-306 -622/-333/-305 -397/-329/-304 
f -622/-333/-303 -623/-334/-302 -397/-329/-301 
f -623/-334/-300 -624/-335/-299 -397/-329/-298 
f -624/-335/-297 -625/-328/-296 -397/-329/-295 
f -625/-328/-294 -626/-327/-293 -397/-329/-292 
f -626/-327/-291 -627/-326/-290 -397/-329/-289 
f -627/-326/-288 -628/-325/-287 -397/-329/-286 
f -628/-325/-285 -28/-336/-284 -397/-329/-283 
f -28/-337/-282 -26/-340/-281 -397/-329/-280 
f -397/-329/-279 -26/-340/-278 -25/-338/-277 
s 1
f -24/-314/-276 -23/-311/-275 -398/-313/-274 
f -398/-313/-273 -399/-312/-272 -24/-314/-271 
s 2
f -23/-310/-270 -29/-309/-269 -398/-308/-268 
f -22/-307/-267 -29/-306/-266 -23/-305/-265 
f -21/-304/-264 -24/-301/-263 -399/-303/-262 
f -399/-303/-261 -397/-302/-260 -21/-304/-259 
s 1
f -20/-300/-258 -29/-299/-257 -22/-298/-256 
f -20/-297/-255 -27/-296/-254 -29/-295/-253 
f -19/-294/-252 -21/-293/-251 -397/-292/-250 
f -19/-291/-249 -397/-290/-248 -25/-289/-247 
s 2
f -20/-286/-246 -17/-285/-245 -18/-288/-244 
f -18/-288/-243 -27/-287/-242 -20/-286/-241 
f -26/-284/-240 -19/-283/-239 -25/-282/-238 
f -16/-281/-237 -19/-280/-236 -26/-279/-235 
s 1
f -17/-275/-234 -14/-274/-233 -15/-277/-232 
f -15/-277/-231 -18/-276/-230 -17/-275/-229 
s 4
f -15/-271/-228 -13/-270/-227 -27/-273/-226 
f -27/-273/-225 -18/-272/-224 -15/-271/-223 
f -28/-269/-222 -27/-268/-221 -13/-267/-220 
f -28/-266/-219 -13/-265/-218 -12/-264/-217 
f -28/-266/-216 -12/-264/-215 -11/-263/-214 
f -28/-266/-213 -11/-263/-212 -10/-262/-211 
f -9/-258/-210 -28/-257/-209 -10/-256/-208 
f -26/-255/-207 -28/-254/-206 -9/-253/-205 
s 1
f -9/-246/-204 -8/-243/-203 -16/-245/-202 
f -16/-245/-201 -26/-244/-200 -9/-246/-199 
s 2
f -14/-240/-198 -7/-239/-197 -13/-242/-196 
f -13/-242/-195 -15/-241/-194 -14/-240/-193 
s 1
f -7/-238/-192 -6/-235/-191 -12/-237/-190 
f -12/-237/-189 -13/-236/-188 -7/-238/-187 
s 2
f -6/-234/-186 -5/-231/-185 -11/-233/-184 
f -11/-233/-183 -12/-232/-182 -6/-234/-181 
s 1
f -5/-230/-180 -4/-227/-179 -10/-229/-178 
f -10/-229/-177 -11/-228/-176 -5/-230/-175 
s 2
f -9/-224/-174 -10/-223/-173 -4/-226/-172 
f -4/-226/-171 -8/-225/-170 -9/-224/-169 
usemtl auto29
f -534/-218/-168 -549/-217/-167 -547/-216/-166 
f -535/-215/-165 -549/-214/-164 -534/-213/-163 
usemtl auto37
s 1
f -543/-212/-162 -507/-211/-161 -542/-210/-160 
f -3/-209/-159 -2/-208/-158 -1/-207/-157 
f -3/-206/-156 -1/-205/-155 -507/-204/-154 
f -3/-203/-153 -507/-202/-152 -543/-201/-151 
usemtl auto1
s 32
f -204/-198/-150 -213/-197/-149 -139/-200/-148 
f -139/-200/-147 -138/-199/-146 -204/-198/-145 
usemtl auto31
s 4
f -687/-52/-144 -397/-51/-143 -679/-50/-142 
f -679/-50/-141 -397/-51/-140 -680/-49/-139 
f -680/-49/-138 -397/-51/-137 -681/-48/-136 
f -681/-48/-135 -397/-51/-134 -682/-47/-133 
f -682/-47/-132 -397/-51/-131 -683/-46/-130 
f -683/-46/-129 -397/-51/-128 -684/-45/-127 
f -684/-45/-126 -397/-51/-125 -685/-44/-124 
f -685/-44/-123 -397/-51/-122 -686/-43/-121 
f -686/-43/-120 -397/-51/-119 -688/-42/-118 
f -688/-42/-117 -397/-51/-116 -690/-41/-115 
f -698/-40/-114 -697/-39/-113 -834/-38/-112 
f -697/-39/-111 -696/-37/-110 -834/-38/-109 
f -690/-41/-108 -397/-51/-107 -399/-36/-106 
f -692/-35/-105 -690/-41/-104 -399/-36/-103 
f -694/-34/-102 -692/-35/-101 -399/-36/-100 
f -696/-37/-99 -694/-34/-98 -399/-36/-97 
f -834/-38/-96 -696/-37/-95 -399/-36/-94 
f -836/-33/-93 -834/-38/-92 -399/-36/-91 
f -834/-38/-90 -689/-32/-89 -691/-31/-88 
f -834/-38/-87 -691/-31/-86 -693/-30/-85 
f -834/-38/-84 -693/-30/-83 -695/-29/-82 
f -834/-38/-81 -695/-29/-80 -699/-28/-79 
f -834/-38/-78 -699/-28/-77 -698/-40/-76 
f -840/-27/-75 -727/-26/-74 -728/-25/-73 
f -840/-27/-72 -726/-24/-71 -727/-26/-70 
f -725/-23/-69 -726/-24/-68 -840/-27/-67 
f -836/-22/-66 -725/-23/-65 -840/-27/-64 
f -836/-22/-63 -724/-21/-62 -725/-23/-61 
f -836/-22/-60 -723/-20/-59 -724/-21/-58 
f -836/-22/-57 -722/-19/-56 -723/-20/-55 
f -836/-22/-54 -721/-18/-53 -722/-19/-52 
f -836/-22/-51 -720/-17/-50 -721/-18/-49 
f -836/-22/-48 -719/-16/-47 -720/-17/-46 
f -399/-15/-45 -398/-14/-44 -746/-13/-43 
f -399/-15/-42 -746/-13/-41 -705/-12/-40 
f -399/-15/-39 -705/-12/-38 -704/-11/-37 
f -399/-15/-36 -704/-11/-35 -703/-10/-34 
f -399/-15/-33 -703/-10/-32 -702/-9/-31 
f -399/-15/-30 -702/-9/-29 -711/-8/-28 
f -399/-15/-27 -711/-8/-26 -712/-7/-25 
f -399/-15/-24 -712/-7/-23 -713/-6/-22 
f -399/-15/-21 -713/-6/-20 -714/-5/-19 
f -399/-15/-18 -714/-5/-17 -715/-4/-16 
f -399/-15/-15 -715/-4/-14 -716/-3/-13 
f -399/-15/-12 -716/-3/-11 -717/-2/-10 
f -399/-15/-9 -717/-2/-8 -718/-1/-7 
f -399/-15/-6 -718/-1/-5 -719/-16/-4 
f -399/-15/-3 -719/-16/-2 -836/-22/-1 
# 1530 faces

