# 3ds Max Wavefront OBJ Exporter v0.97b - (c)2007 guruware
# File Created: 10.10.2011 09:53:08

mtllib Apteegi_1.mtl

#
# object Apteegi_1
#

v  56.639565 56.827797 18.633888
v  56.638298 56.827629 21.199371
v  30.861300 52.374733 21.199371
v  30.869013 52.375343 23.232941
v  49.842968 55.652004 23.232964
v  51.148598 55.880722 23.232956
v  56.637283 56.827492 23.232967
v  30.851568 52.373970 18.633911
v  56.641853 56.828117 13.823797
v  30.840313 52.373093 13.786472
v  30.833328 52.372528 13.823827
v  56.642387 56.828178 12.788713
v  49.849373 55.653721 23.545780
v  51.174728 55.885887 23.545780
v  49.855629 55.656288 24.321114
v  50.527962 55.775269 24.954334
v  51.200699 55.891914 24.321115
v  30.845728 52.374584 16.949305
v  41.099861 54.142929 21.978121
v  30.867424 52.375217 22.814217
v  42.812981 54.438858 21.899237
v  51.106686 55.871296 21.899231
v  44.609222 54.750031 18.084074
v  39.641762 53.891949 18.810734
v  56.639019 56.827728 19.732132
v  40.190315 53.987602 16.528158
v  30.849930 52.374146 18.161219
v  41.710625 54.249298 16.528158
v  47.266018 55.208534 15.845903
v  35.892078 53.245747 14.959546
v  36.057377 53.273121 17.498629
v  36.387600 53.329994 17.595537
v  36.717804 53.386993 17.563232
v  37.047985 53.444103 17.401718
v  35.892258 53.244728 17.401720
v  36.222492 53.301544 17.563234
v  36.552704 53.358482 17.595535
v  36.882896 53.415531 17.498627
v  37.047783 53.445248 14.959544
v  35.892406 53.243881 20.808434
v  35.892529 53.243187 22.814335
v  37.048218 53.442776 22.814335
v  37.048092 53.443501 20.808432
v  42.812809 54.439804 15.845903
v  42.812809 54.439808 18.084074
v  44.609253 54.749870 15.845903
v  45.068775 54.829185 15.845903
v  45.068741 54.829384 18.084074
v  46.865158 55.139606 18.084074
v  46.865208 55.139320 15.845903
v  47.265968 55.208820 18.084074
v  49.062386 55.519043 18.084074
v  49.062435 55.518757 15.845904
v  42.812870 54.439480 20.106661
v  44.609390 54.749111 21.899237
v  44.609272 54.749763 20.106663
v  45.068859 54.828720 20.106659
v  45.068886 54.828552 21.899233
v  46.865299 55.138809 21.899233
v  46.865273 55.138958 20.106661
v  47.266083 55.208176 20.106661
v  47.266109 55.208031 21.899235
v  49.062523 55.518269 21.899233
v  49.062500 55.518394 20.106661
v  32.986958 52.742035 20.808437
v  32.987076 52.741337 22.814285
v  34.142769 52.940956 22.814327
v  34.142639 52.941650 20.808437
v  39.406025 53.850777 20.808430
v  39.406097 53.850368 21.978123
v  41.099792 54.143333 20.808426
v  49.934410 55.669403 19.779537
v  49.934505 55.668869 21.899231
v  51.106590 55.871826 19.779537
v  50.057362 55.689632 22.470039
v  50.057041 55.691460 24.262615
v  50.977417 55.852688 24.262615
v  50.978127 55.848640 22.470039
v  40.190205 53.988232 15.711713
v  40.866478 54.104248 16.528160
v  40.866352 54.104950 15.711712
v  41.710491 54.250057 15.711710
v  42.386784 54.365952 16.528158
v  42.386650 54.366703 15.711710
v  49.934422 55.669334 15.567991
v  49.934418 55.669365 17.687683
v  51.106598 55.871788 17.687683
v  51.106606 55.871758 15.567989
v  37.845139 53.582886 15.845902
v  37.845348 53.581726 18.810736
v  39.641579 53.892971 15.845902
v  33.100895 52.763905 15.845902
v  33.101147 52.762455 18.810738
v  34.897560 53.072678 18.810736
v  34.897331 53.074005 15.845902
v  48.169216 55.365479 18.084074
v  48.066185 55.347462 18.084074
v  48.169220 55.365479 15.845903
v  48.066185 55.347462 15.845903
v  45.971992 54.986042 15.845903
v  45.868958 54.968025 18.084074
v  45.971989 54.986042 18.084074
v  45.868958 54.968025 15.845903
v  43.716057 54.596466 15.845903
v  43.613022 54.578449 18.084074
v  43.716053 54.596466 18.084074
v  43.613022 54.578449 15.845903
v  48.169361 55.364689 20.106661
v  48.066326 55.346672 21.899233
v  48.169357 55.364689 21.899233
v  48.066326 55.346672 20.106661
v  45.869099 54.967236 21.899233
v  45.972134 54.985252 20.106661
v  45.972130 54.985252 21.899233
v  45.869099 54.967236 20.106661
v  43.716232 54.595516 20.106661
v  43.613007 54.577042 21.899240
v  43.717339 54.595062 21.899240
v  43.613197 54.577499 20.106661
v  38.748379 53.739571 15.845902
v  38.645348 53.721554 15.845902
v  38.645565 53.720364 18.810734
v  38.748596 53.738380 18.810734
v  34.004177 52.920300 15.845902
v  33.901146 52.902283 15.845902
v  58.773308 43.305542 18.633888
v  58.773205 43.305531 21.199369
v  31.222130 47.881706 21.199324
v  31.229843 47.882313 23.232893
v  48.906551 41.781303 21.199371
v  49.697140 41.887798 21.199371
v  49.749149 41.509182 21.566824
v  48.628334 41.743828 21.199371
v  46.643402 41.476456 21.199371
v  44.623585 41.204384 21.199371
v  42.537621 40.923401 21.199371
v  40.523087 40.652042 21.199371
v  39.305386 40.488014 21.199371
v  39.357395 40.109402 21.566826
v  36.884106 40.164879 21.199371
v  36.884109 40.164879 18.633890
v  39.305389 40.488014 18.633890
v  57.344517 43.082901 21.199369
v  58.832668 42.928780 21.566822
v  55.298832 42.763206 21.199371
v  54.081161 42.572914 21.199371
v  52.054073 42.256130 21.199371
v  29.795301 38.821472 21.566824
v  29.736582 39.199192 21.199371
v  32.542442 39.585831 21.199371
v  34.933220 39.904518 21.199371
v  38.503414 46.137398 29.360943
v  38.460590 46.439674 29.751783
v  31.456381 45.362373 29.564062
v  31.902168 45.082214 29.132221
v  57.642925 49.521095 29.367035
v  57.600433 49.944466 29.860634
v  52.547832 49.016933 29.850580
v  51.345497 48.792839 29.848320
v  48.838085 48.325504 29.843605
v  48.886978 47.959721 29.399448
v  51.119709 56.117409 23.429655
v  56.604919 57.066002 23.429684
v  57.566711 50.280437 29.558975
v  31.424004 45.749958 29.236198
v  31.235388 47.882751 24.694408
v  30.850574 52.614269 23.429560
v  31.234280 47.882664 24.402248
v  28.167318 47.452312 24.694504
v  28.101944 47.746944 24.983181
v  31.213646 48.167171 24.983027
v  31.500935 44.771511 28.804482
v  31.474960 45.078522 28.458969
v  28.167318 47.452312 21.199371
v  28.167318 47.452312 18.633890
v  29.737547 39.199318 18.633890
v  48.906551 41.781303 18.633890
v  49.697144 41.887798 18.633890
v  31.212400 47.880939 18.633884
v  58.773251 43.305538 13.823798
v  58.773243 43.305538 14.358725
v  58.773239 43.305576 16.198668
v  57.345367 43.083012 18.633888
v  57.346176 43.083115 16.198668
v  32.542442 39.585831 18.633890
v  29.738106 39.199398 17.148405
v  32.542442 39.585831 17.148403
v  28.167318 47.452316 17.702732
v  31.207718 47.894993 17.702703
v  28.167320 47.452312 13.894140
v  29.739285 39.199554 13.851438
v  48.628338 41.743824 13.823798
v  46.643402 41.476448 13.823798
v  46.643402 41.476456 13.186121
v  48.906555 41.781303 13.823798
v  49.697147 41.887794 13.823798
v  49.697147 41.887798 13.070110
v  31.193169 47.891785 13.823792
v  31.193970 47.879486 13.773037
v  58.773243 43.305534 12.718372
v  32.542442 39.585831 13.729745
v  34.933220 39.904518 13.630984
v  34.933208 39.904518 13.823798
v  32.542423 39.585823 13.823798
v  55.299450 42.763271 16.198668
v  55.299664 42.763290 14.355823
v  56.067799 42.883327 14.355823
v  57.626968 43.126976 14.357389
v  28.167318 47.452312 24.389275
v  28.969488 44.077625 28.375443
v  31.112394 47.880932 16.566893
v  31.049629 47.871792 16.714420
v  29.902637 39.224228 13.850761
v  31.956600 39.505901 13.850900
v  32.004818 39.562679 13.852809
v  31.994984 39.935032 13.867008
v  31.894608 43.736061 14.011958
v  29.488247 43.407719 14.011860
v  29.816616 39.636463 13.866869
v  29.848764 39.267246 13.852674
v  32.005203 39.562695 15.882470
v  31.995338 39.935043 15.898841
v  28.481070 47.460556 14.171042
v  28.481108 47.460312 16.249437
v  28.570972 47.098701 16.233059
v  28.570934 47.098942 14.156839
v  31.986801 39.560150 16.051584
v  31.976667 39.932484 16.069046
v  28.503340 47.463341 16.440081
v  28.593006 47.101681 16.422707
v  29.921677 39.277264 16.211033
v  29.866480 39.269672 16.050634
v  29.834538 39.638878 16.067997
v  29.890305 39.646523 16.229462
v  28.680771 47.487411 16.796007
v  28.768940 47.125568 16.776585
v  28.660374 47.110825 16.605944
v  28.571270 47.472565 16.624386
v  30.129808 39.305820 16.493851
v  30.010305 39.289429 16.360624
v  29.979862 39.658798 16.380033
v  30.100639 39.675350 16.514139
v  29.010246 47.532078 17.077913
v  29.095558 47.169945 17.056881
v  28.915705 47.145508 16.928644
v  28.828819 47.507481 16.948946
v  29.218712 47.560349 17.178539
v  29.302235 47.198036 17.156952
v  29.445841 47.591164 17.247305
v  29.527479 47.228649 17.225359
v  29.684858 47.623604 17.282530
v  29.764656 47.260887 17.260429
v  31.113098 47.817684 16.442928
v  31.180876 47.453480 16.425484
v  31.115513 47.444580 16.607491
v  31.047239 47.808701 16.626003
v  31.007391 47.429867 16.776918
v  30.938221 47.793858 16.796339
v  31.843330 39.540478 16.360657
v  31.723316 39.524055 16.494263
v  31.710571 39.896011 16.514523
v  31.831797 39.912628 16.380096
v  30.791031 47.773842 16.948380
v  30.861414 47.410011 16.928137
v  30.682383 47.385662 17.056004
v  30.610506 47.749310 17.076954
v  31.576241 39.503933 16.607002
v  31.407104 39.480789 16.695074
v  31.391140 39.852226 16.716599
v  31.562004 39.875648 16.627966
v  30.402594 47.721062 17.177660
v  30.476200 47.357624 17.156147
v  30.249702 47.326828 17.225119
v  30.174166 47.690037 17.246990
v  31.221869 39.455433 16.756371
v  31.025692 39.428574 16.786142
v  31.005787 39.799412 16.808273
v  31.203981 39.826576 16.778250
v  29.932713 47.657249 17.282434
v  30.010273 47.294277 17.260307
v  36.064724 40.055527 13.823798
v  36.064728 40.055527 14.714375
v  34.933212 39.904518 14.714375
v  39.305389 40.488014 13.464888
v  39.305389 40.488014 13.823798
v  36.884098 40.164875 13.823798
v  44.623585 41.204384 14.353647
v  42.537621 40.923401 14.353647
v  42.537621 40.923401 13.342097
v  44.623585 41.204384 13.262853
v  45.532501 41.326813 13.823798
v  45.532501 41.326817 13.228323
v  36.884109 40.164879 16.198668
v  39.305389 40.488014 16.198668
v  39.305389 40.488014 18.021988
v  39.305389 40.488014 14.805000
v  39.305389 40.488014 15.035525
v  36.884102 40.164875 14.714375
v  40.523090 40.652042 18.633890
v  46.643402 41.476456 18.633890
v  46.643402 41.476456 18.021988
v  48.628334 41.743828 18.021988
v  48.628334 41.743828 18.633890
v  52.054073 42.256123 18.579454
v  54.081161 42.572903 18.579453
v  55.299149 42.763241 18.633890
v  54.081161 42.572884 15.392083
v  54.132694 42.580925 13.937449
v  55.299721 42.763298 13.937449
v  31.205292 47.457062 14.156897
v  31.137810 47.821327 14.171085
v  31.079168 47.863686 14.172997
v  28.518555 47.515812 14.172950
v  31.894627 43.735920 16.065947
v  31.204977 47.456772 16.233034
v  29.816622 39.636425 15.898681
v  29.488270 43.407578 16.065880
v  31.873241 43.732994 16.247272
v  29.508242 43.410294 16.245361
v  29.569811 43.418686 16.417711
v  29.668873 43.432198 16.578318
v  29.802645 43.450443 16.721401
v  30.248617 39.695633 16.627407
v  29.966558 43.472805 16.842155
v  30.418928 39.718975 16.716074
v  30.155050 43.498520 16.936523
v  30.605940 39.744606 16.777107
v  30.361181 43.526642 17.001244
v  30.805645 39.771980 16.808981
v  30.579618 43.556446 17.034714
v  31.921543 39.924927 16.229227
v  31.813000 43.724770 16.418367
v  31.714066 43.711262 16.578518
v  31.580463 43.693024 16.721338
v  31.416664 43.670670 16.841995
v  31.228142 43.644939 16.936382
v  31.021315 43.616718 17.001694
v  30.802502 43.586857 17.034300
v  31.968369 44.494133 28.373863
v  32.069237 39.521278 15.639635
v  32.542442 39.585831 16.198668
v  32.036362 39.516785 16.062237
v  32.055691 39.519356 13.850901
v  29.807610 39.211170 15.959795
v  29.803568 39.210640 13.850755
v  29.832333 39.214561 16.105328
v  29.890350 39.222515 16.250488
v  29.976990 39.234398 16.391415
v  30.090637 39.249985 16.519314
v  30.226568 39.268623 16.628822
v  30.377480 39.289322 16.716085
v  30.531191 39.310402 16.779057
v  30.695601 39.332947 16.812849
v  31.061501 39.383072 16.833036
v  31.186197 39.400185 16.821232
v  31.319906 39.418533 16.782078
v  31.475136 39.439827 16.718702
v  31.627552 39.460732 16.632065
v  31.764429 39.479507 16.523205
v  31.878702 39.495178 16.396374
v  31.988949 39.510281 16.207344
v  29.857365 47.697384 17.335442
v  29.547398 47.651978 17.317303
v  30.945021 47.856518 16.857040
v  30.805153 47.836082 16.995533
v  30.635479 47.811272 17.116722
v  30.443808 47.783234 17.213999
v  30.241369 47.753609 17.283846
v  30.048117 47.725319 17.326447
v  29.340580 47.621674 17.280348
v  29.143284 47.592754 17.209753
v  28.952393 47.564762 17.110653
v  28.781853 47.539742 16.985863
v  28.640152 47.518936 16.840403
v  28.532991 47.503185 16.681978
v  28.461794 47.492706 16.524578
v  28.429216 47.487885 16.383226
v  28.421993 47.485001 14.172276
v  31.137747 47.884605 16.443617
v  31.176508 47.889465 14.173475
v  35.808632 40.021347 18.140715
v  35.921204 40.036369 18.140715
v  36.655254 40.134335 18.140715
v  33.960629 39.774872 20.911758
v  34.073204 39.789879 20.911758
v  34.807270 39.887730 20.911758
v  34.933220 39.904518 18.633890
v  33.960625 39.774872 18.140715
v  34.073200 39.789879 18.140715
v  34.807266 39.887730 18.140715
v  33.338333 39.691917 13.946869
v  33.338333 39.691921 16.003288
v  45.663033 41.344398 20.843542
v  45.775589 41.359562 20.843542
v  46.509510 41.458420 20.843542
v  53.854492 42.537476 17.664183
v  53.854492 42.537464 15.920859
v  51.980083 42.244545 13.074775
v  52.054073 42.256107 13.074925
v  52.054077 42.256107 13.937449
v  51.556721 42.178387 13.613775
v  51.556721 42.178387 13.823798
v  50.309319 41.983463 16.199329
v  49.697144 41.887798 18.021988
v  50.309319 41.983459 13.823798
v  33.069420 38.673031 13.639001
v  34.889149 38.917625 13.639001
v  34.889149 38.917625 13.946217
v  33.069424 38.673031 13.946217
v  34.759377 39.883083 13.639006
v  34.759380 39.883080 13.946221
v  32.939651 39.638485 13.946221
v  32.939651 39.638485 13.639006
v  39.764824 40.550014 14.804901
v  48.905701 41.779228 14.804951
v  48.428581 41.018753 14.804901
v  46.590374 40.795090 14.804926
v  44.343746 40.521725 14.804941
v  42.117378 40.250828 14.804926
v  40.258747 40.024673 14.804926
v  40.144203 39.708523 18.161436
v  48.606663 40.738213 18.161436
v  47.776516 41.626591 19.017927
v  40.746040 40.685875 19.017927
v  39.399040 40.501102 18.161436
v  49.291843 41.829308 18.161436
v  44.343666 40.521713 17.891438
v  44.857868 40.584282 17.547848
v  45.593124 40.673744 17.547848
v  45.705887 40.687466 17.547848
v  46.590374 40.795090 17.891438
v  46.441139 40.776928 17.547848
v  48.428589 41.018757 17.891438
v  47.480869 40.903442 17.547848
v  47.593632 40.917160 17.547848
v  48.328888 41.006622 17.547848
v  42.117378 40.250828 17.891438
v  41.137157 40.131557 17.547848
v  41.249916 40.145275 17.547848
v  41.985172 40.234741 17.547848
v  40.416096 40.300835 14.223978
v  40.231987 40.280018 14.223978
v  40.194481 40.611759 14.223978
v  40.378586 40.632576 14.223978
v  40.441936 40.072289 14.804702
v  40.257828 40.051472 14.804702
v  40.257828 40.051472 14.453978
v  40.441936 40.072289 14.453978
v  40.194481 40.611759 14.804702
v  40.378586 40.632576 14.804702
v  41.499466 40.449482 14.223978
v  41.315567 40.426899 14.223978
v  41.274879 40.758266 14.223978
v  41.458778 40.780846 14.223978
v  41.527496 40.221195 14.804702
v  41.343597 40.198616 14.804702
v  41.343597 40.198616 14.453978
v  41.527496 40.221195 14.453978
v  41.274879 40.758266 14.804702
v  41.458778 40.780846 14.804702
v  42.787724 40.618584 14.223978
v  42.603825 40.596004 14.223978
v  42.563137 40.927368 14.223978
v  42.747036 40.949951 14.223978
v  42.815754 40.390297 14.804702
v  42.631855 40.367718 14.804702
v  42.631855 40.367718 14.453978
v  42.815754 40.390297 14.453978
v  42.563137 40.927368 14.804702
v  42.747036 40.949951 14.804702
v  44.224571 40.795006 14.223978
v  44.040672 40.772427 14.223978
v  43.999985 41.103794 14.223978
v  44.183884 41.126373 14.223978
v  44.252602 40.566723 14.804702
v  44.068703 40.544140 14.804702
v  44.068703 40.544140 14.453978
v  44.252602 40.566723 14.453978
v  43.999985 41.103794 14.804702
v  44.183884 41.126373 14.804702
v  45.665409 40.971920 14.223978
v  45.481510 40.949341 14.223978
v  45.440823 41.280704 14.223978
v  45.624722 41.303284 14.223978
v  45.693439 40.743633 14.804702
v  45.509541 40.721054 14.804702
v  45.509541 40.721054 14.453978
v  45.693439 40.743633 14.453978
v  45.440823 41.280704 14.804702
v  45.624722 41.303284 14.804702
v  46.982479 41.133636 14.223978
v  46.798580 41.111057 14.223978
v  46.757893 41.442425 14.223978
v  46.941792 41.465004 14.223978
v  47.010509 40.905354 14.804702
v  46.826607 40.882771 14.804702
v  46.826607 40.882771 14.453978
v  47.010509 40.905354 14.453978
v  46.757893 41.442425 14.804702
v  46.941792 41.465004 14.804702
v  48.345009 41.300934 14.223978
v  48.161110 41.278355 14.223978
v  48.120422 41.609718 14.223978
v  48.304321 41.632301 14.223978
v  48.373039 41.072647 14.804702
v  48.189140 41.050068 14.804702
v  48.189140 41.050068 14.453978
v  48.373039 41.072647 14.453978
v  48.120422 41.609718 14.804702
v  48.304321 41.632301 14.804702
v  50.290268 41.771660 13.469796
v  51.623165 41.967163 13.469796
v  51.623165 41.967163 13.613775
v  50.290268 41.771660 13.613775
v  51.593224 42.171288 13.469796
v  51.593224 42.171288 13.613775
v  50.260326 41.975784 13.613775
v  50.260326 41.975784 13.469796
v  51.887012 41.753189 12.999796
v  51.887012 41.753189 13.469796
v  50.098984 41.490929 13.469796
v  50.098984 41.490929 12.999796
v  50.032761 41.942406 12.999797
v  50.032761 41.942406 13.469796
v  51.820789 42.204666 12.999797
v  51.820789 42.204666 13.469796
v  55.557972 42.062492 15.085546
v  57.462883 42.360180 15.085546
v  57.462883 42.360195 17.710804
v  55.557968 42.062508 17.710804
v  55.077190 42.728527 15.085543
v  57.752483 43.146603 15.085543
v  57.752480 43.146618 17.710800
v  55.077187 42.728546 17.710800
v  57.668747 42.108967 17.900806
v  55.431484 41.759346 17.900806
v  58.069080 43.196098 17.900799
v  54.766865 42.680050 17.900799
v  55.505775 41.937416 18.021988
v  54.949146 42.708538 18.021990
v  57.547829 42.256531 18.021988
v  57.883110 43.167034 18.021988
v  55.553417 42.136795 18.211395
v  55.108013 42.768326 18.211395
v  57.445930 42.433586 18.211395
v  57.710274 43.176422 18.211395
v  55.409676 42.780510 18.400799
v  55.693493 42.387333 18.400803
v  55.783840 42.603882 18.520802
v  55.631336 42.815147 18.520800
v  57.242310 42.629372 18.400803
v  57.095261 42.808819 18.520802
v  57.413265 43.093613 18.400799
v  57.187122 43.058273 18.520800
v  55.886993 42.853947 18.650799
v  56.926605 43.016407 18.650799
v  56.401642 42.265854 15.037609
v  56.519264 42.284237 15.037609
v  56.519463 42.282997 15.087914
v  56.401836 42.264614 15.087914
v  56.417118 42.937916 14.397013
v  56.468288 42.610455 14.674167
v  56.350662 42.592072 14.674167
v  56.299492 42.919533 14.397013
v  56.515648 42.307400 14.998741
v  56.504787 42.376888 14.967560
v  56.366283 42.492107 14.805000
v  56.372028 42.455345 14.853111
v  56.299492 42.919537 15.087912
v  56.483910 42.510487 14.805000
v  56.398022 42.289017 14.998741
v  56.387161 42.358509 14.967560
v  56.382721 42.386921 14.896915
v  56.500347 42.405300 14.896915
v  56.496643 42.429016 14.871865
v  56.379017 42.410637 14.871865
v  56.489655 42.473728 14.853111
v  57.357307 42.415199 15.037609
v  57.474930 42.433578 15.037609
v  57.475124 42.432339 15.087914
v  57.357498 42.413960 15.087914
v  57.372780 43.087257 14.397013
v  57.423954 42.759796 14.674167
v  57.306328 42.741417 14.674167
v  57.255154 43.068878 14.397013
v  57.471310 42.456741 14.998741
v  57.460453 42.526234 14.967560
v  57.321949 42.641449 14.805000
v  57.327694 42.604691 14.853111
v  57.255154 43.068882 15.087912
v  57.439575 42.659832 14.805000
v  57.353683 42.438362 14.998741
v  57.342827 42.507851 14.967560
v  57.338387 42.536263 14.896915
v  57.456009 42.554646 14.896915
v  57.452305 42.578362 14.871865
v  57.334679 42.559978 14.871865
v  57.445320 42.623074 14.853111
v  55.560703 42.134441 15.037609
v  55.678329 42.152824 15.037609
v  55.678524 42.151585 15.087914
v  55.560898 42.133202 15.087914
v  55.576180 42.806503 14.397013
v  55.627350 42.479042 14.674167
v  55.509727 42.460659 14.674167
v  55.458557 42.788120 14.397013
v  55.674709 42.175987 14.998741
v  55.663849 42.245476 14.967560
v  55.525349 42.360695 14.805000
v  55.531094 42.323936 14.853111
v  55.458553 42.788124 15.087912
v  55.642975 42.379074 14.805000
v  55.557083 42.157604 14.998741
v  55.546227 42.227097 14.967560
v  55.541786 42.255508 14.896915
v  55.659409 42.273888 14.896915
v  55.655704 42.297604 14.871865
v  55.538078 42.279221 14.871865
v  55.648720 42.342316 14.853111
v  35.782173 40.219589 18.140715
v  35.048122 40.121624 18.140715
v  35.048126 40.121624 16.397390
v  35.782173 40.219589 16.397390
v  36.628799 40.332577 18.140715
v  35.894745 40.234612 18.140715
v  35.894749 40.234612 16.397390
v  36.628796 40.332577 16.397390
v  33.934200 39.973122 20.911758
v  33.200134 39.875271 20.911758
v  33.200138 39.875271 19.168434
v  33.934204 39.973118 19.168434
v  34.780846 40.085976 20.911758
v  34.046780 39.988125 20.911758
v  34.046780 39.988125 19.168434
v  34.780846 40.085976 19.168434
v  35.782173 40.219589 20.911758
v  35.048122 40.121624 20.911758
v  35.048122 40.121624 19.168434
v  35.782173 40.219589 19.168434
v  36.628796 40.332577 20.911758
v  35.894753 40.234615 20.911758
v  35.894749 40.234615 19.168434
v  36.628796 40.332577 19.168434
v  33.934196 39.973118 18.140715
v  33.200134 39.875271 18.140715
v  33.200130 39.875271 16.397392
v  33.934196 39.973118 16.397392
v  34.780842 40.085976 18.140715
v  34.046776 39.988125 18.140715
v  34.046772 39.988125 16.397390
v  34.780838 40.085976 16.397390
v  34.342579 39.987202 16.003288
v  33.317192 39.850517 16.003288
v  33.317192 39.850517 13.946869
v  34.342575 39.987202 13.946869
v  30.881634 39.560131 20.911758
v  30.147947 39.459599 20.911758
v  30.147947 39.459595 19.168434
v  30.881634 39.560131 19.168434
v  31.727839 39.676083 20.911758
v  30.994154 39.575546 20.911758
v  30.994152 39.575546 19.168434
v  31.727837 39.676079 19.168434
v  41.489376 40.984009 20.843542
v  40.755455 40.885147 20.843542
v  40.755455 40.885147 19.100220
v  41.489372 40.984009 19.100220
v  42.335854 41.098030 20.843542
v  41.601933 40.999168 20.843542
v  41.601933 40.999168 19.100220
v  42.335854 41.098030 19.100220
v  43.397102 41.240982 20.843542
v  42.663185 41.142120 20.843542
v  42.663181 41.142120 19.100218
v  43.397102 41.240982 19.100218
v  44.243580 41.355003 20.843542
v  43.509659 41.256142 20.843542
v  43.509659 41.256142 19.100220
v  44.243580 41.355003 19.100220
v  45.636333 41.542610 20.843542
v  44.902416 41.443748 20.843542
v  44.902416 41.443748 19.100220
v  45.636333 41.542610 19.100220
v  46.482811 41.656631 20.843542
v  45.748890 41.557770 20.843542
v  45.748890 41.557770 19.100220
v  46.482811 41.656631 19.100220
v  47.484264 41.791527 20.843542
v  46.750256 41.692654 20.843544
v  46.750256 41.692654 19.100220
v  47.484264 41.791527 19.100220
v  48.330845 41.905560 20.843542
v  47.596832 41.806690 20.843544
v  47.596832 41.806690 19.100220
v  48.330845 41.905563 19.100220
v  52.979744 42.603214 20.892597
v  52.248093 42.488876 20.892597
v  52.248093 42.488873 19.149275
v  52.979744 42.603210 19.149275
v  53.823608 42.735092 20.892599
v  53.091957 42.620750 20.892599
v  53.091957 42.620747 19.149275
v  53.823608 42.735085 19.149275
v  56.236965 43.112240 20.892597
v  55.505310 42.997902 20.892597
v  55.505310 42.997887 19.149273
v  56.236969 43.112228 19.149273
v  57.080830 43.244114 20.892597
v  56.349174 43.129776 20.892597
v  56.349174 43.129765 19.149275
v  57.080833 43.244102 19.149275
v  52.979748 42.603195 15.920858
v  52.979748 42.603203 17.664183
v  52.248093 42.488869 17.664183
v  52.248096 42.488861 15.920858
v  53.823612 42.735065 15.920858
v  53.823612 42.735077 17.664181
v  53.091957 42.620739 17.664181
v  53.091961 42.620731 15.920858
v  51.532154 42.336494 16.199329
v  50.284615 42.141544 16.199329
v  50.284618 42.141541 13.823798
v  51.532017 42.336468 13.823798
v  51.532017 42.336468 13.613775
v  50.284618 42.141541 13.613775
v  45.568966 40.872280 17.547848
v  44.833710 40.782818 17.547848
v  44.833714 40.782818 15.804525
v  45.568966 40.872280 15.804525
v  46.416985 40.975464 17.547848
v  45.681728 40.886002 17.547848
v  45.681728 40.886002 15.804525
v  46.416985 40.975464 15.804525
v  47.456711 41.101974 17.547848
v  46.721458 41.012512 17.547848
v  46.721458 41.012512 15.804525
v  47.456711 41.101974 15.804525
v  48.304729 41.205158 17.547848
v  47.569477 41.115696 17.547848
v  47.569473 41.115696 15.804525
v  48.304729 41.205162 15.804525
v  42.973236 40.556438 17.547848
v  42.237984 40.466976 17.547848
v  42.237984 40.466976 15.804524
v  42.973236 40.556438 15.804524
v  43.821255 40.659622 17.547848
v  43.085999 40.570160 17.547848
v  43.085999 40.570160 15.804524
v  43.821255 40.659622 15.804525
v  41.112999 40.330093 17.547848
v  40.377747 40.240627 17.547848
v  40.377747 40.240627 15.804524
v  41.112999 40.330093 15.804524
v  41.961018 40.433277 17.547848
v  41.225761 40.343811 17.547848
v  41.225761 40.343811 15.804524
v  41.961018 40.433277 15.804524
v  35.074585 39.923382 16.397390
v  35.808632 40.021347 16.397390
v  35.074581 39.923382 18.140715
v  35.921207 40.036369 16.397390
v  36.655254 40.134335 16.397390
v  33.226563 39.677025 19.168434
v  33.960629 39.774872 19.168434
v  33.226563 39.677025 20.911758
v  34.073204 39.789879 19.168434
v  34.807270 39.887730 19.168434
v  35.074581 39.923382 19.168434
v  35.808628 40.021347 19.168434
v  35.808632 40.021347 20.911758
v  35.074581 39.923382 20.911758
v  35.921207 40.036373 19.168434
v  36.655251 40.134335 19.168434
v  36.655251 40.134335 20.911758
v  35.921207 40.036373 20.911758
v  33.226555 39.677025 16.397392
v  33.960625 39.774872 16.397392
v  33.226559 39.677025 18.140715
v  34.073196 39.789879 16.397390
v  34.807266 39.887726 16.397390
v  30.175098 39.261448 19.168434
v  30.908785 39.361980 19.168434
v  30.908785 39.361980 20.911758
v  30.175097 39.261448 20.911758
v  31.021301 39.377399 19.168434
v  31.754986 39.477932 19.168434
v  31.754990 39.477932 20.911758
v  31.021303 39.377399 20.911758
v  40.782154 40.686935 19.100220
v  41.516075 40.785797 19.100220
v  41.516075 40.785797 20.843542
v  40.782154 40.686935 20.843542
v  41.628632 40.800961 19.100220
v  42.362553 40.899818 19.100220
v  42.362553 40.899818 20.843542
v  41.628632 40.800957 20.843542
v  42.689880 40.943913 19.100218
v  43.423801 41.042770 19.100218
v  43.423801 41.042770 20.843542
v  42.689880 40.943913 20.843542
v  43.536358 41.057934 19.100220
v  44.270279 41.156792 19.100220
v  44.270279 41.156792 20.843542
v  43.536358 41.057934 20.843542
v  44.929115 41.245537 19.100220
v  45.663033 41.344398 19.100220
v  44.929115 41.245537 20.843542
v  45.775589 41.359562 19.100220
v  46.509510 41.458420 19.100220
v  46.776955 41.494446 19.100220
v  47.510963 41.593315 19.100220
v  47.510963 41.593315 20.843542
v  46.776955 41.494446 20.843544
v  47.623531 41.608479 19.100220
v  48.357544 41.707352 19.100220
v  48.357544 41.707352 20.843542
v  47.623531 41.608479 20.843544
v  52.278973 42.291267 19.149277
v  53.010624 42.405609 19.149277
v  53.010624 42.405613 20.892599
v  52.278973 42.291275 20.892599
v  53.122837 42.423145 19.149275
v  53.854488 42.537483 19.149275
v  53.854488 42.537487 20.892599
v  53.122837 42.423149 20.892599
v  55.536190 42.800285 19.149275
v  56.267845 42.914627 19.149275
v  56.267845 42.914639 20.892599
v  55.536186 42.800301 20.892599
v  56.380058 42.932159 19.149277
v  57.111710 43.046501 19.149277
v  57.111710 43.046513 20.892599
v  56.380051 42.932175 20.892599
v  52.278976 42.291260 15.920859
v  53.010628 42.405594 15.920859
v  53.010628 42.405602 17.664183
v  52.278973 42.291267 17.664183
v  53.122841 42.423130 15.920859
v  53.122837 42.423138 17.664183
v  44.857868 40.584282 15.804525
v  45.593124 40.673744 15.804525
v  45.705887 40.687466 15.804525
v  46.441139 40.776928 15.804525
v  46.745613 40.813976 15.804525
v  47.480869 40.903442 15.804525
v  46.745613 40.813976 17.547848
v  47.593632 40.917160 15.804525
v  48.328888 41.006626 15.804525
v  42.262138 40.268440 15.804524
v  42.997395 40.357903 15.804524
v  42.997395 40.357903 17.547848
v  42.262138 40.268440 17.547848
v  43.110157 40.371624 15.804524
v  43.845409 40.461090 15.804525
v  43.845409 40.461090 17.547848
v  43.110153 40.371624 17.547848
v  40.401901 40.042091 15.804524
v  41.137157 40.131557 15.804524
v  40.401901 40.042091 17.547848
v  41.249916 40.145279 15.804524
v  41.985172 40.234741 15.804524
v  34.363720 39.828606 16.003288
v  34.363716 39.828602 13.946869
v  51.556854 42.178413 16.199329
v  50.309319 41.983459 13.613775
v  34.788193 42.072971 23.391594
v  34.745583 42.067272 23.635399
v  34.946541 40.564747 23.635399
v  34.989151 40.570446 23.391594
v  34.622890 42.050865 23.849800
v  34.823853 40.548336 23.849800
v  34.434917 42.025723 24.008932
v  34.635876 40.523193 24.008932
v  34.204330 41.994881 24.093605
v  34.405293 40.492355 24.093605
v  33.958950 41.962063 24.093605
v  34.159912 40.459534 24.093605
v  33.728367 41.931221 24.008932
v  33.929329 40.428696 24.008932
v  33.540394 41.906082 23.849800
v  33.741356 40.403553 23.849800
v  33.417702 41.889671 23.635399
v  33.618664 40.387146 23.635399
v  33.375092 41.883972 23.391594
v  33.576054 40.381447 23.391594
v  34.989151 40.570446 22.852543
v  34.788193 42.072975 22.852543
v  33.375092 41.883972 22.852543
v  33.576054 40.381447 22.852543
v  40.107552 42.753002 23.391594
v  40.064941 42.747303 23.635399
v  40.265900 41.244774 23.635399
v  40.308514 41.250473 23.391594
v  39.942249 42.730892 23.849800
v  40.143211 41.228363 23.849800
v  39.754276 42.705750 24.008932
v  39.955238 41.203224 24.008932
v  39.523693 42.674911 24.093605
v  39.724655 41.172382 24.093605
v  39.278313 42.642090 24.093605
v  39.479271 41.139565 24.093605
v  39.047729 42.611252 24.008932
v  39.248688 41.108723 24.008932
v  38.859756 42.586109 23.849800
v  39.060715 41.083580 23.849800
v  38.737064 42.569702 23.635399
v  38.938023 41.067173 23.635399
v  38.694454 42.564003 23.391594
v  38.895412 41.061474 23.391594
v  40.308514 41.250473 22.852543
v  40.107552 42.753002 22.852543
v  38.694454 42.564003 22.852543
v  38.895412 41.061474 22.852543
v  46.747379 43.657646 23.391594
v  46.704823 43.651577 23.635399
v  46.918854 42.150856 23.635399
v  46.961411 42.156925 23.391594
v  46.582279 43.634102 23.849800
v  46.796310 42.133377 23.849800
v  46.394531 43.607323 24.008932
v  46.608562 42.106602 24.008932
v  46.164223 43.574478 24.093605
v  46.378254 42.073757 24.093605
v  45.919136 43.539524 24.093605
v  46.133167 42.038803 24.093605
v  45.688831 43.506680 24.008932
v  45.902863 42.005955 24.008932
v  45.501083 43.479904 23.849800
v  45.715115 41.979179 23.849800
v  45.378540 43.462425 23.635399
v  45.592571 41.961704 23.635399
v  45.335983 43.456356 23.391594
v  45.550011 41.955635 23.391594
v  46.961411 42.156925 22.852543
v  46.747379 43.657646 22.852543
v  45.335983 43.456356 22.852543
v  45.550011 41.955635 22.852543
v  53.060989 44.648804 23.391594
v  53.018478 44.642422 23.635399
v  53.243504 43.143311 23.635399
v  53.286018 43.149689 23.391594
v  52.896065 44.624046 23.849800
v  53.121090 43.124935 23.849800
v  52.708519 44.595894 24.008932
v  52.933544 43.096783 24.008932
v  52.478458 44.561363 24.093605
v  52.703484 43.062248 24.093605
v  52.233635 44.524612 24.093605
v  52.458660 43.025501 24.093605
v  52.003574 44.490078 24.008932
v  52.228603 42.990967 24.008932
v  51.816029 44.461929 23.849800
v  52.041054 42.962814 23.849800
v  51.693619 44.443554 23.635399
v  51.918644 42.944439 23.635399
v  51.651104 44.437172 23.391594
v  51.876129 42.938057 23.391594
v  53.286018 43.149693 22.852543
v  53.060989 44.648804 22.852543
v  51.651104 44.437172 22.852543
v  51.876129 42.938057 22.852543
v  56.892117 45.241909 23.391594
v  56.849648 45.235237 23.635399
v  57.084808 43.737682 23.635399
v  57.127281 43.744350 23.391594
v  56.727364 45.216038 23.849800
v  56.962524 43.718479 23.849800
v  56.540012 45.186615 24.008932
v  56.775173 43.689060 24.008932
v  56.310192 45.150528 24.093605
v  56.545353 43.652973 24.093605
v  56.065620 45.112122 24.093605
v  56.300781 43.614567 24.093605
v  55.835800 45.076035 24.008932
v  56.070961 43.578476 24.008932
v  55.648449 45.046616 23.849800
v  55.883610 43.549057 23.849800
v  55.526165 45.027412 23.635399
v  55.761326 43.529854 23.635399
v  55.483696 45.020744 23.391594
v  55.718857 43.523186 23.391594
v  57.127281 43.744350 22.852543
v  56.892117 45.241909 22.852543
v  55.483696 45.020744 22.852543
v  55.718857 43.523186 22.852543
v  31.634941 54.068356 13.780129
v  30.710009 53.905983 13.780018
v  30.722431 53.909744 17.113855
v  31.634947 54.068329 18.087954
v  30.845707 52.374710 17.113913
v  31.777279 52.534821 18.087938
v  31.782692 52.534710 18.385571
v  32.049072 52.584145 18.597782
v  31.592556 57.094055 18.598478
v  31.323927 57.066879 18.386271
v  31.861181 57.121265 18.386265
v  31.861053 57.121986 13.731028
v  31.323797 57.067604 13.731033
v  31.569193 54.643639 16.435747
v  31.569168 54.643639 14.275748
v  31.782568 52.535431 13.730333
v  32.106422 54.698021 14.275743
v  31.889257 56.843395 14.275743
v  31.352005 56.789013 14.275747
v  32.106445 54.698021 16.435741
v  31.566822 54.667084 16.654043
v  32.104073 54.721466 16.654037
v  31.559811 54.736382 16.862797
v  32.097061 54.790764 16.862793
v  31.548462 54.848507 17.052887
v  32.085716 54.902893 17.052883
v  31.533276 54.998562 17.216005
v  32.070526 55.052948 17.216000
v  31.514912 55.179985 17.345024
v  32.052162 55.234367 17.345016
v  31.494175 55.384850 17.434299
v  32.031425 55.439232 17.434296
v  31.471972 55.604202 17.479937
v  32.009224 55.658585 17.479931
v  31.449272 55.828453 17.479937
v  31.986525 55.882835 17.479931
v  31.427067 56.047810 17.434299
v  31.964321 56.102188 17.434296
v  31.406330 56.252674 17.345022
v  31.943583 56.307056 17.345016
v  31.387962 56.434097 17.216005
v  31.925217 56.488480 17.216000
v  31.372772 56.584152 17.052887
v  31.910027 56.638535 17.052883
v  31.361420 56.696274 16.862797
v  31.898672 56.750656 16.862793
v  31.354403 56.765572 16.654043
v  31.891657 56.819954 16.654037
v  50.680084 58.597061 24.508600
v  55.933651 59.666416 24.508602
v  55.933304 59.668190 12.818520
v  51.321228 54.880661 24.508011
v  54.232628 53.772892 25.678469
v  56.603310 55.795048 12.817921
v  56.603638 55.793270 24.508003
v  34.933220 39.904518 16.198668
v  42.537621 40.923401 18.633890
v  44.623585 41.204384 18.633890
v  52.054073 42.256111 15.392083
v  44.343739 40.521725 15.035526
v  46.590374 40.795090 15.035525
v  48.428581 41.018753 15.035525
v  42.117378 40.250828 15.035525
v  40.258434 40.025005 15.035526
v  40.258739 40.024673 17.891438
v  56.417118 42.937920 15.087912
v  57.372780 43.087261 15.087912
v  55.576180 42.806507 15.087912
v  32.315441 52.633621 18.385571
v  32.315315 52.634342 13.730335
v  31.121218 48.973736 17.737614
v  31.111177 48.972942 15.090538
v  30.978024 50.756779 17.737625
v  31.170698 48.977623 17.737452
v  31.030731 50.760925 17.737452
v  31.021923 50.760235 15.090372
v  31.162304 48.976963 15.090370
v  30.967983 50.755989 15.090550
v  30.893171 48.920483 14.882141
v  30.893829 48.920536 15.089753
v  30.747492 50.779655 15.089753
v  30.746832 50.779602 14.882141
v  31.115206 48.937962 15.089046
v  31.114548 48.937908 14.881434
v  30.968868 50.797081 15.089046
v  30.968208 50.797028 14.881434
v  30.552631 50.944874 14.683774
v  30.727221 48.726864 14.683774
v  30.727852 48.726913 14.882714
v  30.553263 50.944923 14.882714
v  30.953451 50.976425 14.682494
v  30.954082 50.976475 14.881434
v  31.128672 48.758465 14.881434
v  31.128040 48.758415 14.682494
v  30.336773 51.128502 14.437544
v  30.542747 48.511726 14.437544
v  30.543533 48.511787 14.684410
v  30.337555 51.128563 14.684410
v  30.936975 51.175747 14.435627
v  30.937757 51.175808 14.682494
v  31.143736 48.559032 14.682494
v  31.142952 48.558971 14.435627
v  30.121696 51.312191 14.438181
v  30.120726 51.312115 13.779314
v  30.358088 48.296574 13.779314
v  30.359062 48.296650 14.438181
v  31.157673 48.359509 13.776761
v  31.158646 48.359589 14.435627
v  30.921280 51.375130 14.435627
v  30.920307 51.375053 13.776761
v  52.442669 42.316830 13.937449
v  40.145828 39.713005 18.023031
v  48.604141 40.742188 18.023031
v  49.291843 41.829304 18.024073
v  39.399040 40.501102 18.024073
v  39.598385 40.527760 17.983992
v  40.206623 39.880821 17.983992
v  48.509617 40.891106 17.983992
v  49.080936 41.800884 17.983992
v  39.764820 40.550014 17.891438
v  48.904846 41.777157 17.891438
v  39.765213 40.549599 17.547848
v  40.256027 40.027557 17.547848
v  40.256027 40.027557 15.804524
v  39.765606 40.549179 15.804524
v  39.765102 40.549896 15.035525
v  48.905701 41.779228 15.035525
v  48.859123 41.704350 17.547848
v  48.859123 41.704350 15.804524
v  41.691517 40.809429 14.353647
v  42.537621 40.923401 14.805000
v  40.523090 40.652039 14.353647
v  40.523090 40.652039 14.805000
v  44.623585 41.204384 14.805000
v  45.532501 41.326813 14.353647
v  45.532501 41.326813 14.805000
v  48.628338 41.743828 14.805000
v  46.643402 41.476452 14.805000
v  40.168602 40.604240 14.805000
v  40.523090 40.652039 13.823798
v  48.906551 41.781303 18.021988
v  40.288067 40.620312 18.021988
v  39.762901 40.549610 18.021988
v  40.387169 40.150852 15.804524
v  40.387169 40.150852 17.547848
v  39.896355 40.672894 17.547848
v  39.896748 40.672478 15.804524
v  48.706688 41.800076 15.804524
v  48.706688 41.800076 17.547848
v  48.325962 41.193798 17.547848
v  48.325966 41.193798 15.804524
v  48.478401 41.098072 17.547848
v  48.478401 41.098072 15.804524
v  29.848768 39.267227 15.882312
v  30.276226 39.325897 16.606386
v  30.444757 39.348995 16.694494
v  30.629902 39.374363 16.755165
v  30.827774 39.401466 16.786880
v  31.932178 39.552647 16.210695
v  31.137463 47.821030 16.249392
v  49.814232 55.891781 23.429649
v  50.848404 53.956715 25.117809
v  50.502102 55.922020 25.117809
v  49.721367 55.784451 24.348370
v  50.067673 53.819141 24.348370
v  51.629135 54.094284 24.219112
v  51.282833 56.059593 24.219112
v  51.282833 56.059593 24.348370
v  51.629135 54.094284 24.348370
v  50.502102 55.922020 24.954338
v  49.721367 55.784451 24.219112
v  50.067673 53.819141 24.219112
v  50.149956 53.985950 24.321114
v  51.494793 54.222923 24.321114
v  51.494793 54.222923 23.545918
v  49.854729 55.649937 23.646484
v  34.500748 47.994175 27.852951
v  34.139664 49.956821 27.852951
v  33.359993 49.813377 27.083511
v  33.721073 47.850731 27.083511
v  35.280422 48.137615 26.954254
v  34.919338 50.100262 26.954254
v  34.919338 50.100262 27.083511
v  35.280422 48.137615 27.083511
v  34.139664 49.956821 27.689480
v  33.359993 49.813377 26.954254
v  33.721073 47.850731 26.954254
v  33.495300 49.685753 27.056255
v  33.802101 48.018154 27.056255
v  34.166805 49.809296 27.689480
v  34.838314 49.932838 27.056255
v  35.145115 48.265240 27.056255
v  38.449570 48.720734 27.852951
v  38.066566 50.679218 27.852951
v  37.288544 50.527069 27.083511
v  37.671547 48.568581 27.083511
v  39.227592 48.872883 26.954254
v  38.844585 50.831371 26.954254
v  38.844585 50.831371 27.083511
v  39.227592 48.872883 27.083511
v  38.066566 50.679218 27.689480
v  37.288544 50.527069 26.954254
v  37.671547 48.568581 26.954254
v  37.425270 50.400967 27.056255
v  37.750698 48.736900 27.056255
v  38.095356 50.532005 27.689480
v  38.765438 50.663052 27.056255
v  39.090866 48.998985 27.056255
v  42.251720 49.481308 27.763184
v  41.890636 51.443954 27.763184
v  41.110962 51.300514 26.993744
v  41.472046 49.337868 26.993744
v  43.031395 49.624752 26.864489
v  42.670311 51.587399 26.864489
v  42.670311 51.587399 26.993744
v  43.031391 49.624752 26.993744
v  41.890636 51.443954 27.599712
v  41.110962 51.300514 26.864489
v  41.472046 49.337868 26.864489
v  41.246269 51.172890 26.966488
v  41.553070 49.505291 26.966488
v  41.917778 51.296432 27.599712
v  42.589283 51.419975 26.966488
v  42.896088 49.752377 26.966488
v  45.912712 50.136387 27.763184
v  45.551628 52.099033 27.763184
v  44.771954 51.955589 26.993744
v  45.133038 49.992943 26.993744
v  46.692383 50.279827 26.864489
v  46.331299 52.242477 26.864489
v  46.331299 52.242477 26.993744
v  46.692383 50.279827 26.993744
v  45.551628 52.099033 27.599712
v  44.771954 51.955589 26.864489
v  45.133038 49.992943 26.864489
v  44.907261 51.827965 26.966488
v  45.214066 50.160366 26.966488
v  45.578770 51.951508 27.599712
v  46.250275 52.075050 26.966488
v  46.557079 50.407452 26.966488
v  49.863144 50.841751 27.763184
v  49.484535 52.801094 27.763184
v  48.706177 52.650692 26.993744
v  49.084782 50.691349 26.993744
v  50.641506 50.992157 26.864489
v  50.262897 52.951500 26.864489
v  50.262897 52.951500 26.993744
v  50.641506 50.992157 26.993744
v  49.484539 52.801094 27.599712
v  48.706177 52.650692 26.864489
v  49.084782 50.691349 26.864489
v  48.842621 52.524281 26.966488
v  49.164307 50.859489 26.966488
v  49.512997 52.653820 27.599712
v  50.183372 52.783356 26.966488
v  50.505062 51.118565 26.966488
v  54.189445 51.524147 27.852951
v  53.797791 53.480923 27.852951
v  53.020447 53.325333 27.083511
v  53.412102 51.368561 27.083511
v  54.966785 51.679733 26.954254
v  54.575130 53.636509 26.954254
v  54.575130 53.636509 27.083511
v  54.966785 51.679733 27.083511
v  53.797791 53.480923 27.689480
v  53.020447 53.325333 26.954254
v  53.412102 51.368561 26.954254
v  53.157730 53.199837 27.056255
v  53.490505 51.537228 27.056255
v  53.827229 53.333839 27.689480
v  54.496727 53.467842 27.056255
v  54.829502 51.805233 27.056255
v  48.443005 46.932396 31.648296
v  49.400307 47.095558 31.648296
v  49.181477 48.379490 31.648296
v  48.224171 48.216328 31.648296
v  48.443001 46.932396 28.274071
v  49.400307 47.095558 28.274071
v  49.181477 48.379490 29.834051
v  48.224171 48.216328 29.834051
v  40.622314 47.043224 31.215576
v  41.579617 47.206387 31.215576
v  41.413891 48.178738 31.215576
v  40.456589 48.015575 31.215576
v  40.622314 47.043224 29.592714
v  41.579620 47.206387 29.592714
v  41.413891 48.178738 28.766905
v  40.456589 48.015575 28.766905
v  53.701881 49.810448 31.648296
v  54.122025 49.882057 31.648296
v  54.034813 50.393745 31.648296
v  53.614670 50.322136 31.648296
v  53.701881 49.810448 29.343557
v  54.122025 49.882057 29.343557
v  54.034813 50.393745 28.911400
v  53.614670 50.322136 28.911400
v  30.236988 48.601494 17.925953
v  31.144672 48.681709 17.911312
v  31.047764 49.899982 18.382437
v  30.138794 49.826984 18.385906
v  30.949007 51.118111 17.911312
v  30.040154 51.052441 17.925953
v  30.138697 49.826977 18.360966
v  30.235735 48.616035 17.903608
v  30.041239 51.037888 17.903608
v  30.256449 48.617699 17.903576
v  30.159412 49.828640 18.360935
v  30.061951 51.039551 17.903576
v  31.045036 49.899765 18.357506
v  30.949839 51.093410 17.435642
v  30.061773 51.022091 17.439030
v  30.063578 51.022236 17.915260
v  30.951643 51.093555 17.911869
v  31.141863 48.702347 17.435642
v  31.143667 48.702492 17.911869
v  30.255602 48.631172 17.915260
v  30.253796 48.631027 17.439030
v  56.068863 42.883488 13.937449
v  57.640682 43.129108 12.768340
v  56.090237 42.886826 13.083171
v  56.096645 42.887825 12.826997
v  40.524048 40.652172 13.418591
v  41.691921 40.809486 13.374225
v  36.750916 40.147102 14.564804
v  36.239571 40.078857 14.029077
v  36.239571 40.078857 14.564804
v  42.416176 40.907043 14.186197
v  41.904915 40.838173 13.650470
v  41.904915 40.838173 14.186197
v  55.776093 42.837738 13.842460
v  55.776104 42.837738 13.937449
v  36.721214 40.369659 14.564803
v  36.209869 40.301414 14.564804
v  36.209869 40.301414 14.029077
v  36.721214 40.369659 14.029077
v  42.386185 41.129559 14.186197
v  41.874920 41.060692 14.186197
v  41.874920 41.060692 13.650470
v  42.386185 41.129559 13.650470
v  45.312508 41.523735 14.186197
v  44.801243 41.454868 14.186197
v  44.801243 41.454872 13.650471
v  45.312508 41.523739 13.650471
v  53.204239 42.663097 13.770525
v  52.694427 42.583431 13.770525
v  52.694427 42.583431 13.234798
v  53.204239 42.663097 13.234798
v  53.820568 42.759407 13.770525
v  53.310757 42.679741 13.770525
v  53.310757 42.679741 13.234798
v  53.820568 42.759407 13.234798
v  54.903053 42.928566 13.770525
v  54.393242 42.848900 13.770525
v  54.393242 42.848900 13.234797
v  54.903057 42.928566 13.234797
v  55.519375 43.024879 13.770525
v  55.009567 42.945213 13.770525
v  55.009567 42.945210 13.234797
v  55.519379 43.024876 13.234797
v  36.750916 40.147102 14.029077
v  42.416176 40.907043 13.650470
v  44.831238 41.232353 13.650470
v  45.342499 41.301220 13.650470
v  45.342499 41.301220 14.186197
v  44.831238 41.232353 14.186197
v  52.729435 42.361645 13.234798
v  53.239246 42.441311 13.234798
v  53.239246 42.441311 13.770525
v  52.729435 42.361645 13.770525
v  53.345764 42.457954 13.234798
v  53.855576 42.537621 13.234798
v  53.855576 42.537621 13.770525
v  53.345764 42.457954 13.770525
v  54.428253 42.627113 13.234798
v  54.938065 42.706779 13.234798
v  54.938061 42.706779 13.770525
v  54.428253 42.627113 13.770525
v  55.044575 42.723423 13.234798
v  55.554386 42.803089 13.234798
v  55.554382 42.803093 13.770525
v  55.044575 42.723423 13.770525
v  54.132694 42.580925 13.079172
v  55.776028 42.837723 13.082529
v  29.796946 47.446301 21.853153
v  29.063101 47.346951 21.853153
v  29.063124 47.346764 23.596478
v  29.796972 47.446117 23.596478
v  30.643335 47.560890 21.853153
v  29.909487 47.461540 21.853153
v  29.909515 47.461353 23.596478
v  30.643360 47.560707 23.596478
v  29.030926 47.584595 23.596502
v  29.764771 47.683949 23.596502
v  29.764744 47.684132 21.853178
v  29.030903 47.584778 21.853178
v  29.877316 47.699184 23.596502
v  30.611160 47.798538 23.596502
v  30.611134 47.798721 21.853178
v  29.877289 47.699368 21.853178
v  52.442894 42.316868 13.075720
v  52.054073 42.256107 12.980572
v  52.442921 42.316872 12.965800
v  54.132690 42.580925 12.901607
v  55.776005 42.837719 12.839178
v  30.722450 53.909618 16.949249
v  35.914993 53.112946 14.959482
v  36.080292 53.140320 17.498566
v  36.410515 53.197193 17.595474
v  36.740719 53.254192 17.563169
v  37.070900 53.311302 17.401655
v  35.915173 53.111927 17.401657
v  36.245407 53.168743 17.563171
v  36.575619 53.225681 17.595472
v  36.905811 53.282730 17.498564
v  37.070698 53.312447 14.959480
v  41.117397 54.041412 21.978085
v  51.124218 55.769779 21.899204
v  35.909939 53.142365 20.808397
v  35.910061 53.141670 22.814299
v  37.065750 53.341259 22.814299
v  37.065624 53.341984 20.808395
v  39.423561 53.749260 20.808393
v  39.423634 53.748852 21.978086
v  41.117329 54.041817 20.808390
v  49.951942 55.567886 19.779510
v  49.952038 55.567352 21.899204
v  51.124123 55.770309 19.779510
v  49.951954 55.567818 15.567993
v  49.951950 55.567848 17.687685
v  51.124130 55.770271 17.687685
v  51.124138 55.770241 15.567991
v  33.004494 52.640518 20.808401
v  34.160175 52.840134 20.808401
v  33.004612 52.639820 22.814230
v  34.160305 52.839439 22.814302
v  50.067348 55.632217 22.470137
v  50.067028 55.634045 24.262712
v  50.987404 55.795273 24.262712
v  50.988113 55.791225 22.470137
v  28.840630 44.679634 13.880474
v  28.969488 44.077621 13.874750
v  28.295534 46.883865 13.889729
v  28.295534 46.883873 25.924736
v  29.637426 44.502880 28.796753
v  29.292482 44.124302 28.375282
v  28.816366 44.777737 28.361301
v  28.840626 44.679634 28.361116
v  58.754993 43.421925 22.148085
v  57.813835 47.846043 27.405186
v  57.751595 48.443253 28.104847
v  57.813831 47.846043 12.743299
v  57.751595 48.443253 12.751083
v  57.642929 49.521095 12.757542
v  57.600437 49.944466 12.759777
v  57.566711 50.280434 12.764992
v  57.375870 52.176178 12.771580
v  57.375870 52.176178 27.859257
v  29.311310 44.750904 28.471968
v  29.189440 44.841740 28.350674
v  50.407856 56.590919 16.087187
v  50.290375 57.264225 16.432781
v  50.171688 57.942749 16.087154
v  51.225002 56.039474 20.999889
v  51.060249 56.994476 20.999889
v  51.060242 56.994480 19.760176
v  51.225002 56.039474 19.760176
v  51.075039 56.908649 15.911496
v  50.910282 57.863655 15.911496
v  50.910275 57.863655 14.023506
v  51.075035 56.908649 14.023507
v  50.679741 58.598801 13.030802
v  51.320900 54.882408 13.030210
v  51.124294 56.022099 20.999889
v  50.959541 56.977104 20.999889
v  50.959534 56.977104 19.760176
v  51.124294 56.022099 19.760176
v  51.124294 56.022099 20.984600
v  51.124294 56.022099 20.994156
v  50.974331 56.891273 15.911496
v  50.809574 57.846279 15.911496
v  50.809566 57.846279 14.023506
v  50.974327 56.891273 14.023507
v  33.495300 49.685753 26.281059
v  33.802101 48.018154 26.281059
v  34.838314 49.932838 26.281059
v  35.145115 48.265240 26.281059
v  37.425270 50.400963 26.281059
v  37.750698 48.736900 26.281059
v  38.765438 50.663048 26.281059
v  39.090866 48.998985 26.281059
v  41.246269 51.172890 26.191292
v  41.553070 49.505291 26.191292
v  42.589283 51.419975 26.191292
v  42.896088 49.752377 26.191292
v  44.907261 51.827965 26.191292
v  45.214062 50.160366 26.191292
v  46.250275 52.075050 26.191292
v  46.557079 50.407452 26.191292
v  48.842621 52.524281 26.191292
v  49.164307 50.859489 26.191292
v  50.183372 52.783356 26.191292
v  50.505062 51.118565 26.191292
v  53.157730 53.199837 26.281059
v  53.490505 51.537228 26.281059
v  54.496727 53.467842 26.281059
v  54.829502 51.805233 26.281059
v  39.347755 55.371586 15.394947
v  37.870621 55.111736 15.394947
v  39.347755 55.371582 14.148028
v  37.870617 55.111732 14.148028
v  47.318405 55.218063 18.020237
v  47.318462 55.217728 15.904399
v  48.066185 55.347462 18.020239
v  49.003922 55.508434 15.904400
v  49.003857 55.508774 18.020237
v  48.169220 55.365479 15.904399
v  48.169216 55.365479 18.020235
v  48.066185 55.347462 15.904400
v  45.868958 54.968025 18.020239
v  45.971992 54.986042 15.904399
v  45.121178 54.838627 18.020237
v  45.121235 54.838291 15.904399
v  46.806694 55.128998 15.904400
v  46.806629 55.129337 18.020237
v  45.971989 54.986042 18.020235
v  45.868958 54.968025 15.904400
v  43.613022 54.578449 18.020239
v  43.716057 54.596466 15.904399
v  42.865242 54.449051 18.020237
v  42.865299 54.448715 15.904399
v  44.550758 54.739422 15.904400
v  44.550694 54.739761 18.020237
v  43.716053 54.596466 18.020235
v  43.613022 54.578449 15.904400
v  48.066326 55.346672 21.835398
v  48.169361 55.364689 20.165157
v  47.318546 55.217274 21.835396
v  47.318604 55.216938 20.165157
v  49.004063 55.507645 20.165157
v  49.003998 55.507984 21.835396
v  48.169357 55.364689 21.835394
v  48.066326 55.346672 20.165157
v  45.121319 54.837837 21.835396
v  45.121376 54.837502 20.165157
v  45.869099 54.967236 21.835398
v  46.806835 55.128208 20.165157
v  46.806770 55.128548 21.835396
v  45.972134 54.985252 20.165157
v  45.972130 54.985252 21.835394
v  45.869099 54.967236 20.165157
v  43.613197 54.577499 21.835398
v  43.716232 54.595516 20.165157
v  42.865417 54.448101 21.835396
v  42.865475 54.447765 20.165157
v  44.550934 54.738472 20.165157
v  44.550869 54.738811 21.835396
v  43.716228 54.595516 21.835394
v  43.613197 54.577499 20.165157
v  42.335461 54.356956 16.466160
v  41.761925 54.258354 16.466160
v  40.241520 53.997231 15.773709
v  40.815037 54.095894 15.773708
v  40.815151 54.095245 16.466162
v  41.761806 54.259060 15.773707
v  42.335335 54.357655 15.773707
v  40.241619 53.996655 16.466160
v  38.645348 53.721558 18.020237
v  38.645348 53.721554 18.084072
v  38.748379 53.739571 15.904398
v  37.897564 53.592155 18.020237
v  37.897625 53.591824 15.904398
v  39.583080 53.882526 15.904399
v  39.583015 53.882870 18.020235
v  38.748379 53.739574 18.020233
v  38.748379 53.739571 18.084072
v  38.645348 53.721558 15.904399
v  38.645565 53.720367 18.746899
v  37.897781 53.590965 18.746899
v  39.583233 53.881680 18.746897
v  38.748596 53.738384 18.746895
v  39.583012 53.882874 18.084072
v  37.897564 53.592152 18.084074
v  33.901146 52.902287 18.020237
v  33.901146 52.902283 18.084072
v  34.004177 52.920300 15.904398
v  33.153362 52.772881 18.084074
v  33.153362 52.772884 18.020237
v  34.838879 53.063255 15.904399
v  34.838814 53.063599 18.020235
v  34.004177 52.920303 18.020233
v  34.004177 52.920300 18.084072
v  34.838810 53.063602 18.084072
v  33.153423 52.772552 15.904398
v  33.901146 52.902287 15.904399
v  33.901363 52.901096 18.746899
v  33.901363 52.901093 18.810734
v  33.153580 52.771694 18.746899
v  34.839031 53.062408 18.746897
v  34.004395 52.919113 18.746895
v  34.004395 52.919109 18.810734
v  47.343140 55.075974 18.020060
v  47.343227 55.075645 15.904410
v  48.090900 55.205372 18.020050
v  49.028545 55.366325 15.904046
v  49.028507 55.366673 18.020248
v  48.193813 55.223366 15.904033
v  48.193840 55.223370 18.020235
v  48.090935 55.205376 15.904400
v  45.145794 54.696518 18.020060
v  45.145882 54.696186 15.904410
v  45.893673 54.825935 18.020050
v  46.831318 54.986889 15.904046
v  46.831280 54.987236 18.020248
v  45.996586 54.843929 15.904033
v  45.996613 54.843933 18.020235
v  45.893707 54.825939 15.904400
v  42.889595 54.306896 18.020060
v  42.889683 54.306568 15.904410
v  43.637737 54.436359 18.020050
v  44.575382 54.597313 15.903889
v  44.575344 54.597660 18.020248
v  43.740650 54.454353 15.903876
v  43.740677 54.454357 18.020235
v  43.637772 54.436363 15.904400
v  47.342693 55.075085 21.835222
v  47.342781 55.074753 20.165173
v  48.091042 55.204582 21.835209
v  49.028702 55.365543 20.164270
v  49.028664 55.365883 21.835411
v  48.193954 55.222580 20.164257
v  48.193981 55.222580 21.835394
v  48.091076 55.204586 20.165157
v  45.145493 54.695652 21.835175
v  45.145580 54.695320 20.165173
v  45.893814 54.825146 21.835161
v  46.831444 54.986099 20.164270
v  46.831409 54.986443 21.835411
v  45.996727 54.843143 20.164257
v  45.996754 54.843143 21.835394
v  45.893848 54.825150 20.165157
v  42.888916 54.305805 21.835222
v  42.889008 54.305473 20.165173
v  43.637913 54.435410 21.835209
v  44.575588 54.596378 20.163593
v  44.575554 54.596718 21.834694
v  43.741108 54.453461 20.163578
v  43.741135 54.453461 21.834677
v  43.637947 54.435413 20.165157
v  42.360214 54.214870 16.465815
v  41.786690 54.116272 16.465815
v  40.266273 53.855145 15.773387
v  40.839802 53.953812 15.773378
v  40.839909 53.953159 16.465826
v  41.786572 54.116978 15.773373
v  42.360088 54.215569 15.773374
v  40.266365 53.854568 16.465832
v  37.922218 53.450050 18.083939
v  38.670067 53.579464 18.083937
v  39.606113 53.740154 15.903893
v  39.606075 53.740501 18.020243
v  38.772976 53.597458 15.903881
v  38.773006 53.597466 18.020229
v  37.922047 53.449680 15.904414
v  38.670094 53.579472 15.904404
v  38.670063 53.579464 18.020233
v  38.670284 53.578278 18.746582
v  37.922436 53.448864 18.746582
v  39.608036 53.739605 18.746761
v  38.773144 53.596264 18.746759
v  38.772926 53.597450 18.083946
v  37.921955 53.450008 18.020245
v  39.607815 53.740799 18.083944
v  33.187923 52.573689 18.083883
v  33.935795 52.703106 18.083881
v  34.871162 52.863686 15.903157
v  34.871140 52.864033 18.020247
v  34.038654 52.721096 15.903140
v  34.038696 52.721104 18.020227
v  33.187107 52.573212 15.904421
v  33.935837 52.703117 15.904406
v  33.935791 52.703110 18.020231
v  33.936012 52.701920 18.746456
v  33.188141 52.572502 18.746456
v  34.873802 52.863255 18.746706
v  34.038803 52.719894 18.746704
v  34.038589 52.721081 18.083895
v  33.187000 52.573536 18.020247
v  34.873581 52.864449 18.083895
v  52.470234 49.399513 29.504511
v  47.760464 48.582443 29.459343
v  51.259953 49.186329 29.492432
v  50.008217 54.777409 24.338118
v  51.310200 55.003002 24.338194
v  30.324863 53.840012 16.653316
v  30.448139 52.304977 16.653370
v  30.533972 52.316956 16.587767
v  30.410696 53.851986 16.587708
v  30.833183 52.372513 13.786499
v  50.149956 53.985950 23.545918
v  50.801617 58.052166 16.086874
v  50.920303 57.373638 16.432501
v  51.037781 56.700333 16.086906
v  51.039421 56.691010 16.121862
v  50.920326 57.373608 16.472225
v  50.800007 58.061432 16.121862
v  50.409489 56.581596 16.122143
v  50.290394 57.264194 16.472506
v  50.170074 57.952019 16.122143
v  37.353264 53.470657 17.697554
v  36.426327 53.307442 18.043180
v  35.506531 53.145790 17.697586
v  35.493790 53.143532 17.732542
v  36.426281 53.307415 18.082905
v  37.365925 53.472870 17.732542
v  37.242489 54.100357 17.697834
v  36.315544 53.937138 18.043461
v  35.395748 53.775486 17.697866
v  35.383018 53.773228 17.732822
v  36.315506 53.937111 18.083185
v  37.255154 54.102562 17.732822
v  35.395683 53.775890 16.766642
v  35.506454 53.146194 16.766361
v  37.353195 53.471062 16.766329
v  37.242420 54.100758 16.766609
v  37.871559 53.588737 15.683573
v  39.958054 53.955784 15.683573
v  39.957874 53.956802 13.327201
v  37.871380 53.589760 13.327201
v  37.611656 55.066177 15.394948
v  39.698151 55.433224 15.394948
v  39.697994 55.434120 13.327860
v  37.611500 55.067074 13.327860
v  37.871574 53.588673 15.839637
v  39.958069 53.955715 15.839637
v  37.597866 55.144592 15.533835
v  39.684357 55.511635 15.533835
v  37.597851 55.144661 15.377771
v  39.684345 55.511703 15.377771
v  35.587746 53.130558 13.956339
v  37.245159 53.422123 13.956339
v  37.122486 54.119469 13.956650
v  35.465073 53.827908 13.956650
v  35.587784 53.130341 14.459332
v  37.245197 53.421906 14.459332
v  37.122524 54.119251 14.459643
v  35.465111 53.827690 14.459643
v  35.587803 53.130230 14.711113
v  37.245216 53.421795 14.711113
v  37.122543 54.119144 14.711424
v  35.465130 53.827579 14.711424
v  35.587822 53.130127 14.956339
v  37.245235 53.421688 14.956339
v  37.122562 54.119038 14.956650
v  35.465149 53.827473 14.956650
v  37.084526 54.335247 13.956746
v  35.427116 54.043682 13.956746
v  37.084564 54.335030 14.459740
v  35.427155 54.043465 14.459740
v  37.084583 54.334919 14.711520
v  35.427174 54.043358 14.711520
v  37.041065 54.582294 13.956857
v  35.383656 54.290733 13.956857
v  37.041107 54.582077 14.459850
v  35.383694 54.290516 14.459850
v  50.407455 56.590851 15.469378
v  51.037388 56.700264 15.469097
v  50.801220 58.052097 15.469065
v  50.171291 57.942684 15.469345
# 1753 vertices

vn -0.170169 0.985415 0.000624
vn -0.170169 0.985415 0.000624
vn -0.170169 0.985415 0.000624
vn -0.169984 0.985447 -0.000018
vn -0.169984 0.985447 -0.000018
vn -0.169984 0.985447 -0.000018
vn -0.170707 0.985319 0.002182
vn -0.170707 0.985319 0.002182
vn -0.170707 0.985319 0.002182
vn -0.170099 0.985282 -0.016914
vn -0.170099 0.985282 -0.016914
vn -0.170099 0.985282 -0.016914
vn -0.170147 0.985419 -0.000030
vn -0.170147 0.985419 -0.000030
vn -0.170147 0.985419 -0.000030
vn -0.170124 0.985423 0.000457
vn -0.170124 0.985423 0.000457
vn -0.170124 0.985423 0.000457
vn -0.178860 0.983873 -0.001737
vn -0.178860 0.983873 -0.001737
vn -0.178860 0.983873 -0.001737
vn -0.172548 0.984999 -0.001869
vn -0.172548 0.984999 -0.001869
vn -0.172548 0.984999 -0.001869
vn -0.170207 0.985408 0.000352
vn -0.170207 0.985408 0.000352
vn -0.170207 0.985408 0.000352
vn -0.170762 0.985308 0.002907
vn -0.170762 0.985308 0.002907
vn -0.170762 0.985308 0.002907
vn -0.170206 0.985408 0.000350
vn -0.170206 0.985408 0.000350
vn -0.170206 0.985408 0.000350
vn -0.170765 0.985312 0.000397
vn -0.170765 0.985312 0.000397
vn -0.170765 0.985312 0.000397
vn -0.170201 0.985409 0.000138
vn -0.170201 0.985409 0.000138
vn -0.170201 0.985409 0.000138
vn -0.169602 0.985508 -0.002945
vn -0.169602 0.985508 -0.002945
vn -0.169602 0.985508 -0.002945
vn -0.170201 0.985409 -0.000023
vn -0.170201 0.985409 -0.000023
vn -0.170201 0.985409 -0.000023
vn -0.170107 0.985426 0.000032
vn -0.170107 0.985426 0.000032
vn -0.170107 0.985426 0.000032
vn -0.170012 0.985442 0.000182
vn -0.170012 0.985442 0.000182
vn -0.170012 0.985442 0.000182
vn -0.170106 0.985426 0.000026
vn -0.170106 0.985426 0.000026
vn -0.170106 0.985426 0.000026
vn -0.170173 0.985414 -0.000012
vn -0.170173 0.985414 -0.000012
vn -0.170173 0.985414 -0.000012
vn -0.169600 0.985513 0.000614
vn -0.169600 0.985513 0.000614
vn -0.169600 0.985513 0.000614
vn -0.169738 0.985489 0.000454
vn -0.169738 0.985489 0.000454
vn -0.169738 0.985489 0.000454
vn -0.170205 0.985409 0.000349
vn -0.170205 0.985409 0.000349
vn -0.170205 0.985409 0.000349
vn -0.170182 0.985413 0.000652
vn -0.170182 0.985413 0.000652
vn -0.170182 0.985413 0.000652
vn -0.170174 0.985414 0.000776
vn -0.170174 0.985414 0.000776
vn -0.170174 0.985414 0.000776
vn -0.170208 0.985408 0.000355
vn -0.170208 0.985408 0.000355
vn -0.170208 0.985408 0.000355
vn -0.170206 0.985408 0.000352
vn -0.170206 0.985408 0.000352
vn -0.170206 0.985408 0.000352
vn -0.170808 0.985304 -0.000002
vn -0.170808 0.985304 -0.000002
vn -0.170808 0.985304 -0.000002
vn -0.170166 0.985415 -0.000130
vn -0.170166 0.985415 -0.000130
vn -0.170166 0.985415 -0.000130
vn -0.170169 0.985415 -0.000176
vn -0.170169 0.985415 -0.000176
vn -0.170169 0.985415 -0.000176
vn -0.170089 0.985429 -0.000073
vn -0.170089 0.985429 -0.000073
vn -0.170089 0.985429 -0.000073
vn -0.170169 0.985415 -0.000090
vn -0.170169 0.985415 -0.000090
vn -0.170169 0.985415 -0.000090
vn -0.170166 0.985415 -0.000130
vn -0.170166 0.985415 -0.000130
vn -0.170166 0.985415 -0.000130
vn -0.170166 0.985415 -0.000193
vn -0.170166 0.985415 -0.000193
vn -0.170166 0.985415 -0.000193
vn -0.170711 0.985317 0.003000
vn -0.170711 0.985317 0.003000
vn -0.170711 0.985317 0.003000
vn -0.170259 0.985399 -0.000015
vn -0.170259 0.985399 -0.000015
vn -0.170259 0.985399 -0.000015
vn -0.170169 0.985415 -0.000014
vn -0.170169 0.985415 -0.000014
vn -0.170169 0.985415 -0.000014
vn -0.169933 0.985456 -0.000130
vn -0.169933 0.985456 -0.000130
vn -0.169933 0.985456 -0.000130
vn -0.170207 0.985408 0.000345
vn -0.170207 0.985408 0.000345
vn -0.170207 0.985408 0.000345
vn -0.170360 0.985382 0.000370
vn -0.170360 0.985382 0.000370
vn -0.170360 0.985382 0.000370
vn -0.169318 0.985561 0.000095
vn -0.169318 0.985561 0.000095
vn -0.169318 0.985561 0.000095
vn -0.169318 0.985556 -0.003347
vn -0.169318 0.985556 -0.003347
vn -0.169318 0.985556 -0.003347
vn -0.170191 0.985411 0.000780
vn -0.170191 0.985411 0.000780
vn -0.170191 0.985411 0.000780
vn -0.170175 0.985414 0.000084
vn -0.170175 0.985414 0.000084
vn -0.170175 0.985414 0.000084
vn -0.170185 0.985412 0.000082
vn -0.170185 0.985412 0.000082
vn -0.170185 0.985412 0.000082
vn -0.170208 0.985408 0.000353
vn -0.170208 0.985408 0.000353
vn -0.170208 0.985408 0.000353
vn -0.170207 0.985408 0.000345
vn -0.170207 0.985408 0.000345
vn -0.170207 0.985408 0.000345
vn -0.170207 0.985408 0.000346
vn -0.170207 0.985408 0.000346
vn -0.170207 0.985408 0.000346
vn -0.170206 0.985408 0.000351
vn -0.170206 0.985408 0.000351
vn -0.170206 0.985408 0.000351
vn -0.170209 0.985408 0.000350
vn -0.170209 0.985408 0.000350
vn -0.170209 0.985408 0.000350
vn -0.170206 0.985409 0.000353
vn -0.170206 0.985409 0.000353
vn -0.170206 0.985409 0.000353
vn -0.170207 0.985408 0.000351
vn -0.170207 0.985408 0.000351
vn -0.170207 0.985408 0.000351
vn -0.170206 0.985409 0.000355
vn -0.170206 0.985409 0.000355
vn -0.170206 0.985409 0.000355
vn -0.170208 0.985408 0.000378
vn -0.170208 0.985408 0.000378
vn -0.170208 0.985408 0.000378
vn -0.170205 0.985409 0.000357
vn -0.170205 0.985409 0.000357
vn -0.170205 0.985409 0.000357
vn -0.170206 0.985409 0.000367
vn -0.170206 0.985409 0.000367
vn -0.170206 0.985409 0.000367
vn -0.170216 0.985407 0.000354
vn -0.170216 0.985407 0.000354
vn -0.170216 0.985407 0.000354
vn -0.170238 0.985403 0.000719
vn -0.170238 0.985403 0.000719
vn -0.170238 0.985403 0.000719
vn -0.170236 0.985403 0.000689
vn -0.170236 0.985403 0.000689
vn -0.170236 0.985403 0.000689
vn -0.170170 0.985414 0.000781
vn -0.170170 0.985414 0.000781
vn -0.170170 0.985414 0.000781
vn -0.170161 0.985359 0.010605
vn -0.170161 0.985359 0.010605
vn -0.170161 0.985359 0.010605
vn -0.170175 0.985413 0.001272
vn -0.170175 0.985413 0.001272
vn -0.170175 0.985413 0.001272
vn -0.169602 0.985508 0.002881
vn -0.169602 0.985508 0.002881
vn -0.169602 0.985508 0.002881
vn -0.170559 0.985347 0.000256
vn -0.170559 0.985347 0.000256
vn -0.170559 0.985347 0.000256
vn -0.170191 0.985411 0.000071
vn -0.170191 0.985411 0.000071
vn -0.170191 0.985411 0.000071
vn -0.170327 0.985388 0.000254
vn -0.170327 0.985388 0.000254
vn -0.170327 0.985388 0.000254
vn -0.170259 0.985399 -0.000017
vn -0.170259 0.985399 -0.000017
vn -0.170259 0.985399 -0.000017
vn -0.170172 0.985414 0.000785
vn -0.170172 0.985414 0.000785
vn -0.170172 0.985414 0.000785
vn -0.170174 0.985414 0.000782
vn -0.170174 0.985414 0.000782
vn -0.170174 0.985414 0.000782
vn -0.172549 0.984999 -0.001872
vn -0.172549 0.984999 -0.001872
vn -0.172549 0.984999 -0.001872
vn -0.172555 0.984998 -0.001876
vn -0.172555 0.984998 -0.001876
vn -0.172555 0.984998 -0.001876
vn -0.172554 0.984998 -0.001877
vn -0.172554 0.984998 -0.001877
vn -0.172554 0.984998 -0.001877
vn -0.170264 0.985398 0.000763
vn -0.170264 0.985398 0.000763
vn -0.170264 0.985398 0.000763
vn -0.171126 0.985244 -0.003193
vn -0.171126 0.985244 -0.003193
vn -0.171126 0.985244 -0.003193
vn -0.175339 0.984508 -0.001035
vn -0.175339 0.984508 -0.001035
vn -0.175339 0.984508 -0.001035
vn -0.179572 0.983744 -0.001243
vn -0.179572 0.983744 -0.001243
vn -0.179572 0.983744 -0.001243
vn -0.172549 0.984999 -0.001872
vn -0.172549 0.984999 -0.001872
vn -0.172549 0.984999 -0.001872
vn -0.174019 0.984740 -0.002292
vn -0.174019 0.984740 -0.002292
vn -0.174019 0.984740 -0.002292
vn -0.170107 0.985425 -0.000696
vn -0.170107 0.985425 -0.000696
vn -0.170107 0.985425 -0.000696
vn -0.169415 0.985544 0.000873
vn -0.169415 0.985544 0.000873
vn -0.169415 0.985544 0.000873
vn -0.169348 0.985556 0.000944
vn -0.169348 0.985556 0.000944
vn -0.169348 0.985556 0.000944
vn -0.169351 0.985555 0.000935
vn -0.169351 0.985555 0.000935
vn -0.169351 0.985555 0.000935
vn -0.170122 0.985423 0.000464
vn -0.170122 0.985423 0.000464
vn -0.170122 0.985423 0.000464
vn -0.169130 0.985588 0.003341
vn -0.169130 0.985588 0.003341
vn -0.169130 0.985588 0.003341
vn -0.170158 0.985417 -0.000639
vn -0.170158 0.985417 -0.000639
vn -0.170158 0.985417 -0.000639
vn -0.170171 0.985414 -0.000546
vn -0.170171 0.985414 -0.000546
vn -0.170171 0.985414 -0.000546
vn -0.170258 0.985399 -0.000015
vn -0.170258 0.985399 -0.000015
vn -0.170258 0.985399 -0.000015
vn -0.170170 0.985415 0.000274
vn -0.170170 0.985415 0.000274
vn -0.170170 0.985415 0.000274
vn -0.169259 0.985542 0.007625
vn -0.169259 0.985542 0.007625
vn -0.169259 0.985542 0.007625
vn -0.170314 0.985390 0.000196
vn -0.170314 0.985390 0.000196
vn -0.170314 0.985390 0.000196
vn -0.170616 0.985337 0.000476
vn -0.170616 0.985337 0.000476
vn -0.170616 0.985337 0.000476
vn -0.170367 0.985381 0.000350
vn -0.170367 0.985381 0.000350
vn -0.170367 0.985381 0.000350
vn -0.170889 0.985290 0.000783
vn -0.170889 0.985290 0.000783
vn -0.170889 0.985290 0.000783
vn -0.170106 0.985426 0.000027
vn -0.170106 0.985426 0.000027
vn -0.170106 0.985426 0.000027
vn -0.169669 0.985501 0.000945
vn -0.169669 0.985501 0.000945
vn -0.169669 0.985501 0.000945
vn -0.169751 0.985487 0.000499
vn -0.169751 0.985487 0.000499
vn -0.169751 0.985487 0.000499
vn -0.170246 0.985401 0.000956
vn -0.170246 0.985401 0.000956
vn -0.170246 0.985401 0.000956
vn -0.170118 0.985424 0.000496
vn -0.170118 0.985424 0.000496
vn -0.170118 0.985424 0.000496
vn -0.170170 0.985415 -0.000016
vn -0.170170 0.985415 -0.000016
vn -0.170170 0.985415 -0.000016
vn -0.170034 0.985438 0.000174
vn -0.170034 0.985438 0.000174
vn -0.170034 0.985438 0.000174
vn -0.169880 0.985465 0.000370
vn -0.169880 0.985465 0.000370
vn -0.169880 0.985465 0.000370
vn -0.169814 0.985476 0.000441
vn -0.169814 0.985476 0.000441
vn -0.169814 0.985476 0.000441
vn -0.169854 0.985469 0.000423
vn -0.169854 0.985469 0.000423
vn -0.169854 0.985469 0.000423
vn -0.170003 0.985443 -0.000555
vn -0.170003 0.985443 -0.000555
vn -0.170003 0.985443 -0.000555
vn -0.170166 0.985415 0.001391
vn -0.170166 0.985415 0.001391
vn -0.170166 0.985415 0.001391
vn -0.169413 0.985536 -0.004313
vn -0.169413 0.985536 -0.004313
vn -0.169413 0.985536 -0.004313
vn -0.170001 0.985444 -0.000569
vn -0.170001 0.985444 -0.000569
vn -0.170001 0.985444 -0.000569
vn -0.170280 0.985396 -0.000150
vn -0.170280 0.985396 -0.000150
vn -0.170280 0.985396 -0.000150
vn -0.170295 0.985393 0.000101
vn -0.170295 0.985393 0.000101
vn -0.170295 0.985393 0.000101
vn -0.170423 0.985371 0.000198
vn -0.170423 0.985371 0.000198
vn -0.170423 0.985371 0.000198
vn -0.170171 0.985414 0.000070
vn -0.170171 0.985414 0.000070
vn -0.170171 0.985414 0.000070
vn -0.169348 0.985556 0.000801
vn -0.169348 0.985556 0.000801
vn -0.169348 0.985556 0.000801
vn -0.170000 0.985444 0.000441
vn -0.170000 0.985444 0.000441
vn -0.170000 0.985444 0.000441
vn -0.170184 0.985412 0.000783
vn -0.170184 0.985412 0.000783
vn -0.170184 0.985412 0.000783
vn -0.170711 0.985319 0.001832
vn -0.170711 0.985319 0.001832
vn -0.170711 0.985319 0.001832
vn -0.170204 0.985409 0.000813
vn -0.170204 0.985409 0.000813
vn -0.170204 0.985409 0.000813
vn -0.170360 0.985381 0.001424
vn -0.170360 0.985381 0.001424
vn -0.170360 0.985381 0.001424
vn -0.170204 0.985409 0.000396
vn -0.170204 0.985409 0.000396
vn -0.170204 0.985409 0.000396
vn -0.170206 0.985408 0.000351
vn -0.170206 0.985408 0.000351
vn -0.170206 0.985408 0.000351
vn -0.170170 0.985415 0.000060
vn -0.170170 0.985415 0.000060
vn -0.170170 0.985415 0.000060
vn -0.170198 0.985410 0.000328
vn -0.170198 0.985410 0.000328
vn -0.170198 0.985410 0.000328
vn -0.170206 0.985408 0.000097
vn -0.170206 0.985408 0.000097
vn -0.170206 0.985408 0.000097
vn -0.169747 0.985485 -0.002425
vn -0.169747 0.985485 -0.002425
vn -0.169747 0.985485 -0.002425
vn -0.169122 0.985540 -0.010422
vn -0.169122 0.985540 -0.010422
vn -0.169122 0.985540 -0.010422
vn -0.170088 0.985429 0.000572
vn -0.170088 0.985429 0.000572
vn -0.170088 0.985429 0.000572
vn -0.169445 0.985533 -0.003599
vn -0.169445 0.985533 -0.003599
vn -0.169445 0.985533 -0.003599
vn -0.172244 0.984990 0.011263
vn -0.172244 0.984990 0.011263
vn -0.172244 0.984990 0.011263
vn -0.172223 0.984911 -0.017044
vn -0.172223 0.984911 -0.017044
vn -0.172223 0.984911 -0.017044
vn -0.171057 0.985221 -0.008849
vn -0.171057 0.985221 -0.008849
vn -0.171057 0.985221 -0.008849
vn -0.170710 0.985314 0.003744
vn -0.170710 0.985314 0.003744
vn -0.170710 0.985314 0.003744
vn -0.169260 0.985515 -0.010580
vn -0.169260 0.985515 -0.010580
vn -0.169260 0.985515 -0.010580
vn -0.170712 0.985319 -0.002092
vn -0.170712 0.985319 -0.002092
vn -0.170712 0.985319 -0.002092
vn -0.170172 0.985414 0.000662
vn -0.170172 0.985414 0.000662
vn -0.170172 0.985414 0.000662
vn -0.170204 0.985409 0.000813
vn -0.170204 0.985409 0.000813
vn -0.170204 0.985409 0.000813
vn -0.172243 0.985031 0.006764
vn -0.172243 0.985031 0.006764
vn -0.172243 0.985031 0.006764
vn -0.169945 0.985453 -0.000503
vn -0.169945 0.985453 -0.000503
vn -0.169945 0.985453 -0.000503
vn -0.172236 0.984985 -0.011817
vn -0.172236 0.984985 -0.011817
vn -0.172236 0.984985 -0.011817
vn -0.170533 0.985350 -0.001730
vn -0.170533 0.985350 -0.001730
vn -0.170533 0.985350 -0.001730
vn -0.169463 0.985537 0.000341
vn -0.169463 0.985537 0.000341
vn -0.169463 0.985537 0.000341
vn -0.172252 0.985045 0.003948
vn -0.172252 0.985045 0.003948
vn -0.172252 0.985045 0.003948
vn -0.172239 0.985001 0.010359
vn -0.172239 0.985001 0.010359
vn -0.172239 0.985001 0.010359
vn -0.170556 0.985346 0.001991
vn -0.170556 0.985346 0.001991
vn -0.170556 0.985346 0.001991
vn -0.169438 0.985540 -0.000934
vn -0.169438 0.985540 -0.000934
vn -0.169438 0.985540 -0.000934
vn -0.172249 0.985025 0.007483
vn -0.172249 0.985025 0.007483
vn -0.172249 0.985025 0.007483
vn -0.172206 0.984818 0.021895
vn -0.172206 0.984818 0.021895
vn -0.172206 0.984818 0.021895
vn -0.170949 0.985242 0.008653
vn -0.170949 0.985242 0.008653
vn -0.170949 0.985242 0.008653
vn -0.169444 0.985529 -0.004593
vn -0.169444 0.985529 -0.004593
vn -0.169444 0.985529 -0.004593
vn -0.172237 0.984954 0.014128
vn -0.172237 0.984954 0.014128
vn -0.172237 0.984954 0.014128
vn -0.169443 0.985525 0.005447
vn -0.169443 0.985525 0.005447
vn -0.169443 0.985525 0.005447
vn -0.172244 0.984995 -0.010768
vn -0.172244 0.984995 -0.010768
vn -0.172244 0.984995 -0.010768
vn -0.172214 0.984860 0.019806
vn -0.172214 0.984860 0.019806
vn -0.172214 0.984860 0.019806
vn -0.170714 0.985306 0.005400
vn -0.170714 0.985306 0.005400
vn -0.170714 0.985306 0.005400
vn -0.172198 0.984734 -0.025447
vn -0.172198 0.984734 -0.025447
vn -0.172198 0.984734 -0.025447
vn -0.170740 0.985287 -0.007563
vn -0.170740 0.985287 -0.007563
vn -0.170740 0.985287 -0.007563
vn -0.169450 0.985537 -0.001749
vn -0.169450 0.985537 -0.001749
vn -0.169450 0.985537 -0.001749
vn -0.172249 0.985026 0.007305
vn -0.172249 0.985026 0.007305
vn -0.172249 0.985026 0.007305
vn -0.172251 0.985039 -0.005208
vn -0.172251 0.985039 -0.005208
vn -0.172251 0.985039 -0.005208
vn -0.170390 0.985376 -0.000895
vn -0.170390 0.985376 -0.000895
vn -0.170390 0.985376 -0.000895
vn -0.996784 -0.080051 0.003805
vn -0.996784 -0.080051 0.003805
vn -0.996784 -0.080051 0.003805
vn -0.996784 -0.080051 0.003805
vn -0.996784 -0.080051 0.003805
vn -0.996784 -0.080051 0.003805
vn 0.092526 -0.686886 -0.720851
vn 0.092526 -0.686886 -0.720851
vn 0.092526 -0.686886 -0.720851
vn 0.092523 -0.686890 -0.720848
vn 0.092523 -0.686890 -0.720848
vn 0.092523 -0.686890 -0.720848
vn 0.092524 -0.686888 -0.720850
vn 0.092524 -0.686888 -0.720850
vn 0.092524 -0.686888 -0.720850
vn 0.092524 -0.686887 -0.720851
vn 0.092524 -0.686887 -0.720851
vn 0.092524 -0.686887 -0.720851
vn 0.092525 -0.686884 -0.720853
vn 0.092525 -0.686884 -0.720853
vn 0.092525 -0.686884 -0.720853
vn 0.092525 -0.686894 -0.720844
vn 0.092525 -0.686894 -0.720844
vn 0.092525 -0.686894 -0.720844
vn 0.092524 -0.686870 -0.720867
vn 0.092524 -0.686870 -0.720867
vn 0.092524 -0.686870 -0.720867
vn 0.092525 -0.686892 -0.720846
vn 0.092525 -0.686892 -0.720846
vn 0.092525 -0.686892 -0.720846
vn 0.132284 -0.991212 0.000000
vn 0.132284 -0.991212 0.000000
vn 0.132284 -0.991212 0.000000
vn 0.132284 -0.991212 0.000000
vn 0.132284 -0.991212 0.000000
vn 0.132284 -0.991212 0.000000
vn 0.106825 -0.685530 -0.720164
vn 0.106825 -0.685530 -0.720164
vn 0.106825 -0.685530 -0.720164
vn 0.107033 -0.684893 -0.720739
vn 0.107033 -0.684893 -0.720739
vn 0.107033 -0.684893 -0.720739
vn 0.107033 -0.684896 -0.720737
vn 0.107033 -0.684896 -0.720737
vn 0.107033 -0.684896 -0.720737
vn 0.107033 -0.684897 -0.720735
vn 0.107033 -0.684897 -0.720735
vn 0.107033 -0.684897 -0.720735
vn 0.107032 -0.684894 -0.720739
vn 0.107032 -0.684894 -0.720739
vn 0.107032 -0.684894 -0.720739
vn 0.107028 -0.684838 -0.720793
vn 0.107028 -0.684838 -0.720793
vn 0.107028 -0.684838 -0.720793
vn 0.092517 -0.686881 -0.720858
vn 0.092517 -0.686881 -0.720858
vn 0.092517 -0.686881 -0.720858
vn 0.090907 -0.659719 -0.745993
vn 0.090907 -0.659719 -0.745993
vn 0.090907 -0.659719 -0.745993
vn 0.091664 -0.687662 -0.720222
vn 0.091664 -0.687662 -0.720222
vn 0.091664 -0.687662 -0.720222
vn 0.103662 -0.781237 0.615568
vn 0.103662 -0.781237 0.615568
vn 0.103662 -0.781237 0.615568
vn 0.103725 -0.782097 0.614464
vn 0.103725 -0.782097 0.614464
vn 0.103725 -0.782097 0.614464
vn 0.135657 -0.776466 0.615384
vn 0.135657 -0.776466 0.615384
vn 0.135657 -0.776466 0.615384
vn 0.130695 -0.758195 0.638796
vn 0.130695 -0.758195 0.638796
vn 0.130695 -0.758195 0.638796
vn -0.108515 0.627507 -0.771012
vn -0.108515 0.627507 -0.771012
vn -0.108515 0.627507 -0.771012
vn -0.107610 0.623852 -0.774098
vn -0.107610 0.623852 -0.774098
vn -0.107610 0.623852 -0.774098
vn -0.996783 -0.080052 0.003802
vn -0.996783 -0.080052 0.003802
vn -0.996783 -0.080052 0.003802
vn -0.996783 -0.080051 0.003805
vn -0.996783 -0.080051 0.003805
vn -0.996783 -0.080051 0.003805
vn -0.996784 -0.080051 0.003806
vn -0.996784 -0.080051 0.003806
vn -0.996784 -0.080051 0.003806
vn -0.096214 0.685631 -0.721563
vn -0.096214 0.685631 -0.721563
vn -0.096214 0.685631 -0.721563
vn -0.095301 0.705428 -0.702346
vn -0.095301 0.705428 -0.702346
vn -0.095301 0.705428 -0.702346
vn -0.996783 -0.080052 0.003799
vn -0.996783 -0.080052 0.003799
vn -0.996783 -0.080052 0.003799
vn -0.976019 -0.217681 0.001140
vn -0.976019 -0.217681 0.001140
vn -0.976019 -0.217681 0.001140
vn -0.975493 -0.220030 0.000000
vn -0.975493 -0.220030 0.000000
vn -0.975493 -0.220030 0.000000
vn -0.975494 -0.220028 0.000000
vn -0.975494 -0.220028 0.000000
vn -0.975494 -0.220028 0.000000
vn 0.133498 -0.991049 0.000000
vn 0.133498 -0.991049 0.000000
vn 0.133498 -0.991049 0.000000
vn 0.133497 -0.991049 0.000000
vn 0.133497 -0.991049 0.000000
vn 0.133497 -0.991049 0.000000
vn -0.139195 0.990265 0.000232
vn -0.139195 0.990265 0.000232
vn -0.139195 0.990265 0.000232
vn -0.139386 0.990238 0.000000
vn -0.139386 0.990238 0.000000
vn -0.139386 0.990238 0.000000
vn -0.996783 -0.080051 0.003805
vn -0.996783 -0.080051 0.003805
vn -0.996783 -0.080051 0.003805
vn -0.996783 -0.080051 0.003804
vn -0.996783 -0.080051 0.003804
vn -0.996783 -0.080051 0.003804
vn 0.994999 0.099882 -0.000000
vn 0.994999 0.099882 -0.000000
vn 0.994999 0.099882 -0.000000
vn 0.978397 0.206735 -0.000002
vn 0.978397 0.206735 -0.000002
vn 0.978397 0.206735 -0.000002
vn 0.994956 0.100309 0.000000
vn 0.994956 0.100309 0.000000
vn 0.994956 0.100309 0.000000
vn 0.153970 -0.988076 0.000008
vn 0.153970 -0.988076 0.000008
vn 0.153970 -0.988076 0.000008
vn 0.153982 -0.988074 0.000002
vn 0.153982 -0.988074 0.000002
vn 0.153982 -0.988074 0.000002
vn 0.153981 -0.988074 0.000009
vn 0.153981 -0.988074 0.000009
vn 0.153981 -0.988074 0.000009
vn 0.154028 -0.988066 -0.000018
vn 0.154028 -0.988066 -0.000018
vn 0.154028 -0.988066 -0.000018
vn 0.989408 0.144615 -0.012562
vn 0.989408 0.144615 -0.012562
vn 0.989408 0.144615 -0.012562
vn -0.113229 0.750120 -0.651535
vn -0.113229 0.750120 -0.651535
vn -0.113229 0.750120 -0.651535
vn 0.136509 -0.990639 -0.000002
vn 0.136509 -0.990639 -0.000002
vn 0.136509 -0.990639 -0.000002
vn 0.136508 -0.990639 0.000000
vn 0.136508 -0.990639 0.000000
vn 0.136508 -0.990639 0.000000
vn -0.975495 -0.220020 -0.000001
vn -0.975495 -0.220020 -0.000001
vn -0.975495 -0.220020 -0.000001
vn -0.139369 0.990117 0.015644
vn -0.139369 0.990117 0.015644
vn -0.139369 0.990117 0.015644
vn -0.144079 0.989566 0.000004
vn -0.144079 0.989566 0.000004
vn -0.144079 0.989566 0.000004
vn -0.975494 -0.220024 -0.000000
vn -0.975494 -0.220024 -0.000000
vn -0.975494 -0.220024 -0.000000
vn 0.133497 -0.991049 -0.000012
vn 0.133497 -0.991049 -0.000012
vn 0.133497 -0.991049 -0.000012
vn 0.133507 -0.991048 -0.000043
vn 0.133507 -0.991048 -0.000043
vn 0.133507 -0.991048 -0.000043
vn 0.133492 -0.991050 0.000009
vn 0.133492 -0.991050 0.000009
vn 0.133492 -0.991050 0.000009
vn 0.133495 -0.991050 -0.000005
vn 0.133495 -0.991050 -0.000005
vn 0.133495 -0.991050 -0.000005
vn -0.979701 -0.078677 -0.184378
vn -0.979701 -0.078677 -0.184378
vn -0.979701 -0.078677 -0.184378
vn -0.996911 -0.078469 0.003279
vn -0.996911 -0.078469 0.003279
vn -0.996911 -0.078469 0.003279
vn 0.132130 -0.991232 0.000008
vn 0.132130 -0.991232 0.000008
vn 0.132130 -0.991232 0.000008
vn 0.132133 -0.991232 -0.000054
vn 0.132133 -0.991232 -0.000054
vn 0.132133 -0.991232 -0.000054
vn 0.154397 -0.988009 0.000008
vn 0.154397 -0.988009 0.000008
vn 0.154397 -0.988009 0.000008
vn 0.154397 -0.988009 0.000008
vn 0.154397 -0.988009 0.000008
vn 0.154397 -0.988009 0.000008
vn 0.154028 -0.988067 0.000270
vn 0.154028 -0.988067 0.000270
vn 0.154028 -0.988067 0.000270
vn 0.154395 -0.988009 -0.000282
vn 0.154395 -0.988009 -0.000282
vn 0.154395 -0.988009 -0.000282
vn 0.153920 -0.988083 0.000021
vn 0.153920 -0.988083 0.000021
vn 0.153920 -0.988083 0.000021
vn -0.996783 -0.080051 0.003803
vn -0.996783 -0.080051 0.003803
vn -0.996783 -0.080051 0.003803
vn -0.996783 -0.080052 0.003803
vn -0.996783 -0.080052 0.003803
vn -0.996783 -0.080052 0.003803
vn -0.996784 -0.080047 0.003807
vn -0.996784 -0.080047 0.003807
vn -0.996784 -0.080047 0.003807
vn -0.996784 -0.080051 0.003805
vn -0.996784 -0.080051 0.003805
vn -0.996784 -0.080051 0.003805
vn -0.975493 -0.220030 0.000000
vn -0.975493 -0.220030 0.000000
vn -0.975493 -0.220030 0.000000
vn -0.975493 -0.220030 0.000000
vn -0.975493 -0.220030 0.000000
vn -0.975493 -0.220030 0.000000
vn -0.988024 -0.154298 -0.000721
vn -0.988024 -0.154298 -0.000721
vn -0.988024 -0.154298 -0.000721
vn -0.144404 0.989519 -0.000131
vn -0.144404 0.989519 -0.000131
vn -0.144404 0.989519 -0.000131
vn 0.005139 -0.037967 0.999266
vn 0.005139 -0.037967 0.999266
vn 0.005139 -0.037967 0.999266
vn 0.005140 -0.037971 0.999266
vn 0.005140 -0.037971 0.999266
vn 0.005140 -0.037971 0.999266
vn 0.005140 -0.037971 0.999266
vn 0.005140 -0.037971 0.999266
vn 0.005140 -0.037971 0.999266
vn 0.005140 -0.037970 0.999266
vn 0.005140 -0.037970 0.999266
vn 0.005140 -0.037970 0.999266
vn 0.005140 -0.037972 0.999266
vn 0.005140 -0.037972 0.999266
vn 0.005140 -0.037972 0.999266
vn 0.005147 -0.037971 0.999266
vn 0.005147 -0.037971 0.999266
vn 0.005147 -0.037971 0.999266
vn -0.999649 -0.026492 0.000175
vn -0.999649 -0.026492 0.000175
vn -0.999649 -0.026492 0.000175
vn -0.999651 -0.026409 0.000190
vn -0.999651 -0.026409 0.000190
vn -0.999651 -0.026409 0.000190
vn 0.970481 0.241176 0.000011
vn 0.970481 0.241176 0.000011
vn 0.970481 0.241176 0.000011
vn 0.970482 0.241174 0.000010
vn 0.970482 0.241174 0.000010
vn 0.970482 0.241174 0.000010
vn -0.993762 -0.021919 -0.109343
vn -0.993762 -0.021919 -0.109343
vn -0.993762 -0.021919 -0.109343
vn -0.993866 -0.021562 -0.108472
vn -0.993866 -0.021562 -0.108472
vn -0.993866 -0.021562 -0.108472
vn 0.962726 0.244269 -0.116150
vn 0.962726 0.244269 -0.116150
vn 0.962726 0.244269 -0.116150
vn 0.962725 0.244489 -0.115692
vn 0.962725 0.244489 -0.115692
vn 0.962725 0.244489 -0.115692
vn 0.939727 0.096725 -0.327959
vn 0.939727 0.096725 -0.327959
vn 0.939727 0.096725 -0.327959
vn 0.939410 0.096232 -0.329012
vn 0.939410 0.096232 -0.329012
vn 0.939410 0.096232 -0.329012
vn 0.812725 0.226841 -0.536677
vn 0.812725 0.226841 -0.536677
vn 0.812725 0.226841 -0.536677
vn 0.811897 0.227399 -0.537693
vn 0.811897 0.227399 -0.537693
vn 0.811897 0.227399 -0.537693
vn 0.735088 0.095853 -0.671162
vn 0.735088 0.095853 -0.671162
vn 0.735088 0.095853 -0.671162
vn 0.733867 0.094858 -0.672637
vn 0.733867 0.094858 -0.672637
vn 0.733867 0.094858 -0.672637
vn 0.555135 0.177969 -0.812497
vn 0.555135 0.177969 -0.812497
vn 0.555135 0.177969 -0.812497
vn 0.553874 0.178559 -0.813228
vn 0.553874 0.178559 -0.813228
vn 0.553874 0.178559 -0.813228
vn 0.414445 0.149033 -0.897789
vn 0.414445 0.149033 -0.897789
vn 0.414445 0.149033 -0.897789
vn 0.413297 0.149534 -0.898234
vn 0.413297 0.149534 -0.898234
vn 0.413297 0.149534 -0.898234
vn 0.273624 0.119398 -0.954397
vn 0.273624 0.119398 -0.954397
vn 0.273624 0.119398 -0.954397
vn 0.272767 0.119757 -0.954598
vn 0.272767 0.119757 -0.954598
vn 0.272767 0.119757 -0.954598
vn 0.133764 0.089564 -0.986958
vn 0.133764 0.089564 -0.986958
vn 0.133764 0.089564 -0.986958
vn 0.133276 0.089765 -0.987005
vn 0.133276 0.089765 -0.987005
vn 0.133276 0.089765 -0.987005
vn -0.927140 -0.156225 -0.340597
vn -0.927140 -0.156225 -0.340597
vn -0.927140 -0.156225 -0.340597
vn -0.926908 -0.156454 -0.341121
vn -0.926908 -0.156454 -0.341121
vn -0.926908 -0.156454 -0.341121
vn -0.830922 -0.128274 -0.541400
vn -0.830922 -0.128274 -0.541400
vn -0.830922 -0.128274 -0.541400
vn -0.830114 -0.128803 -0.542513
vn -0.830114 -0.128803 -0.542513
vn -0.830114 -0.128803 -0.542513
vn -0.744552 0.010845 -0.667476
vn -0.744552 0.010845 -0.667476
vn -0.744552 0.010845 -0.667476
vn -0.743308 0.011901 -0.668843
vn -0.743308 0.011901 -0.668843
vn -0.743308 0.011901 -0.668843
vn -0.574020 -0.065632 -0.816207
vn -0.574020 -0.065632 -0.816207
vn -0.574020 -0.065632 -0.816207
vn -0.572874 -0.066164 -0.816968
vn -0.572874 -0.066164 -0.816968
vn -0.572874 -0.066164 -0.816968
vn -0.464991 0.031286 -0.884762
vn -0.464991 0.031286 -0.884762
vn -0.464991 0.031286 -0.884762
vn -0.463700 0.032175 -0.885408
vn -0.463700 0.032175 -0.885408
vn -0.463700 0.032175 -0.885408
vn -0.291019 -0.002309 -0.956715
vn -0.291019 -0.002309 -0.956715
vn -0.291019 -0.002309 -0.956715
vn -0.290091 -0.002702 -0.956995
vn -0.290091 -0.002702 -0.956995
vn -0.290091 -0.002702 -0.956995
vn -0.156601 0.050459 -0.986372
vn -0.156601 0.050459 -0.986372
vn -0.156601 0.050459 -0.986372
vn -0.156363 0.050613 -0.986402
vn -0.156363 0.050613 -0.986402
vn -0.156363 0.050613 -0.986402
vn -0.008521 0.059032 -0.998220
vn -0.008521 0.059032 -0.998220
vn -0.008521 0.059032 -0.998220
vn -0.008390 0.058976 -0.998224
vn -0.008390 0.058976 -0.998224
vn -0.008390 0.058976 -0.998224
vn 0.132284 -0.991212 -0.000001
vn 0.132284 -0.991212 -0.000001
vn 0.132284 -0.991212 -0.000001
vn 0.132284 -0.991212 -0.000001
vn 0.132284 -0.991212 -0.000001
vn 0.132284 -0.991212 -0.000001
vn 0.132285 -0.991212 0.000000
vn 0.132285 -0.991212 0.000000
vn 0.132285 -0.991212 0.000000
vn 0.132281 -0.991212 -0.000026
vn 0.132281 -0.991212 -0.000026
vn 0.132281 -0.991212 -0.000026
vn 0.132284 -0.991212 0.000005
vn 0.132284 -0.991212 0.000005
vn 0.132284 -0.991212 0.000005
vn 0.132284 -0.991212 0.000008
vn 0.132284 -0.991212 0.000008
vn 0.132284 -0.991212 0.000008
vn 0.133496 -0.991049 0.000000
vn 0.133496 -0.991049 0.000000
vn 0.133496 -0.991049 0.000000
vn 0.133496 -0.991049 0.000000
vn 0.133496 -0.991049 0.000000
vn 0.133496 -0.991049 0.000000
vn 0.133492 -0.991050 -0.000006
vn 0.133492 -0.991050 -0.000006
vn 0.133492 -0.991050 -0.000006
vn 0.133495 -0.991050 -0.000012
vn 0.133495 -0.991050 -0.000012
vn 0.133495 -0.991050 -0.000012
vn 0.132284 -0.991212 0.000000
vn 0.132284 -0.991212 0.000000
vn 0.132284 -0.991212 0.000000
vn 0.132284 -0.991212 0.000000
vn 0.132284 -0.991212 0.000000
vn 0.132284 -0.991212 0.000000
vn 0.132284 -0.991212 0.000000
vn 0.132284 -0.991212 0.000000
vn 0.132284 -0.991212 0.000000
vn 0.132285 -0.991212 0.000000
vn 0.132285 -0.991212 0.000000
vn 0.132285 -0.991212 0.000000
vn 0.132285 -0.991212 0.000000
vn 0.132285 -0.991212 0.000000
vn 0.132285 -0.991212 0.000000
vn 0.132285 -0.991212 0.000000
vn 0.132285 -0.991212 0.000000
vn 0.132285 -0.991212 0.000000
vn 0.132284 -0.991212 0.000002
vn 0.132284 -0.991212 0.000002
vn 0.132284 -0.991212 0.000002
vn 0.132285 -0.991212 -0.000001
vn 0.132285 -0.991212 -0.000001
vn 0.132285 -0.991212 -0.000001
vn 0.133497 -0.991049 0.000000
vn 0.133497 -0.991049 0.000000
vn 0.133497 -0.991049 0.000000
vn 0.133497 -0.991049 0.000000
vn 0.133497 -0.991049 0.000000
vn 0.133497 -0.991049 0.000000
vn 0.133495 -0.991049 0.000000
vn 0.133495 -0.991049 0.000000
vn 0.133495 -0.991049 0.000000
vn 0.133495 -0.991049 0.000000
vn 0.133495 -0.991049 0.000000
vn 0.133495 -0.991049 0.000000
vn 0.154399 -0.988009 0.000000
vn 0.154399 -0.988009 0.000000
vn 0.154399 -0.988009 0.000000
vn 0.154402 -0.988008 0.000003
vn 0.154402 -0.988008 0.000003
vn 0.154402 -0.988008 0.000003
vn 0.154399 -0.988009 0.000004
vn 0.154399 -0.988009 0.000004
vn 0.154399 -0.988009 0.000004
vn 0.154402 -0.988008 0.000006
vn 0.154402 -0.988008 0.000006
vn 0.154402 -0.988008 0.000006
vn 0.154398 -0.988009 0.000007
vn 0.154398 -0.988009 0.000007
vn 0.154398 -0.988009 0.000007
vn 0.154397 -0.988009 0.000006
vn 0.154397 -0.988009 0.000006
vn 0.154397 -0.988009 0.000006
vn 0.154396 -0.988009 0.000008
vn 0.154396 -0.988009 0.000008
vn 0.154396 -0.988009 0.000008
vn 0.154398 -0.988009 0.000003
vn 0.154398 -0.988009 0.000003
vn 0.154398 -0.988009 0.000003
vn 0.154396 -0.988009 0.000008
vn 0.154396 -0.988009 0.000008
vn 0.154396 -0.988009 0.000008
vn 0.154397 -0.988009 0.000007
vn 0.154397 -0.988009 0.000007
vn 0.154397 -0.988009 0.000007
vn 0.154400 -0.988008 0.000009
vn 0.154400 -0.988008 0.000009
vn 0.154400 -0.988008 0.000009
vn 0.005158 -0.037968 0.999266
vn 0.005158 -0.037968 0.999266
vn 0.005158 -0.037968 0.999266
vn 0.005141 -0.037981 0.999265
vn 0.005141 -0.037981 0.999265
vn 0.005141 -0.037981 0.999265
vn 0.005140 -0.037971 0.999266
vn 0.005140 -0.037971 0.999266
vn 0.005140 -0.037971 0.999266
vn 0.005140 -0.037973 0.999266
vn 0.005140 -0.037973 0.999266
vn 0.005140 -0.037973 0.999266
vn 0.005140 -0.037971 0.999266
vn 0.005140 -0.037971 0.999266
vn 0.005140 -0.037971 0.999266
vn 0.005140 -0.037971 0.999266
vn 0.005140 -0.037971 0.999266
vn 0.005140 -0.037971 0.999266
vn -0.983255 -0.182236 -0.000174
vn -0.983255 -0.182236 -0.000174
vn -0.983255 -0.182236 -0.000174
vn -0.983271 -0.182151 -0.000003
vn -0.983271 -0.182151 -0.000003
vn -0.983271 -0.182151 -0.000003
vn 0.996231 0.086743 -0.000001
vn 0.996231 0.086743 -0.000001
vn 0.996231 0.086743 -0.000001
vn 0.996231 0.086741 -0.000005
vn 0.996231 0.086741 -0.000005
vn 0.996231 0.086741 -0.000005
vn -0.976437 -0.175709 -0.125289
vn -0.976437 -0.175709 -0.125289
vn -0.976437 -0.175709 -0.125289
vn -0.977309 -0.175838 -0.118099
vn -0.977309 -0.175838 -0.118099
vn -0.977309 -0.175838 -0.118099
vn 0.990191 0.090919 -0.106091
vn 0.990191 0.090919 -0.106091
vn 0.990191 0.090919 -0.106091
vn 0.989603 0.090862 -0.111493
vn 0.989603 0.090862 -0.111493
vn 0.989603 0.090862 -0.111493
vn 0.906953 0.241011 -0.345470
vn 0.906953 0.241011 -0.345470
vn 0.906953 0.241011 -0.345470
vn 0.909980 0.241802 -0.336850
vn 0.909980 0.241802 -0.336850
vn 0.909980 0.241802 -0.336850
vn 0.851790 0.098053 -0.514625
vn 0.851790 0.098053 -0.514625
vn 0.851790 0.098053 -0.514625
vn 0.843406 0.097277 -0.528397
vn 0.843406 0.097277 -0.528397
vn 0.843406 0.097277 -0.528397
vn 0.690738 0.204698 -0.693528
vn 0.690738 0.204698 -0.693528
vn 0.690738 0.204698 -0.693528
vn 0.701242 0.207480 -0.682064
vn 0.701242 0.207480 -0.682064
vn 0.701242 0.207480 -0.682064
vn 0.597414 0.090902 -0.796764
vn 0.597414 0.090902 -0.796764
vn 0.597414 0.090902 -0.796764
vn 0.582807 0.089441 -0.807674
vn 0.582807 0.089441 -0.807674
vn 0.582807 0.089441 -0.807674
vn 0.451041 0.084198 -0.888523
vn 0.451041 0.084198 -0.888523
vn 0.451041 0.084198 -0.888523
vn 0.437091 0.082754 -0.895602
vn 0.437091 0.082754 -0.895602
vn 0.437091 0.082754 -0.895602
vn 0.299870 0.076400 -0.950916
vn 0.299870 0.076400 -0.950916
vn 0.299870 0.076400 -0.950916
vn 0.289345 0.075278 -0.954260
vn 0.289345 0.075278 -0.954260
vn 0.289345 0.075278 -0.954260
vn 0.148140 0.068058 -0.986622
vn 0.148140 0.068058 -0.986622
vn 0.148140 0.068058 -0.986622
vn 0.142123 0.067393 -0.987552
vn 0.142123 0.067393 -0.987552
vn 0.142123 0.067393 -0.987552
vn -0.945362 -0.010785 -0.325843
vn -0.945362 -0.010785 -0.325843
vn -0.945362 -0.010785 -0.325843
vn -0.943041 -0.010070 -0.332524
vn -0.943041 -0.010070 -0.332524
vn -0.943041 -0.010070 -0.332524
vn -0.859437 0.000068 -0.511241
vn -0.859437 0.000068 -0.511241
vn -0.859437 0.000068 -0.511241
vn -0.850824 0.001851 -0.525447
vn -0.850824 0.001851 -0.525447
vn -0.850824 0.001851 -0.525447
vn -0.709483 -0.098425 -0.697815
vn -0.709483 -0.098425 -0.697815
vn -0.709483 -0.098425 -0.697815
vn -0.720186 -0.100235 -0.686502
vn -0.720186 -0.100235 -0.686502
vn -0.720186 -0.100235 -0.686502
vn -0.608601 0.021426 -0.793187
vn -0.608601 0.021426 -0.793187
vn -0.608601 0.021426 -0.793187
vn -0.594984 0.023372 -0.803398
vn -0.594984 0.023372 -0.803398
vn -0.594984 0.023372 -0.803398
vn -0.432855 -0.034346 -0.900809
vn -0.432855 -0.034346 -0.900809
vn -0.432855 -0.034346 -0.900809
vn -0.443460 -0.036061 -0.895568
vn -0.443460 -0.036061 -0.895568
vn -0.443460 -0.036061 -0.895568
vn -0.317620 0.040542 -0.947351
vn -0.317620 0.040542 -0.947351
vn -0.317620 0.040542 -0.947351
vn -0.306058 0.041961 -0.951088
vn -0.306058 0.041961 -0.951088
vn -0.306058 0.041961 -0.951088
vn -0.149125 0.028388 -0.988411
vn -0.149125 0.028388 -0.988411
vn -0.149125 0.028388 -0.988411
vn -0.151077 0.028085 -0.988123
vn -0.151077 0.028085 -0.988123
vn -0.151077 0.028085 -0.988123
vn -0.011595 0.058847 -0.998200
vn -0.011595 0.058847 -0.998200
vn -0.011595 0.058847 -0.998200
vn -0.009909 0.059039 -0.998206
vn -0.009909 0.059039 -0.998206
vn -0.009909 0.059039 -0.998206
vn 0.091686 -0.687003 -0.720847
vn 0.091686 -0.687003 -0.720847
vn 0.091686 -0.687003 -0.720847
vn 0.091685 -0.687006 -0.720844
vn 0.091685 -0.687006 -0.720844
vn 0.091685 -0.687006 -0.720844
vn 0.110272 -0.782588 0.612696
vn 0.110272 -0.782588 0.612696
vn 0.110272 -0.782588 0.612696
vn 0.107902 -0.778348 0.618492
vn 0.107902 -0.778348 0.618492
vn 0.107902 -0.778348 0.618492
vn -0.144980 0.989434 0.000690
vn -0.144980 0.989434 0.000690
vn -0.144980 0.989434 0.000690
vn -0.144078 0.989561 -0.003275
vn -0.144078 0.989561 -0.003275
vn -0.144078 0.989561 -0.003275
vn -0.144651 0.989483 -0.000084
vn -0.144651 0.989483 -0.000084
vn -0.144651 0.989483 -0.000084
vn -0.144719 0.989473 -0.000045
vn -0.144719 0.989473 -0.000045
vn -0.144719 0.989473 -0.000045
vn -0.144749 0.989468 -0.000015
vn -0.144749 0.989468 -0.000015
vn -0.144749 0.989468 -0.000015
vn -0.144784 0.989463 0.000042
vn -0.144784 0.989463 0.000042
vn -0.144784 0.989463 0.000042
vn -0.144818 0.989458 0.000121
vn -0.144818 0.989458 0.000121
vn -0.144818 0.989458 0.000121
vn -0.144886 0.989448 0.000335
vn -0.144886 0.989448 0.000335
vn -0.144886 0.989448 0.000335
vn -0.143950 0.989580 -0.003075
vn -0.143950 0.989580 -0.003075
vn -0.143950 0.989580 -0.003075
vn -0.143741 0.989612 -0.002650
vn -0.143741 0.989612 -0.002650
vn -0.143741 0.989612 -0.002650
vn -0.143497 0.989648 -0.002321
vn -0.143497 0.989648 -0.002321
vn -0.143497 0.989648 -0.002321
vn -0.143198 0.989692 -0.002059
vn -0.143198 0.989692 -0.002059
vn -0.143198 0.989692 -0.002059
vn -0.142780 0.989753 -0.001825
vn -0.142780 0.989753 -0.001825
vn -0.142780 0.989753 -0.001825
vn -0.142156 0.989843 -0.001597
vn -0.142156 0.989843 -0.001597
vn -0.142156 0.989843 -0.001597
vn -0.140943 0.990017 -0.001288
vn -0.140943 0.990017 -0.001288
vn -0.140943 0.990017 -0.001288
vn -0.126362 0.991984 -0.000881
vn -0.126362 0.991984 -0.000881
vn -0.126362 0.991984 -0.000881
vn -0.134579 0.990903 -0.000001
vn -0.134579 0.990903 -0.000001
vn -0.134579 0.990903 -0.000001
vn -0.005141 0.037979 -0.999265
vn -0.005141 0.037979 -0.999265
vn -0.005141 0.037979 -0.999265
vn -0.141018 0.989437 0.033580
vn -0.141018 0.989437 0.033580
vn -0.141018 0.989437 0.033580
vn -0.169997 0.957112 -0.234601
vn -0.169997 0.957112 -0.234601
vn -0.169997 0.957112 -0.234601
vn -0.139305 0.990186 0.011181
vn -0.139305 0.990186 0.011181
vn -0.139305 0.990186 0.011181
vn -0.141791 0.989897 -0.000287
vn -0.141791 0.989897 -0.000287
vn -0.141791 0.989897 -0.000287
vn -0.145373 0.989377 -0.000364
vn -0.145373 0.989377 -0.000364
vn -0.145373 0.989377 -0.000364
vn 0.132274 -0.991213 0.000027
vn 0.132274 -0.991213 0.000027
vn 0.132274 -0.991213 0.000027
vn 0.132286 -0.991212 0.000003
vn 0.132286 -0.991212 0.000003
vn 0.132286 -0.991212 0.000003
vn 0.132137 -0.991231 -0.000021
vn 0.132137 -0.991231 -0.000021
vn 0.132137 -0.991231 -0.000021
vn 0.132131 -0.991232 -0.000002
vn 0.132131 -0.991232 -0.000002
vn 0.132131 -0.991232 -0.000002
vn 0.132137 -0.991231 -0.000013
vn 0.132137 -0.991231 -0.000013
vn 0.132137 -0.991231 -0.000013
vn 0.132131 -0.991232 -0.000002
vn 0.132131 -0.991232 -0.000002
vn 0.132131 -0.991232 -0.000002
vn 0.132130 -0.991232 0.000002
vn 0.132130 -0.991232 0.000002
vn 0.132130 -0.991232 0.000002
vn 0.132130 -0.991232 0.000002
vn 0.132130 -0.991232 0.000002
vn 0.132130 -0.991232 0.000002
vn 0.133512 -0.991047 -0.000046
vn 0.133512 -0.991047 -0.000046
vn 0.133512 -0.991047 -0.000046
vn 0.133493 -0.991050 0.000002
vn 0.133493 -0.991050 0.000002
vn 0.133493 -0.991050 0.000002
vn 0.154396 -0.988009 0.000006
vn 0.154396 -0.988009 0.000006
vn 0.154396 -0.988009 0.000006
vn 0.154402 -0.988008 0.000006
vn 0.154402 -0.988008 0.000006
vn 0.154402 -0.988008 0.000006
vn 0.154396 -0.988009 -0.000001
vn 0.154396 -0.988009 -0.000001
vn 0.154396 -0.988009 -0.000001
vn 0.154394 -0.988009 -0.000001
vn 0.154394 -0.988009 -0.000001
vn 0.154394 -0.988009 -0.000001
vn 0.154394 -0.988009 0.000000
vn 0.154394 -0.988009 0.000000
vn 0.154394 -0.988009 0.000000
vn 0.154397 -0.988009 0.000000
vn 0.154397 -0.988009 0.000000
vn 0.154397 -0.988009 0.000000
vn 0.154401 -0.988008 0.000002
vn 0.154401 -0.988008 0.000002
vn 0.154401 -0.988008 0.000002
vn 0.154398 -0.988009 0.000001
vn 0.154398 -0.988009 0.000001
vn 0.154398 -0.988009 0.000001
vn 0.133215 -0.991087 0.000000
vn 0.133215 -0.991087 0.000000
vn 0.133215 -0.991087 0.000000
vn 0.133215 -0.991087 -0.000002
vn 0.133215 -0.991087 -0.000002
vn 0.133215 -0.991087 -0.000002
vn 0.991087 0.133214 -0.000011
vn 0.991087 0.133214 -0.000011
vn 0.991087 0.133214 -0.000011
vn 0.991087 0.133217 0.000000
vn 0.991087 0.133217 0.000000
vn 0.991087 0.133217 0.000000
vn 0.000001 -0.000005 1.000000
vn 0.000001 -0.000005 1.000000
vn 0.000001 -0.000005 1.000000
vn 0.000001 -0.000005 1.000000
vn 0.000001 -0.000005 1.000000
vn 0.000001 -0.000005 1.000000
vn -0.991087 -0.133214 0.000000
vn -0.991087 -0.133214 0.000000
vn -0.991087 -0.133214 0.000000
vn -0.991087 -0.133218 0.000012
vn -0.991087 -0.133218 0.000012
vn -0.991087 -0.133218 0.000012
vn -0.000004 0.000068 -1.000000
vn -0.000004 0.000068 -1.000000
vn -0.000004 0.000068 -1.000000
vn 0.000011 -0.000200 -1.000000
vn 0.000011 -0.000200 -1.000000
vn 0.000011 -0.000200 -1.000000
vn 0.000008 -0.000122 -1.000000
vn 0.000008 -0.000122 -1.000000
vn 0.000008 -0.000122 -1.000000
vn 0.000009 -0.000015 -1.000000
vn 0.000009 -0.000015 -1.000000
vn 0.000009 -0.000015 -1.000000
vn 0.000005 -0.000042 -1.000000
vn 0.000005 -0.000042 -1.000000
vn 0.000005 -0.000042 -1.000000
vn 0.079387 -0.652438 0.753673
vn 0.079387 -0.652438 0.753673
vn 0.079387 -0.652438 0.753673
vn 0.092022 -0.687728 0.720113
vn 0.092022 -0.687728 0.720113
vn 0.092022 -0.687728 0.720113
vn -0.445594 -0.418936 0.791162
vn -0.445594 -0.418936 0.791162
vn -0.445594 -0.418936 0.791162
vn 0.498712 -0.313179 0.808211
vn 0.498712 -0.313179 0.808211
vn 0.498712 -0.313179 0.808211
vn 0.120784 -0.992679 -0.000009
vn 0.120784 -0.992679 -0.000009
vn 0.120784 -0.992679 -0.000009
vn 0.120794 -0.992678 0.000026
vn 0.120794 -0.992678 0.000026
vn 0.120794 -0.992678 0.000026
vn 0.120788 -0.992678 0.000002
vn 0.120788 -0.992678 0.000002
vn 0.120788 -0.992678 0.000002
vn 0.120785 -0.992679 0.000010
vn 0.120785 -0.992679 0.000010
vn 0.120785 -0.992679 0.000010
vn 0.120761 -0.992682 0.000068
vn 0.120761 -0.992682 0.000068
vn 0.120761 -0.992682 0.000068
vn 0.120784 -0.992679 0.000010
vn 0.120784 -0.992679 0.000010
vn 0.120784 -0.992679 0.000010
vn 0.120765 -0.992681 0.000062
vn 0.120765 -0.992681 0.000062
vn 0.120765 -0.992681 0.000062
vn 0.120789 -0.992678 -0.000001
vn 0.120789 -0.992678 -0.000001
vn 0.120789 -0.992678 -0.000001
vn 0.000000 0.000000 -1.000000
vn 0.000000 0.000000 -1.000000
vn 0.000000 0.000000 -1.000000
vn 0.000000 0.000000 -1.000000
vn 0.000000 0.000000 -1.000000
vn 0.000000 0.000000 -1.000000
vn 0.112352 -0.993669 0.000000
vn 0.112352 -0.993669 0.000000
vn 0.112352 -0.993669 0.000000
vn 0.112352 -0.993669 0.000000
vn 0.112352 -0.993669 0.000000
vn 0.112352 -0.993669 0.000000
vn -0.993669 -0.112346 0.000000
vn -0.993669 -0.112346 0.000000
vn -0.993669 -0.112346 0.000000
vn -0.993669 -0.112343 0.000007
vn -0.993669 -0.112343 0.000007
vn -0.993669 -0.112343 0.000007
vn -0.993669 -0.112346 0.000000
vn -0.993669 -0.112346 0.000000
vn -0.993669 -0.112346 0.000000
vn 0.993669 0.112350 0.000000
vn 0.993669 0.112350 0.000000
vn 0.993669 0.112350 0.000000
vn 0.993668 0.112352 0.000001
vn 0.993668 0.112352 0.000001
vn 0.993668 0.112352 0.000001
vn 0.993668 0.112354 0.000000
vn 0.993668 0.112354 0.000000
vn 0.993668 0.112354 0.000000
vn 0.079444 -0.702625 -0.707111
vn 0.079444 -0.702625 -0.707111
vn 0.079444 -0.702625 -0.707111
vn 0.079444 -0.702625 -0.707111
vn 0.079444 -0.702625 -0.707111
vn 0.079444 -0.702625 -0.707111
vn 0.000000 0.000000 -1.000000
vn 0.000000 0.000000 -1.000000
vn 0.000000 0.000000 -1.000000
vn 0.000000 0.000000 -1.000000
vn 0.000000 0.000000 -1.000000
vn 0.000000 0.000000 -1.000000
vn 0.121865 -0.992547 0.000000
vn 0.121865 -0.992547 0.000000
vn 0.121865 -0.992547 0.000000
vn 0.121865 -0.992547 0.000000
vn 0.121865 -0.992547 0.000000
vn 0.121865 -0.992547 0.000000
vn -0.992546 -0.121872 0.000000
vn -0.992546 -0.121872 0.000000
vn -0.992546 -0.121872 0.000000
vn -0.992546 -0.121872 0.000001
vn -0.992546 -0.121872 0.000001
vn -0.992546 -0.121872 0.000001
vn -0.992546 -0.121872 0.000000
vn -0.992546 -0.121872 0.000000
vn -0.992546 -0.121872 0.000000
vn 0.992546 0.121871 0.000000
vn 0.992546 0.121871 0.000000
vn 0.992546 0.121871 0.000000
vn 0.992546 0.121872 0.000001
vn 0.992546 0.121872 0.000001
vn 0.992546 0.121872 0.000001
vn 0.992546 0.121873 0.000000
vn 0.992546 0.121873 0.000000
vn 0.992546 0.121873 0.000000
vn 0.086171 -0.701834 -0.707109
vn 0.086171 -0.701834 -0.707109
vn 0.086171 -0.701834 -0.707109
vn 0.086187 -0.701838 -0.707103
vn 0.086187 -0.701838 -0.707103
vn 0.086187 -0.701838 -0.707103
vn 0.000000 0.000000 -1.000000
vn 0.000000 0.000000 -1.000000
vn 0.000000 0.000000 -1.000000
vn 0.000000 0.000000 -1.000000
vn 0.000000 0.000000 -1.000000
vn 0.000000 0.000000 -1.000000
vn 0.121865 -0.992547 0.000000
vn 0.121865 -0.992547 0.000000
vn 0.121865 -0.992547 0.000000
vn 0.121865 -0.992547 0.000000
vn 0.121865 -0.992547 0.000000
vn 0.121865 -0.992547 0.000000
vn -0.992546 -0.121872 0.000000
vn -0.992546 -0.121872 0.000000
vn -0.992546 -0.121872 0.000000
vn -0.992546 -0.121873 -0.000002
vn -0.992546 -0.121873 -0.000002
vn -0.992546 -0.121873 -0.000002
vn -0.992546 -0.121872 0.000000
vn -0.992546 -0.121872 0.000000
vn -0.992546 -0.121872 0.000000
vn 0.992546 0.121871 0.000000
vn 0.992546 0.121871 0.000000
vn 0.992546 0.121871 0.000000
vn 0.992546 0.121871 0.000000
vn 0.992546 0.121871 0.000000
vn 0.992546 0.121871 0.000000
vn 0.992546 0.121872 0.000000
vn 0.992546 0.121872 0.000000
vn 0.992546 0.121872 0.000000
vn 0.086171 -0.701834 -0.707109
vn 0.086171 -0.701834 -0.707109
vn 0.086171 -0.701834 -0.707109
vn 0.086171 -0.701834 -0.707109
vn 0.086171 -0.701834 -0.707109
vn 0.086171 -0.701834 -0.707109
vn 0.000000 0.000000 -1.000000
vn 0.000000 0.000000 -1.000000
vn 0.000000 0.000000 -1.000000
vn 0.000000 0.000000 -1.000000
vn 0.000000 0.000000 -1.000000
vn 0.000000 0.000000 -1.000000
vn 0.121886 -0.992544 0.000000
vn 0.121886 -0.992544 0.000000
vn 0.121886 -0.992544 0.000000
vn 0.121886 -0.992544 0.000000
vn 0.121886 -0.992544 0.000000
vn 0.121886 -0.992544 0.000000
vn -0.992546 -0.121871 0.000000
vn -0.992546 -0.121871 0.000000
vn -0.992546 -0.121871 0.000000
vn -0.992546 -0.121872 -0.000001
vn -0.992546 -0.121872 -0.000001
vn -0.992546 -0.121872 -0.000001
vn -0.992546 -0.121871 0.000000
vn -0.992546 -0.121871 0.000000
vn -0.992546 -0.121871 0.000000
vn 0.992546 0.121873 0.000000
vn 0.992546 0.121873 0.000000
vn 0.992546 0.121873 0.000000
vn 0.992546 0.121872 -0.000000
vn 0.992546 0.121872 -0.000000
vn 0.992546 0.121872 -0.000000
vn 0.992546 0.121872 0.000000
vn 0.992546 0.121872 0.000000
vn 0.992546 0.121872 0.000000
vn 0.086187 -0.701838 -0.707103
vn 0.086187 -0.701838 -0.707103
vn 0.086187 -0.701838 -0.707103
vn 0.086171 -0.701834 -0.707109
vn 0.086171 -0.701834 -0.707109
vn 0.086171 -0.701834 -0.707109
vn 0.000000 0.000000 -1.000000
vn 0.000000 0.000000 -1.000000
vn 0.000000 0.000000 -1.000000
vn 0.000000 0.000000 -1.000000
vn 0.000000 0.000000 -1.000000
vn 0.000000 0.000000 -1.000000
vn 0.121865 -0.992547 0.000000
vn 0.121865 -0.992547 0.000000
vn 0.121865 -0.992547 0.000000
vn 0.121865 -0.992547 0.000000
vn 0.121865 -0.992547 0.000000
vn 0.121865 -0.992547 0.000000
vn -0.992546 -0.121872 0.000000
vn -0.992546 -0.121872 0.000000
vn -0.992546 -0.121872 0.000000
vn -0.992546 -0.121873 -0.000002
vn -0.992546 -0.121873 -0.000002
vn -0.992546 -0.121873 -0.000002
vn -0.992546 -0.121872 0.000000
vn -0.992546 -0.121872 0.000000
vn -0.992546 -0.121872 0.000000
vn 0.992546 0.121871 0.000000
vn 0.992546 0.121871 0.000000
vn 0.992546 0.121871 0.000000
vn 0.992546 0.121872 0.000001
vn 0.992546 0.121872 0.000001
vn 0.992546 0.121872 0.000001
vn 0.992546 0.121873 0.000000
vn 0.992546 0.121873 0.000000
vn 0.992546 0.121873 0.000000
vn 0.086171 -0.701834 -0.707109
vn 0.086171 -0.701834 -0.707109
vn 0.086171 -0.701834 -0.707109
vn 0.086171 -0.701834 -0.707109
vn 0.086171 -0.701834 -0.707109
vn 0.086171 -0.701834 -0.707109
vn 0.000000 0.000000 -1.000000
vn 0.000000 0.000000 -1.000000
vn 0.000000 0.000000 -1.000000
vn 0.000000 0.000000 -1.000000
vn 0.000000 0.000000 -1.000000
vn 0.000000 0.000000 -1.000000
vn 0.121883 -0.992544 0.000000
vn 0.121883 -0.992544 0.000000
vn 0.121883 -0.992544 0.000000
vn 0.121883 -0.992544 0.000000
vn 0.121883 -0.992544 0.000000
vn 0.121883 -0.992544 0.000000
vn -0.992547 -0.121865 0.000000
vn -0.992547 -0.121865 0.000000
vn -0.992547 -0.121865 0.000000
vn -0.992546 -0.121872 -0.000017
vn -0.992546 -0.121872 -0.000017
vn -0.992546 -0.121872 -0.000017
vn -0.992547 -0.121865 0.000000
vn -0.992547 -0.121865 0.000000
vn -0.992547 -0.121865 0.000000
vn 0.992546 0.121873 0.000000
vn 0.992546 0.121873 0.000000
vn 0.992546 0.121873 0.000000
vn 0.992546 0.121872 -0.000000
vn 0.992546 0.121872 -0.000000
vn 0.992546 0.121872 -0.000000
vn 0.992546 0.121872 0.000000
vn 0.992546 0.121872 0.000000
vn 0.992546 0.121872 0.000000
vn 0.086185 -0.701838 -0.707103
vn 0.086185 -0.701838 -0.707103
vn 0.086185 -0.701838 -0.707103
vn 0.086172 -0.701835 -0.707109
vn 0.086172 -0.701835 -0.707109
vn 0.086172 -0.701835 -0.707109
vn 0.000000 0.000000 -1.000000
vn 0.000000 0.000000 -1.000000
vn 0.000000 0.000000 -1.000000
vn 0.000000 0.000000 -1.000000
vn 0.000000 0.000000 -1.000000
vn 0.000000 0.000000 -1.000000
vn 0.121865 -0.992547 0.000000
vn 0.121865 -0.992547 0.000000
vn 0.121865 -0.992547 0.000000
vn 0.121865 -0.992547 0.000000
vn 0.121865 -0.992547 0.000000
vn 0.121865 -0.992547 0.000000
vn -0.992546 -0.121872 0.000000
vn -0.992546 -0.121872 0.000000
vn -0.992546 -0.121872 0.000000
vn -0.992546 -0.121873 -0.000002
vn -0.992546 -0.121873 -0.000002
vn -0.992546 -0.121873 -0.000002
vn -0.992546 -0.121872 0.000000
vn -0.992546 -0.121872 0.000000
vn -0.992546 -0.121872 0.000000
vn 0.992546 0.121871 0.000000
vn 0.992546 0.121871 0.000000
vn 0.992546 0.121871 0.000000
vn 0.992546 0.121871 0.000000
vn 0.992546 0.121871 0.000000
vn 0.992546 0.121871 0.000000
vn 0.992546 0.121872 0.000000
vn 0.992546 0.121872 0.000000
vn 0.992546 0.121872 0.000000
vn 0.086171 -0.701834 -0.707109
vn 0.086171 -0.701834 -0.707109
vn 0.086171 -0.701834 -0.707109
vn 0.086171 -0.701834 -0.707109
vn 0.086171 -0.701834 -0.707109
vn 0.086171 -0.701834 -0.707109
vn 0.145123 -0.989414 0.000000
vn 0.145123 -0.989414 0.000000
vn 0.145123 -0.989414 0.000000
vn 0.145123 -0.989414 0.000000
vn 0.145123 -0.989414 0.000000
vn 0.145123 -0.989414 0.000000
vn 0.989413 0.145130 0.000000
vn 0.989413 0.145130 0.000000
vn 0.989413 0.145130 0.000000
vn 0.989413 0.145130 0.000000
vn 0.989413 0.145130 0.000000
vn 0.989413 0.145130 0.000000
vn 0.000000 0.000000 1.000000
vn 0.000000 0.000000 1.000000
vn 0.000000 0.000000 1.000000
vn 0.000000 0.000000 1.000000
vn 0.000000 0.000000 1.000000
vn 0.000000 0.000000 1.000000
vn -0.989413 -0.145130 0.000000
vn -0.989413 -0.145130 0.000000
vn -0.989413 -0.145130 0.000000
vn -0.989413 -0.145130 0.000000
vn -0.989413 -0.145130 0.000000
vn -0.989413 -0.145130 0.000000
vn 0.145123 -0.989414 0.000000
vn 0.145123 -0.989414 0.000000
vn 0.145123 -0.989414 0.000000
vn 0.145123 -0.989414 0.000000
vn 0.145123 -0.989414 0.000000
vn 0.145123 -0.989414 0.000000
vn -0.989413 -0.145128 0.000000
vn -0.989413 -0.145128 0.000000
vn -0.989413 -0.145128 0.000000
vn -0.989413 -0.145128 0.000000
vn -0.989413 -0.145128 0.000000
vn -0.989413 -0.145128 0.000000
vn 0.989413 0.145128 0.000000
vn 0.989413 0.145128 0.000000
vn 0.989413 0.145128 0.000000
vn 0.989413 0.145128 0.000000
vn 0.989413 0.145128 0.000000
vn 0.989413 0.145128 0.000000
vn 0.000000 0.000000 1.000000
vn 0.000000 0.000000 1.000000
vn 0.000000 0.000000 1.000000
vn 0.000000 0.000000 1.000000
vn 0.000000 0.000000 1.000000
vn 0.000000 0.000000 1.000000
vn 0.000000 0.000000 1.000000
vn 0.000000 0.000000 1.000000
vn 0.000000 0.000000 1.000000
vn 0.000000 0.000000 1.000000
vn 0.000000 0.000000 1.000000
vn 0.000000 0.000000 1.000000
vn 0.000000 0.000000 1.000000
vn 0.000000 0.000000 1.000000
vn 0.000000 0.000000 1.000000
vn 0.000000 0.000000 1.000000
vn 0.000000 0.000000 1.000000
vn 0.000000 0.000000 1.000000
vn 0.154400 -0.988008 0.000006
vn 0.154400 -0.988008 0.000006
vn 0.154400 -0.988008 0.000006
vn 0.154399 -0.988009 0.000006
vn 0.154399 -0.988009 0.000006
vn 0.154399 -0.988009 0.000006
vn 0.000001 -0.000004 -1.000000
vn 0.000001 -0.000004 -1.000000
vn 0.000001 -0.000004 -1.000000
vn 0.000001 -0.000004 -1.000000
vn 0.000001 -0.000004 -1.000000
vn 0.000001 -0.000004 -1.000000
vn 0.938397 -0.345560 0.000003
vn 0.938397 -0.345560 0.000003
vn 0.938397 -0.345560 0.000003
vn 0.938395 -0.345564 0.000002
vn 0.938395 -0.345564 0.000002
vn 0.938395 -0.345564 0.000002
vn -0.810820 -0.585296 0.000003
vn -0.810820 -0.585296 0.000003
vn -0.810820 -0.585296 0.000003
vn -0.810822 -0.585294 0.000002
vn -0.810822 -0.585294 0.000002
vn -0.810822 -0.585294 0.000002
vn 0.086696 -0.554772 -0.827473
vn 0.086696 -0.554772 -0.827473
vn 0.086696 -0.554772 -0.827473
vn 0.086696 -0.554777 -0.827470
vn 0.086696 -0.554777 -0.827470
vn 0.086696 -0.554777 -0.827470
vn 0.526910 -0.194036 -0.827475
vn 0.526910 -0.194036 -0.827475
vn 0.526910 -0.194036 -0.827475
vn 0.526915 -0.194041 -0.827471
vn 0.526915 -0.194041 -0.827471
vn 0.526915 -0.194041 -0.827471
vn -0.455284 -0.328653 -0.827468
vn -0.455284 -0.328653 -0.827468
vn -0.455284 -0.328653 -0.827468
vn -0.455272 -0.328650 -0.827476
vn -0.455272 -0.328650 -0.827476
vn -0.455272 -0.328650 -0.827476
vn -0.480981 -0.347195 0.805054
vn -0.480981 -0.347195 0.805054
vn -0.480981 -0.347195 0.805054
vn -0.480983 -0.347196 0.805053
vn -0.480983 -0.347196 0.805053
vn -0.480983 -0.347196 0.805053
vn 0.091587 -0.586078 0.805062
vn 0.091587 -0.586078 0.805062
vn 0.091587 -0.586078 0.805062
vn 0.091587 -0.586077 0.805062
vn 0.091587 -0.586077 0.805062
vn 0.091587 -0.586077 0.805062
vn 0.556657 -0.204982 0.805056
vn 0.556657 -0.204982 0.805056
vn 0.556657 -0.204982 0.805056
vn 0.556657 -0.204982 0.805056
vn 0.556657 -0.204982 0.805056
vn 0.556657 -0.204982 0.805056
vn -0.626969 -0.452575 0.634103
vn -0.626969 -0.452575 0.634103
vn -0.626969 -0.452575 0.634103
vn -0.617334 -0.435392 0.655235
vn -0.617334 -0.435392 0.655235
vn -0.617334 -0.435392 0.655235
vn 0.109178 -0.696181 0.709516
vn 0.109178 -0.696181 0.709516
vn 0.109178 -0.696181 0.709516
vn 0.109111 -0.698213 0.707527
vn 0.109111 -0.698213 0.707527
vn 0.109111 -0.698213 0.707527
vn 0.708559 -0.252145 0.659065
vn 0.708559 -0.252145 0.659065
vn 0.708559 -0.252145 0.659065
vn 0.722839 -0.266176 0.637694
vn 0.722839 -0.266176 0.637694
vn 0.722839 -0.266176 0.637694
vn -0.417166 -0.301126 0.857494
vn -0.417166 -0.301126 0.857494
vn -0.417166 -0.301126 0.857494
vn -0.417167 -0.301128 0.857493
vn -0.417167 -0.301128 0.857493
vn -0.417167 -0.301128 0.857493
vn 0.079437 -0.508324 0.857494
vn 0.079437 -0.508324 0.857494
vn 0.079437 -0.508324 0.857494
vn 0.079435 -0.508318 0.857498
vn 0.079435 -0.508318 0.857498
vn 0.079435 -0.508318 0.857498
vn 0.482804 -0.177784 0.857493
vn 0.482804 -0.177784 0.857493
vn 0.482804 -0.177784 0.857493
vn 0.482801 -0.177785 0.857494
vn 0.482801 -0.177785 0.857494
vn 0.482801 -0.177785 0.857494
vn -0.398968 -0.287991 0.870566
vn -0.398968 -0.287991 0.870566
vn -0.398968 -0.287991 0.870566
vn 0.075687 -0.484330 0.871605
vn 0.075687 -0.484330 0.871605
vn 0.075687 -0.484330 0.871605
vn 0.075686 -0.484329 0.871606
vn 0.075686 -0.484329 0.871606
vn 0.075686 -0.484329 0.871606
vn 0.461741 -0.170030 0.870566
vn 0.461741 -0.170030 0.870566
vn 0.461741 -0.170030 0.870566
vn 0.154366 -0.987699 -0.024951
vn 0.154366 -0.987699 -0.024951
vn 0.154366 -0.987699 -0.024951
vn 0.154361 -0.987700 -0.024939
vn 0.154361 -0.987700 -0.024939
vn 0.154361 -0.987700 -0.024939
vn 0.099052 -0.633799 -0.767130
vn 0.099052 -0.633799 -0.767130
vn 0.099052 -0.633799 -0.767130
vn 0.099052 -0.633799 -0.767130
vn 0.099052 -0.633799 -0.767130
vn 0.099052 -0.633799 -0.767130
vn 0.987997 0.154475 0.000132
vn 0.987997 0.154475 0.000132
vn 0.987997 0.154475 0.000132
vn 0.988023 0.154308 -0.000093
vn 0.988023 0.154308 -0.000093
vn 0.988023 0.154308 -0.000093
vn -0.988011 -0.154383 0.000009
vn -0.988011 -0.154383 0.000009
vn -0.988011 -0.154383 0.000009
vn -0.988013 -0.154371 0.000022
vn -0.988013 -0.154371 0.000022
vn -0.988013 -0.154371 0.000022
vn -0.988010 -0.154391 0.000001
vn -0.988010 -0.154391 0.000001
vn -0.988010 -0.154391 0.000001
vn 0.122121 -0.781572 -0.611745
vn 0.122121 -0.781572 -0.611745
vn 0.122121 -0.781572 -0.611745
vn 0.122144 -0.781557 -0.611759
vn 0.122144 -0.781557 -0.611759
vn 0.122144 -0.781557 -0.611759
vn 0.062579 -0.400420 -0.914192
vn 0.062579 -0.400420 -0.914192
vn 0.062579 -0.400420 -0.914192
vn 0.062569 -0.400440 -0.914184
vn 0.062569 -0.400440 -0.914184
vn 0.062569 -0.400440 -0.914184
vn 0.142985 -0.915100 -0.377024
vn 0.142985 -0.915100 -0.377024
vn 0.142985 -0.915100 -0.377024
vn 0.142985 -0.915100 -0.377024
vn 0.142985 -0.915100 -0.377024
vn 0.142985 -0.915100 -0.377024
vn 0.059106 -0.378274 -0.923805
vn 0.059106 -0.378274 -0.923805
vn 0.059106 -0.378274 -0.923805
vn 0.059113 -0.378245 -0.923816
vn 0.059113 -0.378245 -0.923816
vn 0.059113 -0.378245 -0.923816
vn 0.111465 -0.713374 -0.691862
vn 0.111465 -0.713374 -0.691862
vn 0.111465 -0.713374 -0.691862
vn 0.111465 -0.713374 -0.691862
vn 0.111465 -0.713374 -0.691862
vn 0.111465 -0.713374 -0.691862
vn 0.154335 -0.987704 -0.024939
vn 0.154335 -0.987704 -0.024939
vn 0.154335 -0.987704 -0.024939
vn 0.154330 -0.987705 -0.024927
vn 0.154330 -0.987705 -0.024927
vn 0.154330 -0.987705 -0.024927
vn 0.099032 -0.633801 -0.767130
vn 0.099032 -0.633801 -0.767130
vn 0.099032 -0.633801 -0.767130
vn 0.099032 -0.633801 -0.767130
vn 0.099032 -0.633801 -0.767130
vn 0.099032 -0.633801 -0.767130
vn 0.988019 0.154333 -0.000051
vn 0.988019 0.154333 -0.000051
vn 0.988019 0.154333 -0.000051
vn 0.988015 0.154358 -0.000017
vn 0.988015 0.154358 -0.000017
vn 0.988015 0.154358 -0.000017
vn -0.988005 -0.154425 -0.000029
vn -0.988005 -0.154425 -0.000029
vn -0.988005 -0.154425 -0.000029
vn -0.988015 -0.154355 0.000046
vn -0.988015 -0.154355 0.000046
vn -0.988015 -0.154355 0.000046
vn -0.988009 -0.154399 0.000001
vn -0.988009 -0.154399 0.000001
vn -0.988009 -0.154399 0.000001
vn 0.122144 -0.781557 -0.611759
vn 0.122144 -0.781557 -0.611759
vn 0.122144 -0.781557 -0.611759
vn 0.122121 -0.781572 -0.611745
vn 0.122121 -0.781572 -0.611745
vn 0.122121 -0.781572 -0.611745
vn 0.062570 -0.400442 -0.914183
vn 0.062570 -0.400442 -0.914183
vn 0.062570 -0.400442 -0.914183
vn 0.062579 -0.400423 -0.914191
vn 0.062579 -0.400423 -0.914191
vn 0.062579 -0.400423 -0.914191
vn 0.143014 -0.915096 -0.377024
vn 0.143014 -0.915096 -0.377024
vn 0.143014 -0.915096 -0.377024
vn 0.143018 -0.915092 -0.377030
vn 0.143018 -0.915092 -0.377030
vn 0.143018 -0.915092 -0.377030
vn 0.059114 -0.378250 -0.923814
vn 0.059114 -0.378250 -0.923814
vn 0.059114 -0.378250 -0.923814
vn 0.059114 -0.378250 -0.923814
vn 0.059114 -0.378250 -0.923814
vn 0.059114 -0.378250 -0.923814
vn 0.111492 -0.713370 -0.691862
vn 0.111492 -0.713370 -0.691862
vn 0.111492 -0.713370 -0.691862
vn 0.111487 -0.713363 -0.691870
vn 0.111487 -0.713363 -0.691870
vn 0.111487 -0.713363 -0.691870
vn 0.154361 -0.987700 -0.024939
vn 0.154361 -0.987700 -0.024939
vn 0.154361 -0.987700 -0.024939
vn 0.154361 -0.987700 -0.024939
vn 0.154361 -0.987700 -0.024939
vn 0.154361 -0.987700 -0.024939
vn 0.099055 -0.633798 -0.767130
vn 0.099055 -0.633798 -0.767130
vn 0.099055 -0.633798 -0.767130
vn 0.099055 -0.633798 -0.767130
vn 0.099055 -0.633798 -0.767130
vn 0.099055 -0.633798 -0.767130
vn 0.988006 0.154417 0.000000
vn 0.988006 0.154417 0.000000
vn 0.988006 0.154417 0.000000
vn 0.988008 0.154405 -0.000016
vn 0.988008 0.154405 -0.000016
vn 0.988008 0.154405 -0.000016
vn -0.988011 -0.154383 0.000009
vn -0.988011 -0.154383 0.000009
vn -0.988011 -0.154383 0.000009
vn -0.988020 -0.154328 0.000067
vn -0.988020 -0.154328 0.000067
vn -0.988020 -0.154328 0.000067
vn -0.988009 -0.154397 -0.000005
vn -0.988009 -0.154397 -0.000005
vn -0.988009 -0.154397 -0.000005
vn 0.122121 -0.781572 -0.611745
vn 0.122121 -0.781572 -0.611745
vn 0.122121 -0.781572 -0.611745
vn 0.122148 -0.781555 -0.611762
vn 0.122148 -0.781555 -0.611762
vn 0.122148 -0.781555 -0.611762
vn 0.062579 -0.400423 -0.914191
vn 0.062579 -0.400423 -0.914191
vn 0.062579 -0.400423 -0.914191
vn 0.062571 -0.400439 -0.914184
vn 0.062571 -0.400439 -0.914184
vn 0.062571 -0.400439 -0.914184
vn 0.142990 -0.915100 -0.377024
vn 0.142990 -0.915100 -0.377024
vn 0.142990 -0.915100 -0.377024
vn 0.142990 -0.915100 -0.377024
vn 0.142990 -0.915100 -0.377024
vn 0.142990 -0.915100 -0.377024
vn 0.059110 -0.378223 -0.923826
vn 0.059110 -0.378223 -0.923826
vn 0.059110 -0.378223 -0.923826
vn 0.059102 -0.378252 -0.923814
vn 0.059102 -0.378252 -0.923814
vn 0.059102 -0.378252 -0.923814
vn 0.111469 -0.713374 -0.691861
vn 0.111469 -0.713374 -0.691861
vn 0.111469 -0.713374 -0.691861
vn 0.111495 -0.713416 -0.691814
vn 0.111495 -0.713416 -0.691814
vn 0.111495 -0.713416 -0.691814
vn 0.132286 -0.991212 0.000000
vn 0.132286 -0.991212 0.000000
vn 0.132286 -0.991212 0.000000
vn 0.132286 -0.991212 0.000000
vn 0.132286 -0.991212 0.000000
vn 0.132286 -0.991212 0.000000
vn 0.132285 -0.991212 0.000000
vn 0.132285 -0.991212 0.000000
vn 0.132285 -0.991212 0.000000
vn 0.132286 -0.991212 -0.000000
vn 0.132286 -0.991212 -0.000000
vn 0.132286 -0.991212 -0.000000
vn 0.132131 -0.991232 0.000000
vn 0.132131 -0.991232 0.000000
vn 0.132131 -0.991232 0.000000
vn 0.132126 -0.991233 0.000002
vn 0.132126 -0.991233 0.000002
vn 0.132126 -0.991233 0.000002
vn 0.132131 -0.991232 0.000000
vn 0.132131 -0.991232 0.000000
vn 0.132131 -0.991232 0.000000
vn 0.132131 -0.991232 0.000000
vn 0.132131 -0.991232 0.000000
vn 0.132131 -0.991232 0.000000
vn 0.132286 -0.991212 0.000000
vn 0.132286 -0.991212 0.000000
vn 0.132286 -0.991212 0.000000
vn 0.132286 -0.991212 0.000000
vn 0.132286 -0.991212 0.000000
vn 0.132286 -0.991212 0.000000
vn 0.132282 -0.991212 -0.000000
vn 0.132282 -0.991212 -0.000000
vn 0.132282 -0.991212 -0.000000
vn 0.132281 -0.991212 0.000000
vn 0.132281 -0.991212 0.000000
vn 0.132281 -0.991212 0.000000
vn 0.132127 -0.991233 -0.000000
vn 0.132127 -0.991233 -0.000000
vn 0.132127 -0.991233 -0.000000
vn 0.132126 -0.991233 0.000000
vn 0.132126 -0.991233 0.000000
vn 0.132126 -0.991233 0.000000
vn 0.132131 -0.991232 -0.000000
vn 0.132131 -0.991232 -0.000000
vn 0.132131 -0.991232 -0.000000
vn 0.132131 -0.991232 -0.000000
vn 0.132131 -0.991232 -0.000000
vn 0.132131 -0.991232 -0.000000
vn 0.132132 -0.991232 0.000000
vn 0.132132 -0.991232 0.000000
vn 0.132132 -0.991232 0.000000
vn 0.132132 -0.991232 -0.000000
vn 0.132132 -0.991232 -0.000000
vn 0.132132 -0.991232 -0.000000
vn 0.135755 -0.990742 0.000002
vn 0.135755 -0.990742 0.000002
vn 0.135755 -0.990742 0.000002
vn 0.135760 -0.990742 0.000000
vn 0.135760 -0.990742 0.000000
vn 0.135760 -0.990742 0.000000
vn 0.135761 -0.990742 -0.000000
vn 0.135761 -0.990742 -0.000000
vn 0.135761 -0.990742 -0.000000
vn 0.135756 -0.990742 0.000002
vn 0.135756 -0.990742 0.000002
vn 0.135756 -0.990742 0.000002
vn 0.133498 -0.991049 0.000000
vn 0.133498 -0.991049 0.000000
vn 0.133498 -0.991049 0.000000
vn 0.133498 -0.991049 -0.000000
vn 0.133498 -0.991049 -0.000000
vn 0.133498 -0.991049 -0.000000
vn 0.133498 -0.991049 0.000000
vn 0.133498 -0.991049 0.000000
vn 0.133498 -0.991049 0.000000
vn 0.133498 -0.991049 0.000000
vn 0.133498 -0.991049 0.000000
vn 0.133498 -0.991049 0.000000
vn 0.133498 -0.991049 -0.000000
vn 0.133498 -0.991049 -0.000000
vn 0.133498 -0.991049 -0.000000
vn 0.133498 -0.991049 0.000000
vn 0.133498 -0.991049 0.000000
vn 0.133498 -0.991049 0.000000
vn 0.133498 -0.991049 0.000000
vn 0.133498 -0.991049 0.000000
vn 0.133498 -0.991049 0.000000
vn 0.133498 -0.991049 0.000000
vn 0.133498 -0.991049 0.000000
vn 0.133498 -0.991049 0.000000
vn 0.133498 -0.991049 0.000000
vn 0.133498 -0.991049 0.000000
vn 0.133498 -0.991049 0.000000
vn 0.133498 -0.991049 0.000000
vn 0.133498 -0.991049 0.000000
vn 0.133498 -0.991049 0.000000
vn 0.133498 -0.991049 0.000000
vn 0.133498 -0.991049 0.000000
vn 0.133498 -0.991049 0.000000
vn 0.133498 -0.991049 0.000000
vn 0.133498 -0.991049 0.000000
vn 0.133498 -0.991049 0.000000
vn 0.133497 -0.991049 0.000000
vn 0.133497 -0.991049 0.000000
vn 0.133497 -0.991049 0.000000
vn 0.133497 -0.991049 0.000000
vn 0.133497 -0.991049 0.000000
vn 0.133497 -0.991049 0.000000
vn 0.133492 -0.991050 0.000000
vn 0.133492 -0.991050 0.000000
vn 0.133492 -0.991050 0.000000
vn 0.133497 -0.991049 -0.000002
vn 0.133497 -0.991049 -0.000002
vn 0.133497 -0.991049 -0.000002
vn 0.154400 -0.988008 0.000002
vn 0.154400 -0.988008 0.000002
vn 0.154400 -0.988008 0.000002
vn 0.154400 -0.988008 0.000002
vn 0.154400 -0.988008 0.000002
vn 0.154400 -0.988008 0.000002
vn 0.154405 -0.988008 0.000002
vn 0.154405 -0.988008 0.000002
vn 0.154405 -0.988008 0.000002
vn 0.154400 -0.988008 0.000004
vn 0.154400 -0.988008 0.000004
vn 0.154400 -0.988008 0.000004
vn 0.154399 -0.988008 0.000009
vn 0.154399 -0.988008 0.000009
vn 0.154399 -0.988008 0.000009
vn 0.154403 -0.988008 0.000007
vn 0.154403 -0.988008 0.000007
vn 0.154403 -0.988008 0.000007
vn 0.154399 -0.988009 0.000006
vn 0.154399 -0.988009 0.000006
vn 0.154399 -0.988009 0.000006
vn 0.154398 -0.988009 0.000007
vn 0.154398 -0.988009 0.000007
vn 0.154398 -0.988009 0.000007
vn 0.154394 -0.988009 0.000004
vn 0.154394 -0.988009 0.000004
vn 0.154394 -0.988009 0.000004
vn 0.154395 -0.988009 0.000005
vn 0.154395 -0.988009 0.000005
vn 0.154395 -0.988009 0.000005
vn 0.154399 -0.988009 0.000006
vn 0.154399 -0.988009 0.000006
vn 0.154399 -0.988009 0.000006
vn 0.154395 -0.988009 0.000005
vn 0.154395 -0.988009 0.000005
vn 0.154395 -0.988009 0.000005
vn 0.154394 -0.988009 0.000002
vn 0.154394 -0.988009 0.000002
vn 0.154394 -0.988009 0.000002
vn 0.154393 -0.988010 0.000002
vn 0.154393 -0.988010 0.000002
vn 0.154393 -0.988010 0.000002
vn 0.154393 -0.988009 0.000000
vn 0.154393 -0.988009 0.000000
vn 0.154393 -0.988009 0.000000
vn 0.154393 -0.988009 0.000000
vn 0.154393 -0.988009 0.000000
vn 0.154393 -0.988009 0.000000
vn 0.120784 -0.992679 0.000000
vn 0.120784 -0.992679 0.000000
vn 0.120784 -0.992679 0.000000
vn 0.120785 -0.992679 0.000000
vn 0.120785 -0.992679 0.000000
vn 0.120785 -0.992679 0.000000
vn 0.120784 -0.992679 0.000000
vn 0.120784 -0.992679 0.000000
vn 0.120784 -0.992679 0.000000
vn 0.120784 -0.992679 0.000000
vn 0.120784 -0.992679 0.000000
vn 0.120784 -0.992679 0.000000
vn 0.120785 -0.992679 0.000000
vn 0.120785 -0.992679 0.000000
vn 0.120785 -0.992679 0.000000
vn 0.120785 -0.992679 0.000000
vn 0.120785 -0.992679 0.000000
vn 0.120785 -0.992679 0.000000
vn 0.120785 -0.992679 -0.000000
vn 0.120785 -0.992679 -0.000000
vn 0.120785 -0.992679 -0.000000
vn 0.120789 -0.992678 -0.000002
vn 0.120789 -0.992678 -0.000002
vn 0.120789 -0.992678 -0.000002
vn 0.120785 -0.992679 0.000000
vn 0.120785 -0.992679 0.000000
vn 0.120785 -0.992679 0.000000
vn 0.120785 -0.992679 0.000000
vn 0.120785 -0.992679 0.000000
vn 0.120785 -0.992679 0.000000
vn 0.120784 -0.992679 0.000000
vn 0.120784 -0.992679 0.000000
vn 0.120784 -0.992679 0.000000
vn 0.120784 -0.992679 0.000000
vn 0.120784 -0.992679 0.000000
vn 0.120784 -0.992679 0.000000
vn 0.120790 -0.992678 0.000000
vn 0.120790 -0.992678 0.000000
vn 0.120790 -0.992678 0.000000
vn 0.120790 -0.992678 0.000000
vn 0.120790 -0.992678 0.000000
vn 0.120790 -0.992678 0.000000
vn 0.120789 -0.992678 0.000000
vn 0.120789 -0.992678 0.000000
vn 0.120789 -0.992678 0.000000
vn 0.120789 -0.992678 0.000000
vn 0.120789 -0.992678 0.000000
vn 0.120789 -0.992678 0.000000
vn 0.000000 0.000000 1.000000
vn 0.000000 0.000000 1.000000
vn 0.000000 0.000000 1.000000
vn 0.000000 0.000000 1.000000
vn 0.000000 0.000000 1.000000
vn 0.000000 0.000000 1.000000
vn -0.991211 -0.132294 0.000000
vn -0.991211 -0.132294 0.000000
vn -0.991211 -0.132294 0.000000
vn -0.991211 -0.132294 0.000000
vn -0.991211 -0.132294 0.000000
vn -0.991211 -0.132294 0.000000
vn 0.000000 0.000000 -1.000000
vn 0.000000 0.000000 -1.000000
vn 0.000000 0.000000 -1.000000
vn 0.000000 0.000000 -1.000000
vn 0.000000 0.000000 -1.000000
vn 0.000000 0.000000 -1.000000
vn 0.991211 0.132294 0.000002
vn 0.991211 0.132294 0.000002
vn 0.991211 0.132294 0.000002
vn 0.991211 0.132294 0.000002
vn 0.991211 0.132294 0.000002
vn 0.991211 0.132294 0.000002
vn 0.000000 0.000000 1.000000
vn 0.000000 0.000000 1.000000
vn 0.000000 0.000000 1.000000
vn 0.000000 0.000000 1.000000
vn 0.000000 0.000000 1.000000
vn 0.000000 0.000000 1.000000
vn -0.991213 -0.132275 0.000002
vn -0.991213 -0.132275 0.000002
vn -0.991213 -0.132275 0.000002
vn -0.991211 -0.132294 0.000000
vn -0.991211 -0.132294 0.000000
vn -0.991211 -0.132294 0.000000
vn 0.000000 0.000000 -1.000000
vn 0.000000 0.000000 -1.000000
vn 0.000000 0.000000 -1.000000
vn 0.000000 0.000000 -1.000000
vn 0.000000 0.000000 -1.000000
vn 0.000000 0.000000 -1.000000
vn 0.991211 0.132294 0.000002
vn 0.991211 0.132294 0.000002
vn 0.991211 0.132294 0.000002
vn 0.991211 0.132294 0.000002
vn 0.991211 0.132294 0.000002
vn 0.991211 0.132294 0.000002
vn 0.000000 0.000000 1.000000
vn 0.000000 0.000000 1.000000
vn 0.000000 0.000000 1.000000
vn 0.000000 0.000000 1.000000
vn 0.000000 0.000000 1.000000
vn 0.000000 0.000000 1.000000
vn -0.991231 -0.132139 0.000000
vn -0.991231 -0.132139 0.000000
vn -0.991231 -0.132139 0.000000
vn -0.991233 -0.132122 -0.000002
vn -0.991233 -0.132122 -0.000002
vn -0.991233 -0.132122 -0.000002
vn 0.000000 0.000000 -1.000000
vn 0.000000 0.000000 -1.000000
vn 0.000000 0.000000 -1.000000
vn 0.000000 0.000000 -1.000000
vn 0.000000 0.000000 -1.000000
vn 0.000000 0.000000 -1.000000
vn 0.991233 0.132122 0.000000
vn 0.991233 0.132122 0.000000
vn 0.991233 0.132122 0.000000
vn 0.991231 0.132141 0.000002
vn 0.991231 0.132141 0.000002
vn 0.991231 0.132141 0.000002
vn 0.000000 0.000000 1.000000
vn 0.000000 0.000000 1.000000
vn 0.000000 0.000000 1.000000
vn 0.000000 0.000000 1.000000
vn 0.000000 0.000000 1.000000
vn 0.000000 0.000000 1.000000
vn -0.991233 -0.132122 0.000000
vn -0.991233 -0.132122 0.000000
vn -0.991233 -0.132122 0.000000
vn -0.991233 -0.132122 0.000000
vn -0.991233 -0.132122 0.000000
vn -0.991233 -0.132122 0.000000
vn 0.000000 0.000000 -1.000000
vn 0.000000 0.000000 -1.000000
vn 0.000000 0.000000 -1.000000
vn 0.000000 0.000000 -1.000000
vn 0.000000 0.000000 -1.000000
vn 0.000000 0.000000 -1.000000
vn 0.991233 0.132122 0.000000
vn 0.991233 0.132122 0.000000
vn 0.991233 0.132122 0.000000
vn 0.991233 0.132122 0.000000
vn 0.991233 0.132122 0.000000
vn 0.991233 0.132122 0.000000
vn 0.000000 0.000000 1.000000
vn 0.000000 0.000000 1.000000
vn 0.000000 0.000000 1.000000
vn 0.000000 0.000000 1.000000
vn 0.000000 0.000000 1.000000
vn 0.000000 0.000000 1.000000
vn -0.991211 -0.132294 0.000002
vn -0.991211 -0.132294 0.000002
vn -0.991211 -0.132294 0.000002
vn -0.991213 -0.132275 0.000000
vn -0.991213 -0.132275 0.000000
vn -0.991213 -0.132275 0.000000
vn 0.000000 0.000000 -1.000000
vn 0.000000 0.000000 -1.000000
vn 0.000000 0.000000 -1.000000
vn 0.000000 0.000000 -1.000000
vn 0.000000 0.000000 -1.000000
vn 0.000000 0.000000 -1.000000
vn 0.991211 0.132294 0.000000
vn 0.991211 0.132294 0.000000
vn 0.991211 0.132294 0.000000
vn 0.991211 0.132294 0.000000
vn 0.991211 0.132294 0.000000
vn 0.991211 0.132294 0.000000
vn 0.000000 0.000000 1.000000
vn 0.000000 0.000000 1.000000
vn 0.000000 0.000000 1.000000
vn 0.000000 0.000000 1.000000
vn 0.000000 0.000000 1.000000
vn 0.000000 0.000000 1.000000
vn -0.991213 -0.132275 0.000000
vn -0.991213 -0.132275 0.000000
vn -0.991213 -0.132275 0.000000
vn -0.991213 -0.132275 0.000000
vn -0.991213 -0.132275 0.000000
vn -0.991213 -0.132275 0.000000
vn 0.000000 0.000000 -1.000000
vn 0.000000 0.000000 -1.000000
vn 0.000000 0.000000 -1.000000
vn 0.000000 0.000000 -1.000000
vn 0.000000 0.000000 -1.000000
vn 0.000000 0.000000 -1.000000
vn 0.991211 0.132294 0.000000
vn 0.991211 0.132294 0.000000
vn 0.991211 0.132294 0.000000
vn 0.991213 0.132275 -0.000002
vn 0.991213 0.132275 -0.000002
vn 0.991213 0.132275 -0.000002
vn 0.000000 0.000000 1.000000
vn 0.000000 0.000000 1.000000
vn 0.000000 0.000000 1.000000
vn 0.000000 0.000000 1.000000
vn 0.000000 0.000000 1.000000
vn 0.000000 0.000000 1.000000
vn -0.991231 -0.132141 0.000000
vn -0.991231 -0.132141 0.000000
vn -0.991231 -0.132141 0.000000
vn -0.991231 -0.132141 0.000000
vn -0.991231 -0.132141 0.000000
vn -0.991231 -0.132141 0.000000
vn 0.000000 0.000000 -1.000000
vn 0.000000 0.000000 -1.000000
vn 0.000000 0.000000 -1.000000
vn 0.000000 0.000000 -1.000000
vn 0.000000 0.000000 -1.000000
vn 0.000000 0.000000 -1.000000
vn 0.991233 0.132122 -0.000002
vn 0.991233 0.132122 -0.000002
vn 0.991233 0.132122 -0.000002
vn 0.991233 0.132122 -0.000002
vn 0.991233 0.132122 -0.000002
vn 0.991233 0.132122 -0.000002
vn 0.000000 0.000000 1.000000
vn 0.000000 0.000000 1.000000
vn 0.000000 0.000000 1.000000
vn 0.000000 0.000000 1.000000
vn 0.000000 0.000000 1.000000
vn 0.000000 0.000000 1.000000
vn -0.991233 -0.132122 0.000002
vn -0.991233 -0.132122 0.000002
vn -0.991233 -0.132122 0.000002
vn -0.991231 -0.132139 0.000000
vn -0.991231 -0.132139 0.000000
vn -0.991231 -0.132139 0.000000
vn 0.000000 0.000000 -1.000000
vn 0.000000 0.000000 -1.000000
vn 0.000000 0.000000 -1.000000
vn 0.000000 0.000000 -1.000000
vn 0.000000 0.000000 -1.000000
vn 0.000000 0.000000 -1.000000
vn 0.991233 0.132122 -0.000002
vn 0.991233 0.132122 -0.000002
vn 0.991233 0.132122 -0.000002
vn 0.991233 0.132122 -0.000002
vn 0.991233 0.132122 -0.000002
vn 0.991233 0.132122 -0.000002
vn 0.000000 0.000000 1.000000
vn 0.000000 0.000000 1.000000
vn 0.000000 0.000000 1.000000
vn 0.000000 0.000000 1.000000
vn 0.000000 0.000000 1.000000
vn 0.000000 0.000000 1.000000
vn -0.990743 -0.135754 0.000000
vn -0.990743 -0.135754 0.000000
vn -0.990743 -0.135754 0.000000
vn -0.990743 -0.135754 0.000000
vn -0.990743 -0.135754 0.000000
vn -0.990743 -0.135754 0.000000
vn 0.000000 0.000000 -1.000000
vn 0.000000 0.000000 -1.000000
vn 0.000000 0.000000 -1.000000
vn 0.000000 0.000000 -1.000000
vn 0.000000 0.000000 -1.000000
vn 0.000000 0.000000 -1.000000
vn 0.990742 0.135757 0.000001
vn 0.990742 0.135757 0.000001
vn 0.990742 0.135757 0.000001
vn 0.990744 0.135745 -0.000000
vn 0.990744 0.135745 -0.000000
vn 0.990744 0.135745 -0.000000
vn 0.000000 0.000000 1.000000
vn 0.000000 0.000000 1.000000
vn 0.000000 0.000000 1.000000
vn 0.000000 0.000000 1.000000
vn 0.000000 0.000000 1.000000
vn 0.000000 0.000000 1.000000
vn -0.990743 -0.135754 0.000002
vn -0.990743 -0.135754 0.000002
vn -0.990743 -0.135754 0.000002
vn -0.990743 -0.135747 0.000001
vn -0.990743 -0.135747 0.000001
vn -0.990743 -0.135747 0.000001
vn 0.000000 0.000000 -1.000000
vn 0.000000 0.000000 -1.000000
vn 0.000000 0.000000 -1.000000
vn 0.000000 0.000000 -1.000000
vn 0.000000 0.000000 -1.000000
vn 0.000000 0.000000 -1.000000
vn 0.990743 0.135747 -0.000001
vn 0.990743 0.135747 -0.000001
vn 0.990743 0.135747 -0.000001
vn 0.990743 0.135747 -0.000001
vn 0.990743 0.135747 -0.000001
vn 0.990743 0.135747 -0.000001
vn 0.000000 0.000000 1.000000
vn 0.000000 0.000000 1.000000
vn 0.000000 0.000000 1.000000
vn 0.000000 0.000000 1.000000
vn 0.000000 0.000000 1.000000
vn 0.000000 0.000000 1.000000
vn -0.991050 -0.133494 0.000000
vn -0.991050 -0.133494 0.000000
vn -0.991050 -0.133494 0.000000
vn -0.991047 -0.133513 0.000002
vn -0.991047 -0.133513 0.000002
vn -0.991047 -0.133513 0.000002
vn 0.000000 0.000000 -1.000000
vn 0.000000 0.000000 -1.000000
vn 0.000000 0.000000 -1.000000
vn 0.000000 0.000000 -1.000000
vn 0.000000 0.000000 -1.000000
vn 0.000000 0.000000 -1.000000
vn 0.991050 0.133494 0.000000
vn 0.991050 0.133494 0.000000
vn 0.991050 0.133494 0.000000
vn 0.991050 0.133494 0.000000
vn 0.991050 0.133494 0.000000
vn 0.991050 0.133494 0.000000
vn 0.000000 0.000000 1.000000
vn 0.000000 0.000000 1.000000
vn 0.000000 0.000000 1.000000
vn 0.000000 0.000000 1.000000
vn 0.000000 0.000000 1.000000
vn 0.000000 0.000000 1.000000
vn -0.991050 -0.133494 0.000000
vn -0.991050 -0.133494 0.000000
vn -0.991050 -0.133494 0.000000
vn -0.991050 -0.133494 0.000000
vn -0.991050 -0.133494 0.000000
vn -0.991050 -0.133494 0.000000
vn 0.000000 0.000000 -1.000000
vn 0.000000 0.000000 -1.000000
vn 0.000000 0.000000 -1.000000
vn 0.000000 0.000000 -1.000000
vn 0.000000 0.000000 -1.000000
vn 0.000000 0.000000 -1.000000
vn 0.991049 0.133497 0.000000
vn 0.991049 0.133497 0.000000
vn 0.991049 0.133497 0.000000
vn 0.991050 0.133494 0.000000
vn 0.991050 0.133494 0.000000
vn 0.991050 0.133494 0.000000
vn 0.000000 0.000000 1.000000
vn 0.000000 0.000000 1.000000
vn 0.000000 0.000000 1.000000
vn 0.000000 0.000000 1.000000
vn 0.000000 0.000000 1.000000
vn 0.000000 0.000000 1.000000
vn -0.991050 -0.133494 0.000000
vn -0.991050 -0.133494 0.000000
vn -0.991050 -0.133494 0.000000
vn -0.991050 -0.133494 0.000000
vn -0.991050 -0.133494 0.000000
vn -0.991050 -0.133494 0.000000
vn 0.000000 0.000000 -1.000000
vn 0.000000 0.000000 -1.000000
vn 0.000000 0.000000 -1.000000
vn 0.000000 0.000000 -1.000000
vn 0.000000 0.000000 -1.000000
vn 0.000000 0.000000 -1.000000
vn 0.991049 0.133497 0.000000
vn 0.991049 0.133497 0.000000
vn 0.991049 0.133497 0.000000
vn 0.991052 0.133478 -0.000002
vn 0.991052 0.133478 -0.000002
vn 0.991052 0.133478 -0.000002
vn 0.000000 0.000000 1.000000
vn 0.000000 0.000000 1.000000
vn 0.000000 0.000000 1.000000
vn 0.000000 0.000000 1.000000
vn 0.000000 0.000000 1.000000
vn 0.000000 0.000000 1.000000
vn -0.991050 -0.133494 0.000000
vn -0.991050 -0.133494 0.000000
vn -0.991050 -0.133494 0.000000
vn -0.991050 -0.133494 0.000000
vn -0.991050 -0.133494 0.000000
vn -0.991050 -0.133494 0.000000
vn 0.000000 0.000000 -1.000000
vn 0.000000 0.000000 -1.000000
vn 0.000000 0.000000 -1.000000
vn 0.000000 0.000000 -1.000000
vn 0.000000 0.000000 -1.000000
vn 0.000000 0.000000 -1.000000
vn 0.991049 0.133497 0.000000
vn 0.991049 0.133497 0.000000
vn 0.991049 0.133497 0.000000
vn 0.991049 0.133497 0.000000
vn 0.991049 0.133497 0.000000
vn 0.991049 0.133497 0.000000
vn 0.000000 0.000000 1.000000
vn 0.000000 0.000000 1.000000
vn 0.000000 0.000000 1.000000
vn 0.000000 0.000000 1.000000
vn 0.000000 0.000000 1.000000
vn 0.000000 0.000000 1.000000
vn -0.991050 -0.133494 0.000000
vn -0.991050 -0.133494 0.000000
vn -0.991050 -0.133494 0.000000
vn -0.991050 -0.133494 0.000000
vn -0.991050 -0.133494 0.000000
vn -0.991050 -0.133494 0.000000
vn 0.000000 0.000000 -1.000000
vn 0.000000 0.000000 -1.000000
vn 0.000000 0.000000 -1.000000
vn 0.000000 0.000000 -1.000000
vn 0.000000 0.000000 -1.000000
vn 0.000000 0.000000 -1.000000
vn 0.991050 0.133494 0.000000
vn 0.991050 0.133494 0.000000
vn 0.991050 0.133494 0.000000
vn 0.991050 0.133494 0.000000
vn 0.991050 0.133494 0.000000
vn 0.991050 0.133494 0.000000
vn 0.000000 0.000000 1.000000
vn 0.000000 0.000000 1.000000
vn 0.000000 0.000000 1.000000
vn 0.000000 0.000000 1.000000
vn 0.000000 0.000000 1.000000
vn 0.000000 0.000000 1.000000
vn -0.991050 -0.133494 0.000000
vn -0.991050 -0.133494 0.000000
vn -0.991050 -0.133494 0.000000
vn -0.991050 -0.133494 0.000000
vn -0.991050 -0.133494 0.000000
vn -0.991050 -0.133494 0.000000
vn 0.000000 0.000000 -1.000000
vn 0.000000 0.000000 -1.000000
vn 0.000000 0.000000 -1.000000
vn 0.000000 0.000000 -1.000000
vn 0.000000 0.000000 -1.000000
vn 0.000000 0.000000 -1.000000
vn 0.991049 0.133497 0.000000
vn 0.991049 0.133497 0.000000
vn 0.991049 0.133497 0.000000
vn 0.991049 0.133497 0.000000
vn 0.991049 0.133497 0.000000
vn 0.991049 0.133497 0.000000
vn 0.000000 0.000000 1.000000
vn 0.000000 0.000000 1.000000
vn 0.000000 0.000000 1.000000
vn 0.000000 0.000000 1.000000
vn 0.000000 0.000000 1.000000
vn 0.000000 0.000000 1.000000
vn -0.991050 -0.133494 0.000000
vn -0.991050 -0.133494 0.000000
vn -0.991050 -0.133494 0.000000
vn -0.991050 -0.133494 0.000000
vn -0.991050 -0.133494 0.000000
vn -0.991050 -0.133494 0.000000
vn -0.000003 -0.000000 -1.000000
vn -0.000003 -0.000000 -1.000000
vn -0.000003 -0.000000 -1.000000
vn -0.000003 -0.000000 -1.000000
vn -0.000003 -0.000000 -1.000000
vn -0.000003 -0.000000 -1.000000
vn 0.991049 0.133497 0.000000
vn 0.991049 0.133497 0.000000
vn 0.991049 0.133497 0.000000
vn 0.991049 0.133497 0.000000
vn 0.991049 0.133497 0.000000
vn 0.991049 0.133497 0.000000
vn 0.000000 0.000000 1.000000
vn 0.000000 0.000000 1.000000
vn 0.000000 0.000000 1.000000
vn 0.000000 0.000000 1.000000
vn 0.000000 0.000000 1.000000
vn 0.000000 0.000000 1.000000
vn -0.991049 -0.133497 0.000000
vn -0.991049 -0.133497 0.000000
vn -0.991049 -0.133497 0.000000
vn -0.991050 -0.133494 -0.000000
vn -0.991050 -0.133494 -0.000000
vn -0.991050 -0.133494 -0.000000
vn -0.000003 -0.000000 -1.000000
vn -0.000003 -0.000000 -1.000000
vn -0.000003 -0.000000 -1.000000
vn -0.000003 -0.000000 -1.000000
vn -0.000003 -0.000000 -1.000000
vn -0.000003 -0.000000 -1.000000
vn 0.991050 0.133494 0.000000
vn 0.991050 0.133494 0.000000
vn 0.991050 0.133494 0.000000
vn 0.991050 0.133494 0.000000
vn 0.991050 0.133494 0.000000
vn 0.991050 0.133494 0.000000
vn -0.000001 0.000009 1.000000
vn -0.000001 0.000009 1.000000
vn -0.000001 0.000009 1.000000
vn -0.000001 0.000009 1.000000
vn -0.000001 0.000009 1.000000
vn -0.000001 0.000009 1.000000
vn -0.988008 -0.154400 0.000000
vn -0.988008 -0.154400 0.000000
vn -0.988008 -0.154400 0.000000
vn -0.988008 -0.154400 0.000000
vn -0.988008 -0.154400 0.000000
vn -0.988008 -0.154400 0.000000
vn 0.000001 -0.000009 -1.000000
vn 0.000001 -0.000009 -1.000000
vn 0.000001 -0.000009 -1.000000
vn 0.000001 -0.000009 -1.000000
vn 0.000001 -0.000009 -1.000000
vn 0.000001 -0.000009 -1.000000
vn 0.988009 0.154397 -0.000001
vn 0.988009 0.154397 -0.000001
vn 0.988009 0.154397 -0.000001
vn 0.988008 0.154400 -0.000000
vn 0.988008 0.154400 -0.000000
vn 0.988008 0.154400 -0.000000
vn 0.000000 0.000000 1.000000
vn 0.000000 0.000000 1.000000
vn 0.000000 0.000000 1.000000
vn 0.000000 0.000000 1.000000
vn 0.000000 0.000000 1.000000
vn 0.000000 0.000000 1.000000
vn -0.988009 -0.154397 0.000000
vn -0.988009 -0.154397 0.000000
vn -0.988009 -0.154397 0.000000
vn -0.988008 -0.154400 0.000001
vn -0.988008 -0.154400 0.000001
vn -0.988008 -0.154400 0.000001
vn 0.000000 0.000000 -1.000000
vn 0.000000 0.000000 -1.000000
vn 0.000000 0.000000 -1.000000
vn 0.000000 0.000000 -1.000000
vn 0.000000 0.000000 -1.000000
vn 0.000000 0.000000 -1.000000
vn 0.988008 0.154400 -0.000000
vn 0.988008 0.154400 -0.000000
vn 0.988008 0.154400 -0.000000
vn 0.988008 0.154400 -0.000000
vn 0.988008 0.154400 -0.000000
vn 0.988008 0.154400 -0.000000
vn -0.000001 0.000009 1.000000
vn -0.000001 0.000009 1.000000
vn -0.000001 0.000009 1.000000
vn -0.000001 0.000009 1.000000
vn -0.000001 0.000009 1.000000
vn -0.000001 0.000009 1.000000
vn -0.988008 -0.154400 0.000001
vn -0.988008 -0.154400 0.000001
vn -0.988008 -0.154400 0.000001
vn -0.988011 -0.154382 -0.000001
vn -0.988011 -0.154382 -0.000001
vn -0.988011 -0.154382 -0.000001
vn 0.000001 -0.000009 -1.000000
vn 0.000001 -0.000009 -1.000000
vn 0.000001 -0.000009 -1.000000
vn 0.000001 -0.000009 -1.000000
vn 0.000001 -0.000009 -1.000000
vn 0.000001 -0.000009 -1.000000
vn 0.988008 0.154400 0.000001
vn 0.988008 0.154400 0.000001
vn 0.988008 0.154400 0.000001
vn 0.988011 0.154382 -0.000001
vn 0.988011 0.154382 -0.000001
vn 0.988011 0.154382 -0.000001
vn -0.000001 0.000009 1.000000
vn -0.000001 0.000009 1.000000
vn -0.000001 0.000009 1.000000
vn -0.000001 0.000009 1.000000
vn -0.000001 0.000009 1.000000
vn -0.000001 0.000009 1.000000
vn -0.988008 -0.154400 0.000001
vn -0.988008 -0.154400 0.000001
vn -0.988008 -0.154400 0.000001
vn -0.988011 -0.154382 -0.000001
vn -0.988011 -0.154382 -0.000001
vn -0.988011 -0.154382 -0.000001
vn 0.000001 -0.000009 -1.000000
vn 0.000001 -0.000009 -1.000000
vn 0.000001 -0.000009 -1.000000
vn 0.000001 -0.000009 -1.000000
vn 0.000001 -0.000009 -1.000000
vn 0.000001 -0.000009 -1.000000
vn 0.988006 0.154416 0.000003
vn 0.988006 0.154416 0.000003
vn 0.988006 0.154416 0.000003
vn 0.988011 0.154382 -0.000001
vn 0.988011 0.154382 -0.000001
vn 0.988011 0.154382 -0.000001
vn -0.000001 0.000005 1.000000
vn -0.000001 0.000005 1.000000
vn -0.000001 0.000005 1.000000
vn -0.000001 0.000005 1.000000
vn -0.000001 0.000005 1.000000
vn -0.000001 0.000005 1.000000
vn -0.988008 -0.154400 0.000001
vn -0.988008 -0.154400 0.000001
vn -0.988008 -0.154400 0.000001
vn -0.988008 -0.154400 0.000001
vn -0.988008 -0.154400 0.000001
vn -0.988008 -0.154400 0.000001
vn 0.000000 0.000000 -1.000000
vn 0.000000 0.000000 -1.000000
vn 0.000000 0.000000 -1.000000
vn 0.000000 0.000000 -1.000000
vn 0.000000 0.000000 -1.000000
vn 0.000000 0.000000 -1.000000
vn 0.988008 0.154400 0.000001
vn 0.988008 0.154400 0.000001
vn 0.988008 0.154400 0.000001
vn 0.988008 0.154400 0.000001
vn 0.988008 0.154400 0.000001
vn 0.988008 0.154400 0.000001
vn -0.000001 0.000005 1.000000
vn -0.000001 0.000005 1.000000
vn -0.000001 0.000005 1.000000
vn -0.000001 0.000005 1.000000
vn -0.000001 0.000005 1.000000
vn -0.000001 0.000005 1.000000
vn -0.988008 -0.154400 0.000001
vn -0.988008 -0.154400 0.000001
vn -0.988008 -0.154400 0.000001
vn -0.988008 -0.154400 0.000001
vn -0.988008 -0.154400 0.000001
vn -0.988008 -0.154400 0.000001
vn 0.000001 -0.000009 -1.000000
vn 0.000001 -0.000009 -1.000000
vn 0.000001 -0.000009 -1.000000
vn 0.000001 -0.000009 -1.000000
vn 0.000001 -0.000009 -1.000000
vn 0.000001 -0.000009 -1.000000
vn 0.988008 0.154400 0.000001
vn 0.988008 0.154400 0.000001
vn 0.988008 0.154400 0.000001
vn 0.988008 0.154400 0.000001
vn 0.988008 0.154400 0.000001
vn 0.988008 0.154400 0.000001
vn 0.000000 0.000000 1.000000
vn 0.000000 0.000000 1.000000
vn 0.000000 0.000000 1.000000
vn 0.000000 0.000000 1.000000
vn 0.000000 0.000000 1.000000
vn 0.000000 0.000000 1.000000
vn -0.992678 -0.120792 0.000000
vn -0.992678 -0.120792 0.000000
vn -0.992678 -0.120792 0.000000
vn -0.992678 -0.120792 0.000000
vn -0.992678 -0.120792 0.000000
vn -0.992678 -0.120792 0.000000
vn 0.000000 0.000000 -1.000000
vn 0.000000 0.000000 -1.000000
vn 0.000000 0.000000 -1.000000
vn 0.000000 0.000000 -1.000000
vn 0.000000 0.000000 -1.000000
vn 0.000000 0.000000 -1.000000
vn 0.992680 0.120773 0.000000
vn 0.992680 0.120773 0.000000
vn 0.992680 0.120773 0.000000
vn 0.992678 0.120792 0.000002
vn 0.992678 0.120792 0.000002
vn 0.992678 0.120792 0.000002
vn 0.000000 0.000000 1.000000
vn 0.000000 0.000000 1.000000
vn 0.000000 0.000000 1.000000
vn 0.000000 0.000000 1.000000
vn 0.000000 0.000000 1.000000
vn 0.000000 0.000000 1.000000
vn -0.992680 -0.120773 0.000000
vn -0.992680 -0.120773 0.000000
vn -0.992680 -0.120773 0.000000
vn -0.992680 -0.120773 0.000000
vn -0.992680 -0.120773 0.000000
vn -0.992680 -0.120773 0.000000
vn 0.000000 0.000000 -1.000000
vn 0.000000 0.000000 -1.000000
vn 0.000000 0.000000 -1.000000
vn 0.000000 0.000000 -1.000000
vn 0.000000 0.000000 -1.000000
vn 0.000000 0.000000 -1.000000
vn 0.992678 0.120792 0.000000
vn 0.992678 0.120792 0.000000
vn 0.992678 0.120792 0.000000
vn 0.992678 0.120792 0.000000
vn 0.992678 0.120792 0.000000
vn 0.992678 0.120792 0.000000
vn 0.000000 0.000000 1.000000
vn 0.000000 0.000000 1.000000
vn 0.000000 0.000000 1.000000
vn 0.000000 0.000000 1.000000
vn 0.000000 0.000000 1.000000
vn 0.000000 0.000000 1.000000
vn -0.992678 -0.120794 0.000000
vn -0.992678 -0.120794 0.000000
vn -0.992678 -0.120794 0.000000
vn -0.992678 -0.120794 0.000000
vn -0.992678 -0.120794 0.000000
vn -0.992678 -0.120794 0.000000
vn 0.000000 0.000000 -1.000000
vn 0.000000 0.000000 -1.000000
vn 0.000000 0.000000 -1.000000
vn 0.000000 0.000000 -1.000000
vn 0.000000 0.000000 -1.000000
vn 0.000000 0.000000 -1.000000
vn 0.992680 0.120773 0.000000
vn 0.992680 0.120773 0.000000
vn 0.992680 0.120773 0.000000
vn 0.992680 0.120773 0.000000
vn 0.992680 0.120773 0.000000
vn 0.992680 0.120773 0.000000
vn 0.000000 0.000000 1.000000
vn 0.000000 0.000000 1.000000
vn 0.000000 0.000000 1.000000
vn 0.000000 0.000000 1.000000
vn 0.000000 0.000000 1.000000
vn 0.000000 0.000000 1.000000
vn -0.992678 -0.120792 -0.000000
vn -0.992678 -0.120792 -0.000000
vn -0.992678 -0.120792 -0.000000
vn -0.992678 -0.120792 -0.000000
vn -0.992678 -0.120792 -0.000000
vn -0.992678 -0.120792 -0.000000
vn 0.000000 0.000000 -1.000000
vn 0.000000 0.000000 -1.000000
vn 0.000000 0.000000 -1.000000
vn 0.000000 0.000000 -1.000000
vn 0.000000 0.000000 -1.000000
vn 0.000000 0.000000 -1.000000
vn 0.992678 0.120792 0.000000
vn 0.992678 0.120792 0.000000
vn 0.992678 0.120792 0.000000
vn 0.992680 0.120773 -0.000002
vn 0.992680 0.120773 -0.000002
vn 0.992680 0.120773 -0.000002
vn 0.000000 0.000000 1.000000
vn 0.000000 0.000000 1.000000
vn 0.000000 0.000000 1.000000
vn 0.000000 0.000000 1.000000
vn 0.000000 0.000000 1.000000
vn 0.000000 0.000000 1.000000
vn -0.992678 -0.120792 0.000000
vn -0.992678 -0.120792 0.000000
vn -0.992678 -0.120792 0.000000
vn -0.992678 -0.120792 0.000000
vn -0.992678 -0.120792 0.000000
vn -0.992678 -0.120792 0.000000
vn 0.000000 0.000000 -1.000000
vn 0.000000 0.000000 -1.000000
vn 0.000000 0.000000 -1.000000
vn 0.000000 0.000000 -1.000000
vn 0.000000 0.000000 -1.000000
vn 0.000000 0.000000 -1.000000
vn 0.992680 0.120773 0.000000
vn 0.992680 0.120773 0.000000
vn 0.992680 0.120773 0.000000
vn 0.992680 0.120773 0.000000
vn 0.992680 0.120773 0.000000
vn 0.992680 0.120773 0.000000
vn -0.000001 -0.000000 1.000000
vn -0.000001 -0.000000 1.000000
vn -0.000001 -0.000000 1.000000
vn -0.000001 -0.000000 1.000000
vn -0.000001 -0.000000 1.000000
vn -0.000001 -0.000000 1.000000
vn -0.992680 -0.120776 0.000000
vn -0.992680 -0.120776 0.000000
vn -0.992680 -0.120776 0.000000
vn -0.992680 -0.120776 0.000000
vn -0.992680 -0.120776 0.000000
vn -0.992680 -0.120776 0.000000
vn 0.000000 0.000000 -1.000000
vn 0.000000 0.000000 -1.000000
vn 0.000000 0.000000 -1.000000
vn 0.000000 0.000000 -1.000000
vn 0.000000 0.000000 -1.000000
vn 0.000000 0.000000 -1.000000
vn 0.992678 0.120792 0.000002
vn 0.992678 0.120792 0.000002
vn 0.992678 0.120792 0.000002
vn 0.992680 0.120773 0.000000
vn 0.992680 0.120773 0.000000
vn 0.992680 0.120773 0.000000
vn 0.000000 0.000000 1.000000
vn 0.000000 0.000000 1.000000
vn 0.000000 0.000000 1.000000
vn 0.000000 0.000000 1.000000
vn 0.000000 0.000000 1.000000
vn 0.000000 0.000000 1.000000
vn -0.992678 -0.120792 0.000000
vn -0.992678 -0.120792 0.000000
vn -0.992678 -0.120792 0.000000
vn -0.992678 -0.120792 0.000000
vn -0.992678 -0.120792 0.000000
vn -0.992678 -0.120792 0.000000
vn 0.000000 0.000000 -1.000000
vn 0.000000 0.000000 -1.000000
vn 0.000000 0.000000 -1.000000
vn 0.000000 0.000000 -1.000000
vn 0.000000 0.000000 -1.000000
vn 0.000000 0.000000 -1.000000
vn 0.992680 0.120773 0.000000
vn 0.992680 0.120773 0.000000
vn 0.992680 0.120773 0.000000
vn 0.992680 0.120773 0.000000
vn 0.992680 0.120773 0.000000
vn 0.992680 0.120773 0.000000
vn 0.000000 0.000000 1.000000
vn 0.000000 0.000000 1.000000
vn 0.000000 0.000000 1.000000
vn 0.000000 0.000000 1.000000
vn 0.000000 0.000000 1.000000
vn 0.000000 0.000000 1.000000
vn -0.992680 -0.120773 0.000000
vn -0.992680 -0.120773 0.000000
vn -0.992680 -0.120773 0.000000
vn -0.992680 -0.120773 0.000000
vn -0.992680 -0.120773 0.000000
vn -0.992680 -0.120773 0.000000
vn 0.000000 0.000000 -1.000000
vn 0.000000 0.000000 -1.000000
vn 0.000000 0.000000 -1.000000
vn 0.000000 0.000000 -1.000000
vn 0.000000 0.000000 -1.000000
vn 0.000000 0.000000 -1.000000
vn 0.992680 0.120776 0.000000
vn 0.992680 0.120776 0.000000
vn 0.992680 0.120776 0.000000
vn 0.992680 0.120773 0.000000
vn 0.992680 0.120773 0.000000
vn 0.992680 0.120773 0.000000
vn -0.991232 -0.132132 0.000002
vn -0.991232 -0.132132 0.000002
vn -0.991232 -0.132132 0.000002
vn -0.991232 -0.132129 0.000002
vn -0.991232 -0.132129 0.000002
vn -0.991232 -0.132129 0.000002
vn 0.000000 0.000000 -1.000000
vn 0.000000 0.000000 -1.000000
vn 0.000000 0.000000 -1.000000
vn 0.000000 0.000000 -1.000000
vn 0.000000 0.000000 -1.000000
vn 0.000000 0.000000 -1.000000
vn 0.991232 0.132129 0.000000
vn 0.991232 0.132129 0.000000
vn 0.991232 0.132129 0.000000
vn 0.991232 0.132132 -0.000000
vn 0.991232 0.132132 -0.000000
vn 0.991232 0.132132 -0.000000
vn -0.988008 -0.154400 0.000000
vn -0.988008 -0.154400 0.000000
vn -0.988008 -0.154400 0.000000
vn -0.988008 -0.154400 0.000000
vn -0.988008 -0.154400 0.000000
vn -0.988008 -0.154400 0.000000
vn -0.988012 -0.154377 0.000059
vn -0.988012 -0.154377 0.000059
vn -0.988012 -0.154377 0.000059
vn -0.988008 -0.154400 0.000057
vn -0.988008 -0.154400 0.000057
vn -0.988008 -0.154400 0.000057
vn 0.000000 0.000000 -1.000000
vn 0.000000 0.000000 -1.000000
vn 0.000000 0.000000 -1.000000
vn 0.000000 0.000000 -1.000000
vn 0.000000 0.000000 -1.000000
vn 0.000000 0.000000 -1.000000
vn 0.988012 0.154377 0.000001
vn 0.988012 0.154377 0.000001
vn 0.988012 0.154377 0.000001
vn 0.988008 0.154400 -0.000000
vn 0.988008 0.154400 -0.000000
vn 0.988008 0.154400 -0.000000
vn 0.988012 0.154377 0.000000
vn 0.988012 0.154377 0.000000
vn 0.988012 0.154377 0.000000
vn 0.988012 0.154377 0.000000
vn 0.988012 0.154377 0.000000
vn 0.988012 0.154377 0.000000
vn 0.976116 0.130553 0.173649
vn 0.976116 0.130553 0.173649
vn 0.976116 0.130553 0.173649
vn 0.976116 0.130553 0.173649
vn 0.976116 0.130553 0.173649
vn 0.976116 0.130553 0.173649
vn 0.858382 0.114808 0.499999
vn 0.858382 0.114808 0.499999
vn 0.858382 0.114808 0.499999
vn 0.858388 0.114807 0.499989
vn 0.858388 0.114807 0.499989
vn 0.858388 0.114807 0.499989
vn 0.637113 0.085212 0.766046
vn 0.637113 0.085212 0.766046
vn 0.637113 0.085212 0.766046
vn 0.637105 0.085212 0.766052
vn 0.637105 0.085212 0.766052
vn 0.637105 0.085212 0.766052
vn 0.338997 0.045341 0.939694
vn 0.338997 0.045341 0.939694
vn 0.338997 0.045341 0.939694
vn 0.339003 0.045340 0.939692
vn 0.339003 0.045340 0.939692
vn 0.339003 0.045340 0.939692
vn 0.000000 0.000000 1.000000
vn 0.000000 0.000000 1.000000
vn 0.000000 0.000000 1.000000
vn 0.000000 0.000000 1.000000
vn 0.000000 0.000000 1.000000
vn 0.000000 0.000000 1.000000
vn -0.339002 -0.045341 0.939692
vn -0.339002 -0.045341 0.939692
vn -0.339002 -0.045341 0.939692
vn -0.339002 -0.045341 0.939692
vn -0.339002 -0.045341 0.939692
vn -0.339002 -0.045341 0.939692
vn -0.637113 -0.085213 0.766045
vn -0.637113 -0.085213 0.766045
vn -0.637113 -0.085213 0.766045
vn -0.637112 -0.085213 0.766046
vn -0.637112 -0.085213 0.766046
vn -0.637112 -0.085213 0.766046
vn -0.858381 -0.114808 0.500000
vn -0.858381 -0.114808 0.500000
vn -0.858381 -0.114808 0.500000
vn -0.858382 -0.114808 0.499999
vn -0.858382 -0.114808 0.499999
vn -0.858382 -0.114808 0.499999
vn -0.976115 -0.130555 0.173649
vn -0.976115 -0.130555 0.173649
vn -0.976115 -0.130555 0.173649
vn -0.976115 -0.130555 0.173649
vn -0.976115 -0.130555 0.173649
vn -0.976115 -0.130555 0.173649
vn 0.991174 0.132567 0.000000
vn 0.991174 0.132567 0.000000
vn 0.991174 0.132567 0.000000
vn 0.991174 0.132566 0.000001
vn 0.991174 0.132566 0.000001
vn 0.991174 0.132566 0.000001
vn -0.991174 -0.132569 0.000000
vn -0.991174 -0.132569 0.000000
vn -0.991174 -0.132569 0.000000
vn -0.991174 -0.132569 0.000000
vn -0.991174 -0.132569 0.000000
vn -0.991174 -0.132569 0.000000
vn 0.132568 -0.991174 0.000000
vn 0.132568 -0.991174 0.000000
vn 0.132568 -0.991174 0.000000
vn 0.132568 -0.991174 0.000000
vn 0.132568 -0.991174 0.000000
vn 0.132568 -0.991174 0.000000
vn 0.132583 -0.991172 0.000002
vn 0.132583 -0.991172 0.000002
vn 0.132583 -0.991172 0.000002
vn 0.132548 -0.991177 -0.000031
vn 0.132548 -0.991177 -0.000031
vn 0.132548 -0.991177 -0.000031
vn 0.132562 -0.991175 -0.000005
vn 0.132562 -0.991175 -0.000005
vn 0.132562 -0.991175 -0.000005
vn 0.132578 -0.991173 -0.000051
vn 0.132578 -0.991173 -0.000051
vn 0.132578 -0.991173 -0.000051
vn 0.132605 -0.991169 -0.000035
vn 0.132605 -0.991169 -0.000035
vn 0.132605 -0.991169 -0.000035
vn 0.132569 -0.991174 -0.000005
vn 0.132569 -0.991174 -0.000005
vn 0.132569 -0.991174 -0.000005
vn 0.132567 -0.991174 -0.000001
vn 0.132567 -0.991174 -0.000001
vn 0.132567 -0.991174 -0.000001
vn 0.132568 -0.991174 0.000001
vn 0.132568 -0.991174 0.000001
vn 0.132568 -0.991174 0.000001
vn 0.976116 0.130552 0.173649
vn 0.976116 0.130552 0.173649
vn 0.976116 0.130552 0.173649
vn 0.976113 0.130554 0.173664
vn 0.976113 0.130554 0.173664
vn 0.976113 0.130554 0.173664
vn 0.858381 0.114808 0.500000
vn 0.858381 0.114808 0.500000
vn 0.858381 0.114808 0.500000
vn 0.858388 0.114807 0.499989
vn 0.858388 0.114807 0.499989
vn 0.858388 0.114807 0.499989
vn 0.637112 0.085213 0.766046
vn 0.637112 0.085213 0.766046
vn 0.637112 0.085213 0.766046
vn 0.637113 0.085213 0.766045
vn 0.637113 0.085213 0.766045
vn 0.637113 0.085213 0.766045
vn 0.339002 0.045341 0.939692
vn 0.339002 0.045341 0.939692
vn 0.339002 0.045341 0.939692
vn 0.339002 0.045341 0.939692
vn 0.339002 0.045341 0.939692
vn 0.339002 0.045341 0.939692
vn 0.000000 0.000000 1.000000
vn 0.000000 0.000000 1.000000
vn 0.000000 0.000000 1.000000
vn 0.000000 0.000000 1.000000
vn 0.000000 0.000000 1.000000
vn 0.000000 0.000000 1.000000
vn -0.339003 -0.045340 0.939692
vn -0.339003 -0.045340 0.939692
vn -0.339003 -0.045340 0.939692
vn -0.339002 -0.045340 0.939692
vn -0.339002 -0.045340 0.939692
vn -0.339002 -0.045340 0.939692
vn -0.637113 -0.085212 0.766046
vn -0.637113 -0.085212 0.766046
vn -0.637113 -0.085212 0.766046
vn -0.637113 -0.085212 0.766046
vn -0.637113 -0.085212 0.766046
vn -0.637113 -0.085212 0.766046
vn -0.858383 -0.114806 0.499999
vn -0.858383 -0.114806 0.499999
vn -0.858383 -0.114806 0.499999
vn -0.858383 -0.114806 0.499999
vn -0.858383 -0.114806 0.499999
vn -0.858383 -0.114806 0.499999
vn -0.976116 -0.130552 0.173649
vn -0.976116 -0.130552 0.173649
vn -0.976116 -0.130552 0.173649
vn -0.976116 -0.130552 0.173649
vn -0.976116 -0.130552 0.173649
vn -0.976116 -0.130552 0.173649
vn 0.991174 0.132569 0.000000
vn 0.991174 0.132569 0.000000
vn 0.991174 0.132569 0.000000
vn 0.991174 0.132569 0.000000
vn 0.991174 0.132569 0.000000
vn 0.991174 0.132569 0.000000
vn -0.991174 -0.132566 0.000000
vn -0.991174 -0.132566 0.000000
vn -0.991174 -0.132566 0.000000
vn -0.991174 -0.132566 0.000000
vn -0.991174 -0.132566 0.000000
vn -0.991174 -0.132566 0.000000
vn 0.132567 -0.991174 0.000000
vn 0.132567 -0.991174 0.000000
vn 0.132567 -0.991174 0.000000
vn 0.132567 -0.991174 0.000000
vn 0.132567 -0.991174 0.000000
vn 0.132567 -0.991174 0.000000
vn 0.132589 -0.991171 0.000005
vn 0.132589 -0.991171 0.000005
vn 0.132589 -0.991171 0.000005
vn 0.132589 -0.991171 0.000040
vn 0.132589 -0.991171 0.000040
vn 0.132589 -0.991171 0.000040
vn 0.132565 -0.991174 -0.000004
vn 0.132565 -0.991174 -0.000004
vn 0.132565 -0.991174 -0.000004
vn 0.132560 -0.991175 0.000041
vn 0.132560 -0.991175 0.000041
vn 0.132560 -0.991175 0.000041
vn 0.132605 -0.991169 -0.000035
vn 0.132605 -0.991169 -0.000035
vn 0.132605 -0.991169 -0.000035
vn 0.132568 -0.991174 -0.000004
vn 0.132568 -0.991174 -0.000004
vn 0.132568 -0.991174 -0.000004
vn 0.132567 -0.991174 -0.000002
vn 0.132567 -0.991174 -0.000002
vn 0.132567 -0.991174 -0.000002
vn 0.132567 -0.991174 0.000001
vn 0.132567 -0.991174 0.000001
vn 0.132567 -0.991174 0.000001
vn 0.974944 0.139045 0.173640
vn 0.974944 0.139045 0.173640
vn 0.974944 0.139045 0.173640
vn 0.974944 0.139045 0.173640
vn 0.974944 0.139045 0.173640
vn 0.974944 0.139045 0.173640
vn 0.857353 0.122274 0.499995
vn 0.857353 0.122274 0.499995
vn 0.857353 0.122274 0.499995
vn 0.857352 0.122275 0.499997
vn 0.857352 0.122275 0.499997
vn 0.857352 0.122275 0.499997
vn 0.636345 0.090755 0.766048
vn 0.636345 0.090755 0.766048
vn 0.636345 0.090755 0.766048
vn 0.636346 0.090755 0.766047
vn 0.636346 0.090755 0.766047
vn 0.636346 0.090755 0.766047
vn 0.338592 0.048290 0.939693
vn 0.338592 0.048290 0.939693
vn 0.338592 0.048290 0.939693
vn 0.338592 0.048290 0.939693
vn 0.338592 0.048290 0.939693
vn 0.338592 0.048290 0.939693
vn 0.000000 0.000000 1.000000
vn 0.000000 0.000000 1.000000
vn 0.000000 0.000000 1.000000
vn 0.000000 0.000000 1.000000
vn 0.000000 0.000000 1.000000
vn 0.000000 0.000000 1.000000
vn -0.338596 -0.048290 0.939692
vn -0.338596 -0.048290 0.939692
vn -0.338596 -0.048290 0.939692
vn -0.338596 -0.048290 0.939692
vn -0.338596 -0.048290 0.939692
vn -0.338596 -0.048290 0.939692
vn -0.636346 -0.090755 0.766047
vn -0.636346 -0.090755 0.766047
vn -0.636346 -0.090755 0.766047
vn -0.636346 -0.090755 0.766047
vn -0.636346 -0.090755 0.766047
vn -0.636346 -0.090755 0.766047
vn -0.857352 -0.122275 0.499997
vn -0.857352 -0.122275 0.499997
vn -0.857352 -0.122275 0.499997
vn -0.857353 -0.122274 0.499995
vn -0.857353 -0.122274 0.499995
vn -0.857353 -0.122274 0.499995
vn -0.974944 -0.139043 0.173640
vn -0.974944 -0.139043 0.173640
vn -0.974944 -0.139043 0.173640
vn -0.974941 -0.139045 0.173655
vn -0.974941 -0.139045 0.173655
vn -0.974941 -0.139045 0.173655
vn 0.989983 0.141190 0.000000
vn 0.989983 0.141190 0.000000
vn 0.989983 0.141190 0.000000
vn 0.989983 0.141190 0.000000
vn 0.989983 0.141190 0.000000
vn 0.989983 0.141190 0.000000
vn -0.989983 -0.141188 0.000000
vn -0.989983 -0.141188 0.000000
vn -0.989983 -0.141188 0.000000
vn -0.989983 -0.141188 0.000000
vn -0.989983 -0.141188 0.000000
vn -0.989983 -0.141188 0.000000
vn 0.141189 -0.989983 0.000000
vn 0.141189 -0.989983 0.000000
vn 0.141189 -0.989983 0.000000
vn 0.141189 -0.989983 0.000000
vn 0.141189 -0.989983 0.000000
vn 0.141189 -0.989983 0.000000
vn 0.141215 -0.989979 0.000005
vn 0.141215 -0.989979 0.000005
vn 0.141215 -0.989979 0.000005
vn 0.141181 -0.989984 -0.000005
vn 0.141181 -0.989984 -0.000005
vn 0.141181 -0.989984 -0.000005
vn 0.141179 -0.989984 -0.000008
vn 0.141179 -0.989984 -0.000008
vn 0.141179 -0.989984 -0.000008
vn 0.141191 -0.989982 0.000029
vn 0.141191 -0.989982 0.000029
vn 0.141191 -0.989982 0.000029
vn 0.141194 -0.989982 -0.000011
vn 0.141194 -0.989982 -0.000011
vn 0.141194 -0.989982 -0.000011
vn 0.141198 -0.989981 -0.000014
vn 0.141198 -0.989981 -0.000014
vn 0.141198 -0.989981 -0.000014
vn 0.141189 -0.989983 0.000001
vn 0.141189 -0.989983 0.000001
vn 0.141189 -0.989983 0.000001
vn 0.141189 -0.989983 -0.000003
vn 0.141189 -0.989983 -0.000003
vn 0.141189 -0.989983 -0.000003
vn 0.973898 0.146188 0.173640
vn 0.973898 0.146188 0.173640
vn 0.973898 0.146188 0.173640
vn 0.973896 0.146189 0.173653
vn 0.973896 0.146189 0.173653
vn 0.973896 0.146189 0.173653
vn 0.856430 0.128555 0.500001
vn 0.856430 0.128555 0.500001
vn 0.856430 0.128555 0.500001
vn 0.856430 0.128555 0.500001
vn 0.856430 0.128555 0.500001
vn 0.856430 0.128555 0.500001
vn 0.635664 0.095417 0.766046
vn 0.635664 0.095417 0.766046
vn 0.635664 0.095417 0.766046
vn 0.635664 0.095417 0.766046
vn 0.635664 0.095417 0.766046
vn 0.635664 0.095417 0.766046
vn 0.338230 0.050770 0.939693
vn 0.338230 0.050770 0.939693
vn 0.338230 0.050770 0.939693
vn 0.338229 0.050770 0.939693
vn 0.338229 0.050770 0.939693
vn 0.338229 0.050770 0.939693
vn 0.000000 0.000000 1.000000
vn 0.000000 0.000000 1.000000
vn 0.000000 0.000000 1.000000
vn 0.000000 0.000000 1.000000
vn 0.000000 0.000000 1.000000
vn 0.000000 0.000000 1.000000
vn -0.338229 -0.050771 0.939693
vn -0.338229 -0.050771 0.939693
vn -0.338229 -0.050771 0.939693
vn -0.338234 -0.050771 0.939691
vn -0.338234 -0.050771 0.939691
vn -0.338234 -0.050771 0.939691
vn -0.635666 -0.095417 0.766045
vn -0.635666 -0.095417 0.766045
vn -0.635666 -0.095417 0.766045
vn -0.635657 -0.095417 0.766052
vn -0.635657 -0.095417 0.766052
vn -0.635657 -0.095417 0.766052
vn -0.856436 -0.128556 0.499990
vn -0.856436 -0.128556 0.499990
vn -0.856436 -0.128556 0.499990
vn -0.856436 -0.128556 0.499990
vn -0.856436 -0.128556 0.499990
vn -0.856436 -0.128556 0.499990
vn -0.973896 -0.146187 0.173655
vn -0.973896 -0.146187 0.173655
vn -0.973896 -0.146187 0.173655
vn -0.973896 -0.146187 0.173655
vn -0.973896 -0.146187 0.173655
vn -0.973896 -0.146187 0.173655
vn 0.988921 0.148445 0.000001
vn 0.988921 0.148445 0.000001
vn 0.988921 0.148445 0.000001
vn 0.988921 0.148445 0.000000
vn 0.988921 0.148445 0.000000
vn 0.988921 0.148445 0.000000
vn -0.988921 -0.148442 0.000000
vn -0.988921 -0.148442 0.000000
vn -0.988921 -0.148442 0.000000
vn -0.988921 -0.148442 0.000000
vn -0.988921 -0.148442 0.000000
vn -0.988921 -0.148442 0.000000
vn 0.148445 -0.988921 -0.000007
vn 0.148445 -0.988921 -0.000007
vn 0.148445 -0.988921 -0.000007
vn 0.148442 -0.988921 0.000000
vn 0.148442 -0.988921 0.000000
vn 0.148442 -0.988921 0.000000
vn 0.148483 -0.988915 0.000022
vn 0.148483 -0.988915 0.000022
vn 0.148483 -0.988915 0.000022
vn 0.148447 -0.988920 0.000001
vn 0.148447 -0.988920 0.000001
vn 0.148447 -0.988920 0.000001
vn 0.148453 -0.988919 0.000011
vn 0.148453 -0.988919 0.000011
vn 0.148453 -0.988919 0.000011
vn 0.148433 -0.988922 0.000045
vn 0.148433 -0.988922 0.000045
vn 0.148433 -0.988922 0.000045
vn 0.148437 -0.988922 0.000008
vn 0.148437 -0.988922 0.000008
vn 0.148437 -0.988922 0.000008
vn 0.148440 -0.988921 0.000005
vn 0.148440 -0.988921 0.000005
vn 0.148440 -0.988921 0.000005
vn 0.148442 -0.988921 0.000002
vn 0.148442 -0.988921 0.000002
vn 0.148442 -0.988921 0.000002
vn 0.148442 -0.988921 0.000001
vn 0.148442 -0.988921 0.000001
vn 0.148442 -0.988921 0.000001
vn 0.972886 0.152772 0.173650
vn 0.972886 0.152772 0.173650
vn 0.972886 0.152772 0.173650
vn 0.972883 0.152774 0.173663
vn 0.972883 0.152774 0.173663
vn 0.972883 0.152774 0.173663
vn 0.855546 0.134346 0.499992
vn 0.855546 0.134346 0.499992
vn 0.855546 0.134346 0.499992
vn 0.855545 0.134346 0.499994
vn 0.855545 0.134346 0.499994
vn 0.855545 0.134346 0.499994
vn 0.635003 0.099715 0.766047
vn 0.635003 0.099715 0.766047
vn 0.635003 0.099715 0.766047
vn 0.635005 0.099714 0.766046
vn 0.635005 0.099714 0.766046
vn 0.635005 0.099714 0.766046
vn 0.337881 0.053057 0.939692
vn 0.337881 0.053057 0.939692
vn 0.337881 0.053057 0.939692
vn 0.337881 0.053057 0.939692
vn 0.337881 0.053057 0.939692
vn 0.337881 0.053057 0.939692
vn 0.000000 0.000000 1.000000
vn 0.000000 0.000000 1.000000
vn 0.000000 0.000000 1.000000
vn 0.000000 0.000000 1.000000
vn 0.000000 0.000000 1.000000
vn 0.000000 0.000000 1.000000
vn -0.337881 -0.053057 0.939692
vn -0.337881 -0.053057 0.939692
vn -0.337881 -0.053057 0.939692
vn -0.337880 -0.053057 0.939693
vn -0.337880 -0.053057 0.939693
vn -0.337880 -0.053057 0.939693
vn -0.635005 -0.099714 0.766046
vn -0.635005 -0.099714 0.766046
vn -0.635005 -0.099714 0.766046
vn -0.635005 -0.099714 0.766046
vn -0.635005 -0.099714 0.766046
vn -0.635005 -0.099714 0.766046
vn -0.855545 -0.134346 0.499994
vn -0.855545 -0.134346 0.499994
vn -0.855545 -0.134346 0.499994
vn -0.855545 -0.134346 0.499994
vn -0.855545 -0.134346 0.499994
vn -0.855545 -0.134346 0.499994
vn -0.972886 -0.152772 0.173648
vn -0.972886 -0.152772 0.173648
vn -0.972886 -0.152772 0.173648
vn -0.972886 -0.152772 0.173648
vn -0.972886 -0.152772 0.173648
vn -0.972886 -0.152772 0.173648
vn 0.987894 0.155131 0.000000
vn 0.987894 0.155131 0.000000
vn 0.987894 0.155131 0.000000
vn 0.987894 0.155131 0.000000
vn 0.987894 0.155131 0.000000
vn 0.987894 0.155131 0.000000
vn -0.987894 -0.155129 0.000000
vn -0.987894 -0.155129 0.000000
vn -0.987894 -0.155129 0.000000
vn -0.987894 -0.155129 0.000000
vn -0.987894 -0.155129 0.000000
vn -0.987894 -0.155129 0.000000
vn 0.155129 -0.987894 0.000000
vn 0.155129 -0.987894 0.000000
vn 0.155129 -0.987894 0.000000
vn 0.155129 -0.987894 0.000000
vn 0.155129 -0.987894 0.000000
vn 0.155129 -0.987894 0.000000
vn 0.155154 -0.987890 0.000010
vn 0.155154 -0.987890 0.000010
vn 0.155154 -0.987890 0.000010
vn 0.155120 -0.987896 -0.000006
vn 0.155120 -0.987896 -0.000006
vn 0.155120 -0.987896 -0.000006
vn 0.155123 -0.987895 -0.000001
vn 0.155123 -0.987895 -0.000001
vn 0.155123 -0.987895 -0.000001
vn 0.155134 -0.987893 0.000011
vn 0.155134 -0.987893 0.000011
vn 0.155134 -0.987893 0.000011
vn 0.155114 -0.987897 0.000013
vn 0.155114 -0.987897 0.000013
vn 0.155114 -0.987897 0.000013
vn 0.155137 -0.987893 -0.000007
vn 0.155137 -0.987893 -0.000007
vn 0.155137 -0.987893 -0.000007
vn 0.155130 -0.987894 0.000005
vn 0.155130 -0.987894 0.000005
vn 0.155130 -0.987894 0.000005
vn 0.155129 -0.987894 -0.000003
vn 0.155129 -0.987894 -0.000003
vn 0.155129 -0.987894 -0.000003
vn -0.173992 0.984747 -0.000773
vn -0.173992 0.984747 -0.000773
vn -0.173992 0.984747 -0.000773
vn -0.171228 0.985231 0.000006
vn -0.171228 0.985231 0.000006
vn -0.171228 0.985231 0.000006
vn -0.722683 -0.067082 0.687916
vn -0.722683 -0.067082 0.687916
vn -0.722683 -0.067082 0.687916
vn -0.716743 -0.057534 0.694960
vn -0.716743 -0.057534 0.694960
vn -0.716743 -0.057534 0.694960
vn -0.614779 -0.062352 0.786231
vn -0.614779 -0.062352 0.786231
vn -0.614779 -0.062352 0.786231
vn -0.614784 -0.062352 0.786227
vn -0.614784 -0.062352 0.786227
vn -0.614784 -0.062352 0.786227
vn -0.100715 0.994915 0.000081
vn -0.100715 0.994915 0.000081
vn -0.100715 0.994915 0.000081
vn -0.100715 0.994915 0.000157
vn -0.100715 0.994915 0.000157
vn -0.100715 0.994915 0.000157
vn -0.100708 0.994916 0.000158
vn -0.100708 0.994916 0.000158
vn -0.100708 0.994916 0.000158
vn -0.994916 -0.100711 0.000011
vn -0.994916 -0.100711 0.000011
vn -0.994916 -0.100711 0.000011
vn -0.994916 -0.100712 0.000011
vn -0.994916 -0.100712 0.000011
vn -0.994916 -0.100712 0.000011
vn 0.000011 0.000001 1.000000
vn 0.000011 0.000001 1.000000
vn 0.000011 0.000001 1.000000
vn 0.000009 0.000001 1.000000
vn 0.000009 0.000001 1.000000
vn 0.000009 0.000001 1.000000
vn -0.100708 0.994916 0.000001
vn -0.100708 0.994916 0.000001
vn -0.100708 0.994916 0.000001
vn -0.100708 0.994916 0.000001
vn -0.100708 0.994916 0.000001
vn -0.100708 0.994916 0.000001
vn -0.100128 0.989169 -0.107325
vn -0.100128 0.989169 -0.107325
vn -0.100128 0.989169 -0.107325
vn -0.100128 0.989169 -0.107326
vn -0.100128 0.989169 -0.107326
vn -0.100128 0.989169 -0.107326
vn -0.095534 0.943769 -0.316502
vn -0.095534 0.943769 -0.316502
vn -0.095534 0.943769 -0.316502
vn -0.095535 0.943770 -0.316499
vn -0.095535 0.943770 -0.316499
vn -0.095535 0.943770 -0.316499
vn -0.086637 0.855814 -0.509977
vn -0.086637 0.855814 -0.509977
vn -0.086637 0.855814 -0.509977
vn -0.086631 0.855808 -0.509989
vn -0.086631 0.855808 -0.509989
vn -0.086631 0.855808 -0.509989
vn -0.073957 0.730507 -0.678889
vn -0.073957 0.730507 -0.678889
vn -0.073957 0.730507 -0.678889
vn -0.073953 0.730502 -0.678894
vn -0.073953 0.730502 -0.678894
vn -0.073953 0.730502 -0.678894
vn -0.058179 0.574645 -0.816333
vn -0.058179 0.574645 -0.816333
vn -0.058179 0.574645 -0.816333
vn -0.058180 0.574647 -0.816331
vn -0.058180 0.574647 -0.816331
vn -0.058180 0.574647 -0.816331
vn -0.040067 0.395761 -0.917479
vn -0.040067 0.395761 -0.917479
vn -0.040067 0.395761 -0.917479
vn -0.040075 0.395775 -0.917473
vn -0.040075 0.395775 -0.917473
vn -0.040075 0.395775 -0.917473
vn -0.020424 0.201667 -0.979241
vn -0.020424 0.201667 -0.979241
vn -0.020424 0.201667 -0.979241
vn -0.020420 0.201660 -0.979243
vn -0.020420 0.201660 -0.979243
vn -0.020420 0.201660 -0.979243
vn -0.000011 -0.000001 -1.000000
vn -0.000011 -0.000001 -1.000000
vn -0.000011 -0.000001 -1.000000
vn -0.000011 -0.000001 -1.000000
vn -0.000011 -0.000001 -1.000000
vn -0.000011 -0.000001 -1.000000
vn 0.020405 -0.201666 -0.979242
vn 0.020405 -0.201666 -0.979242
vn 0.020405 -0.201666 -0.979242
vn 0.020402 -0.201661 -0.979243
vn 0.020402 -0.201661 -0.979243
vn 0.020402 -0.201661 -0.979243
vn 0.040051 -0.395770 -0.917476
vn 0.040051 -0.395770 -0.917476
vn 0.040051 -0.395770 -0.917476
vn 0.040052 -0.395771 -0.917476
vn 0.040052 -0.395771 -0.917476
vn 0.040052 -0.395771 -0.917476
vn 0.058158 -0.574640 -0.816337
vn 0.058158 -0.574640 -0.816337
vn 0.058158 -0.574640 -0.816337
vn 0.058158 -0.574641 -0.816337
vn 0.058158 -0.574641 -0.816337
vn 0.058158 -0.574641 -0.816337
vn 0.073939 -0.730508 -0.678890
vn 0.073939 -0.730508 -0.678890
vn 0.073939 -0.730508 -0.678890
vn 0.073936 -0.730504 -0.678894
vn 0.073936 -0.730504 -0.678894
vn 0.073936 -0.730504 -0.678894
vn 0.086625 -0.855822 -0.509966
vn 0.086625 -0.855822 -0.509966
vn 0.086625 -0.855822 -0.509966
vn 0.086625 -0.855821 -0.509966
vn 0.086625 -0.855821 -0.509966
vn 0.086625 -0.855821 -0.509966
vn 0.095527 -0.943769 -0.316504
vn 0.095527 -0.943769 -0.316504
vn 0.095527 -0.943769 -0.316504
vn 0.095529 -0.943770 -0.316501
vn 0.095529 -0.943770 -0.316501
vn 0.095529 -0.943770 -0.316501
vn 0.100703 -0.994867 -0.009907
vn 0.100703 -0.994867 -0.009907
vn 0.100703 -0.994867 -0.009907
vn 0.100703 -0.994867 -0.009907
vn 0.100703 -0.994867 -0.009907
vn 0.100703 -0.994867 -0.009907
vn -0.394367 -0.068180 0.916420
vn -0.394367 -0.068180 0.916420
vn -0.394367 -0.068180 0.916420
vn 0.985365 0.170456 -0.000003
vn 0.985365 0.170456 -0.000003
vn 0.985365 0.170456 -0.000003
vn 0.985366 0.170451 -0.000002
vn 0.985366 0.170451 -0.000002
vn 0.985366 0.170451 -0.000002
vn -0.041966 0.206170 0.977616
vn -0.041966 0.206170 0.977616
vn -0.041966 0.206170 0.977616
vn 0.394385 0.068080 0.916420
vn 0.394385 0.068080 0.916420
vn 0.394385 0.068080 0.916420
vn -0.144609 0.989489 -0.000097
vn -0.144609 0.989489 -0.000097
vn -0.144609 0.989489 -0.000097
vn 0.132286 -0.991212 -0.000014
vn 0.132286 -0.991212 -0.000014
vn 0.132286 -0.991212 -0.000014
vn 0.132285 -0.991212 -0.000007
vn 0.132285 -0.991212 -0.000007
vn 0.132285 -0.991212 -0.000007
vn 0.132269 -0.991214 -0.000091
vn 0.132269 -0.991214 -0.000091
vn 0.132269 -0.991214 -0.000091
vn 0.132286 -0.991212 -0.000007
vn 0.132286 -0.991212 -0.000007
vn 0.132286 -0.991212 -0.000007
vn 0.132293 -0.991211 0.000000
vn 0.132293 -0.991211 0.000000
vn 0.132293 -0.991211 0.000000
vn 0.132293 -0.991211 0.000000
vn 0.132293 -0.991211 0.000000
vn 0.132293 -0.991211 0.000000
vn 0.132274 -0.991213 0.000000
vn 0.132274 -0.991213 0.000000
vn 0.132274 -0.991213 0.000000
vn 0.132269 -0.991214 0.000000
vn 0.132269 -0.991214 0.000000
vn 0.132269 -0.991214 0.000000
vn 0.132271 -0.991214 0.000000
vn 0.132271 -0.991214 0.000000
vn 0.132271 -0.991214 0.000000
vn 0.132267 -0.991214 0.000000
vn 0.132267 -0.991214 0.000000
vn 0.132267 -0.991214 0.000000
vn 0.132285 -0.991212 0.000003
vn 0.132285 -0.991212 0.000003
vn 0.132285 -0.991212 0.000003
vn 0.132286 -0.991212 0.000004
vn 0.132286 -0.991212 0.000004
vn 0.132286 -0.991212 0.000004
vn 0.132126 -0.991233 0.000009
vn 0.132126 -0.991233 0.000009
vn 0.132126 -0.991233 0.000009
vn 0.132130 -0.991232 -0.000002
vn 0.132130 -0.991232 -0.000002
vn 0.132130 -0.991232 -0.000002
vn 0.132137 -0.991231 0.000011
vn 0.132137 -0.991231 0.000011
vn 0.132137 -0.991231 0.000011
vn 0.132131 -0.991232 0.000001
vn 0.132131 -0.991232 0.000001
vn 0.132131 -0.991232 0.000001
vn 0.132126 -0.991233 0.000000
vn 0.132126 -0.991233 0.000000
vn 0.132126 -0.991233 0.000000
vn 0.132126 -0.991233 0.000000
vn 0.132126 -0.991233 0.000000
vn 0.132126 -0.991233 0.000000
vn 0.132137 -0.991231 0.000000
vn 0.132137 -0.991231 0.000000
vn 0.132137 -0.991231 0.000000
vn 0.132137 -0.991231 0.000000
vn 0.132137 -0.991231 0.000000
vn 0.132137 -0.991231 0.000000
vn 0.132133 -0.991232 0.000000
vn 0.132133 -0.991232 0.000000
vn 0.132133 -0.991232 0.000000
vn 0.132133 -0.991232 0.000000
vn 0.132133 -0.991232 0.000000
vn 0.132133 -0.991232 0.000000
vn 0.132130 -0.991232 0.000004
vn 0.132130 -0.991232 0.000004
vn 0.132130 -0.991232 0.000004
vn 0.132126 -0.991233 -0.000016
vn 0.132126 -0.991233 -0.000016
vn 0.132126 -0.991233 -0.000016
vn 0.132286 -0.991212 -0.000004
vn 0.132286 -0.991212 -0.000004
vn 0.132286 -0.991212 -0.000004
vn 0.132285 -0.991212 -0.000002
vn 0.132285 -0.991212 -0.000002
vn 0.132285 -0.991212 -0.000002
vn 0.132298 -0.991210 0.000026
vn 0.132298 -0.991210 0.000026
vn 0.132298 -0.991210 0.000026
vn 0.132282 -0.991212 -0.000004
vn 0.132282 -0.991212 -0.000004
vn 0.132282 -0.991212 -0.000004
vn 0.132291 -0.991211 0.000000
vn 0.132291 -0.991211 0.000000
vn 0.132291 -0.991211 0.000000
vn 0.132293 -0.991211 0.000000
vn 0.132293 -0.991211 0.000000
vn 0.132293 -0.991211 0.000000
vn 0.132302 -0.991209 -0.000000
vn 0.132302 -0.991209 -0.000000
vn 0.132302 -0.991209 -0.000000
vn 0.132298 -0.991210 0.000000
vn 0.132298 -0.991210 0.000000
vn 0.132298 -0.991210 0.000000
vn 0.132271 -0.991214 0.000000
vn 0.132271 -0.991214 0.000000
vn 0.132271 -0.991214 0.000000
vn 0.132271 -0.991214 0.000000
vn 0.132271 -0.991214 0.000000
vn 0.132271 -0.991214 0.000000
vn 0.132285 -0.991212 0.000005
vn 0.132285 -0.991212 0.000005
vn 0.132285 -0.991212 0.000005
vn 0.132286 -0.991212 0.000007
vn 0.132286 -0.991212 0.000007
vn 0.132286 -0.991212 0.000007
vn 0.132282 -0.991212 0.000009
vn 0.132282 -0.991212 0.000009
vn 0.132282 -0.991212 0.000009
vn 0.132302 -0.991209 -0.000061
vn 0.132302 -0.991209 -0.000061
vn 0.132302 -0.991209 -0.000061
vn 0.132125 -0.991233 0.000031
vn 0.132125 -0.991233 0.000031
vn 0.132125 -0.991233 0.000031
vn 0.132130 -0.991232 -0.000003
vn 0.132130 -0.991232 -0.000003
vn 0.132130 -0.991232 -0.000003
vn 0.132142 -0.991231 0.000055
vn 0.132142 -0.991231 0.000055
vn 0.132142 -0.991231 0.000055
vn 0.132125 -0.991233 -0.000017
vn 0.132125 -0.991233 -0.000017
vn 0.132125 -0.991233 -0.000017
vn 0.132155 -0.991229 0.000002
vn 0.132155 -0.991229 0.000002
vn 0.132155 -0.991229 0.000002
vn 0.132122 -0.991233 0.000000
vn 0.132122 -0.991233 0.000000
vn 0.132122 -0.991233 0.000000
vn 0.132137 -0.991231 0.000000
vn 0.132137 -0.991231 0.000000
vn 0.132137 -0.991231 0.000000
vn 0.132142 -0.991231 -0.000000
vn 0.132142 -0.991231 -0.000000
vn 0.132142 -0.991231 -0.000000
vn 0.132133 -0.991232 0.000000
vn 0.132133 -0.991232 0.000000
vn 0.132133 -0.991232 0.000000
vn 0.132134 -0.991232 -0.000000
vn 0.132134 -0.991232 -0.000000
vn 0.132134 -0.991232 -0.000000
vn 0.132134 -0.991232 0.000000
vn 0.132134 -0.991232 0.000000
vn 0.132134 -0.991232 0.000000
vn 0.132130 -0.991232 0.000001
vn 0.132130 -0.991232 0.000001
vn 0.132130 -0.991232 0.000001
vn 0.132126 -0.991233 -0.000010
vn 0.132126 -0.991233 -0.000010
vn 0.132126 -0.991233 -0.000010
vn 0.132137 -0.991232 0.000002
vn 0.132137 -0.991232 0.000002
vn 0.132137 -0.991232 0.000002
vn 0.132129 -0.991233 -0.000001
vn 0.132129 -0.991233 -0.000001
vn 0.132129 -0.991233 -0.000001
vn 0.132128 -0.991233 -0.000001
vn 0.132128 -0.991233 -0.000001
vn 0.132128 -0.991233 -0.000001
vn 0.132133 -0.991232 -0.000013
vn 0.132133 -0.991232 -0.000013
vn 0.132133 -0.991232 -0.000013
vn 0.132132 -0.991232 -0.000020
vn 0.132132 -0.991232 -0.000020
vn 0.132132 -0.991232 -0.000020
vn 0.135767 -0.990741 0.000000
vn 0.135767 -0.990741 0.000000
vn 0.135767 -0.990741 0.000000
vn 0.135769 -0.990740 -0.000000
vn 0.135769 -0.990740 -0.000000
vn 0.135769 -0.990740 -0.000000
vn 0.133493 -0.991050 0.000005
vn 0.133493 -0.991050 0.000005
vn 0.133493 -0.991050 0.000005
vn 0.133496 -0.991049 -0.000001
vn 0.133496 -0.991049 -0.000001
vn 0.133496 -0.991049 -0.000001
vn 0.133512 -0.991047 0.000041
vn 0.133512 -0.991047 0.000041
vn 0.133512 -0.991047 0.000041
vn 0.133493 -0.991050 -0.000005
vn 0.133493 -0.991050 -0.000005
vn 0.133493 -0.991050 -0.000005
vn 0.133500 -0.991049 0.000000
vn 0.133500 -0.991049 0.000000
vn 0.133500 -0.991049 0.000000
vn 0.133500 -0.991049 0.000000
vn 0.133500 -0.991049 0.000000
vn 0.133500 -0.991049 0.000000
vn 0.133512 -0.991047 0.000000
vn 0.133512 -0.991047 0.000000
vn 0.133512 -0.991047 0.000000
vn 0.133512 -0.991047 0.000000
vn 0.133512 -0.991047 0.000000
vn 0.133512 -0.991047 0.000000
vn 0.133509 -0.991048 0.000000
vn 0.133509 -0.991048 0.000000
vn 0.133509 -0.991048 0.000000
vn 0.133509 -0.991048 0.000000
vn 0.133509 -0.991048 0.000000
vn 0.133509 -0.991048 0.000000
vn 0.133496 -0.991049 0.000002
vn 0.133496 -0.991049 0.000002
vn 0.133496 -0.991049 0.000002
vn 0.133493 -0.991050 -0.000007
vn 0.133493 -0.991050 -0.000007
vn 0.133493 -0.991050 -0.000007
vn 0.133493 -0.991050 0.000007
vn 0.133493 -0.991050 0.000007
vn 0.133493 -0.991050 0.000007
vn 0.133512 -0.991047 -0.000054
vn 0.133512 -0.991047 -0.000054
vn 0.133512 -0.991047 -0.000054
vn 0.133498 -0.991049 -0.000007
vn 0.133498 -0.991049 -0.000007
vn 0.133498 -0.991049 -0.000007
vn 0.133496 -0.991049 -0.000000
vn 0.133496 -0.991049 -0.000000
vn 0.133496 -0.991049 -0.000000
vn 0.133512 -0.991047 0.000035
vn 0.133512 -0.991047 0.000035
vn 0.133512 -0.991047 0.000035
vn 0.133493 -0.991050 -0.000002
vn 0.133493 -0.991050 -0.000002
vn 0.133493 -0.991050 -0.000002
vn 0.133499 -0.991049 0.000000
vn 0.133499 -0.991049 0.000000
vn 0.133499 -0.991049 0.000000
vn 0.133499 -0.991049 0.000000
vn 0.133499 -0.991049 0.000000
vn 0.133499 -0.991049 0.000000
vn 0.133512 -0.991047 0.000000
vn 0.133512 -0.991047 0.000000
vn 0.133512 -0.991047 0.000000
vn 0.133512 -0.991047 0.000000
vn 0.133512 -0.991047 0.000000
vn 0.133512 -0.991047 0.000000
vn 0.133488 -0.991050 0.000000
vn 0.133488 -0.991050 0.000000
vn 0.133488 -0.991050 0.000000
vn 0.133488 -0.991050 0.000000
vn 0.133488 -0.991050 0.000000
vn 0.133488 -0.991050 0.000000
vn 0.133496 -0.991049 0.000001
vn 0.133496 -0.991049 0.000001
vn 0.133496 -0.991049 0.000001
vn 0.133498 -0.991049 0.000009
vn 0.133498 -0.991049 0.000009
vn 0.133498 -0.991049 0.000009
vn 0.133492 -0.991050 0.000002
vn 0.133492 -0.991050 0.000002
vn 0.133492 -0.991050 0.000002
vn 0.133495 -0.991049 -0.000004
vn 0.133495 -0.991049 -0.000004
vn 0.133495 -0.991049 -0.000004
vn 0.133499 -0.991049 0.000005
vn 0.133499 -0.991049 0.000005
vn 0.133499 -0.991049 0.000005
vn 0.133497 -0.991049 -0.000000
vn 0.133497 -0.991049 -0.000000
vn 0.133497 -0.991049 -0.000000
vn 0.133497 -0.991049 0.000000
vn 0.133497 -0.991049 0.000000
vn 0.133497 -0.991049 0.000000
vn 0.133497 -0.991049 0.000000
vn 0.133497 -0.991049 0.000000
vn 0.133497 -0.991049 0.000000
vn 0.133499 -0.991049 0.000000
vn 0.133499 -0.991049 0.000000
vn 0.133499 -0.991049 0.000000
vn 0.133499 -0.991049 0.000000
vn 0.133499 -0.991049 0.000000
vn 0.133499 -0.991049 0.000000
vn 0.133499 -0.991049 0.000000
vn 0.133499 -0.991049 0.000000
vn 0.133499 -0.991049 0.000000
vn 0.133499 -0.991049 0.000000
vn 0.133499 -0.991049 0.000000
vn 0.133499 -0.991049 0.000000
vn 0.133495 -0.991049 0.000005
vn 0.133495 -0.991049 0.000005
vn 0.133495 -0.991049 0.000005
vn 0.133492 -0.991050 -0.000002
vn 0.133492 -0.991050 -0.000002
vn 0.133492 -0.991050 -0.000002
vn 0.133497 -0.991049 0.000000
vn 0.133497 -0.991049 0.000000
vn 0.133497 -0.991049 0.000000
vn 0.133499 -0.991049 -0.000007
vn 0.133499 -0.991049 -0.000007
vn 0.133499 -0.991049 -0.000007
vn 0.154405 -0.988008 -0.000004
vn 0.154405 -0.988008 -0.000004
vn 0.154405 -0.988008 -0.000004
vn 0.154400 -0.988008 0.000005
vn 0.154400 -0.988008 0.000005
vn 0.154400 -0.988008 0.000005
vn 0.154401 -0.988008 0.000009
vn 0.154401 -0.988008 0.000009
vn 0.154401 -0.988008 0.000009
vn 0.154400 -0.988009 0.000006
vn 0.154400 -0.988009 0.000006
vn 0.154400 -0.988009 0.000006
vn 0.154395 -0.988009 0.000004
vn 0.154395 -0.988009 0.000004
vn 0.154395 -0.988009 0.000004
vn 0.154414 -0.988006 0.000002
vn 0.154414 -0.988006 0.000002
vn 0.154414 -0.988006 0.000002
vn 0.154401 -0.988008 0.000002
vn 0.154401 -0.988008 0.000002
vn 0.154401 -0.988008 0.000002
vn 0.154401 -0.988008 0.000002
vn 0.154401 -0.988008 0.000002
vn 0.154401 -0.988008 0.000002
vn 0.154401 -0.988008 0.000004
vn 0.154401 -0.988008 0.000004
vn 0.154401 -0.988008 0.000004
vn 0.154388 -0.988010 0.000003
vn 0.154388 -0.988010 0.000003
vn 0.154388 -0.988010 0.000003
vn 0.154401 -0.988008 0.000008
vn 0.154401 -0.988008 0.000008
vn 0.154401 -0.988008 0.000008
vn 0.154400 -0.988008 0.000003
vn 0.154400 -0.988008 0.000003
vn 0.154400 -0.988008 0.000003
vn 0.154400 -0.988008 0.000013
vn 0.154400 -0.988008 0.000013
vn 0.154400 -0.988008 0.000013
vn 0.154401 -0.988008 0.000008
vn 0.154401 -0.988008 0.000008
vn 0.154401 -0.988008 0.000008
vn 0.154404 -0.988008 0.000000
vn 0.154404 -0.988008 0.000000
vn 0.154404 -0.988008 0.000000
vn 0.154400 -0.988008 0.000008
vn 0.154400 -0.988008 0.000008
vn 0.154400 -0.988008 0.000008
vn 0.154369 -0.988013 -0.000059
vn 0.154369 -0.988013 -0.000059
vn 0.154369 -0.988013 -0.000059
vn 0.154405 -0.988008 0.000010
vn 0.154405 -0.988008 0.000010
vn 0.154405 -0.988008 0.000010
vn 0.154401 -0.988008 0.000009
vn 0.154401 -0.988008 0.000009
vn 0.154401 -0.988008 0.000009
vn 0.154419 -0.988005 0.000006
vn 0.154419 -0.988005 0.000006
vn 0.154419 -0.988005 0.000006
vn 0.154412 -0.988007 0.000006
vn 0.154412 -0.988007 0.000006
vn 0.154412 -0.988007 0.000006
vn 0.154369 -0.988013 0.000009
vn 0.154369 -0.988013 0.000009
vn 0.154369 -0.988013 0.000009
vn 0.154419 -0.988006 0.000009
vn 0.154419 -0.988006 0.000009
vn 0.154419 -0.988006 0.000009
vn 0.154392 -0.988010 0.000006
vn 0.154392 -0.988010 0.000006
vn 0.154392 -0.988010 0.000006
vn 0.154403 -0.988008 0.000009
vn 0.154403 -0.988008 0.000009
vn 0.154403 -0.988008 0.000009
vn 0.154398 -0.988009 -0.000007
vn 0.154398 -0.988009 -0.000007
vn 0.154398 -0.988009 -0.000007
vn 0.154398 -0.988009 0.000023
vn 0.154398 -0.988009 0.000023
vn 0.154398 -0.988009 0.000023
vn 0.154412 -0.988007 -0.000020
vn 0.154412 -0.988007 -0.000020
vn 0.154412 -0.988007 -0.000020
vn 0.154395 -0.988009 0.000006
vn 0.154395 -0.988009 0.000006
vn 0.154395 -0.988009 0.000006
vn 0.154401 -0.988008 -0.000006
vn 0.154401 -0.988008 -0.000006
vn 0.154401 -0.988008 -0.000006
vn 0.154395 -0.988009 0.000008
vn 0.154395 -0.988009 0.000008
vn 0.154395 -0.988009 0.000008
vn 0.154396 -0.988009 0.000004
vn 0.154396 -0.988009 0.000004
vn 0.154396 -0.988009 0.000004
vn 0.154407 -0.988007 0.000005
vn 0.154407 -0.988007 0.000005
vn 0.154407 -0.988007 0.000005
vn 0.154401 -0.988008 0.000004
vn 0.154401 -0.988008 0.000004
vn 0.154401 -0.988008 0.000004
vn 0.154409 -0.988007 0.000004
vn 0.154409 -0.988007 0.000004
vn 0.154409 -0.988007 0.000004
vn 0.154398 -0.988009 0.000005
vn 0.154398 -0.988009 0.000005
vn 0.154398 -0.988009 0.000005
vn 0.000000 0.000000 -1.000000
vn 0.000000 0.000000 -1.000000
vn 0.000000 0.000000 -1.000000
vn 0.000000 0.000000 1.000000
vn 0.000000 0.000000 1.000000
vn 0.000000 0.000000 1.000000
vn 0.154397 -0.988009 0.000006
vn 0.154397 -0.988009 0.000006
vn 0.154397 -0.988009 0.000006
vn 0.154399 -0.988008 0.000001
vn 0.154399 -0.988008 0.000001
vn 0.154399 -0.988008 0.000001
vn 0.154393 -0.988010 -0.000001
vn 0.154393 -0.988010 -0.000001
vn 0.154393 -0.988010 -0.000001
vn 0.154393 -0.988010 -0.000002
vn 0.154393 -0.988010 -0.000002
vn 0.154393 -0.988010 -0.000002
vn 0.154398 -0.988009 0.000000
vn 0.154398 -0.988009 0.000000
vn 0.154398 -0.988009 0.000000
vn 0.154396 -0.988009 -0.000005
vn 0.154396 -0.988009 -0.000005
vn 0.154396 -0.988009 -0.000005
vn 0.154394 -0.988009 0.000004
vn 0.154394 -0.988009 0.000004
vn 0.154394 -0.988009 0.000004
vn 0.154399 -0.988009 0.000001
vn 0.154399 -0.988009 0.000001
vn 0.154399 -0.988009 0.000001
vn 0.154393 -0.988009 0.000002
vn 0.154393 -0.988009 0.000002
vn 0.154393 -0.988009 0.000002
vn 0.154396 -0.988009 0.000003
vn 0.154396 -0.988009 0.000003
vn 0.154396 -0.988009 0.000003
vn 0.154397 -0.988009 0.000004
vn 0.154397 -0.988009 0.000004
vn 0.154397 -0.988009 0.000004
vn 0.133493 -0.991050 0.000008
vn 0.133493 -0.991050 0.000008
vn 0.133493 -0.991050 0.000008
vn 0.133495 -0.991049 -0.000001
vn 0.133495 -0.991049 -0.000001
vn 0.133495 -0.991049 -0.000001
vn 0.133499 -0.991049 0.000000
vn 0.133499 -0.991049 0.000000
vn 0.133499 -0.991049 0.000000
vn 0.133499 -0.991049 0.000000
vn 0.133499 -0.991049 0.000000
vn 0.133499 -0.991049 0.000000
vn 0.133479 -0.991052 0.000000
vn 0.133479 -0.991052 0.000000
vn 0.133479 -0.991052 0.000000
vn 0.133512 -0.991047 -0.000002
vn 0.133512 -0.991047 -0.000002
vn 0.133512 -0.991047 -0.000002
vn 0.133498 -0.991049 -0.000008
vn 0.133498 -0.991049 -0.000008
vn 0.133498 -0.991049 -0.000008
vn 0.133512 -0.991047 -0.000039
vn 0.133512 -0.991047 -0.000039
vn 0.133512 -0.991047 -0.000039
vn 0.133482 -0.991051 0.000000
vn 0.133482 -0.991051 0.000000
vn 0.133482 -0.991051 0.000000
vn 0.133483 -0.991051 0.000000
vn 0.133483 -0.991051 0.000000
vn 0.133483 -0.991051 0.000000
vn 0.133498 -0.991049 0.000001
vn 0.133498 -0.991049 0.000001
vn 0.133498 -0.991049 0.000001
vn 0.133495 -0.991049 0.000008
vn 0.133495 -0.991049 0.000008
vn 0.133495 -0.991049 0.000008
vn 0.133479 -0.991052 -0.000041
vn 0.133479 -0.991052 -0.000041
vn 0.133479 -0.991052 -0.000041
vn 0.133498 -0.991049 0.000012
vn 0.133498 -0.991049 0.000012
vn 0.133498 -0.991049 0.000012
vn 0.120787 -0.992678 -0.000002
vn 0.120787 -0.992678 -0.000002
vn 0.120787 -0.992678 -0.000002
vn 0.120785 -0.992679 -0.000005
vn 0.120785 -0.992679 -0.000005
vn 0.120785 -0.992679 -0.000005
vn 0.120808 -0.992676 0.000000
vn 0.120808 -0.992676 0.000000
vn 0.120808 -0.992676 0.000000
vn 0.120808 -0.992676 0.000000
vn 0.120808 -0.992676 0.000000
vn 0.120808 -0.992676 0.000000
vn 0.120794 -0.992678 0.000000
vn 0.120794 -0.992678 0.000000
vn 0.120794 -0.992678 0.000000
vn 0.120794 -0.992678 0.000000
vn 0.120794 -0.992678 0.000000
vn 0.120794 -0.992678 0.000000
vn 0.120784 -0.992679 0.000001
vn 0.120784 -0.992679 0.000001
vn 0.120784 -0.992679 0.000001
vn 0.120794 -0.992678 -0.000015
vn 0.120794 -0.992678 -0.000015
vn 0.120794 -0.992678 -0.000015
vn 0.120790 -0.992678 0.000000
vn 0.120790 -0.992678 0.000000
vn 0.120790 -0.992678 0.000000
vn 0.120786 -0.992678 -0.000001
vn 0.120786 -0.992678 -0.000001
vn 0.120786 -0.992678 -0.000001
vn 0.120789 -0.992678 -0.000004
vn 0.120789 -0.992678 -0.000004
vn 0.120789 -0.992678 -0.000004
vn 0.120761 -0.992682 0.000030
vn 0.120761 -0.992682 0.000030
vn 0.120761 -0.992682 0.000030
vn 0.120789 -0.992678 -0.000008
vn 0.120789 -0.992678 -0.000008
vn 0.120789 -0.992678 -0.000008
vn 0.120784 -0.992679 0.000004
vn 0.120784 -0.992679 0.000004
vn 0.120784 -0.992679 0.000004
vn 0.120760 -0.992682 0.000001
vn 0.120760 -0.992682 0.000001
vn 0.120760 -0.992682 0.000001
vn 0.120825 -0.992674 -0.000002
vn 0.120825 -0.992674 -0.000002
vn 0.120825 -0.992674 -0.000002
vn 0.120761 -0.992682 0.000000
vn 0.120761 -0.992682 0.000000
vn 0.120761 -0.992682 0.000000
vn 0.120761 -0.992682 0.000000
vn 0.120761 -0.992682 0.000000
vn 0.120761 -0.992682 0.000000
vn 0.120771 -0.992680 0.000000
vn 0.120771 -0.992680 0.000000
vn 0.120771 -0.992680 0.000000
vn 0.120771 -0.992680 0.000000
vn 0.120771 -0.992680 0.000000
vn 0.120771 -0.992680 0.000000
vn 0.120785 -0.992679 -0.000001
vn 0.120785 -0.992679 -0.000001
vn 0.120785 -0.992679 -0.000001
vn 0.120789 -0.992678 0.000009
vn 0.120789 -0.992678 0.000009
vn 0.120789 -0.992678 0.000009
vn 0.120784 -0.992679 -0.000002
vn 0.120784 -0.992679 -0.000002
vn 0.120784 -0.992679 -0.000002
vn 0.120794 -0.992678 -0.000013
vn 0.120794 -0.992678 -0.000013
vn 0.120794 -0.992678 -0.000013
vn 0.120790 -0.992678 -0.000008
vn 0.120790 -0.992678 -0.000008
vn 0.120790 -0.992678 -0.000008
vn 0.120786 -0.992679 0.000001
vn 0.120786 -0.992679 0.000001
vn 0.120786 -0.992679 0.000001
vn 0.120784 -0.992679 -0.000001
vn 0.120784 -0.992679 -0.000001
vn 0.120784 -0.992679 -0.000001
vn 0.120780 -0.992679 0.000000
vn 0.120780 -0.992679 0.000000
vn 0.120780 -0.992679 0.000000
vn 0.120798 -0.992677 0.000000
vn 0.120798 -0.992677 0.000000
vn 0.120798 -0.992677 0.000000
vn 0.120794 -0.992678 0.000000
vn 0.120794 -0.992678 0.000000
vn 0.120794 -0.992678 0.000000
vn 0.120776 -0.992680 0.000000
vn 0.120776 -0.992680 0.000000
vn 0.120776 -0.992680 0.000000
vn 0.120776 -0.992680 0.000000
vn 0.120776 -0.992680 0.000000
vn 0.120776 -0.992680 0.000000
vn 0.120785 -0.992679 0.000006
vn 0.120785 -0.992679 0.000006
vn 0.120785 -0.992679 0.000006
vn 0.120784 -0.992679 0.000004
vn 0.120784 -0.992679 0.000004
vn 0.120784 -0.992679 0.000004
vn 0.120789 -0.992678 -0.000014
vn 0.120789 -0.992678 -0.000014
vn 0.120789 -0.992678 -0.000014
vn 0.120798 -0.992677 -0.000045
vn 0.120798 -0.992677 -0.000045
vn 0.120798 -0.992677 -0.000045
vn 0.120789 -0.992678 -0.000479
vn 0.120789 -0.992678 -0.000479
vn 0.120789 -0.992678 -0.000479
vn 0.120798 -0.992677 -0.000489
vn 0.120798 -0.992677 -0.000489
vn 0.120798 -0.992677 -0.000489
vn 0.120784 -0.992679 -0.000471
vn 0.120784 -0.992679 -0.000471
vn 0.120784 -0.992679 -0.000471
vn 0.120592 -0.992702 -0.000034
vn 0.120592 -0.992702 -0.000034
vn 0.120592 -0.992702 -0.000034
vn 0.120787 -0.992678 0.000000
vn 0.120787 -0.992678 0.000000
vn 0.120787 -0.992678 0.000000
vn 0.120787 -0.992678 0.000000
vn 0.120787 -0.992678 0.000000
vn 0.120787 -0.992678 0.000000
vn 0.120765 -0.992681 0.000000
vn 0.120765 -0.992681 0.000000
vn 0.120765 -0.992681 0.000000
vn 0.120798 -0.992677 -0.000002
vn 0.120798 -0.992677 -0.000002
vn 0.120798 -0.992677 -0.000002
vn 0.120775 -0.992680 0.000000
vn 0.120775 -0.992680 0.000000
vn 0.120775 -0.992680 0.000000
vn 0.118935 -0.992902 -0.000128
vn 0.118935 -0.992902 -0.000128
vn 0.118935 -0.992902 -0.000128
vn 0.120787 -0.992678 -0.000001
vn 0.120787 -0.992678 -0.000001
vn 0.120787 -0.992678 -0.000001
vn 0.120789 -0.992678 0.000006
vn 0.120789 -0.992678 0.000006
vn 0.120789 -0.992678 0.000006
vn 0.988010 0.154391 -0.000001
vn 0.988010 0.154391 -0.000001
vn 0.988010 0.154391 -0.000001
vn 0.988010 0.154391 -0.000002
vn 0.988010 0.154391 -0.000002
vn 0.988010 0.154391 -0.000002
vn 0.988009 0.154396 -0.000023
vn 0.988009 0.154396 -0.000023
vn 0.988009 0.154396 -0.000023
vn 0.988033 0.154243 -0.000068
vn 0.988033 0.154243 -0.000068
vn 0.988033 0.154243 -0.000068
vn 0.988002 0.154443 0.000043
vn 0.988002 0.154443 0.000043
vn 0.988002 0.154443 0.000043
vn 0.988009 0.154394 0.000004
vn 0.988009 0.154394 0.000004
vn 0.988009 0.154394 0.000004
vn 0.988020 0.154323 -0.000071
vn 0.988020 0.154323 -0.000071
vn 0.988020 0.154323 -0.000071
vn -0.988033 -0.154243 0.000068
vn -0.988033 -0.154243 0.000068
vn -0.988033 -0.154243 0.000068
vn -0.987999 -0.154460 -0.000053
vn -0.987999 -0.154460 -0.000053
vn -0.987999 -0.154460 -0.000053
vn -0.988010 -0.154393 0.000005
vn -0.988010 -0.154393 0.000005
vn -0.988010 -0.154393 0.000005
vn -0.988008 -0.154405 0.000007
vn -0.988008 -0.154405 0.000007
vn -0.988008 -0.154405 0.000007
vn -0.988009 -0.154399 0.000016
vn -0.988009 -0.154399 0.000016
vn -0.988009 -0.154399 0.000016
vn -0.988009 -0.154396 0.000018
vn -0.988009 -0.154396 0.000018
vn -0.988009 -0.154396 0.000018
vn 0.988008 0.154400 -0.000001
vn 0.988008 0.154400 -0.000001
vn 0.988008 0.154400 -0.000001
vn 0.988009 0.154398 0.000004
vn 0.988009 0.154398 0.000004
vn 0.988009 0.154398 0.000004
vn 0.988009 0.154396 0.000013
vn 0.988009 0.154396 0.000013
vn 0.988009 0.154396 0.000013
vn 0.988048 0.154148 -0.000161
vn 0.988048 0.154148 -0.000161
vn 0.988048 0.154148 -0.000161
vn 0.988021 0.154316 -0.000067
vn 0.988021 0.154316 -0.000067
vn 0.988021 0.154316 -0.000067
vn 0.988006 0.154415 0.000016
vn 0.988006 0.154415 0.000016
vn 0.988006 0.154415 0.000016
vn 0.988015 0.154360 -0.000042
vn 0.988015 0.154360 -0.000042
vn 0.988015 0.154360 -0.000042
vn -0.987991 -0.154513 -0.000043
vn -0.987991 -0.154513 -0.000043
vn -0.987991 -0.154513 -0.000043
vn -0.988021 -0.154316 0.000067
vn -0.988021 -0.154316 0.000067
vn -0.988021 -0.154316 0.000067
vn -0.988009 -0.154397 -0.000003
vn -0.988009 -0.154397 -0.000003
vn -0.988009 -0.154397 -0.000003
vn -0.988026 -0.154286 0.000176
vn -0.988026 -0.154286 0.000176
vn -0.988026 -0.154286 0.000176
vn -0.987999 -0.154461 -0.000061
vn -0.987999 -0.154461 -0.000061
vn -0.987999 -0.154461 -0.000061
vn -0.988009 -0.154396 -0.000008
vn -0.988009 -0.154396 -0.000008
vn -0.988009 -0.154396 -0.000008
vn 0.988009 0.154399 -0.000001
vn 0.988009 0.154399 -0.000001
vn 0.988009 0.154399 -0.000001
vn 0.988011 0.154386 0.000026
vn 0.988011 0.154386 0.000026
vn 0.988011 0.154386 0.000026
vn 0.988009 0.154396 -0.000023
vn 0.988009 0.154396 -0.000023
vn 0.988009 0.154396 -0.000023
vn 0.988033 0.154243 -0.000068
vn 0.988033 0.154243 -0.000068
vn 0.988033 0.154243 -0.000068
vn 0.988018 0.154337 -0.000016
vn 0.988018 0.154337 -0.000016
vn 0.988018 0.154337 -0.000016
vn 0.988020 0.154326 -0.000077
vn 0.988020 0.154326 -0.000077
vn 0.988020 0.154326 -0.000077
vn 0.988015 0.154355 -0.000046
vn 0.988015 0.154355 -0.000046
vn 0.988015 0.154355 -0.000046
vn -0.987984 -0.154555 -0.000060
vn -0.987984 -0.154555 -0.000060
vn -0.987984 -0.154555 -0.000060
vn -0.988025 -0.154296 0.000085
vn -0.988025 -0.154296 0.000085
vn -0.988025 -0.154296 0.000085
vn -0.988009 -0.154398 -0.000004
vn -0.988009 -0.154398 -0.000004
vn -0.988009 -0.154398 -0.000004
vn -0.988019 -0.154333 0.000051
vn -0.988019 -0.154333 0.000051
vn -0.988019 -0.154333 0.000051
vn -0.988015 -0.154358 0.000017
vn -0.988015 -0.154358 0.000017
vn -0.988015 -0.154358 0.000017
vn -0.988009 -0.154396 -0.000013
vn -0.988009 -0.154396 -0.000013
vn -0.988009 -0.154396 -0.000013
vn -0.994917 -0.100700 0.000012
vn -0.994917 -0.100700 0.000012
vn -0.994917 -0.100700 0.000012
vn -0.994915 -0.100717 0.000010
vn -0.994915 -0.100717 0.000010
vn -0.994915 -0.100717 0.000010
vn -0.994916 -0.100706 0.000013
vn -0.994916 -0.100706 0.000013
vn -0.994916 -0.100706 0.000013
vn -0.994916 -0.100712 0.000015
vn -0.994916 -0.100712 0.000015
vn -0.994916 -0.100712 0.000015
vn -0.994916 -0.100703 0.000011
vn -0.994916 -0.100703 0.000011
vn -0.994916 -0.100703 0.000011
vn -0.994915 -0.100715 0.000018
vn -0.994915 -0.100715 0.000018
vn -0.994915 -0.100715 0.000018
vn -0.994916 -0.100703 0.000008
vn -0.994916 -0.100703 0.000008
vn -0.994916 -0.100703 0.000008
vn -0.994916 -0.100711 0.000017
vn -0.994916 -0.100711 0.000017
vn -0.994916 -0.100711 0.000017
vn -0.994916 -0.100708 0.000013
vn -0.994916 -0.100708 0.000013
vn -0.994916 -0.100708 0.000013
vn -0.994916 -0.100712 0.000019
vn -0.994916 -0.100712 0.000019
vn -0.994916 -0.100712 0.000019
vn -0.994916 -0.100710 0.000014
vn -0.994916 -0.100710 0.000014
vn -0.994916 -0.100710 0.000014
vn -0.994914 -0.100726 0.000043
vn -0.994914 -0.100726 0.000043
vn -0.994914 -0.100726 0.000043
vn -0.994916 -0.100712 0.000007
vn -0.994916 -0.100712 0.000007
vn -0.994916 -0.100712 0.000007
vn -0.994916 -0.100708 0.000016
vn -0.994916 -0.100708 0.000016
vn -0.994916 -0.100708 0.000016
vn -0.994915 -0.100713 0.000008
vn -0.994915 -0.100713 0.000008
vn -0.994915 -0.100713 0.000008
vn -0.994916 -0.100708 0.000015
vn -0.994916 -0.100708 0.000015
vn -0.994916 -0.100708 0.000015
vn -0.994916 -0.100711 0.000011
vn -0.994916 -0.100711 0.000011
vn -0.994916 -0.100711 0.000011
vn 0.994915 0.100720 -0.000003
vn 0.994915 0.100720 -0.000003
vn 0.994915 0.100720 -0.000003
vn 0.994916 0.100710 -0.000015
vn 0.994916 0.100710 -0.000015
vn 0.994916 0.100710 -0.000015
vn 0.994916 0.100704 -0.000024
vn 0.994916 0.100704 -0.000024
vn 0.994916 0.100704 -0.000024
vn 0.994915 0.100717 -0.000001
vn 0.994915 0.100717 -0.000001
vn 0.994915 0.100717 -0.000001
vn 0.994915 0.100714 -0.000007
vn 0.994915 0.100714 -0.000007
vn 0.994915 0.100714 -0.000007
vn 0.994913 0.100734 -0.000062
vn 0.994913 0.100734 -0.000062
vn 0.994913 0.100734 -0.000062
vn 0.994916 0.100710 -0.000019
vn 0.994916 0.100710 -0.000019
vn 0.994916 0.100710 -0.000019
vn 0.994917 0.100700 -0.000002
vn 0.994917 0.100700 -0.000002
vn 0.994917 0.100700 -0.000002
vn 0.994916 0.100708 -0.000016
vn 0.994916 0.100708 -0.000016
vn 0.994916 0.100708 -0.000016
vn 0.994916 0.100706 -0.000012
vn 0.994916 0.100706 -0.000012
vn 0.994916 0.100706 -0.000012
vn 0.994916 0.100708 -0.000014
vn 0.994916 0.100708 -0.000014
vn 0.994916 0.100708 -0.000014
vn 0.994916 0.100708 -0.000014
vn 0.994916 0.100708 -0.000014
vn 0.994916 0.100708 -0.000014
vn 0.994916 0.100703 -0.000012
vn 0.994916 0.100703 -0.000012
vn 0.994916 0.100703 -0.000012
vn 0.994915 0.100722 -0.000019
vn 0.994915 0.100722 -0.000019
vn 0.994915 0.100722 -0.000019
vn 0.994918 0.100688 -0.000010
vn 0.994918 0.100688 -0.000010
vn 0.994918 0.100688 -0.000010
vn 0.994917 0.100701 -0.000011
vn 0.994917 0.100701 -0.000011
vn 0.994917 0.100701 -0.000011
vn 0.994917 0.100696 -0.000012
vn 0.994917 0.100696 -0.000012
vn 0.994917 0.100696 -0.000012
vn 0.994916 0.100710 -0.000005
vn 0.994916 0.100710 -0.000005
vn 0.994916 0.100710 -0.000005
vn 0.994916 0.100710 -0.000007
vn 0.994916 0.100710 -0.000007
vn 0.994916 0.100710 -0.000007
vn -0.996783 -0.080051 0.003805
vn -0.996783 -0.080051 0.003805
vn -0.996783 -0.080051 0.003805
vn -0.996783 -0.080050 0.003805
vn -0.996783 -0.080050 0.003805
vn -0.996783 -0.080050 0.003805
vn -0.996784 -0.080051 0.003805
vn -0.996784 -0.080051 0.003805
vn -0.996784 -0.080051 0.003805
vn -0.996783 -0.080051 0.003804
vn -0.996783 -0.080051 0.003804
vn -0.996783 -0.080051 0.003804
vn -0.996928 -0.078246 0.003338
vn -0.996928 -0.078246 0.003338
vn -0.996928 -0.078246 0.003338
vn -0.996911 -0.078478 0.003181
vn -0.996911 -0.078478 0.003181
vn -0.996911 -0.078478 0.003181
vn 0.003263 0.000255 0.999995
vn 0.003263 0.000255 0.999995
vn 0.003263 0.000255 0.999995
vn 0.003286 0.000258 0.999995
vn 0.003286 0.000258 0.999995
vn 0.003286 0.000258 0.999995
vn -0.078319 0.996928 -0.000002
vn -0.078319 0.996928 -0.000002
vn -0.078319 0.996928 -0.000002
vn -0.078400 0.996922 0.000000
vn -0.078400 0.996922 0.000000
vn -0.078400 0.996922 0.000000
vn -0.003273 -0.000256 -0.999995
vn -0.003273 -0.000256 -0.999995
vn -0.003273 -0.000256 -0.999995
vn -0.003256 -0.000256 -0.999995
vn -0.003256 -0.000256 -0.999995
vn -0.003256 -0.000256 -0.999995
vn 0.078470 -0.996916 -0.000000
vn 0.078470 -0.996916 -0.000000
vn 0.078470 -0.996916 -0.000000
vn 0.078429 -0.996920 -0.000001
vn 0.078429 -0.996920 -0.000001
vn 0.078429 -0.996920 -0.000001
vn 0.614819 0.062113 0.786218
vn 0.614819 0.062113 0.786218
vn 0.614819 0.062113 0.786218
vn 0.614826 0.062114 0.786213
vn 0.614826 0.062114 0.786213
vn 0.614826 0.062114 0.786213
vn -0.996911 -0.078470 0.003180
vn -0.996911 -0.078470 0.003180
vn -0.996911 -0.078470 0.003180
vn -0.996911 -0.078471 0.003189
vn -0.996911 -0.078471 0.003189
vn -0.996911 -0.078471 0.003189
vn 0.078472 -0.996916 0.000008
vn 0.078472 -0.996916 0.000008
vn 0.078472 -0.996916 0.000008
vn 0.078472 -0.996916 0.000008
vn 0.078472 -0.996916 0.000008
vn 0.078472 -0.996916 0.000008
vn 0.003177 0.000250 0.999995
vn 0.003177 0.000250 0.999995
vn 0.003177 0.000250 0.999995
vn 0.003177 0.000250 0.999995
vn 0.003177 0.000250 0.999995
vn 0.003177 0.000250 0.999995
vn -0.078472 0.996916 -0.000007
vn -0.078472 0.996916 -0.000007
vn -0.078472 0.996916 -0.000007
vn -0.078472 0.996916 -0.000007
vn -0.078472 0.996916 -0.000007
vn -0.078472 0.996916 -0.000007
vn -0.996911 -0.078471 0.003183
vn -0.996911 -0.078471 0.003183
vn -0.996911 -0.078471 0.003183
vn -0.996911 -0.078471 0.003183
vn -0.996911 -0.078471 0.003183
vn -0.996911 -0.078471 0.003183
vn -0.078474 0.996916 0.000001
vn -0.078474 0.996916 0.000001
vn -0.078474 0.996916 0.000001
vn -0.078474 0.996916 0.000001
vn -0.078474 0.996916 0.000001
vn -0.078474 0.996916 0.000001
vn 0.078474 -0.996916 -0.000001
vn 0.078474 -0.996916 -0.000001
vn 0.078474 -0.996916 -0.000001
vn 0.078474 -0.996916 -0.000001
vn 0.078474 -0.996916 -0.000001
vn 0.078474 -0.996916 -0.000001
vn 0.003173 0.000250 0.999995
vn 0.003173 0.000250 0.999995
vn 0.003173 0.000250 0.999995
vn 0.003173 0.000251 0.999995
vn 0.003173 0.000251 0.999995
vn 0.003173 0.000251 0.999995
vn -0.996911 -0.078470 0.003193
vn -0.996911 -0.078470 0.003193
vn -0.996911 -0.078470 0.003193
vn -0.996911 -0.078471 0.003177
vn -0.996911 -0.078471 0.003177
vn -0.996911 -0.078471 0.003177
vn -0.078472 0.996916 0.000002
vn -0.078472 0.996916 0.000002
vn -0.078472 0.996916 0.000002
vn -0.078472 0.996916 0.000002
vn -0.078472 0.996916 0.000002
vn -0.078472 0.996916 0.000002
vn 0.003173 0.000250 0.999995
vn 0.003173 0.000250 0.999995
vn 0.003173 0.000250 0.999995
vn 0.003173 0.000248 0.999995
vn 0.003173 0.000248 0.999995
vn 0.003173 0.000248 0.999995
vn 0.078472 -0.996916 -0.000003
vn 0.078472 -0.996916 -0.000003
vn 0.078472 -0.996916 -0.000003
vn 0.078472 -0.996916 -0.000003
vn 0.078472 -0.996916 -0.000003
vn 0.078472 -0.996916 -0.000003
vn -0.996915 -0.078470 0.001478
vn -0.996915 -0.078470 0.001478
vn -0.996915 -0.078470 0.001478
vn -0.996915 -0.078471 0.001484
vn -0.996915 -0.078471 0.001484
vn -0.996915 -0.078471 0.001484
vn 0.078472 -0.996916 0.000005
vn 0.078472 -0.996916 0.000005
vn 0.078472 -0.996916 0.000005
vn 0.078467 -0.996917 -0.000001
vn 0.078467 -0.996917 -0.000001
vn 0.078467 -0.996917 -0.000001
vn 0.003174 0.000251 0.999995
vn 0.003174 0.000251 0.999995
vn 0.003174 0.000251 0.999995
vn 0.003174 0.000250 0.999995
vn 0.003174 0.000250 0.999995
vn 0.003174 0.000250 0.999995
vn -0.078472 0.996916 0.000000
vn -0.078472 0.996916 0.000000
vn -0.078472 0.996916 0.000000
vn -0.078472 0.996916 0.000000
vn -0.078472 0.996916 0.000000
vn -0.078472 0.996916 0.000000
vn 0.154393 -0.988009 0.000008
vn 0.154393 -0.988009 0.000008
vn 0.154393 -0.988009 0.000008
vn 0.154389 -0.988010 0.000013
vn 0.154389 -0.988010 0.000013
vn 0.154389 -0.988010 0.000013
vn 0.154396 -0.988009 0.000003
vn 0.154396 -0.988009 0.000003
vn 0.154396 -0.988009 0.000003
vn 0.000360 -0.003113 0.999995
vn 0.000360 -0.003113 0.999995
vn 0.000360 -0.003113 0.999995
vn 0.120730 -0.992210 -0.030715
vn 0.120730 -0.992210 -0.030715
vn 0.120730 -0.992210 -0.030715
vn 0.120729 -0.992211 -0.030695
vn 0.120729 -0.992211 -0.030695
vn 0.120729 -0.992211 -0.030695
vn 0.846465 -0.531559 -0.030687
vn 0.846465 -0.531559 -0.030687
vn 0.846465 -0.531559 -0.030687
vn 0.845102 -0.534606 0.000015
vn 0.845102 -0.534606 0.000015
vn 0.845102 -0.534606 0.000015
vn -0.728564 -0.684977 0.000000
vn -0.728564 -0.684977 0.000000
vn -0.728564 -0.684977 0.000000
vn -0.725551 -0.687479 -0.030783
vn -0.725551 -0.687479 -0.030783
vn -0.725551 -0.687479 -0.030783
vn -0.173475 -0.163098 -0.971239
vn -0.173475 -0.163098 -0.971239
vn -0.173475 -0.163098 -0.971239
vn -0.173472 -0.163095 -0.971240
vn -0.173472 -0.163095 -0.971240
vn -0.173472 -0.163095 -0.971240
vn 0.201641 -0.126626 -0.971240
vn 0.201641 -0.126626 -0.971240
vn 0.201641 -0.126626 -0.971240
vn 0.201638 -0.126625 -0.971241
vn 0.201638 -0.126625 -0.971241
vn 0.201638 -0.126625 -0.971241
vn 0.067784 -0.557088 -0.827682
vn 0.067784 -0.557088 -0.827682
vn 0.067784 -0.557088 -0.827682
vn 0.067784 -0.557075 -0.827691
vn 0.067784 -0.557075 -0.827691
vn 0.067784 -0.557075 -0.827691
vn 0.067787 -0.557108 -0.827669
vn 0.067787 -0.557108 -0.827669
vn 0.067787 -0.557108 -0.827669
vn 0.067785 -0.557085 -0.827684
vn 0.067785 -0.557085 -0.827684
vn 0.067785 -0.557085 -0.827684
vn 0.067785 -0.557087 -0.827683
vn 0.067785 -0.557087 -0.827683
vn 0.067785 -0.557087 -0.827683
vn -0.408860 -0.384405 -0.827687
vn -0.408860 -0.384405 -0.827687
vn -0.408860 -0.384405 -0.827687
vn -0.408869 -0.384410 -0.827681
vn -0.408869 -0.384410 -0.827681
vn -0.408869 -0.384410 -0.827681
vn 0.475252 -0.298447 -0.827687
vn 0.475252 -0.298447 -0.827687
vn 0.475252 -0.298447 -0.827687
vn 0.475252 -0.298447 -0.827687
vn 0.475252 -0.298447 -0.827687
vn 0.475252 -0.298447 -0.827687
vn 0.028760 -0.236361 -0.971240
vn 0.028760 -0.236361 -0.971240
vn 0.028760 -0.236361 -0.971240
vn 0.028760 -0.236360 -0.971240
vn 0.028760 -0.236360 -0.971240
vn 0.028760 -0.236360 -0.971240
vn -0.144134 0.989558 -0.000154
vn -0.144134 0.989558 -0.000154
vn -0.144134 0.989558 -0.000154
vn 0.132130 -0.991232 -0.000006
vn 0.132130 -0.991232 -0.000006
vn 0.132130 -0.991232 -0.000006
vn 0.132132 -0.991232 0.000010
vn 0.132132 -0.991232 0.000010
vn 0.132132 -0.991232 0.000010
vn -0.994916 -0.100711 0.000008
vn -0.994916 -0.100711 0.000008
vn -0.994916 -0.100711 0.000008
vn -0.994916 -0.100709 0.000014
vn -0.994916 -0.100709 0.000014
vn -0.994916 -0.100709 0.000014
vn 0.994916 0.100713 -0.000011
vn 0.994916 0.100713 -0.000011
vn 0.994916 0.100713 -0.000011
vn 0.994916 0.100712 -0.000011
vn 0.994916 0.100712 -0.000011
vn 0.994916 0.100712 -0.000011
vn -0.996784 -0.080050 0.003804
vn -0.996784 -0.080050 0.003804
vn -0.996784 -0.080050 0.003804
vn -0.996783 -0.080050 0.003805
vn -0.996783 -0.080050 0.003805
vn -0.996783 -0.080050 0.003805
vn -0.996822 -0.079562 0.004007
vn -0.996822 -0.079562 0.004007
vn -0.996822 -0.079562 0.004007
vn -0.996784 -0.080049 0.003805
vn -0.996784 -0.080049 0.003805
vn -0.996784 -0.080049 0.003805
vn 0.003174 0.000250 0.999995
vn 0.003174 0.000250 0.999995
vn 0.003174 0.000250 0.999995
vn 0.003174 0.000250 0.999995
vn 0.003174 0.000250 0.999995
vn 0.003174 0.000250 0.999995
vn 0.003173 0.000250 0.999995
vn 0.003173 0.000250 0.999995
vn 0.003173 0.000250 0.999995
vn 0.003173 0.000249 0.999995
vn 0.003173 0.000249 0.999995
vn 0.003173 0.000249 0.999995
vn 0.003171 0.000250 0.999995
vn 0.003171 0.000250 0.999995
vn 0.003171 0.000250 0.999995
vn 0.003171 0.000250 0.999995
vn 0.003171 0.000250 0.999995
vn 0.003171 0.000250 0.999995
vn 0.003173 0.000250 0.999995
vn 0.003173 0.000250 0.999995
vn 0.003173 0.000250 0.999995
vn 0.003172 0.000251 0.999995
vn 0.003172 0.000251 0.999995
vn 0.003172 0.000251 0.999995
vn 0.003175 0.000250 0.999995
vn 0.003175 0.000250 0.999995
vn 0.003175 0.000250 0.999995
vn 0.003175 0.000250 0.999995
vn 0.003175 0.000250 0.999995
vn 0.003175 0.000250 0.999995
vn 0.003174 0.000250 0.999995
vn 0.003174 0.000250 0.999995
vn 0.003174 0.000250 0.999995
vn 0.003174 0.000249 0.999995
vn 0.003174 0.000249 0.999995
vn 0.003174 0.000249 0.999995
vn -0.728559 -0.684983 -0.000004
vn -0.728559 -0.684983 -0.000004
vn -0.728559 -0.684983 -0.000004
vn -0.728561 -0.684981 0.000002
vn -0.728561 -0.684981 0.000002
vn -0.728561 -0.684981 0.000002
vn -0.727756 -0.685836 -0.000002
vn -0.727756 -0.685836 -0.000002
vn -0.727756 -0.685836 -0.000002
vn -0.728454 -0.685094 0.000000
vn -0.728454 -0.685094 0.000000
vn -0.728454 -0.685094 0.000000
vn -0.728673 -0.684862 -0.000162
vn -0.728673 -0.684862 -0.000162
vn -0.728673 -0.684862 -0.000162
vn -0.728560 -0.684982 -0.000007
vn -0.728560 -0.684982 -0.000007
vn -0.728560 -0.684982 -0.000007
vn -0.799931 -0.600093 -0.000036
vn -0.799931 -0.600093 -0.000036
vn -0.799931 -0.600093 -0.000036
vn 0.847135 -0.531378 -0.000132
vn 0.847135 -0.531378 -0.000132
vn 0.847135 -0.531378 -0.000132
vn 0.849126 -0.528190 0.000000
vn 0.849126 -0.528190 0.000000
vn 0.849126 -0.528190 0.000000
vn 0.133496 -0.991049 0.000000
vn 0.133496 -0.991049 0.000000
vn 0.133496 -0.991049 0.000000
vn 0.133497 -0.991049 -0.000002
vn 0.133497 -0.991049 -0.000002
vn 0.133497 -0.991049 -0.000002
vn 0.133497 -0.991049 0.000000
vn 0.133497 -0.991049 0.000000
vn 0.133497 -0.991049 0.000000
vn 0.133496 -0.991049 0.000000
vn 0.133496 -0.991049 0.000000
vn 0.133496 -0.991049 0.000000
vn 0.133496 -0.991049 0.000000
vn 0.133496 -0.991049 0.000000
vn 0.133496 -0.991049 0.000000
vn 0.133492 -0.991050 0.000000
vn 0.133492 -0.991050 0.000000
vn 0.133492 -0.991050 0.000000
vn 0.133492 -0.991050 0.000000
vn 0.133492 -0.991050 0.000000
vn 0.133492 -0.991050 0.000000
vn 0.133497 -0.991049 0.000004
vn 0.133497 -0.991049 0.000004
vn 0.133497 -0.991049 0.000004
vn 0.133497 -0.991049 0.000004
vn 0.133497 -0.991049 0.000004
vn 0.133497 -0.991049 0.000004
vn 0.122143 -0.781545 -0.611774
vn 0.122143 -0.781545 -0.611774
vn 0.122143 -0.781545 -0.611774
vn 0.122123 -0.781579 -0.611736
vn 0.122123 -0.781579 -0.611736
vn 0.122123 -0.781579 -0.611736
vn 0.122147 -0.781575 -0.611736
vn 0.122147 -0.781575 -0.611736
vn 0.122147 -0.781575 -0.611736
vn 0.122147 -0.781575 -0.611736
vn 0.122147 -0.781575 -0.611736
vn 0.122147 -0.781575 -0.611736
vn 0.122123 -0.781579 -0.611736
vn 0.122123 -0.781579 -0.611736
vn 0.122123 -0.781579 -0.611736
vn 0.122123 -0.781579 -0.611736
vn 0.122123 -0.781579 -0.611736
vn 0.122123 -0.781579 -0.611736
vn 0.133506 -0.991046 -0.001980
vn 0.133506 -0.991046 -0.001980
vn 0.133506 -0.991046 -0.001980
vn 0.126605 -0.991953 0.000004
vn 0.126605 -0.991953 0.000004
vn 0.126605 -0.991953 0.000004
vn 0.133440 -0.991057 0.000000
vn 0.133440 -0.991057 0.000000
vn 0.133440 -0.991057 0.000000
vn 0.133494 -0.991050 -0.000049
vn 0.133494 -0.991050 -0.000049
vn 0.133494 -0.991050 -0.000049
vn 0.133628 -0.991032 0.000000
vn 0.133628 -0.991032 0.000000
vn 0.133628 -0.991032 0.000000
vn 0.133628 -0.991032 0.000000
vn 0.133628 -0.991032 0.000000
vn 0.133628 -0.991032 0.000000
vn 0.133497 -0.991049 0.000000
vn 0.133497 -0.991049 0.000000
vn 0.133497 -0.991049 0.000000
vn 0.133497 -0.991049 0.000000
vn 0.133497 -0.991049 0.000000
vn 0.133497 -0.991049 0.000000
vn 0.133497 -0.991049 0.000117
vn 0.133497 -0.991049 0.000117
vn 0.133497 -0.991049 0.000117
vn 0.133429 -0.991058 0.000000
vn 0.133429 -0.991058 0.000000
vn 0.133429 -0.991058 0.000000
vn 0.133424 -0.991059 -0.000004
vn 0.133424 -0.991059 -0.000004
vn 0.133424 -0.991059 -0.000004
vn 0.132220 -0.846029 -0.516482
vn 0.132220 -0.846029 -0.516482
vn 0.132220 -0.846029 -0.516482
vn 0.132224 -0.846022 -0.516491
vn 0.132224 -0.846022 -0.516491
vn 0.132224 -0.846022 -0.516491
vn 0.132193 -0.846027 -0.516491
vn 0.132193 -0.846027 -0.516491
vn 0.132193 -0.846027 -0.516491
vn 0.132196 -0.846021 -0.516501
vn 0.132196 -0.846021 -0.516501
vn 0.132196 -0.846021 -0.516501
vn 0.132219 -0.846023 -0.516491
vn 0.132219 -0.846023 -0.516491
vn 0.132219 -0.846023 -0.516491
vn 0.132219 -0.846023 -0.516491
vn 0.132219 -0.846023 -0.516491
vn 0.132219 -0.846023 -0.516491
vn 0.120787 -0.992678 0.000004
vn 0.120787 -0.992678 0.000004
vn 0.120787 -0.992678 0.000004
vn 0.120787 -0.992678 0.000000
vn 0.120787 -0.992678 0.000000
vn 0.120787 -0.992678 0.000000
vn 0.120784 -0.992679 0.000000
vn 0.120784 -0.992679 0.000000
vn 0.120784 -0.992679 0.000000
vn 0.120784 -0.992679 0.000000
vn 0.120784 -0.992679 0.000000
vn 0.120784 -0.992679 0.000000
vn 0.120786 -0.992679 0.000004
vn 0.120786 -0.992679 0.000004
vn 0.120786 -0.992679 0.000004
vn 0.120786 -0.992679 0.000000
vn 0.120786 -0.992679 0.000000
vn 0.120786 -0.992679 0.000000
vn 0.120787 -0.992678 0.000000
vn 0.120787 -0.992678 0.000000
vn 0.120787 -0.992678 0.000000
vn 0.120592 -0.992701 0.001592
vn 0.120592 -0.992701 0.001592
vn 0.120592 -0.992701 0.001592
vn -0.728557 -0.684986 -0.000002
vn -0.728557 -0.684986 -0.000002
vn -0.728557 -0.684986 -0.000002
vn -0.728673 -0.684862 0.000529
vn -0.728673 -0.684862 0.000529
vn -0.728673 -0.684862 0.000529
vn 0.847085 -0.531458 0.000000
vn 0.847085 -0.531458 0.000000
vn 0.847085 -0.531458 0.000000
vn 0.847085 -0.531458 0.000000
vn 0.847085 -0.531458 0.000000
vn 0.847085 -0.531458 0.000000
vn -0.728561 -0.684981 0.000000
vn -0.728561 -0.684981 0.000000
vn -0.728561 -0.684981 0.000000
vn -0.728563 -0.684979 -0.000001
vn -0.728563 -0.684979 -0.000001
vn -0.728563 -0.684979 -0.000001
vn 0.846865 -0.531808 0.000000
vn 0.846865 -0.531808 0.000000
vn 0.846865 -0.531808 0.000000
vn 0.846867 -0.531804 0.000002
vn 0.846867 -0.531804 0.000002
vn 0.846867 -0.531804 0.000002
vn 0.000000 0.000000 -1.000000
vn 0.000000 0.000000 -1.000000
vn 0.000000 0.000000 -1.000000
vn 0.000000 0.000000 -1.000000
vn 0.000000 0.000000 -1.000000
vn 0.000000 0.000000 -1.000000
vn 0.684985 -0.728557 0.000330
vn 0.684985 -0.728557 0.000330
vn 0.684985 -0.728557 0.000330
vn 0.684974 -0.728568 0.000328
vn 0.684974 -0.728568 0.000328
vn 0.684974 -0.728568 0.000328
vn 0.000000 0.000000 1.000000
vn 0.000000 0.000000 1.000000
vn 0.000000 0.000000 1.000000
vn 0.000000 0.000000 1.000000
vn 0.000000 0.000000 1.000000
vn 0.000000 0.000000 1.000000
vn -0.684974 0.728568 0.000000
vn -0.684974 0.728568 0.000000
vn -0.684974 0.728568 0.000000
vn -0.684974 0.728568 0.000000
vn -0.684974 0.728568 0.000000
vn -0.684974 0.728568 0.000000
vn 0.000000 0.000000 -1.000000
vn 0.000000 0.000000 -1.000000
vn 0.000000 0.000000 -1.000000
vn 0.000000 0.000000 -1.000000
vn 0.000000 0.000000 -1.000000
vn 0.000000 0.000000 -1.000000
vn 0.531811 0.846863 0.000000
vn 0.531811 0.846863 0.000000
vn 0.531811 0.846863 0.000000
vn 0.531802 0.846869 0.000001
vn 0.531802 0.846869 0.000001
vn 0.531802 0.846869 0.000001
vn 0.000000 0.000000 1.000000
vn 0.000000 0.000000 1.000000
vn 0.000000 0.000000 1.000000
vn 0.000000 0.000000 1.000000
vn 0.000000 0.000000 1.000000
vn 0.000000 0.000000 1.000000
vn -0.531811 -0.846863 0.000000
vn -0.531811 -0.846863 0.000000
vn -0.531811 -0.846863 0.000000
vn -0.531811 -0.846863 0.000000
vn -0.531811 -0.846863 0.000000
vn -0.531811 -0.846863 0.000000
vn 0.133493 -0.991050 0.000000
vn 0.133493 -0.991050 0.000000
vn 0.133493 -0.991050 0.000000
vn 0.133493 -0.991050 0.000000
vn 0.133493 -0.991050 0.000000
vn 0.133493 -0.991050 0.000000
vn 0.133492 -0.991048 -0.001980
vn 0.133492 -0.991048 -0.001980
vn 0.133492 -0.991048 -0.001980
vn 0.135903 -0.990722 0.000001
vn 0.135903 -0.990722 0.000001
vn 0.135903 -0.990722 0.000001
vn 0.135907 -0.990722 0.000000
vn 0.135907 -0.990722 0.000000
vn 0.135907 -0.990722 0.000000
vn 0.133497 -0.991049 0.000651
vn 0.133497 -0.991049 0.000651
vn 0.133497 -0.991049 0.000651
vn 0.133493 -0.991050 0.000000
vn 0.133493 -0.991050 0.000000
vn 0.133493 -0.991050 0.000000
vn 0.133493 -0.991050 0.000000
vn 0.133493 -0.991050 0.000000
vn 0.133493 -0.991050 0.000000
vn 0.133429 -0.991058 0.000003
vn 0.133429 -0.991058 0.000003
vn 0.133429 -0.991058 0.000003
vn 0.133407 -0.991061 0.000000
vn 0.133407 -0.991061 0.000000
vn 0.133407 -0.991061 0.000000
vn 0.133737 -0.991017 -0.000670
vn 0.133737 -0.991017 -0.000670
vn 0.133737 -0.991017 -0.000670
vn 0.133407 -0.991061 0.000000
vn 0.133407 -0.991061 0.000000
vn 0.133407 -0.991061 0.000000
vn -0.487497 -0.351895 0.799072
vn -0.487497 -0.351895 0.799072
vn -0.487497 -0.351895 0.799072
vn -0.482551 -0.340332 0.807043
vn -0.482551 -0.340332 0.807043
vn -0.482551 -0.340332 0.807043
vn 0.099200 -0.634784 0.766295
vn 0.099200 -0.634784 0.766295
vn 0.099200 -0.634784 0.766295
vn 0.099784 -0.636280 0.764978
vn 0.099784 -0.636280 0.764978
vn 0.099784 -0.636280 0.764978
vn 0.566537 -0.208619 0.797191
vn 0.566537 -0.208619 0.797191
vn 0.566537 -0.208619 0.797191
vn 0.558272 -0.198665 0.805521
vn 0.558272 -0.198665 0.805521
vn 0.558272 -0.198665 0.805521
vn -0.144276 0.989529 -0.004000
vn -0.144276 0.989529 -0.004000
vn -0.144276 0.989529 -0.004000
vn -0.999649 -0.026488 0.000007
vn -0.999649 -0.026488 0.000007
vn -0.999649 -0.026488 0.000007
vn -0.999651 -0.026405 0.000175
vn -0.999651 -0.026405 0.000175
vn -0.999651 -0.026405 0.000175
vn -0.992855 -0.021145 -0.117436
vn -0.992855 -0.021145 -0.117436
vn -0.992855 -0.021145 -0.117436
vn -0.993763 -0.021916 -0.109343
vn -0.993763 -0.021916 -0.109343
vn -0.993763 -0.021916 -0.109343
vn 0.935830 0.096429 -0.339005
vn 0.935830 0.096429 -0.339005
vn 0.935830 0.096429 -0.339005
vn 0.939355 0.096744 -0.329017
vn 0.939355 0.096744 -0.329017
vn 0.939355 0.096744 -0.329017
vn 0.721153 0.094604 -0.686285
vn 0.721153 0.094604 -0.686285
vn 0.721153 0.094604 -0.686285
vn 0.733739 0.095818 -0.672641
vn 0.733739 0.095818 -0.672641
vn 0.733739 0.095818 -0.672641
vn -0.731046 0.012978 -0.682204
vn -0.731046 0.012978 -0.682204
vn -0.731046 0.012978 -0.682204
vn -0.743259 0.010966 -0.668914
vn -0.743259 0.010966 -0.668914
vn -0.743259 0.010966 -0.668914
vn -0.451047 0.033026 -0.891889
vn -0.451047 0.033026 -0.891889
vn -0.451047 0.033026 -0.891889
vn -0.463626 0.031387 -0.885475
vn -0.463626 0.031387 -0.885475
vn -0.463626 0.031387 -0.885475
vn -0.153969 0.050754 -0.986771
vn -0.153969 0.050754 -0.986771
vn -0.153969 0.050754 -0.986771
vn -0.156345 0.050475 -0.986412
vn -0.156345 0.050475 -0.986412
vn -0.156345 0.050475 -0.986412
vn 0.996231 0.086744 -0.000001
vn 0.996231 0.086744 -0.000001
vn 0.996231 0.086744 -0.000001
vn 0.996231 0.086743 -0.000001
vn 0.996231 0.086743 -0.000001
vn 0.996231 0.086743 -0.000001
vn 0.990254 0.090901 -0.105519
vn 0.990254 0.090901 -0.105519
vn 0.990254 0.090901 -0.105519
vn 0.990215 0.090659 -0.106090
vn 0.990215 0.090659 -0.106090
vn 0.990215 0.090659 -0.106090
vn 0.852674 0.098053 -0.513159
vn 0.852674 0.098053 -0.513159
vn 0.852674 0.098053 -0.513159
vn 0.851887 0.097253 -0.514617
vn 0.851887 0.097253 -0.514617
vn 0.851887 0.097253 -0.514617
vn 0.598996 0.090962 -0.795569
vn 0.598996 0.090962 -0.795569
vn 0.598996 0.090962 -0.795569
vn 0.597554 0.089920 -0.796771
vn 0.597554 0.089920 -0.796771
vn 0.597554 0.089920 -0.796771
vn 0.452562 0.084265 -0.887743
vn 0.452562 0.084265 -0.887743
vn 0.452562 0.084265 -0.887743
vn 0.451170 0.083323 -0.888540
vn 0.451170 0.083323 -0.888540
vn 0.451170 0.083323 -0.888540
vn 0.301014 0.076457 -0.950550
vn 0.301014 0.076457 -0.950550
vn 0.301014 0.076457 -0.950550
vn 0.299964 0.075770 -0.950937
vn 0.299964 0.075770 -0.950937
vn 0.299964 0.075770 -0.950937
vn 0.148794 0.068095 -0.986521
vn 0.148794 0.068095 -0.986521
vn 0.148794 0.068095 -0.986521
vn 0.148191 0.067702 -0.986639
vn 0.148191 0.067702 -0.986639
vn 0.148191 0.067702 -0.986639
vn -0.945614 -0.010489 -0.325123
vn -0.945614 -0.010489 -0.325123
vn -0.945614 -0.010489 -0.325123
vn -0.945362 -0.010787 -0.325843
vn -0.945362 -0.010787 -0.325843
vn -0.945362 -0.010787 -0.325843
vn -0.860335 -0.000037 -0.509728
vn -0.860335 -0.000037 -0.509728
vn -0.860335 -0.000037 -0.509728
vn -0.859466 0.000893 -0.511191
vn -0.859466 0.000893 -0.511191
vn -0.859466 0.000893 -0.511191
vn -0.610065 0.021305 -0.792065
vn -0.610065 0.021305 -0.792065
vn -0.610065 0.021305 -0.792065
vn -0.608668 0.022344 -0.793110
vn -0.608668 0.022344 -0.793110
vn -0.608668 0.022344 -0.793110
vn -0.318886 0.040454 -0.946929
vn -0.318886 0.040454 -0.946929
vn -0.318886 0.040454 -0.946929
vn -0.317697 0.041240 -0.947295
vn -0.317697 0.041240 -0.947295
vn -0.317697 0.041240 -0.947295
vn -0.011781 0.058837 -0.998198
vn -0.011781 0.058837 -0.998198
vn -0.011781 0.058837 -0.998198
vn -0.011609 0.058947 -0.998194
vn -0.011609 0.058947 -0.998194
vn -0.011609 0.058947 -0.998194
vn 0.970481 0.241176 0.000006
vn 0.970481 0.241176 0.000006
vn 0.970481 0.241176 0.000006
vn 0.970481 0.241178 0.000010
vn 0.970481 0.241178 0.000010
vn 0.970481 0.241178 0.000010
vn 0.963308 0.244418 -0.110891
vn 0.963308 0.244418 -0.110891
vn 0.963308 0.244418 -0.110891
vn 0.962781 0.244268 -0.115695
vn 0.962781 0.244268 -0.115695
vn 0.962781 0.244268 -0.115695
vn 0.819848 0.228704 -0.524923
vn 0.819848 0.228704 -0.524923
vn 0.819848 0.228704 -0.524923
vn 0.812725 0.226840 -0.536677
vn 0.812725 0.226840 -0.536677
vn 0.812725 0.226840 -0.536677
vn 0.567334 0.180323 -0.803502
vn 0.567334 0.180323 -0.803502
vn 0.567334 0.180323 -0.803502
vn 0.554976 0.178779 -0.812428
vn 0.554976 0.178779 -0.812428
vn 0.554976 0.178779 -0.812428
vn 0.425935 0.151335 -0.892007
vn 0.425935 0.151335 -0.892007
vn 0.425935 0.151335 -0.892007
vn 0.414319 0.149747 -0.897728
vn 0.414319 0.149747 -0.897728
vn 0.414319 0.149747 -0.897728
vn 0.282264 0.121179 -0.951653
vn 0.282264 0.121179 -0.951653
vn 0.282264 0.121179 -0.951653
vn 0.273541 0.119920 -0.954356
vn 0.273541 0.119920 -0.954356
vn 0.273541 0.119920 -0.954356
vn 0.138744 0.090612 -0.986174
vn 0.138744 0.090612 -0.986174
vn 0.138744 0.090612 -0.986174
vn 0.133720 0.089862 -0.986937
vn 0.133720 0.089862 -0.986937
vn 0.133720 0.089862 -0.986937
vn -0.929174 -0.156883 -0.334699
vn -0.929174 -0.156883 -0.334699
vn -0.929174 -0.156883 -0.334699
vn -0.927091 -0.156519 -0.340594
vn -0.927091 -0.156519 -0.340594
vn -0.927091 -0.156519 -0.340594
vn -0.838546 -0.130336 -0.529011
vn -0.838546 -0.130336 -0.529011
vn -0.838546 -0.130336 -0.529011
vn -0.830814 -0.129001 -0.541394
vn -0.830814 -0.129001 -0.541394
vn -0.830814 -0.129001 -0.541394
vn -0.585629 -0.068353 -0.807692
vn -0.585629 -0.068353 -0.807692
vn -0.585629 -0.068353 -0.807692
vn -0.573919 -0.066418 -0.816214
vn -0.573919 -0.066418 -0.816214
vn -0.573919 -0.066418 -0.816214
vn -0.300570 -0.004420 -0.953750
vn -0.300570 -0.004420 -0.953750
vn -0.300570 -0.004420 -0.953750
vn -0.290945 -0.002894 -0.956735
vn -0.290945 -0.002894 -0.956735
vn -0.290945 -0.002894 -0.956735
vn -0.009869 0.058744 -0.998224
vn -0.009869 0.058744 -0.998224
vn -0.009869 0.058744 -0.998224
vn -0.008510 0.058951 -0.998225
vn -0.008510 0.058951 -0.998225
vn -0.008510 0.058951 -0.998225
vn -0.983255 -0.182236 -0.000190
vn -0.983255 -0.182236 -0.000190
vn -0.983255 -0.182236 -0.000190
vn -0.983271 -0.182149 -0.000174
vn -0.983271 -0.182149 -0.000174
vn -0.983271 -0.182149 -0.000174
vn -0.976359 -0.175666 -0.125951
vn -0.976359 -0.175666 -0.125951
vn -0.976359 -0.175666 -0.125951
vn -0.976498 -0.175366 -0.125291
vn -0.976498 -0.175366 -0.125291
vn -0.976498 -0.175366 -0.125291
vn 0.906669 0.240982 -0.346236
vn 0.906669 0.240982 -0.346236
vn 0.906669 0.240982 -0.346236
vn 0.906848 0.241430 -0.345453
vn 0.906848 0.241430 -0.345453
vn 0.906848 0.241430 -0.345453
vn 0.689594 0.205309 -0.694484
vn 0.689594 0.205309 -0.694484
vn 0.689594 0.205309 -0.694484
vn 0.690738 0.204697 -0.693528
vn 0.690738 0.204697 -0.693528
vn 0.690738 0.204697 -0.693528
vn -0.708513 -0.098180 -0.698835
vn -0.708513 -0.098180 -0.698835
vn -0.708513 -0.098180 -0.698835
vn -0.709594 -0.097614 -0.697816
vn -0.709594 -0.097614 -0.697816
vn -0.709594 -0.097614 -0.697816
vn -0.431910 -0.034125 -0.901271
vn -0.431910 -0.034125 -0.901271
vn -0.431910 -0.034125 -0.901271
vn -0.432939 -0.033676 -0.900794
vn -0.432939 -0.033676 -0.900794
vn -0.432939 -0.033676 -0.900794
vn -0.148958 0.028426 -0.988435
vn -0.148958 0.028426 -0.988435
vn -0.148958 0.028426 -0.988435
vn -0.149140 0.028503 -0.988405
vn -0.149140 0.028503 -0.988405
vn -0.149140 0.028503 -0.988405
vn 0.000000 0.000000 1.000000
vn 0.000000 0.000000 1.000000
vn 0.000000 0.000000 1.000000
vn 0.000000 0.000000 1.000000
vn 0.000000 0.000000 1.000000
vn 0.000000 0.000000 1.000000
vn 0.000543 -0.004043 0.999992
vn 0.000543 -0.004043 0.999992
vn 0.000543 -0.004043 0.999992
vn 0.000534 -0.004004 0.999992
vn 0.000534 -0.004004 0.999992
vn 0.000534 -0.004004 0.999992
vn 0.005146 -0.037972 0.999266
vn 0.005146 -0.037972 0.999266
vn 0.005146 -0.037972 0.999266
vn 0.005141 -0.037977 0.999265
vn 0.005141 -0.037977 0.999265
vn 0.005141 -0.037977 0.999265
vn 0.120607 -0.546687 -0.828606
vn 0.120607 -0.546687 -0.828606
vn 0.120607 -0.546687 -0.828606
vn -0.542799 -0.839863 0.000109
vn -0.542799 -0.839863 0.000109
vn -0.542799 -0.839863 0.000109
vn -0.648222 -0.761430 0.005727
vn -0.648222 -0.761430 0.005727
vn -0.648222 -0.761430 0.005727
vn 0.755443 -0.651462 -0.070027
vn 0.755443 -0.651462 -0.070027
vn 0.755443 -0.651462 -0.070027
vn 0.786506 -0.605913 -0.119492
vn 0.786506 -0.605913 -0.119492
vn 0.786506 -0.605913 -0.119492
vn 0.719231 -0.660258 -0.216255
vn 0.719231 -0.660258 -0.216255
vn 0.719231 -0.660258 -0.216255
vn 0.743216 -0.615043 -0.263348
vn 0.743216 -0.615043 -0.263348
vn 0.743216 -0.615043 -0.263348
vn 0.680917 -0.642680 -0.351161
vn 0.680917 -0.642680 -0.351161
vn 0.680917 -0.642680 -0.351161
vn 0.688143 -0.623876 -0.370456
vn 0.688143 -0.623876 -0.370456
vn 0.688143 -0.623876 -0.370456
vn 0.612519 -0.634545 -0.471352
vn 0.612519 -0.634545 -0.471352
vn 0.612519 -0.634545 -0.471352
vn 0.611059 -0.640691 -0.464889
vn 0.611059 -0.640691 -0.464889
vn 0.611059 -0.640691 -0.464889
vn 0.525846 -0.629679 -0.571830
vn 0.525846 -0.629679 -0.571830
vn 0.525846 -0.629679 -0.571830
vn 0.522643 -0.663072 -0.535892
vn 0.522643 -0.663072 -0.535892
vn 0.522643 -0.663072 -0.535892
vn 0.426987 -0.625876 -0.652657
vn 0.426987 -0.625876 -0.652657
vn 0.426987 -0.625876 -0.652657
vn 0.429547 -0.693546 -0.578345
vn 0.429547 -0.693546 -0.578345
vn 0.429547 -0.693546 -0.578345
vn 0.319765 -0.619814 -0.716645
vn 0.319765 -0.619814 -0.716645
vn 0.319765 -0.619814 -0.716645
vn 0.339270 -0.740360 -0.580312
vn 0.339270 -0.740360 -0.580312
vn 0.339270 -0.740360 -0.580312
vn 0.206142 -0.605320 -0.768826
vn 0.206142 -0.605320 -0.768826
vn 0.206142 -0.605320 -0.768826
vn 0.234233 -0.705383 -0.669007
vn 0.234233 -0.705383 -0.669007
vn 0.234233 -0.705383 -0.669007
vn 0.006365 -0.762976 -0.646396
vn 0.006365 -0.762976 -0.646396
vn 0.006365 -0.762976 -0.646396
vn -0.097692 -0.730463 -0.675929
vn -0.097692 -0.730463 -0.675929
vn -0.097692 -0.730463 -0.675929
vn -0.112310 -0.751395 -0.650225
vn -0.112310 -0.751395 -0.650225
vn -0.112310 -0.751395 -0.650225
vn -0.184266 -0.702535 -0.687380
vn -0.184266 -0.702535 -0.687380
vn -0.184266 -0.702535 -0.687380
vn -0.227239 -0.741535 -0.631260
vn -0.227239 -0.741535 -0.631260
vn -0.227239 -0.741535 -0.631260
vn -0.274700 -0.705360 -0.653458
vn -0.274700 -0.705360 -0.653458
vn -0.274700 -0.705360 -0.653458
vn -0.341650 -0.741091 -0.577979
vn -0.341650 -0.741091 -0.577979
vn -0.341650 -0.741091 -0.577979
vn -0.368005 -0.721045 -0.587082
vn -0.368005 -0.721045 -0.587082
vn -0.368005 -0.721045 -0.587082
vn -0.452242 -0.740421 -0.497245
vn -0.452242 -0.740421 -0.497245
vn -0.452242 -0.740421 -0.497245
vn -0.449419 -0.742527 -0.496665
vn -0.449419 -0.742527 -0.496665
vn -0.449419 -0.742527 -0.496665
vn -0.553120 -0.737470 -0.387552
vn -0.553120 -0.737470 -0.387552
vn -0.553120 -0.737470 -0.387552
vn -0.565808 -0.727481 -0.388115
vn -0.565808 -0.727481 -0.388115
vn -0.565808 -0.727481 -0.388115
vn -0.646292 -0.758699 -0.081741
vn -0.646292 -0.758699 -0.081741
vn -0.646292 -0.758699 -0.081741
vn -0.696636 -0.714758 -0.061793
vn -0.696636 -0.714758 -0.061793
vn -0.696636 -0.714758 -0.061793
vn -0.589791 -0.771424 -0.238854
vn -0.589791 -0.771424 -0.238854
vn -0.589791 -0.771424 -0.238854
vn -0.611352 -0.756081 -0.233645
vn -0.611352 -0.756081 -0.233645
vn -0.611352 -0.756081 -0.233645
vn 0.090335 -0.679389 -0.728197
vn 0.090335 -0.679389 -0.728197
vn 0.090335 -0.679389 -0.728197
vn 0.029872 -0.705864 -0.707717
vn 0.029872 -0.705864 -0.707717
vn 0.029872 -0.705864 -0.707717
vn 0.781465 -0.623950 -0.000007
vn 0.781465 -0.623950 -0.000007
vn 0.781465 -0.623950 -0.000007
vn 0.805140 -0.593084 -0.001394
vn 0.805140 -0.593084 -0.001394
vn 0.805140 -0.593084 -0.001394
vn 0.005153 -0.037975 0.999265
vn 0.005153 -0.037975 0.999265
vn 0.005153 -0.037975 0.999265
vn 0.005142 -0.037981 0.999265
vn 0.005142 -0.037981 0.999265
vn 0.005142 -0.037981 0.999265
vn -0.052989 0.660813 -0.748678
vn -0.052989 0.660813 -0.748678
vn -0.052989 0.660813 -0.748678
vn -0.932160 0.344483 -0.111396
vn -0.932160 0.344483 -0.111396
vn -0.932160 0.344483 -0.111396
vn -0.922524 0.341635 -0.179543
vn -0.922524 0.341635 -0.179543
vn -0.922524 0.341635 -0.179543
vn 0.469418 0.882976 0.000095
vn 0.469418 0.882976 0.000095
vn 0.469418 0.882976 0.000095
vn 0.382296 0.924037 -0.002454
vn 0.382296 0.924037 -0.002454
vn 0.382296 0.924037 -0.002454
vn 0.477519 0.875860 -0.069602
vn 0.477519 0.875860 -0.069602
vn 0.477519 0.875860 -0.069602
vn 0.266770 0.959145 -0.094201
vn 0.266770 0.959145 -0.094201
vn 0.266770 0.959145 -0.094201
vn 0.355097 0.884339 -0.303068
vn 0.355097 0.884339 -0.303068
vn 0.355097 0.884339 -0.303068
vn 0.293669 0.911102 -0.289226
vn 0.293669 0.911102 -0.289226
vn 0.293669 0.911102 -0.289226
vn 0.289163 0.872268 -0.394378
vn 0.289163 0.872268 -0.394378
vn 0.289163 0.872268 -0.394378
vn 0.265348 0.883980 -0.384927
vn 0.265348 0.883980 -0.384927
vn 0.265348 0.883980 -0.384927
vn 0.217726 0.855673 -0.469487
vn 0.217726 0.855673 -0.469487
vn 0.217726 0.855673 -0.469487
vn 0.218273 0.855365 -0.469796
vn 0.218273 0.855365 -0.469796
vn 0.218273 0.855365 -0.469796
vn 0.141289 0.837422 -0.527979
vn 0.141289 0.837422 -0.527979
vn 0.141289 0.837422 -0.527979
vn 0.159989 0.825444 -0.541336
vn 0.159989 0.825444 -0.541336
vn 0.159989 0.825444 -0.541336
vn 0.060173 0.821578 -0.566912
vn 0.060173 0.821578 -0.566912
vn 0.060173 0.821578 -0.566912
vn 0.096193 0.797539 -0.595549
vn 0.096193 0.797539 -0.595549
vn 0.096193 0.797539 -0.595549
vn -0.007431 0.760184 -0.649665
vn -0.007431 0.760184 -0.649665
vn -0.007431 0.760184 -0.649665
vn 0.008806 0.748503 -0.663073
vn 0.008806 0.748503 -0.663073
vn 0.008806 0.748503 -0.663073
vn -0.087315 0.641055 -0.762512
vn -0.087315 0.641055 -0.762512
vn -0.087315 0.641055 -0.762512
vn -0.142518 0.774876 -0.615838
vn -0.142518 0.774876 -0.615838
vn -0.142518 0.774876 -0.615838
vn -0.195957 0.638589 -0.744181
vn -0.195957 0.638589 -0.744181
vn -0.195957 0.638589 -0.744181
vn -0.241271 0.781269 -0.575680
vn -0.241271 0.781269 -0.575680
vn -0.241271 0.781269 -0.575680
vn -0.303470 0.622709 -0.721207
vn -0.303470 0.622709 -0.721207
vn -0.303470 0.622709 -0.721207
vn -0.321176 0.705672 -0.631564
vn -0.321176 0.705672 -0.631564
vn -0.321176 0.705672 -0.631564
vn -0.412408 0.603951 -0.682029
vn -0.412408 0.603951 -0.682029
vn -0.412408 0.603951 -0.682029
vn -0.417739 0.648726 -0.636120
vn -0.417739 0.648726 -0.636120
vn -0.417739 0.648726 -0.636120
vn -0.520934 0.587408 -0.619339
vn -0.520934 0.587408 -0.619339
vn -0.520934 0.587408 -0.619339
vn -0.521306 0.599740 -0.607084
vn -0.521306 0.599740 -0.607084
vn -0.521306 0.599740 -0.607084
vn -0.622961 0.578109 -0.526981
vn -0.622961 0.578109 -0.526981
vn -0.622961 0.578109 -0.526981
vn -0.624086 0.556854 -0.548116
vn -0.624086 0.556854 -0.548116
vn -0.624086 0.556854 -0.548116
vn -0.704296 0.586735 -0.399636
vn -0.704296 0.586735 -0.399636
vn -0.704296 0.586735 -0.399636
vn -0.710957 0.527584 -0.464968
vn -0.710957 0.527584 -0.464968
vn -0.710957 0.527584 -0.464968
vn -0.814113 0.515386 -0.267576
vn -0.814113 0.515386 -0.267576
vn -0.814113 0.515386 -0.267576
vn -0.818692 0.477665 -0.318716
vn -0.818692 0.477665 -0.318716
vn -0.818692 0.477665 -0.318716
vn 0.414206 0.888578 -0.197136
vn 0.414206 0.888578 -0.197136
vn 0.414206 0.888578 -0.197136
vn 0.280092 0.941114 -0.189350
vn 0.280092 0.941114 -0.189350
vn 0.280092 0.941114 -0.189350
vn -0.869547 0.493851 -0.000075
vn -0.869547 0.493851 -0.000075
vn -0.869547 0.493851 -0.000075
vn -0.998278 0.056168 -0.016925
vn -0.998278 0.056168 -0.016925
vn -0.998278 0.056168 -0.016925
vn -0.994922 -0.100652 -0.000004
vn -0.994922 -0.100652 -0.000004
vn -0.994922 -0.100652 -0.000004
vn -0.994906 -0.100810 0.000087
vn -0.994906 -0.100810 0.000087
vn -0.994906 -0.100810 0.000087
vn -0.994917 -0.100703 -0.000008
vn -0.994917 -0.100703 -0.000008
vn -0.994917 -0.100703 -0.000008
vn -0.994915 -0.100719 0.000019
vn -0.994915 -0.100719 0.000019
vn -0.994915 -0.100719 0.000019
vn -0.994916 -0.100708 0.000044
vn -0.994916 -0.100708 0.000044
vn -0.994916 -0.100708 0.000044
vn -0.994917 -0.100702 0.000028
vn -0.994917 -0.100702 0.000028
vn -0.994917 -0.100702 0.000028
vn -0.994916 -0.100706 0.000017
vn -0.994916 -0.100706 0.000017
vn -0.994916 -0.100706 0.000017
vn -0.994916 -0.100707 0.000006
vn -0.994916 -0.100707 0.000006
vn -0.994916 -0.100707 0.000006
vn -0.994915 -0.100721 -0.000005
vn -0.994915 -0.100721 -0.000005
vn -0.994915 -0.100721 -0.000005
vn -0.994907 -0.100799 -0.000027
vn -0.994907 -0.100799 -0.000027
vn -0.994907 -0.100799 -0.000027
vn -0.994917 -0.100701 0.000018
vn -0.994917 -0.100701 0.000018
vn -0.994917 -0.100701 0.000018
vn -0.994916 -0.100709 0.000012
vn -0.994916 -0.100709 0.000012
vn -0.994916 -0.100709 0.000012
vn -0.994916 -0.100709 0.000008
vn -0.994916 -0.100709 0.000008
vn -0.994916 -0.100709 0.000008
vn -0.994916 -0.100709 0.000011
vn -0.994916 -0.100709 0.000011
vn -0.994916 -0.100709 0.000011
vn -0.994916 -0.100710 0.000011
vn -0.994916 -0.100710 0.000011
vn -0.994916 -0.100710 0.000011
vn -0.108309 0.626696 -0.771700
vn -0.108309 0.626696 -0.771700
vn -0.108309 0.626696 -0.771700
vn -0.107551 0.622797 -0.774956
vn -0.107551 0.622797 -0.774956
vn -0.107551 0.622797 -0.774956
vn -0.685905 -0.120862 0.717584
vn -0.685905 -0.120862 0.717584
vn -0.685905 -0.120862 0.717584
vn -0.685907 -0.120863 0.717582
vn -0.685907 -0.120863 0.717582
vn -0.685907 -0.120863 0.717582
vn 0.984828 0.173534 0.000000
vn 0.984828 0.173534 0.000000
vn 0.984828 0.173534 0.000000
vn 0.984828 0.173534 0.000000
vn 0.984828 0.173534 0.000000
vn 0.984828 0.173534 0.000000
vn -0.173537 0.984827 0.000000
vn -0.173537 0.984827 0.000000
vn -0.173537 0.984827 0.000000
vn -0.173537 0.984827 0.000000
vn -0.173537 0.984827 0.000000
vn -0.173537 0.984827 0.000000
vn -0.984828 -0.173536 0.000000
vn -0.984828 -0.173536 0.000000
vn -0.984828 -0.173536 0.000000
vn -0.984828 -0.173536 0.000000
vn -0.984828 -0.173536 0.000000
vn -0.984828 -0.173536 0.000000
vn 0.685907 0.120862 0.717582
vn 0.685907 0.120862 0.717582
vn 0.685907 0.120862 0.717582
vn 0.685907 0.120862 0.717582
vn 0.685907 0.120862 0.717582
vn 0.685907 0.120862 0.717582
vn -0.173532 0.984828 0.000000
vn -0.173532 0.984828 0.000000
vn -0.173532 0.984828 0.000000
vn -0.173532 0.984828 0.000000
vn -0.173532 0.984828 0.000000
vn -0.173532 0.984828 0.000000
vn 0.669679 0.118004 -0.733216
vn 0.669679 0.118004 -0.733216
vn 0.669679 0.118004 -0.733216
vn 0.669687 0.118004 -0.733208
vn 0.669687 0.118004 -0.733208
vn 0.669687 0.118004 -0.733208
vn 0.669677 0.118026 -0.733213
vn 0.669677 0.118026 -0.733213
vn 0.669677 0.118026 -0.733213
vn 0.669679 0.118004 -0.733216
vn 0.669679 0.118004 -0.733216
vn 0.669679 0.118004 -0.733216
vn -0.669684 -0.117999 -0.733212
vn -0.669684 -0.117999 -0.733212
vn -0.669684 -0.117999 -0.733212
vn -0.669684 -0.117989 -0.733213
vn -0.669684 -0.117989 -0.733213
vn -0.669684 -0.117989 -0.733213
vn -0.669691 -0.118005 -0.733205
vn -0.669691 -0.118005 -0.733205
vn -0.669691 -0.118005 -0.733205
vn -0.669679 -0.118004 -0.733216
vn -0.669679 -0.118004 -0.733216
vn -0.669679 -0.118004 -0.733216
vn 0.984827 0.173537 0.000000
vn 0.984827 0.173537 0.000000
vn 0.984827 0.173537 0.000000
vn 0.981399 0.188883 -0.034341
vn 0.981399 0.188883 -0.034341
vn 0.981399 0.188883 -0.034341
vn 0.989614 0.141109 -0.027440
vn 0.989614 0.141109 -0.027440
vn 0.989614 0.141109 -0.027440
vn -0.684979 -0.126021 0.717581
vn -0.684979 -0.126021 0.717581
vn -0.684979 -0.126021 0.717581
vn -0.684978 -0.126020 0.717582
vn -0.684978 -0.126020 0.717582
vn -0.684978 -0.126020 0.717582
vn 0.983494 0.180941 0.000000
vn 0.983494 0.180941 0.000000
vn 0.983494 0.180941 0.000000
vn 0.983494 0.180941 0.000000
vn 0.983494 0.180941 0.000000
vn 0.983494 0.180941 0.000000
vn -0.180938 0.983495 0.000000
vn -0.180938 0.983495 0.000000
vn -0.180938 0.983495 0.000000
vn -0.180938 0.983495 0.000000
vn -0.180938 0.983495 0.000000
vn -0.180938 0.983495 0.000000
vn -0.983494 -0.180939 0.000000
vn -0.983494 -0.180939 0.000000
vn -0.983494 -0.180939 0.000000
vn -0.983494 -0.180939 0.000000
vn -0.983494 -0.180939 0.000000
vn -0.983494 -0.180939 0.000000
vn 0.684978 0.126021 0.717582
vn 0.684978 0.126021 0.717582
vn 0.684978 0.126021 0.717582
vn 0.684978 0.126021 0.717582
vn 0.684978 0.126021 0.717582
vn 0.684978 0.126021 0.717582
vn -0.180943 0.983493 0.000000
vn -0.180943 0.983493 0.000000
vn -0.180943 0.983493 0.000000
vn -0.180943 0.983494 0.000000
vn -0.180943 0.983494 0.000000
vn -0.180943 0.983494 0.000000
vn 0.668781 0.123040 -0.733208
vn 0.668781 0.123040 -0.733208
vn 0.668781 0.123040 -0.733208
vn 0.668772 0.123039 -0.733216
vn 0.668772 0.123039 -0.733216
vn 0.668772 0.123039 -0.733216
vn 0.668777 0.123041 -0.733211
vn 0.668777 0.123041 -0.733211
vn 0.668777 0.123041 -0.733211
vn 0.668778 0.123033 -0.733211
vn 0.668778 0.123033 -0.733211
vn 0.668778 0.123033 -0.733211
vn -0.668774 -0.123051 -0.733212
vn -0.668774 -0.123051 -0.733212
vn -0.668774 -0.123051 -0.733212
vn -0.668774 -0.123040 -0.733213
vn -0.668774 -0.123040 -0.733213
vn -0.668774 -0.123040 -0.733213
vn -0.668781 -0.123041 -0.733207
vn -0.668781 -0.123041 -0.733207
vn -0.668781 -0.123041 -0.733207
vn -0.668784 -0.123041 -0.733204
vn -0.668784 -0.123041 -0.733204
vn -0.668784 -0.123041 -0.733204
vn -0.683526 -0.133671 0.717583
vn -0.683526 -0.133671 0.717583
vn -0.683526 -0.133671 0.717583
vn -0.683525 -0.133671 0.717583
vn -0.683525 -0.133671 0.717583
vn -0.683525 -0.133671 0.717583
vn 0.981409 0.191927 0.000000
vn 0.981409 0.191927 0.000000
vn 0.981409 0.191927 0.000000
vn 0.981409 0.191927 0.000000
vn 0.981409 0.191927 0.000000
vn 0.981409 0.191927 0.000000
vn -0.191929 0.981409 0.000000
vn -0.191929 0.981409 0.000000
vn -0.191929 0.981409 0.000000
vn -0.191929 0.981409 0.000000
vn -0.191929 0.981409 0.000000
vn -0.191929 0.981409 0.000000
vn -0.981410 -0.191925 0.000000
vn -0.981410 -0.191925 0.000000
vn -0.981410 -0.191925 0.000000
vn -0.981410 -0.191925 0.000000
vn -0.981410 -0.191925 0.000000
vn -0.981410 -0.191925 0.000000
vn 0.683527 0.133672 0.717581
vn 0.683527 0.133672 0.717581
vn 0.683527 0.133672 0.717581
vn 0.683526 0.133671 0.717583
vn 0.683526 0.133671 0.717583
vn 0.683526 0.133671 0.717583
vn -0.191923 0.981410 0.000000
vn -0.191923 0.981410 0.000000
vn -0.191923 0.981410 0.000000
vn -0.191923 0.981410 0.000000
vn -0.191923 0.981410 0.000000
vn -0.191923 0.981410 0.000000
vn 0.667361 0.130510 -0.733210
vn 0.667361 0.130510 -0.733210
vn 0.667361 0.130510 -0.733210
vn 0.667353 0.130509 -0.733217
vn 0.667353 0.130509 -0.733217
vn 0.667353 0.130509 -0.733217
vn 0.667358 0.130511 -0.733213
vn 0.667358 0.130511 -0.733213
vn 0.667358 0.130511 -0.733213
vn 0.667358 0.130504 -0.733213
vn 0.667358 0.130504 -0.733213
vn 0.667358 0.130504 -0.733213
vn -0.667358 -0.130518 -0.733211
vn -0.667358 -0.130518 -0.733211
vn -0.667358 -0.130518 -0.733211
vn -0.667358 -0.130511 -0.733212
vn -0.667358 -0.130511 -0.733212
vn -0.667358 -0.130511 -0.733212
vn -0.667362 -0.130511 -0.733209
vn -0.667362 -0.130511 -0.733209
vn -0.667362 -0.130511 -0.733209
vn -0.667365 -0.130511 -0.733205
vn -0.667365 -0.130511 -0.733205
vn -0.667365 -0.130511 -0.733205
vn -0.684978 -0.126021 0.717582
vn -0.684978 -0.126021 0.717582
vn -0.684978 -0.126021 0.717582
vn -0.684978 -0.126021 0.717582
vn -0.684978 -0.126021 0.717582
vn -0.684978 -0.126021 0.717582
vn 0.983494 0.180941 0.000000
vn 0.983494 0.180941 0.000000
vn 0.983494 0.180941 0.000000
vn 0.983494 0.180939 0.000029
vn 0.983494 0.180939 0.000029
vn 0.983494 0.180939 0.000029
vn -0.180943 0.983494 0.000000
vn -0.180943 0.983494 0.000000
vn -0.180943 0.983494 0.000000
vn -0.180943 0.983494 0.000000
vn -0.180943 0.983494 0.000000
vn -0.180943 0.983494 0.000000
vn -0.983494 -0.180941 0.000000
vn -0.983494 -0.180941 0.000000
vn -0.983494 -0.180941 0.000000
vn -0.983494 -0.180941 0.000000
vn -0.983494 -0.180941 0.000000
vn -0.983494 -0.180941 0.000000
vn 0.684978 0.126020 0.717582
vn 0.684978 0.126020 0.717582
vn 0.684978 0.126020 0.717582
vn 0.684979 0.126021 0.717581
vn 0.684979 0.126021 0.717581
vn 0.684979 0.126021 0.717581
vn -0.180938 0.983495 0.000000
vn -0.180938 0.983495 0.000000
vn -0.180938 0.983495 0.000000
vn -0.180938 0.983495 0.000000
vn -0.180938 0.983495 0.000000
vn -0.180938 0.983495 0.000000
vn 0.668775 0.123040 -0.733213
vn 0.668775 0.123040 -0.733213
vn 0.668775 0.123040 -0.733213
vn 0.668778 0.123040 -0.733210
vn 0.668778 0.123040 -0.733210
vn 0.668778 0.123040 -0.733210
vn 0.668774 0.123043 -0.733213
vn 0.668774 0.123043 -0.733213
vn 0.668774 0.123043 -0.733213
vn 0.668775 0.123039 -0.733213
vn 0.668775 0.123039 -0.733213
vn 0.668775 0.123039 -0.733213
vn -0.668777 -0.123027 -0.733213
vn -0.668777 -0.123027 -0.733213
vn -0.668777 -0.123027 -0.733213
vn -0.668776 -0.123044 -0.733211
vn -0.668776 -0.123044 -0.733211
vn -0.668776 -0.123044 -0.733211
vn -0.668775 -0.123040 -0.733213
vn -0.668775 -0.123040 -0.733213
vn -0.668775 -0.123040 -0.733213
vn -0.668764 -0.123039 -0.733223
vn -0.668764 -0.123039 -0.733223
vn -0.668764 -0.123039 -0.733223
vn -0.684977 -0.126021 0.717583
vn -0.684977 -0.126021 0.717583
vn -0.684977 -0.126021 0.717583
vn -0.684977 -0.126021 0.717583
vn -0.684977 -0.126021 0.717583
vn -0.684977 -0.126021 0.717583
vn 0.983494 0.180941 0.000000
vn 0.983494 0.180941 0.000000
vn 0.983494 0.180941 0.000000
vn 0.983494 0.180941 0.000000
vn 0.983494 0.180941 0.000000
vn 0.983494 0.180941 0.000000
vn -0.180943 0.983494 0.000000
vn -0.180943 0.983494 0.000000
vn -0.180943 0.983494 0.000000
vn -0.180943 0.983494 0.000000
vn -0.180943 0.983494 0.000000
vn -0.180943 0.983494 0.000000
vn -0.983494 -0.180941 0.000000
vn -0.983494 -0.180941 0.000000
vn -0.983494 -0.180941 0.000000
vn -0.983494 -0.180941 0.000000
vn -0.983494 -0.180941 0.000000
vn -0.983494 -0.180941 0.000000
vn 0.684979 0.126021 0.717581
vn 0.684979 0.126021 0.717581
vn 0.684979 0.126021 0.717581
vn 0.684979 0.126021 0.717580
vn 0.684979 0.126021 0.717580
vn 0.684979 0.126021 0.717580
vn -0.180943 0.983494 0.000000
vn -0.180943 0.983494 0.000000
vn -0.180943 0.983494 0.000000
vn -0.180943 0.983494 0.000000
vn -0.180943 0.983494 0.000000
vn -0.180943 0.983494 0.000000
vn 0.668775 0.123040 -0.733213
vn 0.668775 0.123040 -0.733213
vn 0.668775 0.123040 -0.733213
vn 0.668764 0.123039 -0.733223
vn 0.668764 0.123039 -0.733223
vn 0.668764 0.123039 -0.733223
vn 0.668774 0.123040 -0.733213
vn 0.668774 0.123040 -0.733213
vn 0.668774 0.123040 -0.733213
vn 0.668775 0.123039 -0.733213
vn 0.668775 0.123039 -0.733213
vn 0.668775 0.123039 -0.733213
vn -0.668777 -0.123039 -0.733212
vn -0.668777 -0.123039 -0.733212
vn -0.668777 -0.123039 -0.733212
vn -0.668776 -0.123040 -0.733211
vn -0.668776 -0.123040 -0.733211
vn -0.668776 -0.123040 -0.733211
vn -0.668787 -0.123042 -0.733202
vn -0.668787 -0.123042 -0.733202
vn -0.668787 -0.123042 -0.733202
vn -0.668774 -0.123041 -0.733214
vn -0.668774 -0.123041 -0.733214
vn -0.668774 -0.123041 -0.733214
vn -0.683826 -0.132137 0.717581
vn -0.683826 -0.132137 0.717581
vn -0.683826 -0.132137 0.717581
vn -0.683824 -0.132136 0.717582
vn -0.683824 -0.132136 0.717582
vn -0.683824 -0.132136 0.717582
vn 0.981838 0.189723 0.000000
vn 0.981838 0.189723 0.000000
vn 0.981838 0.189723 0.000000
vn 0.981838 0.189723 0.000000
vn 0.981838 0.189723 0.000000
vn 0.981838 0.189723 0.000000
vn -0.189728 0.981837 -0.000004
vn -0.189728 0.981837 -0.000004
vn -0.189728 0.981837 -0.000004
vn -0.189725 0.981837 0.000000
vn -0.189725 0.981837 0.000000
vn -0.189725 0.981837 0.000000
vn -0.981838 -0.189721 0.000000
vn -0.981838 -0.189721 0.000000
vn -0.981838 -0.189721 0.000000
vn -0.981838 -0.189721 0.000000
vn -0.981838 -0.189721 0.000000
vn -0.981838 -0.189721 0.000000
vn 0.683824 0.132137 0.717583
vn 0.683824 0.132137 0.717583
vn 0.683824 0.132137 0.717583
vn 0.683824 0.132137 0.717583
vn 0.683824 0.132137 0.717583
vn 0.683824 0.132137 0.717583
vn -0.189720 0.981838 0.000000
vn -0.189720 0.981838 0.000000
vn -0.189720 0.981838 0.000000
vn -0.189715 0.981839 -0.000004
vn -0.189715 0.981839 -0.000004
vn -0.189715 0.981839 -0.000004
vn 0.667643 0.129009 -0.733218
vn 0.667643 0.129009 -0.733218
vn 0.667643 0.129009 -0.733218
vn 0.667653 0.129010 -0.733210
vn 0.667653 0.129010 -0.733210
vn 0.667653 0.129010 -0.733210
vn 0.667649 0.129009 -0.733213
vn 0.667649 0.129009 -0.733213
vn 0.667649 0.129009 -0.733213
vn 0.667648 0.129019 -0.733212
vn 0.667648 0.129019 -0.733212
vn 0.667648 0.129019 -0.733212
vn -0.667650 -0.129010 -0.733212
vn -0.667650 -0.129010 -0.733212
vn -0.667650 -0.129010 -0.733212
vn -0.667650 -0.129010 -0.733212
vn -0.667650 -0.129010 -0.733212
vn -0.667650 -0.129010 -0.733212
vn -0.667642 -0.129010 -0.733220
vn -0.667642 -0.129010 -0.733220
vn -0.667642 -0.129010 -0.733220
vn -0.667649 -0.129011 -0.733213
vn -0.667649 -0.129011 -0.733213
vn -0.667649 -0.129011 -0.733213
vn -0.682928 -0.136690 0.717583
vn -0.682928 -0.136690 0.717583
vn -0.682928 -0.136690 0.717583
vn -0.682928 -0.136690 0.717583
vn -0.682928 -0.136690 0.717583
vn -0.682928 -0.136690 0.717583
vn 0.980552 0.196261 0.000000
vn 0.980552 0.196261 0.000000
vn 0.980552 0.196261 0.000000
vn 0.980552 0.196261 0.000000
vn 0.980552 0.196261 0.000000
vn 0.980552 0.196261 0.000000
vn -0.196260 0.980552 0.000000
vn -0.196260 0.980552 0.000000
vn -0.196260 0.980552 0.000000
vn -0.196260 0.980552 0.000000
vn -0.196260 0.980552 0.000000
vn -0.196260 0.980552 0.000000
vn -0.980552 -0.196261 0.000000
vn -0.980552 -0.196261 0.000000
vn -0.980552 -0.196261 0.000000
vn -0.980552 -0.196261 0.000000
vn -0.980552 -0.196261 0.000000
vn -0.980552 -0.196261 0.000000
vn 0.682930 0.136691 0.717581
vn 0.682930 0.136691 0.717581
vn 0.682930 0.136691 0.717581
vn 0.682930 0.136691 0.717581
vn 0.682930 0.136691 0.717581
vn 0.682930 0.136691 0.717581
vn -0.196263 0.980551 0.000000
vn -0.196263 0.980551 0.000000
vn -0.196263 0.980551 0.000000
vn -0.196263 0.980551 0.000000
vn -0.196263 0.980551 0.000000
vn -0.196263 0.980551 0.000000
vn 0.666774 0.133457 -0.733213
vn 0.666774 0.133457 -0.733213
vn 0.666774 0.133457 -0.733213
vn 0.666782 0.133458 -0.733206
vn 0.666782 0.133458 -0.733206
vn 0.666782 0.133458 -0.733206
vn 0.666775 0.133452 -0.733213
vn 0.666775 0.133452 -0.733213
vn 0.666775 0.133452 -0.733213
vn 0.666774 0.133458 -0.733213
vn 0.666774 0.133458 -0.733213
vn 0.666774 0.133458 -0.733213
vn -0.666775 -0.133464 -0.733211
vn -0.666775 -0.133464 -0.733211
vn -0.666775 -0.133464 -0.733211
vn -0.666776 -0.133452 -0.733213
vn -0.666776 -0.133452 -0.733213
vn -0.666776 -0.133452 -0.733213
vn -0.666776 -0.133457 -0.733211
vn -0.666776 -0.133457 -0.733211
vn -0.666776 -0.133457 -0.733211
vn -0.666782 -0.133458 -0.733206
vn -0.666782 -0.133458 -0.733206
vn -0.666782 -0.133458 -0.733206
vn 0.000000 0.000000 1.000000
vn 0.000000 0.000000 1.000000
vn 0.000000 0.000000 1.000000
vn 0.000000 0.000000 1.000000
vn 0.000000 0.000000 1.000000
vn 0.000000 0.000000 1.000000
vn 0.168016 -0.985784 0.000000
vn 0.168016 -0.985784 0.000000
vn 0.168016 -0.985784 0.000000
vn 0.168017 -0.985784 -0.000000
vn 0.168017 -0.985784 -0.000000
vn 0.168017 -0.985784 -0.000000
vn 0.985784 0.168015 0.000000
vn 0.985784 0.168015 0.000000
vn 0.985784 0.168015 0.000000
vn 0.985785 0.168015 0.000000
vn 0.985785 0.168015 0.000000
vn 0.985785 0.168015 0.000000
vn -0.168016 0.985784 0.000000
vn -0.168016 0.985784 0.000000
vn -0.168016 0.985784 0.000000
vn -0.168016 0.985784 0.000000
vn -0.168016 0.985784 0.000000
vn -0.168016 0.985784 0.000000
vn -0.985784 -0.168017 0.000001
vn -0.985784 -0.168017 0.000001
vn -0.985784 -0.168017 0.000001
vn -0.985784 -0.168015 0.000000
vn -0.985784 -0.168015 0.000000
vn -0.985784 -0.168015 0.000000
vn 0.000000 0.000000 1.000000
vn 0.000000 0.000000 1.000000
vn 0.000000 0.000000 1.000000
vn 0.000000 0.000000 1.000000
vn 0.000000 0.000000 1.000000
vn 0.000000 0.000000 1.000000
vn 0.168016 -0.985784 0.000000
vn 0.168016 -0.985784 0.000000
vn 0.168016 -0.985784 0.000000
vn 0.168017 -0.985784 0.000000
vn 0.168017 -0.985784 0.000000
vn 0.168017 -0.985784 0.000000
vn 0.985784 0.168015 0.000000
vn 0.985784 0.168015 0.000000
vn 0.985784 0.168015 0.000000
vn 0.985783 0.168021 0.000002
vn 0.985783 0.168021 0.000002
vn 0.985783 0.168021 0.000002
vn -0.168017 0.985784 0.000000
vn -0.168017 0.985784 0.000000
vn -0.168017 0.985784 0.000000
vn -0.168017 0.985784 0.000000
vn -0.168017 0.985784 0.000000
vn -0.168017 0.985784 0.000000
vn -0.985784 -0.168015 0.000000
vn -0.985784 -0.168015 0.000000
vn -0.985784 -0.168015 0.000000
vn -0.985784 -0.168015 0.000000
vn -0.985784 -0.168015 0.000000
vn -0.985784 -0.168015 0.000000
vn 0.000000 0.000000 1.000000
vn 0.000000 0.000000 1.000000
vn 0.000000 0.000000 1.000000
vn 0.000000 0.000000 1.000000
vn 0.000000 0.000000 1.000000
vn 0.000000 0.000000 1.000000
vn 0.168018 -0.985784 0.000000
vn 0.168018 -0.985784 0.000000
vn 0.168018 -0.985784 0.000000
vn 0.168018 -0.985784 0.000000
vn 0.168018 -0.985784 0.000000
vn 0.168018 -0.985784 0.000000
vn 0.985784 0.168016 0.000000
vn 0.985784 0.168016 0.000000
vn 0.985784 0.168016 0.000000
vn 0.985784 0.168016 0.000000
vn 0.985784 0.168016 0.000000
vn 0.985784 0.168016 0.000000
vn -0.168018 0.985784 0.000000
vn -0.168018 0.985784 0.000000
vn -0.168018 0.985784 0.000000
vn -0.168018 0.985784 0.000000
vn -0.168018 0.985784 0.000000
vn -0.168018 0.985784 0.000000
vn -0.985784 -0.168016 0.000000
vn -0.985784 -0.168016 0.000000
vn -0.985784 -0.168016 0.000000
vn -0.985784 -0.168016 0.000000
vn -0.985784 -0.168016 0.000000
vn -0.985784 -0.168016 0.000000
vn 0.102841 -0.781679 0.615144
vn 0.102841 -0.781679 0.615144
vn 0.102841 -0.781679 0.615144
vn 0.103722 -0.782098 0.614462
vn 0.103722 -0.782098 0.614462
vn 0.103722 -0.782098 0.614462
vn 0.046603 -0.357066 0.932916
vn 0.046603 -0.357066 0.932916
vn 0.046603 -0.357066 0.932916
vn 0.031602 -0.348992 0.936593
vn 0.031602 -0.348992 0.936593
vn 0.031602 -0.348992 0.936593
vn -0.025255 0.358825 0.933063
vn -0.025255 0.358825 0.933063
vn -0.025255 0.358825 0.933063
vn -0.010251 0.350654 0.936449
vn -0.010251 0.350654 0.936449
vn -0.010251 0.350654 0.936449
vn -0.996704 -0.081058 0.003145
vn -0.996704 -0.081058 0.003145
vn -0.996704 -0.081058 0.003145
vn -0.996680 -0.081329 0.003912
vn -0.996680 -0.081329 0.003912
vn -0.996680 -0.081329 0.003912
vn 0.064945 -0.834703 -0.546858
vn 0.064945 -0.834703 -0.546858
vn 0.064945 -0.834703 -0.546858
vn -0.069099 0.834404 -0.546805
vn -0.069099 0.834404 -0.546805
vn -0.069099 0.834404 -0.546805
vn -0.996886 -0.078755 0.003912
vn -0.996886 -0.078755 0.003912
vn -0.996886 -0.078755 0.003912
vn -0.996863 -0.079081 0.003088
vn -0.996863 -0.079081 0.003088
vn -0.996863 -0.079081 0.003088
vn -0.996791 -0.080052 0.000466
vn -0.996791 -0.080052 0.000466
vn -0.996791 -0.080052 0.000466
vn -0.031755 0.350920 -0.935867
vn -0.031755 0.350920 -0.935867
vn -0.031755 0.350920 -0.935867
vn -0.016800 0.342704 -0.939293
vn -0.016800 0.342704 -0.939293
vn -0.016800 0.342704 -0.939293
vn 0.038901 -0.350325 -0.935820
vn 0.038901 -0.350325 -0.935820
vn 0.038901 -0.350325 -0.935820
vn 0.023891 -0.342133 -0.939348
vn 0.023891 -0.342133 -0.939348
vn 0.023891 -0.342133 -0.939348
vn -0.080051 0.996791 -0.000000
vn -0.080051 0.996791 -0.000000
vn -0.080051 0.996791 -0.000000
vn -0.080051 0.996791 -0.000000
vn -0.080051 0.996791 -0.000000
vn -0.080051 0.996791 -0.000000
vn 0.080051 -0.996791 0.000000
vn 0.080051 -0.996791 0.000000
vn 0.080051 -0.996791 0.000000
vn 0.080051 -0.996791 -0.000000
vn 0.080051 -0.996791 -0.000000
vn 0.080051 -0.996791 -0.000000
vn 0.154394 -0.988009 0.000014
vn 0.154394 -0.988009 0.000014
vn 0.154394 -0.988009 0.000014
vn 0.154396 -0.988009 0.000007
vn 0.154396 -0.988009 0.000007
vn 0.154396 -0.988009 0.000007
vn 0.154393 -0.988009 0.000002
vn 0.154393 -0.988009 0.000002
vn 0.154393 -0.988009 0.000002
vn 0.154394 -0.988009 0.000008
vn 0.154394 -0.988009 0.000008
vn 0.154394 -0.988009 0.000008
vn 0.133495 -0.991050 0.000004
vn 0.133495 -0.991050 0.000004
vn 0.133495 -0.991050 0.000004
vn 0.133492 -0.991050 0.000000
vn 0.133492 -0.991050 0.000000
vn 0.133492 -0.991050 0.000000
vn 0.133492 -0.991050 0.000000
vn 0.133492 -0.991050 0.000000
vn 0.133492 -0.991050 0.000000
vn 0.133494 -0.991050 0.000000
vn 0.133494 -0.991050 0.000000
vn 0.133494 -0.991050 0.000000
vn 0.133498 -0.991049 -0.000011
vn 0.133498 -0.991049 -0.000011
vn 0.133498 -0.991049 -0.000011
vn 0.132285 -0.991212 -0.000001
vn 0.132285 -0.991212 -0.000001
vn 0.132285 -0.991212 -0.000001
vn 0.132284 -0.991212 -0.000000
vn 0.132284 -0.991212 -0.000000
vn 0.132284 -0.991212 -0.000000
vn 0.132281 -0.991212 0.000002
vn 0.132281 -0.991212 0.000002
vn 0.132281 -0.991212 0.000002
vn 0.138106 -0.990417 0.000000
vn 0.138106 -0.990417 0.000000
vn 0.138106 -0.990417 0.000000
vn 0.133496 -0.991049 -0.000005
vn 0.133496 -0.991049 -0.000005
vn 0.133496 -0.991049 -0.000005
vn 0.133497 -0.991049 -0.000003
vn 0.133497 -0.991049 -0.000003
vn 0.133497 -0.991049 -0.000003
vn -0.255986 0.966663 -0.005785
vn -0.255986 0.966663 -0.005785
vn -0.255986 0.966663 -0.005785
vn -0.996783 -0.080051 0.003804
vn -0.996783 -0.080051 0.003804
vn -0.996783 -0.080051 0.003804
vn 0.846843 -0.531843 0.000000
vn 0.846843 -0.531843 0.000000
vn 0.846843 -0.531843 0.000000
vn 0.846825 -0.531872 -0.000002
vn 0.846825 -0.531872 -0.000002
vn 0.846825 -0.531872 -0.000002
vn 0.846867 -0.531804 -0.000006
vn 0.846867 -0.531804 -0.000006
vn 0.846867 -0.531804 -0.000006
vn 0.846864 -0.531810 0.000010
vn 0.846864 -0.531810 0.000010
vn 0.846864 -0.531810 0.000010
vn 0.132281 -0.991212 -0.000010
vn 0.132281 -0.991212 -0.000010
vn 0.132281 -0.991212 -0.000010
vn 0.132264 -0.991215 -0.000001
vn 0.132264 -0.991215 -0.000001
vn 0.132264 -0.991215 -0.000001
vn 0.132266 -0.991214 0.000000
vn 0.132266 -0.991214 0.000000
vn 0.132266 -0.991214 0.000000
vn 0.132289 -0.991211 0.000027
vn 0.132289 -0.991211 0.000027
vn 0.132289 -0.991211 0.000027
vn 0.133496 -0.991049 -0.000008
vn 0.133496 -0.991049 -0.000008
vn 0.133496 -0.991049 -0.000008
vn 0.133481 -0.991051 -0.000003
vn 0.133481 -0.991051 -0.000003
vn 0.133481 -0.991051 -0.000003
vn 0.133490 -0.991050 0.000000
vn 0.133490 -0.991050 0.000000
vn 0.133490 -0.991050 0.000000
vn 0.133501 -0.991049 0.000015
vn 0.133501 -0.991049 0.000015
vn 0.133501 -0.991049 0.000015
vn 0.154397 -0.988009 -0.000019
vn 0.154397 -0.988009 -0.000019
vn 0.154397 -0.988009 -0.000019
vn 0.132289 -0.991211 0.000000
vn 0.132289 -0.991211 0.000000
vn 0.132289 -0.991211 0.000000
vn 0.132289 -0.991211 0.000000
vn 0.132289 -0.991211 0.000000
vn 0.132289 -0.991211 0.000000
vn 0.133493 -0.991050 0.000000
vn 0.133493 -0.991050 0.000000
vn 0.133493 -0.991050 0.000000
vn 0.133493 -0.991050 0.000000
vn 0.133493 -0.991050 0.000000
vn 0.133493 -0.991050 0.000000
vn 0.133493 -0.991050 -0.000007
vn 0.133493 -0.991050 -0.000007
vn 0.133493 -0.991050 -0.000007
vn 0.133493 -0.991050 -0.000007
vn 0.133493 -0.991050 -0.000007
vn 0.133493 -0.991050 -0.000007
vn 0.154392 -0.988010 0.000000
vn 0.154392 -0.988010 0.000000
vn 0.154392 -0.988010 0.000000
vn 0.154392 -0.988010 0.000000
vn 0.154392 -0.988010 0.000000
vn 0.154392 -0.988010 0.000000
vn 0.154392 -0.988010 0.000000
vn 0.154392 -0.988010 0.000000
vn 0.154392 -0.988010 0.000000
vn 0.154392 -0.988010 0.000000
vn 0.154392 -0.988010 0.000000
vn 0.154392 -0.988010 0.000000
vn 0.154392 -0.988010 0.000000
vn 0.154392 -0.988010 0.000000
vn 0.154392 -0.988010 0.000000
vn 0.154391 -0.988010 0.000001
vn 0.154391 -0.988010 0.000001
vn 0.154391 -0.988010 0.000001
vn 0.154393 -0.988009 0.000007
vn 0.154393 -0.988009 0.000007
vn 0.154393 -0.988009 0.000007
vn 0.154392 -0.988010 0.000008
vn 0.154392 -0.988010 0.000008
vn 0.154392 -0.988010 0.000008
vn 0.000000 0.000000 1.000000
vn 0.000000 0.000000 1.000000
vn 0.000000 0.000000 1.000000
vn 0.000000 0.000000 1.000000
vn 0.000000 0.000000 1.000000
vn 0.000000 0.000000 1.000000
vn -0.991212 -0.132282 0.000000
vn -0.991212 -0.132282 0.000000
vn -0.991212 -0.132282 0.000000
vn -0.991212 -0.132282 0.000000
vn -0.991212 -0.132282 0.000000
vn -0.991212 -0.132282 0.000000
vn 0.000000 0.000000 -1.000000
vn 0.000000 0.000000 -1.000000
vn 0.000000 0.000000 -1.000000
vn -0.000001 -0.000004 -1.000000
vn -0.000001 -0.000004 -1.000000
vn -0.000001 -0.000004 -1.000000
vn 0.991212 0.132282 0.000000
vn 0.991212 0.132282 0.000000
vn 0.991212 0.132282 0.000000
vn 0.991212 0.132282 0.000000
vn 0.991212 0.132282 0.000000
vn 0.991212 0.132282 0.000000
vn 0.000000 0.000000 1.000000
vn 0.000000 0.000000 1.000000
vn 0.000000 0.000000 1.000000
vn 0.000000 0.000000 1.000000
vn 0.000000 0.000000 1.000000
vn 0.000000 0.000000 1.000000
vn -0.991039 -0.133575 0.000000
vn -0.991039 -0.133575 0.000000
vn -0.991039 -0.133575 0.000000
vn -0.991039 -0.133575 0.000000
vn -0.991039 -0.133575 0.000000
vn -0.991039 -0.133575 0.000000
vn 0.000000 0.000000 -1.000000
vn 0.000000 0.000000 -1.000000
vn 0.000000 0.000000 -1.000000
vn 0.000000 0.000000 -1.000000
vn 0.000000 0.000000 -1.000000
vn 0.000000 0.000000 -1.000000
vn 0.991037 0.133589 0.000000
vn 0.991037 0.133589 0.000000
vn 0.991037 0.133589 0.000000
vn 0.991037 0.133589 0.000000
vn 0.991037 0.133589 0.000000
vn 0.991037 0.133589 0.000000
vn 0.000001 -0.000004 1.000000
vn 0.000001 -0.000004 1.000000
vn 0.000001 -0.000004 1.000000
vn 0.000001 -0.000004 1.000000
vn 0.000001 -0.000004 1.000000
vn 0.000001 -0.000004 1.000000
vn -0.991039 -0.133575 0.000000
vn -0.991039 -0.133575 0.000000
vn -0.991039 -0.133575 0.000000
vn -0.991039 -0.133572 -0.000001
vn -0.991039 -0.133572 -0.000001
vn -0.991039 -0.133572 -0.000001
vn 0.000000 0.000000 -1.000000
vn 0.000000 0.000000 -1.000000
vn 0.000000 0.000000 -1.000000
vn 0.000000 0.000000 -1.000000
vn 0.000000 0.000000 -1.000000
vn 0.000000 0.000000 -1.000000
vn 0.991037 0.133589 0.000000
vn 0.991037 0.133589 0.000000
vn 0.991037 0.133589 0.000000
vn 0.991037 0.133591 0.000001
vn 0.991037 0.133591 0.000001
vn 0.991037 0.133591 0.000001
vn 0.000000 0.000000 1.000000
vn 0.000000 0.000000 1.000000
vn 0.000000 0.000000 1.000000
vn 0.000000 0.000000 1.000000
vn 0.000000 0.000000 1.000000
vn 0.000000 0.000000 1.000000
vn -0.987771 -0.155913 0.000000
vn -0.987771 -0.155913 0.000000
vn -0.987771 -0.155913 0.000000
vn -0.987771 -0.155913 0.000000
vn -0.987771 -0.155913 0.000000
vn -0.987771 -0.155913 0.000000
vn 0.000000 0.000000 -1.000000
vn 0.000000 0.000000 -1.000000
vn 0.000000 0.000000 -1.000000
vn 0.000000 0.000000 -1.000000
vn 0.000000 0.000000 -1.000000
vn 0.000000 0.000000 -1.000000
vn 0.987771 0.155913 0.000000
vn 0.987771 0.155913 0.000000
vn 0.987771 0.155913 0.000000
vn 0.987771 0.155913 0.000000
vn 0.987771 0.155913 0.000000
vn 0.987771 0.155913 0.000000
vn 0.000000 0.000000 1.000000
vn 0.000000 0.000000 1.000000
vn 0.000000 0.000000 1.000000
vn 0.000000 0.000000 1.000000
vn 0.000000 0.000000 1.000000
vn 0.000000 0.000000 1.000000
vn -0.987771 -0.155913 0.000000
vn -0.987771 -0.155913 0.000000
vn -0.987771 -0.155913 0.000000
vn -0.987771 -0.155913 0.000000
vn -0.987771 -0.155913 0.000000
vn -0.987771 -0.155913 0.000000
vn 0.000000 0.000000 -1.000000
vn 0.000000 0.000000 -1.000000
vn 0.000000 0.000000 -1.000000
vn 0.000000 0.000000 -1.000000
vn 0.000000 0.000000 -1.000000
vn 0.000000 0.000000 -1.000000
vn 0.987771 0.155913 0.000000
vn 0.987771 0.155913 0.000000
vn 0.987771 0.155913 0.000000
vn 0.987771 0.155913 0.000000
vn 0.987771 0.155913 0.000000
vn 0.987771 0.155913 0.000000
vn -0.000001 0.000008 1.000000
vn -0.000001 0.000008 1.000000
vn -0.000001 0.000008 1.000000
vn -0.000001 0.000008 1.000000
vn -0.000001 0.000008 1.000000
vn -0.000001 0.000008 1.000000
vn -0.987771 -0.155913 -0.000007
vn -0.987771 -0.155913 -0.000007
vn -0.987771 -0.155913 -0.000007
vn -0.987771 -0.155913 -0.000007
vn -0.987771 -0.155913 -0.000007
vn -0.987771 -0.155913 -0.000007
vn 0.000000 0.000000 -1.000000
vn 0.000000 0.000000 -1.000000
vn 0.000000 0.000000 -1.000000
vn 0.000000 0.000000 -1.000000
vn 0.000000 0.000000 -1.000000
vn 0.000000 0.000000 -1.000000
vn 0.987768 0.155929 0.000000
vn 0.987768 0.155929 0.000000
vn 0.987768 0.155929 0.000000
vn 0.987768 0.155929 0.000000
vn 0.987768 0.155929 0.000000
vn 0.987768 0.155929 0.000000
vn -0.000001 0.000008 1.000000
vn -0.000001 0.000008 1.000000
vn -0.000001 0.000008 1.000000
vn -0.000001 0.000008 1.000000
vn -0.000001 0.000008 1.000000
vn -0.000001 0.000008 1.000000
vn -0.987771 -0.155913 -0.000006
vn -0.987771 -0.155913 -0.000006
vn -0.987771 -0.155913 -0.000006
vn -0.987771 -0.155913 -0.000006
vn -0.987771 -0.155913 -0.000006
vn -0.987771 -0.155913 -0.000006
vn 0.000000 0.000000 -1.000000
vn 0.000000 0.000000 -1.000000
vn 0.000000 0.000000 -1.000000
vn 0.000000 0.000000 -1.000000
vn 0.000000 0.000000 -1.000000
vn 0.000000 0.000000 -1.000000
vn 0.987771 0.155913 0.000000
vn 0.987771 0.155913 0.000000
vn 0.987771 0.155913 0.000000
vn 0.987771 0.155910 -0.000001
vn 0.987771 0.155910 -0.000001
vn 0.987771 0.155910 -0.000001
vn 0.847085 -0.531458 -0.000061
vn 0.847085 -0.531458 -0.000061
vn 0.847085 -0.531458 -0.000061
vn 0.846867 -0.531804 -0.000489
vn 0.846867 -0.531804 -0.000489
vn 0.846867 -0.531804 -0.000489
vn 0.132273 -0.991213 -0.000001
vn 0.132273 -0.991213 -0.000001
vn 0.132273 -0.991213 -0.000001
vn 0.132270 -0.991214 0.000000
vn 0.132270 -0.991214 0.000000
vn 0.132270 -0.991214 0.000000
vn 0.132281 -0.991212 -0.000015
vn 0.132281 -0.991212 -0.000015
vn 0.132281 -0.991212 -0.000015
vn 0.132289 -0.991211 0.000010
vn 0.132289 -0.991211 0.000010
vn 0.132289 -0.991211 0.000010
vn 0.133485 -0.991051 0.000000
vn 0.133485 -0.991051 0.000000
vn 0.133485 -0.991051 0.000000
vn 0.133485 -0.991051 0.000000
vn 0.133485 -0.991051 0.000000
vn 0.133485 -0.991051 0.000000
vn 0.133493 -0.991050 -0.000012
vn 0.133493 -0.991050 -0.000012
vn 0.133493 -0.991050 -0.000012
vn 0.133501 -0.991049 0.000007
vn 0.133501 -0.991049 0.000007
vn 0.133501 -0.991049 0.000007
vn 0.133497 -0.991049 -0.000006
vn 0.133497 -0.991049 -0.000006
vn 0.133497 -0.991049 -0.000006
vn 0.133492 -0.991050 0.000000
vn 0.133492 -0.991050 0.000000
vn 0.133492 -0.991050 0.000000
vn 0.133492 -0.991050 0.000000
vn 0.133492 -0.991050 0.000000
vn 0.133492 -0.991050 0.000000
vn 0.133492 -0.991050 -0.000000
vn 0.133492 -0.991050 -0.000000
vn 0.133492 -0.991050 -0.000000
vn 0.133494 -0.991050 0.000009
vn 0.133494 -0.991050 0.000009
vn 0.133494 -0.991050 0.000009
vn 0.133494 -0.991050 -0.000004
vn 0.133494 -0.991050 -0.000004
vn 0.133494 -0.991050 -0.000004
vn 0.133496 -0.991049 -0.000007
vn 0.133496 -0.991049 -0.000007
vn 0.133496 -0.991049 -0.000007
vn 0.133487 -0.991050 0.000000
vn 0.133487 -0.991050 0.000000
vn 0.133487 -0.991050 0.000000
vn 0.133487 -0.991050 0.000000
vn 0.133487 -0.991050 0.000000
vn 0.133487 -0.991050 0.000000
vn 0.154393 -0.988009 0.000000
vn 0.154393 -0.988009 0.000000
vn 0.154393 -0.988009 0.000000
vn 0.154393 -0.988009 0.000000
vn 0.154393 -0.988009 0.000000
vn 0.154393 -0.988009 0.000000
vn 0.154378 -0.988012 0.000000
vn 0.154378 -0.988012 0.000000
vn 0.154378 -0.988012 0.000000
vn 0.154378 -0.988012 0.000000
vn 0.154378 -0.988012 0.000000
vn 0.154378 -0.988012 0.000000
vn 0.154392 -0.988010 0.000001
vn 0.154392 -0.988010 0.000001
vn 0.154392 -0.988010 0.000001
vn 0.154378 -0.988012 0.000070
vn 0.154378 -0.988012 0.000070
vn 0.154378 -0.988012 0.000070
vn 0.154390 -0.988010 0.000002
vn 0.154390 -0.988010 0.000002
vn 0.154390 -0.988010 0.000002
vn 0.154400 -0.988008 0.000007
vn 0.154400 -0.988008 0.000007
vn 0.154400 -0.988008 0.000007
vn 0.154383 -0.988011 0.000001
vn 0.154383 -0.988011 0.000001
vn 0.154383 -0.988011 0.000001
vn 0.154389 -0.988010 0.000000
vn 0.154389 -0.988010 0.000000
vn 0.154389 -0.988010 0.000000
vn 0.154398 -0.988009 0.000008
vn 0.154398 -0.988009 0.000008
vn 0.154398 -0.988009 0.000008
vn 0.154393 -0.988010 -0.000013
vn 0.154393 -0.988010 -0.000013
vn 0.154393 -0.988010 -0.000013
vn -0.138936 0.990301 0.000230
vn -0.138936 0.990301 0.000230
vn -0.138936 0.990301 0.000230
vn -0.138957 0.990298 0.000000
vn -0.138957 0.990298 0.000000
vn -0.138957 0.990298 0.000000
vn -0.134159 0.990960 0.000108
vn -0.134159 0.990960 0.000108
vn -0.134159 0.990960 0.000108
vn -0.134163 0.990959 0.000106
vn -0.134163 0.990959 0.000106
vn -0.134163 0.990959 0.000106
vn -0.134158 0.990960 0.000108
vn -0.134158 0.990960 0.000108
vn -0.134158 0.990960 0.000108
vn -0.134164 0.990959 0.000106
vn -0.134164 0.990959 0.000106
vn -0.134164 0.990959 0.000106
vn -0.000014 0.000102 -1.000000
vn -0.000014 0.000102 -1.000000
vn -0.000014 0.000102 -1.000000
vn -0.000014 0.000102 -1.000000
vn -0.000014 0.000102 -1.000000
vn -0.000014 0.000102 -1.000000
vn -0.990958 -0.134173 0.000001
vn -0.990958 -0.134173 0.000001
vn -0.990958 -0.134173 0.000001
vn -0.990958 -0.134173 0.000001
vn -0.990958 -0.134173 0.000001
vn -0.990958 -0.134173 0.000001
vn 0.000014 -0.000102 1.000000
vn 0.000014 -0.000102 1.000000
vn 0.000014 -0.000102 1.000000
vn 0.000014 -0.000102 1.000000
vn 0.000014 -0.000102 1.000000
vn 0.000014 -0.000102 1.000000
vn 0.990960 0.134158 0.000001
vn 0.990960 0.134158 0.000001
vn 0.990960 0.134158 0.000001
vn 0.990960 0.134160 0.000001
vn 0.990960 0.134160 0.000001
vn 0.990960 0.134160 0.000001
vn -0.000014 0.000102 -1.000000
vn -0.000014 0.000102 -1.000000
vn -0.000014 0.000102 -1.000000
vn -0.000014 0.000102 -1.000000
vn -0.000014 0.000102 -1.000000
vn -0.000014 0.000102 -1.000000
vn -0.990958 -0.134173 0.000001
vn -0.990958 -0.134173 0.000001
vn -0.990958 -0.134173 0.000001
vn -0.990959 -0.134166 0.000000
vn -0.990959 -0.134166 0.000000
vn -0.990959 -0.134166 0.000000
vn 0.000014 -0.000102 1.000000
vn 0.000014 -0.000102 1.000000
vn 0.000014 -0.000102 1.000000
vn 0.000014 -0.000102 1.000000
vn 0.000014 -0.000102 1.000000
vn 0.000014 -0.000102 1.000000
vn 0.990959 0.134166 -0.000001
vn 0.990959 0.134166 -0.000001
vn 0.990959 0.134166 -0.000001
vn 0.990960 0.134160 -0.000002
vn 0.990960 0.134160 -0.000002
vn 0.990960 0.134160 -0.000002
vn 0.886950 -0.461854 -0.003226
vn 0.886950 -0.461854 -0.003226
vn 0.886950 -0.461854 -0.003226
vn -0.134472 0.990917 0.000106
vn -0.134472 0.990917 0.000106
vn -0.134472 0.990917 0.000106
vn -0.134063 0.990973 0.000212
vn -0.134063 0.990973 0.000212
vn -0.134063 0.990973 0.000212
vn -0.134152 0.990961 0.000106
vn -0.134152 0.990961 0.000106
vn -0.134152 0.990961 0.000106
vn -0.134152 0.990961 0.000106
vn -0.134152 0.990961 0.000106
vn -0.134152 0.990961 0.000106
vn 0.000000 0.000000 -1.000000
vn 0.000000 0.000000 -1.000000
vn 0.000000 0.000000 -1.000000
vn 0.000000 0.000000 1.000000
vn 0.000000 0.000000 1.000000
vn 0.000000 0.000000 1.000000
vn -0.139193 0.990256 -0.004390
vn -0.139193 0.990256 -0.004390
vn -0.139193 0.990256 -0.004390
vn -0.134126 0.990684 -0.023557
vn -0.134126 0.990684 -0.023557
vn -0.134126 0.990684 -0.023557
vn -0.151695 0.988427 0.000106
vn -0.151695 0.988427 0.000106
vn -0.151695 0.988427 0.000106
vn -0.151408 0.988471 0.000000
vn -0.151408 0.988471 0.000000
vn -0.151408 0.988471 0.000000
vn -0.134139 0.990777 0.019197
vn -0.134139 0.990777 0.019197
vn -0.134139 0.990777 0.019197
vn -0.134128 0.990778 0.019220
vn -0.134128 0.990778 0.019220
vn -0.134128 0.990778 0.019220
vn -0.134139 0.990777 0.019195
vn -0.134139 0.990777 0.019195
vn -0.134139 0.990777 0.019195
vn -0.138973 0.990288 0.004081
vn -0.138973 0.990288 0.004081
vn -0.138973 0.990288 0.004081
vn 0.154397 -0.988009 0.000014
vn 0.154397 -0.988009 0.000014
vn 0.154397 -0.988009 0.000014
vn 0.154387 -0.988010 0.000021
vn 0.154387 -0.988010 0.000021
vn 0.154387 -0.988010 0.000021
vn 0.154397 -0.988009 0.000003
vn 0.154397 -0.988009 0.000003
vn 0.154397 -0.988009 0.000003
vn 0.153920 -0.988083 0.000002
vn 0.153920 -0.988083 0.000002
vn 0.153920 -0.988083 0.000002
vn 0.153920 -0.988083 0.000002
vn 0.153920 -0.988083 0.000002
vn 0.153920 -0.988083 0.000002
vn 0.153920 -0.988083 0.000002
vn 0.153920 -0.988083 0.000002
vn 0.153920 -0.988083 0.000002
vn 0.154383 -0.988011 0.000040
vn 0.154383 -0.988011 0.000040
vn 0.154383 -0.988011 0.000040
vn 0.154401 -0.988008 0.000013
vn 0.154401 -0.988008 0.000013
vn 0.154401 -0.988008 0.000013
vn 0.154387 -0.988010 -0.000008
vn 0.154387 -0.988010 -0.000008
vn 0.154387 -0.988010 -0.000008
vn 0.154395 -0.988009 -0.000019
vn 0.154395 -0.988009 -0.000019
vn 0.154395 -0.988009 -0.000019
vn 0.154387 -0.988011 0.000008
vn 0.154387 -0.988011 0.000008
vn 0.154387 -0.988011 0.000008
vn 0.154391 -0.988010 0.000007
vn 0.154391 -0.988010 0.000007
vn 0.154391 -0.988010 0.000007
vn 0.154395 -0.988009 -0.000001
vn 0.154395 -0.988009 -0.000001
vn 0.154395 -0.988009 -0.000001
vn 0.154389 -0.988010 -0.000003
vn 0.154389 -0.988010 -0.000003
vn 0.154389 -0.988010 -0.000003
vn 0.154393 -0.988009 -0.000002
vn 0.154393 -0.988009 -0.000002
vn 0.154393 -0.988009 -0.000002
vn 0.154396 -0.988009 0.000000
vn 0.154396 -0.988009 0.000000
vn 0.154396 -0.988009 0.000000
vn 0.154394 -0.988009 0.000003
vn 0.154394 -0.988009 0.000003
vn 0.154394 -0.988009 0.000003
vn 0.154395 -0.988009 0.000000
vn 0.154395 -0.988009 0.000000
vn 0.154395 -0.988009 0.000000
vn 0.154392 -0.988010 -0.000003
vn 0.154392 -0.988010 -0.000003
vn 0.154392 -0.988010 -0.000003
vn 0.154392 -0.988010 0.000003
vn 0.154392 -0.988010 0.000003
vn 0.154392 -0.988010 0.000003
vn 0.154392 -0.988010 0.000001
vn 0.154392 -0.988010 0.000001
vn 0.154392 -0.988010 0.000001
vn 0.154393 -0.988010 -0.000003
vn 0.154393 -0.988010 -0.000003
vn 0.154393 -0.988010 -0.000003
vn 0.154395 -0.988009 0.000001
vn 0.154395 -0.988009 0.000001
vn 0.154395 -0.988009 0.000001
vn 0.154400 -0.988008 0.000008
vn 0.154400 -0.988008 0.000008
vn 0.154400 -0.988008 0.000008
vn 0.154393 -0.988010 0.000015
vn 0.154393 -0.988010 0.000015
vn 0.154393 -0.988010 0.000015
vn 0.154392 -0.988010 0.000011
vn 0.154392 -0.988010 0.000011
vn 0.154392 -0.988010 0.000011
vn 0.154389 -0.988010 -0.000008
vn 0.154389 -0.988010 -0.000008
vn 0.154389 -0.988010 -0.000008
vn 0.154392 -0.988010 0.000009
vn 0.154392 -0.988010 0.000009
vn 0.154392 -0.988010 0.000009
vn 0.154393 -0.988009 -0.000014
vn 0.154393 -0.988009 -0.000014
vn 0.154393 -0.988009 -0.000014
vn 0.154392 -0.988010 -0.000020
vn 0.154392 -0.988010 -0.000020
vn 0.154392 -0.988010 -0.000020
vn 0.154403 -0.988008 0.000000
vn 0.154403 -0.988008 0.000000
vn 0.154403 -0.988008 0.000000
vn 0.154395 -0.988009 -0.000003
vn 0.154395 -0.988009 -0.000003
vn 0.154395 -0.988009 -0.000003
vn 0.154392 -0.988010 0.000002
vn 0.154392 -0.988010 0.000002
vn 0.154392 -0.988010 0.000002
vn 0.154378 -0.988012 0.000075
vn 0.154378 -0.988012 0.000075
vn 0.154378 -0.988012 0.000075
vn 0.154392 -0.988010 -0.000008
vn 0.154392 -0.988010 -0.000008
vn 0.154392 -0.988010 -0.000008
vn 0.154392 -0.988010 -0.000003
vn 0.154392 -0.988010 -0.000003
vn 0.154392 -0.988010 -0.000003
vn 0.154401 -0.988008 0.000000
vn 0.154401 -0.988008 0.000000
vn 0.154401 -0.988008 0.000000
vn 0.154401 -0.988008 0.000000
vn 0.154401 -0.988008 0.000000
vn 0.154401 -0.988008 0.000000
vn -0.172907 0.984938 -0.000451
vn -0.172907 0.984938 -0.000451
vn -0.172907 0.984938 -0.000451
vn -0.996801 -0.079843 0.003427
vn -0.996801 -0.079843 0.003427
vn -0.996801 -0.079843 0.003427
vn 0.354470 0.061606 -0.933036
vn 0.354470 0.061606 -0.933036
vn 0.354470 0.061606 -0.933036
vn 0.354470 0.061606 -0.933036
vn 0.354470 0.061606 -0.933036
vn 0.354470 0.061606 -0.933036
vn 0.186484 0.032643 -0.981915
vn 0.186484 0.032643 -0.981915
vn 0.186484 0.032643 -0.981915
vn 0.186484 0.032643 -0.981915
vn 0.186484 0.032643 -0.981915
vn 0.186484 0.032643 -0.981915
vn -0.493466 -0.084737 -0.865628
vn -0.493466 -0.084737 -0.865628
vn -0.493466 -0.084737 -0.865628
vn -0.493466 -0.084737 -0.865628
vn -0.493466 -0.084737 -0.865628
vn -0.493466 -0.084737 -0.865628
vn 0.493329 0.085534 -0.865627
vn 0.493329 0.085534 -0.865627
vn 0.493329 0.085534 -0.865627
vn 0.493329 0.085534 -0.865627
vn 0.493329 0.085534 -0.865627
vn 0.493329 0.085534 -0.865627
vn -0.000091 0.000458 -1.000000
vn -0.000091 0.000458 -1.000000
vn -0.000091 0.000458 -1.000000
vn -0.000091 0.000458 -1.000000
vn -0.000091 0.000458 -1.000000
vn -0.000091 0.000458 -1.000000
vn -0.354624 -0.060748 -0.933034
vn -0.354624 -0.060748 -0.933034
vn -0.354624 -0.060748 -0.933034
vn -0.354624 -0.060748 -0.933034
vn -0.354624 -0.060748 -0.933034
vn -0.354624 -0.060748 -0.933034
vn -0.186637 -0.031739 -0.981916
vn -0.186637 -0.031739 -0.981916
vn -0.186637 -0.031739 -0.981916
vn -0.186637 -0.031739 -0.981916
vn -0.186637 -0.031739 -0.981916
vn -0.186637 -0.031739 -0.981916
vn 0.985438 0.170038 -0.000001
vn 0.985438 0.170038 -0.000001
vn 0.985438 0.170038 -0.000001
vn 0.985438 0.170038 -0.000001
vn 0.985438 0.170038 -0.000001
vn 0.985438 0.170038 -0.000001
vn -0.985438 -0.170038 0.000002
vn -0.985438 -0.170038 0.000002
vn -0.985438 -0.170038 0.000002
vn -0.985438 -0.170038 0.000002
vn -0.985438 -0.170038 0.000002
vn -0.985438 -0.170038 0.000002
vn 0.000082 -0.000467 1.000000
vn 0.000082 -0.000467 1.000000
vn 0.000082 -0.000467 1.000000
vn 0.000082 -0.000467 1.000000
vn 0.000082 -0.000467 1.000000
vn 0.000082 -0.000467 1.000000
vn 0.985412 0.170185 -0.000001
vn 0.985412 0.170185 -0.000001
vn 0.985412 0.170185 -0.000001
vn 0.985412 0.170185 -0.000001
vn 0.985412 0.170185 -0.000001
vn 0.985412 0.170185 -0.000001
vn -0.000060 0.000347 -1.000000
vn -0.000060 0.000347 -1.000000
vn -0.000060 0.000347 -1.000000
vn -0.000060 0.000347 -1.000000
vn -0.000060 0.000347 -1.000000
vn -0.000060 0.000347 -1.000000
vn -0.985412 -0.170185 0.000000
vn -0.985412 -0.170185 0.000000
vn -0.985412 -0.170185 0.000000
vn -0.985412 -0.170185 0.000000
vn -0.985412 -0.170185 0.000000
vn -0.985412 -0.170185 0.000000
vn 0.000061 -0.000346 1.000000
vn 0.000061 -0.000346 1.000000
vn 0.000061 -0.000346 1.000000
vn 0.000061 -0.000346 1.000000
vn 0.000061 -0.000346 1.000000
vn 0.000061 -0.000346 1.000000
vn 0.985406 0.170221 -0.000002
vn 0.985406 0.170221 -0.000002
vn 0.985406 0.170221 -0.000002
vn 0.985406 0.170221 -0.000002
vn 0.985406 0.170221 -0.000002
vn 0.985406 0.170221 -0.000002
vn -0.000061 0.000346 -1.000000
vn -0.000061 0.000346 -1.000000
vn -0.000061 0.000346 -1.000000
vn -0.000061 0.000346 -1.000000
vn -0.000061 0.000346 -1.000000
vn -0.000061 0.000346 -1.000000
vn -0.985406 -0.170221 -0.000001
vn -0.985406 -0.170221 -0.000001
vn -0.985406 -0.170221 -0.000001
vn -0.985406 -0.170221 -0.000001
vn -0.985406 -0.170221 -0.000001
vn -0.985406 -0.170221 -0.000001
vn 0.000062 -0.000346 1.000000
vn 0.000062 -0.000346 1.000000
vn 0.000062 -0.000346 1.000000
vn 0.000062 -0.000346 1.000000
vn 0.000062 -0.000346 1.000000
vn 0.000062 -0.000346 1.000000
vn 0.985412 0.170185 -0.000001
vn 0.985412 0.170185 -0.000001
vn 0.985412 0.170185 -0.000001
vn 0.985412 0.170185 -0.000001
vn 0.985412 0.170185 -0.000001
vn 0.985412 0.170185 -0.000001
vn -0.000044 0.000255 -1.000000
vn -0.000044 0.000255 -1.000000
vn -0.000044 0.000255 -1.000000
vn -0.000044 0.000255 -1.000000
vn -0.000044 0.000255 -1.000000
vn -0.000044 0.000255 -1.000000
vn -0.985412 -0.170185 0.000002
vn -0.985412 -0.170185 0.000002
vn -0.985412 -0.170185 0.000002
vn -0.985412 -0.170185 0.000002
vn -0.985412 -0.170185 0.000002
vn -0.985412 -0.170185 0.000002
vn 0.000044 -0.000255 1.000000
vn 0.000044 -0.000255 1.000000
vn 0.000044 -0.000255 1.000000
vn 0.000044 -0.000255 1.000000
vn 0.000044 -0.000255 1.000000
vn 0.000044 -0.000255 1.000000
vn 0.985412 0.170185 -0.000001
vn 0.985412 0.170185 -0.000001
vn 0.985412 0.170185 -0.000001
vn 0.985412 0.170185 -0.000001
vn 0.985412 0.170185 -0.000001
vn 0.985412 0.170185 -0.000001
vn -0.000002 0.000019 1.000000
vn -0.000002 0.000019 1.000000
vn -0.000002 0.000019 1.000000
vn -0.000002 0.000019 1.000000
vn -0.000002 0.000019 1.000000
vn -0.000002 0.000019 1.000000
vn -0.985412 -0.170185 -0.000001
vn -0.985412 -0.170185 -0.000001
vn -0.985412 -0.170185 -0.000001
vn -0.985412 -0.170185 -0.000001
vn -0.985412 -0.170185 -0.000001
vn -0.985412 -0.170185 -0.000001
vn 0.000003 -0.000018 -1.000000
vn 0.000003 -0.000018 -1.000000
vn 0.000003 -0.000018 -1.000000
vn 0.000003 -0.000018 -1.000000
vn 0.000003 -0.000018 -1.000000
vn 0.000003 -0.000018 -1.000000
vn -0.000006 0.000243 -1.000000
vn -0.000006 0.000243 -1.000000
vn -0.000006 0.000243 -1.000000
vn -0.000030 0.000540 -1.000000
vn -0.000030 0.000540 -1.000000
vn -0.000030 0.000540 -1.000000
vn -0.985406 -0.170221 0.000005
vn -0.985406 -0.170221 0.000005
vn -0.985406 -0.170221 0.000005
vn -0.985406 -0.170221 0.000005
vn -0.985406 -0.170221 0.000005
vn -0.985406 -0.170221 0.000005
vn 0.000060 -0.000347 1.000000
vn 0.000060 -0.000347 1.000000
vn 0.000060 -0.000347 1.000000
vn 0.000060 -0.000347 1.000000
vn 0.000060 -0.000347 1.000000
vn 0.000060 -0.000347 1.000000
vn 0.985406 0.170221 0.000001
vn 0.985406 0.170221 0.000001
vn 0.985406 0.170221 0.000001
vn 0.985406 0.170221 0.000001
vn 0.985406 0.170221 0.000001
vn 0.985406 0.170221 0.000001
vn 0.985207 0.171369 0.000001
vn 0.985207 0.171369 0.000001
vn 0.985207 0.171369 0.000001
vn 0.985207 0.171369 0.000001
vn 0.985207 0.171369 0.000001
vn 0.985207 0.171369 0.000001
vn -0.000284 0.001645 0.999999
vn -0.000284 0.001645 0.999999
vn -0.000284 0.001645 0.999999
vn -0.000284 0.001645 0.999999
vn -0.000284 0.001645 0.999999
vn -0.000284 0.001645 0.999999
vn -0.985207 -0.171369 -0.000003
vn -0.985207 -0.171369 -0.000003
vn -0.985207 -0.171369 -0.000003
vn -0.985207 -0.171369 -0.000003
vn -0.985207 -0.171369 -0.000003
vn -0.985207 -0.171369 -0.000003
vn 0.000288 -0.001644 -0.999999
vn 0.000288 -0.001644 -0.999999
vn 0.000288 -0.001644 -0.999999
vn 0.000288 -0.001644 -0.999999
vn 0.000288 -0.001644 -0.999999
vn 0.000288 -0.001644 -0.999999
vn -0.987774 -0.155890 -0.000380
vn -0.987774 -0.155890 -0.000380
vn -0.987774 -0.155890 -0.000380
vn -0.977850 -0.209305 0.000000
vn -0.977850 -0.209305 0.000000
vn -0.977850 -0.209305 0.000000
vn -0.987776 -0.155877 -0.000361
vn -0.987776 -0.155877 -0.000361
vn -0.987776 -0.155877 -0.000361
vn -0.987774 -0.155889 -0.000379
vn -0.987774 -0.155889 -0.000379
vn -0.987774 -0.155889 -0.000379
vn -0.987862 -0.155333 0.000000
vn -0.987862 -0.155333 0.000000
vn -0.987862 -0.155333 0.000000
vn -0.970757 -0.240063 -0.000000
vn -0.970757 -0.240063 -0.000000
vn -0.970757 -0.240063 -0.000000
vn -0.970758 -0.240061 0.000000
vn -0.970758 -0.240061 0.000000
vn -0.970758 -0.240061 0.000000
vn -0.970759 -0.240057 0.000001
vn -0.970759 -0.240057 0.000001
vn -0.970759 -0.240057 0.000001
vn -0.977849 -0.209312 -0.000000
vn -0.977849 -0.209312 -0.000000
vn -0.977849 -0.209312 -0.000000
vn 0.983919 0.177198 0.022458
vn 0.983919 0.177198 0.022458
vn 0.983919 0.177198 0.022458
vn 0.978410 0.206674 0.000040
vn 0.978410 0.206674 0.000040
vn 0.978410 0.206674 0.000040
vn 0.978384 0.206794 -0.000025
vn 0.978384 0.206794 -0.000025
vn 0.978384 0.206794 -0.000025
vn 0.978397 0.206737 -0.000000
vn 0.978397 0.206737 -0.000000
vn 0.978397 0.206737 -0.000000
vn 0.978396 0.206741 0.000014
vn 0.978396 0.206741 0.000014
vn 0.978396 0.206741 0.000014
vn 0.978397 0.206736 -0.000007
vn 0.978397 0.206736 -0.000007
vn 0.978397 0.206736 -0.000007
vn 0.994613 0.103658 -0.000000
vn 0.994613 0.103658 -0.000000
vn 0.994613 0.103658 -0.000000
vn 0.994614 0.103651 0.000000
vn 0.994614 0.103651 0.000000
vn 0.994614 0.103651 0.000000
vn 0.995001 0.099864 0.000000
vn 0.995001 0.099864 0.000000
vn 0.995001 0.099864 0.000000
vn 0.994956 0.100312 0.000000
vn 0.994956 0.100312 0.000000
vn 0.994956 0.100312 0.000000
vn 0.995001 0.099870 0.000000
vn 0.995001 0.099870 0.000000
vn 0.995001 0.099870 0.000000
vn 0.995001 0.099864 0.000000
vn 0.995001 0.099864 0.000000
vn 0.995001 0.099864 0.000000
vn 0.987796 0.155753 0.000480
vn 0.987796 0.155753 0.000480
vn 0.987796 0.155753 0.000480
vn 0.994971 0.100162 -0.000000
vn 0.994971 0.100162 -0.000000
vn 0.994971 0.100162 -0.000000
vn 0.987550 0.157307 0.000498
vn 0.987550 0.157307 0.000498
vn 0.987550 0.157307 0.000498
vn 0.987797 0.155744 0.000519
vn 0.987797 0.155744 0.000519
vn 0.987797 0.155744 0.000519
vn 0.994971 0.100162 0.000000
vn 0.994971 0.100162 0.000000
vn 0.994971 0.100162 0.000000
vn 0.987703 0.156344 0.000000
vn 0.987703 0.156344 0.000000
vn 0.987703 0.156344 0.000000
vn 0.987548 0.157314 0.000503
vn 0.987548 0.157314 0.000503
vn 0.987548 0.157314 0.000503
vn -0.099908 0.740043 0.665098
vn -0.099908 0.740043 0.665098
vn -0.099908 0.740043 0.665098
vn -0.139330 0.715536 0.684540
vn -0.139330 0.715536 0.684540
vn -0.139330 0.715536 0.684540
vn -0.108149 0.740551 0.663241
vn -0.108149 0.740551 0.663241
vn -0.108149 0.740551 0.663241
vn -0.108131 0.740556 0.663238
vn -0.108131 0.740556 0.663238
vn -0.108131 0.740556 0.663238
vn -0.108152 0.740550 0.663241
vn -0.108152 0.740550 0.663241
vn -0.108152 0.740550 0.663241
vn 0.135754 -0.990734 0.004031
vn 0.135754 -0.990734 0.004031
vn 0.135754 -0.990734 0.004031
vn 0.136509 -0.990636 0.002347
vn 0.136509 -0.990636 0.002347
vn 0.136509 -0.990636 0.002347
vn 0.135769 -0.990740 0.000042
vn 0.135769 -0.990740 0.000042
vn 0.135769 -0.990740 0.000042
vn 0.135756 -0.990742 0.000004
vn 0.135756 -0.990742 0.000004
vn 0.135756 -0.990742 0.000004
vn 0.135753 -0.990743 0.000000
vn 0.135753 -0.990743 0.000000
vn 0.135753 -0.990743 0.000000
vn 0.135754 -0.990743 -0.000000
vn 0.135754 -0.990743 -0.000000
vn 0.135754 -0.990743 -0.000000
vn 0.140560 -0.990072 0.000000
vn 0.140560 -0.990072 0.000000
vn 0.140560 -0.990072 0.000000
vn 0.140579 -0.990069 0.000004
vn 0.140579 -0.990069 0.000004
vn 0.140579 -0.990069 0.000004
vn 0.136506 -0.990630 -0.004349
vn 0.136506 -0.990630 -0.004349
vn 0.136506 -0.990630 -0.004349
vn 0.135751 -0.990715 -0.007472
vn 0.135751 -0.990715 -0.007472
vn 0.135751 -0.990715 -0.007472
vn 0.135755 -0.990742 -0.000004
vn 0.135755 -0.990742 -0.000004
vn 0.135755 -0.990742 -0.000004
vn 0.135767 -0.990741 -0.000065
vn 0.135767 -0.990741 -0.000065
vn 0.135767 -0.990741 -0.000065
vn 0.135161 -0.990824 0.000002
vn 0.135161 -0.990824 0.000002
vn 0.135161 -0.990824 0.000002
vn 0.135186 -0.990820 -0.000019
vn 0.135186 -0.990820 -0.000019
vn 0.135186 -0.990820 -0.000019
vn 0.135305 -0.990804 0.000040
vn 0.135305 -0.990804 0.000040
vn 0.135305 -0.990804 0.000040
vn 0.167212 -0.985921 0.000013
vn 0.167212 -0.985921 0.000013
vn 0.167212 -0.985921 0.000013
vn 0.169938 -0.985455 -0.000078
vn 0.169938 -0.985455 -0.000078
vn 0.169938 -0.985455 -0.000078
vn 0.143903 -0.989591 -0.001386
vn 0.143903 -0.989591 -0.001386
vn 0.143903 -0.989591 -0.001386
vn 0.140088 -0.990138 -0.001739
vn 0.140088 -0.990138 -0.001739
vn 0.140088 -0.990138 -0.001739
vn 0.138966 -0.990295 -0.001933
vn 0.138966 -0.990295 -0.001933
vn 0.138966 -0.990295 -0.001933
vn 0.138264 -0.990393 -0.002159
vn 0.138264 -0.990393 -0.002159
vn 0.138264 -0.990393 -0.002159
vn 0.137775 -0.990461 -0.002439
vn 0.137775 -0.990461 -0.002439
vn 0.137775 -0.990461 -0.002439
vn 0.137447 -0.990505 -0.002753
vn 0.137447 -0.990505 -0.002753
vn 0.137447 -0.990505 -0.002753
vn 0.137153 -0.990545 -0.003196
vn 0.137153 -0.990545 -0.003196
vn 0.137153 -0.990545 -0.003196
vn 0.136699 -0.990604 -0.004189
vn 0.136699 -0.990604 -0.004189
vn 0.136699 -0.990604 -0.004189
vn 0.135864 -0.990727 -0.001039
vn 0.135864 -0.990727 -0.001039
vn 0.135864 -0.990727 -0.001039
vn 0.135770 -0.990740 -0.000642
vn 0.135770 -0.990740 -0.000642
vn 0.135770 -0.990740 -0.000642
vn 0.135717 -0.990748 -0.000463
vn 0.135717 -0.990748 -0.000463
vn 0.135717 -0.990748 -0.000463
vn 0.135678 -0.990753 -0.000365
vn 0.135678 -0.990753 -0.000365
vn 0.135678 -0.990753 -0.000365
vn 0.135653 -0.990756 -0.000318
vn 0.135653 -0.990756 -0.000318
vn 0.135653 -0.990756 -0.000318
vn 0.135595 -0.990764 -0.000246
vn 0.135595 -0.990764 -0.000246
vn 0.135595 -0.990764 -0.000246
vn 0.135243 -0.990812 0.000000
vn 0.135243 -0.990812 0.000000
vn 0.135243 -0.990812 0.000000
vn 0.135480 -0.990780 -0.000142
vn 0.135480 -0.990780 -0.000142
vn 0.135480 -0.990780 -0.000142
vn 0.135239 -0.990813 -0.000222
vn 0.135239 -0.990813 -0.000222
vn 0.135239 -0.990813 -0.000222
vn 0.125257 -0.681965 0.720579
vn 0.125257 -0.681965 0.720579
vn 0.125257 -0.681965 0.720579
vn 0.135865 -0.990722 0.003364
vn 0.135865 -0.990722 0.003364
vn 0.135865 -0.990722 0.003364
vn 0.135172 -0.990822 -0.000053
vn 0.135172 -0.990822 -0.000053
vn 0.135172 -0.990822 -0.000053
vn 0.134532 -0.990812 -0.013858
vn 0.134532 -0.990812 -0.013858
vn 0.134532 -0.990812 -0.013858
vn 0.136050 -0.990683 -0.006072
vn 0.136050 -0.990683 -0.006072
vn 0.136050 -0.990683 -0.006072
vn 0.136507 -0.990631 -0.004122
vn 0.136507 -0.990631 -0.004122
vn 0.136507 -0.990631 -0.004122
vn -0.758140 -0.396369 -0.517799
vn -0.206532 -0.472545 -0.856764
vn -0.985080 -0.172096 0.000419
vn -0.985442 -0.170012 0.000000
vn -0.985442 -0.170012 0.000000
vn -0.985442 -0.170012 0.000000
vn -0.985443 -0.170005 0.000006
vn -0.985443 -0.170005 0.000006
vn -0.985443 -0.170005 0.000006
vn -0.985442 -0.170012 0.000002
vn -0.985442 -0.170012 0.000002
vn -0.985442 -0.170012 0.000002
vn -0.985443 -0.170008 0.000004
vn -0.985443 -0.170008 0.000004
vn -0.985443 -0.170008 0.000004
vn -0.985443 -0.170006 0.000004
vn -0.985443 -0.170006 0.000004
vn -0.985443 -0.170006 0.000004
vn -0.985443 -0.170004 0.000003
vn -0.985443 -0.170004 0.000003
vn -0.985443 -0.170004 0.000003
vn -0.985443 -0.170006 0.000004
vn -0.985443 -0.170006 0.000004
vn -0.985443 -0.170006 0.000004
vn -0.985445 -0.169995 0.000006
vn -0.985445 -0.169995 0.000006
vn -0.985445 -0.169995 0.000006
vn -0.985443 -0.170008 0.000004
vn -0.985443 -0.170008 0.000004
vn -0.985443 -0.170008 0.000004
vn -0.985442 -0.170010 0.000002
vn -0.985442 -0.170010 0.000002
vn -0.985442 -0.170010 0.000002
vn -0.985442 -0.170012 0.000002
vn -0.985442 -0.170012 0.000002
vn -0.985442 -0.170012 0.000002
vn -0.985441 -0.170019 0.000000
vn -0.985441 -0.170019 0.000000
vn -0.985441 -0.170019 0.000000
vn -0.985441 -0.170019 0.000000
vn -0.985441 -0.170019 0.000000
vn -0.985441 -0.170019 0.000000
vn -0.985441 -0.170020 0.000000
vn -0.985441 -0.170020 0.000000
vn -0.985441 -0.170020 0.000000
vn -0.985442 -0.170012 0.000003
vn -0.985442 -0.170012 0.000003
vn -0.985442 -0.170012 0.000003
vn -0.985441 -0.170019 0.000000
vn -0.985441 -0.170019 0.000000
vn -0.985441 -0.170019 0.000000
vn -0.985442 -0.170010 -0.000001
vn -0.985442 -0.170010 -0.000001
vn -0.985442 -0.170010 -0.000001
vn -0.985442 -0.170012 0.000003
vn -0.985442 -0.170012 0.000003
vn -0.985442 -0.170012 0.000003
vn -0.985442 -0.170011 0.000002
vn -0.985442 -0.170011 0.000002
vn -0.985442 -0.170011 0.000002
vn -0.985443 -0.170004 0.000004
vn -0.985443 -0.170004 0.000004
vn -0.985443 -0.170004 0.000004
vn 0.000000 0.000000 0.000000
vn 0.000000 0.000000 0.000000
vn 0.000000 0.000000 0.000000
vn 0.000000 0.000000 0.000000
vn 0.000000 0.000000 0.000000
vn 0.000000 0.000000 0.000000
vn -0.170026 0.985440 0.000000
vn -0.170026 0.985440 0.000000
vn -0.170026 0.985440 0.000000
vn -0.170026 0.985440 0.000000
vn -0.170026 0.985440 0.000000
vn -0.170026 0.985440 0.000000
vn 0.000000 0.000000 1.000000
vn 0.000000 0.000000 1.000000
vn 0.000000 0.000000 1.000000
vn 0.000000 0.000000 1.000000
vn 0.000000 0.000000 1.000000
vn 0.000000 0.000000 1.000000
vn 0.000000 0.000000 -1.000000
vn 0.000000 0.000000 -1.000000
vn 0.000000 0.000000 -1.000000
vn 0.000000 0.000000 -1.000000
vn 0.000000 0.000000 -1.000000
vn 0.000000 0.000000 -1.000000
vn 0.170026 -0.985440 -0.000001
vn 0.170026 -0.985440 -0.000001
vn 0.170026 -0.985440 -0.000001
vn 0.169989 -0.985446 -0.000004
vn 0.169989 -0.985446 -0.000004
vn 0.169989 -0.985446 -0.000004
vn -0.000000 0.000001 1.000000
vn -0.000000 0.000001 1.000000
vn -0.000000 0.000001 1.000000
vn -0.000000 0.000001 1.000000
vn -0.000000 0.000001 1.000000
vn -0.000000 0.000001 1.000000
vn -0.170026 0.985440 0.000000
vn -0.170026 0.985440 0.000000
vn -0.170026 0.985440 0.000000
vn -0.170026 0.985440 0.000000
vn -0.170026 0.985440 0.000000
vn -0.170026 0.985440 0.000000
vn 0.170026 -0.985440 -0.000001
vn 0.170026 -0.985440 -0.000001
vn 0.170026 -0.985440 -0.000001
vn 0.170026 -0.985440 -0.000001
vn 0.170026 -0.985440 -0.000001
vn 0.170026 -0.985440 -0.000001
vn 0.000000 0.000000 -1.000000
vn 0.000000 0.000000 -1.000000
vn 0.000000 0.000000 -1.000000
vn 0.000000 0.000000 -1.000000
vn 0.000000 0.000000 -1.000000
vn 0.000000 0.000000 -1.000000
vn -0.169998 0.985444 0.000948
vn -0.169998 0.985444 0.000948
vn -0.169998 0.985444 0.000948
vn -0.169972 0.985449 0.000855
vn -0.169972 0.985449 0.000855
vn -0.169972 0.985449 0.000855
vn -0.170001 0.985443 0.000938
vn -0.170001 0.985443 0.000938
vn -0.170001 0.985443 0.000938
vn -0.169999 0.985444 0.000936
vn -0.169999 0.985444 0.000936
vn -0.169999 0.985444 0.000936
vn -0.170034 0.985438 0.000764
vn -0.170034 0.985438 0.000764
vn -0.170034 0.985438 0.000764
vn -0.170008 0.985442 0.000855
vn -0.170008 0.985442 0.000855
vn -0.170008 0.985442 0.000855
vn -0.169999 0.985444 0.000423
vn -0.169999 0.985444 0.000423
vn -0.169999 0.985444 0.000423
vn -0.170107 0.985425 0.000476
vn -0.170107 0.985425 0.000476
vn -0.170107 0.985425 0.000476
vn -0.170182 0.985413 0.000351
vn -0.170182 0.985413 0.000351
vn -0.170182 0.985413 0.000351
vn -0.170208 0.985408 0.000367
vn -0.170208 0.985408 0.000367
vn -0.170208 0.985408 0.000367
vn -0.170208 0.985408 0.000354
vn -0.170208 0.985408 0.000354
vn -0.170208 0.985408 0.000354
vn -0.170205 0.985409 0.000351
vn -0.170205 0.985409 0.000351
vn -0.170205 0.985409 0.000351
vn -0.170174 0.985414 0.000256
vn -0.170174 0.985414 0.000256
vn -0.170174 0.985414 0.000256
vn -0.170171 0.985415 0.000254
vn -0.170171 0.985415 0.000254
vn -0.170171 0.985415 0.000254
vn -0.170172 0.985414 -0.001035
vn -0.170172 0.985414 -0.001035
vn -0.170172 0.985414 -0.001035
vn -0.172549 0.984998 -0.002292
vn -0.172549 0.984998 -0.002292
vn -0.172549 0.984998 -0.002292
vn -0.170170 0.985415 -0.000014
vn -0.170170 0.985415 -0.000014
vn -0.170170 0.985415 -0.000014
vn -0.170171 0.985415 -0.000015
vn -0.170171 0.985415 -0.000015
vn -0.170171 0.985415 -0.000015
vn -0.170207 0.985408 0.000352
vn -0.170207 0.985408 0.000352
vn -0.170207 0.985408 0.000352
vn -0.170205 0.985409 0.000353
vn -0.170205 0.985409 0.000353
vn -0.170205 0.985409 0.000353
vn -0.983494 -0.180941 0.000000
vn -0.983494 -0.180941 0.000000
vn -0.983494 -0.180941 0.000000
vn -0.983494 -0.180941 0.000000
vn -0.983494 -0.180941 0.000000
vn -0.983494 -0.180941 0.000000
vn -0.180941 0.983494 0.000000
vn -0.180941 0.983494 0.000000
vn -0.180941 0.983494 0.000000
vn -0.180942 0.983494 -0.000000
vn -0.180942 0.983494 -0.000000
vn -0.180942 0.983494 -0.000000
vn -0.180942 0.983494 0.000000
vn -0.180942 0.983494 0.000000
vn -0.180942 0.983494 0.000000
vn 0.983494 0.180941 0.000000
vn 0.983494 0.180941 0.000000
vn 0.983494 0.180941 0.000000
vn 0.983494 0.180941 0.000000
vn 0.983494 0.180941 0.000000
vn 0.983494 0.180941 0.000000
vn -0.981409 -0.191926 0.000001
vn -0.981409 -0.191926 0.000001
vn -0.981409 -0.191926 0.000001
vn -0.981409 -0.191927 0.000000
vn -0.981409 -0.191927 0.000000
vn -0.981409 -0.191927 0.000000
vn -0.191936 0.981407 -0.000005
vn -0.191936 0.981407 -0.000005
vn -0.191936 0.981407 -0.000005
vn -0.191926 0.981409 0.000000
vn -0.191926 0.981409 0.000000
vn -0.191926 0.981409 0.000000
vn -0.191915 0.981412 -0.000005
vn -0.191915 0.981412 -0.000005
vn -0.191915 0.981412 -0.000005
vn 0.981409 0.191926 0.000000
vn 0.981409 0.191926 0.000000
vn 0.981409 0.191926 0.000000
vn 0.981409 0.191927 -0.000001
vn 0.981409 0.191927 -0.000001
vn 0.981409 0.191927 -0.000001
vn -0.983494 -0.180941 0.000000
vn -0.983494 -0.180941 0.000000
vn -0.983494 -0.180941 0.000000
vn -0.983494 -0.180941 0.000000
vn -0.983494 -0.180941 0.000000
vn -0.983494 -0.180941 0.000000
vn -0.180942 0.983494 0.000000
vn -0.180942 0.983494 0.000000
vn -0.180942 0.983494 0.000000
vn -0.180942 0.983494 0.000000
vn -0.180942 0.983494 0.000000
vn -0.180942 0.983494 0.000000
vn -0.180941 0.983494 0.000000
vn -0.180941 0.983494 0.000000
vn -0.180941 0.983494 0.000000
vn 0.983494 0.180943 0.000000
vn 0.983494 0.180943 0.000000
vn 0.983494 0.180943 0.000000
vn 0.983494 0.180943 0.000000
vn 0.983494 0.180943 0.000000
vn 0.983494 0.180943 0.000000
vn -0.983494 -0.180943 0.000000
vn -0.983494 -0.180943 0.000000
vn -0.983494 -0.180943 0.000000
vn -0.983494 -0.180941 0.000005
vn -0.983494 -0.180941 0.000005
vn -0.983494 -0.180941 0.000005
vn -0.180942 0.983494 0.000000
vn -0.180942 0.983494 0.000000
vn -0.180942 0.983494 0.000000
vn -0.180942 0.983494 0.000000
vn -0.180942 0.983494 0.000000
vn -0.180942 0.983494 0.000000
vn -0.180941 0.983494 0.000000
vn -0.180941 0.983494 0.000000
vn -0.180941 0.983494 0.000000
vn 0.983494 0.180943 0.000000
vn 0.983494 0.180943 0.000000
vn 0.983494 0.180943 0.000000
vn 0.983494 0.180943 0.000000
vn 0.983494 0.180943 0.000000
vn 0.983494 0.180943 0.000000
vn -0.981838 -0.189720 0.000000
vn -0.981838 -0.189720 0.000000
vn -0.981838 -0.189720 0.000000
vn -0.981838 -0.189720 0.000000
vn -0.981838 -0.189720 0.000000
vn -0.981838 -0.189720 0.000000
vn -0.189719 0.981838 0.000000
vn -0.189719 0.981838 0.000000
vn -0.189719 0.981838 0.000000
vn -0.189722 0.981838 -0.000001
vn -0.189722 0.981838 -0.000001
vn -0.189722 0.981838 -0.000001
vn -0.189724 0.981837 0.000000
vn -0.189724 0.981837 0.000000
vn -0.189724 0.981837 0.000000
vn 0.981838 0.189722 0.000000
vn 0.981838 0.189722 0.000000
vn 0.981838 0.189722 0.000000
vn 0.981838 0.189722 0.000000
vn 0.981838 0.189722 0.000000
vn 0.981838 0.189722 0.000000
vn -0.980552 -0.196260 0.000000
vn -0.980552 -0.196260 0.000000
vn -0.980552 -0.196260 0.000000
vn -0.980552 -0.196260 0.000000
vn -0.980552 -0.196260 0.000000
vn -0.980552 -0.196260 0.000000
vn -0.196261 0.980552 0.000000
vn -0.196261 0.980552 0.000000
vn -0.196261 0.980552 0.000000
vn -0.196261 0.980552 0.000000
vn -0.196261 0.980552 0.000000
vn -0.196261 0.980552 0.000000
vn -0.196261 0.980552 0.000000
vn -0.196261 0.980552 0.000000
vn -0.196261 0.980552 0.000000
vn 0.980552 0.196260 0.000000
vn 0.980552 0.196260 0.000000
vn 0.980552 0.196260 0.000000
vn 0.980552 0.196260 0.000000
vn 0.980552 0.196260 0.000000
vn 0.980552 0.196260 0.000000
vn -0.173389 0.984853 0.000195
vn -0.174355 0.984683 0.000348
vn -0.173260 0.984876 -0.000003
vn -0.174355 0.984683 0.000348
vn -0.172396 0.985028 0.000515
vn -0.173260 0.984876 -0.000003
vn -0.172248 0.985054 0.000000
vn -0.172248 0.985054 0.000000
vn -0.172248 0.985054 0.000000
vn -0.172248 0.985054 0.000000
vn -0.172248 0.985054 0.000000
vn -0.172248 0.985054 0.000000
vn -0.172491 0.985011 -0.000161
vn -0.172491 0.985011 -0.000161
vn -0.172491 0.985011 -0.000161
vn -0.173746 0.984790 -0.000130
vn -0.173746 0.984790 -0.000130
vn -0.173746 0.984790 -0.000130
vn -0.170509 0.985353 0.002611
vn -0.170509 0.985353 0.002611
vn -0.170509 0.985353 0.002611
vn -0.170712 0.985321 0.000000
vn -0.170712 0.985321 0.000000
vn -0.170712 0.985321 0.000000
vn -0.172642 0.984985 -0.000163
vn -0.172642 0.984985 -0.000163
vn -0.172642 0.984985 -0.000163
vn -0.173856 0.984771 -0.000130
vn -0.173856 0.984771 -0.000130
vn -0.173856 0.984771 -0.000130
vn -0.168806 0.985636 0.005075
vn -0.168806 0.985636 0.005075
vn -0.168806 0.985636 0.005075
vn -0.169131 0.985594 0.000000
vn -0.169131 0.985594 0.000000
vn -0.169131 0.985594 0.000000
vn -0.169209 0.985580 0.000000
vn -0.169209 0.985580 0.000000
vn -0.169209 0.985580 0.000000
vn -0.169445 0.985534 -0.003183
vn -0.169445 0.985534 -0.003183
vn -0.169445 0.985534 -0.003183
vn -0.170951 0.985280 0.000000
vn -0.170951 0.985280 0.000000
vn -0.170951 0.985280 0.000000
vn -0.171064 0.985259 -0.001480
vn -0.171064 0.985259 -0.001480
vn -0.171064 0.985259 -0.001480
vn -0.172248 0.985054 0.000000
vn -0.172248 0.985054 0.000000
vn -0.172248 0.985054 0.000000
vn -0.172254 0.985053 -0.000000
vn -0.172254 0.985053 -0.000000
vn -0.172254 0.985053 -0.000000
vn -0.172248 0.985054 0.000000
vn -0.172248 0.985054 0.000000
vn -0.172248 0.985054 0.000000
vn -0.172254 0.985053 0.000000
vn -0.172254 0.985053 0.000000
vn -0.172254 0.985053 0.000000
vn -0.170843 0.985298 -0.000161
vn -0.170843 0.985298 -0.000161
vn -0.170843 0.985298 -0.000161
vn -0.173699 0.984799 -0.000090
vn -0.173699 0.984799 -0.000090
vn -0.173699 0.984799 -0.000090
vn -0.170509 0.985353 0.002611
vn -0.170509 0.985353 0.002611
vn -0.170509 0.985353 0.002611
vn -0.170712 0.985321 0.000000
vn -0.170712 0.985321 0.000000
vn -0.170712 0.985321 0.000000
vn -0.172642 0.984985 -0.000163
vn -0.172642 0.984985 -0.000163
vn -0.172642 0.984985 -0.000163
vn -0.173856 0.984771 -0.000130
vn -0.173856 0.984771 -0.000130
vn -0.173856 0.984771 -0.000130
vn -0.168806 0.985636 0.005075
vn -0.168806 0.985636 0.005075
vn -0.168806 0.985636 0.005075
vn -0.169131 0.985594 0.000000
vn -0.169131 0.985594 0.000000
vn -0.169131 0.985594 0.000000
vn -0.169209 0.985580 0.000000
vn -0.169209 0.985580 0.000000
vn -0.169209 0.985580 0.000000
vn -0.169445 0.985534 -0.003183
vn -0.169445 0.985534 -0.003183
vn -0.169445 0.985534 -0.003183
vn -0.170951 0.985280 0.000000
vn -0.170951 0.985280 0.000000
vn -0.170951 0.985280 0.000000
vn -0.170956 0.985279 -0.000057
vn -0.170956 0.985279 -0.000057
vn -0.170956 0.985279 -0.000057
vn -0.172248 0.985054 0.000000
vn -0.172248 0.985054 0.000000
vn -0.172248 0.985054 0.000000
vn -0.172254 0.985053 0.000000
vn -0.172254 0.985053 0.000000
vn -0.172254 0.985053 0.000000
vn -0.172248 0.985054 0.000000
vn -0.172248 0.985054 0.000000
vn -0.172248 0.985054 0.000000
vn -0.172254 0.985053 0.000000
vn -0.172254 0.985053 0.000000
vn -0.172254 0.985053 0.000000
vn -0.172248 0.985054 0.000000
vn -0.172248 0.985054 0.000000
vn -0.172248 0.985054 0.000000
vn -0.172248 0.985054 0.000000
vn -0.172248 0.985054 0.000000
vn -0.172248 0.985054 0.000000
vn -0.167198 0.985923 -0.000161
vn -0.167198 0.985923 -0.000161
vn -0.167198 0.985923 -0.000161
vn -0.173607 0.984815 -0.000002
vn -0.173607 0.984815 -0.000002
vn -0.173607 0.984815 -0.000002
vn -0.170509 0.985353 0.002621
vn -0.170509 0.985353 0.002621
vn -0.170509 0.985353 0.002621
vn -0.170712 0.985321 0.000000
vn -0.170712 0.985321 0.000000
vn -0.170712 0.985321 0.000000
vn -0.172642 0.984985 -0.000163
vn -0.172642 0.984985 -0.000163
vn -0.172642 0.984985 -0.000163
vn -0.175910 0.984406 -0.000073
vn -0.175910 0.984406 -0.000073
vn -0.175910 0.984406 -0.000073
vn -0.168803 0.985623 0.007251
vn -0.168803 0.985623 0.007251
vn -0.168803 0.985623 0.007251
vn -0.169269 0.985570 0.000000
vn -0.169269 0.985570 0.000000
vn -0.169269 0.985570 0.000000
vn -0.169209 0.985580 0.000000
vn -0.169209 0.985580 0.000000
vn -0.169209 0.985580 0.000000
vn -0.169445 0.985534 -0.003183
vn -0.169445 0.985534 -0.003183
vn -0.169445 0.985534 -0.003183
vn -0.170951 0.985280 0.000000
vn -0.170951 0.985280 0.000000
vn -0.170951 0.985280 0.000000
vn -0.170716 0.985315 0.003088
vn -0.170716 0.985315 0.003088
vn -0.170716 0.985315 0.003088
vn -0.172248 0.985054 0.000000
vn -0.172248 0.985054 0.000000
vn -0.172248 0.985054 0.000000
vn -0.172254 0.985053 -0.000000
vn -0.172254 0.985053 -0.000000
vn -0.172254 0.985053 -0.000000
vn -0.172248 0.985054 0.000000
vn -0.172248 0.985054 0.000000
vn -0.172248 0.985054 0.000000
vn -0.172254 0.985053 0.000000
vn -0.172254 0.985053 0.000000
vn -0.172254 0.985053 0.000000
vn -0.172254 0.985053 -0.000000
vn -0.172254 0.985053 -0.000000
vn -0.172254 0.985053 -0.000000
vn -0.172248 0.985054 0.000000
vn -0.172248 0.985054 0.000000
vn -0.172248 0.985054 0.000000
vn -0.172248 0.985054 0.000000
vn -0.172248 0.985054 0.000000
vn -0.172248 0.985054 0.000000
vn -0.172248 0.985054 0.000000
vn -0.172248 0.985054 0.000000
vn -0.172248 0.985054 0.000000
vn -0.164341 0.986404 -0.000204
vn -0.164341 0.986404 -0.000204
vn -0.164341 0.986404 -0.000204
vn -0.173496 0.984835 0.000082
vn -0.173496 0.984835 0.000082
vn -0.173496 0.984835 0.000082
vn -0.170509 0.985353 0.002611
vn -0.170509 0.985353 0.002611
vn -0.170509 0.985353 0.002611
vn -0.170712 0.985321 0.000000
vn -0.170712 0.985321 0.000000
vn -0.170712 0.985321 0.000000
vn -0.172856 0.984947 -0.000207
vn -0.172856 0.984947 -0.000207
vn -0.172856 0.984947 -0.000207
vn -0.180850 0.983511 0.000071
vn -0.180850 0.983511 0.000071
vn -0.180850 0.983511 0.000071
vn -0.168795 0.985572 0.012493
vn -0.168795 0.985572 0.012493
vn -0.168795 0.985572 0.012493
vn -0.169603 0.985513 0.000000
vn -0.169603 0.985513 0.000000
vn -0.169603 0.985513 0.000000
vn -0.169209 0.985580 0.000000
vn -0.169209 0.985580 0.000000
vn -0.169209 0.985580 0.000000
vn -0.169462 0.985531 -0.003413
vn -0.169462 0.985531 -0.003413
vn -0.169462 0.985531 -0.003413
vn -0.170951 0.985280 0.000000
vn -0.170951 0.985280 0.000000
vn -0.170951 0.985280 0.000000
vn -0.170530 0.985337 0.005513
vn -0.170530 0.985337 0.005513
vn -0.170530 0.985337 0.005513
vn -0.172248 0.985054 0.000000
vn -0.172248 0.985054 0.000000
vn -0.172248 0.985054 0.000000
vn -0.172254 0.985053 -0.000000
vn -0.172254 0.985053 -0.000000
vn -0.172254 0.985053 -0.000000
vn -0.172248 0.985054 0.000000
vn -0.172248 0.985054 0.000000
vn -0.172248 0.985054 0.000000
vn -0.172254 0.985053 0.000000
vn -0.172254 0.985053 0.000000
vn -0.172254 0.985053 0.000000
vn -0.164701 0.986344 -0.000204
vn -0.164701 0.986344 -0.000204
vn -0.164701 0.986344 -0.000204
vn -0.174258 0.984700 0.000095
vn -0.174258 0.984700 0.000095
vn -0.174258 0.984700 0.000095
vn -0.170508 0.985351 0.003269
vn -0.170508 0.985351 0.003269
vn -0.170508 0.985351 0.003269
vn -0.170763 0.985312 0.000000
vn -0.170763 0.985312 0.000000
vn -0.170763 0.985312 0.000000
vn -0.172471 0.985014 -0.000207
vn -0.172471 0.985014 -0.000207
vn -0.172471 0.985014 -0.000207
vn -0.180837 0.983513 0.000084
vn -0.180837 0.983513 0.000084
vn -0.180837 0.983513 0.000084
vn -0.168795 0.985572 0.012493
vn -0.168795 0.985572 0.012493
vn -0.168795 0.985572 0.012493
vn -0.169603 0.985513 0.000000
vn -0.169603 0.985513 0.000000
vn -0.169603 0.985513 0.000000
vn -0.169209 0.985580 0.000000
vn -0.169209 0.985580 0.000000
vn -0.169209 0.985580 0.000000
vn -0.169437 0.985536 -0.003073
vn -0.169437 0.985536 -0.003073
vn -0.169437 0.985536 -0.003073
vn -0.170951 0.985280 0.000000
vn -0.170951 0.985280 0.000000
vn -0.170951 0.985280 0.000000
vn -0.170554 0.985335 0.005202
vn -0.170554 0.985335 0.005202
vn -0.170554 0.985335 0.005202
vn -0.172248 0.985054 0.000000
vn -0.172248 0.985054 0.000000
vn -0.172248 0.985054 0.000000
vn -0.172254 0.985053 0.000000
vn -0.172254 0.985053 0.000000
vn -0.172254 0.985053 0.000000
vn -0.172248 0.985054 0.000000
vn -0.172248 0.985054 0.000000
vn -0.172248 0.985054 0.000000
vn -0.172254 0.985053 0.000000
vn -0.172254 0.985053 0.000000
vn -0.172254 0.985053 0.000000
vn -0.057342 0.998330 0.006987
vn -0.057342 0.998330 0.006987
vn -0.057342 0.998330 0.006987
vn -0.176173 0.984359 0.000000
vn -0.176173 0.984359 0.000000
vn -0.176173 0.984359 0.000000
vn -0.155366 0.987857 -0.000204
vn -0.155366 0.987857 -0.000204
vn -0.155366 0.987857 -0.000204
vn -0.173177 0.984891 0.000352
vn -0.173177 0.984891 0.000352
vn -0.173177 0.984891 0.000352
vn -0.170509 0.985353 0.002611
vn -0.170509 0.985353 0.002611
vn -0.170509 0.985353 0.002611
vn -0.170200 0.985388 0.006557
vn -0.170200 0.985388 0.006557
vn -0.170200 0.985388 0.006557
vn -0.173116 0.984901 -0.000207
vn -0.173116 0.984901 -0.000207
vn -0.173116 0.984901 -0.000207
vn -0.189668 0.981848 0.000370
vn -0.189668 0.981848 0.000370
vn -0.189668 0.981848 0.000370
vn -0.168767 0.985412 0.021903
vn -0.168767 0.985412 0.021903
vn -0.168767 0.985412 0.021903
vn -0.170202 0.985409 0.000000
vn -0.170202 0.985409 0.000000
vn -0.170202 0.985409 0.000000
vn -0.169201 0.985531 0.009949
vn -0.169201 0.985531 0.009949
vn -0.169201 0.985531 0.009949
vn -0.170171 0.985410 -0.002988
vn -0.170171 0.985410 -0.002988
vn -0.170171 0.985410 -0.002988
vn -0.170951 0.985280 0.000000
vn -0.170951 0.985280 0.000000
vn -0.170951 0.985280 0.000000
vn -0.169930 0.985367 0.013246
vn -0.169930 0.985367 0.013246
vn -0.169930 0.985367 0.013246
vn -0.172248 0.985054 0.000000
vn -0.172248 0.985054 0.000000
vn -0.172248 0.985054 0.000000
vn -0.176180 0.984358 -0.000000
vn -0.176180 0.984358 -0.000000
vn -0.176180 0.984358 -0.000000
vn -0.172248 0.985054 0.000000
vn -0.172248 0.985054 0.000000
vn -0.172248 0.985054 0.000000
vn -0.170195 0.985360 0.009965
vn -0.170195 0.985360 0.009965
vn -0.170195 0.985360 0.009965
vn -0.172254 0.985053 -0.000000
vn -0.172254 0.985053 -0.000000
vn -0.172254 0.985053 -0.000000
vn -0.172248 0.985054 0.000000
vn -0.172248 0.985054 0.000000
vn -0.172248 0.985054 0.000000
vn -0.169433 0.985535 0.003761
vn -0.169433 0.985535 0.003761
vn -0.169433 0.985535 0.003761
vn -0.170012 0.985440 -0.002235
vn -0.170012 0.985440 -0.002235
vn -0.170012 0.985440 -0.002235
vn -0.169540 0.985516 0.003628
vn -0.169540 0.985516 0.003628
vn -0.169540 0.985516 0.003628
vn -0.170106 0.985423 -0.002236
vn -0.170106 0.985423 -0.002236
vn -0.170106 0.985423 -0.002236
vn -0.173876 0.984767 0.000951
vn -0.173876 0.984767 0.000951
vn -0.173876 0.984767 0.000951
vn -0.172770 0.984962 0.000873
vn -0.172770 0.984962 0.000873
vn -0.172770 0.984962 0.000873
vn -0.174010 0.984743 0.001033
vn -0.174010 0.984743 0.001033
vn -0.174010 0.984743 0.001033
vn -0.172737 0.984968 0.000944
vn -0.172737 0.984968 0.000944
vn -0.172737 0.984968 0.000944
vn -0.173833 0.984775 0.001024
vn -0.173833 0.984775 0.001024
vn -0.173833 0.984775 0.001024
vn -0.172556 0.984999 0.000935
vn -0.172556 0.984999 0.000935
vn -0.172556 0.984999 0.000935
vn -0.173718 0.984795 0.000844
vn -0.173718 0.984795 0.000844
vn -0.173718 0.984795 0.000844
vn -0.172843 0.984949 0.000783
vn -0.172843 0.984949 0.000783
vn -0.172843 0.984949 0.000783
vn -0.169423 0.985537 0.003607
vn -0.169423 0.985537 0.003607
vn -0.169423 0.985537 0.003607
vn -0.170001 0.985441 -0.002387
vn -0.170001 0.985441 -0.002387
vn -0.170001 0.985441 -0.002387
vn -0.169415 0.985538 0.003705
vn -0.169415 0.985538 0.003705
vn -0.169415 0.985538 0.003705
vn -0.170000 0.985441 -0.002356
vn -0.170000 0.985441 -0.002356
vn -0.170000 0.985441 -0.002356
vn -0.171013 0.985269 0.000059
vn -0.171013 0.985269 0.000059
vn -0.171013 0.985269 0.000059
vn -0.172254 0.985053 0.000000
vn -0.172254 0.985053 0.000000
vn -0.172254 0.985053 0.000000
vn -0.195015 0.980800 0.000059
vn -0.195015 0.980800 0.000059
vn -0.195015 0.980800 0.000059
vn -0.170513 0.985355 0.000059
vn -0.170513 0.985355 0.000059
vn -0.170513 0.985355 0.000059
vn -0.150563 0.988600 -0.000165
vn -0.150563 0.988600 -0.000165
vn -0.150563 0.988600 -0.000165
vn -0.175427 0.984492 0.000350
vn -0.175427 0.984492 0.000350
vn -0.175427 0.984492 0.000350
vn -0.168804 0.985624 0.007176
vn -0.168804 0.985624 0.007176
vn -0.168804 0.985624 0.007176
vn -0.169264 0.985571 0.000000
vn -0.169264 0.985571 0.000000
vn -0.169264 0.985571 0.000000
vn -0.169210 0.985580 0.000059
vn -0.169210 0.985580 0.000059
vn -0.169210 0.985580 0.000059
vn -0.151837 0.988406 -0.000068
vn -0.151837 0.988406 -0.000068
vn -0.151837 0.988406 -0.000068
vn -0.170951 0.985280 -0.000064
vn -0.170951 0.985280 -0.000064
vn -0.170951 0.985280 -0.000064
vn -0.170744 0.985312 0.002653
vn -0.170744 0.985312 0.002653
vn -0.170744 0.985312 0.002653
vn -0.172254 0.985053 -0.000064
vn -0.172254 0.985053 -0.000064
vn -0.172254 0.985053 -0.000064
vn -0.172290 0.985046 -0.000002
vn -0.172290 0.985046 -0.000002
vn -0.172290 0.985046 -0.000002
vn -0.172218 0.985059 0.000000
vn -0.172218 0.985059 0.000000
vn -0.172218 0.985059 0.000000
vn -0.172254 0.985053 0.000059
vn -0.172254 0.985053 0.000059
vn -0.172254 0.985053 0.000059
vn -0.183235 0.983069 0.000059
vn -0.183235 0.983069 0.000059
vn -0.183235 0.983069 0.000059
vn -0.170513 0.985352 0.002559
vn -0.170513 0.985352 0.002559
vn -0.170513 0.985352 0.002559
vn -0.170707 0.985322 0.000059
vn -0.170707 0.985322 0.000059
vn -0.170707 0.985322 0.000059
vn -0.169210 0.985580 0.000059
vn -0.169210 0.985580 0.000059
vn -0.169210 0.985580 0.000059
vn -0.169450 0.985534 -0.003178
vn -0.169450 0.985534 -0.003178
vn -0.169450 0.985534 -0.003178
vn -0.171195 0.985236 0.001820
vn -0.171195 0.985236 0.001820
vn -0.171195 0.985236 0.001820
vn -0.172254 0.985051 0.001820
vn -0.172254 0.985051 0.001820
vn -0.172254 0.985051 0.001820
vn -0.172254 0.985053 0.000059
vn -0.172254 0.985053 0.000059
vn -0.172254 0.985053 0.000059
vn -0.167699 0.985838 -0.000159
vn -0.167699 0.985838 -0.000159
vn -0.167699 0.985838 -0.000159
vn -0.190078 0.981769 0.000397
vn -0.190078 0.981769 0.000397
vn -0.190078 0.981769 0.000397
vn -0.169220 0.985578 -0.000069
vn -0.169220 0.985578 -0.000069
vn -0.169220 0.985578 -0.000069
vn -0.174753 0.984611 0.001832
vn -0.174753 0.984611 0.001832
vn -0.174753 0.984611 0.001832
vn -0.171387 0.985202 0.001820
vn -0.171387 0.985202 0.001820
vn -0.171387 0.985202 0.001820
vn -0.170513 0.985355 0.000059
vn -0.170513 0.985355 0.000059
vn -0.170513 0.985355 0.000059
vn -0.171013 0.985269 0.000059
vn -0.171013 0.985269 0.000059
vn -0.171013 0.985269 0.000059
vn -0.172254 0.985053 0.000000
vn -0.172254 0.985053 0.000000
vn -0.172254 0.985053 0.000000
vn -0.195015 0.980800 0.000059
vn -0.195015 0.980800 0.000059
vn -0.195015 0.980800 0.000059
vn -0.170513 0.985355 0.000059
vn -0.170513 0.985355 0.000059
vn -0.170513 0.985355 0.000059
vn -0.150563 0.988600 -0.000165
vn -0.150563 0.988600 -0.000165
vn -0.150563 0.988600 -0.000165
vn -0.180433 0.983587 0.000454
vn -0.180433 0.983587 0.000454
vn -0.180433 0.983587 0.000454
vn -0.168795 0.985573 0.012449
vn -0.168795 0.985573 0.012449
vn -0.168795 0.985573 0.012449
vn -0.169600 0.985513 0.000000
vn -0.169600 0.985513 0.000000
vn -0.169600 0.985513 0.000000
vn -0.169210 0.985580 0.000059
vn -0.169210 0.985580 0.000059
vn -0.169210 0.985580 0.000059
vn -0.151837 0.988406 -0.000068
vn -0.151837 0.988406 -0.000068
vn -0.151837 0.988406 -0.000068
vn -0.170951 0.985280 -0.000064
vn -0.170951 0.985280 -0.000064
vn -0.170951 0.985280 -0.000064
vn -0.170385 0.985350 0.007331
vn -0.170385 0.985350 0.007331
vn -0.170385 0.985350 0.007331
vn -0.172254 0.985053 -0.000064
vn -0.172254 0.985053 -0.000064
vn -0.172254 0.985053 -0.000064
vn -0.172290 0.985046 -0.000002
vn -0.172290 0.985046 -0.000002
vn -0.172290 0.985046 -0.000002
vn -0.172218 0.985059 0.000000
vn -0.172218 0.985059 0.000000
vn -0.172218 0.985059 0.000000
vn -0.172254 0.985053 0.000059
vn -0.172254 0.985053 0.000059
vn -0.172254 0.985053 0.000059
vn -0.183235 0.983069 0.000059
vn -0.183235 0.983069 0.000059
vn -0.183235 0.983069 0.000059
vn -0.170513 0.985352 0.002559
vn -0.170513 0.985352 0.002559
vn -0.170513 0.985352 0.002559
vn -0.170707 0.985322 0.000059
vn -0.170707 0.985322 0.000059
vn -0.170707 0.985322 0.000059
vn -0.169210 0.985580 0.000059
vn -0.169210 0.985580 0.000059
vn -0.169210 0.985580 0.000059
vn -0.169450 0.985534 -0.003178
vn -0.169450 0.985534 -0.003178
vn -0.169450 0.985534 -0.003178
vn -0.171195 0.985236 0.001820
vn -0.171195 0.985236 0.001820
vn -0.171195 0.985236 0.001820
vn -0.172254 0.985051 0.001820
vn -0.172254 0.985051 0.001820
vn -0.172254 0.985051 0.001820
vn -0.172254 0.985053 0.000059
vn -0.172254 0.985053 0.000059
vn -0.172254 0.985053 0.000059
vn -0.162274 0.986746 -0.000159
vn -0.162274 0.986746 -0.000159
vn -0.162274 0.986746 -0.000159
vn -0.188639 0.982046 0.000496
vn -0.188639 0.982046 0.000496
vn -0.188639 0.982046 0.000496
vn -0.169220 0.985578 -0.000069
vn -0.169220 0.985578 -0.000069
vn -0.169220 0.985578 -0.000069
vn -0.174753 0.984611 0.001832
vn -0.174753 0.984611 0.001832
vn -0.174753 0.984611 0.001832
vn -0.171387 0.985202 0.001820
vn -0.171387 0.985202 0.001820
vn -0.171387 0.985202 0.001820
vn -0.170513 0.985355 0.000059
vn -0.170513 0.985355 0.000059
vn -0.170513 0.985355 0.000059
vn 0.985147 0.171712 0.000014
vn 0.985147 0.171712 0.000014
vn 0.985147 0.171712 0.000014
vn 0.985185 0.171497 -0.000001
vn 0.985185 0.171497 -0.000001
vn 0.985185 0.171497 -0.000001
vn -0.000222 0.001210 -0.999999
vn -0.000222 0.001210 -0.999999
vn -0.000222 0.001210 -0.999999
vn -0.000221 0.001291 -0.999999
vn -0.000221 0.001291 -0.999999
vn -0.000221 0.001291 -0.999999
vn -0.985285 -0.170919 0.000010
vn -0.985285 -0.170919 0.000010
vn -0.985285 -0.170919 0.000010
vn -0.985318 -0.170731 -0.000003
vn -0.985318 -0.170731 -0.000003
vn -0.985318 -0.170731 -0.000003
vn 0.000399 -0.002421 0.999997
vn 0.000399 -0.002421 0.999997
vn 0.000399 -0.002421 0.999997
vn 0.000428 -0.002503 0.999997
vn 0.000428 -0.002503 0.999997
vn 0.000428 -0.002503 0.999997
vn 0.000016 0.000003 -1.000000
vn 0.000016 0.000003 -1.000000
vn 0.000016 0.000003 -1.000000
vn 0.000016 -0.000078 -1.000000
vn 0.000016 -0.000078 -1.000000
vn 0.000016 -0.000078 -1.000000
vn 0.000014 0.000002 1.000000
vn 0.000014 0.000002 1.000000
vn 0.000014 0.000002 1.000000
vn -0.000015 0.000078 1.000000
vn -0.000015 0.000078 1.000000
vn -0.000015 0.000078 1.000000
vn 0.985354 0.170521 -0.000013
vn 0.985354 0.170521 -0.000013
vn 0.985354 0.170521 -0.000013
vn 0.985318 0.170731 0.000002
vn 0.985318 0.170731 0.000002
vn 0.985318 0.170731 0.000002
vn -0.985207 -0.171369 -0.000016
vn -0.985207 -0.171369 -0.000016
vn -0.985207 -0.171369 -0.000016
vn -0.985166 -0.171605 0.000000
vn -0.985166 -0.171605 0.000000
vn -0.985166 -0.171605 0.000000
vn 0.985290 0.170889 0.000014
vn 0.985290 0.170889 0.000014
vn 0.985290 0.170889 0.000014
vn 0.985327 0.170679 -0.000000
vn 0.985327 0.170679 -0.000000
vn 0.985327 0.170679 -0.000000
vn -0.000222 0.001210 -0.999999
vn -0.000222 0.001210 -0.999999
vn -0.000222 0.001210 -0.999999
vn -0.000221 0.001291 -0.999999
vn -0.000221 0.001291 -0.999999
vn -0.000221 0.001291 -0.999999
vn -0.985285 -0.170919 0.000010
vn -0.985285 -0.170919 0.000010
vn -0.985285 -0.170919 0.000010
vn -0.985318 -0.170731 -0.000003
vn -0.985318 -0.170731 -0.000003
vn -0.985318 -0.170731 -0.000003
vn 0.000399 -0.002421 0.999997
vn 0.000399 -0.002421 0.999997
vn 0.000399 -0.002421 0.999997
vn 0.000428 -0.002503 0.999997
vn 0.000428 -0.002503 0.999997
vn 0.000428 -0.002503 0.999997
vn 0.000016 0.000003 -1.000000
vn 0.000016 0.000003 -1.000000
vn 0.000016 0.000003 -1.000000
vn 0.000016 -0.000078 -1.000000
vn 0.000016 -0.000078 -1.000000
vn 0.000016 -0.000078 -1.000000
vn 0.000014 0.000002 1.000000
vn 0.000014 0.000002 1.000000
vn 0.000014 0.000002 1.000000
vn -0.000015 0.000078 1.000000
vn -0.000015 0.000078 1.000000
vn -0.000015 0.000078 1.000000
vn 0.985604 0.169068 0.000015
vn 0.985604 0.169068 0.000015
vn 0.985604 0.169068 0.000015
vn 0.985641 0.168854 -0.000000
vn 0.985641 0.168854 -0.000000
vn 0.985641 0.168854 -0.000000
vn -0.000222 0.001210 -0.999999
vn -0.000222 0.001210 -0.999999
vn -0.000222 0.001210 -0.999999
vn -0.000221 0.001291 -0.999999
vn -0.000221 0.001291 -0.999999
vn -0.000221 0.001291 -0.999999
vn -0.985285 -0.170919 0.000010
vn -0.985285 -0.170919 0.000010
vn -0.985285 -0.170919 0.000010
vn -0.985318 -0.170731 -0.000003
vn -0.985318 -0.170731 -0.000003
vn -0.985318 -0.170731 -0.000003
vn 0.000584 -0.003496 0.999994
vn 0.000584 -0.003496 0.999994
vn 0.000584 -0.003496 0.999994
vn 0.000611 -0.003572 0.999994
vn 0.000611 -0.003572 0.999994
vn 0.000611 -0.003572 0.999994
vn 0.000016 0.000003 -1.000000
vn 0.000016 0.000003 -1.000000
vn 0.000016 0.000003 -1.000000
vn 0.000016 -0.000078 -1.000000
vn 0.000016 -0.000078 -1.000000
vn 0.000016 -0.000078 -1.000000
vn 0.000014 0.000002 1.000000
vn 0.000014 0.000002 1.000000
vn 0.000014 0.000002 1.000000
vn -0.000015 0.000078 1.000000
vn -0.000015 0.000078 1.000000
vn -0.000015 0.000078 1.000000
vn 0.985354 0.170521 -0.000013
vn 0.985354 0.170521 -0.000013
vn 0.985354 0.170521 -0.000013
vn 0.985318 0.170731 0.000002
vn 0.985318 0.170731 0.000002
vn 0.985318 0.170731 0.000002
vn -0.985207 -0.171369 -0.000016
vn -0.985207 -0.171369 -0.000016
vn -0.985207 -0.171369 -0.000016
vn -0.985166 -0.171605 0.000000
vn -0.985166 -0.171605 0.000000
vn -0.985166 -0.171605 0.000000
vn 0.985354 0.170521 -0.000013
vn 0.985354 0.170521 -0.000013
vn 0.985354 0.170521 -0.000013
vn 0.985318 0.170731 0.000002
vn 0.985318 0.170731 0.000002
vn 0.985318 0.170731 0.000002
vn -0.985207 -0.171369 -0.000016
vn -0.985207 -0.171369 -0.000016
vn -0.985207 -0.171369 -0.000016
vn -0.985166 -0.171605 0.000000
vn -0.985166 -0.171605 0.000000
vn -0.985166 -0.171605 0.000000
vn 0.985849 0.167636 0.000018
vn 0.985849 0.167636 0.000018
vn 0.985849 0.167636 0.000018
vn 0.985885 0.167426 0.000000
vn 0.985885 0.167426 0.000000
vn 0.985885 0.167426 0.000000
vn -0.000223 0.001183 -0.999999
vn -0.000223 0.001183 -0.999999
vn -0.000223 0.001183 -0.999999
vn -0.000221 0.001291 -0.999999
vn -0.000221 0.001291 -0.999999
vn -0.000221 0.001291 -0.999999
vn -0.985267 -0.171022 0.000012
vn -0.985267 -0.171022 0.000012
vn -0.985267 -0.171022 0.000012
vn -0.985298 -0.170842 -0.000004
vn -0.985298 -0.170842 -0.000004
vn -0.985298 -0.170842 -0.000004
vn 0.001023 -0.006064 0.999981
vn 0.001023 -0.006064 0.999981
vn 0.001023 -0.006064 0.999981
vn 0.001054 -0.006153 0.999981
vn 0.001054 -0.006153 0.999981
vn 0.001054 -0.006153 0.999981
vn 0.000020 0.000003 -1.000000
vn 0.000020 0.000003 -1.000000
vn 0.000020 0.000003 -1.000000
vn 0.000020 -0.000104 -1.000000
vn 0.000020 -0.000104 -1.000000
vn 0.000020 -0.000104 -1.000000
vn 0.000020 0.000003 1.000000
vn 0.000020 0.000003 1.000000
vn 0.000020 0.000003 1.000000
vn -0.000018 0.000104 1.000000
vn -0.000018 0.000104 1.000000
vn -0.000018 0.000104 1.000000
vn 0.985353 0.170525 -0.000016
vn 0.985353 0.170525 -0.000016
vn 0.985353 0.170525 -0.000016
vn 0.985318 0.170731 0.000002
vn 0.985318 0.170731 0.000002
vn 0.985318 0.170731 0.000002
vn -0.985207 -0.171369 -0.000021
vn -0.985207 -0.171369 -0.000021
vn -0.985207 -0.171369 -0.000021
vn -0.985166 -0.171605 0.000000
vn -0.985166 -0.171605 0.000000
vn -0.985166 -0.171605 0.000000
vn 0.985818 0.167821 0.000018
vn 0.985818 0.167821 0.000018
vn 0.985818 0.167821 0.000018
vn 0.985853 0.167611 0.000000
vn 0.985853 0.167611 0.000000
vn 0.985853 0.167611 0.000000
vn -0.000279 0.001509 -0.999999
vn -0.000279 0.001509 -0.999999
vn -0.000279 0.001509 -0.999999
vn -0.000277 0.001616 -0.999999
vn -0.000277 0.001616 -0.999999
vn -0.000277 0.001616 -0.999999
vn -0.985299 -0.170838 0.000015
vn -0.985299 -0.170838 0.000015
vn -0.985299 -0.170838 0.000015
vn -0.985336 -0.170628 -0.000004
vn -0.985336 -0.170628 -0.000004
vn -0.985336 -0.170628 -0.000004
vn 0.001023 -0.006064 0.999981
vn 0.001023 -0.006064 0.999981
vn 0.001023 -0.006064 0.999981
vn 0.001054 -0.006153 0.999981
vn 0.001054 -0.006153 0.999981
vn 0.001054 -0.006153 0.999981
vn 0.000020 0.000003 -1.000000
vn 0.000020 0.000003 -1.000000
vn 0.000020 0.000003 -1.000000
vn 0.000020 -0.000104 -1.000000
vn 0.000020 -0.000104 -1.000000
vn 0.000020 -0.000104 -1.000000
vn 0.000020 0.000003 1.000000
vn 0.000020 0.000003 1.000000
vn 0.000020 0.000003 1.000000
vn -0.000018 0.000104 1.000000
vn -0.000018 0.000104 1.000000
vn -0.000018 0.000104 1.000000
vn 0.986598 0.163168 0.000022
vn 0.986598 0.163168 0.000022
vn 0.986598 0.163168 0.000022
vn 0.986637 0.162932 0.000001
vn 0.986637 0.162932 0.000001
vn 0.986637 0.162932 0.000001
vn -0.000223 0.001183 -0.999999
vn -0.000223 0.001183 -0.999999
vn -0.000223 0.001183 -0.999999
vn -0.000221 0.001291 -0.999999
vn -0.000221 0.001291 -0.999999
vn -0.000221 0.001291 -0.999999
vn -0.985243 -0.171159 0.000015
vn -0.985243 -0.171159 0.000015
vn -0.985243 -0.171159 0.000015
vn -0.985279 -0.170954 -0.000004
vn -0.985279 -0.170954 -0.000004
vn -0.985279 -0.170954 -0.000004
vn 0.001813 -0.010692 0.999941
vn 0.001813 -0.010692 0.999941
vn 0.001813 -0.010692 0.999941
vn 0.001848 -0.010793 0.999940
vn 0.001848 -0.010793 0.999940
vn 0.001848 -0.010793 0.999940
vn -0.000821 0.004904 -0.999988
vn -0.000821 0.004904 -0.999988
vn -0.000821 0.004904 -0.999988
vn -0.000821 0.004797 -0.999988
vn -0.000821 0.004797 -0.999988
vn -0.000821 0.004797 -0.999988
vn 0.000020 0.000003 1.000000
vn 0.000020 0.000003 1.000000
vn 0.000020 0.000003 1.000000
vn -0.000018 0.000104 1.000000
vn -0.000018 0.000104 1.000000
vn -0.000018 0.000104 1.000000
vn 0.985012 0.172488 -0.000016
vn 0.985012 0.172488 -0.000016
vn 0.985012 0.172488 -0.000016
vn 0.984976 0.172693 0.000002
vn 0.984976 0.172693 0.000002
vn 0.984976 0.172693 0.000002
vn -0.985207 -0.171369 -0.000021
vn -0.985207 -0.171369 -0.000021
vn -0.985207 -0.171369 -0.000021
vn -0.985166 -0.171605 0.000000
vn -0.985166 -0.171605 0.000000
vn -0.985166 -0.171605 0.000000
vn 0.985353 0.170525 -0.000016
vn 0.985353 0.170525 -0.000016
vn 0.985353 0.170525 -0.000016
vn 0.985318 0.170731 0.000002
vn 0.985318 0.170731 0.000002
vn 0.985318 0.170731 0.000002
vn -0.985207 -0.171369 -0.000021
vn -0.985207 -0.171369 -0.000021
vn -0.985207 -0.171369 -0.000021
vn -0.985166 -0.171605 0.000000
vn -0.985166 -0.171605 0.000000
vn -0.985166 -0.171605 0.000000
vn -0.000406 0.002359 -0.999997
vn -0.000406 0.002359 -0.999997
vn -0.000406 0.002359 -0.999997
vn -0.000406 0.002359 -0.999997
vn -0.000406 0.002359 -0.999997
vn -0.000406 0.002359 -0.999997
vn 0.000402 -0.002252 0.999997
vn 0.000402 -0.002252 0.999997
vn 0.000402 -0.002252 0.999997
vn 0.000381 -0.002202 0.999997
vn 0.000381 -0.002202 0.999997
vn 0.000381 -0.002202 0.999997
vn -0.985157 -0.171656 -0.000010
vn -0.985157 -0.171656 -0.000010
vn -0.985157 -0.171656 -0.000010
vn -0.985147 -0.171712 0.000002
vn -0.985147 -0.171712 0.000002
vn -0.985147 -0.171712 0.000002
vn 0.985147 0.171712 0.000007
vn 0.985147 0.171712 0.000007
vn 0.985147 0.171712 0.000007
vn 0.985147 0.171712 0.000007
vn 0.985147 0.171712 0.000007
vn 0.985147 0.171712 0.000007
vn -0.985161 -0.171630 0.000006
vn -0.985161 -0.171630 0.000006
vn -0.985161 -0.171630 0.000006
vn -0.985161 -0.171630 0.000006
vn -0.985161 -0.171630 0.000006
vn -0.985161 -0.171630 0.000006
vn 0.985162 0.171630 0.000013
vn 0.985162 0.171630 0.000013
vn 0.985162 0.171630 0.000013
vn 0.985170 0.171579 0.000002
vn 0.985170 0.171579 0.000002
vn 0.985170 0.171579 0.000002
vn 0.000390 -0.002281 0.999997
vn 0.000390 -0.002281 0.999997
vn 0.000390 -0.002281 0.999997
vn 0.000393 -0.002287 0.999997
vn 0.000393 -0.002287 0.999997
vn 0.000393 -0.002287 0.999997
vn -0.000395 0.002240 -0.999997
vn -0.000395 0.002240 -0.999997
vn -0.000395 0.002240 -0.999997
vn -0.000391 0.002294 -0.999997
vn -0.000391 0.002294 -0.999997
vn -0.000391 0.002294 -0.999997
vn 0.000163 -0.000925 1.000000
vn 0.000163 -0.000925 1.000000
vn 0.000163 -0.000925 1.000000
vn 0.000163 -0.000925 1.000000
vn 0.000163 -0.000925 1.000000
vn 0.000163 -0.000925 1.000000
vn -0.987135 -0.159889 0.000008
vn -0.987135 -0.159889 0.000008
vn -0.987135 -0.159889 0.000008
vn -0.987165 -0.159705 -0.000004
vn -0.987165 -0.159705 -0.000004
vn -0.987165 -0.159705 -0.000004
vn 0.000577 -0.003457 0.999994
vn 0.000577 -0.003457 0.999994
vn 0.000577 -0.003457 0.999994
vn 0.000604 -0.003533 0.999994
vn 0.000604 -0.003533 0.999994
vn 0.000604 -0.003533 0.999994
vn 0.000011 0.000029 -1.000000
vn 0.000011 0.000029 -1.000000
vn 0.000011 0.000029 -1.000000
vn 0.000011 -0.000052 -1.000000
vn 0.000011 -0.000052 -1.000000
vn 0.000011 -0.000052 -1.000000
vn 0.000008 0.000035 1.000000
vn 0.000008 0.000035 1.000000
vn 0.000008 0.000035 1.000000
vn -0.000020 0.000111 1.000000
vn -0.000020 0.000111 1.000000
vn -0.000020 0.000111 1.000000
vn 0.985350 0.170546 -0.000015
vn 0.985350 0.170546 -0.000015
vn 0.985350 0.170546 -0.000015
vn 0.985313 0.170756 -0.000000
vn 0.985313 0.170756 -0.000000
vn 0.985313 0.170756 -0.000000
vn -0.985208 -0.171365 -0.000015
vn -0.985208 -0.171365 -0.000015
vn -0.985208 -0.171365 -0.000015
vn -0.985170 -0.171579 0.000000
vn -0.985170 -0.171579 0.000000
vn -0.985170 -0.171579 0.000000
vn -0.000374 0.002163 -0.999998
vn -0.000374 0.002163 -0.999998
vn -0.000374 0.002163 -0.999998
vn -0.000374 0.002163 -0.999998
vn -0.000374 0.002163 -0.999998
vn -0.000374 0.002163 -0.999998
vn -0.000157 0.000926 -1.000000
vn -0.000157 0.000926 -1.000000
vn -0.000157 0.000926 -1.000000
vn -0.000157 0.000926 -1.000000
vn -0.000157 0.000926 -1.000000
vn -0.000157 0.000926 -1.000000
vn 0.985409 0.170204 -0.000019
vn 0.985409 0.170204 -0.000019
vn 0.985409 0.170204 -0.000019
vn 0.985409 0.170204 -0.000019
vn 0.985409 0.170204 -0.000019
vn 0.985409 0.170204 -0.000019
vn -0.985202 -0.171395 0.000016
vn -0.985202 -0.171395 0.000016
vn -0.985202 -0.171395 0.000016
vn -0.985202 -0.171395 0.000016
vn -0.985202 -0.171395 0.000016
vn -0.985202 -0.171395 0.000016
vn 0.985560 0.169329 0.000016
vn 0.985560 0.169329 0.000016
vn 0.985560 0.169329 0.000016
vn 0.985596 0.169119 0.000002
vn 0.985596 0.169119 0.000002
vn 0.985596 0.169119 0.000002
vn 0.000152 -0.000873 1.000000
vn 0.000152 -0.000873 1.000000
vn 0.000152 -0.000873 1.000000
vn 0.000148 -0.000860 1.000000
vn 0.000148 -0.000860 1.000000
vn 0.000148 -0.000860 1.000000
vn -0.985101 -0.171977 0.000019
vn -0.985101 -0.171977 0.000019
vn -0.985101 -0.171977 0.000019
vn -0.985101 -0.171977 0.000019
vn -0.985101 -0.171977 0.000019
vn -0.985101 -0.171977 0.000019
vn 0.985281 0.170945 -0.000017
vn 0.985281 0.170945 -0.000017
vn 0.985281 0.170945 -0.000017
vn 0.985281 0.170945 -0.000017
vn 0.985281 0.170945 -0.000017
vn 0.985281 0.170945 -0.000017
vn -0.000006 -0.000055 -1.000000
vn -0.000006 -0.000055 -1.000000
vn -0.000006 -0.000055 -1.000000
vn -0.000005 0.000026 -1.000000
vn -0.000005 0.000026 -1.000000
vn -0.000005 0.000026 -1.000000
vn 0.000163 -0.000929 0.999999
vn 0.000163 -0.000929 0.999999
vn 0.000163 -0.000929 0.999999
vn 0.000163 -0.000929 1.000000
vn 0.000163 -0.000929 1.000000
vn 0.000163 -0.000929 1.000000
vn -0.987134 -0.159896 0.000016
vn -0.987134 -0.159896 0.000016
vn -0.987134 -0.159896 0.000016
vn -0.987167 -0.159691 -0.000004
vn -0.987167 -0.159691 -0.000004
vn -0.987167 -0.159691 -0.000004
vn 0.001017 -0.006057 0.999981
vn 0.001017 -0.006057 0.999981
vn 0.001017 -0.006057 0.999981
vn 0.001049 -0.006133 0.999981
vn 0.001049 -0.006133 0.999981
vn 0.001049 -0.006133 0.999981
vn 0.000017 0.000032 -1.000000
vn 0.000017 0.000032 -1.000000
vn 0.000017 0.000032 -1.000000
vn 0.000012 -0.000055 -1.000000
vn 0.000012 -0.000055 -1.000000
vn 0.000012 -0.000055 -1.000000
vn 0.000014 0.000036 1.000000
vn 0.000014 0.000036 1.000000
vn 0.000014 0.000036 1.000000
vn -0.000021 0.000111 1.000000
vn -0.000021 0.000111 1.000000
vn -0.000021 0.000111 1.000000
vn 0.985351 0.170540 -0.000020
vn 0.985351 0.170540 -0.000020
vn 0.985351 0.170540 -0.000020
vn 0.985315 0.170745 -0.000000
vn 0.985315 0.170745 -0.000000
vn 0.985315 0.170745 -0.000000
vn -0.985207 -0.171368 -0.000022
vn -0.985207 -0.171368 -0.000022
vn -0.985207 -0.171368 -0.000022
vn -0.985168 -0.171594 0.000000
vn -0.985168 -0.171594 0.000000
vn -0.985168 -0.171594 0.000000
vn -0.000373 0.002157 -0.999998
vn -0.000373 0.002157 -0.999998
vn -0.000373 0.002157 -0.999998
vn -0.000373 0.002157 -0.999998
vn -0.000373 0.002157 -0.999998
vn -0.000373 0.002157 -0.999998
vn -0.000157 0.000930 -1.000000
vn -0.000157 0.000930 -1.000000
vn -0.000157 0.000930 -1.000000
vn -0.000157 0.000930 -1.000000
vn -0.000157 0.000930 -1.000000
vn -0.000157 0.000930 -1.000000
vn 0.985407 0.170216 -0.000013
vn 0.985407 0.170216 -0.000013
vn 0.985407 0.170216 -0.000013
vn 0.985410 0.170198 -0.000019
vn 0.985410 0.170198 -0.000019
vn 0.985410 0.170198 -0.000019
vn -0.985204 -0.171387 0.000016
vn -0.985204 -0.171387 0.000016
vn -0.985204 -0.171387 0.000016
vn -0.985204 -0.171387 0.000016
vn -0.985204 -0.171387 0.000016
vn -0.985204 -0.171387 0.000016
vn 0.986022 0.166614 0.000024
vn 0.986022 0.166614 0.000024
vn 0.986022 0.166614 0.000024
vn 0.986060 0.166388 0.000002
vn 0.986060 0.166388 0.000002
vn 0.986060 0.166388 0.000002
vn 0.000148 -0.000865 1.000000
vn 0.000148 -0.000865 1.000000
vn 0.000148 -0.000865 1.000000
vn 0.000148 -0.000865 1.000000
vn 0.000148 -0.000865 1.000000
vn 0.000148 -0.000865 1.000000
vn -0.985098 -0.171992 0.000019
vn -0.985098 -0.171992 0.000019
vn -0.985098 -0.171992 0.000019
vn -0.985098 -0.171992 0.000019
vn -0.985098 -0.171992 0.000019
vn -0.985098 -0.171992 0.000019
vn 0.985279 0.170953 -0.000017
vn 0.985279 0.170953 -0.000017
vn 0.985279 0.170953 -0.000017
vn 0.985279 0.170953 -0.000017
vn 0.985279 0.170953 -0.000017
vn 0.985279 0.170953 -0.000017
vn -0.000012 -0.000050 -1.000000
vn -0.000012 -0.000050 -1.000000
vn -0.000012 -0.000050 -1.000000
vn -0.000005 0.000028 -1.000000
vn -0.000005 0.000028 -1.000000
vn -0.000005 0.000028 -1.000000
vn -0.106749 0.617248 0.779493
vn -0.106749 0.617248 0.779493
vn -0.106749 0.617248 0.779493
vn -0.128881 0.657639 0.742227
vn -0.128881 0.657639 0.742227
vn -0.128881 0.657639 0.742227
vn -0.121323 0.655834 0.745092
vn -0.121323 0.655834 0.745092
vn -0.121323 0.655834 0.745092
vn -0.114299 0.659410 0.743044
vn -0.114299 0.659410 0.743044
vn -0.114299 0.659410 0.743044
vn -0.123439 0.658728 0.742186
vn -0.123439 0.658728 0.742186
vn -0.123439 0.658728 0.742186
vn -0.109791 0.660309 0.742925
vn -0.109791 0.660309 0.742925
vn -0.109791 0.660309 0.742925
vn -0.117746 0.640764 0.758655
vn -0.117746 0.640764 0.758655
vn -0.117746 0.640764 0.758655
vn -0.120560 0.635236 0.762850
vn -0.120560 0.635236 0.762850
vn -0.120560 0.635236 0.762850
vn -0.106648 0.617044 0.779669
vn -0.106648 0.617044 0.779669
vn -0.106648 0.617044 0.779669
vn -0.121277 0.655841 0.745094
vn -0.121277 0.655841 0.745094
vn -0.121277 0.655841 0.745094
vn -0.121961 0.656295 0.744582
vn -0.121961 0.656295 0.744582
vn -0.121961 0.656295 0.744582
vn -0.120754 0.652344 0.748242
vn -0.120754 0.652344 0.748242
vn -0.120754 0.652344 0.748242
vn -0.118199 0.635535 0.762971
vn -0.118199 0.635535 0.762971
vn -0.118199 0.635535 0.762971
vn -0.117457 0.616077 0.778879
vn -0.117457 0.616077 0.778879
vn -0.117457 0.616077 0.778879
vn -0.121768 0.632846 0.764642
vn -0.121768 0.632846 0.764642
vn -0.121768 0.632846 0.764642
vn -0.122725 0.650904 0.749175
vn -0.122725 0.650904 0.749175
vn -0.122725 0.650904 0.749175
vn -0.117746 0.640763 0.758656
vn -0.117746 0.640763 0.758656
vn -0.117746 0.640763 0.758656
vn -0.122913 0.651921 0.748259
vn -0.122913 0.651921 0.748259
vn -0.122913 0.651921 0.748259
vn -0.122151 0.651021 0.749166
vn -0.122151 0.651021 0.749166
vn -0.122151 0.651021 0.749166
vn -0.199458 0.979906 0.000154
vn -0.199458 0.979906 0.000154
vn -0.199458 0.979906 0.000154
vn -0.199459 0.979906 0.000155
vn -0.199459 0.979906 0.000155
vn -0.199459 0.979906 0.000155
vn -0.751051 -0.060291 0.657485
vn -0.751053 -0.060293 0.657483
vn -0.751053 -0.060292 0.657484
vn -0.751053 -0.060292 0.657484
vn -0.751051 -0.060291 0.657486
vn -0.751051 -0.060291 0.657485
vn 0.751175 0.060300 -0.657344
vn 0.751175 0.060300 -0.657344
vn 0.751175 0.060300 -0.657344
vn 0.751169 0.060302 -0.657350
vn 0.751169 0.060302 -0.657350
vn 0.751169 0.060302 -0.657350
vn -0.602306 -0.048398 -0.796797
vn -0.602306 -0.048398 -0.796797
vn -0.602306 -0.048398 -0.796797
vn -0.602271 -0.048398 -0.796823
vn -0.602271 -0.048398 -0.796823
vn -0.602271 -0.048398 -0.796823
vn -0.171892 0.985116 -0.000773
vn -0.171892 0.985116 -0.000773
vn -0.171892 0.985116 -0.000773
vn -0.155566 0.987551 -0.023280
vn -0.155566 0.987551 -0.023280
vn -0.155566 0.987551 -0.023280
vn 0.151989 -0.988211 0.018423
vn 0.151989 -0.988211 0.018423
vn 0.151989 -0.988211 0.018423
vn 0.180903 -0.983501 0.000775
vn 0.180903 -0.983501 0.000775
vn 0.180903 -0.983501 0.000775
vn -0.996783 -0.080051 0.004005
vn -0.996783 -0.080051 0.004005
vn -0.996783 -0.080051 0.004005
vn -0.996783 -0.080049 0.004006
vn -0.996783 -0.080049 0.004006
vn -0.996783 -0.080049 0.004006
vn -0.984792 -0.173528 0.008521
vn -0.984792 -0.173528 0.008521
vn -0.984792 -0.173528 0.008521
vn -0.984144 -0.177373 0.000000
vn -0.984144 -0.177373 0.000000
vn -0.984144 -0.177373 0.000000
vn 0.076362 -0.441924 -0.893796
vn 0.076360 -0.441923 -0.893797
vn -0.758140 -0.396369 -0.517799
vn 0.076362 -0.441924 -0.893796
vn -0.758140 -0.396369 -0.517799
vn -0.206532 -0.472545 -0.856764
vn -0.077605 0.444513 -0.892404
vn -0.077606 0.444513 -0.892404
vn -0.077606 0.444513 -0.892404
vn -0.077605 0.444513 -0.892404
vn -0.077606 0.444513 -0.892404
vn -0.077605 0.444513 -0.892404
vn 0.169577 -0.976656 -0.131861
vn 0.165066 -0.951014 -0.261391
vn 0.165069 -0.951023 -0.261359
vn 0.169577 -0.976656 -0.131861
vn 0.165069 -0.951023 -0.261359
vn 0.169580 -0.976660 -0.131823
vn 0.077605 -0.444512 0.892405
vn 0.077605 -0.444512 0.892405
vn 0.077605 -0.444512 0.892405
vn 0.077605 -0.444512 0.892405
vn 0.077605 -0.444512 0.892405
vn 0.077605 -0.444512 0.892405
vn -0.076360 0.441923 0.893797
vn -0.076360 0.441923 0.893797
vn -0.076360 0.441923 0.893797
vn -0.076360 0.441923 0.893797
vn -0.076360 0.441923 0.893797
vn -0.076360 0.441923 0.893797
vn -0.165380 0.951454 -0.259585
vn -0.169719 0.976759 -0.130908
vn -0.169712 0.976750 -0.130984
vn -0.165380 0.951454 -0.259585
vn -0.169712 0.976750 -0.130984
vn -0.165369 0.951426 -0.259694
vn 0.985089 0.172047 -0.000342
vn 0.985080 0.172096 -0.000433
vn 0.985089 0.172045 -0.000339
vn 0.985080 0.172098 -0.000433
vn 0.985080 0.172096 -0.000433
vn 0.985089 0.172047 -0.000342
vn 0.985080 0.172098 -0.000433
vn 0.985068 0.172165 -0.000276
vn 0.985080 0.172096 -0.000433
vn 0.985068 0.172167 -0.000272
vn 0.985068 0.172165 -0.000276
vn 0.985080 0.172098 -0.000433
vn -0.985105 -0.171955 0.000156
vn -0.985105 -0.171951 0.000150
vn -0.985080 -0.172098 0.000337
vn -0.985079 -0.172101 0.000339
vn -0.985105 -0.171955 0.000156
vn -0.985080 -0.172098 0.000337
vn -0.985079 -0.172101 0.000339
vn -0.985080 -0.172098 0.000337
vn -0.985061 -0.172205 0.000198
vn -0.985061 -0.172207 0.000194
vn -0.985079 -0.172101 0.000339
vn -0.985061 -0.172205 0.000198
vn -0.339569 -0.059320 -0.938709
vn -0.339570 -0.059323 -0.938708
vn -0.329658 0.795488 -0.508453
vn -0.339569 -0.059320 -0.938709
vn -0.329658 0.795488 -0.508453
vn -0.369231 0.157426 -0.915907
vn 0.341736 0.060539 -0.937844
vn 0.341736 0.060539 -0.937844
vn 0.341736 0.060539 -0.937844
vn 0.341736 0.060539 -0.937844
vn 0.341736 0.060539 -0.937844
vn 0.341736 0.060539 -0.937844
vn -0.969457 -0.170467 -0.176336
vn -0.923654 -0.162327 -0.347149
vn -0.923745 -0.162360 -0.346893
vn -0.969457 -0.170467 -0.176336
vn -0.923745 -0.162360 -0.346893
vn -0.969479 -0.170482 -0.176197
vn -0.341736 -0.060534 0.937844
vn -0.341735 -0.060535 0.937845
vn -0.341736 -0.060534 0.937844
vn -0.341736 -0.060534 0.937844
vn -0.341736 -0.060534 0.937844
vn -0.341737 -0.060533 0.937844
vn 0.339569 0.059318 0.938709
vn 0.339569 0.059317 0.938709
vn 0.339569 0.059317 0.938709
vn 0.339569 0.059318 0.938709
vn 0.339569 0.059317 0.938709
vn 0.339568 0.059318 0.938709
vn 0.924447 0.162780 -0.344819
vn 0.969646 0.170655 -0.175112
vn 0.969643 0.170653 -0.175131
vn 0.924447 0.162780 -0.344819
vn 0.969643 0.170653 -0.175131
vn 0.924428 0.162773 -0.344874
vn 0.173267 -0.984875 -0.000473
vn 0.173255 -0.984877 -0.000463
vn 0.173267 -0.984875 -0.000473
vn 0.173255 -0.984877 -0.000462
vn 0.173255 -0.984877 -0.000463
vn 0.173267 -0.984875 -0.000473
vn 0.173255 -0.984877 -0.000462
vn 0.173262 -0.984876 -0.000418
vn 0.173255 -0.984877 -0.000463
vn 0.173262 -0.984876 -0.000417
vn 0.173262 -0.984876 -0.000418
vn 0.173255 -0.984877 -0.000462
vn -0.173286 0.984871 0.000522
vn -0.173286 0.984871 0.000523
vn -0.173253 0.984877 0.000496
vn -0.173253 0.984877 0.000497
vn -0.173286 0.984871 0.000522
vn -0.173253 0.984877 0.000496
vn -0.173253 0.984877 0.000497
vn -0.173253 0.984877 0.000496
vn -0.173191 0.984888 0.000621
vn -0.173190 0.984888 0.000624
vn -0.173253 0.984877 0.000497
vn -0.173191 0.984888 0.000621
vn -0.170950 0.985280 -0.000160
vn -0.170950 0.985280 -0.000160
vn -0.170950 0.985280 -0.000160
vn -0.170514 0.985355 -0.000001
vn -0.170514 0.985355 -0.000001
vn -0.170514 0.985355 -0.000001
vn -0.169213 0.985580 -0.000165
vn -0.169213 0.985580 -0.000165
vn -0.169213 0.985580 -0.000165
vn -0.168806 0.985649 0.000000
vn -0.168806 0.985649 0.000000
vn -0.168806 0.985649 0.000000
vn -0.170953 0.985279 -0.000162
vn -0.170953 0.985279 -0.000162
vn -0.170953 0.985279 -0.000162
vn -0.170512 0.985356 -0.000001
vn -0.170512 0.985356 -0.000001
vn -0.170512 0.985356 -0.000001
vn -0.169213 0.985580 -0.000165
vn -0.169213 0.985580 -0.000165
vn -0.169213 0.985580 -0.000165
vn -0.170948 0.985280 -0.000160
vn -0.170948 0.985280 -0.000160
vn -0.170948 0.985280 -0.000160
vn -0.170512 0.985356 -0.000001
vn -0.170512 0.985356 -0.000001
vn -0.170512 0.985356 -0.000001
vn -0.169213 0.985580 -0.000165
vn -0.169213 0.985580 -0.000165
vn -0.169213 0.985580 -0.000165
vn -0.168806 0.985649 0.000000
vn -0.168806 0.985649 0.000000
vn -0.168806 0.985649 0.000000
vn -0.168806 0.985649 0.000000
vn -0.168806 0.985649 0.000000
vn -0.168806 0.985649 0.000000
vn -0.170951 0.985279 -0.000205
vn -0.170951 0.985279 -0.000205
vn -0.170951 0.985279 -0.000205
vn -0.170510 0.985356 -0.000001
vn -0.170510 0.985356 -0.000001
vn -0.170510 0.985356 -0.000001
vn -0.169210 0.985580 -0.000204
vn -0.169210 0.985580 -0.000204
vn -0.169210 0.985580 -0.000204
vn -0.168808 0.985649 0.000003
vn -0.168808 0.985649 0.000003
vn -0.168808 0.985649 0.000003
vn -0.170952 0.985279 -0.000205
vn -0.170952 0.985279 -0.000205
vn -0.170952 0.985279 -0.000205
vn -0.170511 0.985356 -0.000001
vn -0.170511 0.985356 -0.000001
vn -0.170511 0.985356 -0.000001
vn -0.169211 0.985580 -0.000206
vn -0.169211 0.985580 -0.000206
vn -0.169211 0.985580 -0.000206
vn -0.170945 0.985281 -0.000205
vn -0.170945 0.985281 -0.000205
vn -0.170945 0.985281 -0.000205
vn -0.170503 0.985357 -0.000001
vn -0.170503 0.985357 -0.000001
vn -0.170503 0.985357 -0.000001
vn -0.169209 0.985580 -0.000204
vn -0.169209 0.985580 -0.000204
vn -0.169209 0.985580 -0.000204
vn -0.168808 0.985649 0.000003
vn -0.168808 0.985649 0.000003
vn -0.168808 0.985649 0.000003
vn -0.168805 0.985650 0.000003
vn -0.168805 0.985650 0.000003
vn -0.168805 0.985650 0.000003
vn -0.169431 0.985541 0.001024
vn -0.169431 0.985541 0.001024
vn -0.169431 0.985541 0.001024
vn -0.169421 0.985543 0.001033
vn -0.169421 0.985543 0.001033
vn -0.169421 0.985543 0.001033
vn -0.169545 0.985522 0.000842
vn -0.169545 0.985522 0.000842
vn -0.169545 0.985522 0.000842
vn -0.169413 0.985545 0.000955
vn -0.169413 0.985545 0.000955
vn -0.169413 0.985545 0.000955
vn -0.169221 0.985578 -0.000165
vn -0.169221 0.985578 -0.000165
vn -0.169221 0.985578 -0.000165
vn -0.168818 0.985647 -0.000001
vn -0.168818 0.985647 -0.000001
vn -0.168818 0.985647 -0.000001
vn -0.170513 0.985354 0.001820
vn -0.170513 0.985354 0.001820
vn -0.170513 0.985354 0.001820
vn -0.169212 0.985578 0.001832
vn -0.169212 0.985578 0.001832
vn -0.169212 0.985578 0.001832
vn -0.169222 0.985576 0.001820
vn -0.169222 0.985576 0.001820
vn -0.169222 0.985576 0.001820
vn -0.170953 0.985279 -0.000160
vn -0.170953 0.985279 -0.000160
vn -0.170953 0.985279 -0.000160
vn -0.170513 0.985354 0.001820
vn -0.170513 0.985354 0.001820
vn -0.170513 0.985354 0.001820
vn -0.170510 0.985356 0.000001
vn -0.170510 0.985356 0.000001
vn -0.170510 0.985356 0.000001
vn -0.169222 0.985578 -0.000163
vn -0.169222 0.985578 -0.000163
vn -0.169222 0.985578 -0.000163
vn -0.168819 0.985647 -0.000000
vn -0.168819 0.985647 -0.000000
vn -0.168819 0.985647 -0.000000
vn -0.170513 0.985354 0.001820
vn -0.170513 0.985354 0.001820
vn -0.170513 0.985354 0.001820
vn -0.169213 0.985578 0.001832
vn -0.169213 0.985578 0.001832
vn -0.169213 0.985578 0.001832
vn -0.169223 0.985576 0.001819
vn -0.169223 0.985576 0.001819
vn -0.169223 0.985576 0.001819
vn -0.170948 0.985280 -0.000160
vn -0.170948 0.985280 -0.000160
vn -0.170948 0.985280 -0.000160
vn -0.170513 0.985354 0.001820
vn -0.170513 0.985354 0.001820
vn -0.170513 0.985354 0.001820
vn -0.170510 0.985356 -0.000000
vn -0.170510 0.985356 -0.000000
vn -0.170510 0.985356 -0.000000
vn -0.329658 0.795488 -0.508453
vn -0.369231 0.157426 -0.915907
vn -0.173255 0.984877 0.000442
vn -0.984876 -0.173259 0.000001
vn -0.984878 -0.173252 0.000005
vn -0.969457 -0.170467 -0.176336
vn -0.969457 -0.170467 -0.176336
vn -0.969479 -0.170482 -0.176197
vn -0.984876 -0.173259 0.000001
vn 0.984877 0.173257 0.000002
vn 0.984877 0.173258 0.000002
vn 0.969643 0.170653 -0.175131
vn 0.969643 0.170653 -0.175131
vn 0.969646 0.170655 -0.175112
vn 0.984877 0.173257 0.000002
vn 0.984877 0.173254 0.000000
vn 0.984877 0.173253 -0.000000
vn 0.984877 0.173254 0.000000
vn 0.984877 0.173254 0.000000
vn 0.984877 0.173254 0.000000
vn 0.984877 0.173254 0.000001
vn -0.000076 0.000433 -1.000000
vn -0.000076 0.000433 -1.000000
vn -0.000076 0.000433 -1.000000
vn -0.984877 -0.173254 -0.000000
vn -0.984877 -0.173254 -0.000000
vn -0.984877 -0.173254 -0.000000
vn -0.984877 -0.173254 -0.000000
vn -0.984877 -0.173254 -0.000000
vn -0.984877 -0.173254 -0.000001
vn 0.173254 -0.984877 -0.000440
vn 0.173254 -0.984877 -0.000440
vn 0.173253 -0.984877 -0.000440
vn 0.173255 -0.984877 -0.000439
vn 0.173254 -0.984877 -0.000440
vn 0.173254 -0.984877 -0.000440
vn -0.173260 0.984876 -0.000003
vn -0.172396 0.985028 0.000515
vn -0.172993 0.984923 0.000056
vn 0.173255 -0.984877 -0.000450
vn 0.173255 -0.984877 -0.000450
vn 0.173255 -0.984877 -0.000450
vn 0.173253 -0.984877 -0.000426
vn 0.173253 -0.984877 -0.000426
vn 0.173253 -0.984877 -0.000426
vn 0.984877 0.173254 0.000002
vn 0.984877 0.173254 0.000002
vn 0.984877 0.173254 0.000002
vn 0.984877 0.173252 -0.000020
vn 0.984877 0.173252 -0.000020
vn 0.984877 0.173252 -0.000020
vn -0.173254 0.984877 0.000446
vn -0.173254 0.984877 0.000446
vn -0.173254 0.984877 0.000446
vn -0.984878 -0.173249 0.000024
vn -0.984878 -0.173249 0.000024
vn -0.984878 -0.173249 0.000024
vn -0.984878 -0.173249 0.000027
vn -0.984878 -0.173249 0.000027
vn -0.984878 -0.173249 0.000027
vn -0.173249 0.984878 0.000440
vn -0.173639 0.984809 0.000869
vn -0.173389 0.984853 0.000195
vn -0.173639 0.984809 0.000869
vn -0.174355 0.984683 0.000348
vn -0.173389 0.984853 0.000195
vn -0.173253 0.984877 0.000450
vn -0.173253 0.984877 0.000450
vn -0.173253 0.984877 0.000450
vn -0.173639 0.984809 0.000869
vn -0.172849 0.984948 0.000977
vn -0.172396 0.985028 0.000515
vn -0.000076 0.000433 -1.000000
vn -0.000076 0.000433 -1.000000
vn -0.000076 0.000433 -1.000000
vn -0.174355 0.984683 0.000348
vn -0.173639 0.984809 0.000869
vn -0.172396 0.985028 0.000515
vn -0.172396 0.985028 0.000515
vn -0.172849 0.984948 0.000977
vn -0.172993 0.984923 0.000056
vn 0.036505 -0.207521 -0.977549
vn 0.036505 -0.207521 -0.977549
vn 0.036505 -0.207521 -0.977549
vn 0.984878 0.173251 0.000004
vn 0.984878 0.173251 0.000004
vn 0.984878 0.173251 0.000004
vn -0.984880 -0.173238 0.000020
vn -0.984880 -0.173238 0.000020
vn -0.984880 -0.173238 0.000020
vn 0.036509 -0.207530 -0.977547
vn 0.036509 -0.207530 -0.977547
vn 0.036509 -0.207530 -0.977547
vn 0.036506 -0.207518 -0.977550
vn 0.036506 -0.207518 -0.977550
vn 0.036506 -0.207518 -0.977550
vn 0.036506 -0.207523 -0.977549
vn 0.036506 -0.207523 -0.977549
vn 0.036506 -0.207523 -0.977549
vn 0.173255 -0.984877 -0.000439
vn 0.173255 -0.984877 -0.000439
vn 0.173255 -0.984877 -0.000442
vn 0.173255 -0.984877 -0.000439
vn 0.173255 -0.984877 -0.000442
vn 0.173255 -0.984877 -0.000442
vn 0.984877 0.173254 0.000000
vn 0.984877 0.173254 0.000000
vn 0.984877 0.173254 -0.000000
vn 0.984877 0.173254 0.000000
vn 0.984877 0.173254 -0.000000
vn 0.984877 0.173254 0.000001
vn -0.173253 0.984877 0.000440
vn -0.173253 0.984877 0.000439
vn -0.173253 0.984877 0.000439
vn -0.173253 0.984877 0.000440
vn -0.173253 0.984877 0.000439
vn -0.173253 0.984877 0.000440
vn -0.984877 -0.173253 -0.000000
vn -0.984877 -0.173253 -0.000000
vn -0.984877 -0.173253 -0.000001
vn -0.984877 -0.173253 -0.000000
vn -0.984877 -0.173253 -0.000001
vn -0.984877 -0.173253 -0.000001
vn 0.173255 -0.984877 -0.000442
vn 0.173255 -0.984877 -0.000442
vn 0.173255 -0.984877 -0.000444
vn 0.173255 -0.984877 -0.000442
vn 0.173255 -0.984877 -0.000444
vn 0.173254 -0.984877 -0.000437
vn 0.984877 0.173254 0.000001
vn 0.984877 0.173254 -0.000000
vn 0.984877 0.173253 -0.000001
vn 0.984877 0.173254 0.000001
vn 0.984877 0.173253 -0.000001
vn 0.984877 0.173253 0.000000
vn -0.173254 0.984877 0.000444
vn -0.173256 0.984877 0.000431
vn -0.173255 0.984877 0.000432
vn -0.173254 0.984877 0.000444
vn -0.173255 0.984877 0.000432
vn -0.173253 0.984877 0.000446
vn -0.984877 -0.173253 -0.000001
vn -0.984877 -0.173253 -0.000001
vn -0.984877 -0.173253 0.000001
vn -0.984877 -0.173253 -0.000001
vn -0.984877 -0.173253 0.000001
vn -0.984877 -0.173253 0.000000
vn 0.173254 -0.984877 -0.000437
vn 0.173255 -0.984877 -0.000444
vn 0.173255 -0.984877 -0.000441
vn 0.173254 -0.984877 -0.000437
vn 0.173255 -0.984877 -0.000441
vn 0.173253 -0.984877 -0.000427
vn 0.984877 0.173253 0.000000
vn 0.984877 0.173253 -0.000001
vn 0.984877 0.173253 -0.000001
vn 0.984877 0.173253 0.000000
vn 0.984877 0.173253 -0.000001
vn 0.984877 0.173253 -0.000001
vn -0.173255 0.984877 0.000442
vn -0.173255 0.984877 0.000442
vn -0.173255 0.984877 0.000442
vn -0.173255 0.984877 0.000442
vn -0.173255 0.984877 0.000442
vn -0.173255 0.984877 0.000442
vn -0.984877 -0.173253 0.000000
vn -0.984877 -0.173253 0.000001
vn -0.984877 -0.173253 0.000003
vn -0.984877 -0.173253 0.000000
vn -0.984877 -0.173253 0.000003
vn -0.984877 -0.173254 0.000001
vn -0.000076 0.000432 -1.000000
vn -0.000076 0.000432 -1.000000
vn -0.000076 0.000432 -1.000000
vn -0.000076 0.000432 -1.000000
vn -0.000076 0.000432 -1.000000
vn -0.000076 0.000432 -1.000000
vn 0.000076 -0.000432 1.000000
vn 0.000076 -0.000432 1.000000
vn 0.000076 -0.000432 1.000000
vn 0.000076 -0.000432 1.000000
vn 0.000076 -0.000432 1.000000
vn 0.000076 -0.000432 1.000000
vn 0.984876 0.173261 0.000000
vn 0.984876 0.173261 0.000000
vn 0.984876 0.173261 0.000000
vn 0.984876 0.173261 0.000000
vn 0.984876 0.173261 0.000000
vn 0.984876 0.173261 0.000000
vn -0.000076 0.000433 -1.000000
vn -0.000076 0.000433 -1.000000
vn -0.000076 0.000433 -1.000000
vn -0.000076 0.000433 -1.000000
vn -0.000076 0.000433 -1.000000
vn -0.000076 0.000433 -1.000000
vn -0.984878 -0.173247 -0.000000
vn -0.984878 -0.173247 -0.000000
vn -0.984878 -0.173247 -0.000000
vn -0.984878 -0.173247 -0.000000
vn -0.984878 -0.173247 -0.000000
vn -0.984878 -0.173247 -0.000000
vn 0.984876 0.173261 -0.000001
vn 0.984876 0.173261 -0.000001
vn 0.984876 0.173261 -0.000001
vn 0.984876 0.173264 0.000002
vn 0.984876 0.173264 0.000002
vn 0.984876 0.173264 0.000002
vn -0.984879 -0.173244 -0.000002
vn -0.984879 -0.173244 -0.000002
vn -0.984879 -0.173244 -0.000002
vn -0.984878 -0.173247 0.000001
vn -0.984878 -0.173247 0.000001
vn -0.984878 -0.173247 0.000001
vn 0.000076 -0.000433 1.000000
vn 0.000076 -0.000433 1.000000
vn 0.000076 -0.000433 1.000000
vn 0.000076 -0.000433 1.000000
vn 0.000076 -0.000433 1.000000
vn 0.000076 -0.000433 1.000000
vn -0.000076 0.000434 -1.000000
vn -0.000076 0.000434 -1.000000
vn -0.000076 0.000434 -1.000000
vn -0.000076 0.000434 -1.000000
vn -0.000076 0.000434 -1.000000
vn -0.000076 0.000434 -1.000000
vn -0.984877 -0.173258 -0.000000
vn -0.984877 -0.173258 -0.000000
vn -0.984877 -0.173258 -0.000000
vn -0.984877 -0.173258 -0.000000
vn -0.984877 -0.173258 -0.000000
vn -0.984877 -0.173258 -0.000000
vn 0.000076 -0.000434 1.000000
vn 0.000076 -0.000434 1.000000
vn 0.000076 -0.000434 1.000000
vn 0.000076 -0.000434 1.000000
vn 0.000076 -0.000434 1.000000
vn 0.000076 -0.000434 1.000000
vn 0.984876 0.173260 0.000000
vn 0.984876 0.173260 0.000000
vn 0.984876 0.173260 0.000000
vn 0.984879 0.173246 -0.000007
vn 0.984879 0.173246 -0.000007
vn 0.984879 0.173246 -0.000007
vn -0.032925 0.187167 0.981776
vn -0.032925 0.187167 0.981776
vn -0.032925 0.187167 0.981776
vn -0.032925 0.187167 0.981776
vn -0.032925 0.187167 0.981776
vn -0.032925 0.187167 0.981776
vn 0.105205 -0.781025 0.615574
vn 0.105205 -0.781025 0.615574
vn 0.105205 -0.781025 0.615574
vn 0.130695 -0.758195 0.638795
vn 0.130695 -0.758195 0.638795
vn 0.130695 -0.758195 0.638795
vn 0.118776 -0.760004 0.638973
vn 0.118776 -0.760004 0.638973
vn 0.118776 -0.760004 0.638973
vn 0.135418 -0.746515 0.651442
vn 0.135418 -0.746515 0.651442
vn 0.135418 -0.746515 0.651442
vn 0.105086 -0.780203 0.616636
vn 0.105086 -0.780203 0.616636
vn 0.105086 -0.780203 0.616636
vn 0.108187 -0.780419 0.615826
vn 0.108187 -0.780419 0.615826
vn 0.108187 -0.780419 0.615826
vn 0.103474 -0.781262 0.615568
vn 0.103474 -0.781262 0.615568
vn 0.103474 -0.781262 0.615568
vn 0.103619 -0.781582 0.615136
vn 0.103619 -0.781582 0.615136
vn 0.103619 -0.781582 0.615136
vn 0.112999 -0.779823 0.615717
vn 0.112999 -0.779823 0.615717
vn 0.112999 -0.779823 0.615717
vn 0.136170 -0.745849 0.652048
vn 0.136170 -0.745849 0.652048
vn 0.136170 -0.745849 0.652048
vn 0.135729 -0.747565 0.650173
vn 0.135729 -0.747565 0.650173
vn 0.135729 -0.747565 0.650173
vn 0.135723 -0.747618 0.650112
vn 0.135723 -0.747618 0.650112
vn 0.135723 -0.747618 0.650112
vn -0.733898 -0.081993 0.674292
vn -0.733898 -0.081993 0.674292
vn -0.733898 -0.081993 0.674292
vn -0.733136 -0.082141 0.675103
vn -0.733136 -0.082141 0.675103
vn -0.733136 -0.082141 0.675103
vn -0.004368 0.033654 0.999424
vn -0.004368 0.033654 0.999424
vn -0.004368 0.033654 0.999424
vn 0.024102 0.025457 0.999385
vn 0.024102 0.025457 0.999385
vn 0.024102 0.025457 0.999385
vn -0.107923 0.739121 0.664871
vn -0.107923 0.739121 0.664871
vn -0.107923 0.739121 0.664871
vn -0.108648 0.734423 0.669939
vn -0.108648 0.734423 0.669939
vn -0.108648 0.734423 0.669939
vn 0.171129 -0.985249 -0.000000
vn 0.171128 -0.985249 0.000001
vn 0.169577 -0.976656 -0.131861
vn 0.169577 -0.976656 -0.131861
vn 0.169580 -0.976660 -0.131823
vn 0.171129 -0.985249 -0.000000
vn -0.171132 0.985248 0.000003
vn -0.171129 0.985249 0.000006
vn -0.169712 0.976750 -0.130984
vn -0.169712 0.976750 -0.130984
vn -0.169719 0.976759 -0.130908
vn -0.171132 0.985248 0.000003
vn 0.135690 -0.746217 0.651727
vn 0.135690 -0.746217 0.651727
vn 0.135690 -0.746217 0.651727
vn 0.135776 -0.735176 0.664139
vn 0.135776 -0.735176 0.664139
vn 0.135776 -0.735176 0.664139
vn 0.135776 -0.735185 0.664130
vn 0.135776 -0.735185 0.664130
vn 0.135776 -0.735185 0.664130
vn 0.137377 -0.757131 0.638655
vn 0.137377 -0.757131 0.638655
vn 0.137377 -0.757131 0.638655
# 9183 vertex normals

vt -6.668889 1.627895 0.000000
vt 0.009488 1.609530 0.000000
vt 0.009087 2.119661 0.000000
vt -4.831246 2.132968 0.000000
vt -5.161724 2.133877 0.000000
vt -6.667234 2.138016 0.000000
vt 0.010053 0.965968 0.000000
vt -6.671036 0.984373 0.000000
vt 0.010565 -0.250036 0.000000
vt 0.010358 -0.240670 0.000000
vt -6.675059 -0.222232 0.000000
vt -6.675970 -0.481895 0.000000
vt -4.764311 2.130112 0.000000
vt -5.233648 2.130111 0.000000
vt -5.231310 2.019348 0.000000
vt -4.754883 2.019348 0.000000
vt -5.002108 2.755036 0.000000
vt -5.304184 2.476426 0.000000
vt -5.227550 2.134058 0.000000
vt -4.765421 2.132787 0.000000
vt -4.701569 2.474767 0.000000
vt 0.010159 0.545998 0.000000
vt -2.574111 1.865024 0.000000
vt 0.009170 2.014622 0.000000
vt -2.947439 1.901942 0.000000
vt -5.025535 1.623376 0.000000
vt -3.427769 1.117211 0.000000
vt -2.511981 0.972916 0.000000
vt -2.075053 1.172616 0.000000
vt -6.670117 1.259854 0.000000
vt -2.274518 0.482339 0.000000
vt 0.010083 0.848127 0.000000
vt -2.792106 0.467917 0.000000
vt -4.329555 0.047301 0.000000
vt -1.275938 0.048734 0.000000
vt -1.315750 0.685116 0.000000
vt -1.399713 0.709413 0.000000
vt -1.483775 0.701504 0.000000
vt -1.567938 0.661370 0.000000
vt -1.273807 0.660888 0.000000
vt -1.357719 0.701291 0.000000
vt -1.441732 0.709491 0.000000
vt -1.525845 0.685460 0.000000
vt -1.570047 0.049545 0.000000
vt -1.275588 0.142055 0.000000
vt -1.274626 0.398357 0.000000
vt -1.273962 0.611172 0.000000
vt -1.273864 0.642554 0.000000
vt -1.292083 0.671445 0.000000
vt -1.433084 0.709467 0.000000
vt -1.438706 0.709483 0.000000
vt -1.488885 0.699549 0.000000
vt -1.515851 0.689270 0.000000
vt -1.567980 0.648009 0.000000
vt -1.568024 0.634004 0.000000
vt -1.568056 0.623490 0.000000
vt -1.568104 0.608379 0.000000
vt -1.568144 0.595437 0.000000
vt -1.568213 0.573284 0.000000
vt -1.568264 0.556862 0.000000
vt -1.568864 0.364545 0.000000
vt -1.569733 0.132929 0.000000
vt -1.271328 1.514983 0.000000
vt -1.269827 2.018169 0.000000
vt -1.564428 2.018978 0.000000
vt -1.565474 1.515791 0.000000
vt -1.271043 1.613051 0.000000
vt -1.270136 1.915207 0.000000
vt -1.270060 1.940541 0.000000
vt -1.269984 1.965872 0.000000
vt -1.365562 2.018432 0.000000
vt -1.564018 2.003818 0.000000
vt -1.564037 1.997786 0.000000
vt -1.564166 1.954660 0.000000
vt -1.564229 1.933772 0.000000
vt -1.564260 1.923504 0.000000
vt -1.564318 1.903886 0.000000
vt -1.564353 1.892344 0.000000
vt -1.565189 1.613860 0.000000
vt -1.565452 1.523475 0.000000
vt -3.036343 0.275916 0.000000
vt -3.034184 1.018709 0.000000
vt -3.491405 1.019969 0.000000
vt -3.493543 0.276665 0.000000
vt -3.036312 0.285953 0.000000
vt -3.036288 0.293644 0.000000
vt -3.036202 0.321095 0.000000
vt -3.035952 0.401206 0.000000
vt -3.035952 0.401431 0.000000
vt -3.035879 0.424589 0.000000
vt -3.034743 0.822840 0.000000
vt -3.034311 0.974355 0.000000
vt -3.034244 0.998006 0.000000
vt -3.034212 1.008953 0.000000
vt -3.181473 1.019115 0.000000
vt -3.333152 1.019533 0.000000
vt -3.491531 0.975614 0.000000
vt -3.491909 0.843148 0.000000
vt -3.492342 0.691471 0.000000
vt -3.493335 0.343282 0.000000
vt -3.493398 0.323034 0.000000
vt -3.491192 0.276661 0.000000
vt -3.247984 0.276263 0.000000
vt -3.128563 0.276067 0.000000
vt -3.090222 0.276004 0.000000
vt -3.610492 0.276856 0.000000
vt -3.608359 1.020291 0.000000
vt -4.065580 1.021550 0.000000
vt -4.067701 0.277831 0.000000
vt -3.610410 0.302981 0.000000
vt -3.610350 0.322484 0.000000
vt -3.610328 0.329950 0.000000
vt -3.609537 0.607217 0.000000
vt -3.609392 0.657868 0.000000
vt -3.608975 0.803967 0.000000
vt -3.608849 0.848343 0.000000
vt -3.608485 0.975936 0.000000
vt -3.608364 1.018659 0.000000
vt -4.065598 1.014928 0.000000
vt -4.065602 1.013541 0.000000
vt -4.065705 0.977196 0.000000
vt -4.066015 0.868651 0.000000
vt -4.066123 0.830900 0.000000
vt -4.066637 0.650790 0.000000
vt -4.066991 0.526499 0.000000
vt -4.067114 0.483408 0.000000
vt -3.864722 0.277272 0.000000
vt -3.761410 0.277103 0.000000
vt -4.169714 0.278112 0.000000
vt -4.167593 1.021831 0.000000
vt -4.624814 1.023090 0.000000
vt -4.626935 0.279372 0.000000
vt -4.169235 0.446188 0.000000
vt -4.169208 0.455784 0.000000
vt -4.169089 0.497188 0.000000
vt -4.168749 0.616614 0.000000
vt -4.168255 0.789673 0.000000
vt -4.168120 0.836910 0.000000
vt -4.168016 0.873183 0.000000
vt -4.167719 0.977477 0.000000
vt -4.167620 1.012398 0.000000
vt -4.167617 1.013732 0.000000
vt -4.167599 1.020094 0.000000
vt -4.624836 1.014989 0.000000
vt -4.624841 1.013570 0.000000
vt -4.624856 1.008370 0.000000
vt -4.624858 1.007280 0.000000
vt -4.624939 0.978736 0.000000
vt -4.625183 0.893491 0.000000
vt -4.625268 0.863843 0.000000
vt -4.625378 0.825234 0.000000
vt -4.626006 0.604896 0.000000
vt -4.626410 0.463438 0.000000
vt -4.626688 0.365820 0.000000
vt -4.626785 0.331976 0.000000
vt -4.626808 0.324133 0.000000
vt -3.033256 1.343786 0.000000
vt -3.031932 1.793459 0.000000
vt -3.489156 1.794716 0.000000
vt -3.490479 1.345043 0.000000
vt -3.033199 1.363272 0.000000
vt -3.032623 1.561410 0.000000
vt -3.032610 1.565835 0.000000
vt -3.032459 1.617895 0.000000
vt -3.031978 1.778295 0.000000
vt -3.031958 1.784943 0.000000
vt -3.292833 1.794176 0.000000
vt -3.489216 1.774818 0.000000
vt -3.489276 1.754441 0.000000
vt -3.489296 1.747878 0.000000
vt -3.489311 1.742755 0.000000
vt -3.489682 1.619152 0.000000
vt -3.489799 1.579036 0.000000
vt -3.489809 1.575625 0.000000
vt -3.490252 1.422941 0.000000
vt -3.490296 1.407926 0.000000
vt -3.490352 1.388838 0.000000
vt -3.198432 1.344240 0.000000
vt -3.105735 1.343985 0.000000
vt -3.607435 1.345364 0.000000
vt -3.606111 1.795037 0.000000
vt -4.063334 1.796294 0.000000
vt -4.064656 1.346622 0.000000
vt -3.607405 1.355448 0.000000
vt -3.607374 1.366238 0.000000
vt -3.607256 1.406698 0.000000
vt -3.607205 1.424332 0.000000
vt -3.607165 1.438204 0.000000
vt -3.606755 1.579261 0.000000
vt -3.606745 1.582412 0.000000
vt -3.606637 1.619474 0.000000
vt -3.606295 1.733665 0.000000
vt -3.606281 1.738397 0.000000
vt -3.606263 1.744460 0.000000
vt -3.606206 1.763286 0.000000
vt -3.606151 1.781668 0.000000
vt -3.742160 1.795411 0.000000
vt -4.063466 1.752340 0.000000
vt -4.063504 1.739721 0.000000
vt -4.063531 1.730660 0.000000
vt -4.063569 1.718201 0.000000
vt -4.063607 1.705442 0.000000
vt -4.063619 1.701333 0.000000
vt -4.063629 1.698125 0.000000
vt -4.063861 1.620731 0.000000
vt -4.063934 1.595612 0.000000
vt -4.063940 1.593477 0.000000
vt -4.064218 1.497874 0.000000
vt -4.064246 1.488472 0.000000
vt -4.064281 1.476520 0.000000
vt -4.064360 1.449098 0.000000
vt -4.064381 1.441785 0.000000
vt -4.064514 1.396127 0.000000
vt -4.064539 1.387549 0.000000
vt -4.064590 1.369792 0.000000
vt -3.824121 1.345960 0.000000
vt -3.675806 1.345552 0.000000
vt -4.166670 1.346903 0.000000
vt -4.165349 1.796574 0.000000
vt -4.623150 1.797832 0.000000
vt -4.623890 1.348163 0.000000
vt -4.166639 1.357637 0.000000
vt -4.166576 1.379899 0.000000
vt -4.166527 1.396961 0.000000
vt -4.166503 1.405203 0.000000
vt -4.166375 1.449073 0.000000
vt -4.166340 1.461048 0.000000
vt -4.166321 1.467585 0.000000
vt -4.166251 1.492099 0.000000
vt -4.166219 1.502782 0.000000
vt -4.166194 1.511187 0.000000
vt -4.165946 1.596649 0.000000
vt -4.165941 1.598557 0.000000
vt -4.165875 1.621012 0.000000
vt -4.165668 1.690196 0.000000
vt -4.165659 1.693063 0.000000
vt -4.165648 1.696737 0.000000
vt -4.165614 1.708142 0.000000
vt -4.165580 1.719280 0.000000
vt -4.165556 1.727379 0.000000
vt -4.165523 1.738660 0.000000
vt -4.165405 1.777951 0.000000
vt -4.165370 1.789699 0.000000
vt -4.370636 1.797138 0.000000
vt -4.622629 1.778582 0.000000
vt -4.622668 1.765762 0.000000
vt -4.622685 1.760142 0.000000
vt -4.622714 1.750540 0.000000
vt -4.622879 1.695738 0.000000
vt -4.622933 1.677344 0.000000
vt -4.622950 1.672064 0.000000
vt -4.622961 1.668272 0.000000
vt -4.622976 1.663058 0.000000
vt -4.622993 1.657719 0.000000
vt -4.622997 1.655999 0.000000
vt -4.623002 1.654657 0.000000
vt -4.623098 1.622269 0.000000
vt -4.623129 1.611758 0.000000
vt -4.623132 1.610864 0.000000
vt -4.623248 1.570856 0.000000
vt -4.623260 1.566922 0.000000
vt -4.623274 1.561920 0.000000
vt -4.623307 1.550445 0.000000
vt -4.623316 1.547385 0.000000
vt -4.623333 1.541779 0.000000
vt -4.623507 1.481738 0.000000
vt -4.623611 1.445882 0.000000
vt -4.623631 1.439145 0.000000
vt -4.623672 1.425201 0.000000
vt -4.623723 1.407005 0.000000
vt -4.623748 1.398232 0.000000
vt -0.531829 1.512950 0.000000
vt -0.530328 2.016136 0.000000
vt -0.824474 2.016945 0.000000
vt -0.825975 1.513759 0.000000
vt -0.531729 1.547489 0.000000
vt -0.531664 1.569583 0.000000
vt -0.531544 1.611018 0.000000
vt -0.530841 1.845234 0.000000
vt -0.530459 1.972687 0.000000
vt -0.530426 1.983374 0.000000
vt -0.530394 1.994058 0.000000
vt -0.530328 2.016118 0.000000
vt -0.824474 2.016933 0.000000
vt -0.824514 2.003649 0.000000
vt -0.824577 1.982847 0.000000
vt -0.824596 1.976412 0.000000
vt -0.824626 1.966336 0.000000
vt -0.824646 1.959901 0.000000
vt -0.824676 1.949824 0.000000
vt -0.824906 1.873067 0.000000
vt -0.825267 1.752880 0.000000
vt -0.825690 1.611827 0.000000
vt -0.825762 1.586873 0.000000
vt -0.825876 1.547865 0.000000
vt -0.825915 1.534559 0.000000
vt -2.165619 1.517441 0.000000
vt -2.164747 1.810862 0.000000
vt -2.595847 1.812047 0.000000
vt -2.596718 1.518626 0.000000
vt -2.165570 1.534450 0.000000
vt -2.165556 1.538991 0.000000
vt -2.165551 1.540801 0.000000
vt -2.165395 1.594217 0.000000
vt -2.165334 1.615510 0.000000
vt -2.164840 1.780088 0.000000
vt -2.595899 1.794671 0.000000
vt -2.596138 1.714927 0.000000
vt -2.596185 1.699452 0.000000
vt -2.596433 1.616696 0.000000
vt -2.596464 1.605989 0.000000
vt -2.596539 1.580107 0.000000
vt -2.596618 1.553247 0.000000
vt -2.596621 1.552337 0.000000
vt -2.596627 1.550137 0.000000
vt -2.596633 1.547853 0.000000
vt -2.596658 1.539301 0.000000
vt -4.846060 1.266720 0.000000
vt -4.845597 1.798443 0.000000
vt -5.144626 1.799264 0.000000
vt -5.144401 1.267541 0.000000
vt -4.845995 1.289397 0.000000
vt -4.845907 1.320605 0.000000
vt -4.845899 1.323285 0.000000
vt -4.845856 1.338583 0.000000
vt -4.845743 1.378509 0.000000
vt -4.845615 1.423147 0.000000
vt -4.845593 1.430968 0.000000
vt -4.845548 1.447190 0.000000
vt -4.845512 1.459622 0.000000
vt -4.845494 1.465628 0.000000
vt -4.845401 1.497594 0.000000
vt -4.845246 1.551121 0.000000
vt -4.845142 1.586778 0.000000
vt -4.845134 1.589293 0.000000
vt -4.845130 1.590665 0.000000
vt -4.845116 1.595812 0.000000
vt -4.845109 1.598055 0.000000
vt -4.845104 1.599820 0.000000
vt -4.845052 1.617764 0.000000
vt -4.845051 1.618165 0.000000
vt -4.845037 1.622880 0.000000
vt -4.844993 1.637406 0.000000
vt -4.844991 1.638008 0.000000
vt -4.844989 1.638779 0.000000
vt -4.844982 1.641174 0.000000
vt -4.844975 1.643512 0.000000
vt -4.844970 1.645213 0.000000
vt -4.844963 1.647581 0.000000
vt -4.844938 1.655831 0.000000
vt -4.844864 1.680411 0.000000
vt -4.844694 1.737235 0.000000
vt -4.844668 1.745796 0.000000
vt -4.844653 1.750805 0.000000
vt -4.844618 1.762234 0.000000
vt -4.845082 1.779396 0.000000
vt -5.143849 1.770545 0.000000
vt -5.143419 1.754614 0.000000
vt -5.143031 1.740259 0.000000
vt -5.143060 1.730700 0.000000
vt -5.143072 1.726510 0.000000
vt -5.143094 1.719349 0.000000
vt -5.143236 1.671820 0.000000
vt -5.143380 1.623700 0.000000
vt -5.143556 1.563680 0.000000
vt -5.143685 1.518909 0.000000
vt -5.143763 1.492171 0.000000
vt -5.143778 1.487148 0.000000
vt -5.143808 1.476749 0.000000
vt -5.143846 1.463181 0.000000
vt -5.143865 1.456639 0.000000
vt -5.143970 1.419304 0.000000
vt -5.144065 1.385909 0.000000
vt -5.144237 1.325706 0.000000
vt -5.144273 1.312910 0.000000
vt -5.144279 1.310668 0.000000
vt -5.144353 1.284565 0.000000
vt -4.880791 1.941726 0.000000
vt -4.813100 2.449258 0.000000
vt -5.182098 2.450274 0.000000
vt -5.115682 1.942371 0.000000
vt -4.884430 2.076334 0.000000
vt -4.884987 2.096956 0.000000
vt -4.885558 2.118040 0.000000
vt -4.885516 2.133117 0.000000
vt -4.841384 2.130112 0.000000
vt -5.156576 2.037074 0.000000
vt -5.156576 2.019348 0.000000
vt -5.155059 2.133859 0.000000
vt -4.837886 2.323298 0.000000
vt -4.885875 2.449459 0.000000
vt -5.077220 2.449985 0.000000
vt -5.112819 2.450083 0.000000
vt -5.158806 2.323413 0.000000
vt -5.193794 2.204998 0.000000
vt -4.825727 2.019348 0.000000
vt -5.167844 2.133894 0.000000
vt -4.825727 2.022474 0.000000
vt -4.825727 2.115545 0.000000
vt -5.118479 2.133758 0.000000
vt -4.829317 2.130112 0.000000
vt -5.118485 2.131397 0.000000
vt -5.118699 2.053962 0.000000
vt -5.118203 2.035634 0.000000
vt -5.010506 1.942082 0.000000
vt -2.326059 0.240948 0.000000
vt -2.325400 0.444834 0.000000
vt -2.497482 0.445116 0.000000
vt -2.498128 0.241422 0.000000
vt -2.325972 0.264232 0.000000
vt -2.325922 0.277548 0.000000
vt -2.325793 0.318830 0.000000
vt -2.325502 0.411950 0.000000
vt -2.325486 0.417127 0.000000
vt -2.325461 0.425078 0.000000
vt -2.325449 0.429045 0.000000
vt -2.425265 0.444998 0.000000
vt -2.450713 0.445040 0.000000
vt -2.497513 0.435132 0.000000
vt -2.497528 0.430343 0.000000
vt -2.497538 0.427096 0.000000
vt -2.497597 0.408212 0.000000
vt -2.497634 0.396247 0.000000
vt -2.497644 0.393241 0.000000
vt -2.497650 0.391378 0.000000
vt -2.497669 0.385353 0.000000
vt -2.497681 0.381430 0.000000
vt -2.497688 0.378999 0.000000
vt -2.497909 0.308435 0.000000
vt -2.498006 0.277153 0.000000
vt -2.498067 0.257766 0.000000
vt -2.498112 0.245594 0.000000
vt -2.755926 0.242000 0.000000
vt -2.755291 0.445538 0.000000
vt -2.927374 0.445832 0.000000
vt -2.928008 0.242282 0.000000
vt -2.755918 0.244786 0.000000
vt -2.755882 0.256240 0.000000
vt -2.755818 0.276560 0.000000
vt -2.755768 0.292862 0.000000
vt -2.755653 0.329632 0.000000
vt -2.755649 0.330899 0.000000
vt -2.755634 0.335705 0.000000
vt -2.755627 0.337750 0.000000
vt -2.755618 0.340889 0.000000
vt -2.755615 0.341860 0.000000
vt -2.755603 0.345543 0.000000
vt -2.755598 0.347110 0.000000
vt -2.755579 0.353345 0.000000
vt -2.755548 0.363185 0.000000
vt -2.755543 0.364877 0.000000
vt -2.755502 0.378024 0.000000
vt -2.755494 0.380520 0.000000
vt -2.755478 0.385722 0.000000
vt -2.829111 0.445659 0.000000
vt -2.873201 0.445731 0.000000
vt -2.873473 0.445732 0.000000
vt -2.916531 0.445802 0.000000
vt -2.927379 0.443874 0.000000
vt -2.927395 0.438712 0.000000
vt -2.927419 0.431023 0.000000
vt -2.927419 0.430973 0.000000
vt -2.927420 0.430898 0.000000
vt -2.927440 0.424527 0.000000
vt -2.927558 0.386444 0.000000
vt -2.927612 0.369201 0.000000
vt -2.927684 0.346078 0.000000
vt -2.927691 0.344067 0.000000
vt -2.927694 0.343102 0.000000
vt -2.927710 0.338020 0.000000
vt -2.927762 0.321180 0.000000
vt -2.927764 0.320526 0.000000
vt -2.927776 0.316722 0.000000
vt -2.927783 0.314312 0.000000
vt -2.927785 0.313706 0.000000
vt -2.927790 0.312282 0.000000
vt -2.927804 0.307564 0.000000
vt -2.927806 0.307189 0.000000
vt -2.927809 0.305975 0.000000
vt -2.927812 0.305185 0.000000
vt -2.927818 0.303327 0.000000
vt -2.927837 0.297170 0.000000
vt -2.927838 0.296681 0.000000
vt -2.927883 0.282467 0.000000
vt -2.927902 0.276165 0.000000
vt -2.927927 0.268310 0.000000
vt -2.777830 0.242036 0.000000
vt -4.849071 0.210269 0.000000
vt -4.847553 0.741992 0.000000
vt -5.145895 0.742813 0.000000
vt -5.147412 0.211091 0.000000
vt -4.849029 0.224979 0.000000
vt -4.848915 0.264886 0.000000
vt -4.848895 0.271879 0.000000
vt -4.848870 0.280410 0.000000
vt -4.848815 0.299816 0.000000
vt -4.848808 0.302053 0.000000
vt -4.848560 0.389086 0.000000
vt -4.848201 0.515204 0.000000
vt -4.847640 0.711650 0.000000
vt -5.146347 0.584343 0.000000
vt -5.146420 0.558962 0.000000
vt -5.146889 0.394635 0.000000
vt -5.147190 0.289136 0.000000
vt -5.147397 0.216333 0.000000
vt -5.147403 0.214462 0.000000
vt -5.074306 0.210889 0.000000
vt -5.051577 0.210827 0.000000
vt -4.908424 0.210432 0.000000
vt -1.772123 0.273199 0.000000
vt -1.769863 1.015227 0.000000
vt -2.227083 1.016486 0.000000
vt -2.229288 0.274460 0.000000
vt -1.771905 0.331403 0.000000
vt -1.771885 0.336852 0.000000
vt -1.771881 0.337646 0.000000
vt -1.771868 0.341217 0.000000
vt -1.771833 0.352287 0.000000
vt -1.771394 0.493034 0.000000
vt -1.771317 0.518004 0.000000
vt -1.771312 0.519392 0.000000
vt -1.771275 0.531411 0.000000
vt -1.771268 0.533543 0.000000
vt -1.771265 0.534607 0.000000
vt -1.771251 0.538840 0.000000
vt -1.771226 0.547144 0.000000
vt -1.771176 0.562929 0.000000
vt -1.771147 0.572152 0.000000
vt -1.771114 0.582919 0.000000
vt -1.771068 0.597688 0.000000
vt -1.771041 0.606458 0.000000
vt -1.771004 0.618140 0.000000
vt -1.770969 0.629285 0.000000
vt -1.770926 0.643355 0.000000
vt -1.770921 0.645031 0.000000
vt -1.770907 0.649423 0.000000
vt -1.770904 0.650241 0.000000
vt -1.770542 0.777201 0.000000
vt -1.770504 0.790413 0.000000
vt -1.769989 0.970872 0.000000
vt -2.227161 0.989155 0.000000
vt -2.227209 0.972131 0.000000
vt -2.227407 0.902872 0.000000
vt -2.227421 0.897802 0.000000
vt -2.227561 0.849075 0.000000
vt -2.228361 0.568567 0.000000
vt -2.228362 0.568116 0.000000
vt -2.228370 0.565691 0.000000
vt -2.228373 0.564766 0.000000
vt -2.228397 0.556999 0.000000
vt -2.228416 0.550846 0.000000
vt -2.228436 0.544398 0.000000
vt -2.228451 0.539556 0.000000
vt -2.228477 0.531403 0.000000
vt -2.228601 0.491513 0.000000
vt -2.228604 0.490531 0.000000
vt -2.228607 0.489690 0.000000
vt -2.228611 0.488250 0.000000
vt -2.228614 0.487493 0.000000
vt -2.228696 0.461239 0.000000
vt -2.228698 0.460501 0.000000
vt -2.228739 0.447466 0.000000
vt -2.228739 0.447281 0.000000
vt -2.228750 0.444006 0.000000
vt -2.228751 0.443634 0.000000
vt -2.228771 0.437070 0.000000
vt -2.228778 0.434973 0.000000
vt -2.228778 0.434731 0.000000
vt -2.228792 0.430457 0.000000
vt -2.228805 0.426100 0.000000
vt -2.229045 0.349230 0.000000
vt -2.229122 0.324669 0.000000
vt -2.229128 0.322737 0.000000
vt -2.229234 0.288659 0.000000
vt -2.229237 0.288036 0.000000
vt -2.229278 0.277044 0.000000
vt -2.229279 0.276905 0.000000
vt -2.122559 0.274165 0.000000
vt -0.564788 0.269870 0.000000
vt -0.562380 1.011901 0.000000
vt -1.019600 1.013161 0.000000
vt -1.021952 0.271130 0.000000
vt -0.564586 0.323776 0.000000
vt -0.564429 0.365480 0.000000
vt -0.564326 0.393004 0.000000
vt -0.563999 0.480019 0.000000
vt -0.563477 0.647326 0.000000
vt -0.563181 0.742338 0.000000
vt -0.563137 0.756348 0.000000
vt -0.563111 0.764534 0.000000
vt -0.563093 0.770356 0.000000
vt -0.563071 0.777658 0.000000
vt -0.562862 0.844604 0.000000
vt -0.562829 0.855110 0.000000
vt -0.562809 0.861716 0.000000
vt -0.562801 0.864150 0.000000
vt -0.562800 0.864551 0.000000
vt -0.562799 0.864766 0.000000
vt -0.562671 0.909500 0.000000
vt -0.562506 0.967545 0.000000
vt -0.562465 0.981812 0.000000
vt -0.562436 0.992207 0.000000
vt -1.019653 0.994465 0.000000
vt -1.019678 0.985600 0.000000
vt -1.019726 0.968805 0.000000
vt -1.019829 0.932739 0.000000
vt -1.020024 0.864407 0.000000
vt -1.020103 0.836612 0.000000
vt -1.020254 0.783951 0.000000
vt -1.020254 0.783848 0.000000
vt -1.020255 0.783565 0.000000
vt -1.020255 0.783373 0.000000
vt -1.020257 0.782843 0.000000
vt -1.020260 0.781688 0.000000
vt -1.020271 0.778466 0.000000
vt -1.020280 0.775470 0.000000
vt -1.020308 0.766583 0.000000
vt -1.020321 0.762124 0.000000
vt -1.020366 0.747689 0.000000
vt -1.020448 0.721423 0.000000
vt -1.020457 0.718559 0.000000
vt -1.020489 0.708296 0.000000
vt -1.020496 0.706126 0.000000
vt -1.020522 0.697827 0.000000
vt -1.020531 0.694909 0.000000
vt -1.020568 0.683109 0.000000
vt -1.020583 0.678116 0.000000
vt -1.020646 0.657919 0.000000
vt -1.020752 0.624057 0.000000
vt -1.021179 0.487088 0.000000
vt -1.021365 0.427461 0.000000
vt -1.021482 0.396449 0.000000
vt -0.866110 0.270701 0.000000
vt -0.773249 0.270445 0.000000
vt -0.703019 0.270251 0.000000
vt -1.555734 0.048603 0.000000
vt -2.509550 0.223213 0.000000
vt -2.804086 0.194745 0.000000
vt -2.794461 0.223706 0.000000
vt -2.985391 0.177221 0.000000
vt -2.962256 0.218891 0.000000
vt -2.928587 0.536884 0.000000
vt -1.503174 0.697985 0.000000
vt -1.503174 0.698041 0.000000
vt -1.541384 0.681899 0.000000
vt -1.520147 0.695010 0.000000
vt -0.909289 1.057081 0.000000
vt -0.516328 1.018136 0.000000
vt -2.443731 0.530115 0.000000
vt -2.443803 0.507149 0.000000
vt -2.353163 0.546285 0.000000
vt -2.353253 0.517349 0.000000
vt -3.019047 1.830837 0.000000
vt -2.923586 1.830574 0.000000
vt -2.427160 0.554567 0.000000
vt -2.411340 0.577909 0.000000
vt -2.474324 0.476772 0.000000
vt -3.448825 1.854473 0.000000
vt -3.578012 1.842242 0.000000
vt -3.572569 1.818145 0.000000
vt -3.465553 1.817850 0.000000
vt -3.690007 1.847260 0.000000
vt -3.582896 1.846965 0.000000
vt -3.519239 1.859835 0.000000
vt -3.436760 1.859609 0.000000
vt -3.538962 1.865192 0.000000
vt -3.414506 1.872924 0.000000
vt -3.960624 1.838994 0.000000
vt -4.052924 1.828036 0.000000
vt -4.170467 1.821810 0.000000
vt -4.097193 1.830509 0.000000
vt -3.975287 1.834220 0.000000
vt -3.987368 1.810413 0.000000
vt -3.988848 1.811844 0.000000
vt -3.983017 1.812304 0.000000
vt -4.035000 1.828986 0.000000
vt -3.939798 1.840288 0.000000
vt -4.118018 1.826204 0.000000
vt -4.164576 1.822122 0.000000
vt -3.981432 1.810874 0.000000
vt -4.157506 1.812833 0.000000
vt -3.555544 1.845737 0.000000
vt -3.610618 1.854703 0.000000
vt -3.629837 1.853245 0.000000
vt -3.559528 1.845734 0.000000
vt -3.614811 1.854467 0.000000
vt -3.631081 1.853171 0.000000
vt -3.557576 1.845571 0.000000
vt -3.557900 1.845863 0.000000
vt -3.977547 1.811813 0.000000
vt -3.976942 1.811763 0.000000
vt -4.012972 1.830967 0.000000
vt -3.963743 1.812865 0.000000
vt -3.987234 1.832509 0.000000
vt -3.968746 1.812424 0.000000
vt -3.990723 1.832374 0.000000
vt -3.552196 1.846120 0.000000
vt -3.618357 1.854040 0.000000
vt -3.676254 1.850667 0.000000
vt -3.621583 1.840513 0.000000
vt -3.604384 1.907776 0.000000
vt -3.396112 1.905927 0.000000
vt -3.562855 1.932306 0.000000
vt -3.383718 1.923468 0.000000
vt -2.775747 1.833505 0.000000
vt -2.738534 1.881284 0.000000
vt -2.880605 1.817114 0.000000
vt -2.824040 1.889739 0.000000
vt -2.942305 1.807469 0.000000
vt -2.874353 1.894715 0.000000
vt -2.780352 1.797768 0.000000
vt -2.780750 1.664950 0.000000
vt -2.990346 1.799959 0.000000
vt -2.913528 1.898589 0.000000
vt -2.876543 1.647042 0.000000
vt -2.876113 1.790357 0.000000
vt -2.498604 1.819708 0.000000
vt -2.596718 1.518626 0.000000
vt -3.032623 1.561410 0.000000
vt -1.606264 1.126155 0.000000
vt -1.610453 1.102425 0.000000
vt -0.598866 1.041564 0.000000
vt -0.598855 1.045462 0.000000
vt -1.615944 1.123837 0.000000
vt -0.902914 1.041314 0.000000
vt -0.901552 1.049024 0.000000
vt -3.133955 1.070916 0.000000
vt -2.993774 1.134987 0.000000
vt -3.492504 1.049106 0.000000
vt -3.457187 1.150727 0.000000
vt -3.451134 1.150521 0.000000
vt -3.615481 1.049064 0.000000
vt -3.521797 0.190097 0.000000
vt -3.579399 0.190191 0.000000
vt -3.554313 0.122232 0.000000
vt -3.521217 0.159756 0.000000
vt -3.697331 0.159066 0.000000
vt -3.675217 0.226822 0.000000
vt -4.158620 0.077519 0.000000
vt -4.152641 0.095838 0.000000
vt -4.198292 0.059988 0.000000
vt -4.192688 0.066342 0.000000
vt -3.701210 0.108033 0.000000
vt -3.666615 0.140997 0.000000
vt -3.609054 0.258551 0.000000
vt -4.072926 0.167288 0.000000
vt -4.237307 0.211050 0.000000
vt -4.378551 0.218214 0.000000
vt -4.453364 0.057918 0.000000
vt -0.531829 1.512950 0.000000
vt -0.825975 1.513759 0.000000
vt -4.421630 1.022531 0.000000
vt -4.335323 1.022293 0.000000
vt -4.427854 0.278823 0.000000
vt -4.337429 0.278574 0.000000
vt -3.870893 1.021014 0.000000
vt -3.776350 1.020753 0.000000
vt -3.982155 0.080879 0.000000
vt -3.905044 0.082543 0.000000
vt -3.313788 0.226869 0.000000
vt -3.245513 0.229597 0.000000
vt -3.271609 1.144423 0.000000
vt -3.160607 1.140653 0.000000
vt -4.421630 1.022531 0.000000
vt -4.335323 1.022293 0.000000
vt -4.168255 0.789673 0.000000
vt -4.168749 0.616614 0.000000
vt -4.335323 1.022293 0.000000
vt -4.167593 1.021831 0.000000
vt -4.626006 0.604896 0.000000
vt -4.625378 0.825234 0.000000
vt -4.427854 0.278823 0.000000
vt -4.626935 0.279372 0.000000
vt -4.624814 1.023090 0.000000
vt -4.421630 1.022531 0.000000
vt -4.169714 0.278112 0.000000
vt -4.337429 0.278574 0.000000
vt -4.335323 1.022293 0.000000
vt -4.421630 1.022531 0.000000
vt -4.421630 1.022531 0.000000
vt -4.335323 1.022293 0.000000
vt -4.335323 1.022293 0.000000
vt -4.421630 1.022531 0.000000
vt -4.168255 0.789673 0.000000
vt -4.168749 0.616614 0.000000
vt -4.168749 0.616614 0.000000
vt -4.168255 0.789673 0.000000
vt -4.335323 1.022293 0.000000
vt -4.167593 1.021831 0.000000
vt -4.167593 1.021831 0.000000
vt -4.626006 0.604896 0.000000
vt -4.625378 0.825234 0.000000
vt -4.625378 0.825234 0.000000
vt -4.626006 0.604896 0.000000
vt -4.427854 0.278823 0.000000
vt -4.626935 0.279372 0.000000
vt -4.626935 0.279372 0.000000
vt -4.427854 0.278823 0.000000
vt -4.624814 1.023090 0.000000
vt -4.421630 1.022531 0.000000
vt -4.624814 1.023090 0.000000
vt -4.169714 0.278112 0.000000
vt -4.337429 0.278574 0.000000
vt -4.337429 0.278574 0.000000
vt -4.169714 0.278112 0.000000
vt -4.335323 1.022293 0.000000
vt -4.421630 1.022531 0.000000
vt -4.421630 1.022531 0.000000
vt -4.335323 1.022293 0.000000
vt -4.335323 1.022293 0.000000
vt -4.421630 1.022531 0.000000
vt -4.168255 0.789673 0.000000
vt -4.168749 0.616614 0.000000
vt -4.168749 0.616614 0.000000
vt -4.168255 0.789673 0.000000
vt -4.335323 1.022293 0.000000
vt -4.167593 1.021831 0.000000
vt -4.167593 1.021831 0.000000
vt -4.626006 0.604896 0.000000
vt -4.625378 0.825234 0.000000
vt -4.625378 0.825234 0.000000
vt -4.626006 0.604896 0.000000
vt -4.427854 0.278823 0.000000
vt -4.626935 0.279372 0.000000
vt -4.626935 0.279372 0.000000
vt -4.427854 0.278823 0.000000
vt -4.624814 1.023090 0.000000
vt -4.421630 1.022531 0.000000
vt -4.624814 1.023090 0.000000
vt -4.169714 0.278112 0.000000
vt -4.337429 0.278574 0.000000
vt -4.337429 0.278574 0.000000
vt -4.169714 0.278112 0.000000
vt -4.335323 1.022293 0.000000
vt -4.421630 1.022531 0.000000
vt -4.335323 1.022293 0.000000
vt -4.421630 1.022531 0.000000
vt -4.421630 1.022531 0.000000
vt -4.335323 1.022293 0.000000
vt -4.421630 1.022531 0.000000
vt -4.421630 1.022531 0.000000
vt -4.335323 1.022293 0.000000
vt -4.335323 1.022293 0.000000
vt -4.421630 1.022531 0.000000
vt -4.168255 0.789673 0.000000
vt -4.168749 0.616614 0.000000
vt -4.168749 0.616614 0.000000
vt -4.168255 0.789673 0.000000
vt -4.335323 1.022293 0.000000
vt -4.167593 1.021831 0.000000
vt -4.167593 1.021831 0.000000
vt -4.626006 0.604896 0.000000
vt -4.625378 0.825234 0.000000
vt -4.625378 0.825234 0.000000
vt -4.626006 0.604896 0.000000
vt -4.427854 0.278823 0.000000
vt -4.626935 0.279372 0.000000
vt -4.626935 0.279372 0.000000
vt -4.427854 0.278823 0.000000
vt -4.624814 1.023090 0.000000
vt -4.421630 1.022531 0.000000
vt -4.421630 1.022531 0.000000
vt -4.624814 1.023090 0.000000
vt -4.169714 0.278112 0.000000
vt -4.337429 0.278574 0.000000
vt -4.337429 0.278574 0.000000
vt -4.169714 0.278112 0.000000
vt -4.335323 1.022293 0.000000
vt -4.335323 1.022293 0.000000
vt -4.421630 1.022531 0.000000
vt -4.421630 1.022531 0.000000
vt -4.421630 1.022531 0.000000
vt -4.335323 1.022293 0.000000
vt -4.335323 1.022293 0.000000
vt -4.421630 1.022531 0.000000
vt -4.168255 0.789673 0.000000
vt -4.168749 0.616614 0.000000
vt -4.168749 0.616614 0.000000
vt -4.168255 0.789673 0.000000
vt -4.335323 1.022293 0.000000
vt -4.167593 1.021831 0.000000
vt -4.167593 1.021831 0.000000
vt -4.626006 0.604896 0.000000
vt -4.625378 0.825234 0.000000
vt -4.625378 0.825234 0.000000
vt -4.626006 0.604896 0.000000
vt -4.427854 0.278823 0.000000
vt -4.626935 0.279372 0.000000
vt -4.626935 0.279372 0.000000
vt -4.427854 0.278823 0.000000
vt -4.624814 1.023090 0.000000
vt -4.421630 1.022531 0.000000
vt -4.421630 1.022531 0.000000
vt -4.624814 1.023090 0.000000
vt -4.169714 0.278112 0.000000
vt -4.337429 0.278574 0.000000
vt -4.337429 0.278574 0.000000
vt -4.169714 0.278112 0.000000
vt -4.335323 1.022293 0.000000
vt -4.335323 1.022293 0.000000
vt -4.421630 1.022531 0.000000
vt -4.421630 1.022531 0.000000
vt -4.338065 1.022301 0.000000
vt -4.338074 1.022301 0.000000
vt -4.419363 1.022525 0.000000
vt -4.419360 1.022525 0.000000
vt -4.419286 1.022524 0.000000
vt -4.419353 1.022524 0.000000
vt -4.419278 1.022524 0.000000
vt -4.337872 1.022300 0.000000
vt -4.421630 1.022531 0.000000
vt -4.335323 1.022293 0.000000
vt -4.335323 1.022293 0.000000
vt -4.421630 1.022531 0.000000
vt -4.168255 0.789673 0.000000
vt -4.168749 0.616614 0.000000
vt -4.168749 0.616614 0.000000
vt -4.168255 0.789673 0.000000
vt -4.335323 1.022293 0.000000
vt -4.167593 1.021831 0.000000
vt -4.167593 1.021831 0.000000
vt -4.626006 0.604896 0.000000
vt -4.625378 0.825234 0.000000
vt -4.625378 0.825234 0.000000
vt -4.626006 0.604896 0.000000
vt -4.427854 0.278823 0.000000
vt -4.626935 0.279372 0.000000
vt -4.626935 0.279372 0.000000
vt -4.427854 0.278823 0.000000
vt -4.624814 1.023090 0.000000
vt -4.421630 1.022531 0.000000
vt -4.421630 1.022531 0.000000
vt -4.624814 1.023090 0.000000
vt -4.169714 0.278112 0.000000
vt -4.337429 0.278574 0.000000
vt -4.337429 0.278574 0.000000
vt -4.169714 0.278112 0.000000
vt -4.335323 1.022293 0.000000
vt -4.335323 1.022293 0.000000
vt -4.421630 1.022531 0.000000
vt -4.421630 1.022531 0.000000
vt -4.168255 0.789673 0.000000
vt -4.168749 0.616614 0.000000
vt -4.168749 0.616614 0.000000
vt -4.168255 0.789673 0.000000
vt -4.335323 1.022293 0.000000
vt -4.167593 1.021831 0.000000
vt -4.167593 1.021831 0.000000
vt -4.335323 1.022293 0.000000
vt -4.626006 0.604896 0.000000
vt -4.625378 0.825234 0.000000
vt -4.625378 0.825234 0.000000
vt -4.626006 0.604896 0.000000
vt -4.427854 0.278823 0.000000
vt -4.626935 0.279372 0.000000
vt -4.626935 0.279372 0.000000
vt -4.427854 0.278823 0.000000
vt -4.624814 1.023090 0.000000
vt -4.421630 1.022531 0.000000
vt -4.421630 1.022531 0.000000
vt -4.624814 1.023090 0.000000
vt -4.169714 0.278112 0.000000
vt -4.337429 0.278574 0.000000
vt -4.337429 0.278574 0.000000
vt -4.169714 0.278112 0.000000
vt -4.421630 1.022531 0.000000
vt -4.335323 1.022293 0.000000
vt -4.335323 1.022293 0.000000
vt -4.421630 1.022531 0.000000
vt -4.338074 1.022301 0.000000
vt -4.419278 1.022524 0.000000
vt -4.421630 1.022531 0.000000
vt -4.335323 1.022293 0.000000
vt -4.335323 1.022293 0.000000
vt -4.421630 1.022531 0.000000
vt -4.168255 0.789673 0.000000
vt -4.168749 0.616614 0.000000
vt -4.168749 0.616614 0.000000
vt -4.168255 0.789673 0.000000
vt -4.335323 1.022293 0.000000
vt -4.167593 1.021831 0.000000
vt -4.167593 1.021831 0.000000
vt -4.626006 0.604896 0.000000
vt -4.625378 0.825234 0.000000
vt -4.625378 0.825234 0.000000
vt -4.626006 0.604896 0.000000
vt -4.427854 0.278823 0.000000
vt -4.626935 0.279372 0.000000
vt -4.626935 0.279372 0.000000
vt -4.427854 0.278823 0.000000
vt -4.624814 1.023090 0.000000
vt -4.421630 1.022531 0.000000
vt -4.421630 1.022531 0.000000
vt -4.624814 1.023090 0.000000
vt -4.169714 0.278112 0.000000
vt -4.337429 0.278574 0.000000
vt -4.337429 0.278574 0.000000
vt -4.169714 0.278112 0.000000
vt -4.335323 1.022293 0.000000
vt -4.335323 1.022293 0.000000
vt -4.421630 1.022531 0.000000
vt -4.421630 1.022531 0.000000
vt -4.421630 1.022531 0.000000
vt -4.335323 1.022293 0.000000
vt -3.167074 1.912779 0.000000
vt -3.141737 1.911529 0.000000
vt -3.343823 1.344640 0.000000
vt -3.332833 1.344609 0.000000
vt -4.393875 1.347529 0.000000
vt -4.375533 1.347479 0.000000
vt -4.352796 1.814629 0.000000
vt -4.334980 1.815736 0.000000
vt -3.942694 1.346286 0.000000
vt -3.935295 1.346266 0.000000
vt -3.746213 1.852315 0.000000
vt -3.728988 1.853385 0.000000
vt -4.054273 0.071065 0.000000
vt -4.037459 0.072358 0.000000
vt -3.823155 1.020882 0.000000
vt -3.818529 1.020870 0.000000
vt -3.216211 1.142542 0.000000
vt -3.210320 1.142342 0.000000
vt -3.382022 0.210080 0.000000
vt -3.370896 0.211671 0.000000
vt -2.927374 0.445832 0.000000
vt -2.792106 0.467917 0.000000
vt -2.326059 0.240948 0.000000
vt -2.509550 0.223213 0.000000
vt -2.497909 0.308435 0.000000
vt -2.497688 0.378999 0.000000
vt -2.755627 0.337750 0.000000
vt -2.755634 0.335705 0.000000
vt -2.927694 0.343102 0.000000
vt -2.927691 0.344067 0.000000
vt -2.325502 0.411950 0.000000
vt -2.325793 0.318830 0.000000
vt -2.804086 0.194745 0.000000
vt -2.985391 0.177221 0.000000
vt -2.411340 0.577909 0.000000
vt -2.353163 0.546285 0.000000
vt -4.421630 1.022531 0.000000
vt -4.335323 1.022293 0.000000
vt -4.335323 1.022293 0.000000
vt -4.421630 1.022531 0.000000
vt -4.168255 0.789673 0.000000
vt -4.168749 0.616614 0.000000
vt -4.168749 0.616614 0.000000
vt -4.168255 0.789673 0.000000
vt -4.335323 1.022293 0.000000
vt -4.167593 1.021831 0.000000
vt -4.167593 1.021831 0.000000
vt -4.626006 0.604896 0.000000
vt -4.625378 0.825234 0.000000
vt -4.625378 0.825234 0.000000
vt -4.626006 0.604896 0.000000
vt -4.427854 0.278823 0.000000
vt -4.626935 0.279372 0.000000
vt -4.626935 0.279372 0.000000
vt -4.427854 0.278823 0.000000
vt -4.624814 1.023090 0.000000
vt -4.421630 1.022531 0.000000
vt -4.421630 1.022531 0.000000
vt -4.624814 1.023090 0.000000
vt -4.169714 0.278112 0.000000
vt -4.337429 0.278574 0.000000
vt -4.337429 0.278574 0.000000
vt -4.169714 0.278112 0.000000
vt -4.335323 1.022293 0.000000
vt -4.335323 1.022293 0.000000
vt -4.421630 1.022531 0.000000
vt -4.421630 1.022531 0.000000
vt -1.945916 0.273678 0.000000
vt -1.932032 0.273640 0.000000
vt -4.421630 1.022531 0.000000
vt -4.335323 1.022293 0.000000
vt -4.335323 1.022293 0.000000
vt -4.421630 1.022531 0.000000
vt -4.335323 1.022293 0.000000
vt -4.167593 1.021831 0.000000
vt -4.167593 1.021831 0.000000
vt -4.624814 1.023090 0.000000
vt -4.421630 1.022531 0.000000
vt -4.421630 1.022531 0.000000
vt -4.624814 1.023090 0.000000
vt -4.335323 1.022293 0.000000
vt -4.335323 1.022293 0.000000
vt -4.421630 1.022531 0.000000
vt -4.421630 1.022531 0.000000
vt -4.168255 0.789673 0.000000
vt -4.607428 1.023042 0.000000
vt -4.181595 1.021870 0.000000
vt -4.607428 1.023042 0.000000
vt -4.624814 1.023090 0.000000
vt -4.167593 1.021831 0.000000
vt -4.181595 1.021870 0.000000
vt -4.223585 1.021985 0.000000
vt -1.833061 1.148633 0.000000
vt -1.819425 1.147281 0.000000
vt -4.421630 1.022531 0.000000
vt -4.335323 1.022293 0.000000
vt -4.335323 1.022293 0.000000
vt -4.421630 1.022531 0.000000
vt -4.223585 1.021985 0.000000
vt -4.167593 1.021831 0.000000
vt -4.167593 1.021831 0.000000
vt -4.181595 1.021870 0.000000
vt -4.335323 1.022293 0.000000
vt -4.626006 0.604896 0.000000
vt -4.625378 0.825234 0.000000
vt -4.625378 0.825234 0.000000
vt -4.626006 0.604896 0.000000
vt -4.427854 0.278823 0.000000
vt -4.626935 0.279372 0.000000
vt -4.626935 0.279372 0.000000
vt -4.427854 0.278823 0.000000
vt -4.624814 1.023090 0.000000
vt -4.421630 1.022531 0.000000
vt -4.421630 1.022531 0.000000
vt -4.607428 1.023042 0.000000
vt -4.624814 1.023090 0.000000
vt -4.169714 0.278112 0.000000
vt -4.337429 0.278574 0.000000
vt -4.337429 0.278574 0.000000
vt -4.169714 0.278112 0.000000
vt -4.335323 1.022293 0.000000
vt -4.335323 1.022293 0.000000
vt -4.421630 1.022531 0.000000
vt -4.421630 1.022531 0.000000
vt -4.421630 1.022531 0.000000
vt -4.335323 1.022293 0.000000
vt -4.335323 1.022293 0.000000
vt -4.335323 1.022293 0.000000
vt -4.167593 1.021831 0.000000
vt -4.167593 1.021831 0.000000
vt -4.624814 1.023090 0.000000
vt -4.421630 1.022531 0.000000
vt -4.421630 1.022531 0.000000
vt -4.624814 1.023090 0.000000
vt -4.421630 1.022531 0.000000
vt -4.421630 1.022531 0.000000
vt -4.335323 1.022293 0.000000
vt -4.168255 0.789673 0.000000
vt -4.168749 0.616614 0.000000
vt -4.168749 0.616614 0.000000
vt -4.168255 0.789673 0.000000
vt -4.607428 1.023042 0.000000
vt -4.167593 1.021831 0.000000
vt -4.181595 1.021870 0.000000
vt -0.819196 0.270571 0.000000
vt -0.816156 0.270563 0.000000
vt -4.168255 0.789673 0.000000
vt -4.168749 0.616614 0.000000
vt -4.335323 1.022293 0.000000
vt -4.167593 1.021831 0.000000
vt -4.626006 0.604896 0.000000
vt -4.625378 0.825234 0.000000
vt -4.427854 0.278823 0.000000
vt -4.626935 0.279372 0.000000
vt -4.624814 1.023090 0.000000
vt -4.421630 1.022531 0.000000
vt -4.169714 0.278112 0.000000
vt -4.337429 0.278574 0.000000
vt -4.421630 1.022531 0.000000
vt -4.421630 1.022531 0.000000
vt -4.335323 1.022293 0.000000
vt -4.335323 1.022293 0.000000
vt -4.168255 0.789673 0.000000
vt -4.168749 0.616614 0.000000
vt -4.335323 1.022293 0.000000
vt -4.167593 1.021831 0.000000
vt -4.626006 0.604896 0.000000
vt -4.625378 0.825234 0.000000
vt -4.427854 0.278823 0.000000
vt -4.626935 0.279372 0.000000
vt -4.624814 1.023090 0.000000
vt -4.421630 1.022531 0.000000
vt -4.169714 0.278112 0.000000
vt -4.337429 0.278574 0.000000
vt -4.168255 0.789673 0.000000
vt -4.168749 0.616614 0.000000
vt -4.335323 1.022293 0.000000
vt -4.167593 1.021831 0.000000
vt -4.626006 0.604896 0.000000
vt -4.625378 0.825234 0.000000
vt -4.427854 0.278823 0.000000
vt -4.626935 0.279372 0.000000
vt -4.624814 1.023090 0.000000
vt -4.421630 1.022531 0.000000
vt -4.169714 0.278112 0.000000
vt -4.337429 0.278574 0.000000
vt -4.421630 1.022531 0.000000
vt -4.421630 1.022531 0.000000
vt -4.335323 1.022293 0.000000
vt -4.335323 1.022293 0.000000
vt -4.421630 1.022531 0.000000
vt -4.421630 1.022531 0.000000
vt -4.335323 1.022293 0.000000
vt -4.335323 1.022293 0.000000
vt -4.168255 0.789673 0.000000
vt -4.168749 0.616614 0.000000
vt -4.335323 1.022293 0.000000
vt -4.167593 1.021831 0.000000
vt -4.626006 0.604896 0.000000
vt -4.625378 0.825234 0.000000
vt -4.427854 0.278823 0.000000
vt -4.626935 0.279372 0.000000
vt -4.624814 1.023090 0.000000
vt -4.421630 1.022531 0.000000
vt -4.169714 0.278112 0.000000
vt -4.337429 0.278574 0.000000
vt -4.421630 1.022531 0.000000
vt -4.421630 1.022531 0.000000
vt -4.335323 1.022293 0.000000
vt -4.335323 1.022293 0.000000
vt -4.168255 0.789673 0.000000
vt -4.168749 0.616614 0.000000
vt -4.335323 1.022293 0.000000
vt -4.167593 1.021831 0.000000
vt -4.626006 0.604896 0.000000
vt -4.625378 0.825234 0.000000
vt -4.427854 0.278823 0.000000
vt -4.626935 0.279372 0.000000
vt -4.624814 1.023090 0.000000
vt -4.421630 1.022531 0.000000
vt -4.169714 0.278112 0.000000
vt -4.337429 0.278574 0.000000
vt -4.168255 0.789673 0.000000
vt -4.168749 0.616614 0.000000
vt -4.335323 1.022293 0.000000
vt -4.167593 1.021831 0.000000
vt -4.626006 0.604896 0.000000
vt -4.625378 0.825234 0.000000
vt -4.427854 0.278823 0.000000
vt -4.626935 0.279372 0.000000
vt -4.624814 1.023090 0.000000
vt -4.421630 1.022531 0.000000
vt -4.169714 0.278112 0.000000
vt -4.337429 0.278574 0.000000
vt -4.421630 1.022531 0.000000
vt -4.421630 1.022531 0.000000
vt -4.335323 1.022293 0.000000
vt -4.335323 1.022293 0.000000
vt -4.421630 1.022531 0.000000
vt -4.421630 1.022531 0.000000
vt -4.335323 1.022293 0.000000
vt -4.335323 1.022293 0.000000
vt -2.927374 0.445832 0.000000
vt -2.792106 0.467917 0.000000
vt -2.326059 0.240948 0.000000
vt -2.509550 0.223213 0.000000
vt -2.497909 0.308435 0.000000
vt -2.497688 0.378999 0.000000
vt -2.755627 0.337750 0.000000
vt -2.755634 0.335705 0.000000
vt -2.927694 0.343102 0.000000
vt -2.927691 0.344067 0.000000
vt -2.325502 0.411950 0.000000
vt -2.325793 0.318830 0.000000
vt -2.804086 0.194745 0.000000
vt -2.985391 0.177221 0.000000
vt -2.411340 0.577909 0.000000
vt -2.353163 0.546285 0.000000
vt -4.181595 1.021870 0.000000
vt -4.335323 1.022293 0.000000
vt -4.626006 0.604896 0.000000
vt -4.625378 0.825234 0.000000
vt -4.427854 0.278823 0.000000
vt -4.626935 0.279372 0.000000
vt -4.624814 1.023090 0.000000
vt -4.421630 1.022531 0.000000
vt -4.169714 0.278112 0.000000
vt -4.337429 0.278574 0.000000
vt -4.421630 1.022531 0.000000
vt -4.421630 1.022531 0.000000
vt -4.335323 1.022293 0.000000
vt -4.335323 1.022293 0.000000
vt -4.335323 1.022293 0.000000
vt -4.167593 1.021831 0.000000
vt -4.624814 1.023090 0.000000
vt -4.421630 1.022531 0.000000
vt -4.421630 1.022531 0.000000
vt -4.421630 1.022531 0.000000
vt -4.335323 1.022293 0.000000
vt -4.335323 1.022293 0.000000
vt -4.168255 0.789673 0.000000
vt -4.168749 0.616614 0.000000
vt -4.421630 1.022531 0.000000
vt -4.607428 1.023042 0.000000
vt -4.607428 1.023042 0.000000
vt -4.181595 1.021870 0.000000
vt -4.335323 1.022293 0.000000
vt -4.167593 1.021831 0.000000
vt -4.168255 0.789673 0.000000
vt -4.168749 0.616614 0.000000
vt -4.335323 1.022293 0.000000
vt -4.167593 1.021831 0.000000
vt -4.626006 0.604896 0.000000
vt -4.625378 0.825234 0.000000
vt -4.427854 0.278823 0.000000
vt -4.626935 0.279372 0.000000
vt -4.624814 1.023090 0.000000
vt -4.421630 1.022531 0.000000
vt -4.169714 0.278112 0.000000
vt -4.337429 0.278574 0.000000
vt -4.421630 1.022531 0.000000
vt -4.421630 1.022531 0.000000
vt -4.335323 1.022293 0.000000
vt -4.335323 1.022293 0.000000
vt -4.168255 0.789673 0.000000
vt -4.168749 0.616614 0.000000
vt -4.335323 1.022293 0.000000
vt -4.167593 1.021831 0.000000
vt -4.626006 0.604896 0.000000
vt -4.625378 0.825234 0.000000
vt -4.427854 0.278823 0.000000
vt -4.626935 0.279372 0.000000
vt -4.624814 1.023090 0.000000
vt -4.421630 1.022531 0.000000
vt -4.169714 0.278112 0.000000
vt -4.337429 0.278574 0.000000
vt -4.168255 0.789673 0.000000
vt -4.168749 0.616614 0.000000
vt -4.335323 1.022293 0.000000
vt -4.167593 1.021831 0.000000
vt -4.626006 0.604896 0.000000
vt -4.625378 0.825234 0.000000
vt -4.427854 0.278823 0.000000
vt -4.626935 0.279372 0.000000
vt -4.624814 1.023090 0.000000
vt -4.421630 1.022531 0.000000
vt -4.169714 0.278112 0.000000
vt -4.337429 0.278574 0.000000
vt -4.421630 1.022531 0.000000
vt -4.421630 1.022531 0.000000
vt -4.335323 1.022293 0.000000
vt -4.335323 1.022293 0.000000
vt -4.421630 1.022531 0.000000
vt -4.421630 1.022531 0.000000
vt -4.335323 1.022293 0.000000
vt -4.335323 1.022293 0.000000
vt -4.168255 0.789673 0.000000
vt -4.168749 0.616614 0.000000
vt -4.335323 1.022293 0.000000
vt -4.167593 1.021831 0.000000
vt -4.626006 0.604896 0.000000
vt -4.625378 0.825234 0.000000
vt -4.427854 0.278823 0.000000
vt -4.626935 0.279372 0.000000
vt -4.624814 1.023090 0.000000
vt -4.421630 1.022531 0.000000
vt -4.169714 0.278112 0.000000
vt -4.337429 0.278574 0.000000
vt -4.421630 1.022531 0.000000
vt -4.421630 1.022531 0.000000
vt -4.335323 1.022293 0.000000
vt -4.335323 1.022293 0.000000
vt -4.168255 0.789673 0.000000
vt -4.168749 0.616614 0.000000
vt -4.335323 1.022293 0.000000
vt -4.167593 1.021831 0.000000
vt -4.626006 0.604896 0.000000
vt -4.625378 0.825234 0.000000
vt -4.427854 0.278823 0.000000
vt -4.626935 0.279372 0.000000
vt -4.624814 1.023090 0.000000
vt -4.421630 1.022531 0.000000
vt -4.169714 0.278112 0.000000
vt -4.337429 0.278574 0.000000
vt -4.168255 0.789673 0.000000
vt -4.168749 0.616614 0.000000
vt -4.335323 1.022293 0.000000
vt -4.167593 1.021831 0.000000
vt -4.626006 0.604896 0.000000
vt -4.625378 0.825234 0.000000
vt -4.427854 0.278823 0.000000
vt -4.626935 0.279372 0.000000
vt -4.624814 1.023090 0.000000
vt -4.421630 1.022531 0.000000
vt -4.169714 0.278112 0.000000
vt -4.337429 0.278574 0.000000
vt -4.421630 1.022531 0.000000
vt -4.421630 1.022531 0.000000
vt -4.335323 1.022293 0.000000
vt -4.335323 1.022293 0.000000
vt -4.421630 1.022531 0.000000
vt -4.421630 1.022531 0.000000
vt -4.335323 1.022293 0.000000
vt -4.335323 1.022293 0.000000
vt -2.927374 0.445832 0.000000
vt -2.792106 0.467917 0.000000
vt -2.326059 0.240948 0.000000
vt -2.509550 0.223213 0.000000
vt -2.497909 0.308435 0.000000
vt -2.497688 0.378999 0.000000
vt -2.755627 0.337750 0.000000
vt -2.755634 0.335705 0.000000
vt -2.927694 0.343102 0.000000
vt -2.927691 0.344067 0.000000
vt -2.325502 0.411950 0.000000
vt -2.325793 0.318830 0.000000
vt -2.804086 0.194745 0.000000
vt -2.985391 0.177221 0.000000
vt -2.411340 0.577909 0.000000
vt -2.353163 0.546285 0.000000
vt -4.181595 1.021870 0.000000
vt -4.335323 1.022293 0.000000
vt -4.626006 0.604896 0.000000
vt -4.625378 0.825234 0.000000
vt -4.427854 0.278823 0.000000
vt -4.626935 0.279372 0.000000
vt -4.624814 1.023090 0.000000
vt -4.421630 1.022531 0.000000
vt -4.169714 0.278112 0.000000
vt -4.337429 0.278574 0.000000
vt -4.421630 1.022531 0.000000
vt -4.421630 1.022531 0.000000
vt -4.335323 1.022293 0.000000
vt -4.335323 1.022293 0.000000
vt -4.335323 1.022293 0.000000
vt -4.167593 1.021831 0.000000
vt -4.624814 1.023090 0.000000
vt -4.421630 1.022531 0.000000
vt -4.421630 1.022531 0.000000
vt -4.421630 1.022531 0.000000
vt -4.335323 1.022293 0.000000
vt -4.335323 1.022293 0.000000
vt -4.168255 0.789673 0.000000
vt -4.168749 0.616614 0.000000
vt -4.421630 1.022531 0.000000
vt -4.607428 1.023042 0.000000
vt -4.607428 1.023042 0.000000
vt -4.181595 1.021870 0.000000
vt -4.335323 1.022293 0.000000
vt -4.167593 1.021831 0.000000
vt -4.181595 1.021870 0.000000
vt -4.335323 1.022293 0.000000
vt -4.626006 0.604896 0.000000
vt -4.625378 0.825234 0.000000
vt -4.427854 0.278823 0.000000
vt -4.626935 0.279372 0.000000
vt -4.624814 1.023090 0.000000
vt -4.421630 1.022531 0.000000
vt -4.169714 0.278112 0.000000
vt -4.337429 0.278574 0.000000
vt -4.421630 1.022531 0.000000
vt -4.421630 1.022531 0.000000
vt -4.335323 1.022293 0.000000
vt -4.335323 1.022293 0.000000
vt -4.335323 1.022293 0.000000
vt -4.167593 1.021831 0.000000
vt -4.624814 1.023090 0.000000
vt -4.421630 1.022531 0.000000
vt -4.421630 1.022531 0.000000
vt -4.421630 1.022531 0.000000
vt -4.335323 1.022293 0.000000
vt -4.335323 1.022293 0.000000
vt -4.168255 0.789673 0.000000
vt -4.168749 0.616614 0.000000
vt -4.421630 1.022531 0.000000
vt -4.607428 1.023042 0.000000
vt -4.607428 1.023042 0.000000
vt -4.181595 1.021870 0.000000
vt -4.335323 1.022293 0.000000
vt -4.167593 1.021831 0.000000
vt -4.181595 1.021870 0.000000
vt -4.335323 1.022293 0.000000
vt -4.626006 0.604896 0.000000
vt -4.625378 0.825234 0.000000
vt -4.427854 0.278823 0.000000
vt -4.626935 0.279372 0.000000
vt -4.624814 1.023090 0.000000
vt -4.421630 1.022531 0.000000
vt -4.169714 0.278112 0.000000
vt -4.337429 0.278574 0.000000
vt -4.421630 1.022531 0.000000
vt -4.421630 1.022531 0.000000
vt -4.335323 1.022293 0.000000
vt -4.335323 1.022293 0.000000
vt -4.335323 1.022293 0.000000
vt -4.167593 1.021831 0.000000
vt -4.624814 1.023090 0.000000
vt -4.421630 1.022531 0.000000
vt -4.421630 1.022531 0.000000
vt -4.421630 1.022531 0.000000
vt -4.335323 1.022293 0.000000
vt -4.335323 1.022293 0.000000
vt -4.168255 0.789673 0.000000
vt -4.168749 0.616614 0.000000
vt -4.421630 1.022531 0.000000
vt -4.607428 1.023042 0.000000
vt -4.607428 1.023042 0.000000
vt -4.181595 1.021870 0.000000
vt -4.335323 1.022293 0.000000
vt -4.167593 1.021831 0.000000
vt 0.000000 0.699544 0.000000
vt 0.000000 1.000000 0.000000
vt -6.668889 1.627895 0.000000
vt 0.009488 1.609530 0.000000
vt 0.009087 2.119661 0.000000
vt -4.831246 2.132968 0.000000
vt -5.161724 2.133877 0.000000
vt -6.667234 2.138016 0.000000
vt 0.010088 1.609545 0.000000
vt 1.140810 1.609542 0.000000
vt 1.140797 2.119682 0.000000
vt 0.010081 2.119686 0.000000
vt 8.431436 0.635951 0.000000
vt 8.769896 0.636443 0.000000
vt 8.768438 0.860197 0.000000
vt 8.312948 0.635759 0.000000
vt 7.467616 0.634390 0.000000
vt 6.607421 0.632997 0.000000
vt 5.719058 0.631559 0.000000
vt 4.861117 0.630169 0.000000
vt 4.342558 0.629450 0.000000
vt 4.342550 0.852973 0.000000
vt -2.044952 5.890530 0.000000
vt -2.044948 5.246972 0.000000
vt -1.432178 5.246976 0.000000
vt -1.432183 5.890534 0.000000
vt 12.038529 0.636255 0.000000
vt 12.725158 0.636227 0.000000
vt 12.721772 0.859965 0.000000
vt 11.164639 0.636291 0.000000
vt 10.644464 0.636313 0.000000
vt 9.778516 0.636347 0.000000
vt 0.007682 0.845901 0.000000
vt 0.008028 0.622142 0.000000
vt 1.462825 0.621860 0.000000
vt 2.480856 0.623883 0.000000
vt 0.460867 0.032262 0.000000
vt 0.461886 0.075497 0.000000
vt -0.157050 0.072751 0.000000
vt -0.123114 0.023958 0.000000
vt 2.194836 0.029957 0.000000
vt 2.196333 0.087527 0.000000
vt 1.710523 0.084577 0.000000
vt 1.603882 0.083929 0.000000
vt 1.381486 0.082579 0.000000
vt 1.380050 0.032242 0.000000
vt 3.596734 0.868329 0.000000
vt 3.593139 0.999423 0.000000
vt 1.061274 0.999571 0.000000
vt 1.063108 0.868296 0.000000
vt 0.472066 0.080848 0.000000
vt -0.013820 0.078089 0.000000
vt -0.015020 0.038817 0.000000
vt 0.472693 0.035182 0.000000
vt 2.336498 0.015303 0.000000
vt 2.339668 0.059553 0.000000
vt 1.721039 0.080803 0.000000
vt 0.889773 0.031728 0.000000
vt 0.801154 0.082717 0.000000
vt 1.140791 2.486314 0.000000
vt -0.050038 2.169015 0.000000
vt 1.140792 2.413023 0.000000
vt 0.006231 0.868542 0.000000
vt 0.000748 0.999710 0.000000
vt -0.434052 0.047264 0.000000
vt -0.434020 0.084714 0.000000
vt -0.704522 0.083577 0.000000
vt -0.705932 0.043261 0.000000
vt 1.069236 2.558717 0.000000
vt 1.000000 1.000000 0.000000
vt 0.010053 0.965968 0.000000
vt -6.671036 0.984373 0.000000
vt 1.000000 0.699544 0.000000
vt 1.198164 5.890553 0.000000
vt 0.991206 5.890552 0.000000
vt 0.991207 5.246994 0.000000
vt 1.198166 5.246995 0.000000
vt 1.954932 1.606715 0.000000
vt 1.140850 0.965979 0.000000
vt 1.952451 0.963167 0.000000
vt 0.000000 0.160242 0.000000
vt 0.000000 0.160477 0.000000
vt 0.000000 0.217477 0.000000
vt 0.000000 0.414343 0.000000
vt 3.547912 5.890553 0.000000
vt 3.139818 5.890553 0.000000
vt 3.140033 5.246995 0.000000
vt 3.548234 5.246995 0.000000
vt 3.140237 4.636114 0.000000
vt 3.548540 4.636114 0.000000
vt 0.910000 1.000000 0.000000
vt 0.328317 1.000000 0.000000
vt 0.968586 1.000000 0.000000
vt 0.939694 1.000000 0.000000
vt -0.134929 5.581839 0.000000
vt 0.729480 5.581839 0.000000
vt 0.729338 5.954476 0.000000
vt -0.134929 5.954476 0.000000
vt 0.000000 0.525571 0.000000
vt 1.000000 0.525572 0.000000
vt 1.141361 0.732391 0.000000
vt 1.951501 0.729587 0.000000
vt 0.010565 -0.250036 0.000000
vt 0.010358 -0.240670 0.000000
vt -6.675059 -0.222232 0.000000
vt -6.675970 -0.481895 0.000000
vt 0.000000 0.161929 0.000000
vt 1.000000 0.156928 0.000000
vt 0.927638 4.040369 0.000000
vt 0.425216 4.040366 0.000000
vt 0.425217 3.880403 0.000000
vt 0.991214 4.040369 0.000000
vt 1.198174 4.040370 0.000000
vt 1.198174 3.851306 0.000000
vt 1.140958 -0.240664 0.000000
vt 0.010300 -0.250031 0.000000
vt 1.141017 -0.253401 0.000000
vt 0.000000 0.024230 0.000000
vt 0.000000 0.032468 0.000000
vt -3.143698 4.016746 0.000000
vt -2.538661 3.991976 0.000000
vt -2.538664 4.040344 0.000000
vt -3.143703 4.040339 0.000000
vt 2.620579 4.636114 0.000000
vt 2.620633 4.162498 0.000000
vt 2.815660 4.162498 0.000000
vt 3.211529 4.169011 0.000000
vt 3.548751 4.174559 0.000000
vt 1.846789 3.430678 0.000000
vt 1.924078 3.517351 0.000000
vt 1.775437 3.707894 0.000000
vt 1.677873 3.625648 0.000000
vt 0.147261 0.999654 0.000000
vt 0.169616 0.685626 0.000000
vt 0.185179 0.726405 0.000000
vt 0.026581 -0.359247 0.000000
vt 0.924115 -0.314916 0.000000
vt 0.947072 -0.292198 0.000000
vt 0.956834 -0.130922 0.000000
vt 1.056486 1.515403 0.000000
vt 0.005025 1.464183 0.000000
vt 0.004944 -0.177866 0.000000
vt 0.004936 -0.338628 0.000000
vt 0.817645 0.613062 0.000000
vt 0.706811 0.618191 0.000000
vt 0.706332 0.013582 0.000000
vt 0.817168 0.009438 0.000000
vt 0.819920 0.022726 0.000000
vt 0.820194 0.597103 0.000000
vt 0.728882 0.592742 0.000000
vt 0.728638 0.018756 0.000000
vt 0.811990 0.662458 0.000000
vt 0.701336 0.654063 0.000000
vt 0.707115 0.603435 0.000000
vt 0.814838 0.649359 0.000000
vt 0.724437 0.634232 0.000000
vt 0.729819 0.581795 0.000000
vt 0.203340 0.708640 0.000000
vt 0.186959 0.661977 0.000000
vt 0.292987 0.631306 0.000000
vt 0.309904 0.679294 0.000000
vt 0.771027 0.746621 0.000000
vt 0.693659 0.691761 0.000000
vt 0.720680 0.644714 0.000000
vt 0.798010 0.699738 0.000000
vt 0.264756 0.791043 0.000000
vt 0.229508 0.752199 0.000000
vt 0.316313 0.683969 0.000000
vt 0.352597 0.723866 0.000000
vt 0.690008 0.823427 0.000000
vt 0.634198 0.741885 0.000000
vt 0.678832 0.706693 0.000000
vt 0.734606 0.788334 0.000000
vt 0.638812 0.850732 0.000000
vt 0.594939 0.760434 0.000000
vt 0.646164 0.733055 0.000000
vt 0.583120 0.869221 0.000000
vt 0.551437 0.772704 0.000000
vt 0.607223 0.754132 0.000000
vt 0.524662 0.878217 0.000000
vt 0.505567 0.777622 0.000000
vt 0.564289 0.768534 0.000000
vt 0.179145 0.648754 0.000000
vt 0.263077 0.609372 0.000000
vt 0.278349 0.660042 0.000000
vt 0.193935 0.698216 0.000000
vt 0.266357 0.636202 0.000000
vt 0.293206 0.682959 0.000000
vt 0.220169 0.744060 0.000000
vt 0.769958 0.751989 0.000000
vt 0.734718 0.790846 0.000000
vt 0.654282 0.714498 0.000000
vt 0.690540 0.674359 0.000000
vt 0.255664 0.785313 0.000000
vt 0.302330 0.697216 0.000000
vt 0.346479 0.732756 0.000000
vt 0.299290 0.820506 0.000000
vt 0.691415 0.823791 0.000000
vt 0.641502 0.849712 0.000000
vt 0.595648 0.748845 0.000000
vt 0.646819 0.722184 0.000000
vt 0.349728 0.848356 0.000000
vt 0.369575 0.748117 0.000000
vt 0.425441 0.767699 0.000000
vt 0.405317 0.867892 0.000000
vt 0.586798 0.868170 0.000000
vt 0.528851 0.877470 0.000000
vt 0.518879 0.767238 0.000000
vt 0.578305 0.757647 0.000000
vt 0.464178 0.878211 0.000000
vt 0.456994 0.775713 0.000000
vt 0.517728 0.775668 0.000000
vt -2.252304 4.040346 0.000000
vt -2.252305 4.263749 0.000000
vt -2.538665 4.263747 0.000000
vt -1.432168 3.950319 0.000000
vt -1.432168 4.040352 0.000000
vt -2.044940 4.040348 0.000000
vt -0.086038 4.173276 0.000000
vt -0.614033 4.173272 0.000000
vt -0.614031 3.919522 0.000000
vt -0.086035 3.899646 0.000000
vt 0.144027 4.040363 0.000000
vt 0.144028 3.890987 0.000000
vt -2.044942 4.636089 0.000000
vt -1.432173 4.636094 0.000000
vt -1.432177 5.093480 0.000000
vt -1.432170 4.286489 0.000000
vt -1.432171 4.344317 0.000000
vt -2.044940 4.263751 0.000000
vt -1.123956 5.246978 0.000000
vt -1.123961 5.890537 0.000000
vt 0.425208 5.246990 0.000000
vt 0.425209 5.093493 0.000000
vt 0.927632 5.093497 0.000000
vt 0.927631 5.246994 0.000000
vt 1.796583 5.246995 0.000000
vt 1.796583 5.890553 0.000000
vt 2.311260 5.890553 0.000000
vt 2.311260 5.246995 0.000000
vt 2.620503 5.246995 0.000000
vt 2.620422 5.890553 0.000000
vt 2.311259 4.433781 0.000000
vt 2.311260 4.040371 0.000000
vt 2.620647 4.040371 0.000000
vt 1.133135 3.068697 0.000000
vt 1.140691 3.229222 0.000000
vt 1.120136 3.252945 0.000000
vt 0.005098 3.359317 0.000000
vt -0.016188 3.339689 0.000000
vt -0.014034 3.178076 0.000000
vt 0.007951 1.528387 0.000000
vt 1.055956 1.428990 0.000000
vt 3.763600 2.840798 0.000000
vt 4.713392 2.868841 0.000000
vt 4.675150 3.387709 0.000000
vt 3.725738 3.354299 0.000000
vt 2.760326 2.021064 0.000000
vt 2.716086 1.513498 0.000000
vt 3.665276 1.467449 0.000000
vt 3.709964 1.980393 0.000000
vt 3.767211 2.795135 0.000000
vt 4.717246 2.820333 0.000000
vt 2.764247 2.063599 0.000000
vt 3.714129 2.025508 0.000000
vt 4.762714 1.986324 0.000000
vt 4.764997 2.035298 0.000000
vt 3.810625 2.070793 0.000000
vt 3.808427 2.024886 0.000000
vt 2.773215 2.150083 0.000000
vt 2.768558 2.106276 0.000000
vt 3.718752 2.071233 0.000000
vt 3.723763 2.118422 0.000000
vt 4.766087 2.086154 0.000000
vt 4.766011 2.139401 0.000000
vt 3.811767 2.167583 0.000000
vt 3.811730 2.118235 0.000000
vt 2.783195 2.242024 0.000000
vt 2.778129 2.195277 0.000000
vt 3.729081 2.167481 0.000000
vt 3.734583 2.218561 0.000000
vt 2.788299 2.290274 0.000000
vt 3.740139 2.271538 0.000000
vt 2.793305 2.339786 0.000000
vt 3.745582 2.325920 0.000000
vt 2.798130 2.390751 0.000000
vt 3.750805 2.381613 0.000000
vt 2.811939 2.769553 0.000000
vt 2.813440 2.727042 0.000000
vt 3.767941 2.749554 0.000000
vt 3.766366 2.795075 0.000000
vt 2.813924 2.682902 0.000000
vt 3.768380 2.702215 0.000000
vt 3.780135 2.653564 0.000000
vt 4.731128 2.668895 0.000000
vt 4.726149 2.721619 0.000000
vt 3.775520 2.702617 0.000000
vt 2.813385 2.637310 0.000000
vt 2.811879 2.590167 0.000000
vt 3.766009 2.601640 0.000000
vt 3.767716 2.652950 0.000000
vt 3.789698 2.549385 0.000000
vt 4.741519 2.555922 0.000000
vt 4.736301 2.613613 0.000000
vt 3.784904 2.602447 0.000000
vt 2.809490 2.541585 0.000000
vt 2.806336 2.491837 0.000000
vt 3.759853 2.493674 0.000000
vt 3.763351 2.548428 0.000000
vt 3.798784 2.438893 0.000000
vt 4.751477 2.435187 0.000000
vt 4.746634 2.496248 0.000000
vt 3.794376 2.494718 0.000000
vt 2.802471 2.441239 0.000000
vt 3.755611 2.437836 0.000000
vt 3.311599 0.626154 0.000000
vt -0.258241 0.074515 0.000000
vt -0.528675 0.080728 0.000000
vt -0.529945 0.034411 0.000000
vt -0.222364 0.025801 0.000000
vt 0.841062 0.541262 0.000000
vt 0.983176 0.000927 0.000000
vt 0.983177 0.707614 0.000000
vt 0.831188 0.667015 0.000000
vt 0.836996 0.008992 0.000000
vt 0.161776 0.636529 0.000000
vt -0.042042 0.990218 0.000000
vt -0.041680 0.009145 0.000000
vt 0.160568 0.008943 0.000000
vt 0.169202 0.679832 0.000000
vt 0.186627 0.723026 0.000000
vt 0.212649 0.764963 0.000000
vt 0.246784 0.803023 0.000000
vt 0.287612 0.835609 0.000000
vt 0.332940 0.861577 0.000000
vt 0.379103 0.880314 0.000000
vt 0.428482 0.890370 0.000000
vt 0.538390 0.896380 0.000000
vt 0.575844 0.892859 0.000000
vt 0.983175 0.990225 0.000000
vt 0.615990 0.881217 0.000000
vt 0.662617 0.862359 0.000000
vt 0.708398 0.836578 0.000000
vt 0.749512 0.804184 0.000000
vt 0.783835 0.766444 0.000000
vt 0.816947 0.710194 0.000000
vt 0.480496 0.897893 0.000000
vt 0.557254 0.892827 0.000000
vt 0.938506 0.999126 0.000000
vt 0.211100 0.765813 0.000000
vt 0.245755 0.804080 0.000000
vt 0.287788 0.837555 0.000000
vt 0.335266 0.864417 0.000000
vt 0.385406 0.883693 0.000000
vt 0.433260 0.895436 0.000000
vt 0.608463 0.882576 0.000000
vt 0.657309 0.863027 0.000000
vt 0.704566 0.835599 0.000000
vt 0.746780 0.801071 0.000000
vt 0.781851 0.760834 0.000000
vt 0.808366 0.717017 0.000000
vt 0.825974 0.673489 0.000000
vt 0.834021 0.634413 0.000000
vt 0.835554 0.023176 0.000000
vt 0.937663 -0.053786 0.000000
vt -4.448326 3.161666 0.000000
vt -4.440777 3.186752 0.000000
vt -4.440775 3.834988 0.000000
vt -4.528922 3.864186 0.000000
vt -4.541656 3.864058 0.000000
vt -4.511278 3.057076 0.000000
vt 0.163323 0.651556 0.000000
vt 0.149367 -0.072705 0.000000
vt 0.153422 0.023970 0.000000
vt 0.918861 0.976500 0.000000
vt 0.534073 0.801589 0.000000
vt 0.574937 0.802071 0.000000
vt 0.836872 0.802065 0.000000
vt 0.881834 0.904020 0.000000
vt 0.881771 0.976495 0.000000
vt -2.942283 4.071214 0.000000
vt -2.942284 4.587072 0.000000
vt -3.143702 4.636083 0.000000
vt 0.885152 0.928054 0.000000
vt 0.919977 -0.004573 0.000000
vt 0.919957 1.124628 0.000000
vt 0.836879 0.182923 0.000000
vt 1.777804 3.852477 0.000000
vt 1.796590 3.849703 0.000000
vt 1.796591 4.040370 0.000000
vt 1.670316 3.987686 0.000000
vt 1.670319 4.040370 0.000000
vt 1.353596 4.636279 0.000000
vt 1.198167 5.093498 0.000000
vt 1.353601 4.040371 0.000000
vt -0.021847 0.195601 0.000000
vt 0.977059 0.194216 0.000000
vt 0.977174 0.361344 0.000000
vt -0.021731 0.362749 0.000000
vt 1.507087 0.194214 0.000000
vt 1.507086 0.361352 0.000000
vt 1.001693 0.914622 0.000000
vt 0.002787 0.916065 0.000000
vt 0.002023 0.386076 0.000000
vt 1.000928 0.384672 0.000000
vt -0.551758 0.362746 0.000000
vt -0.551759 0.195608 0.000000
vt 0.127392 0.053985 0.000000
vt 4.019838 0.003650 0.000000
vt 3.781162 0.297985 0.000000
vt 2.999782 0.298329 0.000000
vt 2.044546 0.298618 0.000000
vt 1.097960 0.298906 0.000000
vt 0.307535 0.299247 0.000000
vt 0.462004 0.731163 0.000000
vt 1.205468 0.731446 0.000000
vt 1.142920 0.845057 0.000000
vt 0.524356 0.839366 0.000000
vt 0.469221 0.836573 0.000000
vt 0.400336 0.731080 0.000000
vt 0.495207 0.730967 0.000000
vt 1.217622 0.841381 0.000000
vt 1.190306 0.731832 0.000000
vt 1.302666 0.731638 0.000000
vt 0.086494 0.923601 0.000000
vt 0.272147 0.801586 0.000000
vt 0.890300 0.923608 0.000000
vt 0.872665 0.923612 0.000000
vt 0.884088 0.923596 0.000000
vt 0.922726 0.497289 0.000000
vt 0.981056 0.497290 0.000000
vt 0.981055 0.602395 0.000000
vt 0.922725 0.602394 0.000000
vt 0.922728 0.284472 0.000000
vt 0.981058 0.284472 0.000000
vt 0.981057 0.394888 0.000000
vt 0.922727 0.394887 0.000000
vt 0.823107 0.043768 0.000000
vt 1.000620 0.043770 0.000000
vt 1.000619 0.226594 0.000000
vt 0.895515 0.226592 0.000000
vt 0.823106 0.154183 0.000000
vt 0.108422 0.282930 0.000000
vt 0.841330 0.283376 0.000000
vt 0.841698 0.361705 0.000000
vt 0.108790 0.361258 0.000000
vt 0.953359 0.282265 0.000000
vt 0.954135 0.360591 0.000000
vt 0.867350 0.500608 0.000000
vt 0.134442 0.501047 0.000000
vt 0.134373 0.388830 0.000000
vt 0.867281 0.388348 0.000000
vt -0.003239 0.362370 0.000000
vt -0.004016 0.284043 0.000000
vt 0.968089 0.104383 0.000000
vt 0.969600 0.360223 0.000000
vt -0.013566 0.360618 0.000000
vt -0.015079 0.105075 0.000000
vt -0.263956 0.105605 0.000000
vt -0.261482 0.361254 0.000000
vt 1.215683 0.105801 0.000000
vt 1.218157 0.361525 0.000000
vt 0.628033 0.506092 0.000000
vt 0.515794 0.506067 0.000000
vt 0.515982 0.380975 0.000000
vt 0.763911 0.380955 0.000000
vt 0.467085 0.515841 0.000000
vt 0.354846 0.515813 0.000000
vt 0.218707 0.390689 0.000000
vt 0.467276 0.390674 0.000000
vt 0.869098 0.525679 0.000000
vt 0.136230 0.517970 0.000000
vt 0.012541 0.380955 0.000000
vt 0.995659 0.390689 0.000000
vt 0.153541 0.198373 0.000000
vt 0.675403 0.198373 0.000000
vt 0.675404 0.908354 0.000000
vt 0.153537 0.908353 0.000000
vt 0.052887 0.000332 0.000000
vt 0.785180 0.000335 0.000000
vt 0.901973 0.198372 0.000000
vt 0.901977 0.908353 0.000000
vt 0.719475 0.999867 0.000000
vt 0.107081 0.999865 0.000000
vt 0.942669 0.999864 0.000000
vt 0.629464 0.999866 0.000000
vt 0.642751 -0.219586 0.000000
vt 0.992650 0.067849 0.000000
vt 0.910195 0.106466 0.000000
vt 0.616827 -0.135398 0.000000
vt 0.986230 0.970871 0.000000
vt 0.904361 0.932737 0.000000
vt 0.634701 1.270677 0.000000
vt 0.609637 1.184923 0.000000
vt 0.799265 0.157917 0.000000
vt 0.576827 -0.021694 0.000000
vt 0.794082 0.881879 0.000000
vt 0.570596 1.069369 0.000000
vt 0.536828 0.092011 0.000000
vt 0.688335 0.209369 0.000000
vt 0.595088 0.255264 0.000000
vt 0.511256 0.193622 0.000000
vt 0.683803 0.831021 0.000000
vt 0.591286 0.785767 0.000000
vt 0.531556 0.953815 0.000000
vt 0.507044 0.850365 0.000000
vt 0.488388 0.309562 0.000000
vt 0.485397 0.732304 0.000000
vt 0.934373 0.586329 0.000000
vt 0.972439 0.586330 0.000000
vt 0.972439 0.602419 0.000000
vt 0.934373 0.602419 0.000000
vt 0.972445 0.285599 0.000000
vt 0.972442 0.423743 0.000000
vt 0.934376 0.423742 0.000000
vt 0.934379 0.285598 0.000000
vt 0.973797 0.258266 0.000000
vt 0.961369 0.250770 0.000000
vt 0.951399 0.228281 0.000000
vt 0.989882 0.258667 0.000000
vt 0.768970 0.046721 0.000000
vt 0.857589 0.152694 0.000000
vt 0.899422 0.185045 0.000000
vt 0.914805 0.196942 0.000000
vt 0.989880 0.046719 0.000000
vt 0.972441 0.476626 0.000000
vt 0.934375 0.476625 0.000000
vt 0.972439 0.571816 0.000000
vt 0.934373 0.571815 0.000000
vt 0.934374 0.547215 0.000000
vt 0.972440 0.547216 0.000000
vt 0.934374 0.522828 0.000000
vt 0.972440 0.522829 0.000000
vt 0.972441 0.511735 0.000000
vt 0.934374 0.511735 0.000000
vt 0.934375 0.496072 0.000000
vt 0.972441 0.496072 0.000000
vt 0.424433 0.999320 0.000000
vt 0.000746 0.999315 0.000000
vt 0.000757 0.001967 0.000000
vt 0.424443 0.001971 0.000000
vt 0.862274 0.999325 0.000000
vt 0.438587 0.999320 0.000000
vt 0.438598 0.001972 0.000000
vt 0.862284 0.001976 0.000000
vt 0.999326 0.998760 0.000000
vt 0.000297 0.998758 0.000000
vt 0.000303 0.005530 0.000000
vt 0.999331 0.005531 0.000000
vt 0.987526 0.999258 0.000000
vt 0.011776 0.999256 0.000000
vt 0.011782 0.081289 0.000000
vt 0.987426 0.081290 0.000000
vt 0.987427 0.000225 0.000000
vt 0.011783 0.000223 0.000000
vt 0.987671 0.575844 0.000000
vt 0.987665 0.999530 0.000000
vt 0.873246 0.999529 0.000000
vt 0.873252 0.575843 0.000000
vt 0.463930 0.801588 0.000000
vt 0.463938 0.182445 0.000000
vt 0.534081 0.182446 0.000000
vt 0.272147 0.731443 0.000000
vt 0.534074 0.731447 0.000000
vt 0.272154 0.182443 0.000000
vt 0.342296 0.182444 0.000000
vt 0.342289 0.801587 0.000000
vt 0.766729 0.802064 0.000000
vt 0.766738 0.182922 0.000000
vt 0.574919 0.731920 0.000000
vt 0.836873 0.731923 0.000000
vt 0.574957 0.182928 0.000000
vt 0.645106 0.182938 0.000000
vt 0.645098 0.802081 0.000000
vt -2.682789 4.587074 0.000000
vt -2.722925 4.587073 0.000000
vt -2.722924 4.071215 0.000000
vt -2.682787 4.071215 0.000000
vt -2.942284 4.546935 0.000000
vt -2.682788 4.546938 0.000000
vt -2.902148 4.071214 0.000000
vt -2.902147 4.587072 0.000000
vt 1.630187 4.040370 0.000000
vt 1.630183 3.987686 0.000000
vt 1.670335 4.636279 0.000000
vt 1.630188 4.636279 0.000000
vt 1.353592 4.596143 0.000000
vt 1.670338 4.596142 0.000000
vt 1.393736 4.040371 0.000000
vt 1.393736 4.636279 0.000000
vt 1.353602 3.987687 0.000000
vt 1.393737 3.987687 0.000000
vt 0.498443 0.303753 0.000000
vt 0.498442 0.442992 0.000000
vt 0.917538 0.443001 0.000000
vt 0.917539 0.303763 0.000000
vt 0.498441 0.582231 0.000000
vt 0.917538 0.582240 0.000000
vt 0.498440 0.721471 0.000000
vt 0.917537 0.721480 0.000000
vt 0.498440 0.860709 0.000000
vt 0.917536 0.860718 0.000000
vt 0.498438 1.000681 0.000000
vt 0.917535 1.000700 0.000000
vt 0.917541 0.000587 0.000000
vt 0.498444 0.000578 0.000000
vt 0.068967 0.153473 0.000000
vt 0.463119 0.153428 0.000000
vt 0.463127 0.456603 0.000000
vt 0.068975 0.456648 0.000000
vt 0.451246 0.593726 0.000000
vt 0.417027 0.714313 0.000000
vt 0.364599 0.803820 0.000000
vt 0.300284 0.851449 0.000000
vt 0.231840 0.851457 0.000000
vt 0.167523 0.803842 0.000000
vt 0.115089 0.714348 0.000000
vt 0.080864 0.593769 0.000000
vt -0.082340 10.358961 0.000000
vt -0.084417 10.116110 0.000000
vt 0.751902 10.116659 0.000000
vt 0.998249 10.349716 0.000000
vt 0.751883 9.730328 0.000000
vt -0.082811 9.730092 0.000000
vt 0.663213 0.669202 0.000000
vt 0.441400 0.669204 0.000000
vt 0.451976 0.474787 0.000000
vt 0.673789 0.474786 0.000000
vt 0.318720 0.361716 0.000000
vt 0.321386 0.320823 0.000000
vt 0.861168 0.320823 0.000000
vt 0.861166 0.361716 0.000000
vt 0.988294 0.999680 0.000000
vt 0.538028 0.581078 0.000000
vt 0.538028 0.117357 0.000000
vt 0.988140 0.000266 0.000000
vt 0.106766 0.027555 0.000000
vt 0.105712 0.225345 0.000000
vt 0.895532 0.229554 0.000000
vt 0.896586 0.031764 0.000000
vt 0.422098 0.581078 0.000000
vt 0.422098 0.117357 0.000000
vt 0.422767 0.568636 0.000000
vt 0.417708 0.615501 0.000000
vt 0.532969 0.627943 0.000000
vt 0.422998 0.591251 0.000000
vt 0.408045 0.636068 0.000000
vt 0.518015 0.672759 0.000000
vt 0.418294 0.613636 0.000000
vt 0.394099 0.654446 0.000000
vt 0.493820 0.713569 0.000000
vt 0.408700 0.634865 0.000000
vt 0.376321 0.669884 0.000000
vt 0.461441 0.748588 0.000000
vt 0.394484 0.653949 0.000000
vt 0.355335 0.681647 0.000000
vt 0.422293 0.776286 0.000000
vt 0.376178 0.669923 0.000000
vt 0.331971 0.689089 0.000000
vt 0.378086 0.795453 0.000000
vt 0.354588 0.681928 0.000000
vt 0.307256 0.691725 0.000000
vt 0.330754 0.805250 0.000000
vt 0.330754 0.689319 0.000000
vt 0.282364 0.689320 0.000000
vt 0.282364 0.805250 0.000000
vt 0.305863 0.691726 0.000000
vt 0.258530 0.681929 0.000000
vt 0.235031 0.795452 0.000000
vt 0.281148 0.689089 0.000000
vt 0.236942 0.669923 0.000000
vt 0.190825 0.776285 0.000000
vt 0.257784 0.681648 0.000000
vt 0.218637 0.653950 0.000000
vt 0.151677 0.748587 0.000000
vt 0.236799 0.669884 0.000000
vt 0.204420 0.634865 0.000000
vt 0.119298 0.713568 0.000000
vt 0.219020 0.654446 0.000000
vt 0.194825 0.613636 0.000000
vt 0.095103 0.672758 0.000000
vt 0.205074 0.636066 0.000000
vt 0.190121 0.591249 0.000000
vt 0.080150 0.627941 0.000000
vt 0.080652 0.628328 0.000000
vt 0.196580 0.628945 0.000000
vt 0.199298 0.118341 0.000000
vt 0.083369 0.117724 0.000000
vt 1.124573 7.076630 0.000000
vt 4.003808 7.076423 0.000000
vt 4.003797 8.421539 0.000000
vt 1.071309 8.421301 0.000000
vt 4.003663 6.130264 0.000000
vt 1.124425 6.130708 0.000000
vt 0.800860 0.046969 0.000000
vt 1.053504 0.512389 0.000000
vt 0.200690 0.047200 0.000000
vt 1.071159 9.407210 0.000000
vt 4.003645 9.407665 0.000000
vt 0.540448 0.885682 0.000000
vt 0.088114 0.000808 0.000000
vt 0.941319 0.000812 0.000000
vt -0.053430 0.511280 0.000000
vt 0.199234 0.045865 0.000000
vt 0.824767 0.046117 0.000000
vt 0.219865 0.111624 0.000000
vt 0.918867 0.111629 0.000000
vt 0.219858 0.976495 0.000000
vt 0.025243 -0.007118 0.000000
vt 0.881839 -0.007112 0.000000
vt 0.025237 0.904015 0.000000
vt 0.220060 -0.007112 0.000000
vt 0.919061 -0.007107 0.000000
vt 0.919055 0.904026 0.000000
vt 0.220054 0.904020 0.000000
vt 0.025182 0.111618 0.000000
vt 0.881778 0.111624 0.000000
vt 0.025176 0.976489 0.000000
vt 0.025179 0.448917 0.000000
vt -2.538666 4.636086 0.000000
vt -0.104247 -0.007127 0.000000
vt 1.119552 -0.007118 0.000000
vt 1.119545 0.904015 0.000000
vt -0.104599 0.904005 0.000000
vt 0.216773 0.016911 0.000000
vt 0.964295 0.016916 0.000000
vt 0.964288 0.928048 0.000000
vt 0.216767 0.928044 0.000000
vt 0.161341 0.016916 0.000000
vt 0.885158 0.016921 0.000000
vt 0.161334 0.928048 0.000000
vt 0.222599 0.016921 0.000000
vt 0.933914 0.016927 0.000000
vt 0.933907 0.928059 0.000000
vt 0.222593 0.928054 0.000000
vt 0.191297 0.000258 0.000000
vt 0.919957 0.000271 0.000000
vt 0.919942 0.911403 0.000000
vt 0.191281 0.911390 0.000000
vt 0.186908 0.000351 0.000000
vt 0.922443 0.000364 0.000000
vt 0.922122 0.911496 0.000000
vt 0.186778 0.911483 0.000000
vt 0.191318 -0.004586 0.000000
vt 0.191297 1.124615 0.000000
vt 1.796586 4.433780 0.000000
vt 0.179258 0.016906 0.000000
vt 0.901182 0.016911 0.000000
vt 0.901175 0.928044 0.000000
vt 0.179251 0.928038 0.000000
vt 0.086528 -0.090677 0.000000
vt 0.890307 -0.090671 0.000000
vt 0.215013 -0.090671 0.000000
vt 0.872669 -0.090667 0.000000
vt 0.215006 0.923608 0.000000
vt 0.218628 -0.090683 0.000000
vt 1.015153 -0.090677 0.000000
vt 1.015118 0.923601 0.000000
vt 0.218621 0.923596 0.000000
vt 0.219036 -0.090688 0.000000
vt 0.884095 -0.090683 0.000000
vt 0.219121 0.923590 0.000000
vt 0.928811 0.219086 0.000000
vt 0.920801 0.211411 0.000000
vt 0.015132 0.999826 0.000000
vt 0.014979 0.000412 0.000000
vt 0.075094 0.117355 0.000000
vt 1.140900 0.732383 0.000000
vt 0.880727 0.741137 0.000000
vt 0.880756 0.077106 0.000000
vt 0.403080 0.741137 0.000000
vt 0.842976 0.999617 0.000000
vt 0.168036 0.999615 0.000000
vt 0.168039 0.000821 0.000000
vt 0.842979 0.000823 0.000000
vt 0.037182 0.515772 0.000000
vt 1.010353 0.516031 0.000000
vt 1.010350 0.543233 0.000000
vt 0.037178 0.542975 0.000000
vt 0.868183 0.741134 0.000000
vt 0.868214 0.077104 0.000000
vt 0.403079 0.728595 0.000000
vt 0.880725 0.728594 0.000000
vt 0.403111 0.077106 0.000000
vt 0.415653 0.077107 0.000000
vt 0.415623 0.741138 0.000000
vt 0.324049 0.279929 0.000000
vt 0.861166 0.279929 0.000000
vt 0.936480 0.249181 0.000000
vt 0.936478 0.362130 0.000000
vt -0.078086 0.362130 0.000000
vt -0.078084 0.249180 0.000000
vt 1.057288 0.362133 0.000000
vt 1.057290 0.249183 0.000000
vt 1.028348 0.515174 0.000000
vt 0.013784 0.515174 0.000000
vt 0.013784 0.394363 0.000000
vt 1.028348 0.394364 0.000000
vt -0.198895 0.249177 0.000000
vt -0.198899 0.362127 0.000000
vt -0.176013 0.253406 0.000000
vt 1.034406 0.253406 0.000000
vt 1.034410 0.361637 0.000000
vt -0.176011 0.361637 0.000000
vt -0.394752 0.253415 0.000000
vt -0.394748 0.361647 0.000000
vt 1.253149 0.361626 0.000000
vt 1.253144 0.253394 0.000000
vt 0.568066 0.393449 0.000000
vt 0.568071 0.491375 0.000000
vt 0.447261 0.491382 0.000000
vt 0.349327 0.393460 0.000000
vt -0.284821 0.227584 0.000000
vt 1.143211 0.227584 0.000000
vt 1.143211 0.361889 0.000000
vt -0.284822 0.361889 0.000000
vt -0.612364 0.227572 0.000000
vt -0.612369 0.361877 0.000000
vt 0.785673 0.394802 0.000000
vt 0.785672 0.503610 0.000000
vt 0.566933 0.503605 0.000000
vt 0.458128 0.394795 0.000000
vt 1.470756 0.361896 0.000000
vt 1.470758 0.227590 0.000000
vt -0.393631 0.361704 0.000000
vt -0.393629 0.003253 0.000000
vt 1.252019 0.003253 0.000000
vt 1.252019 0.361704 0.000000
vt 1.688371 0.002510 0.000000
vt 1.688371 0.360960 0.000000
vt 1.003474 0.502433 0.000000
vt 0.675928 0.502991 0.000000
vt 0.566937 0.394369 0.000000
vt 1.003289 0.393625 0.000000
vt -0.829986 0.360953 0.000000
vt -0.829979 0.002504 0.000000
vt 1.892807 4.040370 0.000000
vt -3.292020 4.047294 0.000000
vt -3.812084 4.047279 0.000000
vt -3.837169 4.047278 0.000000
vt -4.007665 4.047273 0.000000
vt -3.266935 4.046652 0.000000
vt 4.061159 0.605813 0.000000
vt 0.465056 0.605520 0.000000
vt 0.464962 0.547082 0.000000
vt 4.061160 0.547373 0.000000
vt 4.603463 0.605833 0.000000
vt 4.603468 0.547864 0.000000
vt 0.006375 0.606752 0.000000
vt 0.006185 0.548783 0.000000
vt 0.055602 0.477723 0.000000
vt 0.430382 0.477637 0.000000
vt 4.092372 0.478094 0.000000
vt 4.545793 0.476960 0.000000
vt 3.220770 0.408544 0.000000
vt 4.002339 0.408548 0.000000
vt 4.029778 0.478162 0.000000
vt 2.265518 0.408539 0.000000
vt 1.318951 0.408535 0.000000
vt 0.499529 0.478133 0.000000
vt 0.528698 0.408530 0.000000
vt 0.096858 0.408106 0.000000
vt 0.401196 0.408036 0.000000
vt 4.119640 0.408418 0.000000
vt 4.497613 0.407470 0.000000
vt 0.013786 0.491386 0.000000
vt -0.084140 0.393460 0.000000
vt 1.126280 0.393460 0.000000
vt 1.028350 0.491387 0.000000
vt 0.569308 0.491392 0.000000
vt 0.448497 0.491398 0.000000
vt 0.448493 0.393470 0.000000
vt 0.667230 0.393460 0.000000
vt -0.084143 0.503601 0.000000
vt -0.192952 0.394794 0.000000
vt 1.235081 0.394795 0.000000
vt 1.126276 0.503601 0.000000
vt 0.449606 0.503598 0.000000
vt 0.230868 0.503590 0.000000
vt 0.230872 0.394783 0.000000
vt 0.558418 0.394794 0.000000
vt 1.235082 0.503177 0.000000
vt -0.192951 0.503177 0.000000
vt -0.301761 0.394368 0.000000
vt 1.343889 0.394369 0.000000
vt 0.340612 0.502989 0.000000
vt 0.013067 0.502425 0.000000
vt 0.013255 0.393618 0.000000
vt 0.449609 0.394368 0.000000
vt 0.833397 0.924936 0.000000
vt 0.577309 0.924933 0.000000
vt 0.833251 -0.089342 0.000000
vt 0.577421 -0.089345 0.000000
vt 0.560536 -0.093126 0.000000
vt 0.563653 0.921152 0.000000
vt -0.828197 4.173270 0.000000
vt -0.614033 4.286495 0.000000
vt -1.123947 4.173268 0.000000
vt -1.123948 4.286491 0.000000
vt -0.086038 4.286499 0.000000
vt 0.144026 4.173278 0.000000
vt 0.144025 4.286501 0.000000
vt 0.927637 4.286506 0.000000
vt 0.425215 4.286503 0.000000
vt 0.991212 4.286506 0.000000
vt -1.213660 4.275497 0.000000
vt -1.123946 4.040354 0.000000
vt -1.123938 4.167332 0.000000
vt -1.123932 4.275498 0.000000
vt 0.991207 5.093497 0.000000
vt -1.176340 5.034668 0.000000
vt -1.281233 5.058781 0.000000
vt 2.044602 0.395941 0.000000
vt 2.999861 0.395676 0.000000
vt 3.781831 0.395298 0.000000
vt 1.098037 0.396218 0.000000
vt 0.308051 0.396590 0.000000
vt 0.002884 0.299427 0.000000
vt 0.004395 0.396755 0.000000
vt 4.159671 0.298007 0.000000
vt 4.161064 0.395315 0.000000
vt 0.424248 0.001319 0.000000
vt 0.424243 0.999048 0.000000
vt 0.000792 0.999047 0.000000
vt 0.000965 0.001318 0.000000
vt 0.873668 0.999647 0.000000
vt 0.873749 0.575676 0.000000
vt 0.987838 0.575695 0.000000
vt 0.987757 0.999666 0.000000
vt 0.927630 5.890552 0.000000
vt 0.991212 4.344334 0.000000
vt -1.457965 1.585254 0.000000
vt -2.828880 0.930329 0.000000
vt 2.718424 2.589043 0.000000
vt 0.000000 0.000000 0.000000
vt 0.925221 0.000217 0.000000
vt 2.809305 2.812428 0.000000
vt 2.771810 3.320561 0.000000
vt 0.181880 0.612821 0.000000
vt 0.182119 0.009389 0.000000
vt 0.292400 0.013537 0.000000
vt 0.292188 0.618140 0.000000
vt 0.292065 0.606406 0.000000
vt 0.297354 0.656800 0.000000
vt 0.301439 0.658022 0.000000
vt 0.328408 0.702786 0.000000
vt 0.307977 0.823935 0.000000
vt 0.338027 0.708406 0.000000
vt 0.382446 0.742147 0.000000
vt 0.357735 0.849815 0.000000
vt 0.366357 0.730137 0.000000
vt 0.417443 0.756651 0.000000
vt 0.412331 0.867608 0.000000
vt 0.399971 0.747680 0.000000
vt 0.456119 0.765907 0.000000
vt 0.470567 0.876664 0.000000
vt 0.437467 0.759939 0.000000
vt 0.497481 0.769207 0.000000
vt 0.707002 0.626316 0.000000
vt 0.795994 0.708537 0.000000
vt 0.690533 0.674011 0.000000
vt 0.674975 0.694664 0.000000
vt 0.701790 0.649686 0.000000
vt 0.627802 0.733008 0.000000
vt 0.672273 0.699052 0.000000
vt 0.557945 0.761252 0.000000
vt 0.613952 0.742288 0.000000
vt 0.479980 0.766452 0.000000
vt 0.540088 0.767220 0.000000
vt 3.805044 1.979706 0.000000
vt 3.760314 1.466767 0.000000
vt 4.713990 1.420238 0.000000
vt 4.759170 1.938557 0.000000
vt 4.764846 2.195136 0.000000
vt 3.810795 2.218951 0.000000
vt 4.762687 2.253127 0.000000
vt 3.808900 2.272187 0.000000
vt 4.759668 2.312598 0.000000
vt 3.806199 2.326774 0.000000
vt 4.755915 2.373165 0.000000
vt 3.802788 2.382607 0.000000
vt 3.771171 2.749759 0.000000
vt 4.721480 2.771955 0.000000
vt 0.265958 0.592148 0.000000
vt 0.175174 0.596566 0.000000
vt 0.172164 0.022924 0.000000
vt 0.262911 0.018196 0.000000
vt 0.269314 0.635393 0.000000
vt 0.265130 0.581973 0.000000
vt 0.712712 0.662715 0.000000
vt 0.729560 0.612138 0.000000
vt 0.703871 0.676671 0.000000
vt 0.667407 0.718516 0.000000
vt 0.316239 0.708777 0.000000
vt 0.280161 0.666954 0.000000
vt 0.383242 0.752892 0.000000
vt 0.332402 0.724876 0.000000
vt 0.471086 0.775712 0.000000
vt 0.411959 0.765405 0.000000
vt 0.134998 0.550824 0.000000
vt 0.867907 0.550386 0.000000
vt 0.848058 0.644144 0.000000
vt 0.161212 0.638114 0.000000
vt 0.784627 1.001284 0.000000
vt 0.221844 1.002713 0.000000
vt 0.081614 0.155917 0.000000
vt -4.507222 3.860086 0.000000
vt 0.988359 0.189171 0.000000
vt 0.835466 0.674129 0.000000
vt 0.828117 0.742215 0.000000
vt 0.806392 0.807326 0.000000
vt 0.771241 0.866615 0.000000
vt 0.724199 0.917492 0.000000
vt 0.667324 0.957732 0.000000
vt 0.603099 0.985578 0.000000
vt 0.534334 0.999811 0.000000
vt 0.464031 0.999811 0.000000
vt 0.395265 0.985577 0.000000
vt 0.331041 0.957731 0.000000
vt 0.274166 0.917490 0.000000
vt 0.227125 0.866613 0.000000
vt 0.191974 0.807323 0.000000
vt 0.170250 0.742213 0.000000
vt 0.835468 0.000422 0.000000
vt 0.170244 0.000419 0.000000
vt 12.298699 0.868444 0.000000
vt 12.289057 0.998917 0.000000
vt 4.148914 0.999391 0.000000
vt 4.152896 0.868337 0.000000
vt 0.578724 0.081454 0.000000
vt 0.579824 0.034423 0.000000
vt -4.764311 2.130112 0.000000
vt -5.233648 2.130111 0.000000
vt -5.231310 2.019348 0.000000
vt -4.754883 2.019348 0.000000
vt 0.585403 0.325450 0.000000
vt 0.373056 0.325837 0.000000
vt 0.372841 0.208327 0.000000
vt 0.585188 0.207940 0.000000
vt 0.243541 0.010833 0.000000
vt 0.986613 0.010838 0.000000
vt 0.986613 0.058967 0.000000
vt 0.243541 0.058962 0.000000
vt 0.901033 0.012941 0.000000
vt 0.943430 0.056618 0.000000
vt 0.532063 0.056642 0.000000
vt 0.498540 0.022107 0.000000
vt 0.585617 0.442959 0.000000
vt 0.373271 0.443347 0.000000
vt 0.588490 1.300871 0.000000
vt -0.010249 1.300871 0.000000
vt 0.034611 1.255867 0.000000
vt 0.543485 1.255867 0.000000
vt 0.031765 1.324250 0.000000
vt 0.031765 0.999851 0.000000
vt 0.076475 0.999852 0.000000
vt 0.076625 1.279245 0.000000
vt 1.110297 -0.000334 0.000000
vt 1.110298 0.324064 0.000000
vt 1.065028 0.279059 0.000000
vt 1.065587 -0.000333 0.000000
vt 0.026894 1.312325 0.000000
vt 0.625633 1.312323 0.000000
vt 0.580624 1.357346 0.000000
vt 0.072168 1.357312 0.000000
vt 0.627485 1.737167 0.000000
vt 1.136358 1.737164 0.000000
vt 1.135929 1.969794 0.000000
vt 0.627485 1.969749 0.000000
vt -5.002108 2.755036 0.000000
vt -5.304184 2.476426 0.000000
vt -5.227550 2.134058 0.000000
vt -4.765421 2.132787 0.000000
vt -4.701569 2.474767 0.000000
vt 0.580620 1.589913 0.000000
vt 0.072536 1.590023 0.000000
vt 1.781045 0.210311 0.000000
vt 1.656929 0.209199 0.000000
vt 1.715963 0.136761 0.000000
vt 0.585321 0.325427 0.000000
vt 0.372951 0.325778 0.000000
vt 0.372757 0.208209 0.000000
vt 0.585126 0.207858 0.000000
vt 0.585515 0.442996 0.000000
vt 0.373146 0.443347 0.000000
vt 1.449340 2.087531 0.000000
vt 1.449317 2.686270 0.000000
vt 1.404314 2.641262 0.000000
vt 1.404332 2.132535 0.000000
vt 1.406638 2.577655 0.000000
vt 1.627484 2.815271 0.000000
vt 1.594515 2.845907 0.000000
vt 1.627570 2.876462 0.000000
vt 1.405794 3.113210 0.000000
vt 1.403926 3.049386 0.000000
vt 1.446520 3.002436 0.000000
vt 1.467106 3.600820 0.000000
vt 1.419747 3.556965 0.000000
vt 1.171732 2.641260 0.000000
vt 1.171748 2.132529 0.000000
vt 1.171911 3.052769 0.000000
vt 1.186421 3.563093 0.000000
vt 0.840883 0.771842 0.000000
vt 0.840869 1.370581 0.000000
vt 0.795866 1.325575 0.000000
vt 0.795877 0.816847 0.000000
vt 0.798174 1.261967 0.000000
vt 1.019078 1.499529 0.000000
vt 0.986117 1.530173 0.000000
vt 1.019183 1.560719 0.000000
vt 0.797122 1.797199 0.000000
vt 0.795380 1.733323 0.000000
vt 0.837391 1.685924 0.000000
vt 0.862888 2.284120 0.000000
vt 0.814972 2.240555 0.000000
vt 0.563284 1.325575 0.000000
vt 0.563292 0.816844 0.000000
vt 0.563515 1.737509 0.000000
vt 0.581495 2.248152 0.000000
vt 0.276126 1.105062 0.000000
vt 0.276109 1.703801 0.000000
vt 0.231107 1.658794 0.000000
vt 0.231119 1.150066 0.000000
vt 0.233432 1.595188 0.000000
vt 0.454276 1.832805 0.000000
vt 0.421309 1.863440 0.000000
vt 0.454363 1.893995 0.000000
vt 0.232589 2.130744 0.000000
vt 0.230720 2.066919 0.000000
vt 0.273316 2.019968 0.000000
vt 0.293902 2.618352 0.000000
vt 0.246543 2.574497 0.000000
vt -0.001474 1.658793 0.000000
vt -0.001465 1.150062 0.000000
vt -0.001295 2.070302 0.000000
vt 0.013218 2.580626 0.000000
vt 0.732013 2.603129 0.000000
vt 0.731986 3.201868 0.000000
vt 0.686984 3.156860 0.000000
vt 0.687005 2.648132 0.000000
vt 0.689308 3.093253 0.000000
vt 0.910154 3.330869 0.000000
vt 0.877186 3.361504 0.000000
vt 0.910240 3.392060 0.000000
vt 0.688464 3.628807 0.000000
vt 0.686597 3.564981 0.000000
vt 0.729193 3.518030 0.000000
vt 0.749779 4.116415 0.000000
vt 0.702420 4.072560 0.000000
vt 0.454403 3.156856 0.000000
vt 0.454421 2.648124 0.000000
vt 0.454582 3.568364 0.000000
vt 0.469094 4.078689 0.000000
vt 1.713181 0.771771 0.000000
vt 1.713175 1.370510 0.000000
vt 1.668171 1.325504 0.000000
vt 1.668176 0.816775 0.000000
vt 1.670483 1.261897 0.000000
vt 1.891374 1.499470 0.000000
vt 1.858412 1.530112 0.000000
vt 1.891475 1.560660 0.000000
vt 1.669472 1.797193 0.000000
vt 1.667705 1.733328 0.000000
vt 1.709833 1.686019 0.000000
vt 1.734344 2.284255 0.000000
vt 1.686540 2.240632 0.000000
vt 1.435589 1.325504 0.000000
vt 1.435593 0.816774 0.000000
vt 1.435809 1.737353 0.000000
vt 1.453092 2.247933 0.000000
vt 1.281247 1.689599 0.000000
vt 1.281258 2.288337 0.000000
vt 1.236252 2.243334 0.000000
vt 1.236243 1.734605 0.000000
vt 1.238637 1.261296 0.000000
vt 1.459228 1.499149 0.000000
vt 1.426230 1.529751 0.000000
vt 1.236243 1.324898 0.000000
vt 1.459228 1.560354 0.000000
vt 1.238638 1.798207 0.000000
vt 1.236252 0.816169 0.000000
vt 1.003660 1.324896 0.000000
vt 1.003668 0.816166 0.000000
vt 1.003660 1.734607 0.000000
vt 1.003669 2.243337 0.000000
vt 0.137509 0.977646 0.000000
vt 0.137509 0.762989 0.000000
vt 0.425406 0.762990 0.000000
vt 0.425405 0.977646 0.000000
vt 0.791047 0.001494 0.000000
vt 1.005704 0.001493 0.000000
vt 1.005704 0.747343 0.000000
vt 0.791047 0.747344 0.000000
vt 0.288493 0.346318 0.000000
vt 0.288493 0.747344 0.000000
vt 0.000596 0.747344 0.000000
vt 0.000596 0.001494 0.000000
vt 0.503150 0.346318 0.000000
vt 0.503150 0.747344 0.000000
vt 0.652160 0.981074 0.000000
vt 0.437503 0.981074 0.000000
vt 0.437503 0.763043 0.000000
vt 0.652160 0.763043 0.000000
vt 0.733278 0.388675 0.000000
vt 0.947935 0.388674 0.000000
vt 0.947935 0.747397 0.000000
vt 0.733278 0.747397 0.000000
vt 0.300590 0.206136 0.000000
vt 0.300590 0.747398 0.000000
vt 0.082560 0.747398 0.000000
vt 0.082559 0.388675 0.000000
vt 0.515248 0.206135 0.000000
vt 0.515248 0.747398 0.000000
vt 0.784996 0.763100 0.000000
vt 0.784996 0.857309 0.000000
vt 0.670259 0.857309 0.000000
vt 0.670259 0.763100 0.000000
vt 0.648083 0.238008 0.000000
vt 0.742293 0.238008 0.000000
vt 0.742293 0.747455 0.000000
vt 0.648083 0.747455 0.000000
vt 0.857029 0.142482 0.000000
vt 0.857029 0.747455 0.000000
vt 0.951239 0.142482 0.000000
vt 0.951239 0.747455 0.000000
vt 0.533347 0.747455 0.000000
vt 0.533347 0.142482 0.000000
vt -0.044538 0.008561 0.000000
vt 0.478586 0.007031 0.000000
vt 0.478239 0.032350 0.000000
vt 0.467635 0.805344 0.000000
vt -0.020078 0.808979 0.000000
vt 0.592826 0.032043 0.000000
vt 0.574766 0.804585 0.000000
vt 2.275305 0.001778 0.000000
vt 0.884715 0.801890 0.000000
vt 2.331440 0.785465 0.000000
vt 0.625951 0.866133 0.000000
vt 0.629067 0.003704 0.000000
vt 1.543582 0.003042 0.000000
vt 1.544795 0.891085 0.000000
vt 2.360398 0.013578 0.000000
vt 2.359343 0.910935 0.000000
vt -0.266670 0.004461 0.000000
vt 0.041213 0.758057 0.000000
vt -0.266489 0.758307 0.000000
vt 0.042411 0.841968 0.000000
vt -0.252290 0.406163 0.000000
vt -0.266475 0.000568 0.000000
vt 0.019236 0.000426 0.000000
vt 0.019590 0.410166 0.000000
vt -0.178111 0.027079 0.000000
vt -0.129398 0.062957 0.000000
vt -0.213245 0.066433 0.000000
vt -0.262039 0.032497 0.000000
vt 0.123185 0.616309 0.000000
vt 0.123185 0.245781 0.000000
vt 0.631734 0.246400 0.000000
vt 0.631734 0.616941 0.000000
vt 0.633043 0.616941 0.000000
vt 0.633043 0.246401 0.000000
vt 0.124494 0.245780 0.000000
vt 0.124494 0.616309 0.000000
vt 0.626332 0.627874 0.000000
vt 0.123200 0.628494 0.000000
vt 0.111010 0.628494 0.000000
vt 0.123200 0.998491 0.000000
vt 0.112319 0.628494 0.000000
vt 0.112319 0.999027 0.000000
vt 0.124509 0.628494 0.000000
vt 0.627641 0.627874 0.000000
vt 0.863642 0.986984 0.000000
vt 0.640111 0.536233 0.000000
vt 0.863650 0.085487 0.000000
vt 0.626332 0.997334 0.000000
vt 0.627641 0.997334 0.000000
vt 0.123597 0.006866 0.000000
vt 0.485609 0.006866 0.000000
vt 0.485609 0.239626 0.000000
vt 0.123597 0.239626 0.000000
vt 0.485608 0.239626 0.000000
vt 0.967635 0.988558 0.000000
vt 0.004358 0.964193 0.000000
vt 0.011220 0.708825 0.000000
vt 0.999677 0.018776 0.000000
vt 0.037098 0.187677 0.000000
vt 0.044858 0.031399 0.000000
vt -1.123703 3.938707 0.000000
vt -0.828093 3.927580 0.000000
vt 0.245601 0.921148 0.000000
vt 0.245613 -0.093130 0.000000
vt 0.593419 0.006695 0.000000
vt 0.747562 0.809754 0.000000
vt 0.869384 0.946094 0.000000
vt 0.119183 0.946088 0.000000
vt 0.119185 0.137863 0.000000
vt 0.279387 0.323559 0.000000
vt 0.279384 0.809744 0.000000
vt 0.858814 0.960902 0.000000
vt 0.084014 0.960897 0.000000
vt 0.084389 0.072040 0.000000
vt 2.741597 4.019133 0.000000
vt 2.815930 4.040371 0.000000
vt 2.741599 4.040371 0.000000
vt 0.980358 0.998799 0.000000
vt 0.021487 0.998796 0.000000
vt 0.021490 0.003167 0.000000
vt 0.980362 0.003170 0.000000
vt 0.747566 0.323561 0.000000
vt 0.747554 0.527328 0.000000
vt 0.279375 0.527327 0.000000
vt 0.543794 0.809749 0.000000
vt 0.543798 0.323560 0.000000
vt 0.279379 0.605973 0.000000
vt 0.747558 0.605990 0.000000
vt 0.483155 0.323560 0.000000
vt 0.483151 0.809749 0.000000
vt 0.173975 0.190739 0.000000
vt 0.472899 0.190743 0.000000
vt 0.472699 0.450278 0.000000
vt 0.173773 0.450275 0.000000
vt 0.472896 0.809987 0.000000
vt 0.342822 0.809985 0.000000
vt 0.342824 0.190741 0.000000
vt 0.173973 0.809982 0.000000
vt 0.173773 0.550447 0.000000
vt 0.472698 0.550451 0.000000
vt 0.304049 0.190741 0.000000
vt 0.304047 0.809984 0.000000
vt 0.535354 0.190744 0.000000
vt 0.834277 0.190748 0.000000
vt 0.834077 0.450283 0.000000
vt 0.535153 0.450281 0.000000
vt 0.834275 0.809992 0.000000
vt 0.704200 0.809990 0.000000
vt 0.704203 0.190746 0.000000
vt 0.535351 0.809988 0.000000
vt 0.535152 0.550452 0.000000
vt 0.834075 0.550456 0.000000
vt 0.665428 0.190746 0.000000
vt 0.665426 0.809990 0.000000
vt 0.869387 0.137868 0.000000
vt 0.858820 0.042888 0.000000
vt 0.921635 -0.059336 0.000000
vt 0.921628 0.481077 0.000000
vt 0.921625 0.961932 0.000000
vt 0.089304 0.961926 0.000000
vt 0.089313 -0.028005 0.000000
vt 0.996828 0.010856 0.000000
vt 0.996825 1.002934 0.000000
vt 2.821357 3.848007 0.000000
vt 2.741580 3.848166 0.000000
vt 0.684890 1.002944 0.000000
vt 0.000612 1.002934 0.000000
vt 1.202181 1.045374 0.000000
vt 0.051971 1.045336 0.000000
vt 0.052363 0.941724 0.000000
vt 1.202140 0.937127 0.000000
vt 0.001734 0.001262 0.000000
vt 0.424697 0.001264 0.000000
vt 0.424695 0.996976 0.000000
vt 0.001729 0.996975 0.000000
vt 0.440701 0.001264 0.000000
vt 0.863666 0.001266 0.000000
vt 0.863662 0.996978 0.000000
vt 0.440697 0.996976 0.000000
vt 0.836233 0.802655 0.000000
vt 0.575176 0.802654 0.000000
vt 0.575172 0.717540 0.000000
vt 0.836254 0.717541 0.000000
vt 0.575158 0.184395 0.000000
vt 0.659747 0.184387 0.000000
vt 0.659810 0.802646 0.000000
vt 0.836257 0.184396 0.000000
vt 0.836248 0.269511 0.000000
vt 0.575166 0.269510 0.000000
vt 0.751601 0.802646 0.000000
vt 0.751669 0.184387 0.000000
vt 0.535115 0.802654 0.000000
vt 0.274050 0.802653 0.000000
vt 0.274042 0.717539 0.000000
vt 0.535124 0.717540 0.000000
vt 0.274030 0.184394 0.000000
vt 0.358626 0.184386 0.000000
vt 0.358689 0.802644 0.000000
vt 0.535138 0.184395 0.000000
vt 0.535134 0.269510 0.000000
vt 0.274051 0.269509 0.000000
vt 0.450477 0.802645 0.000000
vt 0.450545 0.184386 0.000000
vt 0.052363 1.088405 0.000000
vt 0.053930 0.673701 0.000000
vt 0.056656 -0.047492 0.000000
vt 1.201718 -0.047470 0.000000
vt 1.202140 1.083809 0.000000
vt 3.215010 3.775608 0.000000
vt 3.548958 3.763073 0.000000
vt 3.548812 4.040371 0.000000
vt 0.964214 1.002948 0.000000
vt 0.964209 0.893150 0.000000
vt 0.964173 0.014751 0.000000
vt 1.894532 3.849617 0.000000
vt 1.796590 3.828846 0.000000
vt 1.892869 3.825233 0.000000
vt 2.249942 3.825475 0.000000
vt 2.571623 3.801388 0.000000
vt 2.571623 3.868026 0.000000
vt 2.249937 3.866726 0.000000
vt 2.248180 3.801388 0.000000
vt 2.561017 3.777964 0.000000
vt 2.561021 3.869291 0.000000
vt 2.248180 3.868026 0.000000
vt 2.739439 3.793458 0.000000
vt 2.822985 3.790322 0.000000
vt 0.000615 0.010856 0.000000
vt 0.005890 1.002920 0.000000
vt 0.006026 0.006852 0.000000
vt 0.451976 0.474787 0.000000
vt 0.673789 0.474786 0.000000
vt 0.711447 10.116632 0.000000
vt 0.010159 0.545998 0.000000
vt -5.025535 1.623376 0.000000
vt -1.315750 0.685116 0.000000
vt -1.399713 0.709413 0.000000
vt -1.483775 0.701504 0.000000
vt -1.567938 0.661370 0.000000
vt -1.273807 0.660888 0.000000
vt -1.357719 0.701291 0.000000
vt -1.525845 0.685460 0.000000
vt -1.274626 0.398357 0.000000
vt -1.273962 0.611172 0.000000
vt -1.292083 0.671445 0.000000
vt -1.433084 0.709467 0.000000
vt -1.488885 0.699549 0.000000
vt -1.568024 0.634004 0.000000
vt -1.568264 0.556862 0.000000
vt -1.568864 0.364545 0.000000
vt -1.271043 1.613051 0.000000
vt -1.270136 1.915207 0.000000
vt -1.564353 1.892344 0.000000
vt -1.565189 1.613860 0.000000
vt -3.035879 0.424589 0.000000
vt -3.034743 0.822840 0.000000
vt -3.492342 0.691471 0.000000
vt -3.493335 0.343282 0.000000
vt -4.067701 0.277831 0.000000
vt -3.610328 0.329950 0.000000
vt -3.609537 0.607217 0.000000
vt -4.067114 0.483408 0.000000
vt -4.168749 0.616614 0.000000
vt -4.168255 0.789673 0.000000
vt -4.625378 0.825234 0.000000
vt -4.626006 0.604896 0.000000
vt -3.033199 1.363272 0.000000
vt -3.032623 1.561410 0.000000
vt -3.032610 1.565835 0.000000
vt -3.489682 1.619152 0.000000
vt -3.489799 1.579036 0.000000
vt -3.489809 1.575625 0.000000
vt -3.607165 1.438204 0.000000
vt -3.606755 1.579261 0.000000
vt -3.606637 1.619474 0.000000
vt -4.063629 1.698125 0.000000
vt -4.063861 1.620731 0.000000
vt -4.063940 1.593477 0.000000
vt -4.165875 1.621012 0.000000
vt -4.165668 1.690196 0.000000
vt -4.623002 1.654657 0.000000
vt -4.623098 1.622269 0.000000
vt -2.165334 1.615510 0.000000
vt -2.164840 1.780088 0.000000
vt -2.596185 1.699452 0.000000
vt -2.596433 1.616696 0.000000
vt -4.845246 1.551121 0.000000
vt -4.845142 1.586778 0.000000
vt -5.143380 1.623700 0.000000
vt -4.841384 2.130112 0.000000
vt -5.156576 2.037074 0.000000
vt -5.155059 2.133859 0.000000
vt -5.193794 2.204998 0.000000
vt -5.167844 2.133894 0.000000
vt -4.825727 2.115545 0.000000
vt -2.325793 0.318830 0.000000
vt -2.325502 0.411950 0.000000
vt -2.497688 0.378999 0.000000
vt -2.497909 0.308435 0.000000
vt -2.755634 0.335705 0.000000
vt -2.755627 0.337750 0.000000
vt -2.755502 0.378024 0.000000
vt -2.927691 0.344067 0.000000
vt -2.927694 0.343102 0.000000
vt -2.927809 0.305975 0.000000
vt -4.848560 0.389086 0.000000
vt -4.848201 0.515204 0.000000
vt -5.146420 0.558962 0.000000
vt -5.146889 0.394635 0.000000
vt -1.770904 0.650241 0.000000
vt -1.770542 0.777201 0.000000
vt -2.227421 0.897802 0.000000
vt -2.227561 0.849075 0.000000
vt -2.228361 0.568567 0.000000
vt -0.563477 0.647326 0.000000
vt -0.563093 0.770356 0.000000
vt -0.563071 0.777658 0.000000
vt -1.020448 0.721423 0.000000
vt -1.020752 0.624057 0.000000
vt -1.021179 0.487088 0.000000
vt -0.531829 1.512950 0.000000
vt -0.825975 1.513759 0.000000
vt -0.531829 1.512950 0.000000
vt -0.825975 1.513759 0.000000
vt -1.274626 0.398357 0.000000
vt -1.273962 0.611172 0.000000
vt -1.568264 0.556862 0.000000
vt -1.568864 0.364545 0.000000
vt -1.315750 0.685116 0.000000
vt -1.399713 0.709413 0.000000
vt -1.567938 0.661370 0.000000
vt -1.292083 0.671445 0.000000
vt -1.568024 0.634004 0.000000
vt -1.357719 0.701291 0.000000
vt -1.273807 0.660888 0.000000
vt -1.525845 0.685460 0.000000
vt -1.488885 0.699549 0.000000
vt -1.433084 0.709467 0.000000
vt -1.483775 0.701504 0.000000
vt -2.596185 1.699452 0.000000
vt -2.164840 1.780088 0.000000
vt -2.165334 1.615510 0.000000
vt -2.596433 1.616696 0.000000
vt -5.025535 1.623376 0.000000
vt -4.845142 1.586778 0.000000
vt -4.845246 1.551121 0.000000
vt -5.143380 1.623700 0.000000
vt -1.271043 1.613051 0.000000
vt -1.270136 1.915207 0.000000
vt -1.564353 1.892344 0.000000
vt -1.565189 1.613860 0.000000
vt -4.848560 0.389086 0.000000
vt -4.848201 0.515204 0.000000
vt -5.146889 0.394635 0.000000
vt -5.146420 0.558962 0.000000
vt -0.531829 1.512950 0.000000
vt -0.825975 1.513759 0.000000
vt -0.531829 1.512950 0.000000
vt -0.825975 1.513759 0.000000
vt -4.841384 2.130112 0.000000
vt -5.156576 2.037074 0.000000
vt -4.825727 2.115545 0.000000
vt -5.155059 2.133859 0.000000
vt -5.167844 2.133894 0.000000
vt -5.193794 2.204998 0.000000
vt 0.320014 0.160329 0.000000
vt 0.328429 0.525571 0.000000
vt 0.332459 0.699544 0.000000
vt 0.338320 1.000000 0.000000
vt 1.000000 1.000000 0.000000
vt 1.000000 1.000000 0.000000
vt 0.105492 1.000000 0.000000
vt 0.454056 0.159658 0.000000
vt 0.450873 0.264097 0.000000
vt 0.460923 0.699544 0.000000
vt 0.422783 1.000000 0.000000
vt 1.000000 1.000000 0.000000
vt 0.076646 1.000000 0.000000
vt 0.106069 0.279370 0.000000
vt 0.105624 0.699544 0.000000
vt 0.104016 1.000000 0.000000
vt 1.000000 1.000000 0.000000
vt 1.000000 1.000000 0.000000
vt 0.696460 1.000000 0.000000
vt 0.000000 1.000000 0.000000
vt 0.019367 0.151639 0.000000
vt -0.456373 0.079067 0.000000
vt -0.506340 0.084410 0.000000
vt -0.498720 0.033537 0.000000
vt -0.235252 0.758282 0.000000
vt -0.266498 0.720217 0.000000
vt 0.000000 1.000000 0.000000
vt 0.750769 0.014958 0.253670
vt 0.489166 0.024662 0.253644
vt 0.729581 0.468881 0.822645
vt 0.507554 0.470946 0.820066
vt 0.745981 0.142363 0.407101
vt -0.482629 0.046549 0.000000
vt 0.689910 0.469250 0.822184
vt 0.733431 0.392228 0.725093
vt 0.283315 1.000000 0.000000
vt 0.698770 0.453570 0.802419
vt 0.730310 0.454349 0.804151
vt 0.327892 1.000000 0.000000
vt 0.338274 0.997660 0.000000
vt -0.482629 0.046549 0.000000
vt -0.506340 0.084410 0.000000
vt 0.698770 0.453570 0.802419
vt 0.689910 0.469250 0.822184
vt 0.733431 0.392228 0.725093
vt 2.360319 0.080502 0.000000
vt 0.070082 1.000000 0.000000
vt 2.184163 0.030648 0.000000
vt 2.183924 0.031188 0.000000
vt 2.184680 0.087456 0.000000
vt 2.232036 0.044196 0.000000
vt 2.214962 0.039364 0.000000
vt 0.699531 1.000000 0.000000
vt 0.328154 1.000000 0.000000
vt 0.000000 1.000000 0.000000
vt 0.656032 1.000000 0.000000
vt 0.000000 1.000000 0.000000
vt 0.000000 0.699544 0.000000
vt 0.000000 0.386480 0.000000
vt 0.000000 0.160325 0.000000
vt 0.000000 0.027149 0.000000
vt 0.799694 1.000000 0.000000
vt 0.378020 1.000000 0.000000
vt 0.000000 1.000000 0.000000
vt 0.599012 1.000000 0.000000
vt 0.000000 1.000000 0.000000
vt 0.000000 0.699544 0.000000
vt 0.000000 0.210565 0.000000
vt 0.000000 0.039845 0.000000
vt 0.000000 0.028061 0.000000
vt 0.939306 1.000000 0.000000
vt 0.509287 1.000000 0.000000
vt 0.000000 0.744549 0.000000
vt 0.000000 0.293761 0.000000
vt 0.000000 0.038579 0.000000
vt 0.937515 1.000000 0.000000
vt 0.477590 1.000000 0.000000
vt 0.000000 0.760448 0.000000
vt 0.000000 0.322230 0.000000
vt 0.000000 0.047299 0.000000
vt 0.000000 0.038141 0.000000
vt 0.000000 0.295630 0.000000
vt 0.000000 0.065911 0.000000
vt 0.000000 0.757274 0.000000
vt 0.045870 0.772523 0.000000
vt 0.995463 1.000000 0.000000
vt 0.000000 0.295630 0.000000
vt 0.000000 0.044626 0.000000
vt 0.000000 0.056623 0.000000
vt 0.000000 0.243303 0.000000
vt 0.000000 0.408709 0.000000
vt 0.000000 0.829261 0.000000
vt 0.032266 0.839987 0.000000
vt 0.126948 0.837821 0.000000
vt 0.598026 0.024559 0.253669
vt 0.336364 0.024023 0.253644
vt 0.348926 0.470912 0.820065
vt 0.591578 0.151743 0.407100
vt 0.531258 0.476353 0.822183
vt 0.571842 0.463037 0.804150
vt 0.540320 0.461023 0.802418
vt 0.120254 0.910007 0.999496
vt 1.109709 0.910007 0.000504
vt 0.120594 -0.004823 0.999176
vt 1.109709 -0.004823 0.000504
vt 0.274892 0.185791 0.838638
vt 0.533618 0.185791 0.578888
vt 0.533618 0.807447 0.578888
vt 0.274891 0.807447 0.838638
vt 0.573296 0.185791 0.539055
vt 0.832021 0.185791 0.279297
vt 0.832023 0.807447 0.279297
vt 0.573297 0.807447 0.539055
vt 0.115370 0.995814 0.999504
vt 0.999558 0.995814 0.000511
vt 0.115742 0.035928 0.999100
vt 0.999558 0.000498 0.000511
vt 0.999553 0.027881 0.000526
vt 0.814847 0.035771 0.207138
vt 0.850360 0.556548 0.167389
vt 0.999558 0.719306 0.000511
vt 0.839995 0.679585 0.179001
vt 0.846089 0.035771 0.172356
vt 0.137284 0.649760 0.969070
vt 0.136010 0.035729 0.970436
vt 0.145080 0.692131 0.960304
vt 0.163372 0.734393 0.939735
vt 0.190688 0.775423 0.909019
vt 0.226521 0.812659 0.868721
vt 0.269379 0.844542 0.820541
vt 0.316960 0.869948 0.767029
vt 0.365424 0.888281 0.712532
vt 0.417262 0.898120 0.654251
vt 0.532628 0.903997 0.524673
vt 0.571943 0.900560 0.480438
vt 0.614101 0.889161 0.433006
vt 0.663044 0.870710 0.377953
vt 0.711100 0.845486 0.323914
vt 0.754256 0.813792 0.275375
vt 0.790286 0.776866 0.234863
vt 0.825046 0.721832 0.195816
vt 0.999501 0.000589 0.015625
vt 0.501946 0.999501 1.015625
vt 0.000500 0.000500 0.796875
vt 0.002951 0.610705 0.000000
vt 0.508851 0.610705 0.000000
vt 0.508852 0.999284 0.000000
vt 0.002953 0.999284 0.000000
vt 0.998425 0.996944 0.000000
vt 0.544024 0.002202 0.000000
vt 0.998425 0.002203 0.000000
vt 0.544025 0.996944 0.000000
vt 1.124573 7.076630 0.000000
vt 4.003808 7.076423 0.000000
vt 4.003663 6.130264 0.000000
vt 1.124425 6.130708 0.000000
vt 3.123641 6.420791 0.000000
vt 3.123640 6.663927 0.000000
vt 2.812655 6.663901 0.000000
vt 2.812655 6.420791 0.000000
vt 2.812655 6.522817 0.000000
vt 2.812655 6.521752 0.000000
vt 3.119806 6.420791 0.000000
vt 3.122202 6.420791 0.000000
vt 1.847203 6.642019 0.000000
vt 1.847203 6.885105 0.000000
vt 1.373596 6.885094 0.000000
vt 1.373596 6.642019 0.000000
vt 1.847203 6.795880 0.000000
vt 1.847203 6.839100 0.000000
vt 1.847203 6.839555 0.000000
vt 1.708395 6.885095 0.000000
vt 1.707275 6.885095 0.000000
vt 1.617573 6.885095 0.000000
vt 1.443041 6.885094 0.000000
vt 3.123641 6.420791 0.000000
vt 3.123640 6.663927 0.000000
vt 2.812655 6.663901 0.000000
vt 2.812655 6.522817 0.000000
vt 3.119806 6.420791 0.000000
vt 3.122202 6.420791 0.000000
vt 1.847203 6.642019 0.000000
vt 1.373596 6.885094 0.000000
vt 1.373596 6.642019 0.000000
vt 1.617573 6.885095 0.000000
vt 1.443041 6.885094 0.000000
vt 3.123641 6.420791 0.000000
vt 2.812655 6.522817 0.000000
vt 2.812655 6.663901 0.000000
vt 3.123640 6.663927 0.000000
vt 1.847203 6.642019 0.000000
vt 1.373596 6.885094 0.000000
vt 1.443041 6.885094 0.000000
vt 1.373596 6.642019 0.000000
vt 1.617573 6.885095 0.000000
vt 0.233321 0.962297 0.000000
vt 0.155814 0.998960 0.000000
vt 0.000815 0.925633 0.000000
vt 0.194567 0.986739 0.000000
vt 0.039564 0.962296 0.000000
vt 0.272076 0.925634 0.000000
vt 0.117063 0.998959 0.000000
vt 0.078312 0.986738 0.000000
vt 0.272118 0.001695 0.000000
vt 0.000863 0.001695 0.000000
vt 0.589371 0.443141 0.000000
vt 0.589371 0.997273 0.000000
vt 0.362588 0.997273 0.000000
vt 0.362589 0.443140 0.000000
vt 0.912539 0.001340 0.000000
vt 0.912539 0.360905 0.000000
vt 0.690281 0.360904 0.000000
vt 0.690281 0.001339 0.000000
vt 0.589498 0.442822 0.000000
vt 0.589497 0.997425 0.000000
vt 0.362539 0.997425 0.000000
vt 0.362540 0.442822 0.000000
vt 0.590008 0.442425 0.000000
vt 0.590009 0.810894 0.000000
vt 0.362555 0.442425 0.000000
vt 0.362558 0.810895 0.000000
vt 0.589418 0.442667 0.000000
vt 0.589418 0.997036 0.000000
vt 0.362146 0.442667 0.000000
vt 0.362147 0.997036 0.000000
vt 0.589350 0.997309 0.000000
vt 0.362454 0.997329 0.000000
vt 0.362456 0.443018 0.000000
vt 0.589349 0.443018 0.000000
vt 0.478957 0.018763 0.000000
vt 0.642962 0.292289 0.000000
vt 0.642962 0.627141 0.000000
vt 0.314953 0.627142 0.000000
vt 0.314953 0.292290 0.000000
vt 0.672975 0.248814 0.000000
vt 0.302001 0.248814 0.000000
vt 0.302002 0.003887 0.000000
vt 0.301666 0.002178 0.000000
vt 0.672975 0.003887 0.000000
vt 0.478574 0.009641 0.000000
vt 0.668376 0.252093 0.000000
vt 0.642784 0.291759 0.000000
vt 0.668285 0.002178 0.000000
vt 0.642784 0.637128 0.000000
vt 0.301756 0.252093 0.000000
vt 0.314363 0.637128 0.000000
vt 0.314363 0.291759 0.000000
vt 0.672784 0.251784 0.000000
vt 0.301716 0.251784 0.000000
vt 0.301716 0.004027 0.000000
vt 0.672783 0.004027 0.000000
vt 0.674266 0.250920 0.000000
vt 0.302776 0.250920 0.000000
vt 0.302776 0.004424 0.000000
vt 0.479247 0.012629 0.000000
vt 0.674266 0.004424 0.000000
vt 0.643505 0.295136 0.000000
vt 0.669552 0.247958 0.000000
vt 0.305054 0.247958 0.000000
vt 0.643505 0.640982 0.000000
vt 0.314988 0.640983 0.000000
vt 0.305054 0.008021 0.000000
vt 0.669551 0.008021 0.000000
vt 0.478885 0.011673 0.000000
vt 0.675434 0.248661 0.000000
vt 0.642815 0.288250 0.000000
vt 0.669654 0.251910 0.000000
vt 0.302192 0.251910 0.000000
vt 0.642815 0.626837 0.000000
vt 0.302200 0.248661 0.000000
vt 0.302192 0.004533 0.000000
vt 0.669654 0.004533 0.000000
vt 0.478447 0.011504 0.000000
vt 0.669256 0.251596 0.000000
vt 0.641963 0.288162 0.000000
vt 0.670226 0.249824 0.000000
vt 0.301693 0.249824 0.000000
vt 0.641963 0.626848 0.000000
vt 0.304832 0.251596 0.000000
vt 0.301693 0.002494 0.000000
vt 0.670226 0.002494 0.000000
vt 0.672001 0.248386 0.000000
vt 0.302811 0.248386 0.000000
vt 0.478798 0.011656 0.000000
vt 0.642637 0.288244 0.000000
vt 0.670006 0.251327 0.000000
vt 0.642637 0.626843 0.000000
vt 0.302693 0.251327 0.000000
vt 0.302811 0.004753 0.000000
vt 0.672001 0.004753 0.000000
vt 0.301756 0.010308 0.000000
vt 0.668376 0.010308 0.000000
vt 0.668285 0.251357 0.000000
vt 0.301666 0.251357 0.000000
vt 0.314988 0.295136 0.000000
vt 0.302200 0.002326 0.000000
vt 0.675434 0.002326 0.000000
vt 0.314953 0.626837 0.000000
vt 0.314953 0.288251 0.000000
vt 0.304832 0.001719 0.000000
vt 0.669256 0.001719 0.000000
vt 0.314931 0.626848 0.000000
vt 0.314931 0.288162 0.000000
vt 0.302693 0.001593 0.000000
vt 0.670006 0.001593 0.000000
vt 0.314959 0.626843 0.000000
vt 0.314959 0.288244 0.000000
vt 0.698408 0.994705 1.500000
vt 0.998516 0.994705 1.500000
vt 0.698408 0.372607 1.499450
vt 0.998516 0.372607 1.499452
vt 0.645528 0.225064 0.000000
vt 1.302398 0.663767 0.000000
vt 1.543739 0.186256 0.000000
vt 1.578901 0.816504 0.000000
vt 1.578901 0.835008 0.000000
vt 1.543739 0.203211 0.000000
vt 1.834085 0.816504 0.000000
vt 1.834065 0.203211 0.000000
vt 1.851962 0.186256 0.000000
vt 1.851979 0.835008 0.000000
vt 0.645639 0.783728 0.000000
vt 0.598398 0.783733 0.000000
vt 0.598286 0.225006 0.000000
vt 1.685418 0.245466 0.000000
vt 1.302876 0.245466 0.000000
vt 1.268648 0.208300 0.000000
vt 1.719646 0.208300 0.000000
vt 1.302800 0.660580 0.000000
vt 1.684945 0.663767 0.000000
vt 1.719162 0.701287 0.000000
vt 1.268167 0.701287 0.000000
vt 1.685024 0.244721 0.000000
vt 1.719251 0.207203 0.000000
vt 1.268564 0.697748 0.000000
vt 1.302482 0.244721 0.000000
vt 1.268255 0.207203 0.000000
vt 1.685352 0.660579 0.000000
vt 1.719573 0.697747 0.000000
vt 1.258893 0.203211 0.000000
vt 1.258915 0.816504 0.000000
vt 1.238941 0.835008 0.000000
vt 1.238924 0.186256 0.000000
vt 1.543741 0.816504 0.000000
vt 1.543741 0.835008 0.000000
vt 0.728314 0.794361 0.000000
vt 0.728206 0.206723 0.000000
vt 0.479895 0.666102 0.000000
vt 0.485171 0.449665 0.000000
vt 1.578900 0.203211 0.000000
vt 1.578900 0.186256 0.000000
vt 0.415191 0.686240 0.000000
vt 0.419802 0.444682 0.000000
vt 0.369273 0.443888 0.000000
vt 0.364407 0.607974 0.000000
vt 0.314826 0.607373 0.000000
vt 0.319688 0.443358 0.000000
vt 0.328319 0.207904 0.000000
vt 0.587569 0.794410 0.000000
vt 0.385992 0.732499 0.000000
vt 0.328321 0.796258 0.000000
vt 0.587567 0.206619 0.000000
vt 1.834436 0.816496 0.000000
vt 0.466911 0.251111 0.000000
vt 1.834416 0.202840 0.000000
vt 0.609605 0.715894 0.000000
vt 0.609494 0.219024 0.000000
vt 1.852417 0.185875 0.000000
vt 1.852430 0.835011 0.000000
vt 0.576320 0.359194 0.000000
vt 0.571012 0.575792 0.000000
vt 1.577844 0.816497 0.000000
vt 1.577844 0.835011 0.000000
vt 1.256070 0.202841 0.000000
vt 1.256093 0.816496 0.000000
vt 1.236009 0.835011 0.000000
vt 0.704224 0.467067 0.000000
vt 0.708861 0.225366 0.000000
vt 1.235991 0.185875 0.000000
vt 1.542488 0.202841 0.000000
vt 1.542488 0.185875 0.000000
vt 1.542490 0.816496 0.000000
vt 1.542490 0.835011 0.000000
vt 1.577844 0.202841 0.000000
vt 1.577844 0.185875 0.000000
vt 0.543347 0.248347 0.000000
vt 0.538482 0.412287 0.000000
vt 0.469015 0.411446 0.000000
vt 0.473875 0.247726 0.000000
vt 0.466912 0.764789 0.000000
vt 0.534843 0.716021 0.000000
vt 0.534842 0.219022 0.000000
vt 1.547683 0.184426 0.000000
vt 0.354906 0.234177 0.000000
vt 1.583048 0.816715 0.000000
vt 1.583048 0.835278 0.000000
vt 1.547683 0.201436 0.000000
vt 1.839713 0.816714 0.000000
vt 1.839693 0.201436 0.000000
vt 1.857710 0.184426 0.000000
vt 0.451632 0.558692 0.000000
vt 0.457475 0.363319 0.000000
vt 1.857710 0.835278 0.000000
vt 1.261183 0.201436 0.000000
vt 1.261206 0.816714 0.000000
vt 1.241117 0.835278 0.000000
vt 1.241106 0.184426 0.000000
vt 0.739314 0.725928 0.000000
vt 0.743953 0.483588 0.000000
vt 1.547684 0.816714 0.000000
vt 1.547684 0.835278 0.000000
vt 1.583048 0.201436 0.000000
vt 1.583048 0.184426 0.000000
vt 0.424048 0.757084 0.000000
vt 0.428750 0.486452 0.000000
vt 0.476623 0.487443 0.000000
vt 0.471929 0.757635 0.000000
vt 0.307530 0.748201 0.000000
vt 0.314898 0.527333 0.000000
vt 0.371192 0.528116 0.000000
vt 0.354907 0.778696 0.000000
vt 0.335395 0.777344 0.000000
vt 0.335393 0.223229 0.000000
vt 0.644131 0.566667 0.000000
vt 0.638726 0.788044 0.000000
vt 1.543510 0.185545 0.000000
vt 0.758607 0.773215 0.000000
vt 1.578902 0.807978 0.000000
vt 1.578902 0.830962 0.000000
vt 1.543510 0.206607 0.000000
vt 1.835759 0.807978 0.000000
vt 1.835739 0.206607 0.000000
vt 1.853780 0.185545 0.000000
vt 0.474321 0.635241 0.000000
vt 0.479637 0.366181 0.000000
vt 1.853771 0.830963 0.000000
vt 0.703951 0.771833 0.000000
vt 0.704064 0.214683 0.000000
vt 1.256796 0.206607 0.000000
vt 1.256819 0.807977 0.000000
vt 0.343238 0.664377 0.000000
vt 0.347880 0.364317 0.000000
vt 1.236715 0.830962 0.000000
vt 1.236724 0.185545 0.000000
vt 0.279338 0.677959 0.000000
vt 0.285639 0.377935 0.000000
vt 1.543512 0.807977 0.000000
vt 1.543512 0.830962 0.000000
vt 0.474141 0.367012 0.000000
vt 0.469429 0.636086 0.000000
vt 1.578902 0.206607 0.000000
vt 1.578902 0.185545 0.000000
vt 0.421410 0.635099 0.000000
vt 0.758605 0.216428 0.000000
vt 0.591953 0.778005 0.000000
vt 0.591954 0.217990 0.000000
vt 1.834842 0.812301 0.000000
vt 1.834823 0.206547 0.000000
vt 1.852847 0.185332 0.000000
vt 1.852838 0.835453 0.000000
vt 0.642039 0.751568 0.000000
vt 0.647350 0.480556 0.000000
vt 1.578201 0.812302 0.000000
vt 1.578201 0.835453 0.000000
vt 1.256365 0.206547 0.000000
vt 1.256386 0.812301 0.000000
vt 1.236299 0.835453 0.000000
vt 1.236309 0.185332 0.000000
vt 0.767433 0.772333 0.000000
vt 0.772071 0.470096 0.000000
vt 1.542839 0.206547 0.000000
vt 1.542839 0.185332 0.000000
vt 0.701703 0.759336 0.000000
vt 0.707998 0.457135 0.000000
vt 1.542840 0.812300 0.000000
vt 1.542840 0.835453 0.000000
vt 0.640285 0.480772 0.000000
vt 0.635574 0.751797 0.000000
vt 1.578201 0.206547 0.000000
vt 1.578201 0.185332 0.000000
vt 0.587597 0.750803 0.000000
vt 0.592302 0.479975 0.000000
vt 0.415687 0.221533 0.000000
vt 0.478878 0.219470 0.000000
vt 0.755975 0.458206 0.000000
vt 0.749680 0.760401 0.000000
vt 1.542235 0.186230 0.000000
vt 0.721561 0.785690 0.000000
vt 1.577520 0.811727 0.000000
vt 1.577586 0.834827 0.000000
vt 1.542235 0.207395 0.000000
vt 1.833601 0.811727 0.000000
vt 1.833581 0.207395 0.000000
vt 1.851596 0.186230 0.000000
vt 0.399971 0.380545 0.000000
vt 0.394663 0.651163 0.000000
vt 1.851558 0.834826 0.000000
vt 0.772054 0.784490 0.000000
vt 0.772167 0.226678 0.000000
vt 1.256388 0.207395 0.000000
vt 1.256410 0.811727 0.000000
vt 0.530059 0.473280 0.000000
vt 0.525432 0.774720 0.000000
vt 1.236369 0.834826 0.000000
vt 1.236410 0.186231 0.000000
vt 0.335144 0.385982 0.000000
vt 0.328864 0.687387 0.000000
vt 1.542236 0.811726 0.000000
vt 1.541857 0.834827 0.000000
vt 0.363806 0.749400 0.000000
vt 0.300304 0.516480 0.000000
vt 1.577520 0.207395 0.000000
vt 1.577520 0.186230 0.000000
vt 0.535840 0.209251 0.000000
vt 0.721560 0.228227 0.000000
vt 0.699907 0.228774 0.000000
vt 0.699907 0.787788 0.000000
vt 0.478878 0.779969 0.000000
vt 0.415688 0.778758 0.000000
vt 1.368781 0.623582 0.000000
vt 1.377365 0.271501 0.000000
vt 1.603830 0.293819 0.000000
vt 1.597151 0.642639 0.000000
vt 1.587343 0.255845 0.000000
vt 1.587777 0.643128 0.000000
vt 1.387937 0.656101 0.000000
vt 1.388408 0.277420 0.000000
vt 1.635372 0.277437 0.000000
vt 1.635837 0.656118 0.000000
vt 1.384235 0.642219 0.000000
vt 1.384620 0.254938 0.000000
vt 1.490055 0.622887 0.000000
vt 1.496683 0.270776 0.000000
vt 1.491045 0.293714 0.000000
vt 1.482452 0.642503 0.000000
vt 1.552301 0.184537 0.000000
vt 0.638546 0.226261 0.000000
vt 0.618071 0.576465 0.000000
vt 1.588844 0.662106 0.000000
vt 0.774412 0.625220 0.000000
vt 1.588844 0.676126 0.000000
vt 1.552301 0.197385 0.000000
vt 0.392223 0.534106 0.000000
vt 0.448513 0.534951 0.000000
vt 1.854066 0.676126 0.000000
vt 1.854066 0.662106 0.000000
vt 1.872586 0.835730 0.000000
vt 1.256250 0.197385 0.000000
vt 1.256274 0.662105 0.000000
vt 0.448002 0.396225 0.000000
vt 0.452789 0.213534 0.000000
vt 1.235438 0.835730 0.000000
vt 1.235503 0.184537 0.000000
vt 0.300712 0.373465 0.000000
vt 0.369178 0.373503 0.000000
vt 0.390331 0.618458 0.000000
vt 1.552302 0.662105 0.000000
vt 0.442286 0.733259 0.000000
vt 0.304552 0.356810 0.000000
vt 1.552302 0.676126 0.000000
vt 1.256275 0.676126 0.000000
vt 1.854044 0.197385 0.000000
vt 0.638550 0.779271 0.000000
vt 0.707658 0.625320 0.000000
vt 0.707656 0.204969 0.000000
vt 1.588843 0.197385 0.000000
vt 0.440989 0.319157 0.000000
vt 1.588843 0.184537 0.000000
vt 0.764547 0.638469 0.000000
vt 0.770775 0.440143 0.000000
vt 1.872660 0.184537 0.000000
vt 0.746130 0.432737 0.000000
vt 0.738742 0.654088 0.000000
vt 1.588766 0.821709 0.000000
vt 1.588766 0.835730 0.000000
vt 0.441451 0.492351 0.000000
vt 0.304960 0.213534 0.000000
vt 0.353828 0.213562 0.000000
vt 0.774299 0.204973 0.000000
vt 0.373279 0.317391 0.000000
vt 0.373587 0.356773 0.000000
vt 0.373744 0.490630 0.000000
vt 1.853989 0.821709 0.000000
vt 0.373995 0.213534 0.000000
vt 1.256197 0.821709 0.000000
vt 1.552492 0.185264 0.000000
vt 0.486842 0.234126 0.000000
vt 0.455879 0.248546 0.000000
vt 1.589017 0.661971 0.000000
vt 1.589017 0.675966 0.000000
vt 0.415611 0.378590 0.000000
vt 1.552492 0.198089 0.000000
vt 0.290926 0.357156 0.000000
vt 0.411033 0.577770 0.000000
vt 1.854105 0.675966 0.000000
vt 1.854105 0.661971 0.000000
vt 1.872616 0.835281 0.000000
vt 1.256591 0.198089 0.000000
vt 0.456466 0.446674 0.000000
vt 0.451684 0.628897 0.000000
vt 1.256614 0.661970 0.000000
vt 1.235789 0.835281 0.000000
vt 0.580809 0.786942 0.000000
vt 0.586230 0.564983 0.000000
vt 0.539391 0.453620 0.000000
vt 0.347467 0.786139 0.000000
vt 1.235870 0.185264 0.000000
vt 0.634583 0.206720 0.000000
vt 0.634583 0.794410 0.000000
vt 1.552492 0.661970 0.000000
vt 1.552492 0.675966 0.000000
vt 1.256616 0.675966 0.000000
vt 0.486844 0.788824 0.000000
vt 0.742506 0.646620 0.000000
vt 0.742504 0.226271 0.000000
vt 1.854084 0.198089 0.000000
vt 0.280858 0.797849 0.000000
vt 1.589017 0.198089 0.000000
vt 0.346094 0.376137 0.000000
vt 0.341523 0.575074 0.000000
vt 1.589017 0.185264 0.000000
vt 0.728383 0.565988 0.000000
vt 0.722960 0.788044 0.000000
vt 1.872705 0.185264 0.000000
vt 1.588940 0.821285 0.000000
vt 0.368771 0.516521 0.000000
vt 0.751384 0.214689 0.000000
vt 0.280519 0.624144 0.000000
vt 1.588940 0.835281 0.000000
vt 1.854028 0.821285 0.000000
vt 1.256538 0.821285 0.000000
vt 1.552415 0.821285 0.000000
vt 0.347126 0.612372 0.000000
vt 1.552415 0.835281 0.000000
vt 0.291333 0.214191 0.000000
vt 0.775211 0.206720 0.000000
vt 0.775322 0.794410 0.000000
vt 0.532877 0.450489 0.000000
vt 0.527599 0.666930 0.000000
vt 0.379185 0.207204 0.000000
vt 0.379070 0.795712 0.000000
vt 0.467509 0.445440 0.000000
vt 0.462897 0.686989 0.000000
vt 0.415551 0.448818 0.000000
vt 0.421810 0.207289 0.000000
vt 0.531162 0.425698 0.000000
vt 0.483456 0.424904 0.000000
vt 0.583077 0.779272 0.000000
vt 0.583077 0.226260 0.000000
vt 0.281313 0.796311 0.000000
vt 0.281313 0.207904 0.000000
vt 0.656767 0.219022 0.000000
vt 0.656878 0.715935 0.000000
vt 0.523045 0.574934 0.000000
vt 0.528352 0.358365 0.000000
vt 0.346771 0.278927 0.000000
vt 0.346656 0.792739 0.000000
vt 0.756831 0.226124 0.000000
vt 0.752194 0.467816 0.000000
vt 0.500431 0.338007 0.000000
vt 0.494138 0.579678 0.000000
vt 0.696600 0.237432 0.000000
vt 0.691894 0.454042 0.000000
vt 0.404211 0.771734 0.000000
vt 0.404102 0.217805 0.000000
vt 0.510266 0.364162 0.000000
vt 0.504424 0.559440 0.000000
vt 0.422756 0.234086 0.000000
vt 0.422629 0.778788 0.000000
vt 0.791936 0.484348 0.000000
vt 0.787298 0.726680 0.000000
vt 0.403727 0.254748 0.000000
vt 0.392124 0.527959 0.000000
vt 0.727273 0.505791 0.000000
vt 0.722565 0.723050 0.000000
vt 0.382681 0.223365 0.000000
vt 0.382682 0.777344 0.000000
vt 0.302885 0.778745 0.000000
vt 0.302885 0.234177 0.000000
vt 0.582117 0.219108 0.000000
vt 0.582117 0.716021 0.000000
vt 0.419645 0.764835 0.000000
vt 0.419645 0.251111 0.000000
vt 0.645714 0.777430 0.000000
vt 0.645603 0.217781 0.000000
vt 0.527650 0.367416 0.000000
vt 0.522338 0.636271 0.000000
vt 0.751271 0.771538 0.000000
vt 0.353419 0.356839 0.000000
vt 0.395899 0.365264 0.000000
vt 0.391256 0.665308 0.000000
vt 0.333656 0.378999 0.000000
vt 0.327355 0.679007 0.000000
vt 0.426119 0.366231 0.000000
vt 0.451401 0.217801 0.000000
vt 0.639276 0.218292 0.000000
vt 0.639276 0.778005 0.000000
vt 0.805921 0.216365 0.000000
vt 0.805922 0.773215 0.000000
vt 0.532529 0.220096 0.000000
vt 0.532639 0.780216 0.000000
vt 0.695324 0.481789 0.000000
vt 0.690016 0.752604 0.000000
vt 0.352601 0.221533 0.000000
vt 0.352487 0.779137 0.000000
vt 0.820049 0.471039 0.000000
vt 0.815411 0.773270 0.000000
vt 0.823175 0.204969 0.000000
vt 0.823289 0.625219 0.000000
vt 0.370602 0.778785 0.000000
vt 0.370727 0.234217 0.000000
vt 0.560372 0.234125 0.000000
vt 0.560274 0.789153 0.000000
vt 0.346802 0.649688 0.000000
vt 0.352099 0.379510 0.000000
vt 0.819341 0.226444 0.000000
vt 0.819228 0.783969 0.000000
vt 0.477560 0.773763 0.000000
vt 0.482189 0.472243 0.000000
vt 0.280991 0.686421 0.000000
vt 0.287273 0.384937 0.000000
vt 0.395248 0.435372 0.000000
vt 0.444829 0.435986 0.000000
vt 0.652745 0.787260 0.000000
vt 0.652745 0.228534 0.000000
vt 0.768732 0.228164 0.000000
vt 0.768733 0.785690 0.000000
vt 0.431595 0.779668 0.000000
vt 0.431595 0.219470 0.000000
vt 0.368411 0.778838 0.000000
vt 0.368411 0.221533 0.000000
vt 1.473544 0.273229 0.000000
vt 1.464961 0.625317 0.000000
vt 1.500970 0.640961 0.000000
vt 1.507648 0.292147 0.000000
vt 1.493005 0.643314 0.000000
vt 1.492572 0.256030 0.000000
vt 1.483177 0.277602 0.000000
vt 1.482706 0.656289 0.000000
vt 1.541067 0.656307 0.000000
vt 1.540599 0.277620 0.000000
vt 1.479393 0.255120 0.000000
vt 1.479008 0.642402 0.000000
vt 1.592865 0.272463 0.000000
vt 1.586231 0.624581 0.000000
vt 1.386272 0.640778 0.000000
vt 1.394863 0.291997 0.000000
vt 0.422856 0.213563 0.000000
vt 0.622818 0.412433 0.000000
vt 0.554807 0.248800 0.000000
vt 0.554671 0.801945 0.000000
vt 0.502379 0.213760 0.000000
vt 0.497585 0.396793 0.000000
vt 0.439914 0.619016 0.000000
vt 0.353122 0.576435 0.000000
vt 0.357693 0.377521 0.000000
vt 0.429771 0.788825 0.000000
vt 0.756521 0.205072 0.000000
vt 0.756522 0.625321 0.000000
vt 0.429771 0.234125 0.000000
vt 0.534475 0.636398 0.000000
vt 0.827068 0.440919 0.000000
vt 0.820840 0.639227 0.000000
vt 0.682451 0.653284 0.000000
vt 0.689837 0.432000 0.000000
vt 0.465009 0.635539 0.000000
vt 0.469921 0.452840 0.000000
vt 0.385980 0.492434 0.000000
vt 0.385518 0.319192 0.000000
vt 0.672399 0.413028 0.000000
vt 0.667653 0.577046 0.000000
vt 0.665043 0.786913 0.000000
vt 0.318280 0.490665 0.000000
vt 0.317813 0.317424 0.000000
vt 0.422448 0.356841 0.000000
vt 0.670464 0.564953 0.000000
vt 0.451134 0.412287 0.000000
vt 0.359790 0.214232 0.000000
vt 0.381667 0.411455 0.000000
vt 0.503089 0.789150 0.000000
vt 0.503187 0.234450 0.000000
vt 0.382208 0.628582 0.000000
vt 0.386999 0.445880 0.000000
vt 0.386412 0.247733 0.000000
vt 0.810964 0.226521 0.000000
vt 0.810966 0.646621 0.000000
vt 0.337592 0.624028 0.000000
vt 0.337932 0.797799 0.000000
vt 0.359382 0.357251 0.000000
vt 0.283605 0.573983 0.000000
vt 0.288176 0.375070 0.000000
vt 0.404192 0.612323 0.000000
vt 0.404534 0.786093 0.000000
vt 0.646123 0.640956 0.000000
vt 0.646012 0.219685 0.000000
vt 0.488135 0.208452 0.000000
vt 0.469514 0.208145 0.000000
vt 0.463255 0.449666 0.000000
vt 0.714520 0.219680 0.000000
vt 0.714634 0.640955 0.000000
vt 0.499091 0.801943 0.000000
vt 0.499225 0.248931 0.000000
vt 1.552224 0.821708 0.000000
vt 1.552224 0.835730 0.000000
vt 0.643925 0.453247 0.000000
vt 0.648630 0.236668 0.000000
vt 0.446170 0.578822 0.000000
vt 0.452465 0.337158 0.000000
vt 0.692953 0.217776 0.000000
vt 0.693063 0.777489 0.000000
vt 0.305205 0.779132 0.000000
vt 0.305318 0.221830 0.000000
vt 0.674583 0.722254 0.000000
vt 0.679289 0.505101 0.000000
vt 0.303682 0.526991 0.000000
vt 0.315287 0.253789 0.000000
vt 0.485331 0.780220 0.000000
vt 0.485220 0.220023 0.000000
vt 0.332058 0.795708 0.000000
vt 0.332170 0.207302 0.000000
vt 0.451514 0.771782 0.000000
vt 0.299385 0.792737 0.000000
vt 0.299497 0.279013 0.000000
vt -0.131728 0.010571 0.000515
vt -0.595611 0.013216 0.000520
vt -0.145350 0.999374 0.990442
vt 1.634670 0.990637 0.946720
vt 0.252993 0.997471 0.983082
vt 1.582398 0.000500 0.000499
vt -0.021326 0.009923 0.000514
vt -0.042940 0.999343 0.988474
vt -0.021120 0.173194 0.148553
vt -0.131235 0.173760 0.148566
vt -0.576351 1.001895 0.999318
vt -0.588122 0.727630 0.722340
vt 0.472066 0.080848 0.000000
vt -0.013820 0.078089 0.000000
vt -0.015020 0.038817 0.000000
vt 0.472693 0.035182 0.000000
vt 2.336498 0.015303 0.000000
vt 2.339668 0.059553 0.000000
vt 1.721039 0.080803 0.000000
vt 0.889773 0.031728 0.000000
vt 0.801154 0.082717 0.000000
vt 0.578724 0.081454 0.000000
vt 0.579824 0.034423 0.000000
vt -0.044538 0.008561 0.000000
vt 0.478586 0.007031 0.000000
vt 0.478239 0.032350 0.000000
vt 0.467635 0.805344 0.000000
vt -0.020078 0.808979 0.000000
vt 0.592826 0.032043 0.000000
vt 0.574766 0.804585 0.000000
vt 2.275305 0.001778 0.000000
vt 0.884715 0.801890 0.000000
vt 2.331440 0.785465 0.000000
vt 0.593419 0.006695 0.000000
vt -0.002166 0.078155 0.000000
vt -0.005158 0.038743 0.000000
vt -6.668889 1.627895 0.000000
vt 0.009488 1.609530 0.000000
vt 0.009087 2.119661 0.000000
vt -4.831246 2.132968 0.000000
vt -5.161724 2.133877 0.000000
vt -6.667234 2.138016 0.000000
vt 0.010053 0.965968 0.000000
vt -6.671036 0.984373 0.000000
vt 0.010565 -0.250036 0.000000
vt 0.010358 -0.240670 0.000000
vt -6.675059 -0.222232 0.000000
vt -6.675970 -0.481895 0.000000
vt 1.124573 7.076630 0.000000
vt 4.003808 7.076423 0.000000
vt 4.003797 8.421539 0.000000
vt 1.071309 8.421301 0.000000
vt -4.764311 2.130112 0.000000
vt -5.233648 2.130111 0.000000
vt -5.231310 2.019348 0.000000
vt -4.754883 2.019348 0.000000
vt -5.002108 2.755036 0.000000
vt -5.304184 2.476426 0.000000
vt -5.227550 2.134058 0.000000
vt -4.765421 2.132787 0.000000
vt -4.701569 2.474767 0.000000
vt 0.010159 0.545998 0.000000
vt 0.466146 0.552609 0.393156
vt 0.531658 0.552620 0.613146
vt 0.546572 0.460501 0.398129
vt 0.451231 0.460512 0.618120
vt 0.466143 0.519688 0.393174
vt 0.531661 0.519699 0.613165
vt 0.468542 0.447391 0.617485
vt 0.529262 0.447379 0.397494
vt 0.398129 0.460501 0.453428
vt 0.618120 0.460512 0.451231
vt 0.613146 0.552620 0.531658
vt 0.613146 0.552620 0.531658
vt 0.393156 0.552609 0.533854
vt 0.398129 0.460501 0.453428
vt 0.382515 0.447391 0.468542
vt 0.602506 0.447379 0.470738
vt 0.606826 0.519688 0.533857
vt 0.606826 0.519688 0.533857
vt 0.386835 0.519699 0.531661
vt 0.382515 0.447391 0.468542
vt 0.381880 0.451231 0.460512
vt 0.601871 0.453428 0.460501
vt 0.602506 0.470738 0.447379
vt 0.602506 0.470738 0.447379
vt 0.382515 0.468542 0.447391
vt 0.381880 0.451231 0.460512
vt 0.546572 0.460501 0.398129
vt 0.466143 0.519688 0.393174
vt 0.531658 0.552620 0.613146
vt 0.468542 0.447391 0.617485
vt -0.084417 10.116110 0.000000
vt 0.751902 10.116659 0.000000
vt 0.751883 9.730328 0.000000
vt -0.082811 9.730092 0.000000
vt 0.751883 9.730328 0.000000
vt 0.751902 10.116659 0.000000
vt 0.751883 9.730328 0.000000
vt 0.751902 10.116659 0.000000
vt 0.751902 10.116659 0.000000
vt 0.751902 10.116659 0.000000
vt 0.751883 9.730328 0.000000
vt 0.751883 9.730328 0.000000
vt 0.627485 1.737167 0.000000
vt 1.136358 1.737164 0.000000
vt 1.135929 1.969794 0.000000
vt 0.627485 1.969749 0.000000
vt 1.404314 2.641262 0.000000
vt 1.404332 2.132535 0.000000
vt 1.594515 2.845907 0.000000
vt 1.403926 3.049386 0.000000
vt 1.419747 3.556965 0.000000
vt 1.171732 2.641260 0.000000
vt 1.171748 2.132529 0.000000
vt 1.171911 3.052769 0.000000
vt 1.186421 3.563093 0.000000
vt 0.795866 1.325575 0.000000
vt 0.795877 0.816847 0.000000
vt 0.986117 1.530173 0.000000
vt 0.795380 1.733323 0.000000
vt 0.814972 2.240555 0.000000
vt 0.563284 1.325575 0.000000
vt 0.563292 0.816844 0.000000
vt 0.563515 1.737509 0.000000
vt 0.581495 2.248152 0.000000
vt 0.231107 1.658794 0.000000
vt 0.231119 1.150066 0.000000
vt 0.421309 1.863440 0.000000
vt 0.230720 2.066919 0.000000
vt 0.246543 2.574497 0.000000
vt -0.001474 1.658793 0.000000
vt -0.001465 1.150062 0.000000
vt -0.001295 2.070302 0.000000
vt 0.013218 2.580626 0.000000
vt 0.686984 3.156860 0.000000
vt 0.687005 2.648132 0.000000
vt 0.877186 3.361504 0.000000
vt 0.686597 3.564981 0.000000
vt 0.702420 4.072560 0.000000
vt 0.454403 3.156856 0.000000
vt 0.454421 2.648124 0.000000
vt 0.454582 3.568364 0.000000
vt 0.469094 4.078689 0.000000
vt 1.668171 1.325504 0.000000
vt 1.668176 0.816775 0.000000
vt 1.858412 1.530112 0.000000
vt 1.667705 1.733328 0.000000
vt 1.686540 2.240632 0.000000
vt 1.435589 1.325504 0.000000
vt 1.435593 0.816774 0.000000
vt 1.435809 1.737353 0.000000
vt 1.453092 2.247933 0.000000
vt 1.236252 2.243334 0.000000
vt 1.236243 1.734605 0.000000
vt 1.426230 1.529751 0.000000
vt 1.236243 1.324898 0.000000
vt 1.236252 0.816169 0.000000
vt 1.003660 1.324896 0.000000
vt 1.003668 0.816166 0.000000
vt 1.003660 1.734607 0.000000
vt 1.003669 2.243337 0.000000
vt -0.437591 0.180318 0.999501
vt 0.503611 0.180318 0.103484
vt 1.437504 0.180318 0.999418
vt 1.450439 0.180318 0.908796
vt 0.503661 0.180318 0.000500
vt -0.450439 0.180318 0.908795
vt -0.437591 0.819682 0.999500
vt 0.503611 0.819682 0.103483
vt 1.437504 0.819682 0.999418
vt 1.450439 0.819682 0.908796
vt 0.503661 0.819682 0.000499
vt -0.450439 0.819682 0.908795
vt -0.437591 0.180318 0.999501
vt 0.503611 0.180318 0.103484
vt 1.437504 0.180318 0.999418
vt 1.450439 0.180318 0.908796
vt 0.503661 0.180318 0.000500
vt -0.450439 0.180318 0.908795
vt -0.437591 0.819682 0.999500
vt 0.503611 0.819682 0.103483
vt 1.437504 0.819682 0.999418
vt 1.450439 0.819682 0.908796
vt 0.503661 0.819682 0.000499
vt -0.450439 0.819682 0.908795
vt 0.998303 0.992627 0.000000
vt 0.005869 0.992630 0.000000
vt 0.006133 0.000918 0.000000
vt 0.998562 0.000921 0.000000
vt 0.997927 0.994742 0.000000
vt 0.002644 0.994743 0.000000
vt 0.002660 0.005738 0.000000
vt 0.997943 0.005741 0.000000
vt 0.998206 0.993188 0.000000
vt 0.006840 0.993188 0.000000
vt 0.006855 0.000763 0.000000
vt 0.998221 0.000765 0.000000
vt 0.999035 0.992975 0.000000
vt 0.006618 0.992978 0.000000
vt 0.006637 0.001013 0.000000
vt 0.999047 0.001013 0.000000
vt 0.433074 0.995450 0.000000
vt 0.003352 0.995460 0.000000
vt 0.003334 0.002243 0.000000
vt 0.433088 0.002234 0.000000
vt 0.434632 0.002859 0.000000
vt 0.434650 0.998919 0.000000
vt 0.003895 0.002854 0.000000
vt 0.003914 0.998915 0.000000
vt 0.873978 0.993318 0.000000
vt 0.448115 0.993324 0.000000
vt 0.448126 0.006450 0.000000
vt 0.873992 0.006444 0.000000
vt 0.875427 0.006159 0.000000
vt 0.875444 0.995050 0.000000
vt 0.446524 0.006154 0.000000
vt 0.446544 0.995046 0.000000
vt 0.434098 0.997607 0.000000
vt 0.004675 0.997613 0.000000
vt 0.004686 0.002721 0.000000
vt 0.434112 0.002714 0.000000
vt 0.870549 0.006532 0.000000
vt 0.870566 0.991961 0.000000
vt 0.447122 0.006527 0.000000
vt 0.447140 0.991957 0.000000
vt 0.433876 0.997022 0.000000
vt 0.004484 0.997028 0.000000
vt 0.004495 0.002802 0.000000
vt 0.433890 0.002796 0.000000
vt 0.433442 0.002254 0.000000
vt 0.433459 0.995970 0.000000
vt 0.003072 0.002244 0.000000
vt 0.003092 0.995961 0.000000
vt 0.435261 0.995844 0.000000
vt 0.002442 0.995854 0.000000
vt 0.002453 0.002173 0.000000
vt 0.435275 0.002165 0.000000
vt 0.435188 0.002103 0.000000
vt 0.435204 0.996519 0.000000
vt 0.003617 0.002093 0.000000
vt 0.003637 0.996511 0.000000
vt 0.875432 0.005230 0.000000
vt 0.875452 0.996347 0.000000
vt 0.445922 0.005221 0.000000
vt 0.445942 0.996339 0.000000
vt 0.434697 0.999237 0.000000
vt 0.002866 0.999247 0.000000
vt 0.002878 0.002093 0.000000
vt 0.434709 0.002084 0.000000
vt 0.993140 0.983502 0.000000
vt 0.005747 0.983502 0.000000
vt 0.005758 0.002454 0.000000
vt 0.993137 0.002452 0.000000
vt 0.997888 0.003171 0.000000
vt 0.997901 0.995580 0.000000
vt 0.004432 0.003160 0.000000
vt 0.004442 0.995571 0.000000
vt 0.432539 0.995359 0.000000
vt 0.003568 0.995366 0.000000
vt 0.003579 0.004178 0.000000
vt 0.432555 0.004172 0.000000
vt 0.871761 0.013603 0.000000
vt 0.871780 0.994047 0.000000
vt 0.451864 0.013598 0.000000
vt 0.451882 0.994043 0.000000
vt 0.435013 0.996601 0.000000
vt 0.003609 0.996610 0.000000
vt 0.003627 0.004794 0.000000
vt 0.435035 0.004786 0.000000
vt 0.870811 0.007455 0.000000
vt 0.870839 0.994010 0.000000
vt 0.448327 0.007448 0.000000
vt 0.448352 0.994003 0.000000
vt 0.508567 0.950525 0.000000
vt 0.026078 0.702803 0.000000
vt 0.987311 0.702826 0.000000
vt 0.318911 0.065949 0.000000
vt 0.685466 0.065762 0.000000
vt 0.685295 0.065949 0.000000
vt 0.319021 0.065762 0.000000
vt 0.319021 0.653425 0.000000
vt 0.685466 0.653425 0.000000
vt 0.685295 0.653339 0.000000
vt 0.318911 0.653339 0.000000
vt 0.104838 -0.050077 1.029451
vt 0.894676 -0.050077 -0.029814
vt -0.029814 0.105324 1.128109
vt 1.029451 1.128109 0.104838
vt 0.854837 0.094565 1.029795
vt -0.029470 0.855323 0.094565
vt 1.029470 1.128109 0.855323
vt -0.029795 1.128109 0.854837
vt 0.104838 -0.128109 1.029451
vt 0.894677 -0.128109 -0.029814
vt 0.894676 0.025139 1.029814
vt 0.104838 0.025138 -0.029451
vt 0.148418 0.855242 0.094565
vt 0.898325 0.854898 0.094565
vt 0.851582 0.718024 0.854967
vt 0.101673 0.718024 0.854624
vt 1.029814 0.894676 0.103171
vt -0.029451 0.895162 0.103171
vt 0.894676 -0.050077 -0.029814
vt 0.894676 1.128109 -0.029814
vt 0.144677 1.128109 -0.029470
vt 0.894676 -0.050077 -0.029814
vt 0.144677 1.128109 -0.029470
vt 0.144677 0.094565 -0.029470
vt -0.029814 0.105324 1.128109
vt 1.029451 0.104838 1.128109
vt 1.029795 0.854837 1.128109
vt 0.104838 1.128109 1.029451
vt 0.104838 -0.050077 1.029451
vt 0.854837 0.094565 1.029795
vt 0.104838 1.128109 1.029451
vt 0.854837 0.094565 1.029795
vt 0.854837 1.128109 1.029795
vt -0.029814 1.128109 0.105324
vt 1.029451 -0.050077 0.104838
vt -0.029814 -0.050077 0.105324
vt 1.029451 -0.050077 0.104838
vt -0.029814 1.128109 0.105324
vt 0.101675 0.094565 0.854898
vt 0.101673 0.718024 0.854624
vt -0.029795 0.094565 0.854837
vt 1.029451 -0.050077 0.104838
vt -0.029814 -0.050077 0.105324
vt -0.029814 -0.128109 0.105323
vt -0.029814 -0.128109 0.105323
vt 1.029451 -0.128109 0.104838
vt 1.029451 -0.050077 0.104838
vt 0.894676 -0.050077 -0.029814
vt 0.144677 0.094565 -0.029470
vt 0.104838 0.025138 -0.029451
vt 0.104838 0.025138 -0.029451
vt -0.029814 0.025139 0.894676
vt 1.029451 0.025138 0.895162
vt 1.029451 0.103171 0.895162
vt 0.854837 0.094565 1.029795
vt 0.104838 -0.128109 1.029451
vt 0.894676 0.025139 1.029814
vt 0.854837 0.094565 1.029795
vt 1.029469 0.094565 0.855323
vt 1.029470 1.128109 0.855323
vt 0.851582 0.094565 0.855242
vt 1.029470 1.128109 0.855323
vt 0.851582 0.718024 0.854967
vt 0.851582 0.094565 0.855242
vt 1.029451 0.103171 0.895162
vt -0.029814 0.103171 0.894676
vt -0.029814 0.025139 0.894676
vt 1.029470 1.128109 0.855323
vt -0.029795 1.128109 0.854837
vt 0.101673 0.718024 0.854624
vt 1.029795 0.854837 1.128109
vt -0.029470 0.855323 1.128109
vt 0.101673 0.718024 0.854624
vt -0.029795 0.094565 0.854837
vt 0.898325 0.854898 0.094565
vt 1.029795 0.854837 0.094565
vt 1.029814 0.894676 0.103171
vt 0.144677 0.094565 -0.029470
vt 0.104838 0.103171 -0.029451
vt 0.894676 0.103171 1.029814
vt 0.148418 0.855242 0.094565
vt -0.029451 0.895162 0.103171
vt 0.148418 0.855242 0.094565
vt 1.029814 0.894676 0.103171
vt 0.219523 0.696332 0.333333
vt 0.780477 0.696332 0.333333
vt 0.780477 0.460313 0.333333
vt 0.460313 0.333333 0.780477
vt 0.696332 0.500998 0.780477
vt 0.303668 0.500998 0.219523
vt 0.539687 0.500998 0.219523
vt 0.460313 0.500998 0.780477
vt 0.696332 0.584925 0.780477
vt 0.303668 0.584925 0.219523
vt 0.219523 0.460313 0.584925
vt 0.780477 0.460313 0.584925
vt 0.780477 0.696332 0.666667
vt 0.219523 0.696332 0.666667
vt 0.219523 0.460313 0.666667
vt 0.780477 0.460313 0.666667
vt 0.612717 0.333333 0.219523
vt 0.387283 0.333333 0.780477
vt 0.612717 0.500998 0.219523
vt 0.780477 0.387283 0.500998
vt 0.219523 0.387283 0.584925
vt 0.780477 0.387283 0.584925
vt 0.696332 0.333333 0.219523
vt 0.303668 0.333333 0.780477
vt 0.696332 0.500998 0.219523
vt 0.780477 0.303668 0.500998
vt 0.004256 0.677555 0.961091
vt -0.701921 0.677555 0.961091
vt 0.004256 0.150996 0.858926
vt -0.701921 0.150996 0.858926
vt 0.219523 0.333333 0.696332
vt 0.780477 0.333333 0.696332
vt 0.780477 0.500998 0.696332
vt 0.219523 0.333333 0.696332
vt 0.780477 0.500998 0.696332
vt 0.219523 0.500998 0.696332
vt 0.303668 0.333333 0.219523
vt 0.539687 0.333333 0.219523
vt 0.539687 0.500998 0.219523
vt 0.303668 0.333333 0.219523
vt 0.539687 0.500998 0.219523
vt 0.303668 0.500998 0.219523
vt 0.219523 0.333333 0.303669
vt 0.780477 0.333333 0.303668
vt 0.780477 0.500998 0.303668
vt 0.219523 0.333333 0.303669
vt 0.780477 0.500998 0.303668
vt 0.219523 0.500998 0.303668
vt 0.460313 0.333333 0.780477
vt 0.696332 0.333333 0.780477
vt 0.696332 0.500998 0.780477
vt 0.460313 0.333333 0.780477
vt 0.696332 0.500998 0.780477
vt 0.460313 0.500998 0.780477
vt 0.219523 0.500998 0.696332
vt 0.780477 0.500998 0.696332
vt 0.780477 0.584925 0.696332
vt 0.219523 0.500998 0.696332
vt 0.780477 0.584925 0.696332
vt 0.219523 0.584925 0.696332
vt 0.303668 0.500998 0.219523
vt 0.539687 0.500998 0.219523
vt 0.539687 0.584925 0.219523
vt 0.539687 0.584925 0.219523
vt 0.303668 0.584925 0.219523
vt 0.219523 0.500998 0.387283
vt 0.780477 0.500998 0.387283
vt 0.780477 0.584925 0.387283
vt 0.219523 0.500998 0.387283
vt 0.780477 0.584925 0.387283
vt 0.219523 0.584925 0.387283
vt 0.460313 0.500998 0.780477
vt 0.696332 0.584925 0.780477
vt 0.460313 0.500998 0.780477
vt 0.696332 0.584925 0.780477
vt 0.460313 0.584925 0.780477
vt 0.219523 0.584925 0.696332
vt 0.780477 0.584925 0.696332
vt 0.780477 0.666667 0.696332
vt 0.219523 0.584925 0.696332
vt 0.780477 0.666667 0.696332
vt 0.219523 0.666667 0.696332
vt 0.303668 0.584925 0.219523
vt 0.539687 0.584925 0.219523
vt 0.539687 0.666667 0.219523
vt 0.539687 0.666667 0.219523
vt 0.303668 0.666667 0.219523
vt 0.219523 0.584925 0.460313
vt 0.780477 0.584925 0.460313
vt 0.780477 0.666667 0.460313
vt 0.219523 0.584925 0.460313
vt 0.780477 0.666667 0.460313
vt 0.219523 0.666667 0.460313
vt 0.460313 0.584925 0.780477
vt 0.696332 0.666667 0.780477
vt 0.460313 0.584925 0.780477
vt 0.696332 0.666667 0.780477
vt 0.460313 0.666667 0.780477
vt 0.780477 0.460313 0.333333
vt 0.219523 0.696332 0.333333
vt 0.219523 0.460313 0.333333
vt 0.780477 0.460313 0.333333
vt 0.219523 0.460313 0.666667
vt 0.780477 0.696332 0.666667
vt 0.539687 0.500998 0.219523
vt 0.539687 0.333333 0.219523
vt 0.612717 0.333333 0.219523
vt 0.612717 0.333333 0.219523
vt 0.612717 0.500998 0.219523
vt 0.539687 0.500998 0.219523
vt 0.780477 0.460313 0.333333
vt 0.219523 0.460313 0.333333
vt 0.219523 0.387283 0.333333
vt 0.219523 0.387283 0.333333
vt 0.780477 0.387283 0.333333
vt 0.460313 0.333333 0.780477
vt 0.460313 0.500998 0.780477
vt 0.387283 0.500998 0.780477
vt 0.387283 0.500998 0.780477
vt 0.387283 0.333333 0.780477
vt 0.539687 0.584925 0.219523
vt 0.612717 0.500998 0.219523
vt 0.612717 0.500998 0.219523
vt 0.612717 0.584925 0.219523
vt 0.539687 0.584925 0.219523
vt 0.460313 0.500998 0.780477
vt 0.460313 0.584925 0.780477
vt 0.387283 0.584925 0.780477
vt 0.387283 0.584925 0.780477
vt 0.387283 0.500998 0.780477
vt 0.780477 0.460313 0.584925
vt 0.219523 0.387283 0.584925
vt 0.780477 0.387283 0.333333
vt 0.219523 0.387283 0.333333
vt 0.219523 0.303668 0.333333
vt 0.219523 0.303668 0.333333
vt 0.780477 0.303669 0.333333
vt 0.780477 0.387283 0.333333
vt 0.387283 0.333333 0.780477
vt 0.387283 0.500998 0.780477
vt 0.303668 0.500998 0.780477
vt 0.303668 0.500998 0.780477
vt 0.780477 0.387283 0.500998
vt 0.219523 0.387283 0.500998
vt 0.219523 0.303668 0.500998
vt 0.219523 0.303668 0.500998
vt 0.612717 0.500998 0.219523
vt 0.696332 0.333333 0.219523
vt 0.004256 0.677555 0.961091
vt -0.701921 0.150996 0.858926
vt 0.173634 1.064697 -0.303042
vt 1.047428 1.058827 -0.303042
vt -0.592401 1.041799 -0.303042
vt 1.851458 1.053413 -0.303042
vt 1.048929 0.180042 0.967047
vt 1.605897 0.200046 0.929776
vt -0.569643 0.075673 0.968040
vt 0.170975 0.125336 0.973322
vt 1.859468 0.285541 0.806455
vt 1.607162 0.285439 0.806198
vt 1.832273 0.285270 0.806429
vt -0.591633 0.969751 -0.208323
vt -0.564579 0.318553 0.648347
vt -0.566277 0.231933 0.762360
vt 0.689910 0.469250 0.822184
vt 0.733431 0.392228 0.725093
vt 0.698770 0.453570 0.802419
vt 0.698770 0.453570 0.802419
vt 0.689910 0.469250 0.822184
vt 0.733431 0.392228 0.725093
vt -0.704522 0.083577 0.000000
vt -0.705932 0.043261 0.000000
vt -0.506340 0.084410 0.000000
vt -0.482629 0.046549 0.000000
vt 0.508567 0.950525 0.000000
vt 0.026078 0.702803 0.000000
vt 0.987311 0.702826 0.000000
vt 0.318911 0.065949 0.000000
vt 0.685466 0.065762 0.000000
vt 0.685295 0.065949 0.000000
vt 0.319021 0.065762 0.000000
vt 0.319021 0.653425 0.000000
vt 0.685466 0.653425 0.000000
vt 0.685295 0.653339 0.000000
vt 0.318911 0.653339 0.000000
vt 1.471525 0.003880 0.000500
vt 1.478846 0.088664 0.999500
vt 0.451450 0.093394 0.979153
vt 0.206842 0.093857 0.974579
vt -0.303275 0.094821 0.965038
vt -0.307206 0.021119 0.066101
# 4429 texture coords

g Apteegi_1
usemtl apt1_krohv_kollane
s off
f -1733/-4405/-9183 -1712/-4365/-9182 -1749/-4426/-9181 
f -1752/-4429/-9180 -1748/-4425/-9179 -1747/-4424/-9178 
f -1664/-3710/-9177 -1700/-4273/-9176 -1632/-3332/-9175 
f -1744/-4421/-9174 -1743/-4420/-9173 -1745/-4419/-9172 
f -1745/-4419/-9171 -1742/-4418/-9170 -1744/-4421/-9169 
f -1745/-4419/-9168 -1743/-4420/-9167 -1725/-4396/-9166 
f -1741/-4415/-9165 -1679/-4044/-9164 -1749/-4416/-9163 
f -1739/-4409/-9162 -1678/-4051/-9161 -1741/-4410/-9160 
f -1700/-4269/-9159 -1683/-4130/-9158 -1733/-4268/-9157 
f -1749/-4426/-9156 -1642/-3414/-9155 -1696/-3764/-9154 
f -1750/-4427/-9153 -1688/-4157/-9152 -1734/-4406/-9151 
f -1665/-3893/-9150 -1720/-3784/-9149 -1664/-3892/-9148 
f -1698/-4270/-9147 -1730/-4401/-9146 -1638/-3423/-9145 
f -1694/-4247/-9144 -1730/-4401/-9143 -1641/-3417/-9142 
f -1753/-4422/-9141 -1702/-4299/-9140 -1729/-4400/-9139 
f -1743/-4420/-9138 -1724/-4395/-9137 -1715/-3794/-9136 
f -1730/-4402/-9135 -1671/-3995/-9134 -1726/-4397/-9133 
f -1743/-4420/-9132 -1662/-3851/-9131 -1724/-4395/-9130 
f -1717/-4388/-9129 -1664/-3892/-9128 -1721/-4392/-9127 
f -1659/-3797/-9126 -1724/-4385/-9125 -1630/-3281/-9124 
f -1660/-3801/-9123 -1724/-4384/-9122 -1659/-3800/-9121 
f -1746/-4423/-9120 -1689/-4158/-9119 -1686/-4155/-9118 
f -1712/-4365/-9117 -1713/-4359/-9116 -1750/-4427/-9115 
f -1750/-4427/-9114 -1749/-4426/-9113 -1712/-4365/-9112 
f -1746/-4423/-9111 -1714/-4367/-9110 -1711/-4364/-9109 
f -1687/-4139/-9108 -1714/-4363/-9107 -1686/-4138/-9106 
f -1710/-4340/-9105 -1671/-3788/-9104 -1709/-4339/-9103 
f -1725/-4294/-9102 -1705/-4307/-9101 -1703/-4293/-9100 
f -1731/-4347/-9099 -1729/-4400/-9098 -1706/-4323/-9097 
f -1731/-4331/-9096 -1707/-4318/-9095 -1708/-4330/-9094 
f -1707/-4318/-9093 -1731/-4331/-9092 -1706/-4317/-9091 
f -1704/-4321/-9090 -1705/-4304/-9089 -1725/-4301/-9088 
f -1705/-4322/-9087 -1729/-4400/-9086 -1703/-4300/-9085 
f -1703/-4300/-9084 -1729/-4400/-9083 -1657/-3677/-9082 
f -1745/-4419/-9081 -1667/-3940/-9080 -1753/-4422/-9079 
f -1669/-3932/-9078 -1701/-4278/-9077 -1668/-3931/-9076 
f -1702/-4279/-9075 -1668/-3931/-9074 -1701/-4278/-9073 
f -1711/-4364/-9072 -1700/-4269/-9071 -1661/-3707/-9070 
f -1699/-4258/-9069 -1696/-4240/-9068 -1698/-4257/-9067 
f -1697/-4242/-9066 -1698/-4256/-9065 -1696/-4241/-9064 
f -1730/-4401/-9063 -1698/-4270/-9062 -1697/-4250/-9061 
f -1749/-4426/-9060 -1681/-4111/-9059 -1691/-4210/-9058 
f -1695/-4226/-9057 -1693/-4196/-9056 -1694/-4225/-9055 
f -1693/-4196/-9054 -1695/-4226/-9053 -1692/-4195/-9052 
f -1746/-4423/-9051 -1751/-4428/-9050 -1689/-4158/-9049 
f -1750/-4427/-9048 -1713/-4366/-9047 -1687/-4156/-9046 
f -1750/-4427/-9045 -1687/-4156/-9044 -1688/-4157/-9043 
f -1746/-4423/-9042 -1686/-4155/-9041 -1714/-4367/-9040 
f -1734/-4406/-9039 -1689/-4152/-9038 -1751/-4428/-9037 
f -1689/-4152/-9036 -1734/-4406/-9035 -1688/-4151/-9034 
f -1714/-4363/-9033 -1687/-4139/-9032 -1713/-4362/-9031 
f -1700/-4269/-9030 -1711/-4364/-9029 -1685/-4133/-9028 
f -1712/-4352/-9027 -1735/-4131/-9026 -1684/-4132/-9025 
f -1700/-4269/-9024 -1685/-4133/-9023 -1683/-4130/-9022 
f -1712/-4352/-9021 -1685/-4125/-9020 -1711/-4351/-9019 
f -1685/-4125/-9018 -1712/-4352/-9017 -1684/-4124/-9016 
f -1729/-4400/-9015 -1730/-4401/-9014 -1682/-4112/-9013 
f -1730/-4401/-9012 -1694/-4247/-9011 -1682/-4112/-9010 
f -1749/-4426/-9009 -1679/-4052/-9008 -1681/-4111/-9007 
f -1729/-4400/-9006 -1682/-4112/-9005 -1680/-4109/-9004 
f -1693/-4212/-9003 -1682/-4107/-9002 -1694/-4247/-9001 
f -1690/-4209/-9000 -1682/-4106/-8999 -1646/-3421/-8998 
f -1682/-4097/-8997 -1690/-4165/-8996 -1681/-4096/-8995 
f -1691/-4174/-8994 -1681/-4088/-8993 -1690/-4173/-8992 
f -1732/-4067/-8991 -1752/-4429/-8990 -1680/-4066/-8989 
f -1729/-4400/-8988 -1680/-4057/-8987 -1752/-4429/-8986 
f -1679/-4052/-8985 -1676/-4025/-8984 -1732/-4110/-8983 
f -1732/-4110/-8982 -1681/-4111/-8981 -1679/-4052/-8980 
f -1739/-4409/-8979 -1738/-4413/-8978 -1678/-4051/-8977 
f -1738/-4413/-8976 -1737/-4412/-8975 -1677/-4050/-8974 
f -1737/-4412/-8973 -1740/-4411/-8972 -1677/-4050/-8971 
f -1752/-4429/-8970 -1732/-4110/-8969 -1676/-4049/-8968 
f -1752/-4429/-8967 -1676/-4028/-8966 -1748/-4425/-8965 
f -1679/-4044/-8964 -1741/-4415/-8963 -1678/-4043/-8962 
f -1748/-4417/-8961 -1676/-4032/-8960 -1740/-4414/-8959 
f -1678/-4038/-8958 -1738/-4413/-8957 -1677/-4037/-8956 
f -1677/-4035/-8955 -1740/-4411/-8954 -1676/-4033/-8953 
f -1673/-3793/-8952 -1715/-4368/-8951 -1675/-4024/-8950 
f -1674/-4002/-8949 -1672/-3990/-8948 -1673/-4001/-8947 
f -1672/-3987/-8946 -1674/-4004/-8945 -1726/-3986/-8944 
f -1671/-3962/-8943 -1710/-4343/-8942 -1670/-3961/-8941 
f -1745/-4419/-8940 -1725/-4301/-8939 -1669/-3942/-8938 
f -1656/-3676/-8937 -1701/-4298/-8936 -1669/-3942/-8935 
f -1702/-4279/-8934 -1753/-4422/-8933 -1668/-3941/-8932 
f -1668/-3941/-8931 -1753/-4422/-8930 -1667/-3940/-8929 
f -1667/-3928/-8928 -1745/-4419/-8927 -1666/-3927/-8926 
f -1666/-3922/-8925 -1745/-4419/-8924 -1669/-3921/-8923 
f -1634/-3358/-8922 -1663/-3852/-8921 -1675/-4024/-8920 
f -1675/-4024/-8919 -1715/-4368/-8918 -1665/-3920/-8917 
f -1720/-4370/-8916 -1665/-3912/-8915 -1715/-4369/-8914 
f -1730/-3885/-8913 -1728/-3779/-8912 -1663/-3884/-8911 
f -1675/-4018/-8910 -1663/-3860/-8909 -1728/-4017/-8908 
f -1743/-4420/-8907 -1736/-4408/-8906 -1662/-3851/-8905 
f -1727/-4398/-8904 -1662/-3844/-8903 -1736/-4408/-8902 
f -1719/-4390/-8901 -1660/-3807/-8900 -1723/-4381/-8899 
f -1746/-4423/-8898 -1661/-3838/-8897 -1727/-4398/-8896 
f -1662/-3839/-8895 -1727/-4398/-8894 -1661/-3838/-8893 
f -1717/-4388/-8892 -1660/-3822/-8891 -1664/-3891/-8890 
f -1722/-4393/-8889 -1660/-3816/-8888 -1717/-4380/-8887 
f -1718/-4389/-8886 -1660/-3814/-8885 -1722/-4393/-8884 
f -1723/-4394/-8883 -1660/-3812/-8882 -1718/-4389/-8881 
f -1724/-4384/-8880 -1660/-3801/-8879 -1719/-4383/-8878 
f -1743/-4420/-8877 -1715/-3794/-8876 -1725/-4396/-8875 
f -1725/-4396/-8874 -1715/-4368/-8873 -1704/-3689/-8872 
f -1672/-3792/-8871 -1715/-4368/-8870 -1673/-3793/-8869 
f -1670/-3790/-8868 -1715/-4368/-8867 -1672/-3792/-8866 
f -1671/-3788/-8865 -1730/-4402/-8864 -1709/-4339/-8863 
f -1716/-3786/-8862 -1721/-4392/-8861 -1664/-3892/-8860 
f -1720/-3784/-8859 -1716/-3786/-8858 -1664/-3892/-8857 
f -1661/-3782/-8856 -1700/-4273/-8855 -1660/-3783/-8854 
f -1730/-3885/-8853 -1726/-4397/-8852 -1674/-3774/-8851 
f -1730/-3885/-8850 -1674/-3774/-8849 -1728/-3779/-8848 
f -1749/-4426/-8847 -1692/-3759/-8846 -1695/-3762/-8845 
f -1749/-4426/-8844 -1645/-3418/-8843 -1692/-3759/-8842 
f -1749/-4426/-8841 -1637/-3424/-8840 -1733/-4405/-8839 
f -1749/-4426/-8838 -1696/-3727/-8837 -1699/-3726/-8836 
f -1712/-4352/-8835 -1733/-4265/-8834 -1735/-3713/-8833 
f -1683/-3712/-8832 -1735/-3711/-8831 -1733/-4268/-8830 
f -1660/-3783/-8829 -1700/-4273/-8828 -1664/-3710/-8827 
f -1711/-4364/-8826 -1661/-3707/-8825 -1746/-4423/-8824 
f -1731/-3699/-8823 -1730/-4401/-8822 -1729/-4400/-8821 
f -1708/-3695/-8820 -1715/-4368/-8819 -1670/-3790/-8818 
f -1704/-3689/-8817 -1715/-4368/-8816 -1654/-3413/-8815 
f -1707/-3687/-8814 -1715/-4368/-8813 -1708/-3695/-8812 
f -1658/-3678/-8811 -1729/-4400/-8810 -1702/-4299/-8809 
f -1657/-3677/-8808 -1729/-4400/-8807 -1658/-3678/-8806 
f -1655/-3675/-8805 -1656/-3676/-8804 -1669/-3942/-8803 
f -1725/-4301/-8802 -1655/-3675/-8801 -1669/-3942/-8800 
f -1706/-3673/-8799 -1729/-4400/-8798 -1653/-3410/-8797 
f -1708/-3697/-8796 -1670/-3994/-8795 -1650/-3407/-8794 
f -1709/-3667/-8793 -1730/-4401/-8792 -1649/-3408/-8791 
f -1749/-4426/-8790 -1699/-3726/-8789 -1636/-3425/-8788 
f -1749/-4426/-8787 -1636/-3425/-8786 -1637/-3424/-8785 
f -1638/-3423/-8784 -1730/-4401/-8783 -1635/-3422/-8782 
f -1635/-3422/-8781 -1730/-4401/-8780 -1700/-4252/-8779 
f -1646/-3421/-8778 -1682/-4106/-8777 -1643/-3420/-8776 
f -1643/-3420/-8775 -1682/-4106/-8774 -1693/-4212/-8773 
f -1749/-4426/-8772 -1691/-4210/-8771 -1644/-3419/-8770 
f -1749/-4426/-8769 -1644/-3419/-8768 -1645/-3418/-8767 
f -1641/-3417/-8766 -1730/-4401/-8765 -1639/-3416/-8764 
f -1639/-3416/-8763 -1730/-4401/-8762 -1697/-4214/-8761 
f -1749/-4426/-8760 -1695/-3762/-8759 -1640/-3415/-8758 
f -1749/-4426/-8757 -1640/-3415/-8756 -1642/-3414/-8755 
f -1654/-3413/-8754 -1715/-4368/-8753 -1651/-3412/-8752 
f -1651/-3412/-8751 -1715/-4368/-8750 -1707/-3671/-8749 
f -1652/-3411/-8748 -1729/-4400/-8747 -1705/-3674/-8746 
f -1653/-3410/-8745 -1729/-4400/-8744 -1652/-3411/-8743 
f -1648/-3409/-8742 -1730/-4401/-8741 -1731/-3668/-8740 
f -1649/-3408/-8739 -1730/-4401/-8738 -1648/-3409/-8737 
f -1650/-3407/-8736 -1670/-3994/-8735 -1647/-3406/-8734 
f -1647/-3406/-8733 -1670/-3994/-8732 -1710/-3669/-8731 
f -1633/-3357/-8730 -1634/-3358/-8729 -1675/-4024/-8728 
f -1665/-3920/-8727 -1633/-3357/-8726 -1675/-4024/-8725 
f -1631/-3333/-8724 -1700/-4273/-8723 -1730/-4401/-8722 
f -1632/-3332/-8721 -1700/-4273/-8720 -1631/-3333/-8719 
f -1630/-3281/-8718 -1724/-4385/-8717 -1629/-3280/-8716 
f -1629/-3280/-8715 -1724/-4385/-8714 -1662/-3796/-8713 
f -1751/-2927/-8712 -1626/-2926/-8711 -1625/-2925/-8710 
f -1625/-2925/-8709 -1750/-2924/-8708 -1751/-2927/-8707 
usemtl apt1_tracks
f -1624/-2923/-8706 -1623/-2922/-8705 -1622/-2921/-8704 
f -1621/-2920/-8703 -1624/-2923/-8702 -1622/-2921/-8701 
f -1620/-2919/-8700 -1621/-2920/-8699 -1622/-2921/-8698 
f -1619/-2918/-8697 -1620/-2919/-8696 -1622/-2921/-8695 
f -1618/-2917/-8694 -1619/-2918/-8693 -1622/-2921/-8692 
f -1617/-2916/-8691 -1618/-2917/-8690 -1622/-2921/-8689 
f -1616/-2915/-8688 -1617/-2916/-8687 -1622/-2921/-8686 
f -1616/-2915/-8685 -1622/-2921/-8684 -1615/-2914/-8683 
usemtl apt1_krohv_kollane
f -1614/-2913/-8682 -1613/-2912/-8681 -1612/-2911/-8680 
f -1612/-2911/-8679 -1616/-2910/-8678 -1614/-2913/-8677 
usemtl apt1_tracks
f -1611/-2909/-8676 -1627/-2908/-8675 -1610/-2907/-8674 
f -1609/-2906/-8673 -1611/-2909/-8672 -1610/-2907/-8671 
f -1608/-2905/-8670 -1609/-2906/-8669 -1610/-2907/-8668 
f -1607/-2904/-8667 -1608/-2905/-8666 -1610/-2907/-8665 
f -1623/-2922/-8664 -1607/-2904/-8663 -1610/-2907/-8662 
f -1623/-2922/-8661 -1610/-2907/-8660 -1622/-2921/-8659 
f -1615/-2914/-8658 -1606/-2903/-8657 -1605/-2902/-8656 
f -1615/-2914/-8655 -1605/-2902/-8654 -1604/-2901/-8653 
f -1615/-2914/-8652 -1604/-2901/-8651 -1603/-2900/-8650 
usemtl apt1_roof02
f -1602/-2899/-8649 -1601/-2898/-8648 -1600/-2897/-8647 
f -1600/-2897/-8646 -1599/-2896/-8645 -1602/-2899/-8644 
f -1594/-2891/-8643 -1601/-2898/-8642 -1602/-2899/-8641 
f -1602/-2899/-8640 -1593/-2890/-8639 -1594/-2891/-8638 
usemtl apt1_tracks
f -1748/-2889/-8637 -1592/-2888/-8636 -1591/-2887/-8635 
f -1591/-2887/-8634 -1747/-2886/-8633 -1748/-2889/-8632 
usemtl apt1_krohv_kollane
f -1588/-2876/-8631 -1587/-2875/-8630 -1750/-2924/-8629 
f -1586/-2874/-8628 -1588/-2876/-8627 -1750/-2924/-8626 
f -1625/-2925/-8625 -1586/-2874/-8624 -1750/-2924/-8623 
usemtl apt1_tracks
f -1588/-2873/-8622 -1585/-2886/-8621 -1584/-2887/-8620 
f -1584/-2887/-8619 -1583/-2872/-8618 -1588/-2873/-8617 
usemtl apt1_krohv_kollane
f -1587/-2875/-8616 -1588/-2876/-8615 -1583/-2867/-8614 
usemtl xxx
f -326/-1365/-8613 -1584/-2934/-8612 -1585/-2866/-8611 
f -326/-1368/-8610 -1580/-2934/-8609 -1579/-2935/-8608 
f -1579/-2935/-8607 -327/-1369/-8606 -326/-1368/-8605 
usemtl apt1_krohv_kollane
f -1623/-2862/-8604 -1624/-2861/-8603 -1577/-2860/-8602 
f -1577/-2860/-8601 -1576/-2859/-8600 -1623/-2862/-8599 
f -1580/-2858/-8598 -1626/-2926/-8597 -1575/-2857/-8596 
f -1575/-2857/-8595 -1579/-2856/-8594 -1580/-2858/-8593 
f -1626/-2926/-8592 -1751/-2927/-8591 -1746/-2865/-8590 
f -1746/-2865/-8589 -1575/-2857/-8588 -1626/-2926/-8587 
usemtl xxx
f -315/-1305/-8586 -314/-1297/-8585 -1590/-1300/-8584 
f -1572/-2852/-8583 -1573/-2853/-8582 -318/-1325/-8581 
f -319/-1317/-8580 -317/-1316/-8579 -316/-1310/-8578 
usemtl apt1_krohv_kollane
f -1627/-2851/-8577 -1611/-2850/-8576 -1571/-2849/-8575 
f -1571/-2849/-8574 -1628/-2848/-8573 -1627/-2851/-8572 
f -1628/-2848/-8571 -1571/-2849/-8570 -1570/-2847/-8569 
f -1570/-2847/-8568 -1572/-2846/-8567 -1628/-2848/-8566 
usemtl xxx
f -1747/-2845/-8565 -1591/-2844/-8564 -312/-1290/-8563 
f -320/-1330/-8562 -321/-1337/-8561 -1610/-2934/-8560 
usemtl apt1_krohv_kollane
f -1569/-2841/-8559 -1578/-2840/-8558 -1568/-2839/-8557 
f -1568/-2839/-8556 -1567/-2838/-8555 -1569/-2841/-8554 
usemtl xxx
f -327/-1369/-8553 -1579/-2935/-8552 -1566/-2837/-8551 
usemtl apt1_krohv_kollane
f -1579/-2856/-8550 -1575/-2857/-8549 -1565/-2835/-8548 
f -1565/-2835/-8547 -1566/-2834/-8546 -1579/-2856/-8545 
usemtl xxx
f -327/-1370/-8544 -1566/-2837/-8543 -1564/-2829/-8542 
usemtl apt1_krohv_kollane
f -1562/-2827/-8541 -1561/-2826/-8540 -1560/-2825/-8539 
f -1559/-2824/-8538 -1562/-2827/-8537 -1560/-2825/-8536 
f -1558/-2823/-8535 -1559/-2824/-8534 -1560/-2825/-8533 
f -1557/-2822/-8532 -1558/-2823/-8531 -1560/-2825/-8530 
f -1556/-2821/-8529 -1743/-2832/-8528 -1744/-2820/-8527 
f -1744/-2820/-8526 -1555/-2819/-8525 -1556/-2821/-8524 
f -1553/-2816/-8523 -1552/-2815/-8522 -1551/-2814/-8521 
f -1551/-2814/-8520 -1550/-2813/-8519 -1553/-2816/-8518 
f -1570/-2847/-8517 -1549/-2812/-8516 -1548/-2811/-8515 
f -1570/-2847/-8514 -1548/-2811/-8513 -1547/-2810/-8512 
f -1572/-2846/-8511 -1570/-2847/-8510 -1547/-2810/-8509 
f -1572/-2846/-8508 -1547/-2810/-8507 -1546/-2809/-8506 
f -1573/-2808/-8505 -1572/-2846/-8504 -1546/-2809/-8503 
f -1581/-2807/-8502 -1582/-2806/-8501 -1600/-2805/-8500 
f -1583/-2867/-8499 -1581/-2807/-8498 -1600/-2805/-8497 
f -1583/-2867/-8496 -1600/-2805/-8495 -1589/-2804/-8494 
f -1583/-2867/-8493 -1589/-2804/-8492 -1587/-2875/-8491 
usemtl xxx
f -1545/-2866/-8490 -1580/-2866/-8489 -326/-1367/-8488 
f -1585/-2866/-8487 -1545/-2866/-8486 -326/-1366/-8485 
f -1605/-2866/-8484 -1606/-2934/-8483 -1544/-1357/-8482 
usemtl apt1_wall02
f -1565/-2803/-8481 -1543/-2802/-8480 -1542/-2801/-8479 
usemtl apt1_street
f -1541/-2800/-8478 -1540/-2799/-8477 -1539/-2798/-8476 
f -1538/-2797/-8475 -1537/-2796/-8474 -1536/-2795/-8473 
f -1538/-2797/-8472 -1536/-2795/-8471 -1535/-2794/-8470 
f -1539/-2798/-8469 -1538/-2797/-8468 -1535/-2794/-8467 
f -1541/-2800/-8466 -1539/-2798/-8465 -1535/-2794/-8464 
f -1534/-2793/-8463 -1541/-2800/-8462 -1535/-2794/-8461 
usemtl apt1_wall02
f -1533/-2792/-8460 -1532/-2791/-8459 -1538/-2790/-8458 
f -1538/-2790/-8457 -1539/-2789/-8456 -1533/-2792/-8455 
f -1531/-2788/-8454 -1530/-2787/-8453 -1529/-2786/-8452 
f -1529/-2786/-8451 -1528/-2785/-8450 -1531/-2788/-8449 
f -1527/-2784/-8448 -1526/-2783/-8447 -1532/-2782/-8446 
f -1532/-2782/-8445 -1533/-2792/-8444 -1527/-2784/-8443 
f -1530/-2787/-8442 -1525/-2781/-8441 -1524/-2780/-8440 
f -1524/-2780/-8439 -1529/-2779/-8438 -1530/-2787/-8437 
f -1523/-2778/-8436 -1522/-2777/-8435 -1521/-2776/-8434 
f -1521/-2776/-8433 -1520/-2775/-8432 -1523/-2778/-8431 
f -1519/-2774/-8430 -1518/-2773/-8429 -1517/-2772/-8428 
f -1517/-2772/-8427 -1516/-2771/-8426 -1519/-2774/-8425 
f -1515/-2770/-8424 -1514/-2769/-8423 -1513/-2768/-8422 
f -1513/-2768/-8421 -1512/-2767/-8420 -1515/-2770/-8419 
f -1511/-2766/-8418 -1510/-2765/-8417 -1509/-2764/-8416 
f -1509/-2764/-8415 -1508/-2763/-8414 -1511/-2766/-8413 
f -1507/-2762/-8412 -1506/-2761/-8411 -1510/-2760/-8410 
f -1510/-2760/-8409 -1511/-2766/-8408 -1507/-2762/-8407 
f -1505/-2759/-8406 -1504/-2758/-8405 -1506/-2757/-8404 
f -1506/-2757/-8403 -1507/-2762/-8402 -1505/-2759/-8401 
f -1503/-2756/-8400 -1502/-2755/-8399 -1504/-2754/-8398 
f -1504/-2754/-8397 -1505/-2759/-8396 -1503/-2756/-8395 
f -1501/-2753/-8394 -1500/-2752/-8393 -1499/-2751/-8392 
f -1499/-2751/-8391 -1498/-2750/-8390 -1501/-2753/-8389 
f -1498/-2750/-8388 -1499/-2749/-8387 -1497/-2748/-8386 
f -1497/-2748/-8385 -1496/-2747/-8384 -1498/-2750/-8383 
f -1495/-2746/-8382 -1494/-2745/-8381 -1493/-2744/-8380 
f -1493/-2744/-8379 -1492/-2743/-8378 -1495/-2746/-8377 
f -1491/-2742/-8376 -1490/-2741/-8375 -1489/-2740/-8374 
f -1489/-2740/-8373 -1488/-2739/-8372 -1491/-2742/-8371 
f -1487/-2738/-8370 -1486/-2737/-8369 -1485/-2736/-8368 
f -1485/-2736/-8367 -1484/-2735/-8366 -1487/-2738/-8365 
f -1483/-2734/-8364 -1482/-2733/-8363 -1481/-2732/-8362 
f -1481/-2732/-8361 -1480/-2731/-8360 -1483/-2734/-8359 
f -1479/-2730/-8358 -1478/-2729/-8357 -1477/-2728/-8356 
f -1477/-2728/-8355 -1476/-2727/-8354 -1479/-2730/-8353 
f -1475/-2726/-8352 -1474/-2725/-8351 -1502/-2724/-8350 
f -1502/-2724/-8349 -1503/-2756/-8348 -1475/-2726/-8347 
usemtl apt1_krohv_kollane
f -1473/-2723/-8346 -1472/-2722/-8345 -1471/-2721/-8344 
f -1471/-2721/-8343 -1551/-2814/-8342 -1473/-2723/-8341 
f -1470/-2720/-8340 -1469/-2719/-8339 -1468/-2718/-8338 
f -1470/-2720/-8337 -1468/-2718/-8336 -1473/-2723/-8335 
f -1470/-2720/-8334 -1473/-2723/-8333 -1551/-2814/-8332 
f -1552/-2815/-8331 -1470/-2720/-8330 -1551/-2814/-8329 
f -1467/-2717/-8328 -1466/-2716/-8327 -1465/-2715/-8326 
f -1465/-2715/-8325 -1464/-2714/-8324 -1467/-2717/-8323 
f -1561/-2826/-8322 -1463/-2713/-8321 -1462/-2712/-8320 
f -1462/-2712/-8319 -1560/-2825/-8318 -1561/-2826/-8317 
f -1461/-2711/-8316 -1460/-2710/-8315 -1459/-2709/-8314 
f -1461/-2711/-8313 -1459/-2709/-8312 -1612/-2911/-8311 
f -1461/-2711/-8310 -1612/-2911/-8309 -1613/-2912/-8308 
f -1468/-2718/-8307 -1469/-2719/-8306 -1458/-2708/-8305 
f -1468/-2718/-8304 -1458/-2708/-8303 -1457/-2707/-8302 
f -1468/-2718/-8301 -1457/-2707/-8300 -1460/-2710/-8299 
f -1460/-2710/-8298 -1461/-2711/-8297 -1456/-2706/-8296 
f -1468/-2718/-8295 -1460/-2710/-8294 -1456/-2706/-8293 
f -1616/-2910/-8292 -1612/-2911/-8291 -1455/-2705/-8290 
f -1455/-2705/-8289 -1617/-2704/-8288 -1616/-2910/-8287 
f -1454/-2703/-8286 -1453/-2702/-8285 -1452/-2701/-8284 
f -1452/-2701/-8283 -1451/-2700/-8282 -1454/-2703/-8281 
f -1623/-2862/-8280 -1576/-2859/-8279 -1450/-2699/-8278 
f -1450/-2699/-8277 -1607/-2698/-8276 -1623/-2862/-8275 
f -1608/-2697/-8274 -1449/-2696/-8273 -1448/-2695/-8272 
f -1448/-2695/-8271 -1609/-2694/-8270 -1608/-2697/-8269 
f -1549/-2812/-8268 -1448/-2695/-8267 -1449/-2696/-8266 
f -1549/-2812/-8265 -1449/-2696/-8264 -1447/-2693/-8263 
f -1549/-2812/-8262 -1447/-2693/-8261 -1446/-2692/-8260 
f -1446/-2692/-8259 -1445/-2691/-8258 -1548/-2811/-8257 
f -1549/-2812/-8256 -1446/-2692/-8255 -1548/-2811/-8254 
f -1448/-2695/-8253 -1549/-2812/-8252 -1570/-2847/-8251 
f -1570/-2847/-8250 -1571/-2849/-8249 -1448/-2695/-8248 
usemtl apt1_street
f -1444/-2690/-8247 -1443/-2689/-8246 -1442/-2688/-8245 
f -1442/-2688/-8244 -1441/-2687/-8243 -1531/-2686/-8242 
f -1442/-2688/-8241 -1531/-2686/-8240 -1528/-2685/-8239 
f -1444/-2690/-8238 -1442/-2688/-8237 -1528/-2685/-8236 
f -1444/-2690/-8235 -1528/-2685/-8234 -1536/-2684/-8233 
f -1537/-2683/-8232 -1444/-2690/-8231 -1536/-2684/-8230 
usemtl apt1_krohv_kollane
f -1440/-2682/-8229 -1439/-2681/-8228 -1444/-2680/-8227 
f -1444/-2680/-8226 -1537/-2679/-8225 -1440/-2682/-8224 
usemtl xxx
f -1438/-2678/-8223 -1535/-2677/-8222 -1536/-2676/-8221 
f -1536/-2676/-8220 -1437/-2675/-8219 -1438/-2678/-8218 
usemtl apt1_krohv_kollane
f -1436/-2674/-8217 -1500/-2673/-8216 -1439/-2681/-8215 
f -1439/-2681/-8214 -1440/-2682/-8213 -1436/-2674/-8212 
usemtl xxx
f -1521/-2672/-8211 -1438/-2678/-8210 -1437/-2675/-8209 
f -1437/-2675/-8208 -1435/-2671/-8207 -1521/-2672/-8206 
f -1524/-2670/-8205 -1517/-2669/-8204 -1434/-2668/-8203 
f -1434/-2668/-8202 -1435/-2667/-8201 -1524/-2670/-8200 
f -1513/-2666/-8199 -1520/-2665/-8198 -1434/-2664/-8197 
f -1434/-2664/-8196 -1433/-2663/-8195 -1513/-2666/-8194 
f -1518/-2662/-8193 -1509/-2661/-8192 -1432/-2660/-8191 
f -1432/-2660/-8190 -1433/-2659/-8189 -1518/-2662/-8188 
usemtl apt1_krohv_kollane
f -1431/-2658/-8187 -1512/-2657/-8186 -1432/-2656/-8185 
f -1432/-2656/-8184 -1430/-2655/-8183 -1431/-2658/-8182 
f -1429/-2654/-8181 -1431/-2658/-8180 -1430/-2655/-8179 
f -1430/-2655/-8178 -1428/-2653/-8177 -1429/-2654/-8176 
f -1427/-2652/-8175 -1429/-2654/-8174 -1428/-2653/-8173 
f -1428/-2653/-8172 -1426/-2651/-8171 -1427/-2652/-8170 
f -1425/-2650/-8169 -1427/-2652/-8168 -1426/-2651/-8167 
f -1426/-2651/-8166 -1424/-2649/-8165 -1425/-2650/-8164 
f -1526/-2648/-8163 -1423/-2647/-8162 -1422/-2646/-8161 
f -1422/-2646/-8160 -1436/-2645/-8159 -1526/-2648/-8158 
f -1423/-2647/-8157 -1492/-2644/-8156 -1421/-2643/-8155 
f -1421/-2643/-8154 -1422/-2646/-8153 -1423/-2647/-8152 
f -1420/-2642/-8151 -1490/-2641/-8150 -1497/-2640/-8149 
f -1497/-2640/-8148 -1421/-2639/-8147 -1420/-2642/-8146 
f -1493/-2638/-8145 -1484/-2637/-8144 -1419/-2636/-8143 
f -1419/-2636/-8142 -1420/-2635/-8141 -1493/-2638/-8140 
f -1418/-2634/-8139 -1482/-2633/-8138 -1489/-2632/-8137 
f -1489/-2632/-8136 -1419/-2631/-8135 -1418/-2634/-8134 
f -1485/-2630/-8133 -1476/-2629/-8132 -1417/-2628/-8131 
f -1417/-2628/-8130 -1418/-2627/-8129 -1485/-2630/-8128 
usemtl xxx
f -1416/-2626/-8127 -1474/-2625/-8126 -1481/-2624/-8125 
f -1481/-2624/-8124 -1417/-2623/-8123 -1416/-2626/-8122 
usemtl apt1_krohv_kollane
f -1477/-2622/-8121 -1425/-2650/-8120 -1424/-2649/-8119 
f -1424/-2649/-8118 -1416/-2621/-8117 -1477/-2622/-8116 
usemtl apt1_tracks
f -1615/-2914/-8115 -1603/-2900/-8114 -1614/-2620/-8113 
f -1614/-2620/-8112 -1616/-2915/-8111 -1615/-2914/-8110 
usemtl apt1_roof02
f -1582/-2619/-8109 -325/-1362/-8108 -324/-1360/-8107 
f -324/-1360/-8106 -1415/-2616/-8105 -1582/-2619/-8104 
usemtl apt1_wall02
f -1565/-2803/-8103 -1392/-2589/-8102 -1391/-2588/-8101 
f -1391/-2588/-8100 -1566/-2587/-8099 -1565/-2803/-8098 
f -1390/-2586/-8097 -1389/-2585/-8096 -1565/-2803/-8095 
f -1389/-2585/-8094 -1388/-2584/-8093 -1565/-2803/-8092 
f -1388/-2584/-8091 -1387/-2583/-8090 -1565/-2803/-8089 
f -1387/-2583/-8088 -1386/-2582/-8087 -1565/-2803/-8086 
f -1386/-2582/-8085 -1385/-2581/-8084 -1565/-2803/-8083 
f -1385/-2581/-8082 -1392/-2589/-8081 -1565/-2803/-8080 
f -1384/-2580/-8079 -1383/-2579/-8078 -1566/-2587/-8077 
f -1383/-2579/-8076 -1382/-2578/-8075 -1566/-2587/-8074 
f -1382/-2578/-8073 -1381/-2577/-8072 -1566/-2587/-8071 
f -1381/-2577/-8070 -1380/-2576/-8069 -1566/-2587/-8068 
f -1380/-2576/-8067 -1379/-2575/-8066 -1566/-2587/-8065 
f -1379/-2575/-8064 -1378/-2574/-8063 -1566/-2587/-8062 
f -1378/-2574/-8061 -1377/-2573/-8060 -1566/-2587/-8059 
f -1377/-2573/-8058 -1376/-2572/-8057 -1564/-2571/-8056 
f -1564/-2571/-8055 -1566/-2587/-8054 -1377/-2573/-8053 
usemtl apt1_krohv_kollane
f -1376/-2570/-8052 -1441/-2569/-8051 -1442/-2568/-8050 
f -1376/-2570/-8049 -1442/-2568/-8048 -1556/-2567/-8047 
f -1376/-2570/-8046 -1556/-2567/-8045 -1555/-2566/-8044 
f -1376/-2570/-8043 -1555/-2566/-8042 -1564/-2565/-8041 
usemtl apt1_wall02
f -1375/-2564/-8040 -1565/-2803/-8039 -1556/-2563/-8038 
f -1556/-2563/-8037 -1374/-2562/-8036 -1375/-2564/-8035 
usemtl apt1_wall01
f -1613/-2561/-8034 -1373/-2560/-8033 -1372/-2559/-8032 
f -1372/-2559/-8031 -1371/-2558/-8030 -1613/-2561/-8029 
f -1603/-2557/-8028 -1370/-2560/-8027 -1369/-2559/-8026 
f -1369/-2559/-8025 -1368/-2558/-8024 -1603/-2557/-8023 
f -1367/-2556/-8022 -1366/-2560/-8021 -1365/-2559/-8020 
f -1365/-2559/-8019 -1364/-2558/-8018 -1367/-2556/-8017 
usemtl apt1_krohv_kollane
f -1550/-2813/-8016 -1363/-2555/-8015 -1362/-2554/-8014 
f -1362/-2554/-8013 -1413/-2553/-8012 -1550/-2813/-8011 
usemtl apt1_wall01
f -1620/-2552/-8010 -1361/-2560/-8009 -1360/-2559/-8008 
f -1360/-2559/-8007 -1359/-2558/-8006 -1620/-2552/-8005 
f -1447/-2551/-8004 -1449/-2550/-8003 -1358/-2558/-8002 
f -1358/-2558/-8001 -1357/-2549/-8000 -1447/-2551/-7999 
usemtl apt1_krohv_kollane
f -1356/-2548/-7998 -1355/-2547/-7997 -1354/-2546/-7996 
f -1353/-2545/-7995 -1356/-2548/-7994 -1354/-2546/-7993 
f -1353/-2545/-7992 -1354/-2546/-7991 -1352/-2544/-7990 
f -1351/-2543/-7989 -1576/-2859/-7988 -1350/-2542/-7987 
f -1349/-2541/-7986 -1351/-2543/-7985 -1350/-2542/-7984 
f -1558/-2823/-7983 -1349/-2541/-7982 -1350/-2542/-7981 
usemtl apt1_stairs
f -1348/-2540/-7980 -1347/-2539/-7979 -1346/-2538/-7978 
f -1346/-2538/-7977 -1345/-2537/-7976 -1348/-2540/-7975 
f -1344/-2536/-7974 -1343/-2535/-7973 -1346/-2538/-7972 
f -1346/-2538/-7971 -1347/-2539/-7970 -1344/-2536/-7969 
f -1343/-2534/-7968 -1342/-2533/-7967 -1345/-2532/-7966 
f -1345/-2532/-7965 -1346/-2531/-7964 -1343/-2534/-7963 
f -1342/-2530/-7962 -1341/-2529/-7961 -1348/-2540/-7960 
f -1348/-2540/-7959 -1345/-2537/-7958 -1342/-2530/-7957 
usemtl apt1_tracks
f -1340/-2528/-7956 -1339/-2527/-7955 -1338/-2526/-7954 
f -1340/-2528/-7953 -1338/-2526/-7952 -1337/-2525/-7951 
f -1340/-2528/-7950 -1337/-2525/-7949 -1336/-2524/-7948 
f -1340/-2528/-7947 -1336/-2524/-7946 -1335/-2523/-7945 
f -1340/-2528/-7944 -1335/-2523/-7943 -1334/-2522/-7942 
usemtl apt1_roof
f -1333/-2521/-7941 -1332/-2520/-7940 -1331/-2519/-7939 
f -1331/-2519/-7938 -1330/-2518/-7937 -1333/-2521/-7936 
f -1330/-2517/-7935 -1329/-2516/-7934 -1333/-2515/-7933 
f -1331/-2514/-7932 -1332/-2513/-7931 -1328/-2512/-7930 
usemtl apt1_wall01
f -1327/-2511/-7929 -1326/-2510/-7928 -1325/-2560/-7927 
f -1327/-2511/-7926 -1325/-2560/-7925 -1324/-2559/-7924 
f -1323/-2509/-7923 -1327/-2511/-7922 -1324/-2559/-7921 
f -1323/-2509/-7920 -1324/-2559/-7919 -1322/-2558/-7918 
f -1321/-2508/-7917 -1320/-2560/-7916 -1319/-2559/-7915 
f -1319/-2559/-7914 -1318/-2558/-7913 -1321/-2508/-7912 
f -1317/-2507/-7911 -1316/-2560/-7910 -1315/-2559/-7909 
f -1315/-2559/-7908 -1314/-2558/-7907 -1317/-2507/-7906 
usemtl apt1_terrace
f -1313/-2506/-7905 -1312/-2505/-7904 -1311/-2504/-7903 
f -1311/-2504/-7902 -1310/-2503/-7901 -1313/-2506/-7900 
f -1309/-2502/-7899 -1308/-2501/-7898 -1307/-2500/-7897 
f -1307/-2500/-7896 -1306/-2499/-7895 -1309/-2502/-7894 
f -1308/-2498/-7893 -1305/-2497/-7892 -1311/-2496/-7891 
f -1311/-2496/-7890 -1312/-2495/-7889 -1307/-2494/-7888 
f -1308/-2498/-7887 -1311/-2496/-7886 -1307/-2494/-7885 
f -1309/-2498/-7884 -1306/-2494/-7883 -1313/-2495/-7882 
f -1304/-2497/-7881 -1309/-2498/-7880 -1313/-2495/-7879 
f -1304/-2497/-7878 -1313/-2495/-7877 -1310/-2496/-7876 
f -1313/-2506/-7875 -1306/-2499/-7874 -1307/-2500/-7873 
f -1307/-2500/-7872 -1312/-2505/-7871 -1313/-2506/-7870 
f -1303/-2506/-7869 -1302/-2505/-7868 -1301/-2504/-7867 
f -1301/-2504/-7866 -1300/-2503/-7865 -1303/-2506/-7864 
f -1299/-2502/-7863 -1298/-2501/-7862 -1297/-2500/-7861 
f -1297/-2500/-7860 -1296/-2499/-7859 -1299/-2502/-7858 
f -1298/-2498/-7857 -1295/-2497/-7856 -1301/-2496/-7855 
f -1301/-2496/-7854 -1302/-2495/-7853 -1297/-2494/-7852 
f -1298/-2498/-7851 -1301/-2496/-7850 -1297/-2494/-7849 
f -1299/-2498/-7848 -1296/-2494/-7847 -1303/-2495/-7846 
f -1294/-2497/-7845 -1299/-2498/-7844 -1303/-2495/-7843 
f -1294/-2497/-7842 -1303/-2495/-7841 -1300/-2496/-7840 
f -1303/-2506/-7839 -1296/-2499/-7838 -1297/-2500/-7837 
f -1297/-2500/-7836 -1302/-2505/-7835 -1303/-2506/-7834 
f -1293/-2506/-7833 -1292/-2505/-7832 -1291/-2504/-7831 
f -1291/-2504/-7830 -1290/-2503/-7829 -1293/-2506/-7828 
f -1289/-2502/-7827 -1288/-2501/-7826 -1287/-2500/-7825 
f -1287/-2500/-7824 -1286/-2499/-7823 -1289/-2502/-7822 
f -1288/-2498/-7821 -1285/-2497/-7820 -1291/-2496/-7819 
f -1291/-2496/-7818 -1292/-2495/-7817 -1287/-2494/-7816 
f -1288/-2498/-7815 -1291/-2496/-7814 -1287/-2494/-7813 
f -1289/-2498/-7812 -1286/-2494/-7811 -1293/-2495/-7810 
f -1284/-2497/-7809 -1289/-2498/-7808 -1293/-2495/-7807 
f -1284/-2497/-7806 -1293/-2495/-7805 -1290/-2496/-7804 
f -1293/-2506/-7803 -1286/-2499/-7802 -1287/-2500/-7801 
f -1287/-2500/-7800 -1292/-2505/-7799 -1293/-2506/-7798 
f -1283/-2506/-7797 -1282/-2505/-7796 -1281/-2504/-7795 
f -1281/-2504/-7794 -1280/-2503/-7793 -1283/-2506/-7792 
f -1279/-2502/-7791 -1278/-2501/-7790 -1277/-2500/-7789 
f -1277/-2500/-7788 -1276/-2499/-7787 -1279/-2502/-7786 
f -1278/-2498/-7785 -1275/-2497/-7784 -1281/-2496/-7783 
f -1281/-2496/-7782 -1282/-2495/-7781 -1277/-2494/-7780 
f -1278/-2498/-7779 -1281/-2496/-7778 -1277/-2494/-7777 
f -1279/-2498/-7776 -1276/-2494/-7775 -1283/-2495/-7774 
f -1274/-2497/-7773 -1279/-2498/-7772 -1283/-2495/-7771 
f -1274/-2497/-7770 -1283/-2495/-7769 -1280/-2496/-7768 
f -1283/-2506/-7767 -1276/-2499/-7766 -1277/-2500/-7765 
f -1277/-2500/-7764 -1282/-2505/-7763 -1283/-2506/-7762 
f -1273/-2506/-7761 -1272/-2505/-7760 -1271/-2504/-7759 
f -1271/-2504/-7758 -1270/-2503/-7757 -1273/-2506/-7756 
f -1269/-2502/-7755 -1268/-2501/-7754 -1267/-2500/-7753 
f -1267/-2500/-7752 -1266/-2499/-7751 -1269/-2502/-7750 
f -1268/-2498/-7749 -1265/-2497/-7748 -1271/-2496/-7747 
f -1271/-2496/-7746 -1272/-2495/-7745 -1267/-2494/-7744 
f -1268/-2498/-7743 -1271/-2496/-7742 -1267/-2494/-7741 
f -1269/-2498/-7740 -1266/-2494/-7739 -1273/-2495/-7738 
f -1264/-2497/-7737 -1269/-2498/-7736 -1273/-2495/-7735 
f -1264/-2497/-7734 -1273/-2495/-7733 -1270/-2496/-7732 
f -1273/-2506/-7731 -1266/-2499/-7730 -1267/-2500/-7729 
f -1267/-2500/-7728 -1272/-2505/-7727 -1273/-2506/-7726 
f -1263/-2506/-7725 -1262/-2505/-7724 -1261/-2504/-7723 
f -1261/-2504/-7722 -1260/-2503/-7721 -1263/-2506/-7720 
f -1259/-2502/-7719 -1258/-2501/-7718 -1257/-2500/-7717 
f -1257/-2500/-7716 -1256/-2499/-7715 -1259/-2502/-7714 
f -1258/-2498/-7713 -1255/-2497/-7712 -1261/-2496/-7711 
f -1261/-2496/-7710 -1262/-2495/-7709 -1257/-2494/-7708 
f -1258/-2498/-7707 -1261/-2496/-7706 -1257/-2494/-7705 
f -1259/-2498/-7704 -1256/-2494/-7703 -1263/-2495/-7702 
f -1254/-2497/-7701 -1259/-2498/-7700 -1263/-2495/-7699 
f -1254/-2497/-7698 -1263/-2495/-7697 -1260/-2496/-7696 
f -1263/-2506/-7695 -1256/-2499/-7694 -1257/-2500/-7693 
f -1257/-2500/-7692 -1262/-2505/-7691 -1263/-2506/-7690 
f -1253/-2506/-7689 -1252/-2505/-7688 -1251/-2504/-7687 
f -1251/-2504/-7686 -1250/-2503/-7685 -1253/-2506/-7684 
f -1249/-2502/-7683 -1248/-2501/-7682 -1247/-2500/-7681 
f -1247/-2500/-7680 -1246/-2499/-7679 -1249/-2502/-7678 
f -1248/-2498/-7677 -1245/-2497/-7676 -1251/-2496/-7675 
f -1251/-2496/-7674 -1252/-2495/-7673 -1247/-2494/-7672 
f -1248/-2498/-7671 -1251/-2496/-7670 -1247/-2494/-7669 
f -1249/-2498/-7668 -1246/-2494/-7667 -1253/-2495/-7666 
f -1244/-2497/-7665 -1249/-2498/-7664 -1253/-2495/-7663 
f -1244/-2497/-7662 -1253/-2495/-7661 -1250/-2496/-7660 
f -1253/-2506/-7659 -1246/-2499/-7658 -1247/-2500/-7657 
f -1247/-2500/-7656 -1252/-2505/-7655 -1253/-2506/-7654 
usemtl apt1_stairs
f -1243/-2493/-7653 -1242/-2492/-7652 -1241/-2491/-7651 
f -1241/-2491/-7650 -1240/-2490/-7649 -1243/-2493/-7648 
f -1239/-2489/-7647 -1238/-2488/-7646 -1241/-2491/-7645 
f -1241/-2491/-7644 -1242/-2492/-7643 -1239/-2489/-7642 
f -1238/-2487/-7641 -1237/-2486/-7640 -1240/-2485/-7639 
f -1240/-2485/-7638 -1241/-2484/-7637 -1238/-2487/-7636 
f -1237/-2483/-7635 -1236/-2482/-7634 -1243/-2493/-7633 
f -1243/-2493/-7632 -1240/-2490/-7631 -1237/-2483/-7630 
f -1235/-2481/-7629 -1234/-2480/-7628 -1233/-2479/-7627 
f -1233/-2479/-7626 -1232/-2478/-7625 -1235/-2481/-7624 
f -1231/-2477/-7623 -1232/-2478/-7622 -1233/-2479/-7621 
f -1233/-2479/-7620 -1230/-2476/-7619 -1231/-2477/-7618 
f -1229/-2475/-7617 -1228/-2474/-7616 -1234/-2480/-7615 
f -1234/-2480/-7614 -1235/-2481/-7613 -1229/-2475/-7612 
f -1243/-2473/-7611 -1236/-2472/-7610 -1230/-2471/-7609 
f -1230/-2471/-7608 -1233/-2470/-7607 -1243/-2473/-7606 
f -1239/-2469/-7605 -1242/-2468/-7604 -1234/-2467/-7603 
f -1234/-2467/-7602 -1228/-2466/-7601 -1239/-2469/-7600 
f -1242/-2465/-7599 -1243/-2464/-7598 -1233/-2463/-7597 
f -1233/-2463/-7596 -1234/-2462/-7595 -1242/-2465/-7594 
usemtl apt1_terrace
f -1227/-2461/-7593 -1226/-2460/-7592 -1225/-2459/-7591 
f -1225/-2459/-7590 -1224/-2458/-7589 -1227/-2461/-7588 
f -1223/-2457/-7587 -1222/-2456/-7586 -1226/-2460/-7585 
f -1226/-2460/-7584 -1227/-2461/-7583 -1223/-2457/-7582 
f -1222/-2455/-7581 -1221/-2454/-7580 -1225/-2459/-7579 
f -1225/-2459/-7578 -1226/-2460/-7577 -1222/-2455/-7576 
f -1220/-2454/-7575 -1223/-2455/-7574 -1227/-2460/-7573 
f -1227/-2460/-7572 -1224/-2459/-7571 -1220/-2454/-7570 
f -1224/-2458/-7569 -1225/-2459/-7568 -1219/-2453/-7567 
f -1219/-2453/-7566 -1218/-2452/-7565 -1224/-2458/-7564 
f -1225/-2459/-7563 -1221/-2454/-7562 -1217/-2451/-7561 
f -1217/-2451/-7560 -1219/-2450/-7559 -1225/-2459/-7558 
f -1220/-2454/-7557 -1224/-2459/-7556 -1218/-2450/-7555 
f -1218/-2450/-7554 -1216/-2451/-7553 -1220/-2454/-7552 
usemtl apt1_dormer01
f -1216/-2449/-7551 -1218/-2448/-7550 -1215/-2447/-7549 
f -1215/-2447/-7548 -1214/-2446/-7547 -1216/-2449/-7546 
f -1219/-2445/-7545 -1213/-2444/-7544 -1215/-2447/-7543 
f -1215/-2447/-7542 -1218/-2448/-7541 -1219/-2445/-7540 
f -1217/-2443/-7539 -1212/-2442/-7538 -1213/-2444/-7537 
f -1213/-2444/-7536 -1219/-2445/-7535 -1217/-2443/-7534 
f -1214/-2446/-7533 -1215/-2447/-7532 -1211/-2441/-7531 
f -1211/-2441/-7530 -1210/-2440/-7529 -1214/-2446/-7528 
f -1213/-2444/-7527 -1209/-2439/-7526 -1211/-2441/-7525 
f -1211/-2441/-7524 -1215/-2447/-7523 -1213/-2444/-7522 
f -1212/-2442/-7521 -1208/-2438/-7520 -1209/-2439/-7519 
f -1209/-2439/-7518 -1213/-2444/-7517 -1212/-2442/-7516 
f -1207/-2437/-7515 -1206/-2436/-7514 -1205/-2435/-7513 
f -1205/-2435/-7512 -1204/-2434/-7511 -1207/-2437/-7510 
f -1206/-2436/-7509 -1203/-2433/-7508 -1202/-2432/-7507 
f -1202/-2432/-7506 -1205/-2435/-7505 -1206/-2436/-7504 
f -1203/-2433/-7503 -1201/-2431/-7502 -1200/-2430/-7501 
f -1200/-2430/-7500 -1202/-2432/-7499 -1203/-2433/-7498 
f -1204/-2434/-7497 -1205/-2435/-7496 -1199/-2429/-7495 
f -1205/-2435/-7494 -1202/-2432/-7493 -1198/-2428/-7492 
f -1198/-2428/-7491 -1199/-2429/-7490 -1205/-2435/-7489 
f -1202/-2432/-7488 -1200/-2430/-7487 -1198/-2428/-7486 
usemtl apt1_terrace
f -1197/-2427/-7485 -1196/-2426/-7484 -1195/-2425/-7483 
f -1195/-2425/-7482 -1194/-2424/-7481 -1197/-2427/-7480 
f -1193/-2423/-7479 -1192/-2422/-7478 -1191/-2421/-7477 
f -1191/-2421/-7476 -1190/-2420/-7475 -1193/-2423/-7474 
f -1196/-2419/-7473 -1189/-2418/-7472 -1188/-2417/-7471 
f -1188/-2417/-7470 -1195/-2416/-7469 -1196/-2419/-7468 
f -1190/-2415/-7467 -1191/-2414/-7466 -1187/-2413/-7465 
f -1190/-2415/-7464 -1187/-2413/-7463 -1186/-2412/-7462 
f -1185/-2411/-7461 -1190/-2415/-7460 -1186/-2412/-7459 
f -1184/-2410/-7458 -1187/-2409/-7457 -1191/-2421/-7456 
f -1191/-2421/-7455 -1192/-2422/-7454 -1184/-2410/-7453 
f -1189/-2408/-7452 -1183/-2407/-7451 -1182/-2406/-7450 
f -1182/-2406/-7449 -1188/-2405/-7448 -1189/-2408/-7447 
f -1188/-2405/-7446 -1182/-2406/-7445 -1181/-2404/-7444 
f -1181/-2404/-7443 -1180/-2403/-7442 -1188/-2405/-7441 
f -1179/-2402/-7440 -1178/-2401/-7439 -1186/-2400/-7438 
f -1186/-2400/-7437 -1177/-2399/-7436 -1179/-2402/-7435 
f -1179/-2402/-7434 -1180/-2403/-7433 -1181/-2404/-7432 
f -1181/-2404/-7431 -1178/-2401/-7430 -1179/-2402/-7429 
f -1176/-2427/-7428 -1175/-2426/-7427 -1174/-2425/-7426 
f -1174/-2425/-7425 -1173/-2424/-7424 -1176/-2427/-7423 
f -1172/-2423/-7422 -1171/-2422/-7421 -1170/-2421/-7420 
f -1170/-2421/-7419 -1169/-2420/-7418 -1172/-2423/-7417 
f -1175/-2419/-7416 -1168/-2418/-7415 -1167/-2417/-7414 
f -1167/-2417/-7413 -1174/-2416/-7412 -1175/-2419/-7411 
f -1169/-2415/-7410 -1170/-2414/-7409 -1166/-2413/-7408 
f -1169/-2415/-7407 -1166/-2413/-7406 -1165/-2412/-7405 
f -1164/-2411/-7404 -1169/-2415/-7403 -1165/-2412/-7402 
f -1163/-2410/-7401 -1166/-2409/-7400 -1170/-2421/-7399 
f -1170/-2421/-7398 -1171/-2422/-7397 -1163/-2410/-7396 
f -1168/-2408/-7395 -1162/-2407/-7394 -1161/-2406/-7393 
f -1161/-2406/-7392 -1167/-2405/-7391 -1168/-2408/-7390 
f -1167/-2405/-7389 -1161/-2406/-7388 -1160/-2404/-7387 
f -1160/-2404/-7386 -1159/-2403/-7385 -1167/-2405/-7384 
f -1158/-2402/-7383 -1157/-2401/-7382 -1165/-2400/-7381 
f -1165/-2400/-7380 -1156/-2399/-7379 -1158/-2402/-7378 
f -1158/-2402/-7377 -1159/-2403/-7376 -1160/-2404/-7375 
f -1160/-2404/-7374 -1157/-2401/-7373 -1158/-2402/-7372 
f -1155/-2427/-7371 -1154/-2426/-7370 -1153/-2425/-7369 
f -1153/-2425/-7368 -1152/-2424/-7367 -1155/-2427/-7366 
f -1151/-2423/-7365 -1150/-2422/-7364 -1149/-2421/-7363 
f -1149/-2421/-7362 -1148/-2420/-7361 -1151/-2423/-7360 
f -1154/-2419/-7359 -1147/-2418/-7358 -1146/-2417/-7357 
f -1146/-2417/-7356 -1153/-2416/-7355 -1154/-2419/-7354 
f -1148/-2415/-7353 -1149/-2414/-7352 -1145/-2413/-7351 
f -1148/-2415/-7350 -1145/-2413/-7349 -1144/-2412/-7348 
f -1143/-2411/-7347 -1148/-2415/-7346 -1144/-2412/-7345 
f -1142/-2410/-7344 -1145/-2409/-7343 -1149/-2421/-7342 
f -1149/-2421/-7341 -1150/-2422/-7340 -1142/-2410/-7339 
f -1147/-2408/-7338 -1141/-2407/-7337 -1140/-2406/-7336 
f -1140/-2406/-7335 -1146/-2405/-7334 -1147/-2408/-7333 
f -1146/-2405/-7332 -1140/-2406/-7331 -1139/-2404/-7330 
f -1139/-2404/-7329 -1138/-2403/-7328 -1146/-2405/-7327 
f -1137/-2402/-7326 -1136/-2401/-7325 -1144/-2400/-7324 
f -1144/-2400/-7323 -1135/-2399/-7322 -1137/-2402/-7321 
f -1137/-2402/-7320 -1138/-2403/-7319 -1139/-2404/-7318 
f -1139/-2404/-7317 -1136/-2401/-7316 -1137/-2402/-7315 
usemtl apt1_win01
f -1134/-2398/-7314 -1133/-2397/-7313 -1132/-2396/-7312 
f -1132/-2396/-7311 -1131/-2395/-7310 -1134/-2398/-7309 
f -1130/-2394/-7308 -1129/-2393/-7307 -1128/-2392/-7306 
f -1128/-2392/-7305 -1127/-2391/-7304 -1130/-2394/-7303 
f -1126/-2398/-7302 -1125/-2397/-7301 -1124/-2396/-7300 
f -1124/-2396/-7299 -1123/-2395/-7298 -1126/-2398/-7297 
f -1122/-2394/-7296 -1121/-2393/-7295 -1120/-2392/-7294 
f -1120/-2392/-7293 -1119/-2391/-7292 -1122/-2394/-7291 
f -1118/-2398/-7290 -1117/-2397/-7289 -1116/-2396/-7288 
f -1116/-2396/-7287 -1115/-2395/-7286 -1118/-2398/-7285 
f -1114/-2394/-7284 -1113/-2393/-7283 -1112/-2392/-7282 
f -1112/-2392/-7281 -1111/-2391/-7280 -1114/-2394/-7279 
f -1110/-2398/-7278 -1109/-2397/-7277 -1108/-2396/-7276 
f -1108/-2396/-7275 -1107/-2395/-7274 -1110/-2398/-7273 
f -1106/-2394/-7272 -1105/-2393/-7271 -1104/-2392/-7270 
f -1104/-2392/-7269 -1103/-2391/-7268 -1106/-2394/-7267 
usemtl apt1_door02
f -1102/-2390/-7266 -1101/-2389/-7265 -1100/-2388/-7264 
f -1100/-2388/-7263 -1099/-2387/-7262 -1102/-2390/-7261 
usemtl apt1_win01
f -1098/-2398/-7260 -1097/-2397/-7259 -1096/-2396/-7258 
f -1096/-2396/-7257 -1095/-2395/-7256 -1098/-2398/-7255 
f -1094/-2394/-7254 -1093/-2393/-7253 -1092/-2392/-7252 
f -1092/-2392/-7251 -1091/-2391/-7250 -1094/-2394/-7249 
f -1090/-2398/-7248 -1089/-2397/-7247 -1088/-2396/-7246 
f -1088/-2396/-7245 -1087/-2395/-7244 -1090/-2398/-7243 
f -1086/-2394/-7242 -1085/-2393/-7241 -1084/-2392/-7240 
f -1084/-2392/-7239 -1083/-2391/-7238 -1086/-2394/-7237 
f -1082/-2398/-7236 -1081/-2397/-7235 -1080/-2396/-7234 
f -1080/-2396/-7233 -1079/-2395/-7232 -1082/-2398/-7231 
f -1078/-2394/-7230 -1077/-2393/-7229 -1076/-2392/-7228 
f -1076/-2392/-7227 -1075/-2391/-7226 -1078/-2394/-7225 
f -1074/-2398/-7224 -1073/-2397/-7223 -1072/-2396/-7222 
f -1072/-2396/-7221 -1071/-2395/-7220 -1074/-2398/-7219 
f -1070/-2394/-7218 -1069/-2393/-7217 -1068/-2392/-7216 
f -1068/-2392/-7215 -1067/-2391/-7214 -1070/-2394/-7213 
f -1066/-2398/-7212 -1065/-2397/-7211 -1064/-2396/-7210 
f -1064/-2396/-7209 -1063/-2395/-7208 -1066/-2398/-7207 
f -1062/-2394/-7206 -1061/-2393/-7205 -1060/-2392/-7204 
f -1060/-2392/-7203 -1059/-2391/-7202 -1062/-2394/-7201 
f -1058/-2398/-7200 -1057/-2397/-7199 -1056/-2396/-7198 
f -1056/-2396/-7197 -1055/-2395/-7196 -1058/-2398/-7195 
f -1054/-2394/-7194 -1053/-2393/-7193 -1052/-2392/-7192 
f -1052/-2392/-7191 -1051/-2391/-7190 -1054/-2394/-7189 
f -1050/-2398/-7188 -1049/-2397/-7187 -1048/-2396/-7186 
f -1048/-2396/-7185 -1047/-2395/-7184 -1050/-2398/-7183 
f -1046/-2394/-7182 -1045/-2393/-7181 -1044/-2392/-7180 
f -1044/-2392/-7179 -1043/-2391/-7178 -1046/-2394/-7177 
f -1042/-2395/-7176 -1041/-2398/-7175 -1040/-2397/-7174 
f -1040/-2397/-7173 -1039/-2396/-7172 -1042/-2395/-7171 
f -1038/-2391/-7170 -1037/-2394/-7169 -1036/-2393/-7168 
f -1036/-2393/-7167 -1035/-2392/-7166 -1038/-2391/-7165 
usemtl apt1_door01
f -1034/-2386/-7164 -1033/-2385/-7163 -1032/-2384/-7162 
f -1031/-2383/-7161 -1034/-2386/-7160 -1032/-2384/-7159 
f -1030/-2382/-7158 -1031/-2383/-7157 -1032/-2384/-7156 
f -1030/-2382/-7155 -1032/-2384/-7154 -1029/-2381/-7153 
usemtl apt1_win01
f -1028/-2398/-7152 -1027/-2397/-7151 -1026/-2396/-7150 
f -1026/-2396/-7149 -1025/-2395/-7148 -1028/-2398/-7147 
f -1024/-2394/-7146 -1023/-2393/-7145 -1022/-2392/-7144 
f -1022/-2392/-7143 -1021/-2391/-7142 -1024/-2394/-7141 
f -1020/-2398/-7140 -1019/-2397/-7139 -1018/-2396/-7138 
f -1018/-2396/-7137 -1017/-2395/-7136 -1020/-2398/-7135 
f -1016/-2394/-7134 -1015/-2393/-7133 -1014/-2392/-7132 
f -1014/-2392/-7131 -1013/-2391/-7130 -1016/-2394/-7129 
f -1012/-2398/-7128 -1011/-2397/-7127 -1010/-2396/-7126 
f -1010/-2396/-7125 -1009/-2395/-7124 -1012/-2398/-7123 
f -1008/-2394/-7122 -1007/-2393/-7121 -1006/-2392/-7120 
f -1006/-2392/-7119 -1005/-2391/-7118 -1008/-2394/-7117 
f -1004/-2398/-7116 -1003/-2397/-7115 -1002/-2396/-7114 
f -1002/-2396/-7113 -1001/-2395/-7112 -1004/-2398/-7111 
f -1000/-2394/-7110 -999/-2393/-7109 -998/-2392/-7108 
f -998/-2392/-7107 -997/-2391/-7106 -1000/-2394/-7105 
f -996/-2380/-7104 -995/-2379/-7103 -1131/-2378/-7102 
f -1131/-2378/-7101 -1132/-2377/-7100 -996/-2380/-7099 
usemtl apt1_wall01
f -1373/-2560/-7098 -1134/-2376/-7097 -1131/-2375/-7096 
f -1131/-2375/-7095 -995/-2374/-7094 -1373/-2560/-7093 
f -1373/-2560/-7092 -994/-2510/-7091 -1133/-2373/-7090 
f -1133/-2373/-7089 -1134/-2372/-7088 -1373/-2560/-7087 
f -996/-2371/-7086 -1132/-2370/-7085 -1133/-2369/-7084 
f -1133/-2369/-7083 -994/-2510/-7082 -996/-2371/-7081 
usemtl apt1_win01
f -993/-2380/-7080 -992/-2379/-7079 -1127/-2378/-7078 
f -1127/-2378/-7077 -1128/-2377/-7076 -993/-2380/-7075 
usemtl apt1_wall01
f -1371/-2558/-7074 -1130/-2368/-7073 -1127/-2367/-7072 
f -1127/-2367/-7071 -992/-2549/-7070 -1371/-2558/-7069 
f -1371/-2558/-7068 -1372/-2559/-7067 -1129/-2366/-7066 
f -1129/-2366/-7065 -1130/-2365/-7064 -1371/-2558/-7063 
f -993/-2364/-7062 -1128/-2363/-7061 -1129/-2362/-7060 
f -1129/-2362/-7059 -1372/-2559/-7058 -993/-2364/-7057 
usemtl apt1_win01
f -991/-2380/-7056 -990/-2379/-7055 -1123/-2378/-7054 
f -1123/-2378/-7053 -1124/-2377/-7052 -991/-2380/-7051 
usemtl apt1_wall01
f -990/-2374/-7050 -1370/-2560/-7049 -1126/-2376/-7048 
f -1126/-2376/-7047 -1123/-2375/-7046 -990/-2374/-7045 
f -1370/-2560/-7044 -989/-2510/-7043 -1125/-2373/-7042 
f -1125/-2373/-7041 -1126/-2372/-7040 -1370/-2560/-7039 
f -989/-2510/-7038 -991/-2371/-7037 -1124/-2370/-7036 
f -1124/-2370/-7035 -1125/-2369/-7034 -989/-2510/-7033 
usemtl apt1_win01
f -988/-2380/-7032 -987/-2379/-7031 -1119/-2378/-7030 
f -1119/-2378/-7029 -1120/-2377/-7028 -988/-2380/-7027 
usemtl apt1_wall01
f -987/-2549/-7026 -1368/-2558/-7025 -1122/-2368/-7024 
f -1122/-2368/-7023 -1119/-2367/-7022 -987/-2549/-7021 
f -1368/-2558/-7020 -1369/-2559/-7019 -1121/-2366/-7018 
f -1121/-2366/-7017 -1122/-2365/-7016 -1368/-2558/-7015 
f -1369/-2559/-7014 -988/-2364/-7013 -1120/-2363/-7012 
f -1120/-2363/-7011 -1121/-2362/-7010 -1369/-2559/-7009 
usemtl apt1_win01
f -986/-2380/-7008 -985/-2379/-7007 -1115/-2378/-7006 
f -1115/-2378/-7005 -1116/-2377/-7004 -986/-2380/-7003 
usemtl apt1_wall01
f -985/-2374/-7002 -984/-2560/-7001 -1118/-2376/-7000 
f -1118/-2376/-6999 -1115/-2375/-6998 -985/-2374/-6997 
f -984/-2560/-6996 -983/-2510/-6995 -1117/-2373/-6994 
f -1117/-2373/-6993 -1118/-2372/-6992 -984/-2560/-6991 
f -983/-2510/-6990 -986/-2371/-6989 -1116/-2370/-6988 
f -1116/-2370/-6987 -1117/-2369/-6986 -983/-2510/-6985 
usemtl apt1_win01
f -982/-2380/-6984 -981/-2379/-6983 -1111/-2378/-6982 
f -1111/-2378/-6981 -1112/-2377/-6980 -982/-2380/-6979 
usemtl apt1_wall01
f -981/-2549/-6978 -980/-2558/-6977 -1114/-2368/-6976 
f -1114/-2368/-6975 -1111/-2367/-6974 -981/-2549/-6973 
f -980/-2558/-6972 -979/-2559/-6971 -1113/-2366/-6970 
f -1113/-2366/-6969 -1114/-2365/-6968 -980/-2558/-6967 
f -979/-2559/-6966 -982/-2364/-6965 -1112/-2363/-6964 
f -1112/-2363/-6963 -1113/-2362/-6962 -979/-2559/-6961 
usemtl apt1_win01
f -978/-2380/-6960 -977/-2379/-6959 -1107/-2378/-6958 
f -1107/-2378/-6957 -1108/-2377/-6956 -978/-2380/-6955 
usemtl apt1_wall01
f -1366/-2560/-6954 -1110/-2376/-6953 -1107/-2375/-6952 
f -1107/-2375/-6951 -977/-2374/-6950 -1366/-2560/-6949 
f -1366/-2560/-6948 -976/-2510/-6947 -1109/-2373/-6946 
f -1109/-2373/-6945 -1110/-2372/-6944 -1366/-2560/-6943 
f -978/-2371/-6942 -1108/-2370/-6941 -1109/-2369/-6940 
f -1109/-2369/-6939 -976/-2510/-6938 -978/-2371/-6937 
usemtl apt1_win01
f -975/-2380/-6936 -974/-2379/-6935 -1103/-2378/-6934 
f -1103/-2378/-6933 -1104/-2377/-6932 -975/-2380/-6931 
usemtl apt1_wall01
f -1364/-2558/-6930 -1106/-2368/-6929 -1103/-2367/-6928 
f -1103/-2367/-6927 -974/-2549/-6926 -1364/-2558/-6925 
f -1364/-2558/-6924 -1365/-2559/-6923 -1105/-2366/-6922 
f -1105/-2366/-6921 -1106/-2365/-6920 -1364/-2558/-6919 
f -975/-2364/-6918 -1104/-2363/-6917 -1105/-2362/-6916 
f -1105/-2362/-6915 -1365/-2559/-6914 -975/-2364/-6913 
usemtl apt1_win01
f -973/-2380/-6912 -972/-2379/-6911 -1095/-2378/-6910 
f -1095/-2378/-6909 -1096/-2377/-6908 -973/-2380/-6907 
usemtl apt1_wall01
f -972/-2374/-6906 -971/-2560/-6905 -1098/-2376/-6904 
f -1098/-2376/-6903 -1095/-2375/-6902 -972/-2374/-6901 
f -971/-2560/-6900 -970/-2510/-6899 -1097/-2373/-6898 
f -1097/-2373/-6897 -1098/-2372/-6896 -971/-2560/-6895 
f -970/-2510/-6894 -973/-2371/-6893 -1096/-2370/-6892 
f -1096/-2370/-6891 -1097/-2369/-6890 -970/-2510/-6889 
usemtl apt1_win01
f -969/-2380/-6888 -968/-2379/-6887 -1091/-2378/-6886 
f -1091/-2378/-6885 -1092/-2377/-6884 -969/-2380/-6883 
usemtl apt1_wall01
f -968/-2549/-6882 -967/-2558/-6881 -1094/-2368/-6880 
f -1094/-2368/-6879 -1091/-2367/-6878 -968/-2549/-6877 
f -967/-2558/-6876 -966/-2559/-6875 -1093/-2366/-6874 
f -1093/-2366/-6873 -1094/-2365/-6872 -967/-2558/-6871 
f -966/-2559/-6870 -969/-2364/-6869 -1092/-2363/-6868 
f -1092/-2363/-6867 -1093/-2362/-6866 -966/-2559/-6865 
usemtl apt1_win01
f -965/-2380/-6864 -964/-2379/-6863 -1087/-2378/-6862 
f -1087/-2378/-6861 -1088/-2377/-6860 -965/-2380/-6859 
usemtl apt1_wall01
f -964/-2374/-6858 -963/-2560/-6857 -1090/-2376/-6856 
f -1090/-2376/-6855 -1087/-2375/-6854 -964/-2374/-6853 
f -963/-2560/-6852 -962/-2510/-6851 -1089/-2373/-6850 
f -1089/-2373/-6849 -1090/-2372/-6848 -963/-2560/-6847 
f -962/-2510/-6846 -965/-2371/-6845 -1088/-2370/-6844 
f -1088/-2370/-6843 -1089/-2369/-6842 -962/-2510/-6841 
usemtl apt1_win01
f -961/-2380/-6840 -960/-2379/-6839 -1083/-2378/-6838 
f -1083/-2378/-6837 -1084/-2377/-6836 -961/-2380/-6835 
usemtl apt1_wall01
f -960/-2549/-6834 -959/-2558/-6833 -1086/-2368/-6832 
f -1086/-2368/-6831 -1083/-2367/-6830 -960/-2549/-6829 
f -959/-2558/-6828 -958/-2559/-6827 -1085/-2366/-6826 
f -1085/-2366/-6825 -1086/-2365/-6824 -959/-2558/-6823 
f -958/-2559/-6822 -961/-2364/-6821 -1084/-2363/-6820 
f -1084/-2363/-6819 -1085/-2362/-6818 -958/-2559/-6817 
usemtl apt1_win01
f -957/-2380/-6816 -956/-2379/-6815 -1079/-2378/-6814 
f -1079/-2378/-6813 -1080/-2377/-6812 -957/-2380/-6811 
usemtl apt1_wall01
f -956/-2374/-6810 -955/-2560/-6809 -1082/-2376/-6808 
f -1082/-2376/-6807 -1079/-2375/-6806 -956/-2374/-6805 
f -955/-2560/-6804 -954/-2510/-6803 -1081/-2373/-6802 
f -1081/-2373/-6801 -1082/-2372/-6800 -955/-2560/-6799 
f -954/-2510/-6798 -957/-2371/-6797 -1080/-2370/-6796 
f -1080/-2370/-6795 -1081/-2369/-6794 -954/-2510/-6793 
usemtl apt1_win01
f -953/-2380/-6792 -952/-2379/-6791 -1075/-2378/-6790 
f -1075/-2378/-6789 -1076/-2377/-6788 -953/-2380/-6787 
usemtl apt1_wall01
f -952/-2549/-6786 -951/-2558/-6785 -1078/-2368/-6784 
f -1078/-2368/-6783 -1075/-2367/-6782 -952/-2549/-6781 
f -951/-2558/-6780 -950/-2559/-6779 -1077/-2366/-6778 
f -1077/-2366/-6777 -1078/-2365/-6776 -951/-2558/-6775 
f -950/-2559/-6774 -953/-2364/-6773 -1076/-2363/-6772 
f -1076/-2363/-6771 -1077/-2362/-6770 -950/-2559/-6769 
usemtl apt1_win01
f -949/-2380/-6768 -948/-2379/-6767 -1071/-2378/-6766 
f -1071/-2378/-6765 -1072/-2377/-6764 -949/-2380/-6763 
usemtl apt1_wall01
f -948/-2374/-6762 -1361/-2560/-6761 -1074/-2376/-6760 
f -1074/-2376/-6759 -1071/-2375/-6758 -948/-2374/-6757 
f -1361/-2560/-6756 -947/-2510/-6755 -1073/-2373/-6754 
f -1073/-2373/-6753 -1074/-2372/-6752 -1361/-2560/-6751 
f -947/-2510/-6750 -949/-2371/-6749 -1072/-2370/-6748 
f -1072/-2370/-6747 -1073/-2369/-6746 -947/-2510/-6745 
usemtl apt1_win01
f -946/-2380/-6744 -945/-2379/-6743 -1067/-2378/-6742 
f -1067/-2378/-6741 -1068/-2377/-6740 -946/-2380/-6739 
usemtl apt1_wall01
f -945/-2549/-6738 -1359/-2558/-6737 -1070/-2368/-6736 
f -1070/-2368/-6735 -1067/-2367/-6734 -945/-2549/-6733 
f -1359/-2558/-6732 -1360/-2559/-6731 -1069/-2366/-6730 
f -1069/-2366/-6729 -1070/-2365/-6728 -1359/-2558/-6727 
f -1360/-2559/-6726 -946/-2364/-6725 -1068/-2363/-6724 
f -1068/-2363/-6723 -1069/-2362/-6722 -1360/-2559/-6721 
usemtl apt1_win01
f -944/-2380/-6720 -943/-2379/-6719 -1063/-2378/-6718 
f -1063/-2378/-6717 -1064/-2377/-6716 -944/-2380/-6715 
usemtl apt1_wall01
f -943/-2374/-6714 -942/-2560/-6713 -1066/-2376/-6712 
f -1066/-2376/-6711 -1063/-2375/-6710 -943/-2374/-6709 
f -942/-2560/-6708 -941/-2510/-6707 -1065/-2373/-6706 
f -1065/-2373/-6705 -1066/-2372/-6704 -942/-2560/-6703 
f -941/-2510/-6702 -944/-2371/-6701 -1064/-2370/-6700 
f -1064/-2370/-6699 -1065/-2369/-6698 -941/-2510/-6697 
usemtl apt1_win01
f -940/-2380/-6696 -939/-2379/-6695 -1059/-2378/-6694 
f -1059/-2378/-6693 -1060/-2377/-6692 -940/-2380/-6691 
usemtl apt1_wall01
f -939/-2549/-6690 -938/-2558/-6689 -1062/-2368/-6688 
f -1062/-2368/-6687 -1059/-2367/-6686 -939/-2549/-6685 
f -938/-2558/-6684 -937/-2559/-6683 -1061/-2366/-6682 
f -1061/-2366/-6681 -1062/-2365/-6680 -938/-2558/-6679 
f -937/-2559/-6678 -940/-2364/-6677 -1060/-2363/-6676 
f -1060/-2363/-6675 -1061/-2362/-6674 -937/-2559/-6673 
usemtl apt1_win01
f -936/-2380/-6672 -935/-2379/-6671 -1055/-2378/-6670 
f -1055/-2378/-6669 -1056/-2377/-6668 -936/-2380/-6667 
usemtl apt1_wall01
f -935/-2374/-6666 -934/-2560/-6665 -1058/-2376/-6664 
f -1058/-2376/-6663 -1055/-2375/-6662 -935/-2374/-6661 
f -934/-2560/-6660 -933/-2510/-6659 -1057/-2373/-6658 
f -1057/-2373/-6657 -1058/-2372/-6656 -934/-2560/-6655 
f -933/-2510/-6654 -936/-2371/-6653 -1056/-2370/-6652 
f -1056/-2370/-6651 -1057/-2369/-6650 -933/-2510/-6649 
usemtl apt1_win01
f -932/-2380/-6648 -931/-2379/-6647 -1051/-2378/-6646 
f -1051/-2378/-6645 -1052/-2377/-6644 -932/-2380/-6643 
usemtl apt1_wall01
f -931/-2549/-6642 -930/-2558/-6641 -1054/-2368/-6640 
f -1054/-2368/-6639 -1051/-2367/-6638 -931/-2549/-6637 
f -930/-2558/-6636 -929/-2559/-6635 -1053/-2366/-6634 
f -1053/-2366/-6633 -1054/-2365/-6632 -930/-2558/-6631 
f -929/-2559/-6630 -932/-2364/-6629 -1052/-2363/-6628 
f -1052/-2363/-6627 -1053/-2362/-6626 -929/-2559/-6625 
usemtl apt1_win01
f -928/-2380/-6624 -927/-2379/-6623 -1047/-2378/-6622 
f -1047/-2378/-6621 -1048/-2377/-6620 -928/-2380/-6619 
usemtl apt1_wall01
f -927/-2374/-6618 -926/-2560/-6617 -1050/-2376/-6616 
f -1050/-2376/-6615 -1047/-2375/-6614 -927/-2374/-6613 
f -926/-2560/-6612 -925/-2510/-6611 -1049/-2373/-6610 
f -1049/-2373/-6609 -1050/-2372/-6608 -926/-2560/-6607 
f -925/-2510/-6606 -928/-2371/-6605 -1048/-2370/-6604 
f -1048/-2370/-6603 -1049/-2369/-6602 -925/-2510/-6601 
usemtl apt1_win01
f -924/-2380/-6600 -923/-2379/-6599 -1043/-2378/-6598 
f -1043/-2378/-6597 -1044/-2377/-6596 -924/-2380/-6595 
usemtl apt1_wall01
f -923/-2549/-6594 -922/-2558/-6593 -1046/-2368/-6592 
f -1046/-2368/-6591 -1043/-2367/-6590 -923/-2549/-6589 
f -922/-2558/-6588 -921/-2559/-6587 -1045/-2366/-6586 
f -1045/-2366/-6585 -1046/-2365/-6584 -922/-2558/-6583 
f -921/-2559/-6582 -924/-2364/-6581 -1044/-2363/-6580 
f -1044/-2363/-6579 -1045/-2362/-6578 -921/-2559/-6577 
usemtl apt1_win01
f -920/-2380/-6576 -919/-2379/-6575 -1042/-2378/-6574 
f -1042/-2378/-6573 -1039/-2377/-6572 -920/-2380/-6571 
usemtl apt1_wall01
f -918/-2560/-6570 -1041/-2376/-6569 -1042/-2375/-6568 
f -1042/-2375/-6567 -919/-2374/-6566 -918/-2560/-6565 
f -918/-2560/-6564 -917/-2510/-6563 -1040/-2373/-6562 
f -1040/-2373/-6561 -1041/-2372/-6560 -918/-2560/-6559 
f -917/-2510/-6558 -920/-2371/-6557 -1039/-2370/-6556 
f -1039/-2370/-6555 -1040/-2369/-6554 -917/-2510/-6553 
usemtl apt1_win01
f -916/-2380/-6552 -1357/-2379/-6551 -1038/-2378/-6550 
f -1038/-2378/-6549 -1035/-2377/-6548 -916/-2380/-6547 
usemtl apt1_wall01
f -1357/-2549/-6546 -1358/-2558/-6545 -1037/-2368/-6544 
f -1037/-2368/-6543 -1038/-2367/-6542 -1357/-2549/-6541 
f -1358/-2558/-6540 -915/-2559/-6539 -1036/-2366/-6538 
f -1036/-2366/-6537 -1037/-2365/-6536 -1358/-2558/-6535 
f -915/-2559/-6534 -916/-2364/-6533 -1035/-2363/-6532 
f -1035/-2363/-6531 -1036/-2362/-6530 -915/-2559/-6529 
usemtl apt1_win01
f -914/-2380/-6528 -913/-2379/-6527 -1025/-2378/-6526 
f -1025/-2378/-6525 -1026/-2377/-6524 -914/-2380/-6523 
usemtl apt1_wall01
f -913/-2374/-6522 -1325/-2560/-6521 -1028/-2376/-6520 
f -1028/-2376/-6519 -1025/-2375/-6518 -913/-2374/-6517 
f -1325/-2560/-6516 -1326/-2510/-6515 -1027/-2373/-6514 
f -1027/-2373/-6513 -1028/-2372/-6512 -1325/-2560/-6511 
f -1326/-2510/-6510 -914/-2371/-6509 -1026/-2370/-6508 
f -1026/-2370/-6507 -1027/-2369/-6506 -1326/-2510/-6505 
usemtl apt1_win01
f -912/-2380/-6504 -911/-2379/-6503 -1021/-2378/-6502 
f -1021/-2378/-6501 -1022/-2377/-6500 -912/-2380/-6499 
usemtl apt1_wall01
f -911/-2549/-6498 -1322/-2558/-6497 -1024/-2368/-6496 
f -1024/-2368/-6495 -1021/-2367/-6494 -911/-2549/-6493 
f -1322/-2558/-6492 -1324/-2559/-6491 -1023/-2366/-6490 
f -1023/-2366/-6489 -1024/-2365/-6488 -1322/-2558/-6487 
f -1324/-2559/-6486 -912/-2364/-6485 -1022/-2363/-6484 
f -1022/-2363/-6483 -1023/-2362/-6482 -1324/-2559/-6481 
usemtl apt1_win01
f -910/-2380/-6480 -909/-2379/-6479 -1017/-2378/-6478 
f -1017/-2378/-6477 -1018/-2377/-6476 -910/-2380/-6475 
usemtl apt1_wall01
f -909/-2374/-6474 -1320/-2560/-6473 -1020/-2376/-6472 
f -1020/-2376/-6471 -1017/-2375/-6470 -909/-2374/-6469 
f -1320/-2560/-6468 -908/-2510/-6467 -1019/-2373/-6466 
f -1019/-2373/-6465 -1020/-2372/-6464 -1320/-2560/-6463 
f -908/-2510/-6462 -910/-2371/-6461 -1018/-2370/-6460 
f -1018/-2370/-6459 -1019/-2369/-6458 -908/-2510/-6457 
usemtl apt1_win01
f -907/-2380/-6456 -906/-2379/-6455 -1013/-2378/-6454 
f -1013/-2378/-6453 -1014/-2377/-6452 -907/-2380/-6451 
usemtl apt1_wall01
f -906/-2549/-6450 -1318/-2558/-6449 -1016/-2368/-6448 
f -1016/-2368/-6447 -1013/-2367/-6446 -906/-2549/-6445 
f -1318/-2558/-6444 -1319/-2559/-6443 -1015/-2366/-6442 
f -1015/-2366/-6441 -1016/-2365/-6440 -1318/-2558/-6439 
f -1319/-2559/-6438 -907/-2364/-6437 -1014/-2363/-6436 
f -1014/-2363/-6435 -1015/-2362/-6434 -1319/-2559/-6433 
usemtl apt1_win01
f -905/-2380/-6432 -904/-2379/-6431 -1009/-2378/-6430 
f -1009/-2378/-6429 -1010/-2377/-6428 -905/-2380/-6427 
usemtl apt1_wall01
f -904/-2374/-6426 -903/-2560/-6425 -1012/-2376/-6424 
f -1012/-2376/-6423 -1009/-2375/-6422 -904/-2374/-6421 
f -903/-2560/-6420 -902/-2510/-6419 -1011/-2373/-6418 
f -1011/-2373/-6417 -1012/-2372/-6416 -903/-2560/-6415 
f -902/-2510/-6414 -905/-2371/-6413 -1010/-2370/-6412 
f -1010/-2370/-6411 -1011/-2369/-6410 -902/-2510/-6409 
usemtl apt1_win01
f -901/-2380/-6408 -900/-2379/-6407 -1005/-2378/-6406 
f -1005/-2378/-6405 -1006/-2377/-6404 -901/-2380/-6403 
usemtl apt1_wall01
f -900/-2549/-6402 -899/-2558/-6401 -1008/-2368/-6400 
f -1008/-2368/-6399 -1005/-2367/-6398 -900/-2549/-6397 
f -899/-2558/-6396 -898/-2559/-6395 -1007/-2366/-6394 
f -1007/-2366/-6393 -1008/-2365/-6392 -899/-2558/-6391 
f -898/-2559/-6390 -901/-2364/-6389 -1006/-2363/-6388 
f -1006/-2363/-6387 -1007/-2362/-6386 -898/-2559/-6385 
usemtl apt1_win01
f -897/-2380/-6384 -896/-2379/-6383 -1001/-2378/-6382 
f -1001/-2378/-6381 -1002/-2377/-6380 -897/-2380/-6379 
usemtl apt1_wall01
f -896/-2374/-6378 -1316/-2560/-6377 -1004/-2376/-6376 
f -1004/-2376/-6375 -1001/-2375/-6374 -896/-2374/-6373 
f -1316/-2560/-6372 -895/-2510/-6371 -1003/-2373/-6370 
f -1003/-2373/-6369 -1004/-2372/-6368 -1316/-2560/-6367 
f -895/-2510/-6366 -897/-2371/-6365 -1002/-2370/-6364 
f -1002/-2370/-6363 -1003/-2369/-6362 -895/-2510/-6361 
usemtl apt1_win01
f -894/-2380/-6360 -893/-2379/-6359 -997/-2378/-6358 
f -997/-2378/-6357 -998/-2377/-6356 -894/-2380/-6355 
usemtl apt1_wall01
f -893/-2549/-6354 -1314/-2558/-6353 -1000/-2368/-6352 
f -1000/-2368/-6351 -997/-2367/-6350 -893/-2549/-6349 
f -1314/-2558/-6348 -1315/-2559/-6347 -999/-2366/-6346 
f -999/-2366/-6345 -1000/-2365/-6344 -1314/-2558/-6343 
f -1315/-2559/-6342 -894/-2364/-6341 -998/-2363/-6340 
f -998/-2363/-6339 -999/-2362/-6338 -1315/-2559/-6337 
usemtl apt1_krohv_kollane
f -892/-2361/-6336 -1102/-2360/-6335 -1099/-2359/-6334 
f -1099/-2359/-6333 -891/-2358/-6332 -892/-2361/-6331 
f -892/-2361/-6330 -1362/-2554/-6329 -1101/-2357/-6328 
f -1101/-2357/-6327 -1102/-2356/-6326 -892/-2361/-6325 
f -1363/-2555/-6324 -1100/-2355/-6323 -1101/-2354/-6322 
f -1101/-2354/-6321 -1362/-2554/-6320 -1363/-2555/-6319 
f -1353/-2545/-6318 -1352/-2544/-6317 -1031/-2353/-6316 
f -1031/-2353/-6315 -1030/-2352/-6314 -1353/-2545/-6313 
f -890/-2351/-6312 -1034/-2350/-6311 -1031/-2353/-6310 
f -1031/-2353/-6309 -1352/-2544/-6308 -890/-2351/-6307 
f -890/-2351/-6306 -1351/-2543/-6305 -1033/-2349/-6304 
f -1033/-2349/-6303 -1034/-2348/-6302 -890/-2351/-6301 
f -1349/-2541/-6300 -1032/-2347/-6299 -1033/-2346/-6298 
f -1033/-2346/-6297 -1351/-2543/-6296 -1349/-2541/-6295 
f -1349/-2541/-6294 -889/-2345/-6293 -1029/-2344/-6292 
f -1029/-2344/-6291 -1032/-2347/-6290 -1349/-2541/-6289 
usemtl apt1_dormer01
f -888/-2343/-6288 -887/-2342/-6287 -886/-2341/-6286 
f -886/-2341/-6285 -885/-2340/-6284 -888/-2343/-6283 
f -887/-2342/-6282 -884/-2339/-6281 -883/-2338/-6280 
f -883/-2338/-6279 -886/-2341/-6278 -887/-2342/-6277 
f -884/-2339/-6276 -882/-2337/-6275 -881/-2336/-6274 
f -881/-2336/-6273 -883/-2338/-6272 -884/-2339/-6271 
f -882/-2337/-6270 -880/-2335/-6269 -879/-2334/-6268 
f -879/-2334/-6267 -881/-2336/-6266 -882/-2337/-6265 
f -880/-2333/-6264 -878/-2335/-6263 -877/-2334/-6262 
f -877/-2334/-6261 -879/-2332/-6260 -880/-2333/-6259 
f -878/-2335/-6258 -876/-2337/-6257 -875/-2336/-6256 
f -875/-2336/-6255 -877/-2334/-6254 -878/-2335/-6253 
f -876/-2337/-6252 -874/-2339/-6251 -873/-2338/-6250 
f -873/-2338/-6249 -875/-2336/-6248 -876/-2337/-6247 
f -874/-2339/-6246 -872/-2342/-6245 -871/-2341/-6244 
f -871/-2341/-6243 -873/-2338/-6242 -874/-2339/-6241 
f -872/-2342/-6240 -870/-2343/-6239 -869/-2340/-6238 
f -869/-2340/-6237 -871/-2341/-6236 -872/-2342/-6235 
f -888/-2343/-6234 -885/-2340/-6233 -868/-2331/-6232 
f -868/-2331/-6231 -867/-2330/-6230 -888/-2343/-6229 
f -869/-2340/-6228 -870/-2343/-6227 -866/-2330/-6226 
f -866/-2330/-6225 -865/-2331/-6224 -869/-2340/-6223 
f -865/-2329/-6222 -868/-2328/-6221 -885/-2327/-6220 
f -869/-2326/-6219 -865/-2329/-6218 -885/-2327/-6217 
f -885/-2327/-6216 -886/-2325/-6215 -883/-2324/-6214 
f -883/-2324/-6213 -881/-2323/-6212 -879/-2322/-6211 
f -885/-2327/-6210 -883/-2324/-6209 -879/-2322/-6208 
f -879/-2322/-6207 -877/-2321/-6206 -875/-2320/-6205 
f -875/-2320/-6204 -873/-2319/-6203 -871/-2318/-6202 
f -879/-2322/-6201 -875/-2320/-6200 -871/-2318/-6199 
f -885/-2327/-6198 -879/-2322/-6197 -871/-2318/-6196 
f -869/-2326/-6195 -885/-2327/-6194 -871/-2318/-6193 
f -864/-2343/-6192 -863/-2342/-6191 -862/-2341/-6190 
f -862/-2341/-6189 -861/-2340/-6188 -864/-2343/-6187 
f -863/-2342/-6186 -860/-2339/-6185 -859/-2338/-6184 
f -859/-2338/-6183 -862/-2341/-6182 -863/-2342/-6181 
f -860/-2339/-6180 -858/-2337/-6179 -857/-2336/-6178 
f -857/-2336/-6177 -859/-2338/-6176 -860/-2339/-6175 
f -858/-2337/-6174 -856/-2335/-6173 -855/-2334/-6172 
f -855/-2334/-6171 -857/-2336/-6170 -858/-2337/-6169 
f -856/-2333/-6168 -854/-2335/-6167 -853/-2334/-6166 
f -853/-2334/-6165 -855/-2332/-6164 -856/-2333/-6163 
f -854/-2335/-6162 -852/-2337/-6161 -851/-2336/-6160 
f -851/-2336/-6159 -853/-2334/-6158 -854/-2335/-6157 
f -852/-2337/-6156 -850/-2339/-6155 -849/-2338/-6154 
f -849/-2338/-6153 -851/-2336/-6152 -852/-2337/-6151 
f -850/-2339/-6150 -848/-2342/-6149 -847/-2341/-6148 
f -847/-2341/-6147 -849/-2338/-6146 -850/-2339/-6145 
f -848/-2342/-6144 -846/-2343/-6143 -845/-2340/-6142 
f -845/-2340/-6141 -847/-2341/-6140 -848/-2342/-6139 
f -864/-2343/-6138 -861/-2340/-6137 -844/-2331/-6136 
f -844/-2331/-6135 -843/-2330/-6134 -864/-2343/-6133 
f -845/-2340/-6132 -846/-2343/-6131 -842/-2330/-6130 
f -842/-2330/-6129 -841/-2331/-6128 -845/-2340/-6127 
f -841/-2329/-6126 -844/-2328/-6125 -861/-2327/-6124 
f -845/-2326/-6123 -841/-2329/-6122 -861/-2327/-6121 
f -861/-2327/-6120 -862/-2325/-6119 -859/-2324/-6118 
f -859/-2324/-6117 -857/-2323/-6116 -855/-2322/-6115 
f -861/-2327/-6114 -859/-2324/-6113 -855/-2322/-6112 
f -855/-2322/-6111 -853/-2321/-6110 -851/-2320/-6109 
f -851/-2320/-6108 -849/-2319/-6107 -847/-2318/-6106 
f -855/-2322/-6105 -851/-2320/-6104 -847/-2318/-6103 
f -861/-2327/-6102 -855/-2322/-6101 -847/-2318/-6100 
f -845/-2326/-6099 -861/-2327/-6098 -847/-2318/-6097 
f -840/-2343/-6096 -839/-2342/-6095 -838/-2341/-6094 
f -838/-2341/-6093 -837/-2340/-6092 -840/-2343/-6091 
f -839/-2342/-6090 -836/-2339/-6089 -835/-2338/-6088 
f -835/-2338/-6087 -838/-2341/-6086 -839/-2342/-6085 
f -836/-2339/-6084 -834/-2337/-6083 -833/-2336/-6082 
f -833/-2336/-6081 -835/-2338/-6080 -836/-2339/-6079 
f -834/-2337/-6078 -832/-2335/-6077 -831/-2334/-6076 
f -831/-2334/-6075 -833/-2336/-6074 -834/-2337/-6073 
f -832/-2333/-6072 -830/-2335/-6071 -829/-2334/-6070 
f -829/-2334/-6069 -831/-2332/-6068 -832/-2333/-6067 
f -830/-2335/-6066 -828/-2337/-6065 -827/-2336/-6064 
f -827/-2336/-6063 -829/-2334/-6062 -830/-2335/-6061 
f -828/-2337/-6060 -826/-2339/-6059 -825/-2338/-6058 
f -825/-2338/-6057 -827/-2336/-6056 -828/-2337/-6055 
f -826/-2339/-6054 -824/-2342/-6053 -823/-2341/-6052 
f -823/-2341/-6051 -825/-2338/-6050 -826/-2339/-6049 
f -824/-2342/-6048 -822/-2343/-6047 -821/-2340/-6046 
f -821/-2340/-6045 -823/-2341/-6044 -824/-2342/-6043 
f -840/-2343/-6042 -837/-2340/-6041 -820/-2331/-6040 
f -820/-2331/-6039 -819/-2330/-6038 -840/-2343/-6037 
f -821/-2340/-6036 -822/-2343/-6035 -818/-2330/-6034 
f -818/-2330/-6033 -817/-2331/-6032 -821/-2340/-6031 
f -817/-2329/-6030 -820/-2328/-6029 -837/-2327/-6028 
f -821/-2326/-6027 -817/-2329/-6026 -837/-2327/-6025 
f -837/-2327/-6024 -838/-2325/-6023 -835/-2324/-6022 
f -835/-2324/-6021 -833/-2323/-6020 -831/-2322/-6019 
f -837/-2327/-6018 -835/-2324/-6017 -831/-2322/-6016 
f -831/-2322/-6015 -829/-2321/-6014 -827/-2320/-6013 
f -827/-2320/-6012 -825/-2319/-6011 -823/-2318/-6010 
f -831/-2322/-6009 -827/-2320/-6008 -823/-2318/-6007 
f -837/-2327/-6006 -831/-2322/-6005 -823/-2318/-6004 
f -821/-2326/-6003 -837/-2327/-6002 -823/-2318/-6001 
f -816/-2340/-6000 -815/-2341/-5999 -814/-2342/-5998 
f -814/-2342/-5997 -813/-2343/-5996 -816/-2340/-5995 
f -815/-2341/-5994 -812/-2338/-5993 -811/-2339/-5992 
f -811/-2339/-5991 -814/-2342/-5990 -815/-2341/-5989 
f -812/-2338/-5988 -810/-2336/-5987 -809/-2337/-5986 
f -809/-2337/-5985 -811/-2339/-5984 -812/-2338/-5983 
f -810/-2336/-5982 -808/-2334/-5981 -807/-2335/-5980 
f -807/-2335/-5979 -809/-2337/-5978 -810/-2336/-5977 
f -808/-2334/-5976 -806/-2332/-5975 -805/-2333/-5974 
f -805/-2333/-5973 -807/-2335/-5972 -808/-2334/-5971 
f -806/-2334/-5970 -804/-2336/-5969 -803/-2337/-5968 
f -803/-2337/-5967 -805/-2335/-5966 -806/-2334/-5965 
f -804/-2336/-5964 -802/-2338/-5963 -801/-2339/-5962 
f -801/-2339/-5961 -803/-2337/-5960 -804/-2336/-5959 
f -802/-2338/-5958 -800/-2341/-5957 -799/-2342/-5956 
f -799/-2342/-5955 -801/-2339/-5954 -802/-2338/-5953 
f -800/-2341/-5952 -798/-2340/-5951 -797/-2343/-5950 
f -797/-2343/-5949 -799/-2342/-5948 -800/-2341/-5947 
f -816/-2340/-5946 -813/-2343/-5945 -796/-2330/-5944 
f -796/-2330/-5943 -795/-2331/-5942 -816/-2340/-5941 
f -797/-2343/-5940 -798/-2340/-5939 -794/-2331/-5938 
f -794/-2331/-5937 -793/-2330/-5936 -797/-2343/-5935 
f -793/-2329/-5934 -796/-2328/-5933 -813/-2327/-5932 
f -797/-2326/-5931 -793/-2329/-5930 -813/-2327/-5929 
f -813/-2327/-5928 -814/-2325/-5927 -811/-2324/-5926 
f -811/-2324/-5925 -809/-2323/-5924 -807/-2322/-5923 
f -813/-2327/-5922 -811/-2324/-5921 -807/-2322/-5920 
f -807/-2322/-5919 -805/-2321/-5918 -803/-2320/-5917 
f -803/-2320/-5916 -801/-2319/-5915 -799/-2318/-5914 
f -807/-2322/-5913 -803/-2320/-5912 -799/-2318/-5911 
f -813/-2327/-5910 -807/-2322/-5909 -799/-2318/-5908 
f -797/-2326/-5907 -813/-2327/-5906 -799/-2318/-5905 
f -792/-2343/-5904 -791/-2342/-5903 -790/-2341/-5902 
f -790/-2341/-5901 -789/-2340/-5900 -792/-2343/-5899 
f -791/-2342/-5898 -788/-2339/-5897 -787/-2338/-5896 
f -787/-2338/-5895 -790/-2341/-5894 -791/-2342/-5893 
f -788/-2339/-5892 -786/-2337/-5891 -785/-2336/-5890 
f -785/-2336/-5889 -787/-2338/-5888 -788/-2339/-5887 
f -786/-2337/-5886 -784/-2335/-5885 -783/-2334/-5884 
f -783/-2334/-5883 -785/-2336/-5882 -786/-2337/-5881 
f -784/-2333/-5880 -782/-2335/-5879 -781/-2334/-5878 
f -781/-2334/-5877 -783/-2332/-5876 -784/-2333/-5875 
f -782/-2335/-5874 -780/-2337/-5873 -779/-2336/-5872 
f -779/-2336/-5871 -781/-2334/-5870 -782/-2335/-5869 
f -780/-2337/-5868 -778/-2339/-5867 -777/-2338/-5866 
f -777/-2338/-5865 -779/-2336/-5864 -780/-2337/-5863 
f -778/-2339/-5862 -776/-2342/-5861 -775/-2341/-5860 
f -775/-2341/-5859 -777/-2338/-5858 -778/-2339/-5857 
f -776/-2342/-5856 -774/-2343/-5855 -773/-2340/-5854 
f -773/-2340/-5853 -775/-2341/-5852 -776/-2342/-5851 
f -792/-2343/-5850 -789/-2340/-5849 -772/-2331/-5848 
f -772/-2331/-5847 -771/-2330/-5846 -792/-2343/-5845 
f -773/-2340/-5844 -774/-2343/-5843 -770/-2330/-5842 
f -770/-2330/-5841 -769/-2331/-5840 -773/-2340/-5839 
f -769/-2329/-5838 -772/-2328/-5837 -789/-2327/-5836 
f -773/-2326/-5835 -769/-2329/-5834 -789/-2327/-5833 
f -789/-2327/-5832 -790/-2325/-5831 -787/-2324/-5830 
f -787/-2324/-5829 -785/-2323/-5828 -783/-2322/-5827 
f -789/-2327/-5826 -787/-2324/-5825 -783/-2322/-5824 
f -783/-2322/-5823 -781/-2321/-5822 -779/-2320/-5821 
f -779/-2320/-5820 -777/-2319/-5819 -775/-2318/-5818 
f -783/-2322/-5817 -779/-2320/-5816 -775/-2318/-5815 
f -789/-2327/-5814 -783/-2322/-5813 -775/-2318/-5812 
f -773/-2326/-5811 -789/-2327/-5810 -775/-2318/-5809 
usemtl apt1_krohv_kollane
f -768/-2317/-5808 -364/-1516/-5807 -766/-2315/-5806 
f -766/-2315/-5805 -765/-2314/-5804 -768/-2317/-5803 
usemtl apt1_roof
f -763/-2311/-5802 -765/-2310/-5801 -766/-2309/-5800 
f -766/-2309/-5799 -764/-2308/-5798 -763/-2311/-5797 
f -762/-2307/-5796 -761/-2306/-5795 -760/-2305/-5794 
f -760/-2305/-5793 -759/-2304/-5792 -762/-2307/-5791 
usemtl xxx
f -759/-2866/-5790 -760/-2866/-5789 -758/-2866/-5788 
f -759/-2866/-5787 -758/-2866/-5786 -757/-2934/-5785 
f -756/-2934/-5784 -759/-2866/-5783 -757/-2934/-5782 
usemtl apt1_wall03
f -762/-2303/-5781 -755/-2302/-5780 -754/-2301/-5779 
f -754/-2301/-5778 -753/-2300/-5777 -762/-2303/-5776 
usemtl apt1_street
f -754/-2299/-5775 -752/-2298/-5774 -751/-2297/-5773 
f -751/-2297/-5772 -750/-2296/-5771 -754/-2299/-5770 
usemtl apt1_wall03
f -755/-2295/-5769 -749/-2302/-5768 -752/-2301/-5767 
f -752/-2301/-5766 -754/-2294/-5765 -755/-2295/-5764 
f -755/-2293/-5763 -748/-2292/-5762 -747/-2291/-5761 
f -747/-2291/-5760 -749/-2302/-5759 -755/-2293/-5758 
f -748/-2290/-5757 -746/-2289/-5756 -745/-2288/-5755 
f -745/-2288/-5754 -747/-2291/-5753 -748/-2290/-5752 
f -746/-2287/-5751 -744/-2286/-5750 -743/-2285/-5749 
f -743/-2285/-5748 -745/-2288/-5747 -746/-2287/-5746 
f -744/-2284/-5745 -742/-2283/-5744 -741/-2282/-5743 
f -741/-2282/-5742 -743/-2285/-5741 -744/-2284/-5740 
f -742/-2281/-5739 -740/-2280/-5738 -739/-2279/-5737 
f -739/-2279/-5736 -741/-2282/-5735 -742/-2281/-5734 
f -740/-2278/-5733 -738/-2277/-5732 -737/-2276/-5731 
f -737/-2276/-5730 -739/-2279/-5729 -740/-2278/-5728 
f -738/-2275/-5727 -736/-2274/-5726 -735/-2273/-5725 
f -735/-2273/-5724 -737/-2276/-5723 -738/-2275/-5722 
f -736/-2272/-5721 -734/-2271/-5720 -733/-2270/-5719 
f -733/-2270/-5718 -735/-2273/-5717 -736/-2272/-5716 
f -734/-2269/-5715 -732/-2268/-5714 -731/-2267/-5713 
f -731/-2267/-5712 -733/-2270/-5711 -734/-2269/-5710 
f -732/-2266/-5709 -730/-2265/-5708 -729/-2264/-5707 
f -729/-2264/-5706 -731/-2267/-5705 -732/-2266/-5704 
f -730/-2263/-5703 -728/-2262/-5702 -727/-2261/-5701 
f -727/-2261/-5700 -729/-2264/-5699 -730/-2263/-5698 
f -728/-2260/-5697 -726/-2259/-5696 -725/-2258/-5695 
f -725/-2258/-5694 -727/-2261/-5693 -728/-2260/-5692 
f -726/-2257/-5691 -724/-2256/-5690 -723/-2255/-5689 
f -723/-2255/-5688 -725/-2258/-5687 -726/-2257/-5686 
f -724/-2254/-5685 -722/-2253/-5684 -721/-2252/-5683 
f -721/-2252/-5682 -723/-2255/-5681 -724/-2254/-5680 
f -750/-2251/-5679 -751/-2250/-5678 -721/-2249/-5677 
f -721/-2249/-5676 -722/-2248/-5675 -750/-2251/-5674 
usemtl apt1_roof02
f -717/-2241/-5673 -716/-2240/-5672 -720/-2239/-5671 
usemtl apt1_krohv_kollane
f -715/-2238/-5670 -718/-2244/-5669 -719/-2245/-5668 
f -719/-2245/-5667 -714/-2237/-5666 -715/-2238/-5665 
usemtl apt1_roof02
f -716/-2236/-5664 -719/-2235/-5663 -720/-2234/-5662 
f -716/-2233/-5661 -714/-2232/-5660 -719/-2231/-5659 
usemtl apt1_wall02
f -1542/-2801/-5658 -1390/-2586/-5657 -1565/-2803/-5656 
usemtl apt1_wall01
f -995/-2374/-5655 -996/-2371/-5654 -713/-2230/-5653 
f -995/-2374/-5652 -713/-2230/-5651 -1461/-2229/-5650 
f -993/-2364/-5649 -995/-2374/-5648 -1461/-2229/-5647 
f -992/-2549/-5646 -993/-2364/-5645 -1461/-2229/-5644 
f -1371/-2558/-5643 -992/-2549/-5642 -1461/-2229/-5641 
f -1461/-2229/-5640 -1613/-2561/-5639 -1371/-2558/-5638 
f -1372/-2559/-5637 -1373/-2560/-5636 -995/-2374/-5635 
f -995/-2374/-5634 -993/-2364/-5633 -1372/-2559/-5632 
f -994/-2510/-5631 -1367/-2228/-5630 -713/-2230/-5629 
f -713/-2230/-5628 -996/-2371/-5627 -994/-2510/-5626 
f -1373/-2560/-5625 -1613/-2561/-5624 -1367/-2228/-5623 
f -1367/-2228/-5622 -994/-2510/-5621 -1373/-2560/-5620 
f -990/-2374/-5619 -991/-2371/-5618 -1569/-2227/-5617 
f -990/-2374/-5616 -1569/-2227/-5615 -1367/-2226/-5614 
f -988/-2364/-5613 -990/-2374/-5612 -1367/-2226/-5611 
f -987/-2549/-5610 -988/-2364/-5609 -1367/-2226/-5608 
f -987/-2549/-5607 -1367/-2226/-5606 -1603/-2557/-5605 
f -1603/-2557/-5604 -1368/-2558/-5603 -987/-2549/-5602 
f -1369/-2559/-5601 -1370/-2560/-5600 -990/-2374/-5599 
f -990/-2374/-5598 -988/-2364/-5597 -1369/-2559/-5596 
f -991/-2371/-5595 -989/-2510/-5594 -1604/-2225/-5593 
f -1604/-2225/-5592 -1569/-2227/-5591 -991/-2371/-5590 
f -1370/-2560/-5589 -1603/-2557/-5588 -1604/-2225/-5587 
f -1604/-2225/-5586 -989/-2510/-5585 -1370/-2560/-5584 
f -985/-2374/-5583 -986/-2371/-5582 -1367/-2224/-5581 
f -985/-2374/-5580 -1367/-2224/-5579 -1613/-2223/-5578 
f -982/-2364/-5577 -985/-2374/-5576 -1613/-2223/-5575 
f -981/-2549/-5574 -982/-2364/-5573 -1613/-2223/-5572 
f -981/-2549/-5571 -1613/-2223/-5570 -1614/-2222/-5569 
f -1614/-2222/-5568 -980/-2558/-5567 -981/-2549/-5566 
f -979/-2559/-5565 -984/-2560/-5564 -985/-2374/-5563 
f -985/-2374/-5562 -982/-2364/-5561 -979/-2559/-5560 
f -986/-2371/-5559 -983/-2510/-5558 -1603/-2221/-5557 
f -1603/-2221/-5556 -1367/-2224/-5555 -986/-2371/-5554 
f -984/-2560/-5553 -1614/-2222/-5552 -1603/-2221/-5551 
f -1603/-2221/-5550 -983/-2510/-5549 -984/-2560/-5548 
f -979/-2559/-5547 -980/-2558/-5546 -1614/-2222/-5545 
f -1614/-2222/-5544 -984/-2560/-5543 -979/-2559/-5542 
f -977/-2374/-5541 -978/-2371/-5540 -1413/-2220/-5539 
f -977/-2374/-5538 -1413/-2220/-5537 -713/-2219/-5536 
f -975/-2364/-5535 -977/-2374/-5534 -713/-2219/-5533 
f -974/-2549/-5532 -975/-2364/-5531 -713/-2219/-5530 
f -1364/-2558/-5529 -974/-2549/-5528 -713/-2219/-5527 
f -713/-2219/-5526 -1367/-2556/-5525 -1364/-2558/-5524 
f -1365/-2559/-5523 -1366/-2560/-5522 -977/-2374/-5521 
f -977/-2374/-5520 -975/-2364/-5519 -1365/-2559/-5518 
f -976/-2510/-5517 -1569/-2218/-5516 -1567/-2217/-5515 
f -978/-2371/-5514 -976/-2510/-5513 -1567/-2217/-5512 
f -978/-2371/-5511 -1567/-2217/-5510 -1413/-2220/-5509 
f -1366/-2560/-5508 -1367/-2556/-5507 -1569/-2218/-5506 
f -1569/-2218/-5505 -976/-2510/-5504 -1366/-2560/-5503 
usemtl apt1_krohv_kollane
f -892/-2361/-5502 -891/-2358/-5501 -1551/-2814/-5500 
f -892/-2361/-5499 -1551/-2814/-5498 -1471/-2721/-5497 
f -892/-2361/-5496 -1471/-2721/-5495 -713/-2216/-5494 
f -1363/-2555/-5493 -1550/-2813/-5492 -1551/-2814/-5491 
f -1551/-2814/-5490 -891/-2358/-5489 -1363/-2555/-5488 
usemtl apt1_wall01
f -966/-2559/-5487 -971/-2560/-5486 -972/-2374/-5485 
f -972/-2374/-5484 -969/-2364/-5483 -966/-2559/-5482 
f -956/-2374/-5481 -957/-2371/-5480 -712/-2211/-5479 
f -956/-2374/-5478 -712/-2211/-5477 -711/-2210/-5476 
f -953/-2364/-5475 -956/-2374/-5474 -711/-2210/-5473 
f -952/-2549/-5472 -953/-2364/-5471 -711/-2210/-5470 
f -952/-2549/-5469 -711/-2210/-5468 -1619/-2209/-5467 
f -1619/-2209/-5466 -951/-2558/-5465 -952/-2549/-5464 
f -950/-2559/-5463 -955/-2560/-5462 -956/-2374/-5461 
f -956/-2374/-5460 -953/-2364/-5459 -950/-2559/-5458 
f -957/-2371/-5457 -954/-2510/-5456 -1618/-2208/-5455 
f -1618/-2208/-5454 -712/-2211/-5453 -957/-2371/-5452 
f -955/-2560/-5451 -1619/-2209/-5450 -1618/-2208/-5449 
f -1618/-2208/-5448 -954/-2510/-5447 -955/-2560/-5446 
f -950/-2559/-5445 -951/-2558/-5444 -1619/-2209/-5443 
f -1619/-2209/-5442 -955/-2560/-5441 -950/-2559/-5440 
f -948/-2374/-5439 -949/-2371/-5438 -711/-2207/-5437 
f -948/-2374/-5436 -711/-2207/-5435 -1454/-2206/-5434 
f -946/-2364/-5433 -948/-2374/-5432 -1454/-2206/-5431 
f -945/-2549/-5430 -946/-2364/-5429 -1454/-2206/-5428 
f -945/-2549/-5427 -1454/-2206/-5426 -1620/-2552/-5425 
f -1620/-2552/-5424 -1359/-2558/-5423 -945/-2549/-5422 
f -1360/-2559/-5421 -1361/-2560/-5420 -948/-2374/-5419 
f -948/-2374/-5418 -946/-2364/-5417 -1360/-2559/-5416 
f -949/-2371/-5415 -947/-2510/-5414 -1619/-2205/-5413 
f -1619/-2205/-5412 -711/-2207/-5411 -949/-2371/-5410 
f -1361/-2560/-5409 -1620/-2552/-5408 -1619/-2205/-5407 
f -1619/-2205/-5406 -947/-2510/-5405 -1361/-2560/-5404 
f -943/-2374/-5403 -944/-2371/-5402 -1454/-2204/-5401 
f -943/-2374/-5400 -1454/-2204/-5399 -1451/-2203/-5398 
f -940/-2364/-5397 -943/-2374/-5396 -1451/-2203/-5395 
f -939/-2549/-5394 -940/-2364/-5393 -1451/-2203/-5392 
f -939/-2549/-5391 -1451/-2203/-5390 -1621/-2202/-5389 
f -1621/-2202/-5388 -938/-2558/-5387 -939/-2549/-5386 
f -937/-2559/-5385 -942/-2560/-5384 -943/-2374/-5383 
f -943/-2374/-5382 -940/-2364/-5381 -937/-2559/-5380 
f -944/-2371/-5379 -941/-2510/-5378 -1620/-2201/-5377 
f -1620/-2201/-5376 -1454/-2204/-5375 -944/-2371/-5374 
f -942/-2560/-5373 -1621/-2202/-5372 -1620/-2201/-5371 
f -1620/-2201/-5370 -941/-2510/-5369 -942/-2560/-5368 
f -937/-2559/-5367 -938/-2558/-5366 -1621/-2202/-5365 
f -1621/-2202/-5364 -942/-2560/-5363 -937/-2559/-5362 
f -935/-2374/-5361 -936/-2371/-5360 -1450/-2200/-5359 
f -935/-2374/-5358 -1450/-2200/-5357 -1449/-2199/-5356 
f -932/-2364/-5355 -935/-2374/-5354 -1449/-2199/-5353 
f -931/-2549/-5352 -932/-2364/-5351 -1449/-2199/-5350 
f -931/-2549/-5349 -1449/-2199/-5348 -1608/-2198/-5347 
f -1608/-2198/-5346 -930/-2558/-5345 -931/-2549/-5344 
f -929/-2559/-5343 -934/-2560/-5342 -935/-2374/-5341 
f -935/-2374/-5340 -932/-2364/-5339 -929/-2559/-5338 
f -936/-2371/-5337 -933/-2510/-5336 -1607/-2197/-5335 
f -1607/-2197/-5334 -1450/-2200/-5333 -936/-2371/-5332 
f -934/-2560/-5331 -1608/-2198/-5330 -1607/-2197/-5329 
f -1607/-2197/-5328 -933/-2510/-5327 -934/-2560/-5326 
f -929/-2559/-5325 -930/-2558/-5324 -1608/-2198/-5323 
f -1608/-2198/-5322 -934/-2560/-5321 -929/-2559/-5320 
f -927/-2374/-5319 -928/-2371/-5318 -1448/-2196/-5317 
f -927/-2374/-5316 -1448/-2196/-5315 -1571/-2195/-5314 
f -924/-2364/-5313 -927/-2374/-5312 -1571/-2195/-5311 
f -923/-2549/-5310 -924/-2364/-5309 -1571/-2195/-5308 
f -923/-2549/-5307 -1571/-2195/-5306 -1611/-2194/-5305 
f -1611/-2194/-5304 -922/-2558/-5303 -923/-2549/-5302 
f -921/-2559/-5301 -926/-2560/-5300 -927/-2374/-5299 
f -927/-2374/-5298 -924/-2364/-5297 -921/-2559/-5296 
f -928/-2371/-5295 -925/-2510/-5294 -1609/-2193/-5293 
f -1609/-2193/-5292 -1448/-2196/-5291 -928/-2371/-5290 
f -926/-2560/-5289 -1611/-2194/-5288 -1609/-2193/-5287 
f -1609/-2193/-5286 -925/-2510/-5285 -926/-2560/-5284 
f -921/-2559/-5283 -922/-2558/-5282 -1611/-2194/-5281 
f -1611/-2194/-5280 -926/-2560/-5279 -921/-2559/-5278 
f -919/-2374/-5277 -920/-2371/-5276 -710/-2192/-5275 
f -916/-2364/-5274 -919/-2374/-5273 -710/-2192/-5272 
f -1357/-2549/-5271 -916/-2364/-5270 -710/-2192/-5269 
f -1357/-2549/-5268 -710/-2192/-5267 -1447/-2551/-5266 
f -916/-2364/-5265 -915/-2559/-5264 -918/-2560/-5263 
f -918/-2560/-5262 -919/-2374/-5261 -916/-2364/-5260 
f -917/-2510/-5259 -1450/-2191/-5258 -710/-2192/-5257 
f -710/-2192/-5256 -920/-2371/-5255 -917/-2510/-5254 
f -918/-2560/-5253 -915/-2559/-5252 -1358/-2558/-5251 
f -917/-2510/-5250 -918/-2560/-5249 -1358/-2558/-5248 
f -917/-2510/-5247 -1358/-2558/-5246 -1449/-2550/-5245 
f -917/-2510/-5244 -1449/-2550/-5243 -1450/-2191/-5242 
usemtl apt1_krohv_kollane
f -889/-2345/-5241 -1557/-2822/-5240 -1356/-2548/-5239 
f -1356/-2548/-5238 -1353/-2545/-5237 -889/-2345/-5236 
f -889/-2345/-5235 -1349/-2541/-5234 -1558/-2823/-5233 
f -1558/-2823/-5232 -1557/-2822/-5231 -889/-2345/-5230 
f -1351/-2543/-5229 -890/-2351/-5228 -1450/-2699/-5227 
f -1450/-2699/-5226 -1576/-2859/-5225 -1351/-2543/-5224 
f -890/-2351/-5223 -1352/-2544/-5222 -1354/-2546/-5221 
f -890/-2351/-5220 -1354/-2546/-5219 -710/-2190/-5218 
f -890/-2351/-5217 -710/-2190/-5216 -1450/-2699/-5215 
usemtl apt1_wall01
f -960/-2549/-5214 -961/-2364/-5213 -1455/-2189/-5212 
f -1455/-2189/-5211 -712/-2188/-5210 -960/-2549/-5209 
f -712/-2188/-5208 -1618/-2187/-5207 -959/-2558/-5206 
f -959/-2558/-5205 -960/-2549/-5204 -712/-2188/-5203 
f -958/-2559/-5202 -963/-2560/-5201 -964/-2374/-5200 
f -964/-2374/-5199 -961/-2364/-5198 -958/-2559/-5197 
f -964/-2374/-5196 -965/-2371/-5195 -1455/-2189/-5194 
f -1455/-2189/-5193 -961/-2364/-5192 -964/-2374/-5191 
f -965/-2371/-5190 -962/-2510/-5189 -1617/-2186/-5188 
f -1617/-2186/-5187 -1455/-2189/-5186 -965/-2371/-5185 
f -958/-2559/-5184 -959/-2558/-5183 -1618/-2187/-5182 
f -958/-2559/-5181 -1618/-2187/-5180 -1617/-2186/-5179 
f -963/-2560/-5178 -958/-2559/-5177 -1617/-2186/-5176 
f -962/-2510/-5175 -963/-2560/-5174 -1617/-2186/-5173 
f -912/-2364/-5172 -709/-2185/-5171 -708/-2184/-5170 
f -708/-2184/-5169 -911/-2549/-5168 -912/-2364/-5167 
f -911/-2549/-5166 -708/-2184/-5165 -1323/-2509/-5164 
f -1323/-2509/-5163 -1322/-2558/-5162 -911/-2549/-5161 
f -1324/-2559/-5160 -1325/-2560/-5159 -913/-2374/-5158 
f -913/-2374/-5157 -912/-2364/-5156 -1324/-2559/-5155 
f -913/-2374/-5154 -914/-2371/-5153 -709/-2185/-5152 
f -709/-2185/-5151 -912/-2364/-5150 -913/-2374/-5149 
f -914/-2371/-5148 -1326/-2510/-5147 -1327/-2511/-5146 
f -1327/-2511/-5145 -709/-2185/-5144 -914/-2371/-5143 
f -909/-2374/-5142 -910/-2371/-5141 -708/-2183/-5140 
f -907/-2364/-5139 -909/-2374/-5138 -708/-2183/-5137 
f -906/-2549/-5136 -907/-2364/-5135 -708/-2183/-5134 
f -906/-2549/-5133 -708/-2183/-5132 -707/-2182/-5131 
f -906/-2549/-5130 -707/-2182/-5129 -1321/-2508/-5128 
f -1321/-2508/-5127 -1318/-2558/-5126 -906/-2549/-5125 
f -1319/-2559/-5124 -1320/-2560/-5123 -909/-2374/-5122 
f -909/-2374/-5121 -907/-2364/-5120 -1319/-2559/-5119 
f -910/-2371/-5118 -908/-2510/-5117 -1323/-2181/-5116 
f -1323/-2181/-5115 -708/-2183/-5114 -910/-2371/-5113 
f -1320/-2560/-5112 -1321/-2508/-5111 -1323/-2181/-5110 
f -1323/-2181/-5109 -908/-2510/-5108 -1320/-2560/-5107 
f -904/-2374/-5106 -905/-2371/-5105 -706/-2180/-5104 
f -901/-2364/-5103 -904/-2374/-5102 -706/-2180/-5101 
f -900/-2549/-5100 -901/-2364/-5099 -706/-2180/-5098 
f -900/-2549/-5097 -706/-2180/-5096 -709/-2179/-5095 
f -900/-2549/-5094 -709/-2179/-5093 -1327/-2178/-5092 
f -1327/-2178/-5091 -899/-2558/-5090 -900/-2549/-5089 
f -898/-2559/-5088 -903/-2560/-5087 -904/-2374/-5086 
f -904/-2374/-5085 -901/-2364/-5084 -898/-2559/-5083 
f -905/-2371/-5082 -902/-2510/-5081 -1317/-2177/-5080 
f -1317/-2177/-5079 -706/-2180/-5078 -905/-2371/-5077 
f -903/-2560/-5076 -1327/-2178/-5075 -1317/-2177/-5074 
f -1317/-2177/-5073 -902/-2510/-5072 -903/-2560/-5071 
f -898/-2559/-5070 -899/-2558/-5069 -1327/-2178/-5068 
f -1327/-2178/-5067 -903/-2560/-5066 -898/-2559/-5065 
f -896/-2374/-5064 -897/-2371/-5063 -705/-2176/-5062 
f -894/-2364/-5061 -896/-2374/-5060 -705/-2176/-5059 
f -893/-2549/-5058 -894/-2364/-5057 -705/-2176/-5056 
f -893/-2549/-5055 -705/-2176/-5054 -706/-2175/-5053 
f -893/-2549/-5052 -706/-2175/-5051 -1317/-2507/-5050 
f -1317/-2507/-5049 -1314/-2558/-5048 -893/-2549/-5047 
f -1315/-2559/-5046 -1316/-2560/-5045 -896/-2374/-5044 
f -896/-2374/-5043 -894/-2364/-5042 -1315/-2559/-5041 
f -897/-2371/-5040 -895/-2510/-5039 -704/-2174/-5038 
f -704/-2174/-5037 -705/-2176/-5036 -897/-2371/-5035 
f -1316/-2560/-5034 -1317/-2507/-5033 -704/-2174/-5032 
f -704/-2174/-5031 -895/-2510/-5030 -1316/-2560/-5029 
usemtl apt1_terrace
f -1177/-2412/-5028 -1193/-2415/-5027 -703/-2411/-5026 
f -1188/-2417/-5025 -1177/-2412/-5024 -703/-2411/-5023 
f -1188/-2417/-5022 -703/-2411/-5021 -1195/-2416/-5020 
f -1188/-2417/-5019 -1180/-2173/-5018 -1179/-2172/-5017 
f -1179/-2172/-5016 -1177/-2412/-5015 -1188/-2417/-5014 
f -1184/-2413/-5013 -1192/-2414/-5012 -1193/-2415/-5011 
f -1193/-2415/-5010 -1177/-2412/-5009 -1184/-2413/-5008 
f -1178/-2172/-5007 -1181/-2173/-5006 -1182/-2417/-5005 
f -1186/-2412/-5004 -1178/-2172/-5003 -1182/-2417/-5002 
f -1186/-2412/-5001 -1182/-2417/-5000 -1185/-2411/-4999 
f -1182/-2417/-4998 -1183/-2418/-4997 -1197/-2419/-4996 
f -1182/-2417/-4995 -1197/-2419/-4994 -1194/-2416/-4993 
f -1182/-2417/-4992 -1194/-2416/-4991 -1185/-2411/-4990 
f -1156/-2412/-4989 -1172/-2415/-4988 -702/-2411/-4987 
f -1167/-2417/-4986 -1156/-2412/-4985 -702/-2411/-4984 
f -1167/-2417/-4983 -702/-2411/-4982 -1174/-2416/-4981 
f -1167/-2417/-4980 -1159/-2173/-4979 -1158/-2172/-4978 
f -1158/-2172/-4977 -1156/-2412/-4976 -1167/-2417/-4975 
f -1163/-2413/-4974 -1171/-2414/-4973 -1172/-2415/-4972 
f -1172/-2415/-4971 -1156/-2412/-4970 -1163/-2413/-4969 
f -1157/-2172/-4968 -1160/-2173/-4967 -1161/-2417/-4966 
f -1165/-2412/-4965 -1157/-2172/-4964 -1161/-2417/-4963 
f -1165/-2412/-4962 -1161/-2417/-4961 -1164/-2411/-4960 
f -1161/-2417/-4959 -1162/-2418/-4958 -1176/-2419/-4957 
f -1161/-2417/-4956 -1176/-2419/-4955 -1173/-2416/-4954 
f -1161/-2417/-4953 -1173/-2416/-4952 -1164/-2411/-4951 
f -1135/-2412/-4950 -1151/-2415/-4949 -701/-2411/-4948 
f -1146/-2417/-4947 -1135/-2412/-4946 -701/-2411/-4945 
f -1146/-2417/-4944 -701/-2411/-4943 -1153/-2416/-4942 
f -1146/-2417/-4941 -1138/-2173/-4940 -1137/-2172/-4939 
f -1137/-2172/-4938 -1135/-2412/-4937 -1146/-2417/-4936 
f -1142/-2413/-4935 -1150/-2414/-4934 -1151/-2415/-4933 
f -1151/-2415/-4932 -1135/-2412/-4931 -1142/-2413/-4930 
f -1136/-2172/-4929 -1139/-2173/-4928 -1140/-2417/-4927 
f -1144/-2412/-4926 -1136/-2172/-4925 -1140/-2417/-4924 
f -1144/-2412/-4923 -1140/-2417/-4922 -1143/-2411/-4921 
f -1140/-2417/-4920 -1141/-2418/-4919 -1155/-2419/-4918 
f -1140/-2417/-4917 -1155/-2419/-4916 -1152/-2416/-4915 
f -1140/-2417/-4914 -1152/-2416/-4913 -1143/-2411/-4912 
usemtl apt1_wall03
f -722/-2252/-4911 -759/-2171/-4910 -756/-2170/-4909 
f -756/-2170/-4908 -750/-2169/-4907 -722/-2252/-4906 
f -722/-2252/-4905 -724/-2255/-4904 -759/-2171/-4903 
f -724/-2255/-4902 -726/-2258/-4901 -759/-2171/-4900 
f -726/-2258/-4899 -728/-2261/-4898 -759/-2171/-4897 
f -728/-2261/-4896 -730/-2264/-4895 -759/-2171/-4894 
f -730/-2264/-4893 -732/-2267/-4892 -759/-2171/-4891 
f -732/-2267/-4890 -734/-2270/-4889 -759/-2171/-4888 
f -734/-2270/-4887 -736/-2273/-4886 -759/-2171/-4885 
f -736/-2273/-4884 -738/-2276/-4883 -759/-2171/-4882 
f -740/-2279/-4881 -762/-2303/-4880 -759/-2171/-4879 
f -759/-2171/-4878 -738/-2276/-4877 -740/-2279/-4876 
f -740/-2279/-4875 -742/-2282/-4874 -762/-2303/-4873 
f -742/-2282/-4872 -744/-2285/-4871 -762/-2303/-4870 
f -744/-2285/-4869 -746/-2288/-4868 -762/-2303/-4867 
f -746/-2288/-4866 -748/-2291/-4865 -762/-2303/-4864 
f -748/-2291/-4863 -755/-2302/-4862 -762/-2303/-4861 
f -749/-2302/-4860 -747/-2291/-4859 -700/-2303/-4858 
f -747/-2291/-4857 -745/-2288/-4856 -700/-2303/-4855 
f -745/-2288/-4854 -743/-2285/-4853 -700/-2303/-4852 
f -743/-2285/-4851 -741/-2282/-4850 -700/-2303/-4849 
f -741/-2282/-4848 -739/-2279/-4847 -700/-2303/-4846 
f -739/-2279/-4845 -737/-2276/-4844 -758/-2171/-4843 
f -758/-2171/-4842 -700/-2303/-4841 -739/-2279/-4840 
f -737/-2276/-4839 -735/-2273/-4838 -758/-2171/-4837 
f -735/-2273/-4836 -733/-2270/-4835 -758/-2171/-4834 
f -733/-2270/-4833 -731/-2267/-4832 -758/-2171/-4831 
f -731/-2267/-4830 -729/-2264/-4829 -758/-2171/-4828 
f -729/-2264/-4827 -727/-2261/-4826 -758/-2171/-4825 
f -727/-2261/-4824 -725/-2258/-4823 -758/-2171/-4822 
f -725/-2258/-4821 -723/-2255/-4820 -758/-2171/-4819 
f -723/-2255/-4818 -721/-2252/-4817 -758/-2171/-4816 
f -721/-2252/-4815 -751/-2169/-4814 -757/-2170/-4813 
f -757/-2170/-4812 -758/-2171/-4811 -721/-2252/-4810 
f -751/-2169/-4809 -752/-2301/-4808 -699/-2300/-4807 
f -699/-2300/-4806 -757/-2170/-4805 -751/-2169/-4804 
usemtl apt1_krohv_kollane
f -1556/-2821/-4803 -1565/-2168/-4802 -698/-2167/-4801 
f -698/-2167/-4800 -697/-2166/-4799 -1556/-2821/-4798 
f -696/-2165/-4797 -698/-2167/-4796 -1575/-2857/-4795 
f -1575/-2857/-4794 -1746/-2865/-4793 -696/-2165/-4792 
usemtl apt1_door03
f -695/-2164/-4791 -694/-2163/-4790 -693/-2162/-4789 
f -693/-2162/-4788 -692/-2161/-4787 -695/-2164/-4786 
usemtl apt1_stairs
f -691/-2160/-4785 -697/-2159/-4784 -692/-2158/-4783 
f -692/-2158/-4782 -693/-2157/-4781 -691/-2160/-4780 
usemtl apt1_krohv_kollane
f -697/-2166/-4779 -698/-2167/-4778 -695/-2156/-4777 
f -695/-2156/-4776 -692/-2155/-4775 -697/-2166/-4774 
f -698/-2167/-4773 -696/-2165/-4772 -694/-2154/-4771 
f -694/-2154/-4770 -695/-2153/-4769 -698/-2167/-4768 
f -696/-2165/-4767 -691/-2152/-4766 -693/-2151/-4765 
f -693/-2151/-4764 -694/-2150/-4763 -696/-2165/-4762 
usemtl apt1_roof
f -700/-2149/-4761 -758/-2148/-4760 -760/-2305/-4759 
f -760/-2305/-4758 -761/-2306/-4757 -700/-2149/-4756 
usemtl apt1_stairs
f -690/-2147/-4755 -689/-2146/-4754 -688/-2145/-4753 
f -688/-2145/-4752 -687/-2144/-4751 -690/-2147/-4750 
f -686/-2143/-4749 -689/-2146/-4748 -690/-2147/-4747 
f -690/-2147/-4746 -685/-2142/-4745 -686/-2143/-4744 
f -686/-2141/-4743 -684/-2140/-4742 -688/-2139/-4741 
f -688/-2139/-4740 -689/-2138/-4739 -686/-2141/-4738 
f -683/-2137/-4737 -687/-2144/-4736 -688/-2145/-4735 
f -688/-2145/-4734 -684/-2136/-4733 -683/-2137/-4732 
f -682/-2135/-4731 -681/-2134/-4730 -680/-2133/-4729 
f -680/-2133/-4728 -679/-2132/-4727 -682/-2135/-4726 
f -678/-2131/-4725 -682/-2135/-4724 -679/-2132/-4723 
f -679/-2132/-4722 -677/-2130/-4721 -678/-2131/-4720 
f -676/-2129/-4719 -680/-2133/-4718 -681/-2134/-4717 
f -681/-2134/-4716 -675/-2128/-4715 -676/-2129/-4714 
f -676/-2127/-4713 -685/-2126/-4712 -690/-2125/-4711 
f -690/-2125/-4710 -680/-2124/-4709 -676/-2127/-4708 
f -674/-2123/-4707 -673/-2122/-4706 -672/-2121/-4705 
f -672/-2121/-4704 -671/-2120/-4703 -674/-2123/-4702 
f -670/-2119/-4701 -674/-2123/-4700 -671/-2120/-4699 
f -671/-2120/-4698 -669/-2118/-4697 -670/-2119/-4696 
f -668/-2117/-4695 -675/-2116/-4694 -681/-2115/-4693 
f -681/-2115/-4692 -672/-2114/-4691 -668/-2117/-4690 
f -668/-2113/-4689 -672/-2121/-4688 -673/-2122/-4687 
f -673/-2122/-4686 -667/-2112/-4685 -668/-2113/-4684 
f -666/-2111/-4683 -665/-2110/-4682 -664/-2109/-4681 
f -664/-2109/-4680 -663/-2108/-4679 -666/-2111/-4678 
f -662/-2107/-4677 -661/-2106/-4676 -663/-2108/-4675 
f -663/-2108/-4674 -664/-2109/-4673 -662/-2107/-4672 
f -667/-2105/-4671 -673/-2104/-4670 -663/-2103/-4669 
f -663/-2103/-4668 -661/-2102/-4667 -667/-2105/-4666 
f -660/-2101/-4665 -659/-2100/-4664 -665/-2110/-4663 
f -665/-2110/-4662 -666/-2111/-4661 -660/-2101/-4660 
usemtl apt1_krohv_kollane
f -658/-2099/-4659 -1446/-2692/-4658 -1447/-2693/-4657 
f -1354/-2546/-4656 -658/-2099/-4655 -1447/-2693/-4654 
f -710/-2190/-4653 -1354/-2546/-4652 -1447/-2693/-4651 
f -1540/-2098/-4650 -1541/-2097/-4649 -1409/-2096/-4648 
usemtl apt1_tracks
f -1332/-2093/-4647 -1333/-2092/-4646 -657/-2091/-4645 
f -657/-2091/-4644 -656/-2090/-4643 -1332/-2093/-4642 
f -1328/-2089/-4641 -1332/-2093/-4640 -656/-2090/-4639 
f -656/-2090/-4638 -655/-2088/-4637 -1328/-2089/-4636 
f -1333/-2092/-4635 -1329/-2087/-4634 -654/-2086/-4633 
f -654/-2086/-4632 -657/-2091/-4631 -1333/-2092/-4630 
f -653/-2085/-4629 -652/-2084/-4628 -657/-2091/-4627 
f -657/-2091/-4626 -654/-2086/-4625 -653/-2085/-4624 
f -656/-2090/-4623 -651/-2083/-4622 -650/-2082/-4621 
f -650/-2082/-4620 -655/-2088/-4619 -656/-2090/-4618 
f -1323/-2081/-4617 -1321/-2080/-4616 -651/-2079/-4615 
f -1327/-2078/-4614 -1323/-2081/-4613 -651/-2079/-4612 
f -1317/-2077/-4611 -1327/-2078/-4610 -651/-2079/-4609 
f -1317/-2077/-4608 -651/-2079/-4607 -652/-2076/-4606 
f -1317/-2077/-4605 -652/-2076/-4604 -704/-2075/-4603 
f -649/-2074/-4602 -704/-2073/-4601 -652/-2084/-4600 
f -652/-2084/-4599 -653/-2085/-4598 -649/-2074/-4597 
f -651/-2083/-4596 -1321/-2072/-4595 -648/-2071/-4594 
f -648/-2071/-4593 -650/-2082/-4592 -651/-2083/-4591 
f -656/-2090/-4590 -657/-2091/-4589 -652/-2076/-4588 
f -652/-2076/-4587 -651/-2079/-4586 -656/-2090/-4585 
usemtl apt1_wall02
f -1375/-2564/-4584 -1543/-2802/-4583 -1565/-2803/-4582 
usemtl apt1_krohv_kollane
f -892/-2361/-4581 -713/-2216/-4580 -1413/-2553/-4579 
f -1413/-2553/-4578 -1362/-2554/-4577 -892/-2361/-4576 
usemtl apt1_wall03
f -756/-2170/-4575 -753/-2300/-4574 -754/-2301/-4573 
f -754/-2301/-4572 -750/-2169/-4571 -756/-2170/-4570 
f -749/-2302/-4569 -700/-2303/-4568 -699/-2300/-4567 
f -699/-2300/-4566 -752/-2301/-4565 -749/-2302/-4564 
usemtl apt1_krohv_kollane
f -691/-2152/-4563 -1743/-2832/-4562 -1556/-2821/-4561 
f -1556/-2821/-4560 -697/-2166/-4559 -691/-2152/-4558 
f -696/-2165/-4557 -1736/-1515/-4556 -1743/-2832/-4555 
f -1743/-2832/-4554 -691/-2152/-4553 -696/-2165/-4552 
usemtl apt1_stairs
f -687/-2070/-4551 -679/-2069/-4550 -680/-2068/-4549 
f -680/-2068/-4548 -690/-2067/-4547 -687/-2070/-4546 
f -687/-2066/-4545 -683/-2065/-4544 -677/-2064/-4543 
f -677/-2064/-4542 -679/-2063/-4541 -687/-2066/-4540 
f -682/-2062/-4539 -671/-2061/-4538 -672/-2060/-4537 
f -672/-2060/-4536 -681/-2059/-4535 -682/-2062/-4534 
f -682/-2058/-4533 -678/-2057/-4532 -669/-2056/-4531 
f -669/-2056/-4530 -671/-2055/-4529 -682/-2058/-4528 
f -673/-2054/-4527 -674/-2053/-4526 -666/-2052/-4525 
f -666/-2052/-4524 -663/-2051/-4523 -673/-2054/-4522 
f -674/-2050/-4521 -670/-2049/-4520 -660/-2048/-4519 
f -660/-2048/-4518 -666/-2047/-4517 -674/-2050/-4516 
usemtl apt1_wall01
f -704/-2046/-4515 -649/-2045/-4514 -647/-2559/-4513 
f -647/-2559/-4512 -646/-2558/-4511 -704/-2046/-4510 
f -645/-2549/-4509 -705/-2044/-4508 -704/-2046/-4507 
f -704/-2046/-4506 -646/-2558/-4505 -645/-2549/-4504 
f -644/-2364/-4503 -643/-2043/-4502 -705/-2044/-4501 
f -705/-2044/-4500 -645/-2549/-4499 -644/-2364/-4498 
f -644/-2364/-4497 -647/-2559/-4496 -643/-2043/-4495 
f -642/-2042/-4494 -648/-2041/-4493 -641/-2560/-4492 
f -641/-2560/-4491 -640/-2374/-4490 -642/-2042/-4489 
usemtl apt1_krohv_kollane
f -639/-2040/-4488 -1466/-2716/-4487 -638/-2039/-4486 
f -637/-2038/-4485 -639/-2040/-4484 -638/-2039/-4483 
f -636/-2037/-4482 -637/-2038/-4481 -638/-2039/-4480 
f -1466/-2716/-4479 -1467/-2717/-4478 -635/-2036/-4477 
f -635/-2036/-4476 -638/-2039/-4475 -1466/-2716/-4474 
f -1467/-2717/-4473 -634/-2035/-4472 -633/-2034/-4471 
f -633/-2034/-4470 -635/-2036/-4469 -1467/-2717/-4468 
f -1561/-2826/-4467 -1562/-2827/-4466 -632/-2033/-4465 
f -632/-2033/-4464 -631/-2032/-4463 -1561/-2826/-4462 
usemtl apt1_terrace
f -1177/-2399/-4461 -1186/-2400/-4460 -1187/-2409/-4459 
f -1187/-2409/-4458 -1184/-2410/-4457 -1177/-2399/-4456 
f -1156/-2399/-4455 -1165/-2400/-4454 -1166/-2409/-4453 
f -1166/-2409/-4452 -1163/-2410/-4451 -1156/-2399/-4450 
f -1135/-2399/-4449 -1144/-2400/-4448 -1145/-2409/-4447 
f -1145/-2409/-4446 -1142/-2410/-4445 -1135/-2399/-4444 
usemtl apt1_krohv_kollane
f -1562/-2827/-4443 -1559/-2824/-4442 -1339/-2031/-4441 
f -1339/-2031/-4440 -632/-2033/-4439 -1562/-2827/-4438 
f -630/-2030/-4437 -1458/-2708/-4436 -1469/-2719/-4435 
f -630/-2030/-4434 -1469/-2719/-4433 -629/-2029/-4432 
f -630/-2030/-4431 -629/-2029/-4430 -637/-2028/-4429 
f -636/-2027/-4428 -630/-2030/-4427 -637/-2028/-4426 
f -1576/-2859/-4425 -1577/-2860/-4424 -628/-2026/-4423 
f -628/-2026/-4422 -1350/-2542/-4421 -1576/-2859/-4420 
f -627/-2025/-4419 -1455/-2705/-4418 -1612/-2911/-4417 
f -1612/-2911/-4416 -1459/-2709/-4415 -626/-2024/-4414 
f -627/-2025/-4413 -1612/-2911/-4412 -626/-2024/-4411 
usemtl apt1_terrace
f -1183/-2407/-4410 -1189/-2408/-4409 -1196/-2426/-4408 
f -1196/-2426/-4407 -1197/-2427/-4406 -1183/-2407/-4405 
f -1162/-2407/-4404 -1168/-2408/-4403 -1175/-2426/-4402 
f -1175/-2426/-4401 -1176/-2427/-4400 -1162/-2407/-4399 
f -1141/-2407/-4398 -1147/-2408/-4397 -1154/-2426/-4396 
f -1154/-2426/-4395 -1155/-2427/-4394 -1141/-2407/-4393 
usemtl apt1_tracks
f -709/-2023/-4392 -1336/-2524/-4391 -1337/-2525/-4390 
f -1337/-2525/-4389 -708/-2022/-4388 -709/-2023/-4387 
f -708/-2022/-4386 -1337/-2525/-4385 -1338/-2526/-4384 
f -1338/-2526/-4383 -707/-2021/-4382 -708/-2022/-4381 
f -1335/-2523/-4380 -1336/-2524/-4379 -709/-2023/-4378 
f -709/-2023/-4377 -706/-2020/-4376 -1335/-2523/-4375 
f -1334/-2522/-4374 -1335/-2523/-4373 -706/-2020/-4372 
f -706/-2020/-4371 -705/-2019/-4370 -1334/-2522/-4369 
f -1340/-2018/-4368 -1334/-2522/-4367 -705/-2019/-4366 
f -705/-2019/-4365 -643/-2017/-4364 -1340/-2018/-4363 
f -1338/-2526/-4362 -1339/-2016/-4361 -642/-2015/-4360 
f -642/-2015/-4359 -707/-2021/-4358 -1338/-2526/-4357 
usemtl apt1_win01
f -625/-2014/-4356 -624/-2013/-4355 -623/-2012/-4354 
f -623/-2012/-4353 -622/-2011/-4352 -625/-2014/-4351 
f -621/-2014/-4350 -620/-2013/-4349 -619/-2012/-4348 
f -619/-2012/-4347 -618/-2011/-4346 -621/-2014/-4345 
usemtl apt1_wall01
f -646/-2558/-4344 -647/-2559/-4343 -623/-2366/-4342 
f -623/-2366/-4341 -624/-2365/-4340 -646/-2558/-4339 
f -647/-2559/-4338 -644/-2364/-4337 -622/-2363/-4336 
f -622/-2363/-4335 -623/-2362/-4334 -647/-2559/-4333 
usemtl apt1_win01
f -644/-2010/-4332 -645/-2009/-4331 -625/-2008/-4330 
f -625/-2008/-4329 -622/-2007/-4328 -644/-2010/-4327 
usemtl apt1_wall01
f -645/-2549/-4326 -646/-2558/-4325 -624/-2368/-4324 
f -624/-2368/-4323 -625/-2367/-4322 -645/-2549/-4321 
f -641/-2560/-4320 -617/-2510/-4319 -619/-2373/-4318 
f -619/-2373/-4317 -620/-2372/-4316 -641/-2560/-4315 
f -617/-2510/-4314 -616/-2371/-4313 -618/-2370/-4312 
f -618/-2370/-4311 -619/-2369/-4310 -617/-2510/-4309 
usemtl apt1_win01
f -616/-2010/-4308 -640/-2009/-4307 -621/-2008/-4306 
f -621/-2008/-4305 -618/-2007/-4304 -616/-2010/-4303 
usemtl apt1_wall01
f -640/-2374/-4302 -641/-2560/-4301 -620/-2376/-4300 
f -620/-2376/-4299 -621/-2375/-4298 -640/-2374/-4297 
usemtl apt1_krohv_kollane
f -1621/-2006/-4296 -1451/-2700/-4295 -1577/-2860/-4294 
f -1577/-2860/-4293 -1624/-2861/-4292 -1621/-2006/-4291 
f -1339/-2031/-4290 -1559/-2824/-4289 -1558/-2823/-4288 
f -1339/-2031/-4287 -1558/-2823/-4286 -1350/-2542/-4285 
f -642/-2005/-4284 -1339/-2031/-4283 -1350/-2542/-4282 
f -642/-2005/-4281 -1350/-2542/-4280 -628/-2026/-4279 
f -1451/-2700/-4278 -1452/-2701/-4277 -628/-2026/-4276 
f -628/-2026/-4275 -1577/-2860/-4274 -1451/-2700/-4273 
f -643/-2004/-4272 -626/-2003/-4271 -1459/-2002/-4270 
f -1459/-2002/-4269 -1457/-2567/-4268 -643/-2004/-4267 
f -1458/-2708/-4266 -1340/-2001/-4265 -643/-2000/-4264 
f -643/-2000/-4263 -1457/-2707/-4262 -1458/-2708/-4261 
usemtl apt1_dormer01
f -1206/-2436/-4260 -1207/-2437/-4259 -1210/-2440/-4258 
f -1210/-2440/-4257 -1211/-2441/-4256 -1206/-2436/-4255 
f -1203/-2433/-4254 -1206/-2436/-4253 -1211/-2441/-4252 
f -1211/-2441/-4251 -1209/-2439/-4250 -1203/-2433/-4249 
f -1208/-2438/-4248 -1201/-2431/-4247 -1203/-2433/-4246 
f -1203/-2433/-4245 -1209/-2439/-4244 -1208/-2438/-4243 
usemtl apt1_wall02
f -1391/-2588/-4242 -1384/-2580/-4241 -1566/-2587/-4240 
usemtl apt1_krohv_kollane
f -1532/-1999/-4239 -1440/-2682/-4238 -1537/-2679/-4237 
f -1537/-2679/-4236 -1538/-1998/-4235 -1532/-1999/-4234 
f -1436/-2645/-4233 -1440/-2682/-4232 -1532/-1999/-4231 
f -1532/-1999/-4230 -1526/-2648/-4229 -1436/-2645/-4228 
usemtl xxx
f -1435/-2671/-4227 -1434/-2664/-4226 -1520/-2665/-4225 
f -1520/-2665/-4224 -1521/-2672/-4223 -1435/-2671/-4222 
usemtl apt1_krohv_kollane
f -1433/-2663/-4221 -1432/-2656/-4220 -1512/-2657/-4219 
f -1512/-2657/-4218 -1513/-2666/-4217 -1433/-2663/-4216 
f -1420/-2635/-4215 -1421/-2643/-4214 -1492/-2644/-4213 
f -1492/-2644/-4212 -1493/-2638/-4211 -1420/-2635/-4210 
f -1418/-2627/-4209 -1419/-2636/-4208 -1484/-2637/-4207 
f -1484/-2637/-4206 -1485/-2630/-4205 -1418/-2627/-4204 
f -1416/-2621/-4203 -1417/-2628/-4202 -1476/-2629/-4201 
f -1476/-2629/-4200 -1477/-2622/-4199 -1416/-2621/-4198 
usemtl apt1_wall02
f -615/-1997/-4197 -1534/-1996/-4196 -1535/-1995/-4195 
f -1535/-1995/-4194 -1438/-1994/-4193 -615/-1997/-4192 
f -1522/-2777/-4191 -615/-1997/-4190 -1438/-1993/-4189 
f -1438/-1993/-4188 -1521/-1992/-4187 -1522/-2777/-4186 
f -1514/-2769/-4185 -1523/-2778/-4184 -1520/-1991/-4183 
f -1520/-1991/-4182 -1513/-1990/-4181 -1514/-2769/-4180 
f -614/-1989/-4179 -1515/-2770/-4178 -1512/-1988/-4177 
f -1512/-1988/-4176 -1431/-1987/-4175 -614/-1989/-4174 
f -613/-1986/-4173 -614/-1989/-4172 -1431/-1985/-4171 
f -1431/-1985/-4170 -1429/-1984/-4169 -613/-1986/-4168 
f -612/-1983/-4167 -613/-1986/-4166 -1429/-1982/-4165 
f -1429/-1982/-4164 -1427/-1981/-4163 -612/-1983/-4162 
f -611/-1980/-4161 -612/-1983/-4160 -1427/-1979/-4159 
f -1427/-1979/-4158 -1425/-1978/-4157 -611/-1980/-4156 
f -1526/-1977/-4155 -1527/-2784/-4154 -610/-1976/-4153 
f -610/-1976/-4152 -1423/-1975/-4151 -1526/-1977/-4150 
f -610/-1976/-4149 -1495/-2746/-4148 -1492/-1974/-4147 
f -1492/-1974/-4146 -1423/-1973/-4145 -610/-1976/-4144 
f -1494/-2745/-4143 -1487/-2738/-4142 -1484/-1972/-4141 
f -1484/-1972/-4140 -1493/-1971/-4139 -1494/-2745/-4138 
f -1486/-2737/-4137 -1479/-2730/-4136 -1476/-1970/-4135 
f -1476/-1970/-4134 -1485/-1969/-4133 -1486/-2737/-4132 
f -1478/-2729/-4131 -611/-1980/-4130 -1425/-1968/-4129 
f -1425/-1968/-4128 -1477/-1967/-4127 -1478/-2729/-4126 
usemtl xxx
f -1437/-1966/-4125 -1536/-1965/-4124 -1528/-1964/-4123 
f -1528/-1964/-4122 -1529/-1963/-4121 -1437/-1966/-4120 
f -1435/-2667/-4119 -1437/-1966/-4118 -1529/-1963/-4117 
f -1529/-1963/-4116 -1524/-2670/-4115 -1435/-2667/-4114 
f -1433/-2659/-4113 -1434/-2668/-4112 -1517/-2669/-4111 
f -1517/-2669/-4110 -1518/-2662/-4109 -1433/-2659/-4108 
f -1510/-1962/-4107 -1430/-1961/-4106 -1432/-2660/-4105 
f -1432/-2660/-4104 -1509/-2661/-4103 -1510/-1962/-4102 
f -1506/-1960/-4101 -1428/-1959/-4100 -1430/-1961/-4099 
f -1430/-1961/-4098 -1510/-1962/-4097 -1506/-1960/-4096 
f -1504/-1958/-4095 -1426/-1957/-4094 -1428/-1959/-4093 
f -1428/-1959/-4092 -1506/-1960/-4091 -1504/-1958/-4090 
f -1502/-1956/-4089 -1424/-1955/-4088 -1426/-1957/-4087 
f -1426/-1957/-4086 -1504/-1958/-4085 -1502/-1956/-4084 
usemtl apt1_krohv_kollane
f -1500/-2673/-4083 -1436/-2674/-4082 -1422/-1954/-4081 
f -1422/-1954/-4080 -1499/-1953/-4079 -1500/-2673/-4078 
f -1499/-1953/-4077 -1422/-1954/-4076 -1421/-2639/-4075 
f -1421/-2639/-4074 -1497/-2640/-4073 -1499/-1953/-4072 
f -1490/-2641/-4071 -1420/-2642/-4070 -1419/-2631/-4069 
f -1419/-2631/-4068 -1489/-2632/-4067 -1490/-2641/-4066 
usemtl xxx
f -1482/-2633/-4065 -1418/-2634/-4064 -1417/-2623/-4063 
f -1417/-2623/-4062 -1481/-2624/-4061 -1482/-2633/-4060 
f -1474/-2625/-4059 -1416/-2626/-4058 -1424/-1955/-4057 
f -1424/-1955/-4056 -1502/-1956/-4055 -1474/-2625/-4054 
usemtl apt1_wall02
f -1439/-1952/-4053 -609/-1951/-4052 -1443/-1950/-4051 
f -1443/-1950/-4050 -1444/-1949/-4049 -1439/-1952/-4048 
f -1500/-1948/-4047 -1501/-2753/-4046 -609/-1951/-4045 
f -609/-1951/-4044 -1439/-1947/-4043 -1500/-1948/-4042 
f -1525/-2781/-4041 -1516/-2771/-4040 -1517/-1946/-4039 
f -1517/-1946/-4038 -1524/-1945/-4037 -1525/-2781/-4036 
f -1518/-1944/-4035 -1519/-2774/-4034 -1508/-2763/-4033 
f -1508/-2763/-4032 -1509/-1943/-4031 -1518/-1944/-4030 
f -1490/-1942/-4029 -1491/-2742/-4028 -1496/-2747/-4027 
f -1496/-2747/-4026 -1497/-1941/-4025 -1490/-1942/-4024 
f -1482/-1940/-4023 -1483/-2734/-4022 -1488/-2739/-4021 
f -1488/-2739/-4020 -1489/-1939/-4019 -1482/-1940/-4018 
f -1474/-1938/-4017 -1475/-2726/-4016 -1480/-2731/-4015 
f -1480/-2731/-4014 -1481/-1937/-4013 -1474/-1938/-4012 
usemtl apt1_stairs
f -1237/-1936/-4011 -1238/-1935/-4010 -1030/-1934/-4009 
f -1030/-1934/-4008 -1029/-1933/-4007 -1237/-1936/-4006 
f -1342/-2533/-4005 -1343/-2534/-4004 -1099/-1932/-4003 
f -1099/-1932/-4002 -1100/-1931/-4001 -1342/-2533/-4000 
usemtl apt1_street
f -1539/-2798/-3999 -1540/-2098/-3998 -1411/-1930/-3997 
f -1409/-2096/-3996 -1541/-2097/-3995 -1534/-2793/-3994 
usemtl apt1_wall02
f -1401/-2599/-3993 -611/-1980/-3992 -1400/-2598/-3991 
f -1414/-2615/-3990 -1533/-2792/-3989 -1539/-2789/-3988 
f -1539/-2789/-3987 -1411/-2611/-3986 -1414/-2615/-3985 
f -1410/-2610/-3984 -615/-1997/-3983 -1522/-2777/-3982 
f -1522/-2777/-3981 -1408/-2606/-3980 -1410/-2610/-3979 
f -1408/-2606/-3978 -1522/-2777/-3977 -1523/-2778/-3976 
f -1523/-2778/-3975 -1407/-2605/-3974 -1408/-2606/-3973 
f -1407/-2605/-3972 -1523/-2778/-3971 -1514/-2769/-3970 
f -1514/-2769/-3969 -1406/-2604/-3968 -1407/-2605/-3967 
f -1406/-2604/-3966 -1514/-2769/-3965 -1515/-2770/-3964 
f -1515/-2770/-3963 -1405/-2603/-3962 -1406/-2604/-3961 
f -1405/-2603/-3960 -1515/-2770/-3959 -614/-1989/-3958 
f -614/-1989/-3957 -1404/-2602/-3956 -1405/-2603/-3955 
f -1404/-2602/-3954 -614/-1989/-3953 -613/-1986/-3952 
f -613/-1986/-3951 -1403/-2601/-3950 -1404/-2602/-3949 
f -1403/-2601/-3948 -613/-1986/-3947 -612/-1983/-3946 
f -612/-1983/-3945 -1402/-2600/-3944 -1403/-2601/-3943 
f -1402/-2600/-3942 -612/-1983/-3941 -611/-1980/-3940 
f -611/-1980/-3939 -1401/-2599/-3938 -1402/-2600/-3937 
f -1399/-2597/-3936 -1478/-2729/-3935 -1479/-2730/-3934 
f -1479/-2730/-3933 -1398/-2595/-3932 -1399/-2597/-3931 
f -1398/-2595/-3930 -1479/-2730/-3929 -1486/-2737/-3928 
f -1486/-2737/-3927 -1397/-2594/-3926 -1398/-2595/-3925 
f -1397/-2594/-3924 -1486/-2737/-3923 -1487/-2738/-3922 
f -1487/-2738/-3921 -1396/-2593/-3920 -1397/-2594/-3919 
f -1396/-2593/-3918 -1487/-2738/-3917 -1494/-2745/-3916 
f -1494/-2745/-3915 -1395/-2592/-3914 -1396/-2593/-3913 
f -1395/-2592/-3912 -1494/-2745/-3911 -1495/-2746/-3910 
f -1495/-2746/-3909 -1394/-2591/-3908 -1395/-2592/-3907 
f -1394/-2591/-3906 -1495/-2746/-3905 -610/-1976/-3904 
f -610/-1976/-3903 -1393/-2590/-3902 -1394/-2591/-3901 
f -1412/-2612/-3900 -1527/-2784/-3899 -1533/-2792/-3898 
f -1533/-2792/-3897 -1414/-2615/-3896 -1412/-2612/-3895 
f -1393/-2590/-3894 -610/-1976/-3893 -1527/-2784/-3892 
f -1527/-2784/-3891 -1412/-2612/-3890 -1393/-2590/-3889 
f -1400/-2598/-3888 -611/-1980/-3887 -1478/-2729/-3886 
f -1478/-2729/-3885 -1399/-2597/-3884 -1400/-2598/-3883 
f -1409/-2607/-3882 -1534/-1996/-3881 -615/-1997/-3880 
f -615/-1997/-3879 -1410/-2610/-3878 -1409/-2607/-3877 
usemtl apt1_street
f -1374/-1929/-3876 -1442/-2568/-3875 -1443/-2689/-3874 
f -1376/-1928/-3873 -1531/-2686/-3872 -1441/-2569/-3871 
usemtl apt1_wall02
f -1391/-2588/-3870 -1392/-2589/-3869 -1503/-2756/-3868 
f -1375/-2564/-3867 -609/-1951/-3866 -1501/-2753/-3865 
f -1501/-2753/-3864 -1543/-2802/-3863 -1375/-2564/-3862 
f -1377/-2573/-3861 -1530/-2787/-3860 -1531/-2788/-3859 
f -1531/-2788/-3858 -1376/-2572/-3857 -1377/-2573/-3856 
f -1378/-2574/-3855 -1525/-2781/-3854 -1530/-2787/-3853 
f -1530/-2787/-3852 -1377/-2573/-3851 -1378/-2574/-3850 
f -1380/-2576/-3849 -1519/-2774/-3848 -1516/-2771/-3847 
f -1516/-2771/-3846 -1379/-2575/-3845 -1380/-2576/-3844 
f -1381/-2577/-3843 -1508/-2763/-3842 -1519/-2774/-3841 
f -1519/-2774/-3840 -1380/-2576/-3839 -1381/-2577/-3838 
f -1382/-2578/-3837 -1511/-2766/-3836 -1508/-2763/-3835 
f -1508/-2763/-3834 -1381/-2577/-3833 -1382/-2578/-3832 
f -1383/-2579/-3831 -1507/-2762/-3830 -1511/-2766/-3829 
f -1511/-2766/-3828 -1382/-2578/-3827 -1383/-2579/-3826 
f -1384/-2580/-3825 -1505/-2759/-3824 -1507/-2762/-3823 
f -1507/-2762/-3822 -1383/-2579/-3821 -1384/-2580/-3820 
f -1391/-2588/-3819 -1503/-2756/-3818 -1505/-2759/-3817 
f -1505/-2759/-3816 -1384/-2580/-3815 -1391/-2588/-3814 
f -1385/-2581/-3813 -1475/-2726/-3812 -1503/-2756/-3811 
f -1503/-2756/-3810 -1392/-2589/-3809 -1385/-2581/-3808 
f -1386/-2582/-3807 -1480/-2731/-3806 -1475/-2726/-3805 
f -1475/-2726/-3804 -1385/-2581/-3803 -1386/-2582/-3802 
f -1387/-2583/-3801 -1483/-2734/-3800 -1480/-2731/-3799 
f -1480/-2731/-3798 -1386/-2582/-3797 -1387/-2583/-3796 
f -1388/-2584/-3795 -1488/-2739/-3794 -1483/-2734/-3793 
f -1483/-2734/-3792 -1387/-2583/-3791 -1388/-2584/-3790 
f -1389/-2585/-3789 -1491/-2742/-3788 -1488/-2739/-3787 
f -1488/-2739/-3786 -1388/-2584/-3785 -1389/-2585/-3784 
f -1390/-2586/-3783 -1496/-2747/-3782 -1491/-2742/-3781 
f -1491/-2742/-3780 -1389/-2585/-3779 -1390/-2586/-3778 
f -1542/-2801/-3777 -1498/-2750/-3776 -1496/-2747/-3775 
f -1496/-2747/-3774 -1390/-2586/-3773 -1542/-2801/-3772 
f -1543/-2802/-3771 -1501/-2753/-3770 -1498/-2750/-3769 
f -1498/-2750/-3768 -1542/-2801/-3767 -1543/-2802/-3766 
f -1379/-2575/-3765 -1516/-2771/-3764 -1525/-2781/-3763 
f -1525/-2781/-3762 -1378/-2574/-3761 -1379/-2575/-3760 
f -1374/-2562/-3759 -1443/-1950/-3758 -609/-1951/-3757 
f -609/-1951/-3756 -1375/-2564/-3755 -1374/-2562/-3754 
usemtl apt1_gate
f -749/-1927/-3753 -747/-1926/-3752 -745/-1925/-3751 
f -745/-1925/-3750 -743/-1924/-3749 -741/-1923/-3748 
f -741/-1923/-3747 -739/-1922/-3746 -737/-1921/-3745 
f -745/-1925/-3744 -741/-1923/-3743 -737/-1921/-3742 
f -737/-1921/-3741 -735/-1920/-3740 -733/-1919/-3739 
f -733/-1919/-3738 -731/-1918/-3737 -729/-1917/-3736 
f -737/-1921/-3735 -733/-1919/-3734 -729/-1917/-3733 
f -745/-1925/-3732 -737/-1921/-3731 -729/-1917/-3730 
f -729/-1917/-3729 -727/-1916/-3728 -725/-1915/-3727 
f -725/-1915/-3726 -723/-1914/-3725 -721/-1913/-3724 
f -729/-1917/-3723 -725/-1915/-3722 -721/-1913/-3721 
f -745/-1925/-3720 -729/-1917/-3719 -721/-1913/-3718 
f -749/-1927/-3717 -745/-1925/-3716 -721/-1913/-3715 
f -752/-1912/-3714 -749/-1927/-3713 -721/-1913/-3712 
f -751/-1911/-3711 -752/-1912/-3710 -721/-1913/-3709 
usemtl apt1_tracks
f -1750/-1910/-3708 -1587/-1909/-3707 -608/-1908/-3706 
f -608/-1908/-3705 -1749/-1907/-3704 -1750/-1910/-3703 
usemtl apt1_roof
f -607/-1900/-3702 -606/-1899/-3701 -605/-1898/-3700 
f -605/-1898/-3699 -604/-1897/-3698 -607/-1900/-3697 
f -603/-1896/-3696 -602/-1895/-3695 -601/-1894/-3694 
f -601/-1894/-3693 -600/-1893/-3692 -603/-1896/-3691 
usemtl apt1_dormer01
f -599/-1892/-3690 -606/-1891/-3689 -601/-1890/-3688 
f -601/-1890/-3687 -602/-1889/-3686 -599/-1892/-3685 
usemtl apt1_roof
f -598/-1896/-3684 -597/-1895/-3683 -604/-1894/-3682 
f -604/-1894/-3681 -605/-1893/-3680 -598/-1896/-3679 
f -600/-1888/-3678 -601/-1887/-3677 -606/-1899/-3676 
f -606/-1899/-3675 -607/-1900/-3674 -600/-1888/-3673 
usemtl apt1_dormer01
f -598/-1889/-3672 -605/-1890/-3671 -606/-1891/-3670 
f -606/-1891/-3669 -599/-1892/-3668 -598/-1889/-3667 
usemtl apt1_krohv_kollane
f -597/-1886/-3666 -598/-1885/-3665 -1739/-1884/-3664 
f -1739/-1884/-3663 -596/-1883/-3662 -597/-1886/-3661 
f -598/-1882/-3660 -599/-1881/-3659 -1738/-1880/-3658 
f -1738/-1880/-3657 -1739/-1879/-3656 -598/-1882/-3655 
f -599/-1878/-3654 -602/-1877/-3653 -1737/-1876/-3652 
f -1737/-1876/-3651 -1738/-1875/-3650 -599/-1878/-3649 
f -602/-1874/-3648 -603/-1873/-3647 -595/-1872/-3646 
f -595/-1872/-3645 -1737/-1871/-3644 -602/-1874/-3643 
f -1737/-1871/-3642 -595/-1872/-3641 -594/-1861/-3640 
f -594/-1861/-3639 -1740/-1860/-3638 -1737/-1871/-3637 
f -593/-1859/-3636 -1749/-1858/-3635 -608/-1857/-3634 
usemtl apt1_roof
f -592/-1856/-3633 -591/-1855/-3632 -590/-1854/-3631 
f -590/-1854/-3630 -589/-1853/-3629 -592/-1856/-3628 
f -588/-1896/-3627 -587/-1895/-3626 -586/-1894/-3625 
f -586/-1894/-3624 -585/-1893/-3623 -588/-1896/-3622 
usemtl apt1_dormer01
f -584/-1892/-3621 -591/-1891/-3620 -586/-1890/-3619 
f -586/-1890/-3618 -587/-1889/-3617 -584/-1892/-3616 
usemtl apt1_roof
f -583/-1896/-3615 -582/-1895/-3614 -589/-1894/-3613 
f -589/-1894/-3612 -590/-1893/-3611 -583/-1896/-3610 
f -585/-1852/-3609 -586/-1851/-3608 -591/-1855/-3607 
f -591/-1855/-3606 -592/-1856/-3605 -585/-1852/-3604 
usemtl apt1_dormer01
f -583/-1889/-3603 -590/-1890/-3602 -591/-1891/-3601 
f -591/-1891/-3600 -584/-1892/-3599 -583/-1889/-3598 
usemtl apt1_krohv_kollane
f -582/-1850/-3597 -583/-1849/-3596 -581/-1848/-3595 
f -581/-1848/-3594 -580/-1847/-3593 -582/-1850/-3592 
f -583/-1846/-3591 -584/-1845/-3590 -579/-1844/-3589 
f -579/-1844/-3588 -581/-1848/-3587 -583/-1846/-3586 
f -584/-1843/-3585 -587/-1842/-3584 -578/-1841/-3583 
f -578/-1841/-3582 -579/-1844/-3581 -584/-1843/-3580 
f -587/-1840/-3579 -588/-1839/-3578 -577/-1838/-3577 
f -577/-1838/-3576 -578/-1841/-3575 -587/-1840/-3574 
usemtl apt1_roof
f -576/-1856/-3573 -575/-1855/-3572 -574/-1854/-3571 
f -574/-1854/-3570 -573/-1853/-3569 -576/-1856/-3568 
f -572/-1896/-3567 -571/-1895/-3566 -570/-1894/-3565 
f -570/-1894/-3564 -569/-1893/-3563 -572/-1896/-3562 
usemtl apt1_dormer01
f -568/-1892/-3561 -575/-1891/-3560 -570/-1890/-3559 
f -570/-1890/-3558 -571/-1889/-3557 -568/-1892/-3556 
usemtl apt1_roof
f -567/-1896/-3555 -566/-1895/-3554 -573/-1894/-3553 
f -573/-1894/-3552 -574/-1893/-3551 -567/-1896/-3550 
f -569/-1852/-3549 -570/-1851/-3548 -575/-1855/-3547 
f -575/-1855/-3546 -576/-1856/-3545 -569/-1852/-3544 
usemtl apt1_dormer01
f -567/-1889/-3543 -574/-1890/-3542 -575/-1891/-3541 
f -575/-1891/-3540 -568/-1892/-3539 -567/-1889/-3538 
usemtl apt1_krohv_kollane
f -566/-1833/-3537 -567/-1832/-3536 -565/-1831/-3535 
f -565/-1831/-3534 -564/-1830/-3533 -566/-1833/-3532 
f -567/-1829/-3531 -568/-1828/-3530 -563/-1827/-3529 
f -563/-1827/-3528 -565/-1831/-3527 -567/-1829/-3526 
f -568/-1826/-3525 -571/-1825/-3524 -562/-1824/-3523 
f -562/-1824/-3522 -563/-1827/-3521 -568/-1826/-3520 
f -571/-1823/-3519 -572/-1822/-3518 -561/-1821/-3517 
f -561/-1821/-3516 -562/-1824/-3515 -571/-1823/-3514 
usemtl apt1_roof
f -560/-1856/-3513 -559/-1855/-3512 -558/-1854/-3511 
f -558/-1854/-3510 -557/-1853/-3509 -560/-1856/-3508 
f -556/-1896/-3507 -555/-1895/-3506 -554/-1894/-3505 
f -554/-1894/-3504 -553/-1893/-3503 -556/-1896/-3502 
usemtl apt1_dormer01
f -552/-1892/-3501 -559/-1891/-3500 -554/-1890/-3499 
f -554/-1890/-3498 -555/-1889/-3497 -552/-1892/-3496 
usemtl apt1_roof
f -551/-1896/-3495 -550/-1895/-3494 -557/-1894/-3493 
f -557/-1894/-3492 -558/-1893/-3491 -551/-1896/-3490 
f -553/-1852/-3489 -554/-1851/-3488 -559/-1855/-3487 
f -559/-1855/-3486 -560/-1856/-3485 -553/-1852/-3484 
usemtl apt1_dormer01
f -551/-1889/-3483 -558/-1890/-3482 -559/-1891/-3481 
f -559/-1891/-3480 -552/-1892/-3479 -551/-1889/-3478 
usemtl apt1_krohv_kollane
f -550/-1816/-3477 -551/-1815/-3476 -549/-1814/-3475 
f -549/-1814/-3474 -548/-1813/-3473 -550/-1816/-3472 
f -551/-1812/-3471 -552/-1811/-3470 -547/-1810/-3469 
f -547/-1810/-3468 -549/-1814/-3467 -551/-1812/-3466 
f -552/-1809/-3465 -555/-1808/-3464 -546/-1807/-3463 
f -546/-1807/-3462 -547/-1810/-3461 -552/-1809/-3460 
f -555/-1806/-3459 -556/-1805/-3458 -545/-1804/-3457 
f -545/-1804/-3456 -546/-1807/-3455 -555/-1806/-3454 
usemtl apt1_roof
f -544/-1856/-3453 -543/-1855/-3452 -542/-1854/-3451 
f -542/-1854/-3450 -541/-1853/-3449 -544/-1856/-3448 
f -540/-1896/-3447 -539/-1895/-3446 -538/-1894/-3445 
f -538/-1894/-3444 -537/-1893/-3443 -540/-1896/-3442 
usemtl apt1_dormer01
f -536/-1892/-3441 -543/-1891/-3440 -538/-1890/-3439 
f -538/-1890/-3438 -539/-1889/-3437 -536/-1892/-3436 
usemtl apt1_roof
f -535/-1896/-3435 -534/-1895/-3434 -541/-1894/-3433 
f -541/-1894/-3432 -542/-1893/-3431 -535/-1896/-3430 
f -537/-1852/-3429 -538/-1851/-3428 -543/-1855/-3427 
f -543/-1855/-3426 -544/-1856/-3425 -537/-1852/-3424 
usemtl apt1_dormer01
f -535/-1889/-3423 -542/-1890/-3422 -543/-1891/-3421 
f -543/-1891/-3420 -536/-1892/-3419 -535/-1889/-3418 
usemtl apt1_krohv_kollane
f -534/-1799/-3417 -535/-1798/-3416 -533/-1797/-3415 
f -533/-1797/-3414 -532/-1796/-3413 -534/-1799/-3412 
f -535/-1795/-3411 -536/-1794/-3410 -531/-1793/-3409 
f -531/-1793/-3408 -533/-1797/-3407 -535/-1795/-3406 
f -536/-1792/-3405 -539/-1791/-3404 -530/-1790/-3403 
f -530/-1790/-3402 -531/-1793/-3401 -536/-1792/-3400 
f -539/-1789/-3399 -540/-1788/-3398 -529/-1787/-3397 
f -529/-1787/-3396 -530/-1790/-3395 -539/-1789/-3394 
usemtl apt1_roof
f -528/-1856/-3393 -527/-1855/-3392 -526/-1854/-3391 
f -526/-1854/-3390 -525/-1853/-3389 -528/-1856/-3388 
f -524/-1896/-3387 -523/-1895/-3386 -522/-1894/-3385 
f -522/-1894/-3384 -521/-1893/-3383 -524/-1896/-3382 
usemtl apt1_dormer01
f -520/-1892/-3381 -527/-1891/-3380 -522/-1890/-3379 
f -522/-1890/-3378 -523/-1889/-3377 -520/-1892/-3376 
usemtl apt1_roof
f -519/-1896/-3375 -518/-1895/-3374 -525/-1894/-3373 
f -525/-1894/-3372 -526/-1893/-3371 -519/-1896/-3370 
f -521/-1852/-3369 -522/-1851/-3368 -527/-1855/-3367 
f -527/-1855/-3366 -528/-1856/-3365 -521/-1852/-3364 
usemtl apt1_dormer01
f -519/-1889/-3363 -526/-1890/-3362 -527/-1891/-3361 
f -527/-1891/-3360 -520/-1892/-3359 -519/-1889/-3358 
usemtl apt1_krohv_kollane
f -518/-1782/-3357 -519/-1781/-3356 -517/-1780/-3355 
f -517/-1780/-3354 -516/-1779/-3353 -518/-1782/-3352 
f -519/-1778/-3351 -520/-1777/-3350 -515/-1776/-3349 
f -515/-1776/-3348 -517/-1780/-3347 -519/-1778/-3346 
f -520/-1775/-3345 -523/-1774/-3344 -514/-1773/-3343 
f -514/-1773/-3342 -515/-1776/-3341 -520/-1775/-3340 
f -523/-1772/-3339 -524/-1771/-3338 -513/-1770/-3337 
f -513/-1770/-3336 -514/-1773/-3335 -523/-1772/-3334 
usemtl apt1_roof
f -512/-1900/-3333 -511/-1899/-3332 -510/-1898/-3331 
f -510/-1898/-3330 -509/-1897/-3329 -512/-1900/-3328 
f -508/-1896/-3327 -507/-1895/-3326 -506/-1894/-3325 
f -506/-1894/-3324 -505/-1893/-3323 -508/-1896/-3322 
usemtl apt1_dormer01
f -504/-1892/-3321 -511/-1891/-3320 -506/-1890/-3319 
f -506/-1890/-3318 -507/-1889/-3317 -504/-1892/-3316 
usemtl apt1_roof
f -503/-1896/-3315 -502/-1895/-3314 -509/-1894/-3313 
f -509/-1894/-3312 -510/-1893/-3311 -503/-1896/-3310 
f -505/-1888/-3309 -506/-1887/-3308 -511/-1899/-3307 
f -511/-1899/-3306 -512/-1900/-3305 -505/-1888/-3304 
usemtl apt1_dormer01
f -503/-1889/-3303 -510/-1890/-3302 -511/-1891/-3301 
f -511/-1891/-3300 -504/-1892/-3299 -503/-1889/-3298 
usemtl apt1_krohv_kollane
f -502/-1765/-3297 -503/-1764/-3296 -501/-1763/-3295 
f -501/-1763/-3294 -500/-1762/-3293 -502/-1765/-3292 
f -503/-1761/-3291 -504/-1760/-3290 -499/-1759/-3289 
f -499/-1759/-3288 -501/-1758/-3287 -503/-1761/-3286 
f -504/-1757/-3285 -507/-1756/-3284 -498/-1762/-3283 
f -498/-1762/-3282 -499/-1759/-3281 -504/-1757/-3280 
f -507/-1765/-3279 -508/-1764/-3278 -497/-1763/-3277 
f -497/-1763/-3276 -498/-1762/-3275 -507/-1765/-3274 
usemtl apt1_chimneys
f -496/-1750/-3273 -495/-1749/-3272 -494/-1748/-3271 
f -494/-1748/-3270 -493/-1747/-3269 -496/-1750/-3268 
f -492/-1746/-3267 -491/-1745/-3266 -495/-1744/-3265 
f -495/-1744/-3264 -496/-1743/-3263 -492/-1746/-3262 
f -490/-1742/-3261 -494/-1741/-3260 -495/-1740/-3259 
f -495/-1740/-3258 -491/-1739/-3257 -490/-1742/-3256 
f -489/-1738/-3255 -493/-1737/-3254 -494/-1741/-3253 
f -494/-1741/-3252 -490/-1742/-3251 -489/-1738/-3250 
f -492/-1746/-3249 -496/-1743/-3248 -493/-1737/-3247 
f -493/-1737/-3246 -489/-1738/-3245 -492/-1746/-3244 
f -488/-1736/-3243 -487/-1735/-3242 -486/-1734/-3241 
f -486/-1734/-3240 -485/-1733/-3239 -488/-1736/-3238 
f -484/-1732/-3237 -483/-1731/-3236 -487/-1730/-3235 
f -487/-1730/-3234 -488/-1729/-3233 -484/-1732/-3232 
f -482/-1728/-3231 -486/-1727/-3230 -487/-1726/-3229 
f -487/-1726/-3228 -483/-1725/-3227 -482/-1728/-3226 
f -481/-1724/-3225 -485/-1723/-3224 -486/-1727/-3223 
f -486/-1727/-3222 -482/-1728/-3221 -481/-1724/-3220 
f -484/-1732/-3219 -488/-1729/-3218 -485/-1723/-3217 
f -485/-1723/-3216 -481/-1724/-3215 -484/-1732/-3214 
f -480/-1722/-3213 -479/-1721/-3212 -478/-1720/-3211 
f -478/-1720/-3210 -477/-1719/-3209 -480/-1722/-3208 
f -476/-1718/-3207 -475/-1717/-3206 -479/-1716/-3205 
f -479/-1716/-3204 -480/-1715/-3203 -476/-1718/-3202 
f -474/-1714/-3201 -478/-1713/-3200 -479/-1716/-3199 
f -479/-1716/-3198 -475/-1717/-3197 -474/-1714/-3196 
f -473/-1712/-3195 -477/-1711/-3194 -478/-1713/-3193 
f -478/-1713/-3192 -474/-1714/-3191 -473/-1712/-3190 
f -476/-1718/-3189 -480/-1715/-3188 -477/-1710/-3187 
f -477/-1710/-3186 -473/-1709/-3185 -476/-1718/-3184 
usemtl apt1_roof02
f -1582/-1684/-3183 -1415/-1683/-3182 -1599/-1682/-3181 
f -1599/-1682/-3180 -1600/-1681/-3179 -1582/-1684/-3178 
usemtl apt1_plate
f -472/-1680/-3177 -471/-1679/-3176 -470/-1678/-3175 
f -470/-1678/-3174 -469/-1677/-3173 -472/-1680/-3172 
f -469/-1676/-3171 -470/-1675/-3170 -468/-1674/-3169 
f -468/-1674/-3168 -467/-1673/-3167 -469/-1676/-3166 
f -466/-1672/-3165 -465/-1671/-3164 -472/-1680/-3163 
f -472/-1680/-3162 -469/-1677/-3161 -466/-1672/-3160 
f -472/-1670/-3159 -465/-1671/-3158 -471/-1669/-3157 
f -467/-1668/-3156 -468/-1667/-3155 -464/-1666/-3154 
f -464/-1666/-3153 -466/-1665/-3152 -469/-1676/-3151 
f -469/-1676/-3150 -467/-1673/-3149 -464/-1666/-3148 
f -463/-1664/-3147 -462/-1663/-3146 -461/-1662/-3145 
f -465/-1671/-3144 -466/-1672/-3143 -460/-1661/-3142 
f -460/-1661/-3141 -471/-1669/-3140 -465/-1671/-3139 
f -466/-1665/-3138 -464/-1666/-3137 -468/-1667/-3136 
f -468/-1667/-3135 -460/-1660/-3134 -466/-1665/-3133 
f -459/-1659/-3132 -458/-1658/-3131 -457/-1657/-3130 
f -457/-1657/-3129 -456/-1656/-3128 -459/-1659/-3127 
f -455/-1659/-3126 -454/-1656/-3125 -453/-1655/-3124 
f -453/-1655/-3123 -452/-1658/-3122 -455/-1659/-3121 
usemtl apt1_door04
f -1546/-1654/-3120 -1547/-1653/-3119 -451/-1652/-3118 
f -450/-1651/-3117 -1546/-1654/-3116 -451/-1652/-3115 
f -450/-1651/-3114 -451/-1652/-3113 -449/-1650/-3112 
f -448/-1649/-3111 -450/-1651/-3110 -449/-1650/-3109 
usemtl apt1_krohv_kollane
f -1561/-2826/-3108 -631/-2032/-3107 -633/-2034/-3106 
f -1561/-2826/-3105 -633/-2034/-3104 -634/-2035/-3103 
f -1463/-2713/-3102 -1561/-2826/-3101 -634/-2035/-3100 
f -629/-2029/-3099 -1469/-2719/-3098 -1470/-2720/-3097 
f -1470/-2720/-3096 -447/-1648/-3095 -629/-2029/-3094 
f -1461/-2711/-3093 -713/-2216/-3092 -1471/-2721/-3091 
f -1461/-2711/-3090 -1471/-2721/-3089 -1472/-2722/-3088 
f -1456/-2706/-3087 -1461/-2711/-3086 -1472/-2722/-3085 
f -637/-2038/-3084 -629/-2029/-3083 -447/-1648/-3082 
f -637/-2038/-3081 -447/-1648/-3080 -446/-1647/-3079 
f -639/-2040/-3078 -637/-2038/-3077 -446/-1647/-3076 
f -1442/-2568/-3075 -1374/-1929/-3074 -1556/-2567/-3073 
f -1565/-2168/-3072 -1575/-2857/-3071 -698/-2167/-3070 
usemtl apt1_wall01
f -616/-2371/-3069 -617/-2510/-3068 -1321/-1646/-3067 
f -1321/-1646/-3066 -707/-1645/-3065 -616/-2371/-3064 
f -617/-2510/-3063 -641/-2560/-3062 -648/-2041/-3061 
f -648/-2041/-3060 -1321/-1646/-3059 -617/-2510/-3058 
usemtl apt1_wall04
f -445/-1643/-3057 -1456/-1642/-3056 -1472/-1641/-3055 
f -1472/-1641/-3054 -1473/-1640/-3053 -444/-1639/-3052 
f -1472/-1641/-3051 -444/-1639/-3050 -443/-1638/-3049 
f -445/-1643/-3048 -1472/-1641/-3047 -443/-1638/-3046 
f -442/-1643/-3045 -1466/-1637/-3044 -639/-1636/-3043 
f -639/-1636/-3042 -446/-1635/-3041 -441/-1639/-3040 
f -639/-1636/-3039 -441/-1639/-3038 -440/-1638/-3037 
f -442/-1643/-3036 -639/-1636/-3035 -440/-1638/-3034 
usemtl apt1_krohv_kollane
f -439/-1634/-3033 -451/-1633/-3032 -438/-1632/-3031 
usemtl apt1_win02
f -437/-1631/-3030 -436/-1630/-3029 -435/-1629/-3028 
f -435/-1629/-3027 -434/-1628/-3026 -437/-1631/-3025 
f -433/-1631/-3024 -432/-1630/-3023 -431/-1629/-3022 
f -431/-1629/-3021 -430/-1628/-3020 -433/-1631/-3019 
f -429/-1631/-3018 -428/-1630/-3017 -427/-1629/-3016 
f -427/-1629/-3015 -426/-1628/-3014 -429/-1631/-3013 
f -425/-1631/-3012 -424/-1630/-3011 -423/-1629/-3010 
f -423/-1629/-3009 -422/-1628/-3008 -425/-1631/-3007 
f -421/-1631/-3006 -420/-1630/-3005 -419/-1629/-3004 
f -419/-1629/-3003 -418/-1628/-3002 -421/-1631/-3001 
f -417/-1631/-3000 -416/-1630/-2999 -415/-1629/-2998 
f -415/-1629/-2997 -414/-1628/-2996 -417/-1631/-2995 
f -413/-1631/-2994 -412/-1630/-2993 -411/-1629/-2992 
f -411/-1629/-2991 -410/-1628/-2990 -413/-1631/-2989 
usemtl apt1_wall04
f -444/-1639/-2988 -409/-1627/-2987 -434/-1626/-2986 
f -434/-1626/-2985 -435/-1625/-2984 -444/-1639/-2983 
f -409/-1627/-2982 -445/-1643/-2981 -437/-1624/-2980 
f -437/-1624/-2979 -434/-1623/-2978 -409/-1627/-2977 
f -445/-1643/-2976 -443/-1638/-2975 -436/-1622/-2974 
f -436/-1622/-2973 -437/-1621/-2972 -445/-1643/-2971 
f -443/-1638/-2970 -444/-1639/-2969 -435/-1620/-2968 
f -435/-1620/-2967 -436/-1619/-2966 -443/-1638/-2965 
f -441/-1639/-2964 -408/-1627/-2963 -430/-1626/-2962 
f -430/-1626/-2961 -431/-1625/-2960 -441/-1639/-2959 
f -408/-1627/-2958 -442/-1643/-2957 -433/-1624/-2956 
f -433/-1624/-2955 -430/-1623/-2954 -408/-1627/-2953 
f -442/-1643/-2952 -440/-1638/-2951 -432/-1622/-2950 
f -432/-1622/-2949 -433/-1621/-2948 -442/-1643/-2947 
f -440/-1638/-2946 -441/-1639/-2945 -431/-1620/-2944 
f -431/-1620/-2943 -432/-1619/-2942 -440/-1638/-2941 
f -407/-1639/-2940 -406/-1627/-2939 -426/-1626/-2938 
f -426/-1626/-2937 -427/-1625/-2936 -407/-1639/-2935 
f -406/-1627/-2934 -405/-1643/-2933 -429/-1624/-2932 
f -429/-1624/-2931 -426/-1623/-2930 -406/-1627/-2929 
f -405/-1643/-2928 -404/-1638/-2927 -428/-1622/-2926 
f -428/-1622/-2925 -429/-1621/-2924 -405/-1643/-2923 
f -404/-1638/-2922 -407/-1639/-2921 -427/-1620/-2920 
f -427/-1620/-2919 -428/-1619/-2918 -404/-1638/-2917 
usemtl apt1_wall05
f -403/-1618/-2916 -402/-1617/-2915 -422/-1616/-2914 
f -422/-1616/-2913 -423/-1615/-2912 -403/-1618/-2911 
f -402/-1617/-2910 -401/-1614/-2909 -425/-1613/-2908 
f -425/-1613/-2907 -422/-1612/-2906 -402/-1617/-2905 
f -401/-1614/-2904 -400/-1611/-2903 -424/-1610/-2902 
f -424/-1610/-2901 -425/-1609/-2900 -401/-1614/-2899 
f -400/-1611/-2898 -403/-1618/-2897 -423/-1608/-2896 
f -423/-1608/-2895 -424/-1607/-2894 -400/-1611/-2893 
f -399/-1606/-2892 -398/-1605/-2891 -418/-1604/-2890 
f -418/-1604/-2889 -419/-1603/-2888 -399/-1606/-2887 
f -398/-1605/-2886 -397/-1602/-2885 -421/-1601/-2884 
f -421/-1601/-2883 -418/-1600/-2882 -398/-1605/-2881 
f -397/-1602/-2880 -396/-1599/-2879 -420/-1598/-2878 
f -420/-1598/-2877 -421/-1597/-2876 -397/-1602/-2875 
f -396/-1599/-2874 -399/-1606/-2873 -419/-1596/-2872 
f -419/-1596/-2871 -420/-1595/-2870 -396/-1599/-2869 
f -395/-1618/-2868 -394/-1617/-2867 -414/-1616/-2866 
f -414/-1616/-2865 -415/-1615/-2864 -395/-1618/-2863 
f -394/-1617/-2862 -393/-1614/-2861 -417/-1613/-2860 
f -417/-1613/-2859 -414/-1612/-2858 -394/-1617/-2857 
f -393/-1614/-2856 -392/-1611/-2855 -416/-1610/-2854 
f -416/-1610/-2853 -417/-1609/-2852 -393/-1614/-2851 
f -392/-1611/-2850 -395/-1618/-2849 -415/-1608/-2848 
f -415/-1608/-2847 -416/-1607/-2846 -392/-1611/-2845 
f -391/-1606/-2844 -390/-1605/-2843 -410/-1604/-2842 
f -410/-1604/-2841 -411/-1603/-2840 -391/-1606/-2839 
f -390/-1605/-2838 -389/-1602/-2837 -413/-1601/-2836 
f -413/-1601/-2835 -410/-1600/-2834 -390/-1605/-2833 
f -389/-1602/-2832 -388/-1599/-2831 -412/-1598/-2830 
f -412/-1598/-2829 -413/-1597/-2828 -389/-1602/-2827 
f -388/-1599/-2826 -391/-1606/-2825 -411/-1596/-2824 
f -411/-1596/-2823 -412/-1595/-2822 -388/-1599/-2821 
usemtl apt1_wall01
f -616/-2371/-2820 -707/-1645/-2819 -642/-2042/-2818 
f -642/-2042/-2817 -640/-2374/-2816 -616/-2371/-2815 
usemtl apt1_wall04
f -409/-1627/-2814 -1468/-1594/-2813 -1456/-1642/-2812 
f -1456/-1642/-2811 -445/-1643/-2810 -409/-1627/-2809 
f -444/-1639/-2808 -1473/-1640/-2807 -1468/-1594/-2806 
f -1468/-1594/-2805 -409/-1627/-2804 -444/-1639/-2803 
f -408/-1627/-2802 -1465/-1593/-2801 -1466/-1637/-2800 
f -1466/-1637/-2799 -442/-1643/-2798 -408/-1627/-2797 
f -441/-1639/-2796 -446/-1635/-2795 -1465/-1593/-2794 
f -1465/-1593/-2793 -408/-1627/-2792 -441/-1639/-2791 
f -406/-1627/-2790 -1462/-1592/-2789 -1463/-1591/-2788 
f -405/-1643/-2787 -406/-1627/-2786 -1463/-1591/-2785 
f -405/-1643/-2784 -1463/-1591/-2783 -634/-1590/-2782 
f -405/-1643/-2781 -634/-1590/-2780 -1467/-1589/-2779 
f -1467/-1589/-2778 -404/-1638/-2777 -405/-1643/-2776 
f -406/-1627/-2775 -407/-1639/-2774 -1464/-1588/-2773 
f -1464/-1588/-2772 -1462/-1592/-2771 -406/-1627/-2770 
f -407/-1639/-2769 -404/-1638/-2768 -1467/-1589/-2767 
f -1467/-1589/-2766 -1464/-1588/-2765 -407/-1639/-2764 
usemtl apt1_wall05
f -398/-1605/-2763 -387/-1587/-2762 -1446/-1586/-2761 
f -1446/-1586/-2760 -397/-1602/-2759 -398/-1605/-2758 
f -396/-1599/-2757 -401/-1614/-2756 -402/-1617/-2755 
f -402/-1617/-2754 -399/-1606/-2753 -396/-1599/-2752 
f -396/-1599/-2751 -397/-1602/-2750 -1446/-1586/-2749 
f -1446/-1586/-2748 -401/-1614/-2747 -396/-1599/-2746 
usemtl apt1_krohv_kollane
f -449/-1585/-2745 -451/-1633/-2744 -439/-1634/-2743 
f -439/-1634/-2742 -386/-1584/-2741 -449/-1585/-2740 
usemtl apt1_wall05
f -388/-1599/-2739 -393/-1614/-2738 -394/-1617/-2737 
f -394/-1617/-2736 -391/-1606/-2735 -388/-1599/-2734 
f -393/-1614/-2733 -1445/-1583/-2732 -1446/-1582/-2731 
f -1446/-1582/-2730 -392/-1611/-2729 -393/-1614/-2728 
usemtl apt1_wall01
f -1585/-1581/-2727 -1588/-1580/-2726 -1586/-1579/-2725 
f -1586/-1579/-2724 -1545/-1578/-2723 -1585/-1581/-2722 
usemtl apt1_win01
f -385/-1577/-2721 -384/-1576/-2720 -383/-1575/-2719 
f -383/-1575/-2718 -382/-1574/-2717 -385/-1577/-2716 
f -381/-1573/-2715 -380/-1572/-2714 -379/-1571/-2713 
f -379/-1571/-2712 -378/-1570/-2711 -381/-1573/-2710 
usemtl apt1_wall01
f -377/-1569/-2709 -376/-1568/-2708 -382/-1567/-2707 
f -382/-1567/-2706 -383/-1566/-2705 -377/-1569/-2704 
f -376/-1568/-2703 -375/-1565/-2702 -385/-1564/-2701 
f -385/-1564/-2700 -382/-1563/-2699 -376/-1568/-2698 
f -375/-1565/-2697 -374/-1562/-2696 -384/-1561/-2695 
f -384/-1561/-2694 -385/-1560/-2693 -375/-1565/-2692 
f -374/-1562/-2691 -377/-1569/-2690 -383/-1559/-2689 
f -383/-1559/-2688 -384/-1558/-2687 -374/-1562/-2686 
f -373/-1557/-2685 -372/-1556/-2684 -378/-1555/-2683 
f -378/-1555/-2682 -379/-1554/-2681 -373/-1557/-2680 
f -372/-1556/-2679 -371/-1553/-2678 -381/-1552/-2677 
f -381/-1552/-2676 -378/-1551/-2675 -372/-1556/-2674 
f -371/-1553/-2673 -370/-1550/-2672 -380/-1549/-2671 
f -380/-1549/-2670 -381/-1548/-2669 -371/-1553/-2668 
f -370/-1550/-2667 -373/-1557/-2666 -379/-1547/-2665 
f -379/-1547/-2664 -380/-1546/-2663 -370/-1550/-2662 
f -1586/-1545/-2661 -1625/-1544/-2660 -1626/-1543/-2659 
f -1626/-1543/-2658 -371/-1553/-2657 -372/-1556/-2656 
f -1586/-1545/-2655 -1626/-1543/-2654 -372/-1556/-2653 
f -373/-1557/-2652 -370/-1550/-2651 -375/-1565/-2650 
f -373/-1557/-2649 -375/-1565/-2648 -376/-1568/-2647 
f -374/-1562/-2646 -375/-1565/-2645 -370/-1550/-2644 
f -374/-1562/-2643 -370/-1550/-2642 -371/-1553/-2641 
f -371/-1553/-2640 -1626/-1543/-2639 -1580/-1542/-2638 
f -374/-1562/-2637 -371/-1553/-2636 -1580/-1542/-2635 
f -377/-1569/-2634 -374/-1562/-2633 -1580/-1542/-2632 
f -377/-1569/-2631 -1580/-1542/-2630 -1545/-1541/-2629 
f -376/-1568/-2628 -377/-1569/-2627 -1545/-1541/-2626 
f -373/-1557/-2625 -376/-1568/-2624 -1545/-1541/-2623 
f -372/-1556/-2622 -373/-1557/-2621 -1545/-1541/-2620 
f -1586/-1545/-2619 -372/-1556/-2618 -1545/-1541/-2617 
usemtl apt1_krohv_kollane
f -438/-1632/-2616 -451/-1633/-2615 -1547/-2810/-2614 
f -1445/-2691/-2613 -438/-1632/-2612 -1547/-2810/-2611 
f -1548/-2811/-2610 -1445/-2691/-2609 -1547/-2810/-2608 
f -450/-1540/-2607 -1554/-1539/-2606 -1574/-1538/-2605 
f -450/-1540/-2604 -1574/-1538/-2603 -1573/-2808/-2602 
f -450/-1540/-2601 -1573/-2808/-2600 -1546/-2809/-2599 
usemtl apt1_wall05
f -1445/-1583/-2598 -393/-1614/-2597 -388/-1599/-2596 
f -1445/-1583/-2595 -388/-1599/-2594 -389/-1602/-2593 
f -438/-1537/-2592 -1445/-1583/-2591 -389/-1602/-2590 
f -438/-1537/-2589 -389/-1602/-2588 -439/-1536/-2587 
f -439/-1536/-2586 -389/-1602/-2585 -390/-1605/-2584 
f -390/-1605/-2583 -386/-1535/-2582 -439/-1536/-2581 
usemtl apt1_krohv_kollane
f -1354/-2546/-2580 -1355/-2547/-2579 -369/-1534/-2578 
f -369/-1534/-2577 -658/-2099/-2576 -1354/-2546/-2575 
f -1557/-2822/-2574 -368/-1533/-2573 -1356/-2548/-2572 
f -1356/-2548/-2571 -368/-1533/-2570 -1355/-2547/-2569 
f -368/-1533/-2568 -367/-1532/-2567 -369/-1534/-2566 
f -369/-1534/-2565 -1355/-2547/-2564 -368/-1533/-2563 
f -367/-1531/-2562 -366/-1530/-2561 -387/-1529/-2560 
f -387/-1529/-2559 -369/-1528/-2558 -367/-1531/-2557 
f -366/-1527/-2556 -365/-1526/-2555 -386/-1525/-2554 
f -386/-1525/-2553 -387/-1524/-2552 -366/-1527/-2551 
f -386/-1584/-2550 -365/-1523/-2549 -448/-1522/-2548 
f -448/-1522/-2547 -449/-1585/-2546 -386/-1584/-2545 
usemtl apt1_wall05
f -395/-1618/-2544 -387/-1521/-2543 -386/-1535/-2542 
f -394/-1617/-2541 -395/-1618/-2540 -386/-1535/-2539 
f -391/-1606/-2538 -394/-1617/-2537 -386/-1535/-2536 
f -390/-1605/-2535 -391/-1606/-2534 -386/-1535/-2533 
f -401/-1614/-2532 -1446/-1586/-2531 -658/-1520/-2530 
f -658/-1520/-2529 -400/-1611/-2528 -401/-1614/-2527 
f -403/-1618/-2526 -400/-1611/-2525 -658/-1520/-2524 
f -658/-1520/-2523 -369/-1519/-2522 -403/-1618/-2521 
f -402/-1617/-2520 -403/-1618/-2519 -369/-1519/-2518 
f -399/-1606/-2517 -402/-1617/-2516 -369/-1519/-2515 
f -398/-1605/-2514 -399/-1606/-2513 -369/-1519/-2512 
f -398/-1605/-2511 -369/-1519/-2510 -387/-1587/-2509 
f -395/-1618/-2508 -392/-1611/-2507 -1446/-1582/-2506 
f -1446/-1582/-2505 -387/-1521/-2504 -395/-1618/-2503 
usemtl apt1_krohv_kollane
f -768/-2317/-2502 -767/-2316/-2501 -364/-1516/-2500 
f -696/-2165/-2499 -1746/-2865/-2498 -1736/-1515/-2497 
f -1723/-1513/-2496 -1718/-1508/-2495 -357/-1415/-2494 
f -357/-1415/-2493 -362/-1420/-2492 -1723/-1513/-2491 
f -1718/-1508/-2490 -1722/-1512/-2489 -361/-1419/-2488 
f -361/-1419/-2487 -357/-1415/-2486 -1718/-1508/-2485 
f -1716/-1507/-2484 -1720/-1510/-2483 -359/-1418/-2482 
f -359/-1418/-2481 -355/-1413/-2480 -1716/-1507/-2479 
f -1719/-1509/-2478 -1723/-1504/-2477 -362/-1417/-2476 
f -362/-1417/-2475 -358/-1414/-2474 -1719/-1509/-2473 
f -1722/-1512/-2472 -1717/-1503/-2471 -356/-1411/-2470 
f -356/-1411/-2469 -361/-1419/-2468 -1722/-1512/-2467 
f -1721/-1511/-2466 -1716/-1502/-2465 -355/-1412/-2464 
f -355/-1412/-2463 -360/-1410/-2462 -1721/-1511/-2461 
f -1717/-1503/-2460 -1721/-1511/-2459 -360/-1410/-2458 
f -360/-1410/-2457 -356/-1411/-2456 -1717/-1503/-2455 
f -1724/-1506/-2454 -1719/-1505/-2453 -358/-1423/-2452 
f -358/-1423/-2451 -363/-1424/-2450 -1724/-1506/-2449 
f -1720/-1500/-2448 -1715/-1499/-2447 -354/-1421/-2446 
f -354/-1421/-2445 -359/-1422/-2444 -1720/-1500/-2443 
f -1715/-1499/-2442 -1724/-1506/-2441 -363/-1424/-2440 
f -363/-1424/-2439 -354/-1421/-2438 -1715/-1499/-2437 
f -1714/-1498/-2436 -1713/-1497/-2435 -350/-1400/-2434 
f -350/-1400/-2433 -351/-1401/-2432 -1714/-1498/-2431 
f -1713/-1497/-2430 -1712/-1496/-2429 -349/-1399/-2428 
f -349/-1399/-2427 -350/-1400/-2426 -1713/-1497/-2425 
f -1712/-1496/-2424 -1711/-1495/-2423 -348/-1398/-2422 
f -348/-1398/-2421 -349/-1399/-2420 -1712/-1496/-2419 
f -1711/-1495/-2418 -1714/-1498/-2417 -351/-1401/-2416 
f -351/-1401/-2415 -348/-1398/-2414 -1711/-1495/-2413 
f -1685/-1466/-2412 -1684/-1465/-2411 -346/-1408/-2410 
f -346/-1408/-2409 -347/-1407/-2408 -1685/-1466/-2407 
f -1684/-1465/-2406 -1735/-1464/-2405 -353/-1409/-2404 
f -353/-1409/-2403 -346/-1408/-2402 -1684/-1465/-2401 
f -1735/-1464/-2400 -1683/-1463/-2399 -345/-1406/-2398 
f -345/-1406/-2397 -353/-1409/-2396 -1735/-1464/-2395 
f -1683/-1463/-2394 -1685/-1466/-2393 -347/-1407/-2392 
f -347/-1407/-2391 -345/-1406/-2390 -1683/-1463/-2389 
f -1682/-1462/-2388 -1681/-1461/-2387 -343/-1404/-2386 
f -343/-1404/-2385 -344/-1403/-2384 -1682/-1462/-2383 
f -1681/-1461/-2382 -1732/-1514/-2381 -352/-1405/-2380 
f -352/-1405/-2379 -343/-1404/-2378 -1681/-1461/-2377 
f -1732/-1514/-2376 -1680/-1460/-2375 -342/-1402/-2374 
f -342/-1402/-2373 -352/-1405/-2372 -1732/-1514/-2371 
f -1680/-1460/-2370 -1682/-1462/-2369 -344/-1403/-2368 
f -344/-1403/-2367 -342/-1402/-2366 -1680/-1460/-2365 
f -1669/-1443/-2364 -1668/-1442/-2363 -340/-1396/-2362 
f -340/-1396/-2361 -341/-1397/-2360 -1669/-1443/-2359 
f -1666/-1440/-2358 -1669/-1443/-2357 -341/-1397/-2356 
f -341/-1397/-2355 -338/-1395/-2354 -1666/-1440/-2353 
f -1667/-1441/-2352 -1666/-1440/-2351 -338/-1395/-2350 
f -338/-1395/-2349 -339/-1394/-2348 -1667/-1441/-2347 
f -1668/-1442/-2346 -1667/-1441/-2345 -339/-1394/-2344 
f -339/-1394/-2343 -340/-1396/-2342 -1668/-1442/-2341 
f -1688/-1426/-2340 -1687/-1425/-2339 -334/-1390/-2338 
f -334/-1390/-2337 -335/-1391/-2336 -1688/-1426/-2335 
f -1687/-1425/-2334 -1686/-1427/-2333 -336/-1392/-2332 
f -336/-1392/-2331 -334/-1390/-2330 -1687/-1425/-2329 
f -1686/-1427/-2328 -1689/-1428/-2327 -337/-1393/-2326 
f -337/-1393/-2325 -336/-1392/-2324 -1686/-1427/-2323 
f -1689/-1428/-2322 -1688/-1426/-2321 -335/-1391/-2320 
f -335/-1391/-2319 -337/-1393/-2318 -1689/-1428/-2317 
f -1679/-1459/-2316 -1678/-1458/-2315 -332/-1388/-2314 
f -332/-1388/-2313 -333/-1389/-2312 -1679/-1459/-2311 
f -1676/-1454/-2310 -1679/-1459/-2309 -333/-1389/-2308 
f -333/-1389/-2307 -330/-1387/-2306 -1676/-1454/-2305 
f -1677/-1456/-2304 -1676/-1455/-2303 -330/-1385/-2302 
f -330/-1385/-2301 -331/-1384/-2300 -1677/-1456/-2299 
f -1678/-1457/-2298 -1677/-1456/-2297 -331/-1384/-2296 
f -331/-1384/-2295 -332/-1386/-2294 -1678/-1457/-2293 
usemtl xxx
f -328/-1375/-2292 -1568/-2836/-2291 -1578/-2863/-2290 
f -329/-1381/-2289 -328/-1374/-2288 -1544/-1373/-2287 
f -328/-1376/-2286 -1563/-2828/-2285 -1568/-2836/-2284 
f -328/-1374/-2283 -1578/-2863/-2282 -1605/-2866/-2281 
f -1605/-2866/-2280 -1544/-1373/-2279 -328/-1374/-2278 
f -327/-1369/-2277 -329/-1381/-2276 -322/-1344/-2275 
f -323/-1348/-2274 -326/-1368/-2273 -327/-1369/-2272 
f -322/-1344/-2271 -323/-1345/-2270 -327/-1369/-2269 
f -1544/-1373/-2268 -322/-1344/-2267 -329/-1381/-2266 
f -320/-1329/-2265 -1610/-2934/-2264 -1627/-2866/-2263 
f -320/-1327/-2262 -1627/-2934/-2261 -1628/-2935/-2260 
f -1628/-2935/-2259 -1572/-2852/-2258 -320/-1326/-2257 
f -320/-1326/-2256 -1572/-2852/-2255 -318/-1325/-2254 
f -1573/-2853/-2253 -1574/-2855/-2252 -318/-1325/-2251 
f -318/-1324/-2250 -1574/-2855/-2249 -1554/-2818/-2248 
f -320/-1326/-2247 -318/-1325/-2246 -319/-1317/-2245 
f -319/-1317/-2244 -318/-1325/-2243 -317/-1316/-2242 
f -316/-1310/-2241 -315/-1305/-2240 -1598/-1311/-2239 
f -319/-1317/-2238 -316/-1310/-2237 -1598/-1311/-2236 
f -315/-1305/-2235 -1590/-1300/-2234 -1597/-1306/-2233 
f -1598/-1311/-2232 -315/-1305/-2231 -1597/-1306/-2230 
f -313/-1294/-2229 -1745/-2854/-2228 -1753/-2935/-2227 
f -314/-1297/-2226 -313/-1293/-2225 -1590/-1300/-2224 
f -312/-1292/-2223 -1753/-2935/-2222 -1752/-2934/-2221 
f -313/-1295/-2220 -1742/-2817/-2219 -1745/-2854/-2218 
f -313/-1293/-2217 -312/-1292/-2216 -1590/-1300/-2215 
f -313/-1293/-2214 -1753/-2935/-2213 -312/-1292/-2212 
f -312/-1291/-2211 -1752/-2934/-2210 -1747/-2845/-2209 
usemtl apt1_roof
f -1581/-1287/-2208 -1583/-1288/-2207 -1584/-1289/-2206 
f -1584/-1289/-2205 -326/-1286/-2204 -1581/-1287/-2203 
f -326/-1286/-2202 -311/-1285/-2201 -1581/-1287/-2200 
f -326/-1286/-2199 -310/-1283/-2198 -311/-1285/-2197 
f -326/-1286/-2196 -323/-1284/-2195 -310/-1283/-2194 
usemtl apt1_wall01
f -972/-1277/-2193 -973/-1278/-2192 -1578/-1280/-2191 
f -972/-1277/-2190 -1578/-1280/-2189 -1569/-1279/-2188 
f -969/-1274/-2187 -972/-1277/-2186 -1569/-1279/-2185 
f -968/-1273/-2184 -969/-1274/-2183 -1569/-1279/-2182 
f -968/-1273/-2181 -1569/-1279/-2180 -1604/-1281/-2179 
f -1604/-1281/-2178 -967/-1272/-2177 -968/-1273/-2176 
f -973/-1278/-2175 -970/-1275/-2174 -1605/-1282/-2173 
f -1605/-1282/-2172 -1578/-1280/-2171 -973/-1278/-2170 
f -971/-1276/-2169 -1604/-1281/-2168 -1605/-1282/-2167 
f -1605/-1282/-2166 -970/-1275/-2165 -971/-1276/-2164 
f -966/-1271/-2163 -967/-1272/-2162 -1604/-1281/-2161 
f -1604/-1281/-2160 -971/-1276/-2159 -966/-1271/-2158 
usemtl apt1_wall02
f -1414/-1264/-2157 -1550/-1266/-2156 -1413/-1263/-2155 
f -1413/-1263/-2154 -1412/-1262/-2153 -1414/-1264/-2152 
f -1414/-1264/-2151 -1411/-1261/-2150 -1550/-1266/-2149 
f -1410/-1260/-2148 -1568/-1270/-2147 -1563/-1268/-2146 
f -1563/-1268/-2145 -1409/-1259/-2144 -1410/-1260/-2143 
f -1410/-1260/-2142 -1408/-1258/-2141 -1568/-1270/-2140 
f -1408/-1258/-2139 -1407/-1257/-2138 -1568/-1270/-2137 
f -1407/-1257/-2136 -1406/-1256/-2135 -1568/-1270/-2134 
f -1406/-1256/-2133 -1405/-1255/-2132 -1568/-1270/-2131 
f -1405/-1255/-2130 -1404/-1254/-2129 -1568/-1270/-2128 
f -1404/-1254/-2127 -1403/-1253/-2126 -1568/-1270/-2125 
f -1403/-1253/-2124 -1402/-1252/-2123 -1568/-1270/-2122 
f -1402/-1252/-2121 -1401/-1251/-2120 -1568/-1270/-2119 
f -1400/-1250/-2118 -1399/-1249/-2117 -1567/-1269/-2116 
f -1399/-1249/-2115 -1398/-1248/-2114 -1567/-1269/-2113 
f -1398/-1248/-2112 -1397/-1247/-2111 -1567/-1269/-2110 
f -1397/-1247/-2109 -1396/-1246/-2108 -1567/-1269/-2107 
f -1396/-1246/-2106 -1395/-1245/-2105 -1567/-1269/-2104 
f -1395/-1245/-2103 -1394/-1244/-2102 -1567/-1269/-2101 
f -1393/-1243/-2100 -1413/-1263/-2099 -1567/-1269/-2098 
f -1567/-1269/-2097 -1394/-1244/-2096 -1393/-1243/-2095 
f -1393/-1243/-2094 -1412/-1262/-2093 -1413/-1263/-2092 
usemtl apt1_krohv_kollane
f -1409/-1259/-2091 -1563/-1268/-2090 -1553/-1267/-2089 
f -1540/-1265/-2088 -1409/-1259/-2087 -1553/-1267/-2086 
f -1540/-1265/-2085 -1553/-1267/-2084 -1550/-1266/-2083 
f -1411/-1261/-2082 -1540/-1265/-2081 -1550/-1266/-2080 
usemtl apt1_wall02
f -1568/-1270/-2079 -1401/-1251/-2078 -1400/-1250/-2077 
f -1400/-1250/-2076 -1567/-1269/-2075 -1568/-1270/-2074 
usemtl apteegi1_sepis02
s 1
f -308/-1241/-2073 -307/-1240/-2072 -309/-1242/-2071 
usemtl apteegi1_aknad_taga01
s off
f -304/-1239/-2070 -303/-1238/-2069 -306/-1237/-2068 
f -306/-1237/-2067 -305/-1236/-2066 -304/-1239/-2065 
f -302/-1235/-2064 -300/-1234/-2063 -299/-1233/-2062 
f -301/-1232/-2061 -300/-1234/-2060 -302/-1235/-2059 
usemtl apt1_krohv_kollane
f -717/-1229/-2058 -720/-1230/-2057 -296/-1227/-2056 
f -720/-1230/-2055 -295/-1226/-2054 -296/-1227/-2053 
f -720/-1230/-2052 -298/-1231/-2051 -295/-1226/-2050 
f -298/-1231/-2049 -294/-1225/-2048 -295/-1226/-2047 
f -290/-1219/-2046 -293/-1224/-2045 -289/-1215/-2044 
f -297/-1228/-2043 -717/-1229/-2042 -293/-1224/-2041 
f -294/-1225/-2040 -289/-1218/-2039 -293/-1223/-2038 
f -293/-1224/-2037 -717/-1229/-2036 -292/-1221/-2035 
f -296/-1227/-2034 -291/-1220/-2033 -717/-1229/-2032 
f -292/-1221/-2031 -717/-1229/-2030 -291/-1220/-2029 
f -297/-1228/-2028 -293/-1224/-2027 -290/-1219/-2026 
f -294/-1225/-2025 -298/-1231/-2024 -289/-1218/-2023 
f -298/-1231/-2022 -297/-1228/-2021 -288/-1217/-2020 
f -297/-1228/-2019 -287/-1216/-2018 -288/-1217/-2017 
f -297/-1228/-2016 -290/-1219/-2015 -287/-1216/-2014 
f -289/-1210/-2013 -298/-1231/-2012 -288/-1209/-2011 
f -296/-1208/-2010 -293/-1205/-2009 -291/-1203/-2008 
f -292/-1204/-2007 -291/-1203/-2006 -293/-1205/-2005 
f -293/-1205/-2004 -296/-1208/-2003 -306/-1197/-2002 
f -306/-1197/-2001 -303/-1196/-2000 -293/-1205/-1999 
f -294/-1206/-1998 -293/-1205/-1997 -303/-1196/-1996 
f -303/-1196/-1995 -304/-1195/-1994 -294/-1206/-1993 
f -296/-1208/-1992 -295/-1207/-1991 -305/-1194/-1990 
f -305/-1194/-1989 -306/-1197/-1988 -296/-1208/-1987 
f -295/-1207/-1986 -294/-1206/-1985 -304/-1195/-1984 
f -304/-1195/-1983 -305/-1194/-1982 -295/-1207/-1981 
f -288/-1201/-1980 -287/-1200/-1979 -299/-1190/-1978 
f -299/-1190/-1977 -300/-1192/-1976 -288/-1201/-1975 
f -287/-1200/-1974 -290/-1202/-1973 -302/-1193/-1972 
f -302/-1193/-1971 -299/-1190/-1970 -287/-1200/-1969 
f -289/-1199/-1968 -288/-1198/-1967 -300/-1191/-1966 
f -300/-1191/-1965 -301/-1189/-1964 -289/-1199/-1963 
f -290/-1202/-1962 -289/-1199/-1961 -301/-1189/-1960 
f -301/-1189/-1959 -302/-1193/-1958 -290/-1202/-1957 
usemtl apteegi1_aknad_taga
f -362/-1188/-1956 -361/-1187/-1955 -359/-1186/-1954 
f -361/-1187/-1953 -362/-1188/-1952 -357/-1185/-1951 
f -359/-1186/-1950 -361/-1187/-1949 -355/-1184/-1948 
f -358/-1183/-1947 -362/-1188/-1946 -359/-1186/-1945 
f -361/-1187/-1944 -356/-1182/-1943 -355/-1184/-1942 
f -360/-1181/-1941 -355/-1184/-1940 -356/-1182/-1939 
f -363/-1180/-1938 -358/-1183/-1937 -359/-1186/-1936 
f -359/-1186/-1935 -354/-1179/-1934 -363/-1180/-1933 
f -351/-1178/-1932 -350/-1177/-1931 -349/-1176/-1930 
f -349/-1176/-1929 -348/-1175/-1928 -351/-1178/-1927 
f -347/-1174/-1926 -346/-1173/-1925 -353/-1172/-1924 
f -353/-1172/-1923 -345/-1171/-1922 -347/-1174/-1921 
f -344/-1170/-1920 -343/-1169/-1919 -352/-1168/-1918 
f -344/-1170/-1917 -352/-1168/-1916 -342/-1167/-1915 
f -333/-1166/-1914 -332/-1165/-1913 -330/-1164/-1912 
f -331/-1163/-1911 -330/-1164/-1910 -332/-1165/-1909 
f -341/-1162/-1908 -340/-1161/-1907 -338/-1160/-1906 
f -339/-1159/-1905 -338/-1160/-1904 -340/-1161/-1903 
f -335/-1158/-1902 -334/-1157/-1901 -336/-1156/-1900 
f -336/-1156/-1899 -337/-1155/-1898 -335/-1158/-1897 
f -580/-1146/-1896 -581/-1141/-1895 -286/-1091/-1894 
f -286/-1091/-1893 -285/-1090/-1892 -580/-1146/-1891 
f -579/-1154/-1890 -578/-1153/-1889 -284/-1152/-1888 
f -579/-1154/-1887 -284/-1152/-1886 -286/-1151/-1885 
f -581/-1150/-1884 -579/-1154/-1883 -286/-1151/-1882 
f -578/-1143/-1881 -577/-1139/-1880 -283/-1093/-1879 
f -283/-1093/-1878 -284/-1092/-1877 -578/-1143/-1876 
f -564/-1149/-1875 -565/-1148/-1874 -282/-1147/-1873 
f -282/-1147/-1872 -281/-1145/-1871 -564/-1149/-1870 
f -563/-1144/-1869 -562/-1142/-1868 -280/-1140/-1867 
f -563/-1144/-1866 -280/-1140/-1865 -282/-1138/-1864 
f -565/-1137/-1863 -563/-1144/-1862 -282/-1138/-1861 
f -562/-1136/-1860 -561/-1135/-1859 -279/-1134/-1858 
f -279/-1134/-1857 -280/-1133/-1856 -562/-1136/-1855 
f -548/-1132/-1854 -549/-1131/-1853 -278/-1130/-1852 
f -278/-1130/-1851 -277/-1128/-1850 -548/-1132/-1849 
f -547/-1129/-1848 -546/-1127/-1847 -276/-1124/-1846 
f -547/-1129/-1845 -276/-1124/-1844 -278/-1123/-1843 
f -549/-1089/-1842 -547/-1129/-1841 -278/-1123/-1840 
f -546/-1126/-1839 -545/-1125/-1838 -275/-1122/-1837 
f -275/-1122/-1836 -276/-1121/-1835 -546/-1126/-1834 
f -532/-1119/-1833 -533/-1114/-1832 -274/-1088/-1831 
f -274/-1088/-1830 -273/-1087/-1829 -532/-1119/-1828 
f -531/-1120/-1827 -530/-1118/-1826 -272/-1115/-1825 
f -531/-1120/-1824 -272/-1115/-1823 -274/-1086/-1822 
f -533/-1085/-1821 -531/-1120/-1820 -274/-1086/-1819 
f -530/-1117/-1818 -529/-1116/-1817 -271/-1113/-1816 
f -271/-1113/-1815 -272/-1112/-1814 -530/-1117/-1813 
f -516/-1110/-1812 -517/-1105/-1811 -270/-1084/-1810 
f -270/-1084/-1809 -269/-1083/-1808 -516/-1110/-1807 
f -515/-1111/-1806 -514/-1109/-1805 -268/-1106/-1804 
f -515/-1111/-1803 -268/-1106/-1802 -270/-1082/-1801 
f -517/-1081/-1800 -515/-1111/-1799 -270/-1082/-1798 
f -514/-1108/-1797 -513/-1107/-1796 -267/-1104/-1795 
f -267/-1104/-1794 -268/-1103/-1793 -514/-1108/-1792 
f -500/-1098/-1791 -501/-1096/-1790 -266/-1080/-1789 
f -266/-1080/-1788 -265/-1079/-1787 -500/-1098/-1786 
f -499/-1100/-1785 -498/-1099/-1784 -264/-1097/-1783 
f -499/-1100/-1782 -264/-1097/-1781 -266/-1078/-1780 
f -501/-1077/-1779 -499/-1100/-1778 -266/-1078/-1777 
f -498/-1102/-1776 -497/-1101/-1775 -263/-1095/-1774 
f -263/-1095/-1773 -264/-1094/-1772 -498/-1102/-1771 
s 16
f -262/-1076/-1770 -260/-1074/-1769 -261/-1075/-1768 
f -260/-1074/-1767 -259/-1073/-1766 -261/-1075/-1765 
usemtl apt1_wall01
s off
f -1656/-1070/-1764 -256/-1069/-1763 -1657/-1068/-1762 
f -1657/-1068/-1761 -253/-1067/-1760 -1656/-1070/-1759 
f -258/-1066/-1758 -257/-1065/-1757 -1725/-1064/-1756 
f -1725/-1064/-1755 -1703/-1063/-1754 -258/-1066/-1753 
f -256/-1069/-1752 -258/-1066/-1751 -1703/-1063/-1750 
f -1703/-1063/-1749 -1657/-1068/-1748 -256/-1069/-1747 
f -255/-1044/-1746 -254/-1043/-1745 -1702/-1042/-1744 
f -1702/-1042/-1743 -1701/-1041/-1742 -255/-1044/-1741 
f -253/-1067/-1740 -255/-1044/-1739 -1701/-1041/-1738 
f -1701/-1041/-1737 -1656/-1070/-1736 -253/-1067/-1735 
f -254/-1043/-1734 -252/-1040/-1733 -1658/-1039/-1732 
f -1658/-1039/-1731 -1702/-1042/-1730 -254/-1043/-1729 
f -257/-1065/-1728 -251/-1034/-1727 -1655/-1033/-1726 
f -1655/-1033/-1725 -1725/-1064/-1724 -257/-1065/-1723 
f -1656/-1070/-1722 -1655/-1033/-1721 -251/-1034/-1720 
f -1657/-1068/-1719 -252/-1040/-1718 -253/-1067/-1717 
f -1656/-1070/-1716 -251/-1034/-1715 -256/-1069/-1714 
f -1657/-1068/-1713 -1658/-1039/-1712 -252/-1040/-1711 
f -248/-1021/-1710 -247/-1019/-1709 -1707/-1016/-1708 
f -1707/-1016/-1707 -1706/-1015/-1706 -248/-1021/-1705 
f -250/-1012/-1704 -248/-1021/-1703 -1706/-1015/-1702 
f -1706/-1015/-1701 -1653/-1011/-1700 -250/-1012/-1699 
f -246/-1010/-1698 -245/-1009/-1697 -1705/-1008/-1696 
f -1705/-1008/-1695 -1704/-1005/-1694 -246/-1010/-1693 
f -249/-1004/-1692 -246/-1010/-1691 -1704/-1005/-1690 
f -1704/-1005/-1689 -1654/-1003/-1688 -249/-1004/-1687 
f -245/-1009/-1686 -244/-1002/-1685 -1652/-1001/-1684 
f -1652/-1001/-1683 -1705/-1008/-1682 -245/-1009/-1681 
f -247/-1019/-1680 -243/-1000/-1679 -1651/-999/-1678 
f -1651/-999/-1677 -1707/-1016/-1676 -247/-1019/-1675 
f -1654/-1003/-1674 -1651/-999/-1673 -243/-1000/-1672 
f -1653/-1011/-1671 -244/-1002/-1670 -250/-1012/-1669 
f -1654/-1003/-1668 -243/-1000/-1667 -249/-1004/-1666 
f -1653/-1011/-1665 -1652/-1001/-1664 -244/-1002/-1663 
f -1650/-991/-1662 -242/-989/-1661 -1649/-988/-1660 
f -1649/-988/-1659 -241/-987/-1658 -1650/-991/-1657 
f -240/-986/-1656 -239/-985/-1655 -1710/-984/-1654 
f -1710/-984/-1653 -1709/-981/-1652 -240/-986/-1651 
f -242/-989/-1650 -240/-986/-1649 -1709/-981/-1648 
f -1709/-981/-1647 -1649/-988/-1646 -242/-989/-1645 
f -238/-980/-1644 -237/-979/-1643 -1731/-978/-1642 
f -1731/-978/-1641 -1708/-977/-1640 -238/-980/-1639 
f -241/-987/-1638 -238/-980/-1637 -1708/-977/-1636 
f -1708/-977/-1635 -1650/-991/-1634 -241/-987/-1633 
f -237/-979/-1632 -236/-974/-1631 -1648/-973/-1630 
f -1648/-973/-1629 -1731/-978/-1628 -237/-979/-1627 
f -239/-985/-1626 -235/-972/-1625 -1647/-971/-1624 
f -1647/-971/-1623 -1710/-984/-1622 -239/-985/-1621 
f -1650/-991/-1620 -1647/-971/-1619 -235/-972/-1618 
f -1649/-988/-1617 -236/-974/-1616 -241/-987/-1615 
f -1650/-991/-1614 -235/-972/-1613 -242/-989/-1612 
f -1649/-988/-1611 -1648/-973/-1610 -236/-974/-1609 
f -250/-1012/-1608 -244/-1002/-1607 -249/-1004/-1606 
f -249/-1004/-1605 -243/-1000/-1604 -250/-1012/-1603 
f -1646/-958/-1602 -234/-956/-1601 -1645/-955/-1600 
f -1645/-955/-1599 -233/-954/-1598 -1646/-958/-1597 
f -232/-953/-1596 -231/-952/-1595 -1693/-951/-1594 
f -1693/-951/-1593 -1692/-948/-1592 -232/-953/-1591 
f -234/-956/-1590 -232/-953/-1589 -1692/-948/-1588 
f -1692/-948/-1587 -1645/-955/-1586 -234/-956/-1585 
f -230/-945/-1584 -229/-944/-1583 -1691/-941/-1582 
f -1691/-941/-1581 -1690/-940/-1580 -230/-945/-1579 
f -233/-954/-1578 -230/-945/-1577 -1690/-940/-1576 
f -1690/-940/-1575 -1646/-958/-1574 -233/-954/-1573 
f -229/-944/-1572 -228/-937/-1571 -1644/-936/-1570 
f -1644/-936/-1569 -1691/-941/-1568 -229/-944/-1567 
f -231/-952/-1566 -227/-933/-1565 -1643/-932/-1564 
f -1643/-932/-1563 -1693/-951/-1562 -231/-952/-1561 
f -1646/-958/-1560 -1643/-932/-1559 -227/-933/-1558 
f -1645/-955/-1557 -228/-937/-1556 -233/-954/-1555 
f -1646/-958/-1554 -227/-933/-1553 -234/-956/-1552 
f -1645/-955/-1551 -1644/-936/-1550 -228/-937/-1549 
f -226/-927/-1548 -225/-926/-1547 -1697/-925/-1546 
f -1697/-925/-1545 -1696/-924/-1544 -226/-927/-1543 
f -224/-921/-1542 -226/-927/-1541 -1696/-924/-1540 
f -1696/-924/-1539 -1642/-920/-1538 -224/-921/-1537 
f -223/-919/-1536 -222/-918/-1535 -1695/-917/-1534 
f -1695/-917/-1533 -1694/-916/-1532 -223/-919/-1531 
f -221/-913/-1530 -223/-919/-1529 -1694/-916/-1528 
f -1694/-916/-1527 -1641/-912/-1526 -221/-913/-1525 
f -222/-918/-1524 -220/-909/-1523 -1640/-908/-1522 
f -1640/-908/-1521 -1695/-917/-1520 -222/-918/-1519 
f -225/-926/-1518 -219/-905/-1517 -1639/-904/-1516 
f -1639/-904/-1515 -1697/-925/-1514 -225/-926/-1513 
f -1641/-912/-1512 -1639/-904/-1511 -219/-905/-1510 
f -1642/-920/-1509 -220/-909/-1508 -224/-921/-1507 
f -1641/-912/-1506 -219/-905/-1505 -221/-913/-1504 
f -1642/-920/-1503 -1640/-908/-1502 -220/-909/-1501 
f -1638/-897/-1500 -218/-895/-1499 -1637/-894/-1498 
f -1637/-894/-1497 -217/-893/-1496 -1638/-897/-1495 
f -216/-892/-1494 -215/-891/-1493 -1700/-890/-1492 
f -1700/-890/-1491 -1733/-887/-1490 -216/-892/-1489 
f -218/-895/-1488 -216/-892/-1487 -1733/-887/-1486 
f -1733/-887/-1485 -1637/-894/-1484 -218/-895/-1483 
f -214/-884/-1482 -213/-883/-1481 -1699/-880/-1480 
f -1699/-880/-1479 -1698/-879/-1478 -214/-884/-1477 
f -217/-893/-1476 -214/-884/-1475 -1698/-879/-1474 
f -1698/-879/-1473 -1638/-897/-1472 -217/-893/-1471 
f -213/-883/-1470 -212/-876/-1469 -1636/-875/-1468 
f -1636/-875/-1467 -1699/-880/-1466 -213/-883/-1465 
f -215/-891/-1464 -211/-872/-1463 -1635/-871/-1462 
f -1635/-871/-1461 -1700/-890/-1460 -215/-891/-1459 
f -1638/-897/-1458 -1635/-871/-1457 -211/-872/-1456 
f -1637/-894/-1455 -212/-876/-1454 -217/-893/-1453 
f -1638/-897/-1452 -211/-872/-1451 -218/-895/-1450 
f -1637/-894/-1449 -1636/-875/-1448 -212/-876/-1447 
f -224/-921/-1446 -220/-909/-1445 -221/-913/-1444 
f -221/-913/-1443 -219/-905/-1442 -224/-921/-1441 
f -210/-1071/-1440 -209/-1054/-1439 -1726/-1053/-1438 
f -1726/-1053/-1437 -1671/-1052/-1436 -210/-1071/-1435 
f -208/-1059/-1434 -207/-1058/-1433 -1673/-1057/-1432 
f -1673/-1057/-1431 -1675/-1056/-1430 -208/-1059/-1429 
f -207/-1058/-1428 -206/-1055/-1427 -1674/-1049/-1426 
f -1674/-1049/-1425 -1673/-1057/-1424 -207/-1058/-1423 
f -209/-1054/-1422 -205/-1051/-1421 -1672/-1050/-1420 
f -1672/-1050/-1419 -1726/-1053/-1418 -209/-1054/-1417 
f -204/-1048/-1416 -210/-1071/-1415 -1671/-1052/-1414 
f -1671/-1052/-1413 -1670/-1047/-1412 -204/-1048/-1411 
f -203/-1046/-1410 -208/-1059/-1409 -1675/-1056/-1408 
f -1675/-1056/-1407 -1728/-1045/-1406 -203/-1046/-1405 
f -205/-1051/-1404 -204/-1048/-1403 -1670/-1047/-1402 
f -1670/-1047/-1401 -1672/-1050/-1400 -205/-1051/-1399 
f -206/-1055/-1398 -203/-1046/-1397 -1728/-1045/-1396 
f -1728/-1045/-1395 -1674/-1049/-1394 -206/-1055/-1393 
f -1634/-848/-1392 -202/-845/-1391 -201/-843/-1390 
f -201/-843/-1389 -200/-842/-1388 -1634/-848/-1387 
f -187/-839/-1386 -199/-838/-1385 -1664/-837/-1384 
f -187/-839/-1383 -201/-843/-1382 -202/-845/-1381 
f -197/-836/-1380 -196/-835/-1379 -1730/-832/-1378 
f -1730/-832/-1377 -1663/-831/-1376 -197/-836/-1375 
f -200/-842/-1374 -197/-836/-1373 -1663/-831/-1372 
f -1663/-831/-1371 -1634/-848/-1370 -200/-842/-1369 
f -196/-835/-1368 -195/-827/-1367 -194/-824/-1366 
f -188/-823/-1365 -1730/-832/-1364 -196/-835/-1363 
f -198/-822/-1362 -193/-818/-1361 -1633/-816/-1360 
f -1633/-816/-1359 -1665/-813/-1358 -198/-822/-1357 
f -1634/-848/-1356 -1633/-816/-1355 -193/-818/-1354 
f -201/-843/-1353 -195/-827/-1352 -200/-842/-1351 
f -1634/-848/-1350 -193/-818/-1349 -202/-845/-1348 
f -201/-843/-1347 -194/-824/-1346 -195/-827/-1345 
f -194/-824/-1344 -192/-810/-1343 -1632/-809/-1342 
f -192/-810/-1341 -191/-801/-1340 -1664/-837/-1339 
f -1664/-837/-1338 -1632/-809/-1337 -192/-810/-1336 
f -190/-799/-1335 -189/-581/-1334 -1631/-580/-1333 
f -1631/-580/-1332 -1730/-832/-1331 -190/-799/-1330 
f -1632/-809/-1329 -189/-581/-1328 -194/-824/-1327 
f -194/-824/-1326 -201/-843/-1325 -192/-810/-1324 
f -1632/-809/-1323 -1631/-580/-1322 -189/-581/-1321 
f -199/-838/-1320 -198/-822/-1319 -1665/-813/-1318 
f -1665/-813/-1317 -1664/-837/-1316 -199/-838/-1315 
f -194/-824/-1314 -188/-823/-1313 -196/-835/-1312 
f -1730/-832/-1311 -188/-823/-1310 -190/-799/-1309 
f -1664/-837/-1308 -191/-801/-1307 -187/-839/-1306 
f -202/-845/-1305 -199/-838/-1304 -187/-839/-1303 
f -1630/-798/-1302 -186/-795/-1301 -185/-794/-1300 
f -185/-794/-1299 -184/-792/-1298 -1630/-798/-1297 
f -183/-789/-1296 -182/-788/-1295 -1661/-787/-1294 
f -183/-789/-1293 -185/-794/-1292 -186/-795/-1291 
f -181/-786/-1290 -180/-783/-1289 -1660/-782/-1288 
f -1660/-782/-1287 -1659/-777/-1286 -181/-786/-1285 
f -184/-792/-1284 -181/-786/-1283 -1659/-777/-1282 
f -1659/-777/-1281 -1630/-798/-1280 -184/-792/-1279 
f -180/-783/-1278 -179/-774/-1277 -178/-773/-1276 
f -177/-772/-1275 -1660/-782/-1274 -180/-783/-1273 
f -176/-768/-1272 -175/-766/-1271 -1629/-763/-1270 
f -1629/-763/-1269 -1662/-760/-1268 -176/-768/-1267 
f -1630/-798/-1266 -1629/-763/-1265 -175/-766/-1264 
f -185/-794/-1263 -179/-774/-1262 -184/-792/-1261 
f -1630/-798/-1260 -175/-766/-1259 -186/-795/-1258 
f -185/-794/-1257 -178/-773/-1256 -179/-774/-1255 
f -178/-773/-1254 -174/-759/-1253 -173/-755/-1252 
f -174/-759/-1251 -172/-754/-1250 -1661/-787/-1249 
f -1661/-787/-1248 -173/-755/-1247 -174/-759/-1246 
f -171/-753/-1245 -170/-752/-1244 -169/-750/-1243 
f -169/-750/-1242 -1660/-782/-1241 -171/-753/-1240 
f -173/-755/-1239 -170/-752/-1238 -178/-773/-1237 
f -178/-773/-1236 -185/-794/-1235 -174/-759/-1234 
f -173/-755/-1233 -169/-750/-1232 -170/-752/-1231 
f -182/-788/-1230 -176/-768/-1229 -1662/-760/-1228 
f -1662/-760/-1227 -1661/-787/-1226 -182/-788/-1225 
f -178/-773/-1224 -177/-772/-1223 -180/-783/-1222 
f -1660/-782/-1221 -177/-772/-1220 -171/-753/-1219 
f -1661/-787/-1218 -172/-754/-1217 -183/-789/-1216 
f -186/-795/-1215 -182/-788/-1214 -183/-789/-1213 
f -168/-1038/-1212 -167/-1037/-1211 -257/-748/-1210 
f -257/-748/-1209 -258/-747/-1208 -168/-1038/-1207 
f -166/-1036/-1206 -168/-1035/-1205 -258/-746/-1204 
f -258/-746/-1203 -256/-745/-1202 -166/-1036/-1201 
f -165/-744/-1200 -164/-743/-1199 -254/-565/-1198 
f -254/-565/-1197 -255/-564/-1196 -165/-744/-1195 
f -163/-1032/-1194 -165/-1031/-1193 -255/-742/-1192 
f -255/-742/-1191 -253/-741/-1190 -163/-1032/-1189 
f -164/-740/-1188 -162/-739/-1187 -252/-587/-1186 
f -252/-587/-1185 -254/-586/-1184 -164/-740/-1183 
f -167/-870/-1182 -161/-738/-1181 -251/-737/-1180 
f -251/-737/-1179 -257/-588/-1178 -167/-870/-1177 
f -162/-1025/-1176 -163/-1022/-1175 -253/-776/-1174 
f -253/-776/-1173 -252/-775/-1172 -162/-1025/-1171 
f -161/-1026/-1170 -166/-1023/-1169 -256/-734/-1168 
f -256/-734/-1167 -251/-733/-1166 -161/-1026/-1165 
f -160/-1018/-1164 -159/-1017/-1163 -247/-732/-1162 
f -247/-732/-1161 -248/-731/-1160 -160/-1018/-1159 
f -158/-1014/-1158 -160/-1013/-1157 -248/-730/-1156 
f -248/-730/-1155 -250/-729/-1154 -158/-1014/-1153 
f -157/-728/-1152 -156/-727/-1151 -245/-562/-1150 
f -245/-562/-1149 -246/-561/-1148 -157/-728/-1147 
f -155/-1007/-1146 -157/-1006/-1145 -246/-726/-1144 
f -246/-726/-1143 -249/-725/-1142 -155/-1007/-1141 
f -156/-724/-1140 -154/-723/-1139 -244/-577/-1138 
f -244/-577/-1137 -245/-576/-1136 -156/-724/-1135 
f -159/-722/-1134 -153/-721/-1133 -243/-579/-1132 
f -243/-579/-1131 -247/-578/-1130 -159/-722/-1129 
f -152/-720/-1128 -151/-719/-1127 -239/-689/-1126 
f -239/-689/-1125 -240/-563/-1124 -152/-720/-1123 
f -150/-983/-1122 -152/-982/-1121 -240/-718/-1120 
f -240/-718/-1119 -242/-717/-1118 -150/-983/-1117 
f -149/-716/-1116 -148/-715/-1115 -237/-674/-1114 
f -237/-674/-1113 -238/-673/-1112 -149/-716/-1111 
f -147/-976/-1110 -149/-975/-1109 -238/-714/-1108 
f -238/-714/-1107 -241/-713/-1106 -147/-976/-1105 
f -148/-712/-1104 -146/-711/-1103 -236/-569/-1102 
f -236/-569/-1101 -237/-568/-1100 -148/-712/-1099 
f -151/-710/-1098 -145/-709/-1097 -235/-571/-1096 
f -235/-571/-1095 -239/-570/-1094 -151/-710/-1093 
f -146/-962/-1092 -147/-961/-1091 -241/-708/-1090 
f -241/-708/-1089 -236/-707/-1088 -146/-962/-1087 
f -145/-990/-1086 -150/-963/-1085 -242/-706/-1084 
f -242/-706/-1083 -235/-705/-1082 -145/-990/-1081 
f -154/-993/-1080 -155/-992/-1079 -249/-704/-1078 
f -249/-704/-1077 -244/-703/-1076 -154/-993/-1075 
f -153/-1020/-1074 -158/-994/-1073 -250/-702/-1072 
f -250/-702/-1071 -243/-701/-1070 -153/-1020/-1069 
f -144/-700/-1068 -143/-699/-1067 -231/-575/-1066 
f -231/-575/-1065 -232/-574/-1064 -144/-700/-1063 
f -142/-950/-1062 -144/-949/-1061 -232/-698/-1060 
f -232/-698/-1059 -234/-697/-1058 -142/-950/-1057 
f -141/-947/-1056 -140/-946/-1055 -229/-757/-1054 
f -229/-757/-1053 -230/-696/-1052 -141/-947/-1051 
f -139/-943/-1050 -141/-942/-1049 -230/-694/-1048 
f -230/-694/-1047 -233/-693/-1046 -139/-943/-1045 
f -140/-939/-1044 -138/-938/-1043 -228/-692/-1042 
f -228/-692/-1041 -229/-691/-1040 -140/-939/-1039 
f -143/-935/-1038 -137/-934/-1037 -227/-931/-1036 
f -227/-931/-1035 -231/-690/-1034 -143/-935/-1033 
f -138/-929/-1032 -139/-928/-1031 -233/-688/-1030 
f -233/-688/-1029 -228/-687/-1028 -138/-929/-1027 
f -137/-957/-1026 -142/-930/-1025 -234/-686/-1024 
f -234/-686/-1023 -227/-685/-1022 -137/-957/-1021 
f -136/-684/-1020 -135/-683/-1019 -225/-567/-1018 
f -225/-567/-1017 -226/-566/-1016 -136/-684/-1015 
f -134/-923/-1014 -136/-922/-1013 -226/-682/-1012 
f -226/-682/-1011 -224/-681/-1010 -134/-923/-1009 
f -133/-680/-1008 -132/-679/-1007 -222/-573/-1006 
f -222/-573/-1005 -223/-572/-1004 -133/-680/-1003 
f -131/-915/-1002 -133/-914/-1001 -223/-678/-1000 
f -223/-678/-999 -221/-677/-998 -131/-915/-997 
f -132/-911/-996 -130/-910/-995 -220/-899/-994 
f -220/-899/-993 -222/-898/-992 -132/-911/-991 
f -135/-907/-990 -129/-906/-989 -219/-903/-988 
f -219/-903/-987 -225/-902/-986 -135/-907/-985 
f -128/-1072/-984 -127/-1062/-983 -215/-1061/-982 
f -215/-1061/-981 -216/-1060/-980 -128/-1072/-979 
f -126/-889/-978 -128/-888/-977 -216/-670/-976 
f -216/-670/-975 -218/-669/-974 -126/-889/-973 
f -125/-886/-972 -124/-885/-971 -213/-668/-970 
f -213/-668/-969 -214/-667/-968 -125/-886/-967 
f -123/-882/-966 -125/-881/-965 -214/-666/-964 
f -214/-666/-963 -217/-665/-962 -123/-882/-961 
f -124/-878/-960 -122/-877/-959 -212/-664/-958 
f -212/-664/-957 -213/-663/-956 -124/-878/-955 
f -127/-970/-954 -121/-969/-953 -211/-968/-952 
f -211/-968/-951 -215/-967/-950 -127/-970/-949 
f -122/-868/-948 -123/-867/-947 -217/-660/-946 
f -217/-660/-945 -212/-659/-944 -122/-868/-943 
f -121/-896/-942 -126/-869/-941 -218/-658/-940 
f -218/-658/-939 -211/-657/-938 -121/-896/-937 
f -130/-900/-936 -131/-866/-935 -221/-656/-934 
f -221/-656/-933 -220/-655/-932 -130/-900/-931 
f -129/-901/-930 -134/-865/-929 -224/-654/-928 
f -224/-654/-927 -219/-653/-926 -129/-901/-925 
f -120/-864/-924 -119/-863/-923 -209/-652/-922 
f -209/-652/-921 -210/-651/-920 -120/-864/-919 
f -118/-862/-918 -117/-861/-917 -207/-650/-916 
f -207/-650/-915 -208/-649/-914 -118/-862/-913 
f -117/-860/-912 -116/-859/-911 -206/-648/-910 
f -206/-648/-909 -207/-647/-908 -117/-860/-907 
f -119/-858/-906 -115/-857/-905 -205/-646/-904 
f -205/-646/-903 -209/-645/-902 -119/-858/-901 
f -114/-856/-900 -120/-855/-899 -210/-644/-898 
f -210/-644/-897 -204/-643/-896 -114/-856/-895 
f -113/-854/-894 -118/-853/-893 -208/-642/-892 
f -208/-642/-891 -203/-641/-890 -113/-854/-889 
f -115/-852/-888 -114/-851/-887 -204/-640/-886 
f -204/-640/-885 -205/-639/-884 -115/-852/-883 
f -116/-850/-882 -113/-849/-881 -203/-638/-880 
f -203/-638/-879 -206/-637/-878 -116/-850/-877 
f -112/-846/-876 -111/-635/-875 -201/-614/-874 
f -201/-614/-873 -187/-613/-872 -112/-846/-871 
f -110/-634/-870 -109/-633/-869 -196/-583/-868 
f -196/-583/-867 -197/-582/-866 -110/-634/-865 
f -108/-834/-864 -110/-833/-863 -197/-632/-862 
f -197/-632/-861 -200/-631/-860 -108/-834/-859 
f -109/-966/-858 -107/-965/-857 -195/-964/-856 
f -195/-964/-855 -196/-874/-854 -109/-966/-853 
f -106/-1030/-852 -105/-1029/-851 -193/-1028/-850 
f -193/-1028/-849 -198/-1027/-848 -106/-1030/-847 
f -107/-820/-846 -108/-819/-845 -200/-626/-844 
f -200/-626/-843 -195/-625/-842 -107/-820/-841 
f -105/-847/-840 -104/-821/-839 -202/-736/-838 
f -202/-736/-837 -193/-735/-836 -105/-847/-835 
f -103/-815/-834 -102/-814/-833 -191/-622/-832 
f -191/-622/-831 -192/-621/-830 -103/-815/-829 
f -101/-812/-828 -100/-811/-827 -189/-620/-826 
f -189/-620/-825 -190/-619/-824 -101/-812/-823 
f -100/-825/-822 -99/-807/-821 -194/-806/-820 
f -194/-806/-819 -189/-695/-818 -100/-825/-817 
f -111/-817/-816 -103/-808/-815 -192/-616/-814 
f -192/-616/-813 -201/-615/-812 -111/-817/-811 
f -98/-844/-810 -106/-805/-809 -198/-676/-808 
f -198/-676/-807 -199/-675/-806 -98/-844/-805 
f -99/-828/-804 -97/-662/-803 -188/-661/-802 
f -188/-661/-801 -194/-630/-800 -99/-828/-799 
f -97/-804/-798 -101/-802/-797 -190/-611/-796 
f -190/-611/-795 -188/-610/-794 -97/-804/-793 
f -102/-803/-792 -112/-800/-791 -187/-636/-790 
f -187/-636/-789 -191/-609/-788 -102/-803/-787 
f -104/-1024/-786 -98/-841/-785 -199/-840/-784 
f -199/-840/-783 -202/-826/-782 -104/-1024/-781 
f -96/-796/-780 -95/-607/-779 -185/-605/-778 
f -185/-605/-777 -183/-600/-776 -96/-796/-775 
f -94/-672/-774 -93/-671/-773 -180/-604/-772 
f -180/-604/-771 -181/-603/-770 -94/-672/-769 
f -92/-785/-768 -94/-784/-767 -181/-602/-766 
f -181/-602/-765 -184/-601/-764 -92/-785/-763 
f -93/-960/-762 -91/-959/-761 -179/-781/-760 
f -179/-781/-759 -180/-780/-758 -93/-960/-757 
f -90/-998/-756 -89/-997/-755 -175/-996/-754 
f -175/-996/-753 -176/-995/-752 -90/-998/-751 
f -91/-770/-750 -92/-769/-749 -184/-599/-748 
f -184/-599/-747 -179/-598/-746 -91/-770/-745 
f -89/-797/-744 -88/-771/-743 -186/-627/-742 
f -186/-627/-741 -175/-624/-740 -89/-797/-739 
f -87/-765/-738 -86/-764/-737 -172/-594/-736 
f -172/-594/-735 -174/-593/-734 -87/-765/-733 
f -85/-762/-732 -84/-761/-731 -170/-612/-730 
f -170/-612/-729 -171/-608/-728 -85/-762/-727 
f -84/-873/-726 -83/-830/-725 -178/-829/-724 
f -178/-829/-723 -170/-758/-722 -84/-873/-721 
f -95/-767/-720 -87/-756/-719 -174/-597/-718 
f -174/-597/-717 -185/-596/-716 -95/-767/-715 
f -82/-590/-714 -90/-589/-713 -176/-585/-712 
f -176/-585/-711 -182/-584/-710 -82/-590/-709 
f -83/-779/-708 -81/-623/-707 -177/-618/-706 
f -177/-618/-705 -178/-617/-704 -83/-779/-703 
f -81/-778/-702 -85/-751/-701 -171/-592/-700 
f -171/-592/-699 -177/-591/-698 -81/-778/-697 
f -86/-791/-696 -96/-749/-695 -183/-606/-694 
f -183/-606/-693 -172/-595/-692 -86/-791/-691 
f -88/-793/-690 -82/-790/-689 -182/-629/-688 
f -182/-629/-687 -186/-628/-686 -88/-793/-685 
usemtl apt1_roof
f -1591/-559/-684 -1592/-560/-683 -76/-551/-682 
f -1591/-559/-681 -76/-551/-680 -80/-558/-679 
f -1590/-550/-678 -1591/-559/-677 -80/-558/-676 
f -76/-551/-675 -77/-552/-674 -78/-553/-673 
f -78/-553/-672 -80/-558/-671 -76/-551/-670 
f -78/-553/-669 -77/-552/-668 -1587/-555/-667 
f -1587/-555/-666 -79/-556/-665 -78/-553/-664 
f -79/-556/-663 -1587/-555/-662 -1589/-557/-661 
f -77/-552/-660 -608/-554/-659 -1587/-555/-658 
f -312/-549/-657 -1591/-559/-656 -1590/-550/-655 
usemtl apt1_roof02
f -1596/-548/-654 -1597/-526/-653 -1590/-525/-652 
f -1590/-525/-651 -80/-545/-650 -1596/-548/-649 
f -1589/-544/-648 -1600/-543/-647 -1601/-542/-646 
f -79/-541/-645 -1589/-544/-644 -1601/-542/-643 
f -1594/-540/-642 -79/-541/-641 -1601/-542/-640 
f -1594/-540/-639 -1595/-539/-638 -78/-538/-637 
f -78/-538/-636 -79/-541/-635 -1594/-540/-634 
f -1595/-539/-633 -1596/-548/-632 -80/-545/-631 
f -80/-545/-630 -78/-538/-629 -1595/-539/-628 
usemtl apt1_krohv_kollane
f -298/-512/-627 -720/-511/-626 -719/-510/-625 
f -719/-510/-624 -718/-509/-623 -298/-512/-622 
usemtl apt1_roof
s 1
f -75/-490/-621 -74/-489/-620 -764/-488/-619 
f -764/-487/-618 -766/-486/-617 -75/-485/-616 
s off
f -73/-484/-615 -72/-483/-614 -364/-482/-613 
f -364/-481/-612 -1736/-480/-611 -73/-479/-610 
f -74/-478/-609 -75/-477/-608 -72/-476/-607 
f -72/-475/-606 -73/-474/-605 -74/-473/-604 
f -75/-472/-603 -766/-498/-602 -364/-471/-601 
f -364/-494/-600 -72/-491/-599 -75/-496/-598 
f -764/-470/-597 -74/-495/-596 -73/-469/-595 
f -73/-492/-594 -1736/-493/-593 -764/-497/-592 
usemtl apt1_krohv_kollane
f -1736/-466/-591 -364/-467/-590 -767/-468/-589 
f -767/-468/-588 -71/-465/-587 -1736/-466/-586 
f -596/-456/-585 -1739/-455/-584 -1741/-454/-583 
f -1741/-454/-582 -70/-453/-581 -596/-456/-580 
usemtl apteegi1_kat_hall
s 1
f -69/-398/-579 -68/-397/-578 -308/-391/-577 
f -69/-398/-576 -308/-391/-575 -307/-392/-574 
s 4
f -68/-397/-573 -67/-396/-572 -309/-390/-571 
f -68/-397/-570 -309/-390/-569 -308/-391/-568 
s 2
f -67/-396/-567 -66/-395/-566 -63/-389/-565 
f -67/-396/-564 -63/-389/-563 -309/-390/-562 
s 4
f -66/-395/-561 -65/-394/-560 -62/-388/-559 
f -66/-395/-558 -62/-388/-557 -63/-389/-556 
s 2
f -65/-394/-555 -64/-393/-554 -61/-387/-553 
f -65/-394/-552 -61/-387/-551 -62/-388/-550 
s 4
f -64/-393/-549 -69/-398/-548 -307/-392/-547 
f -64/-393/-546 -307/-392/-545 -61/-387/-544 
s 16
f -67/-396/-543 -65/-394/-542 -66/-395/-541 
f -68/-397/-540 -65/-394/-539 -67/-396/-538 
f -68/-397/-537 -64/-393/-536 -65/-394/-535 
f -69/-398/-534 -64/-393/-533 -68/-397/-532 
f -309/-390/-531 -63/-389/-530 -62/-388/-529 
f -308/-391/-528 -309/-390/-527 -62/-388/-526 
f -308/-391/-525 -62/-388/-524 -61/-387/-523 
f -307/-392/-522 -308/-391/-521 -61/-387/-520 
s 1
f -60/-386/-519 -59/-385/-518 -53/-379/-517 
f -60/-386/-516 -53/-379/-515 -54/-380/-514 
s 4
f -59/-385/-513 -58/-384/-512 -52/-378/-511 
f -59/-385/-510 -52/-378/-509 -53/-379/-508 
s 2
f -58/-384/-507 -57/-383/-506 -51/-377/-505 
f -58/-384/-504 -51/-377/-503 -52/-378/-502 
s 4
f -57/-383/-501 -56/-382/-500 -50/-376/-499 
f -57/-383/-498 -50/-376/-497 -51/-377/-496 
s 2
f -56/-382/-495 -55/-381/-494 -49/-375/-493 
f -56/-382/-492 -49/-375/-491 -50/-376/-490 
s 4
f -55/-381/-489 -60/-386/-488 -54/-380/-487 
f -55/-381/-486 -54/-380/-485 -49/-375/-484 
s 16
f -58/-384/-483 -56/-382/-482 -57/-383/-481 
f -59/-385/-480 -56/-382/-479 -58/-384/-478 
f -59/-385/-477 -55/-381/-476 -56/-382/-475 
f -60/-386/-474 -55/-381/-473 -59/-385/-472 
f -52/-378/-471 -51/-377/-470 -50/-376/-469 
f -53/-379/-468 -52/-378/-467 -50/-376/-466 
f -53/-379/-465 -50/-376/-464 -49/-375/-463 
f -54/-380/-462 -53/-379/-461 -49/-375/-460 
usemtl apt1_win01
s off
f -167/-354/-459 -168/-353/-458 -161/-352/-457 
f -168/-353/-456 -166/-351/-455 -161/-352/-454 
f -162/-350/-453 -164/-349/-452 -165/-348/-451 
f -163/-347/-450 -162/-350/-449 -165/-348/-448 
f -159/-346/-447 -160/-345/-446 -153/-344/-445 
f -160/-345/-444 -158/-343/-443 -153/-344/-442 
f -154/-342/-441 -156/-341/-440 -157/-340/-439 
f -151/-338/-438 -152/-337/-437 -145/-336/-436 
f -152/-337/-435 -150/-335/-434 -145/-336/-433 
f -146/-334/-432 -148/-333/-431 -149/-332/-430 
f -147/-331/-429 -146/-334/-428 -149/-332/-427 
f -155/-339/-426 -154/-342/-425 -157/-340/-424 
f -143/-330/-423 -144/-329/-422 -137/-328/-421 
f -144/-329/-420 -142/-327/-419 -137/-328/-418 
f -138/-326/-417 -140/-325/-416 -141/-324/-415 
f -139/-323/-414 -138/-326/-413 -141/-324/-412 
f -135/-322/-411 -136/-321/-410 -129/-320/-409 
f -136/-321/-408 -134/-319/-407 -129/-320/-406 
f -130/-358/-405 -132/-357/-404 -133/-356/-403 
f -127/-318/-402 -128/-317/-401 -121/-316/-400 
f -128/-317/-399 -126/-315/-398 -121/-316/-397 
f -122/-314/-396 -124/-313/-395 -125/-312/-394 
f -123/-311/-393 -122/-314/-392 -125/-312/-391 
f -131/-355/-390 -130/-358/-389 -133/-356/-388 
usemtl apt1_win02
f -119/-310/-387 -120/-309/-386 -114/-308/-385 
f -115/-307/-384 -119/-310/-383 -114/-308/-382 
f -118/-306/-381 -113/-305/-380 -117/-304/-379 
f -113/-305/-378 -116/-303/-377 -117/-304/-376 
usemtl apt1_win01
f -107/-302/-375 -109/-301/-374 -110/-300/-373 
f -108/-299/-372 -107/-302/-371 -110/-300/-370 
usemtl apt1_win02
f -102/-370/-369 -103/-369/-368 -111/-368/-367 
f -100/-374/-366 -101/-373/-365 -97/-372/-364 
f -99/-371/-363 -100/-374/-362 -97/-372/-361 
usemtl apt1_win01
f -106/-298/-360 -98/-297/-359 -105/-296/-358 
usemtl apt1_win02
f -112/-367/-357 -102/-370/-356 -111/-368/-355 
usemtl apt1_win01
f -98/-297/-354 -104/-295/-353 -105/-296/-352 
f -91/-294/-351 -93/-293/-350 -94/-292/-349 
f -92/-291/-348 -91/-294/-347 -94/-292/-346 
usemtl apt1_win02
f -86/-366/-345 -87/-365/-344 -95/-364/-343 
f -84/-362/-342 -85/-361/-341 -81/-360/-340 
f -83/-359/-339 -84/-362/-338 -81/-360/-337 
usemtl apt1_win01
f -90/-290/-336 -82/-289/-335 -89/-288/-334 
usemtl apt1_win02
f -96/-363/-333 -86/-366/-332 -95/-364/-331 
usemtl apt1_win01
f -82/-289/-330 -88/-287/-329 -89/-288/-328 
usemtl apteegi1_sepis01
s 1
f -53/-286/-327 -54/-285/-326 -52/-284/-325 
s 2
f -48/-282/-324 -47/-280/-323 -58/-279/-322 
f -58/-279/-321 -52/-278/-320 -48/-282/-319 
s 4
f -46/-283/-318 -45/-281/-317 -54/-277/-316 
f -54/-277/-315 -60/-276/-314 -46/-283/-313 
usemtl apteegi1_kivi
f -43/-257/-312 -42/-256/-311 -38/-255/-310 
f -43/-254/-309 -38/-253/-308 -39/-252/-307 
s 2
f -42/-251/-306 -41/-250/-305 -37/-249/-304 
s 4
f -41/-248/-303 -44/-247/-302 -40/-246/-301 
f -41/-245/-300 -40/-244/-299 -37/-243/-298 
s 16
f -42/-242/-297 -44/-241/-296 -41/-272/-295 
f -43/-240/-294 -44/-239/-293 -42/-238/-292 
f -261/-237/-291 -259/-236/-290 -40/-235/-289 
s off
f -44/-234/-288 -43/-233/-287 -35/-232/-286 
f -35/-231/-285 -36/-230/-284 -44/-229/-283 
f -43/-228/-282 -39/-227/-281 -33/-226/-280 
f -33/-225/-279 -35/-266/-278 -43/-274/-277 
f -34/-224/-276 -33/-223/-275 -31/-222/-274 
f -40/-221/-273 -44/-275/-272 -36/-220/-271 
f -36/-267/-270 -34/-219/-269 -40/-218/-268 
s 16
f -39/-217/-267 -38/-216/-266 -262/-215/-265 
f -38/-214/-264 -260/-213/-263 -262/-212/-262 
s off
f -31/-211/-261 -32/-210/-260 -34/-209/-259 
s 16
f -38/-208/-258 -37/-207/-257 -259/-206/-256 
s 2
f -42/-273/-255 -37/-205/-254 -38/-204/-253 
s 16
f -260/-261/-252 -38/-269/-251 -259/-203/-250 
f -259/-260/-249 -37/-268/-248 -40/-202/-247 
s off
f -261/-201/-246 -40/-200/-245 -32/-199/-244 
f -33/-264/-243 -39/-198/-242 -31/-197/-241 
f -34/-265/-240 -32/-196/-239 -40/-271/-238 
f -39/-270/-237 -262/-195/-236 -31/-194/-235 
f -262/-193/-234 -261/-262/-233 -32/-192/-232 
f -32/-259/-231 -31/-258/-230 -262/-263/-229 
usemtl apteegi1_betoon_krohv
s 1
f -30/-161/-228 -29/-160/-227 -25/-159/-226 
f -30/-158/-225 -25/-157/-224 -26/-156/-223 
s 4
f -29/-155/-222 -28/-154/-221 -24/-153/-220 
f -29/-152/-219 -24/-151/-218 -25/-150/-217 
s 2
f -8/-149/-216 -7/-148/-215 -5/-147/-214 
f -8/-146/-213 -5/-145/-212 -6/-144/-211 
s 4
f -27/-143/-210 -30/-142/-209 -26/-141/-208 
f -27/-140/-207 -26/-139/-206 -23/-138/-205 
s 1
f -26/-137/-204 -25/-136/-203 -21/-135/-202 
f -26/-134/-201 -21/-133/-200 -22/-132/-199 
s 4
f -25/-131/-198 -24/-130/-197 -20/-129/-196 
f -25/-186/-195 -20/-128/-194 -21/-127/-193 
s 2
f -12/-126/-192 -11/-125/-191 -9/-124/-190 
f -12/-123/-189 -9/-122/-188 -10/-121/-187 
s 4
f -23/-120/-186 -26/-187/-185 -22/-119/-184 
f -23/-118/-183 -22/-117/-182 -19/-116/-181 
s 1
f -22/-115/-180 -21/-114/-179 -17/-113/-178 
f -22/-112/-177 -17/-111/-176 -18/-110/-175 
s 4
f -21/-109/-174 -20/-108/-173 -16/-107/-172 
f -21/-182/-171 -16/-106/-170 -17/-105/-169 
s 2
f -20/-104/-168 -19/-103/-167 -15/-102/-166 
f -20/-101/-165 -15/-100/-164 -16/-99/-163 
s 4
f -19/-98/-162 -22/-183/-161 -18/-97/-160 
f -19/-96/-159 -18/-95/-158 -15/-94/-157 
s 16
f -28/-93/-156 -30/-92/-155 -27/-91/-154 
f -28/-90/-153 -29/-190/-152 -30/-191/-151 
f -16/-89/-150 -15/-176/-149 -18/-88/-148 
f -16/-177/-147 -18/-179/-146 -17/-178/-145 
s off
f -24/-87/-144 -28/-86/-143 -14/-85/-142 
f -14/-84/-141 -12/-83/-140 -24/-82/-139 
f -28/-81/-138 -27/-80/-137 -13/-79/-136 
f -13/-78/-135 -14/-77/-134 -28/-189/-133 
f -27/-76/-132 -23/-75/-131 -11/-74/-130 
f -11/-73/-129 -13/-72/-128 -27/-188/-127 
f -20/-71/-126 -24/-185/-125 -12/-70/-124 
f -12/-69/-123 -10/-68/-122 -20/-67/-121 
f -23/-66/-120 -19/-65/-119 -9/-64/-118 
f -9/-63/-117 -11/-62/-116 -23/-184/-115 
f -19/-61/-114 -20/-181/-113 -10/-60/-112 
f -10/-171/-111 -9/-170/-110 -19/-180/-109 
f -14/-59/-108 -13/-58/-107 -7/-57/-106 
f -7/-56/-105 -8/-55/-104 -14/-54/-103 
f -13/-53/-102 -11/-52/-101 -5/-51/-100 
f -5/-50/-99 -7/-168/-98 -13/-174/-97 
f -11/-49/-96 -12/-48/-95 -6/-47/-94 
f -6/-46/-93 -5/-166/-92 -11/-172/-91 
f -12/-45/-90 -14/-175/-89 -8/-44/-88 
f -8/-169/-87 -6/-167/-86 -12/-173/-85 
s 1
f -36/-43/-84 -35/-164/-83 -33/-42/-82 
f -36/-165/-81 -33/-162/-80 -34/-163/-79 
usemtl apt1_roof
s off
f -1602/-37/-78 -1615/-40/-77 -1622/-41/-76 
f -1622/-41/-75 -1593/-34/-74 -1602/-37/-73 
f -1593/-34/-72 -1622/-41/-71 -1610/-39/-70 
f -1610/-39/-69 -321/-30/-68 -1593/-34/-67 
f -1606/-38/-66 -1615/-40/-65 -1415/-32/-64 
f -1415/-32/-63 -324/-31/-62 -1606/-38/-61 
f -1415/-32/-60 -1615/-40/-59 -1602/-37/-58 
f -1602/-37/-57 -1599/-36/-56 -1415/-32/-55 
f -324/-31/-54 -1544/-33/-53 -1606/-38/-52 
f -321/-30/-51 -320/-29/-50 -1593/-34/-49 
f -320/-29/-48 -319/-28/-47 -1593/-34/-46 
f -319/-28/-45 -1598/-35/-44 -1593/-34/-43 
usemtl xxx
f -324/-24/-42 -325/-23/-41 -311/-27/-40 
f -311/-27/-39 -310/-25/-38 -324/-24/-37 
f -1544/-22/-36 -324/-24/-35 -310/-25/-34 
f -310/-25/-33 -323/-26/-32 -1544/-22/-31 
usemtl apt1_roof02
f -1582/-21/-30 -1581/-20/-29 -311/-18/-28 
f -311/-18/-27 -325/-19/-26 -1582/-21/-25 
usemtl apteegi1_sepis01
s 2
f -4/-13/-24 -3/-11/-23 -67/-10/-22 
f -67/-10/-21 -309/-9/-20 -4/-13/-19 
s 4
f -2/-14/-18 -1/-12/-17 -307/-8/-16 
f -307/-8/-15 -69/-7/-14 -2/-14/-13 
usemtl apt1_roof02
s off
f -1598/-6/-12 -1597/-5/-11 -1596/-4/-10 
f -1598/-6/-9 -1596/-4/-8 -1595/-3/-7 
f -1598/-6/-6 -1595/-3/-5 -1594/-2/-4 
f -1598/-6/-3 -1594/-2/-2 -1593/-1/-1 
# 3061 faces

