# 3ds Max Wavefront OBJ Exporter v0.97b - (c)2007 guruware
# File Created: 13.08.2011 19:21:52

mtllib Lossi_plats_3-origo.mtl

#
# object Lossi_plats_3
#

v  541923.500183 6588913.67981 58.110001
v  541926.094604 6588914.552505 58.110001
v  541923.689148 6588913.114944 58.110001
v  541918.416534 6588911.350235 58.109997
v  541930.755096 6588915.479202 58.110001
v  541926.283569 6588913.98761 58.109997
v  541926.468903 6588914.896118 58.840000
v  541923.04657 6588913.751053 58.840004
v  541917.340302 6588921.941544 58.109993
v  541917.0495 6588932.594696 58.109997
v  541927.878815 6588924.075531 59.559998
v  541916.646759 6588937.690735 58.109997
v  541916.329102 6588942.099846 58.109997
v  541916.051727 6588945.732735 58.109997
v  541917.042542 6588928.569046 58.109997
v  541917.183258 6588924.908234 58.109997
v  541917.740753 6588917.933594 58.109993
v  541930.564728 6588916.048157 58.110001
v  541930.977936 6588915.553757 58.110001
v  541930.787567 6588916.122726 58.110001
v  541916.451324 6588945.750092 57.613792
v  541916.111816 6588951.057968 57.624737
v  541916.117462 6588951.058395 46.721451
v  541916.451355 6588945.750092 46.785248
v  541916.051727 6588945.732742 57.825321
v  541915.707123 6588951.211334 57.825325
v  541915.70697 6588951.211327 58.110001
v  541916.387726 6588946.884674 46.816189
v  541916.30603 6588948.390808 46.816193
v  541916.30603 6588948.390755 48.760403
v  541916.387726 6588946.884628 48.760399
v  541916.389374 6588946.854874 49.774006
v  541916.311829 6588948.281693 49.774006
v  541916.311829 6588948.281647 51.966557
v  541916.389374 6588946.854828 51.966560
v  541916.389374 6588946.854874 53.880157
v  541916.311829 6588948.281693 53.880157
v  541916.311829 6588948.281647 56.072712
v  541916.389374 6588946.854828 56.072716
v  541916.48764 6588946.888962 48.760399
v  541916.405945 6588948.395096 48.760403
v  541916.405945 6588948.395142 46.816193
v  541916.48761 6588946.889008 46.816189
v  541916.489288 6588946.859161 51.966560
v  541916.411743 6588948.28598 51.966560
v  541916.411743 6588948.286026 49.774006
v  541916.489258 6588946.859207 49.774006
v  541916.489288 6588946.859161 56.072716
v  541916.411743 6588948.28598 56.072712
v  541916.411743 6588948.286026 53.880161
v  541916.489258 6588946.859215 53.880161
v  541918.14035 6588917.950928 57.613800
v  541918.14035 6588917.950928 45.416531
v  541917.740723 6588917.933578 57.825325
v  541918.741089 6588912.092056 57.613800
v  541918.741058 6588912.092056 44.959995
v  541918.416534 6588911.350235 57.825325
v  541918.404816 6588915.369934 46.080128
v  541918.264191 6588916.742416 46.080132
v  541918.264191 6588916.742371 47.435757
v  541918.404816 6588915.369888 47.435753
v  541918.387695 6588915.537033 49.582527
v  541918.25116 6588916.869507 49.582527
v  541918.25116 6588916.869461 51.913982
v  541918.387695 6588915.536987 51.913982
v  541918.386383 6588915.549744 53.723347
v  541918.248383 6588916.896515 53.723347
v  541918.248413 6588916.896469 56.039574
v  541918.386383 6588915.549698 56.039574
v  541918.486298 6588915.554031 56.039574
v  541918.348297 6588916.900803 56.039574
v  541918.348297 6588916.900848 53.723347
v  541918.486298 6588915.554077 53.723347
v  541918.487579 6588915.541321 51.913982
v  541918.351074 6588916.873795 51.913982
v  541918.351074 6588916.87384 49.582527
v  541918.487579 6588915.541367 49.582527
v  541918.5047 6588915.374222 47.435753
v  541918.364105 6588916.746704 47.435757
v  541918.364105 6588916.74675 46.080132
v  541918.5047 6588915.374268 46.080128
v  541917.739929 6588921.958878 57.613800
v  541917.739929 6588921.958878 45.708061
v  541917.340302 6588921.941544 57.825325
v  541918.012238 6588919.221405 45.683926
v  541917.860382 6588920.7276 45.683929
v  541917.860382 6588920.727539 47.862461
v  541918.012268 6588919.221359 47.862461
v  541918.008484 6588919.258774 49.586868
v  541917.866272 6588920.669022 49.586868
v  541917.866272 6588920.668976 51.899963
v  541918.008484 6588919.258728 51.899963
v  541918.010406 6588919.239609 53.778259
v  541917.868011 6588920.651855 53.778255
v  541917.868011 6588920.65181 55.989239
v  541918.010406 6588919.239563 55.989235
v  541918.015686 6588919.187225 56.576180
v  541917.872467 6588920.607559 56.576176
v  541917.872467 6588920.607574 57.179329
v  541918.015686 6588919.187241 57.179329
v  541918.115601 6588919.191574 57.179329
v  541917.972382 6588920.611908 57.179329
v  541917.972382 6588920.611893 56.576176
v  541918.115601 6588919.191559 56.576180
v  541918.110321 6588919.243896 55.989235
v  541917.967926 6588920.656143 55.989239
v  541917.967926 6588920.656189 53.778259
v  541918.110321 6588919.243958 53.778259
v  541918.108398 6588919.263062 51.899963
v  541917.966187 6588920.673309 51.899963
v  541917.966187 6588920.673355 49.586868
v  541918.108398 6588919.263107 49.586868
v  541918.112152 6588919.225693 47.862461
v  541917.960297 6588920.731888 47.862465
v  541917.960297 6588920.731934 45.683929
v  541918.112152 6588919.225739 45.683926
v  541917.582855 6588924.925583 57.613796
v  541917.582855 6588924.925583 45.929108
v  541917.183228 6588924.908234 57.825325
v  541917.659607 6588923.320007 47.199310
v  541917.595978 6588924.61171 47.199314
v  541917.595978 6588924.611664 48.526001
v  541917.659607 6588923.319962 48.525997
v  541917.667267 6588923.182999 49.588482
v  541917.597473 6588924.577469 49.588482
v  541917.597473 6588924.577423 51.885857
v  541917.667267 6588923.182953 51.905174
v  541917.667114 6588923.186005 53.732056
v  541917.596313 6588924.604263 53.732052
v  541917.596313 6588924.604218 56.045574
v  541917.667114 6588923.185959 56.045574
v  541917.667389 6588923.181046 56.576176
v  541917.595764 6588924.616547 56.576180
v  541917.595764 6588924.616577 57.179329
v  541917.667389 6588923.181061 57.179333
v  541917.767273 6588923.185394 57.179333
v  541917.695679 6588924.620911 57.179329
v  541917.695679 6588924.620895 56.576180
v  541917.767273 6588923.185379 56.576180
v  541917.766998 6588923.190308 56.045574
v  541917.696198 6588924.608551 56.045574
v  541917.696198 6588924.608597 53.732056
v  541917.766998 6588923.190353 53.732052
v  541917.767181 6588923.187286 51.905174
v  541917.697388 6588924.581757 51.885857
v  541917.697357 6588924.581802 49.588482
v  541917.767181 6588923.187332 49.588482
v  541917.759521 6588923.32431 48.525997
v  541917.695892 6588924.615997 48.526001
v  541917.695892 6588924.616043 47.199314
v  541917.759521 6588923.324356 47.199310
v  541917.4422 6588928.58638 57.613796
v  541917.4422 6588928.58638 46.210957
v  541917.042572 6588928.569031 57.825325
v  541917.522858 6588926.138977 47.179028
v  541917.476349 6588927.348251 47.179031
v  541917.476349 6588927.348206 48.530930
v  541917.522858 6588926.138916 48.530926
v  541917.527863 6588926.026413 49.539482
v  541917.475769 6588927.365219 49.539482
v  541917.475769 6588927.365173 51.872631
v  541917.527863 6588926.026367 51.883793
v  541917.52771 6588926.029724 53.741886
v  541917.476898 6588927.331482 53.741886
v  541917.476898 6588927.331436 56.034531
v  541917.52771 6588926.029678 56.034531
v  541917.530945 6588925.958679 56.576176
v  541917.474792 6588927.394867 56.576176
v  541917.474792 6588927.394867 57.179329
v  541917.530945 6588925.958694 57.179333
v  541917.630829 6588925.963028 57.179333
v  541917.574707 6588927.399216 57.179329
v  541917.574707 6588927.3992 56.576180
v  541917.630829 6588925.963013 56.576180
v  541917.627625 6588926.034012 56.034531
v  541917.576813 6588927.33577 56.034531
v  541917.576813 6588927.335815 53.741882
v  541917.627625 6588926.034058 53.741882
v  541917.627777 6588926.030701 51.883797
v  541917.575684 6588927.369507 51.872631
v  541917.575684 6588927.369553 49.539482
v  541917.627777 6588926.030746 49.539482
v  541917.622772 6588926.143265 48.530926
v  541917.576233 6588927.352539 48.530930
v  541917.576233 6588927.352585 47.179031
v  541917.622772 6588926.143311 47.179028
v  541917.449097 6588932.61203 57.613800
v  541917.449097 6588932.61203 46.467407
v  541917.0495 6588932.594681 57.825325
v  541917.431366 6588929.649811 46.633480
v  541917.431885 6588931.214844 46.637028
v  541917.431213 6588931.230484 49.339577
v  541917.430817 6588929.662003 49.346088
v  541917.42981 6588929.771393 49.676929
v  541917.430206 6588931.077652 49.676929
v  541917.430206 6588931.077606 52.024426
v  541917.42981 6588929.771347 52.024422
v  541917.429871 6588929.760529 53.733204
v  541917.430206 6588931.078949 53.733204
v  541917.430206 6588931.078903 56.030781
v  541917.429871 6588929.760468 56.030785
v  541917.430206 6588929.701065 56.576176
v  541917.430573 6588931.139709 56.576176
v  541917.430573 6588931.139709 57.179325
v  541917.430206 6588929.70108 57.179329
v  541917.53009 6588929.705414 57.179329
v  541917.530487 6588931.144043 57.179329
v  541917.530487 6588931.144043 56.576180
v  541917.53009 6588929.705399 56.576176
v  541917.529755 6588929.764816 56.030785
v  541917.530121 6588931.083237 56.030785
v  541917.530121 6588931.083282 53.733204
v  541917.529755 6588929.764862 53.733204
v  541917.529694 6588929.775681 52.024422
v  541917.530121 6588931.08194 52.024426
v  541917.530121 6588931.081985 49.676929
v  541917.529694 6588929.775726 49.676929
v  541917.530731 6588929.666336 49.346088
v  541917.531097 6588931.234833 49.339577
v  541917.531799 6588931.219193 46.637028
v  541917.53125 6588929.65416 46.633480
v  541917.046356 6588937.708084 57.613800
v  541917.046356 6588937.708084 46.601875
v  541916.646759 6588937.69075 57.825325
v  541917.160706 6588936.309555 47.758427
v  541917.115662 6588936.863556 47.758430
v  541917.115692 6588936.86351 48.453682
v  541917.160736 6588936.309509 48.453674
v  541917.20578 6588935.749908 49.774006
v  541917.090179 6588937.175064 49.774006
v  541917.09021 6588937.175018 51.966560
v  541917.205841 6588935.749863 51.966560
v  541917.20578 6588935.749908 53.880161
v  541917.090179 6588937.175064 53.880161
v  541917.09021 6588937.175018 56.072712
v  541917.205841 6588935.749847 56.072716
v  541917.260651 6588936.313843 48.453678
v  541917.215607 6588936.867844 48.453682
v  541917.215576 6588936.867889 47.758430
v  541917.26059 6588936.313889 47.758427
v  541917.305725 6588935.754196 51.966560
v  541917.190125 6588937.179352 51.966560
v  541917.190094 6588937.179413 49.774006
v  541917.305695 6588935.754242 49.774006
v  541917.305725 6588935.754196 56.072716
v  541917.190125 6588937.179352 56.072716
v  541917.190094 6588937.179413 53.880161
v  541917.305695 6588935.754242 53.880161
v  541916.728729 6588942.117195 57.613796
v  541916.728729 6588942.117187 46.748848
v  541916.329102 6588942.099846 57.825325
v  541916.880981 6588940.016724 46.775574
v  541916.796478 6588941.183319 46.775578
v  541916.796478 6588941.183273 48.721848
v  541916.880981 6588940.016663 48.721844
v  541916.921509 6588939.455139 49.774006
v  541916.81839 6588940.880844 49.774006
v  541916.81839 6588940.880798 51.966560
v  541916.921509 6588939.455093 51.966560
v  541916.921509 6588939.455139 53.880161
v  541916.81839 6588940.880844 53.880161
v  541916.81839 6588940.880798 56.072716
v  541916.921509 6588939.455093 56.072716
v  541916.980865 6588940.021011 48.721844
v  541916.896362 6588941.187607 48.721848
v  541916.896362 6588941.187653 46.775578
v  541916.980865 6588940.021057 46.775574
v  541917.021393 6588939.459427 51.966560
v  541916.918304 6588940.885132 51.966560
v  541916.918304 6588940.885193 49.774006
v  541917.021393 6588939.459473 49.774006
v  541917.021393 6588939.459427 56.072716
v  541916.918304 6588940.885132 56.072716
v  541916.918304 6588940.885193 53.880161
v  541917.021393 6588939.459473 53.880161
v  541916.610474 6588943.65303 47.945210
v  541916.57428 6588944.126007 47.945213
v  541916.57431 6588944.125961 48.410885
v  541916.610474 6588943.652985 48.410881
v  541916.650787 6588943.127907 49.774006
v  541916.541718 6588944.553352 49.774006
v  541916.541718 6588944.553307 51.966560
v  541916.650818 6588943.127861 51.966557
v  541916.650787 6588943.127899 53.880157
v  541916.541718 6588944.55336 53.880161
v  541916.541718 6588944.553314 56.072716
v  541916.650818 6588943.127861 56.072712
v  541916.710388 6588943.657318 48.410881
v  541916.674194 6588944.130295 48.410885
v  541916.674194 6588944.130341 47.945213
v  541916.710388 6588943.657364 47.945213
v  541916.750702 6588943.132195 51.966560
v  541916.641632 6588944.55764 51.966560
v  541916.641632 6588944.557693 49.774006
v  541916.750702 6588943.132233 49.774006
v  541916.750702 6588943.132195 56.072712
v  541916.641632 6588944.557648 56.072716
v  541916.641632 6588944.557693 53.880157
v  541916.750702 6588943.132233 53.880157
v  541917.432983 6588929.604446 46.583092
v  541917.437164 6588931.326218 46.583092
v  541917.444305 6588931.326538 46.458035
v  541917.438324 6588929.604691 46.433128
v  541917.436737 6588930.54863 46.583092
v  541917.443329 6588929.271225 46.255787
v  541917.436951 6588929.27095 46.434143
v  541917.445282 6588931.644104 46.466339
v  541917.447418 6588931.644196 46.406689
v  541917.446838 6588931.326645 46.387135
v  541917.235596 6588929.6194 46.563007
v  541917.239777 6588931.341171 46.563007
v  541917.246918 6588931.341476 46.437950
v  541917.240936 6588929.619629 46.413044
v  541916.94223 6588929.287201 46.225006
v  541916.935852 6588929.286926 46.381001
v  541916.935425 6588931.631775 46.423889
v  541916.937561 6588931.631866 46.386604
v  541916.947235 6588931.328476 46.367050
v  541918.013947 6588919.221481 45.508099
v  541917.862793 6588920.727676 45.617817
v  541917.783539 6588919.229828 45.661758
v  541917.633972 6588920.68248 45.659660
v  541917.785095 6588919.232727 45.509541
v  541917.636383 6588920.682663 45.613926
v  541930.564697 6588916.048172 57.613800
v  541926.095398 6588914.552765 57.613800
v  541923.498108 6588913.683716 57.613800
v  541930.257874 6588915.945511 44.696915
v  541930.436462 6588916.005264 45.895535
v  541930.53952 6588916.039749 47.072716
v  541930.564728 6588916.048172 48.263733
v  541923.498749 6588913.683945 57.825336
v  541922.272461 6588913.273621 56.801399
v  541920.969879 6588912.837784 56.801399
v  541920.969879 6588912.837784 57.360481
v  541922.272461 6588913.273621 57.360481
v  541922.271484 6588913.2733 53.788116
v  541920.971771 6588912.838425 53.788116
v  541920.994476 6588912.846024 56.193687
v  541922.297882 6588913.28212 56.193687
v  541922.272156 6588913.273529 49.443596
v  541920.943085 6588912.828827 49.443596
v  541920.957153 6588912.833527 51.886219
v  541922.272156 6588913.273529 51.886219
v  541925.529175 6588914.363297 56.811474
v  541924.176941 6588913.910858 56.811474
v  541924.192688 6588913.916122 57.421471
v  541925.529175 6588914.363297 57.421471
v  541925.496521 6588914.352371 53.788116
v  541924.140961 6588913.898819 53.788116
v  541924.170441 6588913.908676 56.201134
v  541925.496521 6588914.352371 56.201134
v  541925.456116 6588914.338867 49.443596
v  541924.130615 6588913.895355 49.443596
v  541924.130615 6588913.895355 51.880421
v  541925.456116 6588914.338852 51.880421
v  541928.568604 6588915.380295 56.764019
v  541927.229645 6588914.932281 56.784286
v  541927.243713 6588914.936981 57.336578
v  541928.568604 6588915.38028 57.336578
v  541928.60965 6588915.394043 53.788116
v  541927.269135 6588914.94548 53.788116
v  541927.292725 6588914.953384 56.201134
v  541928.622559 6588915.398346 56.201134
v  541928.568481 6588915.380249 49.443596
v  541927.250763 6588914.939346 49.443596
v  541927.266052 6588914.944458 51.892864
v  541928.587585 6588915.386627 51.882679
v  541929.199463 6588915.59137 45.351582
v  541928.010376 6588915.193497 45.351582
v  541928.01712 6588915.195755 47.278694
v  541929.199463 6588915.59137 47.278694
v  541926.372681 6588914.645538 44.833725
v  541924.98999 6588914.182892 44.833725
v  541924.990051 6588914.182922 46.830658
v  541926.356842 6588914.640244 46.830658
v  541922.803772 6588913.451401 58.110001
v  541923.762939 6588913.772339 44.843987
v  541930.787537 6588916.122726 57.825336
v  541926.089142 6588914.550659 57.825336
v  541926.884552 6588914.816818 58.110001
v  541926.534637 6588914.699738 58.840004
v  541926.534637 6588914.699738 59.608997
v  541923.112396 6588913.554657 59.608997
v  541923.112396 6588913.554657 58.840004
v  541925.889923 6588914.484009 58.328644
v  541923.758636 6588913.770889 58.326187
v  541923.663177 6588913.738953 58.572296
v  541924.81958 6588914.125885 59.109432
v  541925.952606 6588914.50499 58.620155
v  541924.834076 6588914.130722 58.859764
v  541923.974304 6588913.843048 58.444946
v  541925.64563 6588914.402267 58.447090
v  541926.854095 6588914.478729 59.608997
v  541926.854126 6588914.478745 59.989178
v  541926.534668 6588914.699738 59.989178
v  541923.112396 6588913.554657 59.989178
v  541922.969238 6588913.178879 59.989178
v  541922.969269 6588913.178894 59.608997
v  541926.534668 6588914.699738 60.280678
v  541923.112396 6588913.554657 60.280678
v  541925.677368 6588914.307434 58.447090
v  541924.006042 6588913.74823 58.444942
v  541924.865814 6588914.035889 58.859764
v  541925.984344 6588914.410156 58.620152
v  541924.851318 6588914.031052 59.109432
v  541923.694916 6588913.644119 58.572292
v  541923.790375 6588913.676056 58.326183
v  541925.921661 6588914.389175 58.328644
v  541928.555847 6588915.481461 51.882679
v  541927.234314 6588915.039291 51.892864
v  541927.219025 6588915.03418 49.443596
v  541928.536774 6588915.475082 49.443596
v  541928.590851 6588915.493179 56.201134
v  541927.261017 6588915.048218 56.201134
v  541927.237396 6588915.040314 53.788116
v  541928.577942 6588915.488876 53.788116
v  541928.536896 6588915.475113 57.336578
v  541927.211975 6588915.031815 57.336578
v  541927.197906 6588915.027115 56.784286
v  541928.536865 6588915.475113 56.764023
v  541925.424377 6588914.433685 51.880421
v  541924.098877 6588913.990189 51.880421
v  541924.098877 6588913.990189 49.443596
v  541925.424377 6588914.433701 49.443596
v  541925.464783 6588914.447205 56.201134
v  541924.138702 6588914.00351 56.201134
v  541924.109253 6588913.993652 53.788116
v  541925.464783 6588914.447205 53.788116
v  541925.497437 6588914.45813 57.421471
v  541924.16095 6588914.010956 57.421471
v  541924.145203 6588914.005692 56.811474
v  541925.497437 6588914.45813 56.811474
v  541922.240448 6588913.368362 51.886219
v  541920.925415 6588912.92836 51.886219
v  541920.911346 6588912.923645 49.443596
v  541922.240448 6588913.368362 49.443596
v  541922.266144 6588913.376953 56.193687
v  541920.962738 6588912.940842 56.193687
v  541920.940063 6588912.933258 53.788116
v  541922.239746 6588913.368134 53.788116
v  541922.240723 6588913.368454 57.360481
v  541920.938141 6588912.932617 57.360481
v  541920.938141 6588912.932617 56.801399
v  541922.240723 6588913.368454 56.801399
v  541926.33139 6588914.716324 46.830658
v  541924.9646 6588914.259003 46.830658
v  541924.964539 6588914.258972 44.833725
v  541926.347229 6588914.721619 44.833725
v  541929.167725 6588915.686203 47.278694
v  541927.985382 6588915.290588 47.278694
v  541927.978638 6588915.28833 45.351582
v  541929.167725 6588915.686203 45.351582
v  541923.689148 6588913.114944 57.825333
v  541922.992767 6588912.886536 58.110001
v  541930.977936 6588915.553757 57.825333
v  541926.283539 6588913.98761 57.825333
v  541927.074432 6588914.252228 58.109997
v  541922.768494 6588914.582443 59.608997
v  541926.190765 6588915.727524 59.608997
v  541926.253906 6588915.538864 60.280678
v  541922.831604 6588914.393784 60.280678
v  541922.831604 6588914.393799 59.989178
v  541926.253876 6588915.538879 59.989178
v  541926.41153 6588915.801376 59.608997
v  541926.41156 6588915.801392 59.989178
v  541922.526703 6588914.501541 59.989178
v  541922.526703 6588914.501526 59.608997
v  541918.741058 6588912.092072 48.821007
v  541930.564728 6588916.048157 44.696915
v  541925.668701 6588951.759789 57.624737
v  541925.667664 6588951.759712 49.108070
v  541923.687164 6588951.614273 54.022346
v  541925.117004 6588951.719276 54.022346
v  541925.117249 6588951.719299 56.035706
v  541923.687378 6588951.614288 56.035706
v  541920.921478 6588951.411171 54.022346
v  541922.395691 6588951.519432 54.022346
v  541922.395935 6588951.519455 56.035702
v  541920.921692 6588951.411186 56.035706
v  541918.075348 6588951.202164 53.902523
v  541919.50766 6588951.30735 53.924412
v  541919.507904 6588951.307373 56.035706
v  541918.075592 6588951.202187 56.035706
v  541923.228424 6588951.580582 49.867481
v  541924.476227 6588951.672218 49.867481
v  541924.47641 6588951.672234 51.285995
v  541923.228607 6588951.580605 51.285995
v  541924.867432 6588951.700951 50.707058
v  541925.115936 6588951.719193 50.707058
v  541925.115997 6588951.7192 51.060532
v  541924.867493 6588951.700958 51.060532
v  541923.50177 6588951.600662 47.680199
v  541924.515808 6588951.675125 47.680199
v  541924.51593 6588951.67514 48.861683
v  541923.501923 6588951.600677 48.861683
v  541919.035675 6588951.27269 47.478481
v  541920.133179 6588951.353287 47.478481
v  541920.133331 6588951.353302 48.850266
v  541919.035828 6588951.272705 48.850266
v  541925.677521 6588951.640488 58.126083
v  541925.667511 6588951.759705 47.619335
v  541924.096283 6588951.644318 47.630653
v  541919.954651 6588951.340179 47.367016
v  541919.105896 6588951.277847 47.336552
v  541917.209869 6588951.138611 47.136147
v  541921.319305 6588951.440392 47.539600
v  541923.694489 6588951.514542 54.022346
v  541925.124329 6588951.619553 54.022346
v  541925.124573 6588951.619568 56.035706
v  541923.694702 6588951.514565 56.035706
v  541920.928772 6588951.311447 54.022346
v  541922.403015 6588951.419708 54.022346
v  541922.403259 6588951.419724 56.035706
v  541920.929016 6588951.311462 56.035706
v  541918.082672 6588951.102432 53.924412
v  541919.514984 6588951.207626 53.924412
v  541919.515228 6588951.207642 56.035706
v  541918.082916 6588951.102463 56.035706
v  541923.235748 6588951.48085 49.867481
v  541924.483551 6588951.572495 49.867481
v  541924.483704 6588951.57251 51.285995
v  541923.235931 6588951.480873 51.285995
v  541924.874756 6588951.601227 50.707058
v  541925.12326 6588951.619476 50.707058
v  541925.123322 6588951.619476 51.060532
v  541924.874817 6588951.601227 51.060532
v  541923.509094 6588951.500931 47.680199
v  541924.523132 6588951.575394 47.680199
v  541924.523285 6588951.575409 48.861683
v  541923.509247 6588951.500946 48.861683
v  541919.042999 6588951.172958 47.478481
v  541920.140503 6588951.253555 47.478481
v  541920.140656 6588951.253571 48.850266
v  541919.043152 6588951.172974 48.850266
v  541925.65097 6588951.941574 57.825325
v  541925.651001 6588951.941566 58.110001
v  541924.209625 6588946.716209 64.744926
v  541924.318054 6588945.713387 64.744926
v  541923.041931 6588946.620514 64.744926
v  541923.15036 6588945.617699 64.744926
v  541924.249481 6588946.774315 60.742630
v  541924.366577 6588945.662804 60.763004
v  541923.013 6588946.650665 62.371265
v  541923.126892 6588945.583488 62.388924
v  541923.077759 6588946.052574 62.379955
v  541926.211182 6588940.435562 60.826954
v  541926.308411 6588939.299393 60.826954
v  541925.161621 6588939.205414 60.826954
v  541925.064392 6588940.341583 60.826954
v  541925.064392 6588940.341583 60.681938
v  541926.211182 6588940.435547 59.174660
v  541925.161621 6588939.205414 60.732002
v  541926.308411 6588939.299393 59.224724
v  541926.0737 6588938.925781 64.551811
v  541926.172089 6588937.940445 64.551811
v  541925.23584 6588937.863724 64.551811
v  541925.137451 6588938.84906 64.551811
v  541926.096466 6588938.960388 59.553276
v  541926.200043 6588937.910187 59.581741
v  541925.219086 6588937.838226 60.869736
v  541925.150787 6588938.529907 60.851116
v  541925.116608 6588938.871643 60.842464
v  541925.95462 6588938.94754 59.739929
v  541925.846893 6588933.922699 63.085255
v  541925.922119 6588933.13916 63.085255
v  541924.967163 6588933.047455 63.085255
v  541924.891907 6588933.830994 63.085255
v  541925.136566 6588933.868896 61.594193
v  541925.873352 6588933.94902 60.622746
v  541925.952789 6588933.118561 60.648441
v  541925.35965 6588933.069138 61.428131
v  541924.876434 6588933.8414 61.854774
v  541924.953705 6588933.034088 61.834232
v  541925.780487 6588923.709091 65.020317
v  541925.88916 6588923.056992 65.020309
v  541924.966034 6588922.892792 65.020309
v  541924.857361 6588923.544907 65.020309
v  541924.803925 6588923.581284 62.538177
v  541925.833313 6588923.782883 61.536232
v  541924.927185 6588922.838516 62.457375
v  541925.966064 6588923.004639 61.448082
v  541922.19458 6588918.810944 64.655327
v  541921.775909 6588918.761856 64.655327
v  541921.704681 6588919.344681 64.655327
v  541922.123322 6588919.393768 64.655327
v  541922.207825 6588918.799805 63.194740
v  541921.762177 6588918.742661 62.691204
v  541921.686676 6588919.359787 62.674309
v  541922.133636 6588919.408203 63.178375
v  541922.154877 6588919.233795 63.183033
v  541921.814453 6588918.810913 64.655327
v  541922.145264 6588918.849701 64.655327
v  541922.084778 6588919.344727 64.655327
v  541921.753967 6588919.305939 64.655327
v  541921.814453 6588918.810913 64.982979
v  541922.145264 6588918.849701 64.982979
v  541922.084778 6588919.344727 64.982979
v  541921.753967 6588919.305939 64.982979
v  541921.810577 6588918.835297 65.047218
v  541922.117249 6588918.871735 65.047218
v  541922.062836 6588919.316833 65.047218
v  541921.757965 6588919.280212 65.047218
v  541921.803619 6588918.896393 65.106346
v  541922.1091 6588918.932678 65.106346
v  541922.06955 6588919.25737 65.106346
v  541921.763092 6588919.224533 65.106346
v  541921.79422 6588918.965485 65.136360
v  541922.100433 6588919.002625 65.136360
v  541922.077362 6588919.184738 65.136360
v  541921.772827 6588919.14856 65.136360
v  541927.878815 6588924.075531 47.603249
v  541927.878815 6588924.075531 44.696915
v  541916.949493 6588944.042679 60.027119
v  541916.897247 6588944.756607 60.389984
v  541916.845062 6588945.470024 60.032894
v  541916.822449 6588943.917099 59.966797
v  541916.83078 6588943.80574 60.178932
v  541916.761841 6588944.747162 60.651268
v  541916.69223 6588945.698868 60.144684
v  541916.700745 6588945.584824 59.963699
v  541916.761841 6588944.747162 60.389999
v  541918.004395 6588943.919533 60.178925
v  541917.939697 6588944.026772 59.966789
v  541918.057861 6588944.152176 60.027119
v  541916.845062 6588945.470032 58.992172
v  541917.954224 6588945.579575 60.032894
v  541917.819122 6588945.69458 59.963692
v  541917.867035 6588945.812759 60.144676
v  541916.949493 6588944.042679 58.993244
v  541917.638428 6588935.124466 59.972927
v  541917.583679 6588935.838211 60.335789
v  541917.528992 6588936.551437 59.978703
v  541917.509918 6588934.997818 59.912605
v  541917.518646 6588934.88649 60.124741
v  541917.446411 6588935.827667 60.597076
v  541917.373474 6588936.779144 60.090488
v  541917.382385 6588936.665115 59.909508
v  541917.446411 6588935.827667 60.335808
v  541918.630737 6588935.003662 60.124733
v  541918.565674 6588935.110672 59.912598
v  541918.683411 6588935.236481 59.972927
v  541917.528992 6588936.551437 58.999744
v  541918.574799 6588936.663513 59.978703
v  541918.439301 6588936.778046 59.909500
v  541918.486786 6588936.896393 60.090485
v  541917.638428 6588935.124466 59.000820
v  541918.023895 6588926.360733 60.357010
v  541917.991852 6588927.098648 60.682831
v  541917.958649 6588927.864319 60.362194
v  541917.894836 6588926.197845 60.266853
v  541917.899353 6588926.097687 60.457340
v  541917.85611 6588927.092743 60.917446
v  541917.812347 6588928.101883 60.450287
v  541917.816925 6588927.999283 60.287773
v  541917.85611 6588927.092743 60.682846
v  541919.273224 6588926.157318 60.457348
v  541919.218018 6588926.255264 60.266861
v  541919.325134 6588926.417221 60.357018
v  541917.958649 6588927.864334 59.003345
v  541919.26059 6588927.920837 60.362198
v  541919.141144 6588928.056763 60.287788
v  541919.187286 6588928.16156 60.450298
v  541918.023895 6588926.360733 59.004314
v  541918.5112 6588918.989059 60.332714
v  541918.439301 6588919.724167 60.658539
v  541918.364716 6588920.486923 60.337898
v  541918.388947 6588918.80896 60.242561
v  541918.398865 6588918.709198 60.433044
v  541918.30188 6588919.700455 60.893154
v  541918.203613 6588920.70575 60.425991
v  541918.213745 6588920.603546 60.263481
v  541918.30188 6588919.700455 60.658550
v  541919.748535 6588918.879425 60.433056
v  541919.68811 6588918.974243 60.242569
v  541919.786316 6588919.141754 60.332722
v  541918.364716 6588920.486923 58.974659
v  541919.640533 6588920.639679 60.337902
v  541919.513916 6588920.768951 60.263493
v  541919.554321 6588920.876099 60.426003
v  541918.5112 6588918.989059 58.975624
v  541921.080139 6588951.248314 59.736488
v  541921.874084 6588951.303513 60.252380
v  541922.619781 6588951.355156 59.736488
v  541920.996826 6588951.408646 59.703800
v  541920.889191 6588951.400948 59.955105
v  541921.863098 6588951.468063 60.541473
v  541922.816467 6588951.533615 59.900528
v  541922.692657 6588951.524734 59.688194
v  541921.863098 6588951.468063 60.252396
v  541920.990448 6588949.96521 59.955097
v  541921.084961 6588950.155205 59.703793
v  541921.163391 6588950.06884 59.736488
v  541922.613983 6588951.433807 58.110001
v  541922.702576 6588950.18203 59.736488
v  541922.779999 6588950.281799 59.688187
v  541922.915131 6588950.133232 59.900520
v  541921.074341 6588951.326965 58.111191
v  541922.001282 6588951.315964 59.915180
v  541921.740204 6588951.296799 59.915180
v  541922.001282 6588951.315964 60.156311
v  541921.740204 6588951.296799 60.156311
v  541921.931641 6588952.264206 59.915184
v  541921.670563 6588952.245041 59.915184
v  541921.931641 6588952.264206 60.156315
v  541921.670563 6588952.245041 60.156315
v  541928.571838 6588922.009689 64.350014
v  541927.916656 6588923.962601 59.539593
v  541929.07196 6588920.509827 61.903431
v  541928.250793 6588922.963776 59.359177
v  541930.044647 6588917.60289 58.390823
v  541918.334381 6588944.893097 60.651260
v  541918.959534 6588935.978821 60.597069
v  541919.635956 6588927.169983 60.917458
v  541920.05954 6588919.91127 60.893166
v  541921.993134 6588949.612442 60.541462
v  541930.567932 6588916.038742 58.226868
v  541928.584503 6588921.971649 64.155945
v  541930.658997 6588915.766541 58.226868
v  541923.00058 6588913.519348 58.577774
v  541926.659485 6588914.741608 58.577770
v  541922.768463 6588914.582428 59.633385
v  541926.190796 6588915.727524 59.633385
v  541923.098053 6588920.283127 64.350006
v  541921.522583 6588947.17128 64.472069
v  541922.416656 6588933.134262 64.349998
v  541924.51651 6588915.167313 59.674782
v  541924.185516 6588916.361084 60.734001
v  541930.561188 6588916.059265 58.664265
v  541927.519348 6588915.039017 58.661095
v  541918.761963 6588912.009384 58.570435
v  541921.28006 6588912.835052 58.561478
v  541918.126984 6588918.102982 58.559856
v  541917.762756 6588921.819855 58.567829
v  541917.694092 6588924.508789 58.648918
v  541917.535309 6588928.987625 58.682152
v  541917.49176 6588932.63916 58.624176
v  541917.023102 6588938.422531 58.601078
v  541916.722076 6588942.483612 58.591427
v  541916.48349 6588945.846268 58.612118
v  541916.138306 6588950.91169 58.581852
v  541925.29007 6588951.524521 58.666206
v  541927.360779 6588923.664581 60.079048
v  541921.278381 6588947.056374 64.183678
v  541923.266144 6588920.074005 64.126030
v  541921.7724 6588947.190903 64.109535
v  541922.845123 6588920.33168 64.073174
v  541928.647034 6588921.771271 64.123421
v  541923.331635 6588920.468414 64.115982
v  541921.529755 6588947.448547 64.077927
v  541916.154907 6588950.668045 58.583309
v  541915.721954 6588950.973244 58.110001
v  541922.109863 6588932.873627 63.993748
v  541918.721497 6588912.397934 58.569759
v  541918.377014 6588911.735199 58.109997
v  541919.056213 6588912.10585 58.569389
v  541918.708618 6588911.447998 58.109997
v  541928.555511 6588922.058319 64.237259
v  541922.582489 6588933.357697 64.134277
v  541925.308472 6588951.276924 58.678764
v  541925.043091 6588951.50798 58.663929
v  541925.402527 6588951.923325 58.110001
v  541916.443665 6588950.932137 58.584667
v  541916.004364 6588951.233032 58.110199
v  541923.339996 6588920.404129 64.256317
v  541924.472015 6588945.934708 60.278976
v  541924.582031 6588944.982147 60.278976
v  541925.68924 6588945.110008 59.017780
v  541925.579224 6588946.062569 59.017780
v  541924.546478 6588945.943306 60.345196
v  541924.656464 6588944.990746 60.345196
v  541925.763672 6588945.118607 59.084000
v  541925.653656 6588946.071167 59.084000
v  541924.310974 6588948.988358 60.284676
v  541924.376404 6588947.940475 60.284676
v  541925.424347 6588948.005898 58.820179
v  541925.358917 6588949.05378 58.820179
v  541924.39209 6588948.993423 60.342941
v  541924.45752 6588947.945541 60.342941
v  541925.505463 6588948.010956 58.878445
v  541925.440033 6588949.058846 58.878445
v  541925.124908 6588936.961411 60.827591
v  541925.233826 6588935.94191 60.827591
v  541926.31366 6588936.057297 59.620243
v  541926.204742 6588937.076797 59.620247
v  541925.198822 6588936.969315 60.894466
v  541925.30777 6588935.949814 60.894470
v  541926.387604 6588936.065201 59.687119
v  541926.278656 6588937.084686 59.687119
v  541923.694702 6588932.610718 63.043312
v  541923.790894 6588931.578217 63.043312
v  541924.845337 6588931.676422 61.837807
v  541924.749176 6588932.708939 61.837807
v  541923.769531 6588932.617691 63.109310
v  541923.865692 6588931.585175 63.109310
v  541924.920166 6588931.68338 61.903805
v  541924.823975 6588932.715912 61.903805
v  541925.438934 6588932.840317 61.063110
v  541925.542725 6588931.832352 61.063110
v  541926.601166 6588931.941315 59.889877
v  541926.497375 6588932.949295 59.889874
v  541925.512634 6588932.847916 61.130287
v  541925.616425 6588931.839935 61.130291
v  541926.674835 6588931.948914 59.957054
v  541926.571045 6588932.956879 59.957054
v  541924.055969 6588928.895264 62.955399
v  541924.146027 6588927.849213 62.955399
v  541925.166046 6588927.937027 61.841152
v  541925.075989 6588928.983078 61.841152
v  541924.129333 6588928.901581 63.023056
v  541924.219391 6588927.85553 63.023056
v  541925.23941 6588927.943344 61.908813
v  541925.149353 6588928.989395 61.908813
v  541925.765808 6588929.090622 61.231026
v  541925.865234 6588928.092697 61.231026
v  541926.970001 6588928.202759 60.016846
v  541926.870575 6588929.200684 60.016846
v  541925.839233 6588929.097931 61.298508
v  541925.93866 6588928.100006 61.298508
v  541927.043427 6588928.210068 60.084328
v  541926.944031 6588929.208008 60.084324
v  541924.209534 6588926.19455 62.953911
v  541924.289337 6588925.185562 62.953911
v  541925.320343 6588925.267105 61.872623
v  541925.24054 6588926.276093 61.872623
v  541924.281555 6588926.200256 63.023033
v  541924.361359 6588925.191254 63.023033
v  541925.392395 6588925.272797 61.941746
v  541925.312592 6588926.281799 61.941746
v  541925.957916 6588926.385513 61.249096
v  541926.052582 6588925.380371 61.249096
v  541927.100403 6588925.479065 60.133087
v  541927.005737 6588926.484192 60.133087
v  541926.030334 6588926.392334 61.317703
v  541926.125 6588925.387192 61.317703
v  541927.172821 6588925.485886 60.201698
v  541927.078156 6588926.491013 60.201698
v  541927.206787 6588921.81369 63.857719
v  541928.26886 6588922.148697 63.857719
v  541928.075958 6588922.760254 62.447811
v  541927.013885 6588922.425262 62.447811
v  541927.179413 6588921.900513 63.899120
v  541928.241486 6588922.235504 63.899120
v  541928.048584 6588922.847076 62.489212
v  541926.986511 6588922.51207 62.489212
v  541926.023895 6588921.453415 63.830830
v  541926.997742 6588921.76059 63.830830
v  541926.808472 6588922.360565 62.447647
v  541925.834656 6588922.053391 62.447647
v  541925.996521 6588921.540237 63.872231
v  541926.970337 6588921.847397 63.872231
v  541926.781097 6588922.447372 62.489048
v  541925.807281 6588922.140198 62.489048
# 853 vertices

vn -0.998431 -0.055986 0.000000
vn -0.998431 -0.055986 0.000000
vn -0.998431 -0.055986 0.000000
vn -0.998431 -0.055988 -0.000000
vn -0.998431 -0.055988 -0.000000
vn -0.998431 -0.055988 -0.000000
vn -0.983501 -0.059807 0.170730
vn -0.983501 -0.059807 0.170730
vn -0.983501 -0.059807 0.170730
vn -0.906269 -0.049152 0.419835
vn -0.906269 -0.049152 0.419835
vn -0.906269 -0.049152 0.419835
vn -0.998527 -0.054263 -0.000132
vn -0.998527 -0.054263 -0.000132
vn -0.998527 -0.054263 -0.000132
vn -0.998532 -0.054154 0.000034
vn -0.998532 -0.054154 0.000034
vn -0.998532 -0.054154 0.000034
vn -0.998420 -0.056189 -0.000026
vn -0.998420 -0.056189 -0.000026
vn -0.998420 -0.056189 -0.000026
vn -0.998430 -0.056005 0.000000
vn -0.998430 -0.056005 0.000000
vn -0.998430 -0.056005 0.000000
vn -0.998527 -0.054263 -0.000000
vn -0.998527 -0.054263 -0.000000
vn -0.998527 -0.054263 -0.000000
vn -0.998430 -0.056005 0.000000
vn -0.998430 -0.056005 0.000000
vn -0.998430 -0.056005 0.000000
vn -0.998430 -0.056007 -0.000000
vn -0.998430 -0.056007 -0.000000
vn -0.998430 -0.056007 -0.000000
vn -0.998527 -0.054264 -0.000000
vn -0.998527 -0.054264 -0.000000
vn -0.998527 -0.054264 -0.000000
vn -0.997945 -0.063823 -0.005623
vn -0.997945 -0.063823 -0.005623
vn -0.997945 -0.063823 -0.005623
vn -0.998028 -0.054236 -0.031600
vn -0.998028 -0.054236 -0.031600
vn -0.998028 -0.054236 -0.031600
vn -0.997436 -0.071568 -0.000520
vn -0.997436 -0.071568 -0.000520
vn -0.997436 -0.071568 -0.000520
vn -0.997559 -0.069828 -0.000001
vn -0.997559 -0.069828 -0.000001
vn -0.997559 -0.069828 -0.000001
vn -0.997559 -0.069826 0.000000
vn -0.997559 -0.069826 0.000000
vn -0.997559 -0.069826 0.000000
vn -0.997559 -0.069827 -0.000000
vn -0.997559 -0.069827 -0.000000
vn -0.997559 -0.069827 -0.000000
vn -0.997397 -0.072074 -0.002055
vn -0.997397 -0.072074 -0.002055
vn -0.997397 -0.072074 -0.002055
vn -0.997511 -0.070512 -0.000000
vn -0.997511 -0.070512 -0.000000
vn -0.997511 -0.070512 -0.000000
vn -0.452545 -0.028464 -0.891287
vn -0.452545 -0.028464 -0.891287
vn -0.452545 -0.028464 -0.891287
vn -0.466687 -0.028029 -0.883978
vn -0.466687 -0.028029 -0.883978
vn -0.466687 -0.028029 -0.883978
vn -0.998028 -0.062776 -0.000481
vn -0.998028 -0.062776 -0.000481
vn -0.998028 -0.062776 -0.000481
vn -0.998026 -0.062801 0.000011
vn -0.998026 -0.062801 0.000011
vn -0.998026 -0.062801 0.000011
vn 0.000002 0.000002 -1.000000
vn 0.000002 0.000002 -1.000000
vn 0.000002 0.000002 -1.000000
vn 0.000002 0.000002 -1.000000
vn 0.000002 0.000002 -1.000000
vn 0.000002 0.000002 -1.000000
vn 0.043408 -0.999057 -0.000025
vn 0.043408 -0.999057 -0.000025
vn 0.043408 -0.999057 -0.000025
vn 0.043447 -0.999056 -0.000027
vn 0.043447 -0.999056 -0.000027
vn 0.043447 -0.999056 -0.000027
vn 0.000000 -0.000002 1.000000
vn 0.000000 -0.000002 1.000000
vn 0.000000 -0.000002 1.000000
vn 0.000000 -0.000002 1.000000
vn 0.000000 -0.000002 1.000000
vn 0.000000 -0.000002 1.000000
vn -0.043332 0.999061 0.000023
vn -0.043332 0.999061 0.000023
vn -0.043332 0.999061 0.000023
vn -0.043293 0.999063 0.000025
vn -0.043293 0.999063 0.000025
vn -0.043293 0.999063 0.000025
vn 0.000019 0.000000 -1.000000
vn 0.000019 0.000000 -1.000000
vn 0.000019 0.000000 -1.000000
vn 0.000010 -0.000001 -1.000000
vn 0.000010 -0.000001 -1.000000
vn 0.000010 -0.000001 -1.000000
vn 0.043367 -0.999059 -0.000020
vn 0.043367 -0.999059 -0.000020
vn 0.043367 -0.999059 -0.000020
vn 0.043367 -0.999059 -0.000020
vn 0.043367 -0.999059 -0.000020
vn 0.043367 -0.999059 -0.000020
vn 0.000005 0.000000 1.000000
vn 0.000005 0.000000 1.000000
vn 0.000005 0.000000 1.000000
vn -0.000005 0.000000 1.000000
vn -0.000005 0.000000 1.000000
vn -0.000005 0.000000 1.000000
vn -0.043367 0.999059 0.000020
vn -0.043367 0.999059 0.000020
vn -0.043367 0.999059 0.000020
vn -0.043367 0.999059 0.000020
vn -0.043367 0.999059 0.000020
vn -0.043367 0.999059 0.000020
vn 0.000000 -0.000002 -1.000000
vn 0.000000 -0.000002 -1.000000
vn 0.000000 -0.000002 -1.000000
vn 0.000000 -0.000002 -1.000000
vn 0.000000 -0.000002 -1.000000
vn 0.000000 -0.000002 -1.000000
vn 0.043328 -0.999061 -0.000020
vn 0.043328 -0.999061 -0.000020
vn 0.043328 -0.999061 -0.000020
vn 0.043367 -0.999059 -0.000022
vn 0.043367 -0.999059 -0.000022
vn 0.043367 -0.999059 -0.000022
vn -0.000014 -0.000001 1.000000
vn -0.000014 -0.000001 1.000000
vn -0.000014 -0.000001 1.000000
vn -0.000014 -0.000001 1.000000
vn -0.000014 -0.000001 1.000000
vn -0.000014 -0.000001 1.000000
vn -0.043367 0.999059 0.000024
vn -0.043367 0.999059 0.000024
vn -0.043367 0.999059 0.000024
vn -0.043446 0.999056 0.000020
vn -0.043446 0.999056 0.000020
vn -0.043446 0.999056 0.000020
vn -0.998527 -0.054264 0.000000
vn -0.998527 -0.054264 0.000000
vn -0.998527 -0.054264 0.000000
vn -0.998527 -0.054263 0.000000
vn -0.998527 -0.054263 0.000000
vn -0.998527 -0.054263 0.000000
vn -0.998527 -0.054263 -0.000000
vn -0.998527 -0.054263 -0.000000
vn -0.998527 -0.054263 -0.000000
vn -0.998527 -0.054263 -0.000000
vn -0.998527 -0.054263 -0.000000
vn -0.998527 -0.054263 -0.000000
vn -0.994792 -0.101927 0.000000
vn -0.994792 -0.101927 0.000000
vn -0.994792 -0.101927 0.000000
vn -0.994787 -0.101979 -0.000215
vn -0.994787 -0.101979 -0.000215
vn -0.994787 -0.101979 -0.000215
vn -0.994792 -0.101922 0.000010
vn -0.994792 -0.101922 0.000010
vn -0.994792 -0.101922 0.000010
vn -0.994792 -0.101921 0.000000
vn -0.994792 -0.101921 0.000000
vn -0.994792 -0.101921 0.000000
vn -0.994793 -0.101922 -0.000000
vn -0.994793 -0.101922 -0.000000
vn -0.994793 -0.101922 -0.000000
vn -0.994792 -0.101929 0.000000
vn -0.994792 -0.101929 0.000000
vn -0.994792 -0.101929 0.000000
vn -0.994792 -0.101928 0.000000
vn -0.994792 -0.101928 0.000000
vn -0.994792 -0.101928 0.000000
vn -0.994792 -0.101928 -0.000000
vn -0.994792 -0.101928 -0.000000
vn -0.994792 -0.101928 -0.000000
vn -0.994785 -0.101998 0.000047
vn -0.994785 -0.101998 0.000047
vn -0.994785 -0.101998 0.000047
vn -0.994792 -0.101922 0.000282
vn -0.994792 -0.101922 0.000282
vn -0.994792 -0.101922 0.000282
vn -0.994779 -0.102049 -0.000000
vn -0.994779 -0.102049 -0.000000
vn -0.994779 -0.102049 -0.000000
vn -0.994780 -0.102047 0.000001
vn -0.994780 -0.102047 0.000001
vn -0.994780 -0.102047 0.000001
vn -0.994780 -0.102045 -0.000000
vn -0.994780 -0.102045 -0.000000
vn -0.994780 -0.102045 -0.000000
vn -0.994792 -0.101922 -0.000000
vn -0.994792 -0.101922 -0.000000
vn -0.994792 -0.101922 -0.000000
vn -0.994792 -0.101922 -0.000000
vn -0.994792 -0.101922 -0.000000
vn -0.994792 -0.101922 -0.000000
vn -0.466298 -0.047867 -0.883332
vn -0.466298 -0.047867 -0.883332
vn -0.466298 -0.047867 -0.883332
vn -0.465663 -0.047746 -0.883673
vn -0.465663 -0.047746 -0.883673
vn -0.465663 -0.047746 -0.883673
vn -0.994773 -0.102115 0.000052
vn -0.994773 -0.102115 0.000052
vn -0.994773 -0.102115 0.000052
vn -0.994773 -0.102114 0.000015
vn -0.994773 -0.102114 0.000015
vn -0.994773 -0.102114 0.000015
vn -0.994778 -0.102060 0.000011
vn -0.994778 -0.102060 0.000011
vn -0.994778 -0.102060 0.000011
vn -0.994779 -0.102051 -0.000000
vn -0.994779 -0.102051 -0.000000
vn -0.994779 -0.102051 -0.000000
vn -0.994792 -0.101927 -0.000000
vn -0.994792 -0.101927 -0.000000
vn -0.994792 -0.101927 -0.000000
vn -0.994792 -0.101927 -0.000000
vn -0.994792 -0.101927 -0.000000
vn -0.994792 -0.101927 -0.000000
vn -0.994780 -0.102047 0.000001
vn -0.994780 -0.102047 0.000001
vn -0.994780 -0.102047 0.000001
vn -0.000000 -0.000000 -1.000000
vn -0.000000 -0.000000 -1.000000
vn -0.000000 -0.000000 -1.000000
vn -0.000000 -0.000000 -1.000000
vn -0.000000 -0.000000 -1.000000
vn -0.000000 -0.000000 -1.000000
vn 0.043368 -0.999059 -0.000021
vn 0.043350 -0.999060 -0.000020
vn 0.043367 -0.999059 -0.000021
vn 0.043367 -0.999059 -0.000021
vn 0.043350 -0.999060 -0.000020
vn 0.043349 -0.999060 -0.000020
vn 0.000000 -0.000001 1.000000
vn -0.000009 -0.000001 1.000000
vn -0.000000 -0.000001 1.000000
vn -0.000000 -0.000001 1.000000
vn -0.000009 -0.000001 1.000000
vn -0.000009 -0.000001 1.000000
vn -0.043356 0.999060 0.000020
vn -0.043358 0.999060 0.000020
vn -0.043356 0.999060 0.000020
vn -0.043356 0.999060 0.000020
vn -0.043358 0.999060 0.000020
vn -0.043358 0.999060 0.000020
vn 0.000005 0.000000 -1.000000
vn 0.000005 0.000000 -1.000000
vn 0.000005 0.000000 -1.000000
vn 0.000005 0.000000 -1.000000
vn 0.000005 0.000000 -1.000000
vn 0.000005 0.000000 -1.000000
vn 0.043355 -0.999060 -0.000020
vn 0.043358 -0.999060 -0.000020
vn 0.043355 -0.999060 -0.000020
vn 0.043355 -0.999060 -0.000020
vn 0.043358 -0.999060 -0.000020
vn 0.043358 -0.999060 -0.000020
vn 0.000000 0.000000 1.000000
vn 0.000000 0.000000 1.000000
vn 0.000000 0.000000 1.000000
vn 0.000000 0.000000 1.000000
vn 0.000000 0.000000 1.000000
vn 0.000000 0.000000 1.000000
vn -0.043349 0.999060 0.000020
vn -0.043356 0.999060 0.000020
vn -0.043349 0.999060 0.000020
vn -0.043349 0.999060 0.000020
vn -0.043356 0.999060 0.000020
vn -0.043356 0.999060 0.000020
vn -0.000000 0.000003 -1.000000
vn -0.000000 0.000003 -1.000000
vn -0.000000 0.000003 -1.000000
vn -0.000000 0.000003 -1.000000
vn -0.000000 0.000003 -1.000000
vn -0.000000 0.000003 -1.000000
vn 0.043358 -0.999060 -0.000034
vn 0.043358 -0.999060 -0.000034
vn 0.043358 -0.999060 -0.000034
vn 0.043358 -0.999060 -0.000034
vn 0.043358 -0.999060 -0.000034
vn 0.043358 -0.999060 -0.000034
vn 0.000000 -0.000003 1.000000
vn 0.000000 -0.000003 1.000000
vn 0.000000 -0.000003 1.000000
vn 0.000000 -0.000003 1.000000
vn 0.000000 -0.000003 1.000000
vn 0.000000 -0.000003 1.000000
vn -0.043349 0.999060 0.000035
vn -0.043349 0.999060 0.000035
vn -0.043349 0.999060 0.000035
vn -0.043349 0.999060 0.000035
vn -0.043349 0.999060 0.000035
vn -0.043349 0.999060 0.000035
vn -0.994792 -0.101922 0.000000
vn -0.994792 -0.101921 -0.000000
vn -0.994792 -0.101922 0.000000
vn -0.994792 -0.101921 -0.000000
vn -0.994792 -0.101921 -0.000000
vn -0.994792 -0.101922 0.000000
vn -0.994792 -0.101921 -0.000000
vn -0.994792 -0.101922 -0.000000
vn -0.994792 -0.101921 -0.000000
vn -0.994792 -0.101922 -0.000000
vn -0.994792 -0.101922 -0.000000
vn -0.994792 -0.101921 -0.000000
vn -0.994792 -0.101922 -0.000000
vn -0.994792 -0.101922 -0.000000
vn -0.994792 -0.101922 -0.000000
vn -0.994792 -0.101922 -0.000000
vn -0.994792 -0.101922 -0.000000
vn -0.994792 -0.101922 -0.000000
vn -0.994954 -0.100328 0.000000
vn -0.994954 -0.100328 0.000000
vn -0.994954 -0.100328 0.000000
vn -0.994955 -0.100322 0.000000
vn -0.994955 -0.100322 0.000000
vn -0.994955 -0.100322 0.000000
vn -0.994955 -0.100323 -0.000001
vn -0.994955 -0.100323 -0.000001
vn -0.994955 -0.100323 -0.000001
vn -0.994955 -0.100323 -0.000000
vn -0.994955 -0.100323 -0.000000
vn -0.994955 -0.100323 -0.000000
vn -0.994955 -0.100323 -0.000000
vn -0.994955 -0.100323 -0.000000
vn -0.994955 -0.100323 -0.000000
vn -0.994955 -0.100328 -0.000000
vn -0.994955 -0.100328 -0.000000
vn -0.994955 -0.100328 -0.000000
vn -0.994954 -0.100328 -0.000000
vn -0.994954 -0.100328 -0.000000
vn -0.994954 -0.100328 -0.000000
vn -0.994955 -0.100323 -0.000000
vn -0.994955 -0.100323 -0.000000
vn -0.994955 -0.100323 -0.000000
vn -0.994954 -0.100329 -0.000000
vn -0.994954 -0.100329 -0.000000
vn -0.994954 -0.100329 -0.000000
vn -0.994954 -0.100329 -0.000000
vn -0.994954 -0.100329 -0.000000
vn -0.994954 -0.100329 -0.000000
vn -0.994954 -0.100329 -0.000000
vn -0.994954 -0.100329 -0.000000
vn -0.994954 -0.100329 -0.000000
vn -0.994954 -0.100329 -0.000000
vn -0.994954 -0.100329 -0.000000
vn -0.994954 -0.100329 -0.000000
vn -0.995042 -0.099417 0.002620
vn -0.995042 -0.099417 0.002620
vn -0.995042 -0.099417 0.002620
vn -0.994919 -0.100319 0.008454
vn -0.994919 -0.100319 0.008454
vn -0.994919 -0.100319 0.008454
vn -0.994955 -0.100323 -0.000000
vn -0.994955 -0.100323 -0.000000
vn -0.994955 -0.100323 -0.000000
vn -0.995235 -0.097502 -0.000000
vn -0.995235 -0.097502 -0.000000
vn -0.995235 -0.097502 -0.000000
vn -0.995235 -0.097502 -0.000000
vn -0.995235 -0.097502 -0.000000
vn -0.995235 -0.097502 -0.000000
vn -0.995267 -0.097182 0.000107
vn -0.995267 -0.097182 0.000107
vn -0.995267 -0.097182 0.000107
vn -0.995248 -0.097368 0.000000
vn -0.995248 -0.097368 0.000000
vn -0.995248 -0.097368 0.000000
vn -0.995109 -0.098313 -0.009648
vn -0.995109 -0.098313 -0.009648
vn -0.995109 -0.098313 -0.009648
vn -0.465734 -0.046533 -0.883700
vn -0.465734 -0.046533 -0.883700
vn -0.465734 -0.046533 -0.883700
vn -0.465731 -0.046532 -0.883702
vn -0.465731 -0.046532 -0.883702
vn -0.465731 -0.046532 -0.883702
vn -0.995046 -0.099417 0.000016
vn -0.995046 -0.099417 0.000016
vn -0.995046 -0.099417 0.000016
vn -0.995046 -0.099420 0.000051
vn -0.995046 -0.099420 0.000051
vn -0.995046 -0.099420 0.000051
vn -0.994954 -0.100328 -0.000000
vn -0.994954 -0.100328 -0.000000
vn -0.994954 -0.100328 -0.000000
vn -0.995223 -0.097631 -0.000000
vn -0.995223 -0.097631 -0.000000
vn -0.995223 -0.097631 -0.000000
vn -0.995208 -0.097778 0.000193
vn -0.995208 -0.097778 0.000193
vn -0.995208 -0.097778 0.000193
vn -0.995232 -0.097540 0.000000
vn -0.995232 -0.097540 0.000000
vn -0.995232 -0.097540 0.000000
vn -0.995225 -0.097612 0.000025
vn -0.995225 -0.097612 0.000025
vn -0.995225 -0.097612 0.000025
vn -0.000000 -0.000000 -1.000000
vn -0.000000 -0.000000 -1.000000
vn -0.000000 -0.000000 -1.000000
vn -0.000000 -0.000000 -1.000000
vn -0.000000 -0.000000 -1.000000
vn -0.000000 -0.000000 -1.000000
vn 0.043358 -0.999060 0.000022
vn 0.043358 -0.999060 0.000022
vn 0.043358 -0.999060 0.000022
vn 0.043358 -0.999060 0.000022
vn 0.043358 -0.999060 0.000022
vn 0.043358 -0.999060 0.000022
vn 0.000000 0.000001 1.000000
vn 0.000000 0.000001 1.000000
vn 0.000000 0.000001 1.000000
vn 0.000000 0.000001 1.000000
vn 0.000000 0.000001 1.000000
vn 0.000000 0.000001 1.000000
vn -0.043345 0.999060 -0.000020
vn -0.043357 0.999060 -0.000022
vn -0.043346 0.999060 -0.000020
vn -0.043346 0.999060 -0.000020
vn -0.043357 0.999060 -0.000022
vn -0.043358 0.999060 -0.000022
vn -0.000000 0.000000 -1.000000
vn -0.000000 0.000000 -1.000000
vn -0.000000 0.000000 -1.000000
vn -0.000000 0.000000 -1.000000
vn -0.000000 0.000000 -1.000000
vn -0.000000 0.000000 -1.000000
vn 0.043349 -0.999060 -0.000022
vn 0.043348 -0.999060 -0.000022
vn 0.043349 -0.999060 -0.000022
vn 0.043349 -0.999060 -0.000022
vn 0.043348 -0.999060 -0.000022
vn 0.043348 -0.999060 -0.000022
vn -0.000009 -0.000000 1.000000
vn -0.000019 -0.000001 1.000000
vn -0.000010 -0.000000 1.000000
vn -0.000010 -0.000000 1.000000
vn -0.000019 -0.000001 1.000000
vn -0.000019 -0.000001 1.000000
vn -0.043355 0.999060 0.000022
vn -0.043358 0.999060 0.000022
vn -0.043355 0.999060 0.000022
vn -0.043355 0.999060 0.000022
vn -0.043358 0.999060 0.000022
vn -0.043358 0.999060 0.000022
vn -0.000010 -0.000002 -1.000000
vn 0.000013 0.000002 -1.000000
vn -0.000008 -0.000002 -1.000000
vn -0.000008 -0.000002 -1.000000
vn 0.000013 0.000002 -1.000000
vn 0.000014 0.000002 -1.000000
vn 0.043358 -0.999060 -0.000020
vn 0.043349 -0.999060 -0.000020
vn 0.043358 -0.999060 -0.000020
vn 0.043358 -0.999060 -0.000020
vn 0.043349 -0.999060 -0.000020
vn 0.043349 -0.999060 -0.000020
vn 0.000005 0.000000 1.000000
vn 0.000000 0.000000 1.000000
vn 0.000005 0.000000 1.000000
vn 0.000005 0.000000 1.000000
vn 0.000000 0.000000 1.000000
vn 0.000000 0.000000 1.000000
vn -0.043358 0.999060 0.000020
vn -0.043358 0.999060 0.000020
vn -0.043358 0.999060 0.000020
vn -0.043358 0.999060 0.000020
vn -0.043358 0.999060 0.000020
vn -0.043358 0.999060 0.000020
vn 0.000009 0.000004 -1.000000
vn 0.000000 0.000002 -1.000000
vn 0.000009 0.000004 -1.000000
vn 0.000009 0.000004 -1.000000
vn 0.000000 0.000002 -1.000000
vn -0.000000 0.000002 -1.000000
vn 0.043358 -0.999060 -0.000022
vn 0.043349 -0.999060 -0.000022
vn 0.043358 -0.999060 -0.000022
vn 0.043358 -0.999060 -0.000022
vn 0.043349 -0.999060 -0.000022
vn 0.043349 -0.999060 -0.000022
vn 0.000000 -0.000002 1.000000
vn 0.000000 -0.000002 1.000000
vn 0.000000 -0.000002 1.000000
vn 0.000000 -0.000002 1.000000
vn 0.000000 -0.000002 1.000000
vn 0.000000 -0.000002 1.000000
vn -0.043358 0.999060 0.000022
vn -0.043354 0.999060 0.000022
vn -0.043358 0.999060 0.000022
vn -0.043358 0.999060 0.000022
vn -0.043354 0.999060 0.000022
vn -0.043354 0.999060 0.000022
vn -0.994955 -0.100323 0.000000
vn -0.994955 -0.100323 -0.000000
vn -0.994955 -0.100323 0.000000
vn -0.994955 -0.100323 -0.000000
vn -0.994955 -0.100323 -0.000000
vn -0.994955 -0.100323 0.000000
vn -0.994955 -0.100323 -0.000000
vn -0.994955 -0.100323 0.000000
vn -0.994955 -0.100323 -0.000000
vn -0.994955 -0.100323 0.000000
vn -0.994955 -0.100323 0.000000
vn -0.994955 -0.100323 -0.000000
vn -0.994955 -0.100323 -0.000000
vn -0.994955 -0.100323 -0.000000
vn -0.994955 -0.100323 -0.000000
vn -0.994955 -0.100323 -0.000000
vn -0.994955 -0.100323 -0.000000
vn -0.994955 -0.100323 -0.000000
vn -0.994955 -0.100323 0.000000
vn -0.994955 -0.100323 0.000000
vn -0.994955 -0.100323 0.000000
vn -0.994955 -0.100323 0.000000
vn -0.994955 -0.100323 0.000000
vn -0.994955 -0.100323 0.000000
vn -0.998264 -0.058900 -0.000000
vn -0.998264 -0.058900 -0.000000
vn -0.998264 -0.058900 -0.000000
vn -0.998749 -0.049995 -0.000213
vn -0.998749 -0.049995 -0.000213
vn -0.998749 -0.049995 -0.000213
vn -0.998789 -0.049200 0.000859
vn -0.998789 -0.049200 0.000859
vn -0.998789 -0.049200 0.000859
vn -0.998244 -0.059243 -0.000000
vn -0.998244 -0.059243 -0.000000
vn -0.998244 -0.059243 -0.000000
vn -0.998607 -0.052423 -0.005930
vn -0.998607 -0.052423 -0.005930
vn -0.998607 -0.052423 -0.005930
vn -0.998787 -0.049199 -0.001844
vn -0.998787 -0.049199 -0.001844
vn -0.998787 -0.049199 -0.001844
vn -0.999128 -0.041752 -0.000000
vn -0.999128 -0.041752 -0.000000
vn -0.999128 -0.041752 -0.000000
vn -0.999129 -0.041728 -0.000000
vn -0.999129 -0.041728 -0.000000
vn -0.999129 -0.041728 -0.000000
vn -0.998570 -0.052863 0.007936
vn -0.998570 -0.052863 0.007936
vn -0.998570 -0.052863 0.007936
vn -0.998405 -0.049806 0.026585
vn -0.998405 -0.049806 0.026585
vn -0.998405 -0.049806 0.026585
vn -0.998756 -0.049857 0.000094
vn -0.998756 -0.049857 0.000094
vn -0.998756 -0.049857 0.000094
vn -0.998749 -0.049995 -0.000011
vn -0.998749 -0.049995 -0.000011
vn -0.998749 -0.049995 -0.000011
vn -0.998245 -0.059220 0.000005
vn -0.998245 -0.059220 0.000005
vn -0.998245 -0.059220 0.000005
vn -0.998244 -0.059236 -0.000000
vn -0.998244 -0.059236 -0.000000
vn -0.998244 -0.059236 -0.000000
vn -0.998243 -0.059246 -0.000000
vn -0.998243 -0.059246 -0.000000
vn -0.998243 -0.059246 -0.000000
vn -0.998242 -0.059268 -0.000026
vn -0.998242 -0.059268 -0.000026
vn -0.998242 -0.059268 -0.000026
vn -0.998758 -0.049823 0.000062
vn -0.998758 -0.049823 0.000062
vn -0.998758 -0.049823 0.000062
vn -0.998756 -0.049858 0.000154
vn -0.998756 -0.049858 0.000154
vn -0.998756 -0.049858 0.000154
vn -0.466842 -0.024714 -0.883996
vn -0.466842 -0.024714 -0.883996
vn -0.466842 -0.024714 -0.883996
vn -0.466839 -0.024714 -0.883997
vn -0.466839 -0.024714 -0.883997
vn -0.466839 -0.024714 -0.883997
vn -0.998602 -0.052865 0.000052
vn -0.998602 -0.052865 0.000052
vn -0.998602 -0.052865 0.000052
vn -0.998602 -0.052861 0.000016
vn -0.998602 -0.052861 0.000016
vn -0.998602 -0.052861 0.000016
vn 0.000019 0.000001 -1.000000
vn 0.000019 0.000001 -1.000000
vn 0.000019 0.000001 -1.000000
vn 0.000000 -0.000002 -1.000000
vn 0.000000 -0.000002 -1.000000
vn 0.000000 -0.000002 -1.000000
vn 0.043338 -0.999060 0.000024
vn 0.043338 -0.999060 0.000024
vn 0.043338 -0.999060 0.000024
vn 0.043339 -0.999060 0.000024
vn 0.043339 -0.999060 0.000024
vn 0.043339 -0.999060 0.000024
vn -0.000038 -0.000000 1.000000
vn -0.000038 -0.000000 1.000000
vn -0.000038 -0.000000 1.000000
vn 0.000000 -0.000001 1.000000
vn 0.000000 -0.000001 1.000000
vn 0.000000 -0.000001 1.000000
vn -0.043329 0.999061 -0.000023
vn -0.043329 0.999061 -0.000023
vn -0.043329 0.999061 -0.000023
vn -0.043348 0.999060 -0.000026
vn -0.043348 0.999060 -0.000026
vn -0.043348 0.999060 -0.000026
vn -0.000000 -0.000000 -1.000000
vn -0.000000 -0.000000 -1.000000
vn -0.000000 -0.000000 -1.000000
vn 0.000019 0.000002 -1.000000
vn 0.000019 0.000002 -1.000000
vn 0.000019 0.000002 -1.000000
vn 0.043359 -0.999060 -0.000020
vn 0.043359 -0.999060 -0.000020
vn 0.043359 -0.999060 -0.000020
vn 0.043358 -0.999060 -0.000020
vn 0.043358 -0.999060 -0.000020
vn 0.043358 -0.999060 -0.000020
vn 0.000019 0.000000 1.000000
vn 0.000019 0.000000 1.000000
vn 0.000019 0.000000 1.000000
vn -0.000010 0.000001 1.000000
vn -0.000010 0.000001 1.000000
vn -0.000010 0.000001 1.000000
vn -0.043358 0.999060 0.000020
vn -0.043358 0.999060 0.000020
vn -0.043358 0.999060 0.000020
vn -0.043358 0.999059 0.000020
vn -0.043358 0.999059 0.000020
vn -0.043358 0.999059 0.000020
vn 0.000600 -0.013824 -0.999904
vn 0.000600 -0.013824 -0.999904
vn 0.000600 -0.013824 -0.999904
vn 0.000600 -0.013824 -0.999904
vn 0.000600 -0.013824 -0.999904
vn 0.000600 -0.013824 -0.999904
vn 0.043358 -0.999060 -0.000021
vn 0.043358 -0.999060 -0.000021
vn 0.043358 -0.999060 -0.000021
vn 0.043348 -0.999060 -0.000021
vn 0.043348 -0.999060 -0.000021
vn 0.043348 -0.999060 -0.000021
vn 0.000000 0.000000 1.000000
vn 0.000000 0.000000 1.000000
vn 0.000000 0.000000 1.000000
vn 0.000000 0.000000 1.000000
vn 0.000000 0.000000 1.000000
vn 0.000000 0.000000 1.000000
vn -0.043359 0.999060 0.000020
vn -0.043359 0.999060 0.000020
vn -0.043359 0.999060 0.000020
vn -0.043358 0.999060 0.000020
vn -0.043358 0.999060 0.000020
vn -0.043358 0.999060 0.000020
vn 0.000005 0.000003 -1.000000
vn 0.000005 0.000003 -1.000000
vn 0.000005 0.000003 -1.000000
vn -0.000000 0.000003 -1.000000
vn -0.000000 0.000003 -1.000000
vn -0.000000 0.000003 -1.000000
vn 0.043388 -0.999058 -0.000038
vn 0.043388 -0.999058 -0.000038
vn 0.043388 -0.999058 -0.000038
vn 0.043348 -0.999060 -0.000035
vn 0.043348 -0.999060 -0.000035
vn 0.043348 -0.999060 -0.000035
vn 0.000000 -0.000003 1.000000
vn 0.000000 -0.000003 1.000000
vn 0.000000 -0.000003 1.000000
vn 0.000000 -0.000003 1.000000
vn 0.000000 -0.000003 1.000000
vn 0.000000 -0.000003 1.000000
vn -0.043358 0.999060 0.000035
vn -0.043358 0.999060 0.000035
vn -0.043358 0.999060 0.000035
vn -0.043358 0.999060 0.000035
vn -0.043358 0.999060 0.000035
vn -0.043358 0.999060 0.000035
vn -0.998758 -0.049823 0.000000
vn -0.998758 -0.049823 0.000000
vn -0.998758 -0.049823 0.000000
vn -0.998758 -0.049823 0.000000
vn -0.998758 -0.049823 0.000000
vn -0.998758 -0.049823 0.000000
vn -0.998756 -0.049857 -0.000000
vn -0.998756 -0.049857 -0.000000
vn -0.998756 -0.049857 -0.000000
vn -0.998756 -0.049858 -0.000000
vn -0.998756 -0.049858 -0.000000
vn -0.998756 -0.049858 -0.000000
vn -0.998749 -0.049995 0.000000
vn -0.998749 -0.049995 0.000000
vn -0.998749 -0.049995 0.000000
vn -0.998749 -0.049995 0.000000
vn -0.998749 -0.049995 0.000000
vn -0.998749 -0.049995 0.000000
vn -0.998789 -0.049199 -0.000000
vn -0.998789 -0.049199 -0.000000
vn -0.998789 -0.049199 -0.000000
vn -0.998789 -0.049200 0.000000
vn -0.998789 -0.049200 0.000000
vn -0.998789 -0.049200 0.000000
vn -0.999109 -0.042213 -0.000018
vn -0.999109 -0.042213 -0.000018
vn -0.999109 -0.042213 -0.000018
vn -0.998302 -0.058256 -0.000312
vn -0.998302 -0.058256 -0.000312
vn -0.998302 -0.058256 -0.000312
vn -0.998244 -0.059242 -0.000000
vn -0.998244 -0.059242 -0.000000
vn -0.998244 -0.059242 -0.000000
vn -0.999134 -0.041603 -0.000038
vn -0.999134 -0.041603 -0.000038
vn -0.999134 -0.041603 -0.000038
vn -0.999126 -0.041787 -0.000000
vn -0.999126 -0.041787 -0.000000
vn -0.999126 -0.041787 -0.000000
vn -0.999127 -0.041787 -0.000000
vn -0.999127 -0.041787 -0.000000
vn -0.999127 -0.041787 -0.000000
vn -0.999121 -0.041911 0.000000
vn -0.999121 -0.041911 0.000000
vn -0.999121 -0.041911 0.000000
vn -0.999152 -0.041160 0.000072
vn -0.999152 -0.041160 0.000072
vn -0.999152 -0.041160 0.000072
vn -0.999458 -0.032907 -0.000000
vn -0.999458 -0.032907 -0.000000
vn -0.999458 -0.032907 -0.000000
vn -0.999229 -0.037509 -0.011552
vn -0.999229 -0.037509 -0.011552
vn -0.999229 -0.037509 -0.011552
vn -0.999164 -0.038443 -0.013918
vn -0.999164 -0.038443 -0.013918
vn -0.999164 -0.038443 -0.013918
vn -0.999620 -0.027573 0.000000
vn -0.999620 -0.027573 0.000000
vn -0.999620 -0.027573 0.000000
vn -0.999641 -0.026813 -0.000104
vn -0.999641 -0.026813 -0.000104
vn -0.999641 -0.026813 -0.000104
vn -0.999622 -0.027499 0.000000
vn -0.999622 -0.027499 0.000000
vn -0.999622 -0.027499 0.000000
vn -0.999244 -0.038878 -0.000011
vn -0.999244 -0.038878 -0.000011
vn -0.999244 -0.038878 -0.000011
vn -0.999239 -0.039013 -0.000108
vn -0.999239 -0.039013 -0.000108
vn -0.999239 -0.039013 -0.000108
vn -0.999610 -0.027932 0.000092
vn -0.999610 -0.027932 0.000092
vn -0.999610 -0.027932 0.000092
vn -0.999629 -0.027257 -0.000127
vn -0.999629 -0.027257 -0.000127
vn -0.999629 -0.027257 -0.000127
vn -0.999625 -0.027368 0.000001
vn -0.999625 -0.027368 0.000001
vn -0.999625 -0.027368 0.000001
vn -0.998805 -0.038382 0.030267
vn -0.998805 -0.038382 0.030267
vn -0.998805 -0.038382 0.030267
vn -0.998884 -0.039035 0.026577
vn -0.998884 -0.039035 0.026577
vn -0.998884 -0.039035 0.026577
vn -0.999237 -0.039050 0.000720
vn -0.999237 -0.039050 0.000720
vn -0.999237 -0.039050 0.000720
vn -0.999238 -0.039013 0.000812
vn -0.999238 -0.039013 0.000812
vn -0.999238 -0.039013 0.000812
vn -0.999244 -0.038877 0.000100
vn -0.999244 -0.038877 0.000100
vn -0.999244 -0.038877 0.000100
vn -0.999260 -0.038447 0.000664
vn -0.999260 -0.038447 0.000664
vn -0.999260 -0.038447 0.000664
vn -0.998754 -0.049897 -0.000000
vn -0.998754 -0.049897 -0.000000
vn -0.998754 -0.049897 -0.000000
vn -0.998754 -0.049897 0.000000
vn -0.998754 -0.049897 0.000000
vn -0.998754 -0.049897 0.000000
vn -0.998757 -0.049851 0.000009
vn -0.998757 -0.049851 0.000009
vn -0.998757 -0.049851 0.000009
vn -0.998755 -0.049883 -0.000000
vn -0.998755 -0.049883 -0.000000
vn -0.998755 -0.049883 -0.000000
vn -0.998700 -0.050963 -0.000758
vn -0.998700 -0.050963 -0.000758
vn -0.998700 -0.050963 -0.000758
vn -0.998739 -0.050205 -0.000000
vn -0.998739 -0.050205 -0.000000
vn -0.998739 -0.050205 -0.000000
vn -0.467138 -0.017951 -0.884002
vn -0.467138 -0.017951 -0.884002
vn -0.467138 -0.017951 -0.884002
vn -0.467139 -0.017951 -0.884002
vn -0.467139 -0.017951 -0.884002
vn -0.467139 -0.017951 -0.884002
vn -0.999262 -0.038400 -0.000051
vn -0.999262 -0.038400 -0.000051
vn -0.999262 -0.038400 -0.000051
vn -0.999262 -0.038408 0.000052
vn -0.999262 -0.038408 0.000052
vn -0.999262 -0.038408 0.000052
vn -0.000000 -0.000001 -1.000000
vn -0.000000 -0.000001 -1.000000
vn -0.000000 -0.000001 -1.000000
vn 0.000009 0.000000 -1.000000
vn 0.000009 0.000000 -1.000000
vn 0.000009 0.000000 -1.000000
vn 0.043358 -0.999060 0.000023
vn 0.043358 -0.999060 0.000023
vn 0.043358 -0.999060 0.000023
vn 0.043358 -0.999060 0.000023
vn 0.043358 -0.999060 0.000023
vn 0.043358 -0.999060 0.000023
vn -0.000019 0.000000 1.000000
vn -0.000019 0.000000 1.000000
vn -0.000019 0.000000 1.000000
vn -0.000019 0.000000 1.000000
vn -0.000019 0.000000 1.000000
vn -0.000019 0.000000 1.000000
vn -0.043349 0.999060 -0.000023
vn -0.043349 0.999060 -0.000023
vn -0.043349 0.999060 -0.000023
vn -0.043358 0.999060 -0.000024
vn -0.043358 0.999060 -0.000024
vn -0.043358 0.999060 -0.000024
vn -0.000010 -0.000001 -1.000000
vn -0.000010 -0.000001 -1.000000
vn -0.000010 -0.000001 -1.000000
vn 0.000009 0.000001 -1.000000
vn 0.000009 0.000001 -1.000000
vn 0.000009 0.000001 -1.000000
vn 0.043337 -0.999060 -0.000020
vn 0.043337 -0.999060 -0.000020
vn 0.043337 -0.999060 -0.000020
vn 0.043358 -0.999060 -0.000021
vn 0.043358 -0.999060 -0.000021
vn 0.043358 -0.999060 -0.000021
vn 0.000010 0.000001 1.000000
vn 0.000010 0.000001 1.000000
vn 0.000010 0.000001 1.000000
vn 0.000024 0.000000 1.000000
vn 0.000024 0.000000 1.000000
vn 0.000024 0.000000 1.000000
vn -0.043359 0.999060 0.000020
vn -0.043359 0.999060 0.000020
vn -0.043359 0.999060 0.000020
vn -0.043358 0.999060 0.000021
vn -0.043358 0.999060 0.000021
vn -0.043358 0.999060 0.000021
vn 0.000361 -0.008324 -0.999965
vn 0.000361 -0.008324 -0.999965
vn 0.000361 -0.008324 -0.999965
vn 0.000375 -0.008322 -0.999965
vn 0.000375 -0.008322 -0.999965
vn 0.000375 -0.008322 -0.999965
vn 0.043360 -0.999060 -0.000022
vn 0.043360 -0.999060 -0.000022
vn 0.043360 -0.999060 -0.000022
vn 0.043349 -0.999060 -0.000021
vn 0.043349 -0.999060 -0.000021
vn 0.043349 -0.999060 -0.000021
vn -0.000005 0.000000 1.000000
vn -0.000005 0.000000 1.000000
vn -0.000005 0.000000 1.000000
vn 0.000000 0.000000 1.000000
vn 0.000000 0.000000 1.000000
vn 0.000000 0.000000 1.000000
vn -0.043358 0.999059 0.000020
vn -0.043358 0.999059 0.000020
vn -0.043358 0.999059 0.000020
vn -0.043350 0.999060 0.000021
vn -0.043350 0.999060 0.000021
vn -0.043350 0.999060 0.000021
vn -0.000000 0.000003 -1.000000
vn -0.000000 0.000003 -1.000000
vn -0.000000 0.000003 -1.000000
vn 0.000007 0.000004 -1.000000
vn 0.000007 0.000004 -1.000000
vn 0.000007 0.000004 -1.000000
vn 0.043360 -0.999060 -0.000036
vn 0.043360 -0.999060 -0.000036
vn 0.043360 -0.999060 -0.000036
vn 0.043360 -0.999059 -0.000036
vn 0.043360 -0.999059 -0.000036
vn 0.043360 -0.999059 -0.000036
vn 0.000000 -0.000003 1.000000
vn 0.000000 -0.000003 1.000000
vn 0.000000 -0.000003 1.000000
vn 0.000000 -0.000003 1.000000
vn 0.000000 -0.000003 1.000000
vn 0.000000 -0.000003 1.000000
vn -0.043359 0.999060 0.000035
vn -0.043359 0.999060 0.000035
vn -0.043359 0.999060 0.000035
vn -0.043378 0.999059 0.000034
vn -0.043378 0.999059 0.000034
vn -0.043378 0.999059 0.000034
vn -0.999237 -0.039050 -0.000000
vn -0.999237 -0.039050 -0.000000
vn -0.999237 -0.039050 -0.000000
vn -0.999237 -0.039049 0.000001
vn -0.999237 -0.039049 0.000001
vn -0.999237 -0.039049 0.000001
vn -0.999239 -0.039013 -0.000000
vn -0.999239 -0.039013 -0.000000
vn -0.999239 -0.039013 -0.000000
vn -0.999239 -0.039014 0.000000
vn -0.999239 -0.039014 0.000000
vn -0.999239 -0.039014 0.000000
vn -0.999244 -0.038877 -0.000000
vn -0.999244 -0.038877 -0.000000
vn -0.999244 -0.038877 -0.000000
vn -0.999244 -0.038877 0.000000
vn -0.999244 -0.038877 0.000000
vn -0.999244 -0.038877 0.000000
vn -0.999261 -0.038446 -0.000000
vn -0.999261 -0.038446 -0.000000
vn -0.999261 -0.038446 -0.000000
vn -0.999261 -0.038447 0.000000
vn -0.999261 -0.038447 0.000000
vn -0.999261 -0.038447 0.000000
vn -0.998780 -0.049387 -0.000000
vn -0.998780 -0.049387 -0.000000
vn -0.998780 -0.049387 -0.000000
vn -0.998827 -0.048423 -0.000451
vn -0.998827 -0.048423 -0.000451
vn -0.998827 -0.048423 -0.000451
vn -0.999620 -0.027573 -0.000000
vn -0.999620 -0.027573 -0.000000
vn -0.999620 -0.027573 -0.000000
vn -0.999944 -0.010558 -0.000000
vn -0.999944 -0.010558 -0.000000
vn -0.999944 -0.010558 -0.000000
vn -0.999996 0.000307 -0.002816
vn -0.999996 0.000307 -0.002816
vn -0.999996 0.000307 -0.002816
vn -0.999995 0.000222 -0.003184
vn -0.999995 0.000222 -0.003184
vn -0.999995 0.000222 -0.003184
vn -0.999356 0.003991 -0.035649
vn -0.999356 0.003991 -0.035649
vn -0.999356 0.003991 -0.035649
vn -0.995322 0.000546 -0.096618
vn -0.995322 0.000546 -0.096618
vn -0.995322 0.000546 -0.096618
vn -0.999953 -0.009732 0.000107
vn -0.999953 -0.009732 0.000107
vn -0.999953 -0.009732 0.000107
vn -0.999945 -0.010452 -0.000000
vn -0.999945 -0.010452 -0.000000
vn -0.999945 -0.010452 -0.000000
vn -1.000000 0.000307 0.000035
vn -1.000000 0.000307 0.000035
vn -1.000000 0.000307 0.000035
vn -0.999944 -0.010611 -0.000034
vn -0.999944 -0.010611 -0.000034
vn -0.999944 -0.010611 -0.000034
vn -0.999945 -0.010500 -0.000000
vn -0.999945 -0.010500 -0.000000
vn -0.999945 -0.010500 -0.000000
vn -1.000000 0.000267 0.000004
vn -1.000000 0.000267 0.000004
vn -1.000000 0.000267 0.000004
vn -1.000000 0.000271 0.000656
vn -1.000000 0.000271 0.000656
vn -1.000000 0.000271 0.000656
vn -1.000000 0.000267 0.000645
vn -1.000000 0.000267 0.000645
vn -1.000000 0.000267 0.000645
vn -0.999936 -0.011333 -0.000618
vn -0.999936 -0.011333 -0.000618
vn -0.999936 -0.011333 -0.000618
vn -0.999942 -0.010758 -0.000001
vn -0.999942 -0.010758 -0.000001
vn -0.999942 -0.010758 -0.000001
vn -0.999486 0.001719 0.032001
vn -0.999486 0.001719 0.032001
vn -0.999486 0.001719 0.032001
vn -0.999131 0.000271 0.041689
vn -0.999131 0.000271 0.041689
vn -0.999131 0.000271 0.041689
vn -0.999924 0.012328 0.000000
vn -0.999924 0.012328 0.000000
vn -0.999924 0.012328 0.000000
vn -0.999924 0.012304 -0.000005
vn -0.999924 0.012304 -0.000005
vn -0.999924 0.012304 -0.000005
vn -0.999904 0.013830 0.000416
vn -0.999904 0.013830 0.000416
vn -0.999904 0.013830 0.000416
vn -0.999924 0.012293 -0.000323
vn -0.999924 0.012293 -0.000323
vn -0.999924 0.012293 -0.000323
vn -0.467845 0.000805 -0.883810
vn -0.467845 0.000805 -0.883810
vn -0.467845 0.000805 -0.883810
vn -0.467849 0.000804 -0.883808
vn -0.467849 0.000804 -0.883808
vn -0.467849 0.000804 -0.883808
vn -0.999998 0.001721 0.000034
vn -0.999998 0.001721 0.000034
vn -0.999998 0.001721 0.000034
vn -0.999999 0.001727 -0.000052
vn -0.999999 0.001727 -0.000052
vn -0.999999 0.001727 -0.000052
vn 0.000038 0.000000 -1.000000
vn 0.000038 0.000000 -1.000000
vn 0.000038 0.000000 -1.000000
vn -0.000019 -0.000004 -1.000000
vn -0.000019 -0.000004 -1.000000
vn -0.000019 -0.000004 -1.000000
vn 0.043367 -0.999059 0.000023
vn 0.043367 -0.999059 0.000023
vn 0.043367 -0.999059 0.000023
vn 0.043367 -0.999059 0.000023
vn 0.043367 -0.999059 0.000023
vn 0.043367 -0.999059 0.000023
vn 0.000000 -0.000001 1.000000
vn 0.000000 -0.000001 1.000000
vn 0.000000 -0.000001 1.000000
vn -0.000019 -0.000000 1.000000
vn -0.000019 -0.000000 1.000000
vn -0.000019 -0.000000 1.000000
vn -0.043349 0.999060 -0.000023
vn -0.043349 0.999060 -0.000023
vn -0.043349 0.999060 -0.000023
vn -0.043349 0.999060 -0.000023
vn -0.043349 0.999060 -0.000023
vn -0.043349 0.999060 -0.000023
vn 0.000019 0.000000 -1.000000
vn 0.000019 0.000000 -1.000000
vn 0.000019 0.000000 -1.000000
vn 0.000000 -0.000001 -1.000000
vn 0.000000 -0.000001 -1.000000
vn 0.000000 -0.000001 -1.000000
vn 0.043369 -0.999059 -0.000021
vn 0.043369 -0.999059 -0.000021
vn 0.043369 -0.999059 -0.000021
vn 0.043350 -0.999060 -0.000020
vn 0.043350 -0.999060 -0.000020
vn 0.043350 -0.999060 -0.000020
vn -0.000019 0.000000 1.000000
vn -0.000019 0.000000 1.000000
vn -0.000019 0.000000 1.000000
vn 0.000000 -0.000001 1.000000
vn 0.000000 -0.000001 1.000000
vn 0.000000 -0.000001 1.000000
vn -0.043349 0.999060 0.000021
vn -0.043349 0.999060 0.000021
vn -0.043349 0.999060 0.000021
vn -0.043349 0.999060 0.000021
vn -0.043349 0.999060 0.000021
vn -0.043349 0.999060 0.000021
vn -0.000009 0.000001 -1.000000
vn -0.000009 0.000001 -1.000000
vn -0.000009 0.000001 -1.000000
vn 0.000005 0.000002 -1.000000
vn 0.000005 0.000002 -1.000000
vn 0.000005 0.000002 -1.000000
vn 0.043350 -0.999060 -0.000021
vn 0.043350 -0.999060 -0.000021
vn 0.043350 -0.999060 -0.000021
vn 0.043349 -0.999060 -0.000021
vn 0.043349 -0.999060 -0.000021
vn 0.043349 -0.999060 -0.000021
vn -0.000005 0.000001 1.000000
vn -0.000005 0.000001 1.000000
vn -0.000005 0.000001 1.000000
vn -0.000005 0.000001 1.000000
vn -0.000005 0.000001 1.000000
vn -0.000005 0.000001 1.000000
vn -0.043367 0.999059 0.000020
vn -0.043367 0.999059 0.000020
vn -0.043367 0.999059 0.000020
vn -0.043349 0.999060 0.000021
vn -0.043349 0.999060 0.000021
vn -0.043349 0.999060 0.000021
vn 0.000178 -0.004152 -0.999991
vn 0.000178 -0.004152 -0.999991
vn 0.000178 -0.004152 -0.999991
vn 0.000192 -0.004151 -0.999991
vn 0.000192 -0.004151 -0.999991
vn 0.000192 -0.004151 -0.999991
vn 0.043348 -0.999043 0.005792
vn 0.043348 -0.999043 0.005792
vn 0.043348 -0.999043 0.005792
vn 0.043367 -0.999043 0.005791
vn 0.043367 -0.999043 0.005791
vn 0.043367 -0.999043 0.005791
vn 0.000098 -0.002266 0.999997
vn 0.000098 -0.002266 0.999997
vn 0.000098 -0.002266 0.999997
vn 0.000098 -0.002266 0.999997
vn 0.000098 -0.002266 0.999997
vn 0.000098 -0.002266 0.999997
vn -0.043367 0.999049 -0.004494
vn -0.043367 0.999049 -0.004494
vn -0.043367 0.999049 -0.004494
vn -0.043349 0.999050 -0.004493
vn -0.043349 0.999050 -0.004493
vn -0.043349 0.999050 -0.004493
vn -1.000000 0.000270 -0.000001
vn -1.000000 0.000270 -0.000001
vn -1.000000 0.000270 -0.000001
vn -1.000000 0.000271 -0.000000
vn -1.000000 0.000271 -0.000000
vn -1.000000 0.000271 -0.000000
vn -1.000000 0.000267 0.000000
vn -1.000000 0.000267 0.000000
vn -1.000000 0.000267 0.000000
vn -1.000000 0.000267 0.000000
vn -1.000000 0.000267 0.000000
vn -1.000000 0.000267 0.000000
vn -1.000000 0.000308 -0.000000
vn -1.000000 0.000308 -0.000000
vn -1.000000 0.000308 -0.000000
vn -1.000000 0.000308 -0.000000
vn -1.000000 0.000308 -0.000000
vn -1.000000 0.000308 -0.000000
vn -1.000000 0.000332 -0.000254
vn -1.000000 0.000332 -0.000254
vn -1.000000 0.000332 -0.000254
vn -1.000000 0.000235 -0.000197
vn -1.000000 0.000235 -0.000197
vn -1.000000 0.000235 -0.000197
vn -0.999892 -0.014708 -0.000130
vn -0.999892 -0.014708 -0.000130
vn -0.999892 -0.014708 -0.000130
vn -0.999979 0.006524 0.000000
vn -0.999979 0.006524 0.000000
vn -0.999979 0.006524 0.000000
vn -0.999921 0.012583 -0.000001
vn -0.999921 0.012583 -0.000001
vn -0.999921 0.012583 -0.000001
vn -0.999914 0.013131 -0.000778
vn -0.999914 0.013131 -0.000778
vn -0.999914 0.013131 -0.000778
vn -0.999924 0.012328 0.000000
vn -0.999924 0.012328 0.000000
vn -0.999924 0.012328 0.000000
vn -0.996648 -0.081812 0.000044
vn -0.996648 -0.081812 0.000044
vn -0.996648 -0.081812 0.000044
vn -0.996880 -0.078867 0.003176
vn -0.996880 -0.078867 0.003176
vn -0.996880 -0.078867 0.003176
vn -0.996712 -0.081028 0.000546
vn -0.996712 -0.081028 0.000546
vn -0.996712 -0.081028 0.000546
vn -0.996726 -0.080857 -0.000016
vn -0.996726 -0.080857 -0.000016
vn -0.996726 -0.080857 -0.000016
vn -0.996726 -0.080857 -0.000016
vn -0.996726 -0.080857 -0.000016
vn -0.996726 -0.080857 -0.000016
vn -0.996726 -0.080857 -0.000182
vn -0.996726 -0.080857 -0.000182
vn -0.996726 -0.080857 -0.000182
vn -0.996712 -0.081028 -0.000327
vn -0.996712 -0.081028 -0.000327
vn -0.996712 -0.081028 -0.000327
vn -0.996655 -0.081728 0.000031
vn -0.996655 -0.081728 0.000031
vn -0.996655 -0.081728 0.000031
vn -0.996639 -0.081914 -0.000000
vn -0.996639 -0.081914 -0.000000
vn -0.996639 -0.081914 -0.000000
vn -0.996623 -0.082114 0.000014
vn -0.996623 -0.082114 0.000014
vn -0.996623 -0.082114 0.000014
vn -0.996648 -0.081804 -0.000016
vn -0.996648 -0.081804 -0.000016
vn -0.996648 -0.081804 -0.000016
vn -0.996632 -0.082009 0.000014
vn -0.996632 -0.082009 0.000014
vn -0.996632 -0.082009 0.000014
vn -0.996891 -0.078784 -0.001109
vn -0.996891 -0.078784 -0.001109
vn -0.996891 -0.078784 -0.001109
vn -0.996699 -0.080856 -0.007287
vn -0.996699 -0.080856 -0.007287
vn -0.996699 -0.080856 -0.007287
vn -0.997008 -0.077294 0.000014
vn -0.997008 -0.077294 0.000014
vn -0.997008 -0.077294 0.000014
vn -0.997006 -0.077329 -0.000016
vn -0.997006 -0.077329 -0.000016
vn -0.997006 -0.077329 -0.000016
vn -0.997010 -0.077276 0.000014
vn -0.997010 -0.077276 0.000014
vn -0.997010 -0.077276 0.000014
vn -0.997007 -0.077310 -0.000000
vn -0.997007 -0.077310 -0.000000
vn -0.997007 -0.077310 -0.000000
vn -0.996782 -0.080159 0.000044
vn -0.996782 -0.080159 0.000044
vn -0.996782 -0.080159 0.000044
vn -0.466251 -0.036848 -0.883885
vn -0.466251 -0.036848 -0.883885
vn -0.466251 -0.036848 -0.883885
vn -0.466250 -0.036848 -0.883885
vn -0.466250 -0.036848 -0.883885
vn -0.466250 -0.036848 -0.883885
vn -0.996892 -0.078784 0.000023
vn -0.996892 -0.078784 0.000023
vn -0.996892 -0.078784 0.000023
vn -0.996892 -0.078785 0.000036
vn -0.996892 -0.078785 0.000036
vn -0.996892 -0.078785 0.000036
vn -0.000000 0.000007 -1.000000
vn -0.000000 0.000007 -1.000000
vn -0.000000 0.000007 -1.000000
vn 0.000004 0.000008 -1.000000
vn 0.000004 0.000008 -1.000000
vn 0.000004 0.000008 -1.000000
vn 0.043370 -0.999059 -0.000067
vn 0.043370 -0.999059 -0.000067
vn 0.043370 -0.999059 -0.000067
vn 0.043349 -0.999060 -0.000064
vn 0.043349 -0.999060 -0.000064
vn 0.043349 -0.999060 -0.000064
vn 0.000000 -0.000007 1.000000
vn 0.000000 -0.000007 1.000000
vn 0.000000 -0.000007 1.000000
vn 0.000000 -0.000007 1.000000
vn 0.000000 -0.000007 1.000000
vn 0.000000 -0.000007 1.000000
vn -0.043329 0.999061 0.000067
vn -0.043329 0.999061 0.000067
vn -0.043329 0.999061 0.000067
vn -0.043349 0.999060 0.000064
vn -0.043349 0.999060 0.000064
vn -0.043349 0.999060 0.000064
vn -0.000000 -0.000001 -1.000000
vn -0.000000 -0.000001 -1.000000
vn -0.000000 -0.000001 -1.000000
vn 0.000009 0.000001 -1.000000
vn 0.000009 0.000001 -1.000000
vn 0.000009 0.000001 -1.000000
vn 0.043367 -0.999059 -0.000024
vn 0.043367 -0.999059 -0.000024
vn 0.043367 -0.999059 -0.000024
vn 0.043349 -0.999060 -0.000023
vn 0.043349 -0.999060 -0.000023
vn 0.043349 -0.999060 -0.000023
vn 0.000005 0.000000 1.000000
vn 0.000005 0.000000 1.000000
vn 0.000005 0.000000 1.000000
vn 0.000000 0.000000 1.000000
vn 0.000000 0.000000 1.000000
vn 0.000000 0.000000 1.000000
vn -0.043349 0.999060 0.000020
vn -0.043349 0.999060 0.000020
vn -0.043349 0.999060 0.000020
vn -0.043310 0.999062 0.000022
vn -0.043310 0.999062 0.000022
vn -0.043310 0.999062 0.000022
vn 0.000019 0.000002 -1.000000
vn 0.000019 0.000002 -1.000000
vn 0.000019 0.000002 -1.000000
vn -0.000000 -0.000001 -1.000000
vn -0.000000 -0.000001 -1.000000
vn -0.000000 -0.000001 -1.000000
vn 0.043387 -0.999058 -0.000021
vn 0.043387 -0.999058 -0.000021
vn 0.043387 -0.999058 -0.000021
vn 0.043409 -0.999057 -0.000022
vn 0.043409 -0.999057 -0.000022
vn 0.043409 -0.999057 -0.000022
vn 0.000005 -0.000001 1.000000
vn 0.000005 -0.000001 1.000000
vn 0.000005 -0.000001 1.000000
vn 0.000000 -0.000001 1.000000
vn 0.000000 -0.000001 1.000000
vn 0.000000 -0.000001 1.000000
vn -0.043367 0.999059 0.000021
vn -0.043367 0.999059 0.000021
vn -0.043367 0.999059 0.000021
vn -0.043349 0.999060 0.000022
vn -0.043349 0.999060 0.000022
vn -0.043349 0.999060 0.000022
vn -0.996712 -0.081028 0.000044
vn -0.996712 -0.081028 0.000044
vn -0.996712 -0.081028 0.000044
vn -0.996712 -0.081028 0.000044
vn -0.996712 -0.081028 0.000044
vn -0.996712 -0.081028 0.000044
vn -0.996726 -0.080858 0.000014
vn -0.996726 -0.080858 0.000014
vn -0.996726 -0.080858 0.000014
vn -0.996726 -0.080857 0.000014
vn -0.996726 -0.080857 0.000014
vn -0.996726 -0.080857 0.000014
vn -0.996726 -0.080858 0.000014
vn -0.996726 -0.080858 0.000014
vn -0.996726 -0.080858 0.000014
vn -0.996726 -0.080857 0.000014
vn -0.996726 -0.080857 0.000014
vn -0.996726 -0.080857 0.000014
vn -0.996954 -0.077991 0.000650
vn -0.996954 -0.077991 0.000650
vn -0.996954 -0.077991 0.000650
vn -0.997347 -0.072171 0.009522
vn -0.997347 -0.072171 0.009522
vn -0.997347 -0.072171 0.009522
vn -0.997379 -0.072245 0.003864
vn -0.997379 -0.072245 0.003864
vn -0.997379 -0.072245 0.003864
vn -0.997396 -0.072124 0.000059
vn -0.997396 -0.072124 0.000059
vn -0.997396 -0.072124 0.000059
vn -0.997387 -0.072246 -0.000142
vn -0.997387 -0.072246 -0.000142
vn -0.997387 -0.072246 -0.000142
vn -0.997396 -0.072124 0.000000
vn -0.997396 -0.072124 0.000000
vn -0.997396 -0.072124 0.000000
vn -0.997396 -0.072124 0.000000
vn -0.997396 -0.072124 0.000000
vn -0.997396 -0.072124 0.000000
vn -0.997379 -0.072356 -0.000000
vn -0.997379 -0.072356 -0.000000
vn -0.997379 -0.072356 -0.000000
vn -0.997379 -0.072355 -0.000000
vn -0.997379 -0.072355 -0.000000
vn -0.997379 -0.072355 -0.000000
vn -0.997380 -0.072336 -0.000002
vn -0.997380 -0.072336 -0.000002
vn -0.997380 -0.072336 -0.000002
vn -0.997379 -0.072349 -0.000000
vn -0.997379 -0.072349 -0.000000
vn -0.997379 -0.072349 -0.000000
vn -0.997379 -0.072350 0.000000
vn -0.997379 -0.072350 0.000000
vn -0.997379 -0.072350 0.000000
vn -0.997379 -0.072349 -0.000000
vn -0.997379 -0.072349 -0.000000
vn -0.997379 -0.072349 -0.000000
vn -0.997415 -0.071858 -0.000396
vn -0.997415 -0.071858 -0.000396
vn -0.997415 -0.071858 -0.000396
vn -0.997395 -0.072124 -0.000946
vn -0.997395 -0.072124 -0.000946
vn -0.997395 -0.072124 -0.000946
vn -0.997455 -0.071295 -0.000000
vn -0.997455 -0.071295 -0.000000
vn -0.997455 -0.071295 -0.000000
vn -0.997406 -0.071982 -0.000000
vn -0.997406 -0.071982 -0.000000
vn -0.997406 -0.071982 -0.000000
vn -0.997455 -0.071294 -0.000000
vn -0.997455 -0.071294 -0.000000
vn -0.997455 -0.071294 -0.000000
vn -0.997455 -0.071294 -0.000000
vn -0.997455 -0.071294 -0.000000
vn -0.997455 -0.071294 -0.000000
vn -0.997455 -0.071294 0.000000
vn -0.997455 -0.071294 0.000000
vn -0.997455 -0.071294 0.000000
vn -0.466417 -0.033603 -0.883926
vn -0.466417 -0.033603 -0.883926
vn -0.466417 -0.033603 -0.883926
vn -0.466415 -0.033603 -0.883928
vn -0.466415 -0.033603 -0.883928
vn -0.466415 -0.033603 -0.883928
vn -0.997415 -0.071858 -0.000018
vn -0.997415 -0.071858 -0.000018
vn -0.997415 -0.071858 -0.000018
vn -0.997415 -0.071861 0.000023
vn -0.997415 -0.071861 0.000023
vn -0.997415 -0.071861 0.000023
vn -0.000000 0.000004 -1.000000
vn -0.000000 0.000004 -1.000000
vn -0.000000 0.000004 -1.000000
vn 0.000002 0.000004 -1.000000
vn 0.000002 0.000004 -1.000000
vn 0.000002 0.000004 -1.000000
vn 0.043328 -0.999061 -0.000026
vn 0.043328 -0.999061 -0.000026
vn 0.043328 -0.999061 -0.000026
vn 0.043310 -0.999062 -0.000025
vn 0.043310 -0.999062 -0.000025
vn 0.043310 -0.999062 -0.000025
vn 0.000000 -0.000003 1.000000
vn 0.000000 -0.000003 1.000000
vn 0.000000 -0.000003 1.000000
vn 0.000000 -0.000003 1.000000
vn 0.000000 -0.000003 1.000000
vn 0.000000 -0.000003 1.000000
vn -0.043349 0.999060 0.000025
vn -0.043349 0.999060 0.000025
vn -0.043349 0.999060 0.000025
vn -0.043349 0.999060 0.000025
vn -0.043349 0.999060 0.000025
vn -0.043349 0.999060 0.000025
vn 0.000014 0.000002 -1.000000
vn 0.000014 0.000002 -1.000000
vn 0.000014 0.000002 -1.000000
vn 0.000009 0.000001 -1.000000
vn 0.000009 0.000001 -1.000000
vn 0.000009 0.000001 -1.000000
vn 0.043386 -0.999058 -0.000023
vn 0.043386 -0.999058 -0.000023
vn 0.043386 -0.999058 -0.000023
vn 0.043346 -0.999060 -0.000021
vn 0.043346 -0.999060 -0.000021
vn 0.043346 -0.999060 -0.000021
vn -0.000005 -0.000000 1.000000
vn -0.000005 -0.000000 1.000000
vn -0.000005 -0.000000 1.000000
vn 0.000002 -0.000000 1.000000
vn 0.000002 -0.000000 1.000000
vn 0.000002 -0.000000 1.000000
vn -0.043349 0.999060 0.000023
vn -0.043349 0.999060 0.000023
vn -0.043349 0.999060 0.000023
vn -0.043367 0.999059 0.000022
vn -0.043367 0.999059 0.000022
vn -0.043367 0.999059 0.000022
vn -0.000000 0.000000 -1.000000
vn -0.000000 0.000000 -1.000000
vn -0.000000 0.000000 -1.000000
vn -0.000000 0.000000 -1.000000
vn -0.000000 0.000000 -1.000000
vn -0.000000 0.000000 -1.000000
vn 0.043407 -0.999057 -0.000022
vn 0.043407 -0.999057 -0.000022
vn 0.043407 -0.999057 -0.000022
vn 0.043367 -0.999059 -0.000020
vn 0.043367 -0.999059 -0.000020
vn 0.043367 -0.999059 -0.000020
vn 0.000014 0.000001 1.000000
vn 0.000014 0.000001 1.000000
vn 0.000014 0.000001 1.000000
vn 0.000014 0.000001 1.000000
vn 0.000014 0.000001 1.000000
vn 0.000014 0.000001 1.000000
vn -0.043349 0.999060 0.000023
vn -0.043349 0.999060 0.000023
vn -0.043349 0.999060 0.000023
vn -0.043367 0.999059 0.000022
vn -0.043367 0.999059 0.000022
vn -0.043367 0.999059 0.000022
vn -0.997387 -0.072246 0.000000
vn -0.997387 -0.072246 0.000000
vn -0.997387 -0.072246 0.000000
vn -0.997387 -0.072246 -0.000000
vn -0.997387 -0.072246 -0.000000
vn -0.997387 -0.072246 -0.000000
vn -0.997396 -0.072124 -0.000000
vn -0.997396 -0.072124 -0.000000
vn -0.997396 -0.072124 -0.000000
vn -0.997396 -0.072125 0.000000
vn -0.997396 -0.072125 0.000000
vn -0.997396 -0.072125 0.000000
vn -0.997396 -0.072124 -0.000000
vn -0.997396 -0.072124 -0.000000
vn -0.997396 -0.072124 -0.000000
vn -0.997396 -0.072124 -0.000000
vn -0.997396 -0.072124 -0.000000
vn -0.997396 -0.072124 -0.000000
vn -0.997443 -0.071469 0.000096
vn -0.997443 -0.071469 0.000096
vn -0.997443 -0.071469 0.000096
vn -0.997041 -0.076866 -0.000000
vn -0.997041 -0.076866 -0.000000
vn -0.997041 -0.076866 -0.000000
vn -0.997042 -0.076863 -0.000000
vn -0.997042 -0.076863 -0.000000
vn -0.997042 -0.076863 -0.000000
vn -0.997085 -0.076286 -0.001120
vn -0.997085 -0.076286 -0.001120
vn -0.997085 -0.076286 -0.001120
vn -0.997098 -0.076122 -0.000821
vn -0.997098 -0.076122 -0.000821
vn -0.997098 -0.076122 -0.000821
vn -0.997053 -0.076721 -0.000048
vn -0.997053 -0.076721 -0.000048
vn -0.997053 -0.076721 -0.000048
vn -0.997065 -0.076556 0.000000
vn -0.997065 -0.076556 0.000000
vn -0.997065 -0.076556 0.000000
vn -0.997085 -0.076295 0.000000
vn -0.997085 -0.076295 0.000000
vn -0.997085 -0.076295 0.000000
vn -0.997042 -0.076861 0.000001
vn -0.997042 -0.076861 0.000001
vn -0.997042 -0.076861 0.000001
vn -0.997042 -0.076863 -0.000000
vn -0.997042 -0.076863 -0.000000
vn -0.997042 -0.076863 -0.000000
vn -0.997085 -0.076296 0.000000
vn -0.997085 -0.076296 0.000000
vn -0.997085 -0.076296 0.000000
vn -0.997098 -0.076130 0.000483
vn -0.997098 -0.076130 0.000483
vn -0.997098 -0.076130 0.000483
vn -0.997085 -0.076296 0.000766
vn -0.997085 -0.076296 0.000766
vn -0.997085 -0.076296 0.000766
vn -0.997160 -0.075315 -0.000000
vn -0.997160 -0.075315 -0.000000
vn -0.997160 -0.075315 -0.000000
vn -0.997160 -0.075315 -0.000000
vn -0.997160 -0.075315 -0.000000
vn -0.997160 -0.075315 -0.000000
vn -0.997160 -0.075313 0.000000
vn -0.997160 -0.075313 0.000000
vn -0.997160 -0.075313 0.000000
vn -0.997160 -0.075315 -0.000000
vn -0.997160 -0.075315 -0.000000
vn -0.997160 -0.075315 -0.000000
vn -0.997141 -0.075562 -0.000100
vn -0.997141 -0.075562 -0.000100
vn -0.997141 -0.075562 -0.000100
vn -0.997109 -0.075987 0.000000
vn -0.997109 -0.075987 0.000000
vn -0.997109 -0.075987 0.000000
vn -0.997085 -0.076296 0.000101
vn -0.997085 -0.076296 0.000101
vn -0.997085 -0.076296 0.000101
vn -0.997086 -0.076286 0.000095
vn -0.997086 -0.076286 0.000095
vn -0.997086 -0.076286 0.000095
vn -0.466317 -0.035605 -0.883901
vn -0.466317 -0.035605 -0.883901
vn -0.466317 -0.035605 -0.883901
vn -0.466317 -0.035605 -0.883901
vn -0.466317 -0.035605 -0.883901
vn -0.466317 -0.035605 -0.883901
vn -0.997098 -0.076130 0.000011
vn -0.997098 -0.076130 0.000011
vn -0.997098 -0.076130 0.000011
vn -0.997098 -0.076128 -0.000018
vn -0.997098 -0.076128 -0.000018
vn -0.997098 -0.076128 -0.000018
vn -0.000000 0.000009 -1.000000
vn -0.000000 0.000009 -1.000000
vn -0.000000 0.000009 -1.000000
vn -0.000000 0.000009 -1.000000
vn -0.000000 0.000009 -1.000000
vn -0.000000 0.000009 -1.000000
vn 0.043328 -0.999061 -0.000105
vn 0.043328 -0.999061 -0.000105
vn 0.043328 -0.999061 -0.000105
vn 0.043349 -0.999060 -0.000110
vn 0.043349 -0.999060 -0.000110
vn 0.043349 -0.999060 -0.000110
vn -0.000004 -0.000008 1.000000
vn -0.000004 -0.000008 1.000000
vn -0.000004 -0.000008 1.000000
vn 0.000000 -0.000008 1.000000
vn 0.000000 -0.000008 1.000000
vn 0.000000 -0.000008 1.000000
vn -0.043310 0.999062 0.000105
vn -0.043310 0.999062 0.000105
vn -0.043310 0.999062 0.000105
vn -0.043367 0.999059 0.000093
vn -0.043367 0.999059 0.000093
vn -0.043367 0.999059 0.000093
vn -0.000004 -0.000000 -1.000000
vn -0.000004 -0.000000 -1.000000
vn -0.000004 -0.000000 -1.000000
vn 0.000014 0.000002 -1.000000
vn 0.000014 0.000002 -1.000000
vn 0.000014 0.000002 -1.000000
vn 0.043407 -0.999057 -0.000024
vn 0.043407 -0.999057 -0.000024
vn 0.043407 -0.999057 -0.000024
vn 0.043328 -0.999061 -0.000021
vn 0.043328 -0.999061 -0.000021
vn 0.043328 -0.999061 -0.000021
vn 0.000002 0.000000 1.000000
vn 0.000002 0.000000 1.000000
vn 0.000002 0.000000 1.000000
vn -0.000002 -0.000000 1.000000
vn -0.000002 -0.000000 1.000000
vn -0.000002 -0.000000 1.000000
vn -0.043349 0.999060 0.000020
vn -0.043349 0.999060 0.000020
vn -0.043349 0.999060 0.000020
vn -0.043310 0.999062 0.000022
vn -0.043310 0.999062 0.000022
vn -0.043310 0.999062 0.000022
vn 0.000019 0.000004 -1.000000
vn 0.000019 0.000004 -1.000000
vn 0.000019 0.000004 -1.000000
vn -0.000000 0.000001 -1.000000
vn -0.000000 0.000001 -1.000000
vn -0.000000 0.000001 -1.000000
vn 0.043367 -0.999059 -0.000023
vn 0.043367 -0.999059 -0.000023
vn 0.043367 -0.999059 -0.000023
vn 0.043328 -0.999061 -0.000021
vn 0.043328 -0.999061 -0.000021
vn 0.043328 -0.999061 -0.000021
vn 0.000000 0.000001 1.000000
vn 0.000000 0.000001 1.000000
vn 0.000000 0.000001 1.000000
vn 0.000024 0.000001 1.000000
vn 0.000024 0.000001 1.000000
vn 0.000024 0.000001 1.000000
vn -0.043328 0.999061 0.000020
vn -0.043328 0.999061 0.000020
vn -0.043328 0.999061 0.000020
vn -0.043349 0.999060 0.000019
vn -0.043349 0.999060 0.000019
vn -0.043349 0.999060 0.000019
vn -0.997086 -0.076286 0.000001
vn -0.997086 -0.076286 0.000001
vn -0.997086 -0.076286 0.000001
vn -0.997086 -0.076286 0.000001
vn -0.997086 -0.076286 0.000001
vn -0.997086 -0.076286 0.000001
vn -0.997085 -0.076296 -0.000000
vn -0.997085 -0.076296 -0.000000
vn -0.997085 -0.076296 -0.000000
vn -0.997085 -0.076296 -0.000000
vn -0.997085 -0.076296 -0.000000
vn -0.997085 -0.076296 -0.000000
vn -0.997085 -0.076296 -0.000000
vn -0.997085 -0.076296 -0.000000
vn -0.997085 -0.076296 -0.000000
vn -0.997085 -0.076296 -0.000000
vn -0.997085 -0.076296 -0.000000
vn -0.997085 -0.076296 -0.000000
vn -0.998373 0.002435 -0.056978
vn -0.998373 0.002435 -0.056978
vn -0.998373 0.002435 -0.056978
vn -0.999357 0.003986 -0.035645
vn -0.999357 0.003986 -0.035645
vn -0.999357 0.003986 -0.035645
vn -0.995324 0.000550 -0.096591
vn -0.995324 0.000550 -0.096591
vn -0.995324 0.000550 -0.096591
vn -0.995322 0.000549 -0.096612
vn -0.995322 0.000549 -0.096612
vn -0.995322 0.000549 -0.096612
vn -0.999356 0.003990 -0.035649
vn -0.999356 0.003990 -0.035649
vn -0.999356 0.003990 -0.035649
vn 0.000000 -0.000000 1.000000
vn 0.000000 -0.000000 1.000000
vn 0.000000 -0.000000 1.000000
vn -0.999353 0.003996 -0.035741
vn -0.999353 0.003996 -0.035741
vn -0.999353 0.003996 -0.035741
vn -0.999356 0.003990 -0.035653
vn -0.999356 0.003990 -0.035653
vn -0.999356 0.003990 -0.035653
vn -0.998366 0.004545 -0.056968
vn -0.998366 0.004545 -0.056968
vn -0.998366 0.004545 -0.056968
vn -0.998284 0.004011 -0.058418
vn -0.998284 0.004011 -0.058418
vn -0.998284 0.004011 -0.058418
vn -0.999402 0.003905 -0.034361
vn -0.999402 0.003905 -0.034361
vn -0.999402 0.003905 -0.034361
vn -0.999354 0.003995 -0.035714
vn -0.999354 0.003995 -0.035714
vn -0.999354 0.003995 -0.035714
vn -0.998372 0.001946 -0.057010
vn -0.998372 0.001946 -0.057010
vn -0.998372 0.001946 -0.057010
vn -0.999169 0.000565 -0.040756
vn -0.999169 0.000565 -0.040756
vn -0.999169 0.000565 -0.040756
vn -0.999356 0.003990 -0.035647
vn -0.999356 0.003990 -0.035647
vn -0.999356 0.003990 -0.035647
vn -0.999356 0.003990 -0.035657
vn -0.999356 0.003990 -0.035657
vn -0.999356 0.003990 -0.035657
vn -0.999973 -0.007269 -0.001129
vn -0.999973 -0.007269 -0.001129
vn -0.999973 -0.007269 -0.001129
vn -0.101207 0.000247 0.994865
vn -0.101207 0.000247 0.994865
vn -0.101207 0.000247 0.994865
vn -0.101208 0.000247 0.994865
vn -0.101208 0.000247 0.994865
vn -0.101208 0.000247 0.994865
vn 0.074807 0.997175 0.006745
vn 0.074807 0.997175 0.006745
vn 0.074807 0.997175 0.006745
vn 0.074817 0.997175 0.006731
vn 0.074817 0.997175 0.006731
vn 0.074817 0.997175 0.006731
vn -0.082326 -0.025806 0.996271
vn -0.082326 -0.025806 0.996271
vn -0.082326 -0.025806 0.996271
vn -0.105922 -0.065599 0.992208
vn -0.105922 -0.065599 0.992208
vn -0.105922 -0.065599 0.992208
vn -0.024203 0.999707 0.000658
vn -0.024203 0.999707 0.000658
vn -0.024203 0.999707 0.000658
vn -0.024257 0.999705 0.001000
vn -0.024257 0.999705 0.001000
vn -0.024257 0.999705 0.001000
vn -0.031581 -0.999498 -0.002677
vn -0.031581 -0.999498 -0.002677
vn -0.031581 -0.999498 -0.002677
vn -0.031677 -0.999493 -0.003065
vn -0.031677 -0.999493 -0.003065
vn -0.031677 -0.999493 -0.003065
vn -0.100967 0.003443 0.994884
vn -0.100967 0.003443 0.994884
vn -0.100967 0.003443 0.994884
vn -0.105437 0.000903 0.994426
vn -0.105437 0.000903 0.994426
vn -0.105437 0.000903 0.994426
vn -0.075064 -0.997170 -0.004219
vn -0.075064 -0.997170 -0.004219
vn -0.075064 -0.997170 -0.004219
vn -0.075071 -0.997169 -0.004231
vn -0.075071 -0.997169 -0.004231
vn -0.075071 -0.997169 -0.004231
vn 0.063201 0.063538 -0.995976
vn 0.063201 0.063538 -0.995976
vn 0.063201 0.063538 -0.995976
vn 0.040325 0.069262 -0.996783
vn 0.040325 0.069262 -0.996783
vn 0.040325 0.069262 -0.996783
vn 0.040317 0.061341 -0.997302
vn 0.040317 0.061341 -0.997302
vn 0.040317 0.061341 -0.997302
vn 0.037696 0.065472 -0.997142
vn 0.037696 0.065472 -0.997142
vn 0.037696 0.065472 -0.997142
vn -0.058324 -0.014236 0.998196
vn -0.058324 -0.014236 0.998196
vn -0.058324 -0.014236 0.998196
vn -0.084754 -0.018238 0.996235
vn -0.084754 -0.018238 0.996235
vn -0.084754 -0.018238 0.996235
vn 0.147304 0.068299 -0.986730
vn 0.147304 0.068299 -0.986730
vn 0.147304 0.068299 -0.986730
vn -0.994666 -0.102417 -0.012238
vn -0.994666 -0.102417 -0.012238
vn -0.994666 -0.102417 -0.012238
vn -0.993777 -0.098136 -0.052689
vn -0.993777 -0.098136 -0.052689
vn -0.993777 -0.098136 -0.052689
vn -0.994658 -0.096597 -0.036403
vn -0.994658 -0.096597 -0.036403
vn -0.994658 -0.096597 -0.036403
vn -0.036720 -0.999325 -0.000809
vn -0.036720 -0.999325 -0.000809
vn -0.036720 -0.999325 -0.000809
vn -0.049185 -0.998599 -0.019540
vn -0.049185 -0.998599 -0.019540
vn -0.049185 -0.998599 -0.019540
vn -0.104493 -0.010538 0.994470
vn -0.104493 -0.010538 0.994470
vn -0.104493 -0.010538 0.994470
vn -0.096765 -0.008524 0.995271
vn -0.096765 -0.008524 0.995271
vn -0.096765 -0.008524 0.995271
vn -0.194943 0.980797 -0.005823
vn -0.194943 0.980797 -0.005823
vn -0.194943 0.980797 -0.005823
vn -0.194771 0.980828 -0.006393
vn -0.194771 0.980828 -0.006393
vn -0.194771 0.980828 -0.006393
vn -0.002735 0.072379 -0.997373
vn -0.002735 0.072379 -0.997373
vn -0.002735 0.072379 -0.997373
vn 0.002809 0.072093 -0.997394
vn 0.002809 0.072093 -0.997394
vn 0.002809 0.072093 -0.997394
vn 0.317185 -0.948364 0.000001
vn 0.317185 -0.948364 0.000001
vn 0.317185 -0.948364 0.000001
vn 0.317360 -0.948305 -0.000001
vn 0.317360 -0.948305 -0.000001
vn 0.317360 -0.948305 -0.000001
vn 0.317305 -0.948323 -0.000003
vn 0.317305 -0.948323 -0.000003
vn 0.317305 -0.948323 -0.000003
vn 0.317302 -0.948325 0.000037
vn 0.317302 -0.948325 0.000037
vn 0.317302 -0.948325 0.000037
vn 0.317305 -0.948324 -0.000000
vn 0.317305 -0.948324 -0.000000
vn 0.317305 -0.948324 -0.000000
vn 0.317305 -0.948324 0.000003
vn 0.317305 -0.948324 0.000003
vn 0.317305 -0.948324 0.000003
vn 0.317308 -0.948322 -0.000007
vn 0.317308 -0.948322 -0.000007
vn 0.317308 -0.948322 -0.000007
vn 0.317282 -0.948331 0.000009
vn 0.317282 -0.948331 0.000009
vn 0.317282 -0.948331 0.000009
vn 0.317305 -0.948324 0.000003
vn 0.317305 -0.948324 0.000003
vn 0.317305 -0.948324 0.000003
vn 0.317305 -0.948324 0.000003
vn 0.317305 -0.948324 0.000003
vn 0.317305 -0.948324 0.000003
vn 0.317313 -0.948321 0.000001
vn 0.317313 -0.948321 0.000001
vn 0.317313 -0.948321 0.000001
vn 0.317303 -0.948324 0.000009
vn 0.317303 -0.948324 0.000009
vn 0.317303 -0.948324 0.000009
vn 0.317303 -0.948324 -0.000001
vn 0.317303 -0.948324 -0.000001
vn 0.317303 -0.948324 -0.000001
vn 0.317305 -0.948324 -0.000003
vn 0.317305 -0.948324 -0.000003
vn 0.317305 -0.948324 -0.000003
vn 0.317304 -0.948324 -0.000003
vn 0.317304 -0.948324 -0.000003
vn 0.317304 -0.948324 -0.000003
vn 0.317305 -0.948324 -0.000000
vn 0.317305 -0.948324 -0.000000
vn 0.317305 -0.948324 -0.000000
vn 0.317305 -0.948324 -0.000001
vn 0.317305 -0.948324 -0.000001
vn 0.317305 -0.948324 -0.000001
vn 0.317305 -0.948324 -0.000001
vn 0.317305 -0.948324 -0.000001
vn 0.317305 -0.948324 -0.000001
vn 0.317305 -0.948324 -0.000003
vn 0.317305 -0.948324 -0.000003
vn 0.317305 -0.948324 -0.000003
vn 0.317303 -0.948324 0.000000
vn 0.317303 -0.948324 0.000000
vn 0.317303 -0.948324 0.000000
vn 0.317303 -0.948324 -0.000003
vn 0.317303 -0.948324 -0.000003
vn 0.317303 -0.948324 -0.000003
vn 0.317304 -0.948324 0.000001
vn 0.317304 -0.948324 0.000001
vn 0.317304 -0.948324 0.000001
vn -0.417901 -0.908493 0.000000
vn -0.417901 -0.908493 0.000000
vn -0.417901 -0.908493 0.000000
vn 0.317298 -0.948326 -0.000001
vn 0.317298 -0.948326 -0.000001
vn 0.317298 -0.948326 -0.000001
vn 0.317305 -0.948324 0.000003
vn 0.317305 -0.948324 0.000003
vn 0.317305 -0.948324 0.000003
vn 0.317305 -0.948324 0.000003
vn 0.317305 -0.948324 0.000003
vn 0.317305 -0.948324 0.000003
vn 0.317305 -0.948324 0.000003
vn 0.317305 -0.948324 0.000003
vn 0.317305 -0.948324 0.000003
vn 0.317305 -0.948324 0.000003
vn 0.317305 -0.948324 0.000003
vn 0.317305 -0.948324 0.000003
vn 0.317305 -0.948324 -0.000001
vn 0.317305 -0.948324 -0.000001
vn 0.317305 -0.948324 -0.000001
vn 0.317305 -0.948323 -0.000000
vn 0.317305 -0.948323 -0.000000
vn 0.317305 -0.948323 -0.000000
vn 0.317305 -0.948324 0.000001
vn 0.317305 -0.948324 0.000001
vn 0.317305 -0.948324 0.000001
vn 0.317305 -0.948324 0.000001
vn 0.317305 -0.948324 0.000001
vn 0.317305 -0.948324 0.000001
vn 0.317305 -0.948324 0.000001
vn 0.317305 -0.948324 0.000001
vn 0.317305 -0.948324 0.000001
vn 0.317292 -0.948328 0.000001
vn 0.317292 -0.948328 0.000001
vn 0.317292 -0.948328 0.000001
vn 0.317297 -0.948326 -0.000001
vn 0.317297 -0.948326 -0.000001
vn 0.317297 -0.948326 -0.000001
vn 0.317305 -0.948324 -0.000000
vn 0.317305 -0.948324 -0.000000
vn 0.317305 -0.948324 -0.000000
vn 0.317301 -0.948325 0.000002
vn 0.317301 -0.948325 0.000002
vn 0.317301 -0.948325 0.000002
vn 0.317305 -0.948324 -0.000001
vn 0.317305 -0.948324 -0.000001
vn 0.317305 -0.948324 -0.000001
vn 0.317305 -0.948324 0.000001
vn 0.317305 -0.948324 0.000001
vn 0.317305 -0.948324 0.000001
vn 0.317305 -0.948324 -0.000001
vn 0.317305 -0.948324 -0.000001
vn 0.317305 -0.948324 -0.000001
vn 0.317305 -0.948324 -0.000001
vn 0.317305 -0.948324 -0.000001
vn 0.317305 -0.948324 -0.000001
vn 0.317305 -0.948324 0.000001
vn 0.317305 -0.948324 0.000001
vn 0.317305 -0.948324 0.000001
vn 0.317305 -0.948324 0.000001
vn 0.317305 -0.948324 0.000001
vn 0.317305 -0.948324 0.000001
vn 0.317305 -0.948324 0.000001
vn 0.317305 -0.948324 0.000001
vn 0.317305 -0.948324 0.000001
vn 0.317305 -0.948324 -0.000001
vn 0.317305 -0.948324 -0.000001
vn 0.317305 -0.948324 -0.000001
vn 0.317305 -0.948324 -0.000001
vn 0.317305 -0.948324 -0.000001
vn 0.317305 -0.948324 -0.000001
vn 0.317305 -0.948324 0.000001
vn 0.317305 -0.948324 0.000001
vn 0.317305 -0.948324 0.000001
vn 0.317305 -0.948324 0.000001
vn 0.317305 -0.948324 0.000001
vn 0.317305 -0.948324 0.000001
vn 0.317305 -0.948324 0.000001
vn 0.317305 -0.948324 0.000001
vn 0.317305 -0.948324 0.000001
vn 0.317305 -0.948324 0.000001
vn 0.317305 -0.948324 0.000001
vn 0.317305 -0.948324 0.000001
vn 0.317305 -0.948324 -0.000005
vn 0.317305 -0.948324 -0.000005
vn 0.317305 -0.948324 -0.000005
vn 0.317302 -0.948325 -0.000003
vn 0.317302 -0.948325 -0.000003
vn 0.317302 -0.948325 -0.000003
vn 0.317301 -0.948325 0.000002
vn 0.317301 -0.948325 0.000002
vn 0.317301 -0.948325 0.000002
vn -0.317485 0.948215 -0.009572
vn -0.317485 0.948215 -0.009572
vn -0.317485 0.948215 -0.009572
vn 0.317305 -0.948324 -0.000003
vn 0.317305 -0.948324 -0.000003
vn 0.317305 -0.948324 -0.000003
vn 0.317305 -0.948324 -0.000001
vn 0.317305 -0.948324 -0.000001
vn 0.317305 -0.948324 -0.000001
vn 0.317305 -0.948324 -0.000000
vn 0.317305 -0.948324 -0.000000
vn 0.317305 -0.948324 -0.000000
vn 0.317305 -0.948324 -0.000000
vn 0.317305 -0.948324 -0.000000
vn 0.317305 -0.948324 -0.000000
vn 0.317305 -0.948324 -0.000001
vn 0.317305 -0.948324 -0.000001
vn 0.317305 -0.948324 -0.000001
vn 0.317306 -0.948323 -0.000000
vn 0.317306 -0.948323 -0.000000
vn 0.317306 -0.948323 -0.000000
vn 0.317305 -0.948324 -0.000009
vn 0.317305 -0.948324 -0.000009
vn 0.317305 -0.948324 -0.000009
vn 0.317305 -0.948324 0.000003
vn 0.317305 -0.948324 0.000003
vn 0.317305 -0.948324 0.000003
vn 0.317305 -0.948324 0.000004
vn 0.317305 -0.948324 0.000004
vn 0.317305 -0.948324 0.000004
vn 0.317305 -0.948324 0.000004
vn 0.317305 -0.948324 0.000004
vn 0.317305 -0.948324 0.000004
vn 0.105457 -0.315081 -0.943188
vn 0.105457 -0.315081 -0.943188
vn 0.105457 -0.315081 -0.943188
vn 0.105501 -0.315313 -0.943105
vn 0.105501 -0.315313 -0.943105
vn 0.105501 -0.315313 -0.943105
vn 0.317389 -0.948295 0.000007
vn 0.317389 -0.948295 0.000007
vn 0.317389 -0.948295 0.000007
vn 0.318207 -0.947852 0.017902
vn 0.318207 -0.947852 0.017902
vn 0.318207 -0.947852 0.017902
vn 0.311661 -0.950193 0.000011
vn 0.311661 -0.950193 0.000011
vn 0.311661 -0.950193 0.000011
vn 0.105261 -0.315508 -0.943067
vn 0.105261 -0.315508 -0.943067
vn 0.105261 -0.315508 -0.943067
vn 0.106187 -0.317358 -0.942342
vn 0.106187 -0.317358 -0.942342
vn 0.106187 -0.317358 -0.942342
vn 0.316474 -0.948601 -0.000018
vn 0.316474 -0.948601 -0.000018
vn 0.316474 -0.948601 -0.000018
vn 0.317273 -0.948211 0.015307
vn 0.317273 -0.948211 0.015307
vn 0.317273 -0.948211 0.015307
vn 0.316307 -0.948657 0.000022
vn 0.316307 -0.948657 0.000022
vn 0.316307 -0.948657 0.000022
vn 0.317307 -0.948323 -0.000006
vn 0.317307 -0.948323 -0.000006
vn 0.317307 -0.948323 -0.000006
vn 0.317301 -0.948325 -0.000006
vn 0.317301 -0.948325 -0.000006
vn 0.317301 -0.948325 -0.000006
vn 0.317312 -0.948321 -0.000014
vn 0.317312 -0.948321 -0.000014
vn 0.317312 -0.948321 -0.000014
vn 0.311648 -0.950194 0.002652
vn 0.311648 -0.950194 0.002652
vn 0.311648 -0.950194 0.002652
vn 0.317292 -0.948287 -0.008796
vn 0.317292 -0.948287 -0.008796
vn 0.317292 -0.948287 -0.008796
vn 0.318825 -0.947814 0.000050
vn 0.318825 -0.947814 0.000050
vn 0.318825 -0.947814 0.000050
vn 0.318818 -0.947816 -0.000014
vn 0.318818 -0.947816 -0.000014
vn 0.318818 -0.947816 -0.000014
vn 0.318818 -0.947815 0.001554
vn 0.318818 -0.947815 0.001554
vn 0.318818 -0.947815 0.001554
vn 0.317219 -0.948137 0.020217
vn 0.317219 -0.948137 0.020217
vn 0.317219 -0.948137 0.020217
vn 0.324662 -0.945774 0.010323
vn 0.324662 -0.945774 0.010323
vn 0.324662 -0.945774 0.010323
vn 0.317301 -0.948325 -0.000008
vn 0.317301 -0.948325 -0.000008
vn 0.317301 -0.948325 -0.000008
vn 0.317304 -0.948324 0.000001
vn 0.317304 -0.948324 0.000001
vn 0.317304 -0.948324 0.000001
vn 0.317305 -0.948324 0.000001
vn 0.317305 -0.948324 0.000001
vn 0.317305 -0.948324 0.000001
vn 0.317304 -0.948324 0.000001
vn 0.317304 -0.948324 0.000001
vn 0.317304 -0.948324 0.000001
vn 0.317305 -0.948324 -0.000000
vn 0.317305 -0.948324 -0.000000
vn 0.317305 -0.948324 -0.000000
vn 0.317305 -0.948324 -0.000004
vn 0.317305 -0.948324 -0.000004
vn 0.317305 -0.948324 -0.000004
vn 0.317305 -0.948324 0.000000
vn 0.317305 -0.948324 0.000000
vn 0.317305 -0.948324 0.000000
vn 0.317305 -0.948324 0.000000
vn 0.317305 -0.948324 0.000000
vn 0.317305 -0.948324 0.000000
vn 0.317305 -0.948324 -0.000003
vn 0.317305 -0.948324 -0.000003
vn 0.317305 -0.948324 -0.000003
vn 0.317305 -0.948324 -0.000003
vn 0.317305 -0.948324 -0.000003
vn 0.317305 -0.948324 -0.000003
vn 0.317303 -0.948324 -0.000001
vn 0.317303 -0.948324 -0.000001
vn 0.317303 -0.948324 -0.000001
vn 0.317303 -0.948324 -0.000001
vn 0.317303 -0.948324 -0.000001
vn 0.317303 -0.948324 -0.000001
vn 0.317313 -0.948321 -0.000001
vn 0.317313 -0.948321 -0.000001
vn 0.317313 -0.948321 -0.000001
vn 0.317309 -0.948322 -0.000004
vn 0.317309 -0.948322 -0.000004
vn 0.317309 -0.948322 -0.000004
vn 0.317305 -0.948324 -0.000003
vn 0.317305 -0.948324 -0.000003
vn 0.317305 -0.948324 -0.000003
vn 0.317305 -0.948324 -0.000003
vn 0.317305 -0.948324 -0.000003
vn 0.317305 -0.948324 -0.000003
vn 0.317305 -0.948324 -0.000001
vn 0.317305 -0.948324 -0.000001
vn 0.317305 -0.948324 -0.000001
vn 0.317305 -0.948324 -0.000001
vn 0.317305 -0.948324 -0.000001
vn 0.317305 -0.948324 -0.000001
vn 0.317305 -0.948324 -0.000001
vn 0.317305 -0.948324 -0.000001
vn 0.317305 -0.948324 -0.000001
vn 0.317305 -0.948324 -0.000001
vn 0.317305 -0.948324 -0.000001
vn 0.317305 -0.948324 -0.000001
vn 0.317305 -0.948324 -0.000003
vn 0.317305 -0.948324 -0.000003
vn 0.317305 -0.948324 -0.000003
vn 0.317305 -0.948324 -0.000003
vn 0.317305 -0.948324 -0.000003
vn 0.317305 -0.948324 -0.000003
vn 0.317305 -0.948324 -0.000001
vn 0.317305 -0.948324 -0.000001
vn 0.317305 -0.948324 -0.000001
vn 0.317305 -0.948324 -0.000001
vn 0.317305 -0.948324 -0.000001
vn 0.317305 -0.948324 -0.000001
vn 0.317305 -0.948324 -0.000001
vn 0.317305 -0.948324 -0.000001
vn 0.317305 -0.948324 -0.000001
vn 0.317305 -0.948324 -0.000001
vn 0.317305 -0.948324 -0.000001
vn 0.317305 -0.948324 -0.000001
vn 0.317305 -0.948324 -0.000003
vn 0.317305 -0.948324 -0.000003
vn 0.317305 -0.948324 -0.000003
vn 0.317305 -0.948324 -0.000003
vn 0.317305 -0.948324 -0.000003
vn 0.317305 -0.948324 -0.000003
vn 0.317305 -0.948324 -0.000001
vn 0.317305 -0.948324 -0.000001
vn 0.317305 -0.948324 -0.000001
vn 0.317305 -0.948324 -0.000001
vn 0.317305 -0.948324 -0.000001
vn 0.317305 -0.948324 -0.000001
vn 0.317305 -0.948324 -0.000001
vn 0.317305 -0.948324 -0.000001
vn 0.317305 -0.948324 -0.000001
vn 0.317305 -0.948324 -0.000001
vn 0.317305 -0.948324 -0.000001
vn 0.317305 -0.948324 -0.000001
vn 0.317305 -0.948324 -0.000001
vn 0.317305 -0.948324 -0.000001
vn 0.317305 -0.948324 -0.000001
vn 0.317303 -0.948324 -0.000005
vn 0.317303 -0.948324 -0.000005
vn 0.317303 -0.948324 -0.000005
vn 0.317306 -0.948323 0.000000
vn 0.317306 -0.948323 0.000000
vn 0.317306 -0.948323 0.000000
vn 0.317303 -0.948324 -0.000005
vn 0.317303 -0.948324 -0.000005
vn 0.317303 -0.948324 -0.000005
vn 0.317305 -0.948324 -0.000000
vn 0.317305 -0.948324 -0.000000
vn 0.317305 -0.948324 -0.000000
vn 0.317305 -0.948324 -0.000000
vn 0.317305 -0.948324 -0.000000
vn 0.317305 -0.948324 -0.000000
vn 0.317305 -0.948324 -0.000000
vn 0.317305 -0.948324 -0.000000
vn 0.317305 -0.948324 -0.000000
vn 0.317306 -0.948323 -0.000008
vn 0.317306 -0.948323 -0.000008
vn 0.317306 -0.948323 -0.000008
vn 0.317307 -0.948323 -0.000005
vn 0.317307 -0.948323 -0.000005
vn 0.317307 -0.948323 -0.000005
vn -0.411910 -0.137819 -0.900742
vn -0.411910 -0.137819 -0.900742
vn -0.411910 -0.137819 -0.900742
vn -0.411910 -0.137819 -0.900742
vn -0.411910 -0.137819 -0.900742
vn -0.411910 -0.137819 -0.900742
vn 0.924844 0.309450 -0.221142
vn 0.924844 0.309450 -0.221142
vn 0.924844 0.309450 -0.221142
vn 0.924844 0.309450 -0.221142
vn 0.924844 0.309450 -0.221142
vn 0.924844 0.309450 -0.221142
vn 0.001037 0.000352 -0.999999
vn 0.001037 0.000352 -0.999999
vn 0.001037 0.000352 -0.999999
vn 0.001037 0.000352 -0.999999
vn 0.001037 0.000352 -0.999999
vn 0.001037 0.000352 -0.999999
vn -0.001153 -0.000391 0.999999
vn -0.001153 -0.000391 0.999999
vn -0.001153 -0.000391 0.999999
vn -0.001153 -0.000391 0.999999
vn -0.001153 -0.000391 0.999999
vn -0.001153 -0.000391 0.999999
vn -0.382281 -0.127914 0.915150
vn -0.382281 -0.127914 0.915150
vn -0.382281 -0.127914 0.915150
vn -0.382281 -0.127914 0.915150
vn -0.382281 -0.127914 0.915150
vn -0.382281 -0.127914 0.915150
vn 0.394563 0.132024 -0.909335
vn 0.394563 0.132024 -0.909335
vn 0.394563 0.132024 -0.909335
vn 0.394563 0.132024 -0.909335
vn 0.394563 0.132024 -0.909335
vn 0.394563 0.132024 -0.909335
vn -0.877756 -0.293691 -0.378536
vn -0.877756 -0.293691 -0.378536
vn -0.877756 -0.293691 -0.378536
vn -0.877756 -0.293691 -0.378536
vn -0.877756 -0.293691 -0.378536
vn -0.877756 -0.293691 -0.378536
vn 0.948303 0.317298 -0.006581
vn 0.948303 0.317298 -0.006581
vn 0.948303 0.317298 -0.006581
vn 0.948303 0.317298 -0.006581
vn 0.948303 0.317298 -0.006581
vn 0.948303 0.317298 -0.006581
vn 0.000000 -0.000000 1.000000
vn 0.000000 -0.000000 1.000000
vn 0.000000 -0.000000 1.000000
vn 0.000000 -0.000000 1.000000
vn 0.000000 -0.000000 1.000000
vn 0.000000 -0.000000 1.000000
vn -0.948291 -0.317294 0.008257
vn -0.948291 -0.317294 0.008257
vn -0.948291 -0.317294 0.008257
vn -0.948291 -0.317294 0.008257
vn -0.948291 -0.317294 0.008257
vn -0.948291 -0.317294 0.008257
vn -0.006931 -0.002319 -0.999973
vn -0.006931 -0.002319 -0.999973
vn -0.006931 -0.002319 -0.999973
vn -0.006931 -0.002319 -0.999973
vn -0.006931 -0.002319 -0.999973
vn -0.006931 -0.002319 -0.999973
vn 0.948273 0.317288 -0.010321
vn 0.948273 0.317288 -0.010321
vn 0.948273 0.317288 -0.010321
vn 0.948273 0.317288 -0.010321
vn 0.948273 0.317288 -0.010321
vn 0.948273 0.317288 -0.010321
vn 0.000000 -0.000000 1.000000
vn 0.000000 -0.000000 1.000000
vn 0.000000 -0.000000 1.000000
vn 0.000000 -0.000000 1.000000
vn 0.000000 -0.000000 1.000000
vn 0.000000 -0.000000 1.000000
vn -0.948310 -0.317295 0.005639
vn -0.948310 -0.317295 0.005639
vn -0.948310 -0.317295 0.005639
vn -0.948307 -0.317304 0.005640
vn -0.948307 -0.317304 0.005640
vn -0.948307 -0.317304 0.005640
vn 0.000000 0.000000 -1.000000
vn 0.000000 0.000000 -1.000000
vn 0.000000 0.000000 -1.000000
vn 0.000000 0.000000 -1.000000
vn 0.000000 0.000000 -1.000000
vn 0.000000 0.000000 -1.000000
vn 0.013613 0.004549 0.999897
vn 0.013613 0.004549 0.999897
vn 0.013613 0.004549 0.999897
vn 0.013613 0.004549 0.999897
vn 0.013613 0.004549 0.999897
vn 0.013613 0.004549 0.999897
vn -0.948324 -0.317305 0.000000
vn -0.948324 -0.317305 0.000000
vn -0.948324 -0.317305 0.000000
vn -0.948324 -0.317305 0.000000
vn -0.948324 -0.317305 0.000000
vn -0.948324 -0.317305 0.000000
vn -0.000002 0.000005 -1.000000
vn -0.000002 0.000005 -1.000000
vn -0.000002 0.000005 -1.000000
vn -0.000002 0.000005 -1.000000
vn -0.000002 0.000005 -1.000000
vn -0.000002 0.000005 -1.000000
vn 0.947982 0.317190 -0.026850
vn 0.947982 0.317190 -0.026850
vn 0.947982 0.317190 -0.026850
vn 0.947982 0.317190 -0.026850
vn 0.947982 0.317190 -0.026850
vn 0.947982 0.317190 -0.026850
vn 0.948324 0.317305 -0.000001
vn 0.948324 0.317305 -0.000001
vn 0.948324 0.317305 -0.000001
vn 0.948324 0.317305 -0.000001
vn 0.948324 0.317305 -0.000001
vn 0.948324 0.317305 -0.000001
vn 0.000000 -0.000000 1.000000
vn 0.000000 -0.000000 1.000000
vn 0.000000 -0.000000 1.000000
vn 0.000000 -0.000000 1.000000
vn 0.000000 -0.000000 1.000000
vn 0.000000 -0.000000 1.000000
vn -0.948324 -0.317305 0.000000
vn -0.948324 -0.317305 0.000000
vn -0.948324 -0.317305 0.000000
vn -0.948324 -0.317305 0.000000
vn -0.948324 -0.317305 0.000000
vn -0.948324 -0.317305 0.000000
vn -0.000000 0.000000 -1.000000
vn -0.000000 0.000000 -1.000000
vn -0.000000 0.000000 -1.000000
vn -0.000000 0.000000 -1.000000
vn -0.000000 0.000000 -1.000000
vn -0.000000 0.000000 -1.000000
vn 0.948245 0.317278 -0.012875
vn 0.948245 0.317278 -0.012875
vn 0.948245 0.317278 -0.012875
vn 0.948245 0.317278 -0.012875
vn 0.948245 0.317278 -0.012875
vn 0.948245 0.317278 -0.012875
vn 0.000000 -0.000000 1.000000
vn 0.000000 -0.000000 1.000000
vn 0.000000 -0.000000 1.000000
vn 0.000000 -0.000000 1.000000
vn 0.000000 -0.000000 1.000000
vn 0.000000 -0.000000 1.000000
vn -0.948324 -0.317305 0.000000
vn -0.948324 -0.317305 0.000000
vn -0.948324 -0.317305 0.000000
vn -0.948324 -0.317305 0.000000
vn -0.948324 -0.317305 0.000000
vn -0.948324 -0.317305 0.000000
vn -0.000000 0.000000 -1.000000
vn -0.000000 0.000000 -1.000000
vn -0.000000 0.000000 -1.000000
vn -0.000000 0.000000 -1.000000
vn -0.000000 0.000000 -1.000000
vn -0.000000 0.000000 -1.000000
vn 0.947972 0.317187 -0.027210
vn 0.947972 0.317187 -0.027210
vn 0.947972 0.317187 -0.027210
vn 0.947972 0.317187 -0.027210
vn 0.947972 0.317187 -0.027210
vn 0.947972 0.317187 -0.027210
vn 0.000002 -0.000005 1.000000
vn 0.000002 -0.000005 1.000000
vn 0.000002 -0.000005 1.000000
vn 0.000002 -0.000005 1.000000
vn 0.000002 -0.000005 1.000000
vn 0.000002 -0.000005 1.000000
vn -0.000002 0.000005 -1.000000
vn -0.000002 0.000005 -1.000000
vn -0.000002 0.000005 -1.000000
vn -0.000002 0.000005 -1.000000
vn -0.000002 0.000005 -1.000000
vn -0.000002 0.000005 -1.000000
vn -0.948324 -0.317305 0.000000
vn -0.948324 -0.317305 0.000000
vn -0.948324 -0.317305 0.000000
vn -0.948324 -0.317305 0.000000
vn -0.948324 -0.317305 0.000000
vn -0.948324 -0.317305 0.000000
vn 0.948306 0.317299 -0.006073
vn 0.948306 0.317299 -0.006073
vn 0.948306 0.317299 -0.006073
vn 0.948306 0.317299 -0.006073
vn 0.948306 0.317299 -0.006073
vn 0.948306 0.317299 -0.006073
vn 0.000000 -0.000000 1.000000
vn 0.000000 -0.000000 1.000000
vn 0.000000 -0.000000 1.000000
vn 0.000000 -0.000000 1.000000
vn 0.000000 -0.000000 1.000000
vn 0.000000 -0.000000 1.000000
vn -0.948324 -0.317305 0.000000
vn -0.948324 -0.317305 0.000000
vn -0.948324 -0.317305 0.000000
vn -0.948324 -0.317305 0.000000
vn -0.948324 -0.317305 0.000000
vn -0.948324 -0.317305 0.000000
vn -0.000000 0.000001 -1.000000
vn -0.000000 0.000001 -1.000000
vn -0.000000 0.000001 -1.000000
vn -0.000000 0.000001 -1.000000
vn -0.000000 0.000001 -1.000000
vn -0.000000 0.000001 -1.000000
vn 0.948277 0.317289 -0.009947
vn 0.948277 0.317289 -0.009947
vn 0.948277 0.317289 -0.009947
vn 0.948277 0.317289 -0.009947
vn 0.948277 0.317289 -0.009947
vn 0.948277 0.317289 -0.009947
vn 0.000000 -0.000000 1.000000
vn 0.000000 -0.000000 1.000000
vn 0.000000 -0.000000 1.000000
vn 0.000000 -0.000000 1.000000
vn 0.000000 -0.000000 1.000000
vn 0.000000 -0.000000 1.000000
vn -0.948260 -0.317283 0.011569
vn -0.948260 -0.317283 0.011569
vn -0.948260 -0.317283 0.011569
vn -0.948260 -0.317283 0.011569
vn -0.948260 -0.317283 0.011569
vn -0.948260 -0.317283 0.011569
vn -0.000000 0.000000 -1.000000
vn -0.000000 0.000000 -1.000000
vn -0.000000 0.000000 -1.000000
vn -0.000000 0.000000 -1.000000
vn -0.000000 0.000000 -1.000000
vn -0.000000 0.000000 -1.000000
vn 0.948324 0.317305 -0.000005
vn 0.948324 0.317305 -0.000005
vn 0.948324 0.317305 -0.000005
vn 0.948324 0.317305 -0.000005
vn 0.948324 0.317305 -0.000005
vn 0.948324 0.317305 -0.000005
vn 0.000002 -0.000005 1.000000
vn 0.000002 -0.000005 1.000000
vn 0.000002 -0.000005 1.000000
vn 0.000002 -0.000005 1.000000
vn 0.000002 -0.000005 1.000000
vn 0.000002 -0.000005 1.000000
vn -0.000002 0.000005 -1.000000
vn -0.000002 0.000005 -1.000000
vn -0.000002 0.000005 -1.000000
vn -0.000002 0.000005 -1.000000
vn -0.000002 0.000005 -1.000000
vn -0.000002 0.000005 -1.000000
vn -0.948324 -0.317305 0.000000
vn -0.948324 -0.317305 0.000000
vn -0.948324 -0.317305 0.000000
vn -0.948324 -0.317305 0.000000
vn -0.948324 -0.317305 0.000000
vn -0.948324 -0.317305 0.000000
vn 0.000002 -0.000006 1.000000
vn 0.000002 -0.000006 1.000000
vn 0.000002 -0.000006 1.000000
vn 0.000002 -0.000006 1.000000
vn 0.000002 -0.000006 1.000000
vn 0.000002 -0.000006 1.000000
vn -0.948291 -0.317294 -0.008358
vn -0.948291 -0.317294 -0.008358
vn -0.948291 -0.317294 -0.008358
vn -0.948291 -0.317293 -0.008358
vn -0.948291 -0.317293 -0.008358
vn -0.948291 -0.317293 -0.008358
vn 0.948324 0.317305 -0.000030
vn 0.948324 0.317305 -0.000030
vn 0.948324 0.317305 -0.000030
vn 0.948323 0.317305 -0.000030
vn 0.948323 0.317305 -0.000030
vn 0.948323 0.317305 -0.000030
vn -0.000000 0.000000 -1.000000
vn -0.000000 0.000000 -1.000000
vn -0.000000 0.000000 -1.000000
vn -0.000000 0.000000 -1.000000
vn -0.000000 0.000000 -1.000000
vn -0.000000 0.000000 -1.000000
vn 0.948317 0.317302 -0.003693
vn 0.948317 0.317302 -0.003693
vn 0.948317 0.317302 -0.003693
vn 0.948317 0.317302 -0.003693
vn 0.948317 0.317302 -0.003693
vn 0.948317 0.317302 -0.003693
vn 0.000000 -0.000000 1.000000
vn 0.000000 -0.000000 1.000000
vn 0.000000 -0.000000 1.000000
vn 0.000000 -0.000000 1.000000
vn 0.000000 -0.000000 1.000000
vn 0.000000 -0.000000 1.000000
vn -0.948324 -0.317305 0.000000
vn -0.948324 -0.317305 0.000000
vn -0.948324 -0.317305 0.000000
vn -0.948324 -0.317305 0.000000
vn -0.948324 -0.317305 0.000000
vn -0.948324 -0.317305 0.000000
vn -0.000000 0.000000 -1.000000
vn -0.000000 0.000000 -1.000000
vn -0.000000 0.000000 -1.000000
vn -0.000000 0.000000 -1.000000
vn -0.000000 0.000000 -1.000000
vn -0.000000 0.000000 -1.000000
vn 0.948319 0.317303 -0.003217
vn 0.948319 0.317303 -0.003217
vn 0.948319 0.317303 -0.003217
vn 0.948342 0.317251 -0.000142
vn 0.948342 0.317251 -0.000142
vn 0.948342 0.317251 -0.000142
vn 0.948324 0.317305 -0.000023
vn 0.948324 0.317305 -0.000023
vn 0.948324 0.317305 -0.000023
vn 0.634475 0.212297 -0.743217
vn 0.634475 0.212297 -0.743217
vn 0.634475 0.212297 -0.743217
vn -0.944781 -0.326217 -0.031165
vn -0.944781 -0.326217 -0.031165
vn -0.944781 -0.326217 -0.031165
vn -0.945046 -0.326309 0.020254
vn -0.945046 -0.326309 0.020254
vn -0.945046 -0.326309 0.020254
vn -0.948346 -0.317238 0.000062
vn -0.948346 -0.317238 0.000062
vn -0.948346 -0.317238 0.000062
vn 0.948324 0.317305 -0.000035
vn 0.948324 0.317305 -0.000035
vn 0.948324 0.317305 -0.000035
vn 0.948324 0.317305 -0.000035
vn 0.948324 0.317305 -0.000035
vn 0.948324 0.317305 -0.000035
vn -0.000002 0.000006 -1.000000
vn -0.000002 0.000006 -1.000000
vn -0.000002 0.000006 -1.000000
vn -0.000001 0.000003 -1.000000
vn -0.000001 0.000003 -1.000000
vn -0.000001 0.000003 -1.000000
vn 0.846318 0.283281 0.451107
vn 0.846318 0.283281 0.451107
vn 0.846318 0.283281 0.451107
vn -0.866024 -0.290192 0.407173
vn -0.866024 -0.290192 0.407173
vn -0.866024 -0.290192 0.407173
vn -0.948184 -0.317720 0.000610
vn -0.948184 -0.317720 0.000610
vn -0.948184 -0.317720 0.000610
vn -0.948324 -0.317303 -0.000010
vn -0.948324 -0.317303 -0.000010
vn -0.948324 -0.317303 -0.000010
vn 0.948328 0.317292 -0.000037
vn 0.948328 0.317292 -0.000037
vn 0.948328 0.317292 -0.000037
vn 0.948288 0.317410 -0.000003
vn 0.948288 0.317410 -0.000003
vn 0.948288 0.317410 -0.000003
vn -0.948324 -0.317305 -0.000014
vn -0.948324 -0.317305 -0.000014
vn -0.948324 -0.317305 -0.000014
vn -0.948324 -0.317304 -0.000017
vn -0.948324 -0.317304 -0.000017
vn -0.948324 -0.317304 -0.000017
vn 0.948324 0.317305 0.000011
vn 0.948324 0.317305 0.000011
vn 0.948324 0.317305 0.000011
vn 0.948324 0.317305 0.000012
vn 0.948324 0.317305 0.000012
vn 0.948324 0.317305 0.000012
vn 0.948324 0.317304 -0.000073
vn 0.948324 0.317304 -0.000073
vn 0.948324 0.317304 -0.000073
vn 0.948324 0.317304 -0.000074
vn 0.948324 0.317304 -0.000074
vn 0.948324 0.317304 -0.000074
vn -0.000004 -0.000000 -1.000000
vn -0.000004 -0.000000 -1.000000
vn -0.000004 -0.000000 -1.000000
vn -0.000008 -0.000002 -1.000000
vn -0.000008 -0.000002 -1.000000
vn -0.000008 -0.000002 -1.000000
vn -0.948325 -0.317302 -0.000003
vn -0.948325 -0.317302 -0.000003
vn -0.948325 -0.317302 -0.000003
vn -0.948328 -0.317292 -0.000038
vn -0.948328 -0.317292 -0.000038
vn -0.948328 -0.317292 -0.000038
vn 0.000003 0.000001 -1.000000
vn 0.000003 0.000001 -1.000000
vn 0.000003 0.000001 -1.000000
vn 0.000003 0.000001 -1.000000
vn 0.000003 0.000001 -1.000000
vn 0.000003 0.000001 -1.000000
vn 0.317305 -0.948324 0.000006
vn 0.317305 -0.948324 0.000006
vn 0.317305 -0.948324 0.000006
vn 0.317305 -0.948324 0.000005
vn 0.317305 -0.948324 0.000005
vn 0.317305 -0.948324 0.000005
vn 0.317305 -0.948324 0.000005
vn 0.317305 -0.948324 0.000005
vn 0.317305 -0.948324 0.000005
vn 0.317305 -0.948323 -0.000000
vn 0.317305 -0.948323 -0.000000
vn 0.317305 -0.948323 -0.000000
vn 0.317298 -0.948326 -0.000001
vn 0.317298 -0.948326 -0.000001
vn 0.317298 -0.948326 -0.000001
vn 0.317299 -0.948325 0.000002
vn 0.317299 -0.948325 0.000002
vn 0.317299 -0.948325 0.000002
vn 0.317298 -0.948326 -0.000003
vn 0.317298 -0.948326 -0.000003
vn 0.317298 -0.948326 -0.000003
vn 0.317307 -0.948323 -0.000007
vn 0.317307 -0.948323 -0.000007
vn 0.317307 -0.948323 -0.000007
vn 0.317305 -0.948324 -0.000004
vn 0.317305 -0.948324 -0.000004
vn 0.317305 -0.948324 -0.000004
vn 0.317298 -0.948326 0.000001
vn 0.317298 -0.948326 0.000001
vn 0.317298 -0.948326 0.000001
vn 0.317307 -0.948323 -0.000000
vn 0.317307 -0.948323 -0.000000
vn 0.317307 -0.948323 -0.000000
vn 0.317305 -0.948324 0.000002
vn 0.317305 -0.948324 0.000002
vn 0.317305 -0.948324 0.000002
vn 0.317260 -0.948339 0.000007
vn 0.317260 -0.948339 0.000007
vn 0.317260 -0.948339 0.000007
vn 0.316875 -0.948467 0.000001
vn 0.316875 -0.948467 0.000001
vn 0.316875 -0.948467 0.000001
vn 0.317246 -0.948343 0.000006
vn 0.317246 -0.948343 0.000006
vn 0.317246 -0.948343 0.000006
vn 0.027033 -0.080793 0.996364
vn 0.027033 -0.080793 0.996364
vn 0.027033 -0.080793 0.996364
vn 0.018624 -0.055661 0.998276
vn 0.018624 -0.055661 0.998276
vn 0.018624 -0.055661 0.998276
vn -0.317305 0.948324 -0.000006
vn -0.317305 0.948324 -0.000006
vn -0.317305 0.948324 -0.000006
vn -0.317304 0.948324 -0.000008
vn -0.317304 0.948324 -0.000008
vn -0.317304 0.948324 -0.000008
vn -0.317305 0.948324 0.000053
vn -0.317305 0.948324 0.000053
vn -0.317305 0.948324 0.000053
vn -0.317305 0.948324 0.000053
vn -0.317305 0.948324 0.000053
vn -0.317305 0.948324 0.000053
vn -0.073238 0.997315 0.000005
vn -0.073238 0.997315 0.000005
vn -0.073238 0.997315 0.000005
vn -0.073239 0.997314 0.000003
vn -0.073239 0.997314 0.000003
vn -0.073239 0.997314 0.000003
vn -0.073231 0.997315 0.000000
vn -0.073231 0.997315 0.000000
vn -0.073231 0.997315 0.000000
vn -0.073241 0.997314 -0.000001
vn -0.073241 0.997314 -0.000001
vn -0.073241 0.997314 -0.000001
vn -0.073247 0.997314 0.000000
vn -0.073247 0.997314 0.000000
vn -0.073247 0.997314 0.000000
vn -0.073239 0.997314 -0.000001
vn -0.073239 0.997314 -0.000001
vn -0.073239 0.997314 -0.000001
vn -0.073239 0.997314 -0.000001
vn -0.073239 0.997314 -0.000001
vn -0.073239 0.997314 -0.000001
vn -0.073239 0.997314 -0.000001
vn -0.073239 0.997314 -0.000001
vn -0.073239 0.997314 -0.000001
vn -0.073241 0.997314 -0.000007
vn -0.073241 0.997314 -0.000007
vn -0.073241 0.997314 -0.000007
vn -0.073237 0.997315 0.000001
vn -0.073237 0.997315 0.000001
vn -0.073237 0.997315 0.000001
vn -0.073235 0.997315 -0.000000
vn -0.073235 0.997315 -0.000000
vn -0.073235 0.997315 -0.000000
vn -0.073235 0.997315 0.000012
vn -0.073235 0.997315 0.000012
vn -0.073235 0.997315 0.000012
vn -0.073239 0.997315 0.000003
vn -0.073239 0.997315 0.000003
vn -0.073239 0.997315 0.000003
vn -0.073244 0.997314 0.000002
vn -0.073244 0.997314 0.000002
vn -0.073244 0.997314 0.000002
vn -0.073242 0.997314 -0.000004
vn -0.073242 0.997314 -0.000004
vn -0.073242 0.997314 -0.000004
vn -0.073240 0.997314 -0.000003
vn -0.073240 0.997314 -0.000003
vn -0.073240 0.997314 -0.000003
vn -0.073237 0.997315 0.000002
vn -0.073237 0.997315 0.000002
vn -0.073237 0.997315 0.000002
vn -0.073238 0.997315 0.000001
vn -0.073238 0.997315 0.000001
vn -0.073238 0.997315 0.000001
vn -0.073243 0.997314 -0.000003
vn -0.073243 0.997314 -0.000003
vn -0.073243 0.997314 -0.000003
vn -0.073239 0.997314 0.000001
vn -0.073239 0.997314 0.000001
vn -0.073239 0.997314 0.000001
vn -0.073241 0.997314 -0.000005
vn -0.073241 0.997314 -0.000005
vn -0.073241 0.997314 -0.000005
vn -0.073237 0.997315 0.000000
vn -0.073237 0.997315 0.000000
vn -0.073237 0.997315 0.000000
vn -0.073239 0.997314 -0.000000
vn -0.073239 0.997314 -0.000000
vn -0.073239 0.997314 -0.000000
vn -0.073239 0.997314 -0.000003
vn -0.073239 0.997314 -0.000003
vn -0.073239 0.997314 -0.000003
vn -0.073221 0.997316 0.000006
vn -0.073221 0.997316 0.000006
vn -0.073221 0.997316 0.000006
vn -0.073239 0.997314 -0.000000
vn -0.073239 0.997314 -0.000000
vn -0.073239 0.997314 -0.000000
vn -0.091899 0.995768 0.000006
vn -0.091899 0.995768 0.000006
vn -0.091899 0.995768 0.000006
vn -0.073236 0.997315 -0.000001
vn -0.073236 0.997315 -0.000001
vn -0.073236 0.997315 -0.000001
vn -0.073222 0.997316 0.000041
vn -0.073222 0.997316 0.000041
vn -0.073222 0.997316 0.000041
vn -0.054160 0.737513 -0.673158
vn -0.054160 0.737513 -0.673158
vn -0.054160 0.737513 -0.673158
vn -0.073238 0.997315 -0.000002
vn -0.073238 0.997315 -0.000002
vn -0.073238 0.997315 -0.000002
vn -0.073239 0.997314 0.000014
vn -0.073239 0.997314 0.000014
vn -0.073239 0.997314 0.000014
vn -0.073234 0.997315 0.000006
vn -0.073234 0.997315 0.000006
vn -0.073234 0.997315 0.000006
vn -0.073239 0.997314 0.000001
vn -0.073239 0.997314 0.000001
vn -0.073239 0.997314 0.000001
vn -0.073237 0.997315 -0.000004
vn -0.073237 0.997315 -0.000004
vn -0.073237 0.997315 -0.000004
vn -0.073239 0.997314 0.000001
vn -0.073239 0.997314 0.000001
vn -0.073239 0.997314 0.000001
vn -0.073239 0.997314 0.000000
vn -0.073239 0.997314 0.000000
vn -0.073239 0.997314 0.000000
vn -0.073239 0.997315 0.000001
vn -0.073239 0.997315 0.000001
vn -0.073239 0.997315 0.000001
vn -0.073239 0.997314 0.000004
vn -0.073239 0.997314 0.000004
vn -0.073239 0.997314 0.000004
vn -0.073243 0.997314 -0.000000
vn -0.073243 0.997314 -0.000000
vn -0.073243 0.997314 -0.000000
vn -0.073236 0.997315 0.000001
vn -0.073236 0.997315 0.000001
vn -0.073236 0.997315 0.000001
vn -0.073244 0.997314 -0.000002
vn -0.073244 0.997314 -0.000002
vn -0.073244 0.997314 -0.000002
vn -0.054160 0.737513 -0.673157
vn -0.054160 0.737513 -0.673157
vn -0.054160 0.737513 -0.673157
vn -0.073221 0.997316 0.000015
vn -0.073221 0.997316 0.000015
vn -0.073221 0.997316 0.000015
vn -0.073237 0.997315 0.000003
vn -0.073237 0.997315 0.000003
vn -0.073237 0.997315 0.000003
vn -0.073243 0.997314 -0.000005
vn -0.073243 0.997314 -0.000005
vn -0.073243 0.997314 -0.000005
vn -0.073239 0.997314 -0.000002
vn -0.073239 0.997314 -0.000002
vn -0.073239 0.997314 -0.000002
vn -0.073241 0.997314 -0.000002
vn -0.073241 0.997314 -0.000002
vn -0.073241 0.997314 -0.000002
vn -0.073242 0.997314 -0.000002
vn -0.073242 0.997314 -0.000002
vn -0.073242 0.997314 -0.000002
vn -0.073238 0.997315 0.000001
vn -0.073238 0.997315 0.000001
vn -0.073238 0.997315 0.000001
vn -0.073239 0.997314 0.000001
vn -0.073239 0.997314 0.000001
vn -0.073239 0.997314 0.000001
vn -0.073240 0.997314 -0.000002
vn -0.073240 0.997314 -0.000002
vn -0.073240 0.997314 -0.000002
vn -0.073236 0.997315 0.000001
vn -0.073236 0.997315 0.000001
vn -0.073236 0.997315 0.000001
vn -0.073239 0.997314 -0.000001
vn -0.073239 0.997314 -0.000001
vn -0.073239 0.997314 -0.000001
vn -0.073242 0.997314 -0.000004
vn -0.073242 0.997314 -0.000004
vn -0.073242 0.997314 -0.000004
vn -0.073238 0.997315 -0.000004
vn -0.073238 0.997315 -0.000004
vn -0.073238 0.997315 -0.000004
vn -0.073230 0.997315 0.000003
vn -0.073230 0.997315 0.000003
vn -0.073230 0.997315 0.000003
vn -0.073239 0.997314 0.000048
vn -0.073239 0.997314 0.000048
vn -0.073239 0.997314 0.000048
vn -0.073240 0.997314 0.000060
vn -0.073240 0.997314 0.000060
vn -0.073240 0.997314 0.000060
vn -0.073240 0.997314 0.000038
vn -0.073240 0.997314 0.000038
vn -0.073240 0.997314 0.000038
vn -0.073239 0.997314 0.000026
vn -0.073239 0.997314 0.000026
vn -0.073239 0.997314 0.000026
vn -0.073242 0.997314 0.000019
vn -0.073242 0.997314 0.000019
vn -0.073242 0.997314 0.000019
vn -0.073244 0.997314 0.000035
vn -0.073244 0.997314 0.000035
vn -0.073244 0.997314 0.000035
vn -0.073242 0.997314 0.000019
vn -0.073242 0.997314 0.000019
vn -0.073242 0.997314 0.000019
vn 0.073240 -0.997314 -0.000054
vn 0.073240 -0.997314 -0.000054
vn 0.073240 -0.997314 -0.000054
vn 0.000001 0.000000 -1.000000
vn 0.000001 0.000000 -1.000000
vn 0.000001 0.000000 -1.000000
vn 0.000001 -0.000009 -1.000000
vn 0.000001 -0.000009 -1.000000
vn 0.000001 -0.000009 -1.000000
vn -0.997317 -0.073206 0.000118
vn -0.997317 -0.073206 0.000118
vn -0.997317 -0.073206 0.000118
vn -0.997315 -0.073234 0.000120
vn -0.997315 -0.073234 0.000120
vn -0.997315 -0.073234 0.000120
vn -0.997317 -0.073197 0.000119
vn -0.997317 -0.073197 0.000119
vn -0.997317 -0.073197 0.000119
vn -0.997319 -0.073178 0.000118
vn -0.997319 -0.073178 0.000118
vn -0.997319 -0.073178 0.000118
vn 0.997316 0.073225 -0.000119
vn 0.997316 0.073225 -0.000119
vn 0.997316 0.073225 -0.000119
vn 0.997313 0.073253 -0.000118
vn 0.997313 0.073253 -0.000118
vn 0.997313 0.073253 -0.000118
vn -0.997316 -0.073215 0.000119
vn -0.997316 -0.073215 0.000119
vn -0.997316 -0.073215 0.000119
vn -0.997313 -0.073262 0.000121
vn -0.997313 -0.073262 0.000121
vn -0.997313 -0.073262 0.000121
vn -0.000001 -0.000009 -1.000000
vn -0.000001 -0.000009 -1.000000
vn -0.000001 -0.000009 -1.000000
vn -0.000001 0.000010 -1.000000
vn -0.000001 0.000010 -1.000000
vn -0.000001 0.000010 -1.000000
vn 0.997313 0.073252 -0.000119
vn 0.997313 0.073252 -0.000119
vn 0.997313 0.073252 -0.000119
vn 0.997315 0.073224 -0.000120
vn 0.997315 0.073224 -0.000120
vn 0.997315 0.073224 -0.000120
vn -0.997315 -0.073234 0.000119
vn -0.997315 -0.073234 0.000119
vn -0.997315 -0.073234 0.000119
vn -0.997316 -0.073224 0.000118
vn -0.997316 -0.073224 0.000118
vn -0.997316 -0.073224 0.000118
vn 0.000001 -0.000019 -1.000000
vn 0.000001 -0.000019 -1.000000
vn 0.000001 -0.000019 -1.000000
vn 0.000001 0.000000 -1.000000
vn 0.000001 0.000000 -1.000000
vn 0.000001 0.000000 -1.000000
vn 0.997315 0.073234 -0.000209
vn 0.997315 0.073234 -0.000209
vn 0.997315 0.073234 -0.000209
vn 0.997314 0.073243 -0.000207
vn 0.997314 0.073243 -0.000207
vn 0.997314 0.073243 -0.000207
vn -0.030508 0.212156 0.976759
vn -0.030508 0.212156 0.976759
vn -0.030508 0.212156 0.976759
vn 0.000000 -0.000000 1.000000
vn 0.000000 -0.000000 1.000000
vn 0.000000 -0.000000 1.000000
vn 0.997314 0.073243 -0.000120
vn 0.997314 0.073243 -0.000120
vn 0.997314 0.073243 -0.000120
vn 0.997313 0.073252 -0.000119
vn 0.997313 0.073252 -0.000119
vn 0.997313 0.073252 -0.000119
vn 0.000000 -0.000000 1.000000
vn 0.000000 -0.000000 1.000000
vn 0.000000 -0.000000 1.000000
vn 0.000000 -0.000000 1.000000
vn 0.000000 -0.000000 1.000000
vn 0.000000 -0.000000 1.000000
vn 0.997316 0.073211 -0.000119
vn 0.997316 0.073211 -0.000119
vn 0.997316 0.073211 -0.000119
vn 0.997314 0.073250 -0.000117
vn 0.997314 0.073250 -0.000117
vn 0.997314 0.073250 -0.000117
vn -0.000001 -0.000003 1.000000
vn -0.000001 -0.000003 1.000000
vn -0.000001 -0.000003 1.000000
vn -0.000000 -0.000005 1.000000
vn -0.000000 -0.000005 1.000000
vn -0.000000 -0.000005 1.000000
vn 0.000000 0.000000 -1.000000
vn 0.000000 0.000000 -1.000000
vn 0.000000 0.000000 -1.000000
vn 0.000000 0.000002 -1.000000
vn 0.000000 0.000002 -1.000000
vn 0.000000 0.000002 -1.000000
vn 0.000000 -0.000000 1.000000
vn 0.000000 -0.000000 1.000000
vn 0.000000 -0.000000 1.000000
vn -0.000001 0.000009 1.000000
vn -0.000001 0.000009 1.000000
vn -0.000001 0.000009 1.000000
vn -0.000002 -0.000000 1.000000
vn -0.000002 -0.000000 1.000000
vn -0.000002 -0.000000 1.000000
vn 0.000000 -0.000005 1.000000
vn 0.000000 -0.000005 1.000000
vn 0.000000 -0.000005 1.000000
vn -0.997313 -0.073252 0.000212
vn -0.997313 -0.073252 0.000212
vn -0.997313 -0.073252 0.000212
vn -0.997315 -0.073225 0.000204
vn -0.997315 -0.073225 0.000204
vn -0.997315 -0.073225 0.000204
vn -0.000002 0.000001 -1.000000
vn -0.000002 0.000001 -1.000000
vn -0.000002 0.000001 -1.000000
vn -0.000000 0.000006 -1.000000
vn -0.000000 0.000006 -1.000000
vn -0.000000 0.000006 -1.000000
vn -0.000000 0.000000 -1.000000
vn -0.000000 0.000000 -1.000000
vn -0.000000 0.000000 -1.000000
vn -0.000000 -0.000005 -1.000000
vn -0.000000 -0.000005 -1.000000
vn -0.000000 -0.000005 -1.000000
vn 0.997312 0.073271 -0.000120
vn 0.997312 0.073271 -0.000120
vn 0.997312 0.073271 -0.000120
vn 0.997312 0.073271 -0.000120
vn 0.997312 0.073271 -0.000120
vn 0.997312 0.073271 -0.000120
vn -0.997315 -0.073234 0.000119
vn -0.997315 -0.073234 0.000119
vn -0.997315 -0.073234 0.000119
vn -0.997316 -0.073220 0.000118
vn -0.997316 -0.073220 0.000118
vn -0.997316 -0.073220 0.000118
vn -0.000000 0.000000 -1.000000
vn -0.000000 0.000000 -1.000000
vn -0.000000 0.000000 -1.000000
vn -0.000000 0.000000 -1.000000
vn -0.000000 0.000000 -1.000000
vn -0.000000 0.000000 -1.000000
vn -0.997315 -0.073234 0.000119
vn -0.997315 -0.073234 0.000119
vn -0.997315 -0.073234 0.000119
vn -0.997313 -0.073253 0.000121
vn -0.997313 -0.073253 0.000121
vn -0.997313 -0.073253 0.000121
vn 0.997315 0.073225 -0.000119
vn 0.997315 0.073225 -0.000119
vn 0.997315 0.073225 -0.000119
vn 0.997315 0.073229 -0.000119
vn 0.997315 0.073229 -0.000119
vn 0.997315 0.073229 -0.000119
vn -0.000001 0.000009 1.000000
vn -0.000001 0.000009 1.000000
vn -0.000001 0.000009 1.000000
vn 0.000000 0.000005 1.000000
vn 0.000000 0.000005 1.000000
vn 0.000000 0.000005 1.000000
vn -0.000000 0.000005 1.000000
vn -0.000000 0.000005 1.000000
vn -0.000000 0.000005 1.000000
vn -0.000000 0.000005 1.000000
vn -0.000000 0.000005 1.000000
vn -0.000000 0.000005 1.000000
vn 0.995725 0.092257 0.004448
vn 0.995725 0.092257 0.004448
vn 0.995725 0.092257 0.004448
vn 0.996143 0.087743 -0.000107
vn 0.996143 0.087743 -0.000107
vn 0.996143 0.087743 -0.000107
vn -0.073236 0.997315 0.000001
vn -0.073236 0.997315 0.000001
vn -0.073236 0.997315 0.000001
vn -0.073235 0.997315 0.000006
vn -0.073235 0.997315 0.000006
vn -0.073235 0.997315 0.000006
vn -0.073238 0.997314 0.000000
vn -0.073238 0.997314 0.000000
vn -0.073238 0.997314 0.000000
vn 0.994195 0.107044 0.010869
vn 0.994149 0.107479 0.010752
vn 0.994369 0.105363 0.011321
vn 0.994369 0.105363 0.011321
vn 0.994410 0.104969 0.011426
vn 0.994195 0.107044 0.010869
vn -0.081669 0.996566 0.013655
vn -0.081670 0.996566 0.013656
vn -0.081669 0.996566 0.013656
vn -0.081669 0.996566 0.013656
vn -0.081669 0.996566 0.013655
vn -0.081669 0.996566 0.013655
vn -0.994311 -0.105939 0.011041
vn -0.994517 -0.103947 0.011413
vn -0.994196 -0.107039 0.010835
vn -0.994311 -0.105939 0.011041
vn -0.994196 -0.107039 0.010835
vn -0.994149 -0.107479 0.010753
vn -0.994311 -0.105939 0.011041
vn -0.994149 -0.107479 0.010753
vn -0.994149 -0.107479 0.010753
vn 0.081670 -0.996566 0.013655
vn 0.081670 -0.996566 0.013655
vn 0.081670 -0.996566 0.013655
vn 0.081670 -0.996566 0.013655
vn 0.081670 -0.996566 0.013655
vn 0.081670 -0.996566 0.013655
vn -0.081678 0.996659 -0.000000
vn -0.081678 0.996659 0.000000
vn -0.081678 0.996659 -0.000001
vn -0.081678 0.996659 -0.000001
vn -0.081678 0.996659 -0.000001
vn -0.081678 0.996659 -0.000000
vn -0.996358 -0.085271 0.000000
vn -0.996358 -0.085271 0.000000
vn -0.996358 -0.085271 0.000000
vn -0.996358 -0.085271 0.000000
vn -0.996358 -0.085271 0.000000
vn -0.996358 -0.085271 0.000000
vn 0.996358 0.085270 -0.000000
vn 0.996358 0.085269 0.000000
vn 0.996358 0.085270 -0.000000
vn 0.996358 0.085270 -0.000000
vn 0.996358 0.085271 -0.000001
vn 0.996358 0.085270 -0.000000
vn 0.081678 -0.996659 -0.000000
vn 0.081678 -0.996659 -0.000000
vn 0.081678 -0.996659 -0.000000
vn 0.081678 -0.996659 -0.000000
vn 0.081678 -0.996659 -0.000000
vn 0.081678 -0.996659 -0.000000
vn 0.995053 0.099214 0.005018
vn 0.995039 0.099359 0.004988
vn 0.995133 0.098406 0.005185
vn 0.995133 0.098406 0.005185
vn 0.995146 0.098272 0.005213
vn 0.995053 0.099214 0.005018
vn 0.081675 -0.996638 0.006528
vn 0.081675 -0.996638 0.006528
vn 0.081675 -0.996638 0.006528
vn 0.081675 -0.996638 0.006528
vn 0.081675 -0.996638 0.006528
vn 0.081675 -0.996638 0.006528
vn -0.995092 -0.098826 0.005085
vn -0.995160 -0.098130 0.005212
vn -0.995053 -0.099215 0.005014
vn -0.995092 -0.098826 0.005085
vn -0.995053 -0.099215 0.005014
vn -0.995039 -0.099360 0.004988
vn -0.995092 -0.098826 0.005085
vn -0.995039 -0.099360 0.004988
vn -0.995039 -0.099362 0.004988
vn -0.081671 0.996638 0.006528
vn -0.081675 0.996638 0.006528
vn -0.081676 0.996638 0.006528
vn -0.081671 0.996638 0.006528
vn -0.081676 0.996638 0.006528
vn -0.081676 0.996638 0.006528
vn -0.081671 0.996638 0.006528
vn -0.081676 0.996638 0.006528
vn -0.081670 0.996638 0.006528
vn 0.995353 0.095579 0.011714
vn 0.995353 0.095578 0.011714
vn 0.995353 0.095578 0.011714
vn 0.995353 0.095578 0.011714
vn 0.995353 0.095579 0.011714
vn 0.995353 0.095579 0.011714
vn 0.095580 -0.995375 0.009612
vn 0.095581 -0.995375 0.009612
vn 0.095579 -0.995375 0.009612
vn 0.095579 -0.995375 0.009612
vn 0.095580 -0.995375 0.009611
vn 0.095578 -0.995376 0.009613
vn 0.095580 -0.995375 0.009612
vn 0.095579 -0.995375 0.009612
vn 0.095578 -0.995376 0.009613
vn -0.095582 0.995375 0.009610
vn -0.095581 0.995375 0.009610
vn -0.095581 0.995375 0.009610
vn -0.095581 0.995375 0.009610
vn -0.095582 0.995375 0.009610
vn -0.095581 0.995375 0.009610
vn -0.095581 0.995375 0.009610
vn -0.095581 0.995375 0.009610
vn -0.095581 0.995375 0.009610
vn -0.995353 -0.095578 0.011715
vn -0.995353 -0.095578 0.011715
vn -0.995353 -0.095578 0.011715
vn -0.995353 -0.095578 0.011715
vn -0.995353 -0.095578 0.011715
vn -0.995353 -0.095578 0.011715
vn -0.175079 0.984386 0.018196
vn -0.175079 0.984386 0.018196
vn -0.175079 0.984386 0.018196
vn -0.175079 0.984386 0.018196
vn -0.175079 0.984386 0.018196
vn -0.175079 0.984386 0.018196
vn -0.986048 -0.165431 0.018512
vn -0.986015 -0.165633 0.018454
vn -0.986185 -0.164580 0.018757
vn -0.986185 -0.164580 0.018757
vn -0.986224 -0.164340 0.018827
vn -0.986048 -0.165431 0.018512
vn 0.175082 -0.984386 0.018196
vn 0.175082 -0.984386 0.018196
vn 0.175083 -0.984386 0.018196
vn 0.175083 -0.984386 0.018196
vn 0.175083 -0.984385 0.018196
vn 0.175082 -0.984386 0.018196
vn 0.986184 0.164584 0.018777
vn 0.986224 0.164340 0.018827
vn 0.985972 0.165884 0.018509
vn 0.985972 0.165884 0.018509
vn 0.985935 0.166107 0.018463
vn 0.986184 0.164584 0.018777
vn 0.000000 -0.000000 1.000000
vn 0.000000 -0.000000 1.000000
vn 0.000000 -0.000000 1.000000
vn 0.000000 -0.000000 1.000000
vn 0.000000 -0.000000 1.000000
vn 0.000000 -0.000000 1.000000
vn 0.117195 -0.993070 0.008855
vn 0.116449 -0.993159 0.008632
vn 0.116608 -0.993140 0.008679
vn 0.116608 -0.993140 0.008679
vn 0.117293 -0.993058 0.008884
vn 0.117195 -0.993070 0.008855
vn -0.992588 -0.121254 0.008101
vn -0.992579 -0.121327 0.008123
vn -0.992582 -0.121309 0.008118
vn -0.992582 -0.121309 0.008118
vn -0.992590 -0.121238 0.008096
vn -0.992588 -0.121254 0.008101
vn -0.117211 0.993069 0.008668
vn -0.117310 0.993058 0.008639
vn -0.116613 0.993138 0.008845
vn -0.116613 0.993138 0.008845
vn -0.116454 0.993156 0.008892
vn -0.117211 0.993069 0.008668
vn 0.992593 0.121214 0.008107
vn 0.992608 0.121093 0.008121
vn 0.992582 0.121307 0.008097
vn 0.992593 0.121214 0.008107
vn 0.992582 0.121307 0.008097
vn 0.992580 0.121324 0.008095
vn 0.992593 0.121214 0.008107
vn 0.992580 0.121324 0.008095
vn 0.992580 0.121322 0.008094
vn 0.742747 0.072670 -0.665616
vn 0.742747 0.072670 -0.665616
vn 0.742747 0.072670 -0.665616
vn 0.742747 0.072664 -0.665618
vn 0.742747 0.072664 -0.665618
vn 0.742747 0.072664 -0.665618
vn 0.742748 0.072666 -0.665616
vn 0.742748 0.072666 -0.665616
vn 0.742748 0.072666 -0.665616
vn 0.000000 -0.000000 1.000000
vn 0.000000 -0.000000 1.000000
vn 0.000000 -0.000000 1.000000
vn 0.000000 -0.000000 1.000000
vn 0.000000 -0.000000 1.000000
vn 0.000000 -0.000000 1.000000
vn 0.000000 -0.000000 1.000000
vn 0.000000 -0.000000 1.000000
vn 0.000000 -0.000000 1.000000
vn 0.000000 -0.000000 1.000000
vn 0.000000 -0.000000 1.000000
vn 0.000000 -0.000000 1.000000
vn 0.000000 -0.000000 1.000000
vn 0.000000 -0.000000 1.000000
vn 0.000000 -0.000000 1.000000
vn 0.000000 -0.000000 1.000000
vn 0.000000 -0.000000 1.000000
vn 0.000000 -0.000000 1.000000
vn 0.000000 -0.000000 1.000000
vn 0.000000 -0.000000 1.000000
vn 0.000000 -0.000000 1.000000
vn 0.000000 -0.000000 1.000000
vn 0.000000 -0.000000 1.000000
vn 0.000000 -0.000000 1.000000
vn 0.116454 -0.993196 0.000001
vn 0.116454 -0.993196 0.000001
vn 0.116454 -0.993196 0.000001
vn 0.116454 -0.993196 0.000001
vn 0.116454 -0.993196 0.000001
vn 0.116454 -0.993196 0.000001
vn 0.992612 0.121328 0.000000
vn 0.992612 0.121328 0.000000
vn 0.992612 0.121328 0.000000
vn 0.992612 0.121328 -0.000000
vn 0.992612 0.121328 -0.000000
vn 0.992612 0.121328 -0.000000
vn -0.116458 0.993196 -0.000001
vn -0.116458 0.993196 -0.000001
vn -0.116458 0.993196 -0.000001
vn -0.116458 0.993196 -0.000001
vn -0.116458 0.993196 -0.000001
vn -0.116458 0.993196 -0.000001
vn -0.992612 -0.121331 -0.000000
vn -0.992612 -0.121331 -0.000000
vn -0.992612 -0.121331 -0.000000
vn -0.992612 -0.121331 -0.000000
vn -0.992612 -0.121331 -0.000000
vn -0.992612 -0.121331 -0.000000
vn 0.108442 -0.924862 0.364515
vn 0.108442 -0.924862 0.364515
vn 0.108442 -0.924862 0.364515
vn 0.110142 -0.926999 0.358526
vn 0.110142 -0.926999 0.358526
vn 0.110142 -0.926999 0.358526
vn 0.924316 0.112980 0.364520
vn 0.924316 0.112980 0.364520
vn 0.924316 0.112980 0.364520
vn 0.924316 0.112980 0.364521
vn 0.924316 0.112980 0.364521
vn 0.924316 0.112980 0.364521
vn -0.107939 0.920547 0.375424
vn -0.107939 0.920547 0.375424
vn -0.107939 0.920547 0.375424
vn -0.111114 0.924890 0.363637
vn -0.111114 0.924890 0.363637
vn -0.111114 0.924890 0.363637
vn -0.992513 -0.121319 -0.014102
vn -0.992513 -0.121319 -0.014102
vn -0.992513 -0.121319 -0.014102
vn -0.992971 -0.117385 0.015121
vn -0.992971 -0.117385 0.015121
vn -0.992971 -0.117385 0.015121
vn 0.081784 -0.688327 0.720775
vn 0.081784 -0.688327 0.720775
vn 0.081784 -0.688327 0.720775
vn 0.081721 -0.688209 0.720896
vn 0.081721 -0.688209 0.720896
vn 0.081721 -0.688209 0.720896
vn 0.992568 0.121323 0.009471
vn 0.992568 0.121323 0.009471
vn 0.992568 0.121323 0.009471
vn 0.992588 0.120916 0.012137
vn 0.992588 0.120916 0.012137
vn 0.992588 0.120916 0.012137
vn -0.086689 0.721584 0.686878
vn -0.086689 0.721584 0.686878
vn -0.086689 0.721584 0.686878
vn -0.074886 0.698893 0.711295
vn -0.074886 0.698893 0.711295
vn -0.074886 0.698893 0.711295
vn -0.993075 -0.117398 0.004361
vn -0.993075 -0.117398 0.004361
vn -0.993075 -0.117398 0.004361
vn -0.992022 -0.122517 -0.029683
vn -0.992022 -0.122517 -0.029683
vn -0.992022 -0.122517 -0.029683
vn 0.046194 -0.389020 0.920071
vn 0.046194 -0.389020 0.920071
vn 0.046194 -0.389020 0.920071
vn 0.047598 -0.392503 0.918518
vn 0.047598 -0.392503 0.918518
vn 0.047598 -0.392503 0.918518
vn 0.992073 0.120854 0.034443
vn 0.992073 0.120854 0.034443
vn 0.992073 0.120854 0.034443
vn 0.992046 0.125713 -0.006399
vn 0.992046 0.125713 -0.006399
vn 0.992046 0.125713 -0.006399
vn -0.038874 0.362798 0.931056
vn -0.038874 0.362798 0.931056
vn -0.038874 0.362798 0.931056
vn -0.044816 0.377331 0.924993
vn -0.044816 0.377331 0.924993
vn -0.044816 0.377331 0.924993
vn -0.992057 -0.122521 -0.028488
vn -0.992057 -0.122521 -0.028488
vn -0.992057 -0.122521 -0.028488
vn -0.992825 -0.115911 0.029375
vn -0.992825 -0.115911 0.029375
vn -0.992825 -0.115911 0.029375
vn 0.996865 0.079112 0.001300
vn 0.996865 0.079112 0.001300
vn 0.996865 0.079112 0.001300
vn 0.996826 0.079606 -0.000000
vn 0.996826 0.079606 -0.000000
vn 0.996826 0.079606 -0.000000
vn 0.996825 0.079623 -0.000000
vn 0.996825 0.079623 -0.000000
vn 0.996825 0.079623 -0.000000
vn 0.996825 0.079624 -0.000121
vn 0.996825 0.079624 -0.000121
vn 0.996825 0.079624 -0.000121
vn 0.996825 0.079623 -0.000111
vn 0.996825 0.079623 -0.000111
vn 0.996825 0.079623 -0.000111
vn -0.997334 -0.072977 -0.000009
vn -0.997334 -0.072977 -0.000009
vn -0.997334 -0.072977 -0.000009
vn 0.070631 -0.448330 -0.891073
vn 0.070631 -0.448330 -0.891073
vn 0.070631 -0.448330 -0.891073
vn -0.997336 -0.072940 -0.000003
vn -0.997336 -0.072940 -0.000003
vn -0.997336 -0.072940 -0.000003
vn -0.997345 -0.072825 -0.000003
vn -0.997345 -0.072825 -0.000003
vn -0.997345 -0.072825 -0.000003
vn -0.031665 0.452151 -0.891379
vn -0.031665 0.452151 -0.891379
vn -0.031665 0.452151 -0.891379
vn -0.997303 -0.073384 0.000679
vn -0.997303 -0.073384 0.000679
vn -0.997303 -0.073384 0.000679
vn 0.030979 -0.445565 -0.894714
vn 0.030979 -0.445565 -0.894714
vn 0.030979 -0.445565 -0.894714
vn -0.022974 0.451641 -0.891904
vn -0.022974 0.451641 -0.891904
vn -0.022974 0.451641 -0.891904
vn -0.046243 0.468106 -0.882461
vn -0.046243 0.468106 -0.882461
vn -0.046243 0.468106 -0.882461
vn 0.086451 -0.880704 -0.465712
vn 0.086451 -0.880704 -0.465712
vn 0.086451 -0.880704 -0.465712
vn -0.081846 0.844275 -0.529624
vn -0.081846 0.844275 -0.529624
vn -0.081846 0.844275 -0.529624
vn 0.046348 -0.472310 -0.880213
vn 0.046348 -0.472310 -0.880213
vn 0.046348 -0.472310 -0.880213
vn -0.997333 -0.072982 -0.000004
vn -0.997333 -0.072982 -0.000004
vn -0.997333 -0.072982 -0.000004
vn -0.997322 -0.073135 -0.000763
vn -0.997322 -0.073135 -0.000763
vn -0.997322 -0.073135 -0.000763
vn -0.046149 0.470054 -0.881430
vn -0.046149 0.470054 -0.881430
vn -0.046149 0.470054 -0.881430
vn 0.085179 -0.878508 -0.470073
vn 0.085179 -0.878508 -0.470073
vn 0.085179 -0.878508 -0.470073
vn -0.082576 0.841380 -0.534098
vn -0.082576 0.841380 -0.534098
vn -0.082576 0.841380 -0.534098
vn 0.046824 -0.474073 -0.879239
vn 0.046824 -0.474073 -0.879239
vn 0.046824 -0.474073 -0.879239
vn -0.997334 -0.072977 -0.000011
vn -0.997334 -0.072977 -0.000011
vn -0.997334 -0.072977 -0.000011
vn -0.997073 -0.076462 0.000000
vn -0.997073 -0.076462 0.000000
vn -0.997073 -0.076462 0.000000
vn 0.073209 -0.447986 -0.891038
vn 0.073209 -0.447986 -0.891038
vn 0.073209 -0.447986 -0.891038
vn -0.997076 -0.076421 -0.000003
vn -0.997076 -0.076421 -0.000003
vn -0.997076 -0.076421 -0.000003
vn -0.997084 -0.076314 -0.000003
vn -0.997084 -0.076314 -0.000003
vn -0.997084 -0.076314 -0.000003
vn -0.034817 0.451921 -0.891378
vn -0.034817 0.451921 -0.891378
vn -0.034817 0.451921 -0.891378
vn -0.997042 -0.076859 0.000661
vn -0.997042 -0.076859 0.000661
vn -0.997042 -0.076859 0.000661
vn 0.034088 -0.445336 -0.894715
vn 0.034088 -0.445336 -0.894715
vn 0.034088 -0.445336 -0.894715
vn -0.026225 0.451438 -0.891917
vn -0.026225 0.451438 -0.891917
vn -0.026225 0.451438 -0.891917
vn -0.050350 0.469732 -0.881372
vn -0.050350 0.469732 -0.881372
vn -0.050350 0.469732 -0.881372
vn 0.094046 -0.879946 -0.465672
vn 0.094046 -0.879946 -0.465672
vn 0.094046 -0.879946 -0.465672
vn -0.088910 0.844153 -0.528678
vn -0.088910 0.844153 -0.528678
vn -0.088910 0.844153 -0.528678
vn 0.050337 -0.471143 -0.880619
vn 0.050337 -0.471143 -0.880619
vn 0.050337 -0.471143 -0.880619
vn -0.997072 -0.076467 -0.000004
vn -0.997072 -0.076467 -0.000004
vn -0.997072 -0.076467 -0.000004
vn -0.997061 -0.076615 -0.000762
vn -0.997061 -0.076615 -0.000762
vn -0.997061 -0.076615 -0.000762
vn -0.050306 0.470624 -0.880898
vn -0.050306 0.470624 -0.880898
vn -0.050306 0.470624 -0.880898
vn 0.092425 -0.877328 -0.470907
vn 0.092425 -0.877328 -0.470907
vn 0.092425 -0.877328 -0.470907
vn -0.089828 0.840657 -0.534066
vn -0.089828 0.840657 -0.534066
vn -0.089828 0.840657 -0.534066
vn 0.050580 -0.471978 -0.880158
vn 0.050580 -0.471978 -0.880158
vn 0.050580 -0.471978 -0.880158
vn -0.997073 -0.076462 -0.000013
vn -0.997073 -0.076462 -0.000013
vn -0.997073 -0.076462 -0.000013
vn -0.999059 -0.043360 -0.000032
vn -0.999059 -0.043360 -0.000032
vn -0.999059 -0.043360 -0.000032
vn 0.104874 -0.393495 -0.913325
vn 0.104874 -0.393495 -0.913325
vn 0.104874 -0.393495 -0.913325
vn -0.999061 -0.043324 0.000001
vn -0.999061 -0.043324 0.000001
vn -0.999061 -0.043324 0.000001
vn -0.999065 -0.043236 0.000001
vn -0.999065 -0.043236 0.000001
vn -0.999065 -0.043236 0.000001
vn -0.018396 0.420806 -0.906964
vn -0.018396 0.420806 -0.906964
vn -0.018396 0.420806 -0.906964
vn -0.999043 -0.043722 0.000672
vn -0.999043 -0.043722 0.000672
vn -0.999043 -0.043722 0.000672
vn 0.016684 -0.385595 -0.922518
vn 0.016684 -0.385595 -0.922518
vn 0.016684 -0.385595 -0.922518
vn 0.121337 0.405344 -0.906076
vn 0.121337 0.405344 -0.906076
vn 0.121337 0.405344 -0.906076
vn -0.021574 0.497113 -0.867418
vn -0.021574 0.497113 -0.867418
vn -0.021574 0.497113 -0.867418
vn 0.038360 -0.884068 -0.465781
vn 0.038360 -0.884068 -0.465781
vn 0.038360 -0.884068 -0.465781
vn -0.036655 0.844549 -0.534222
vn -0.036655 0.844549 -0.534222
vn -0.036655 0.844549 -0.534222
vn 0.020254 -0.466377 -0.884354
vn 0.020254 -0.466377 -0.884354
vn 0.020254 -0.466377 -0.884354
vn -0.999059 -0.043365 0.000003
vn -0.999059 -0.043365 0.000003
vn -0.999059 -0.043365 0.000003
vn -0.999053 -0.043497 -0.000750
vn -0.999053 -0.043497 -0.000750
vn -0.999053 -0.043497 -0.000750
vn -0.021567 0.497169 -0.867385
vn -0.021567 0.497169 -0.867385
vn -0.021567 0.497169 -0.867385
vn 0.038378 -0.884113 -0.465695
vn 0.038378 -0.884113 -0.465695
vn 0.038378 -0.884113 -0.465695
vn -0.036658 0.844536 -0.534243
vn -0.036658 0.844536 -0.534243
vn -0.036658 0.844536 -0.534243
vn 0.020244 -0.466325 -0.884382
vn 0.020244 -0.466325 -0.884382
vn 0.020244 -0.466325 -0.884382
vn -0.999060 -0.043360 -0.000003
vn -0.999060 -0.043360 -0.000003
vn -0.999060 -0.043360 -0.000003
vn -0.995253 -0.097325 -0.000023
vn -0.995253 -0.097325 -0.000023
vn -0.995253 -0.097325 -0.000023
vn 0.152662 -0.383548 -0.910816
vn 0.152662 -0.383548 -0.910816
vn 0.152662 -0.383548 -0.910816
vn -0.995256 -0.097294 -0.000001
vn -0.995256 -0.097294 -0.000001
vn -0.995256 -0.097294 -0.000001
vn -0.995265 -0.097196 -0.000001
vn -0.995265 -0.097196 -0.000001
vn -0.995265 -0.097196 -0.000001
vn -0.071857 0.415990 -0.906526
vn -0.071857 0.415990 -0.906526
vn -0.071857 0.415990 -0.906526
vn -0.995217 -0.097683 0.000672
vn -0.995217 -0.097683 0.000672
vn -0.995217 -0.097683 0.000672
vn 0.065681 -0.381219 -0.922149
vn 0.065681 -0.381219 -0.922149
vn 0.065681 -0.381219 -0.922149
vn 0.067181 0.409785 -0.909705
vn 0.067181 0.409785 -0.909705
vn 0.067181 0.409785 -0.909705
vn -0.059874 0.500048 -0.863925
vn -0.059874 0.500048 -0.863925
vn -0.059874 0.500048 -0.863925
vn 0.111685 -0.877897 -0.465642
vn 0.111685 -0.877897 -0.465642
vn 0.111685 -0.877897 -0.465642
vn -0.106193 0.842092 -0.528776
vn -0.106193 0.842092 -0.528776
vn -0.106193 0.842092 -0.528776
vn 0.061017 -0.479574 -0.875378
vn 0.061017 -0.479574 -0.875378
vn 0.061017 -0.479574 -0.875378
vn -0.995252 -0.097329 0.000002
vn -0.995252 -0.097329 0.000002
vn -0.995252 -0.097329 0.000002
vn -0.995239 -0.097466 -0.000753
vn -0.995239 -0.097466 -0.000753
vn -0.995239 -0.097466 -0.000753
vn -0.061008 0.479607 -0.875360
vn -0.061008 0.479607 -0.875360
vn -0.061008 0.479607 -0.875360
vn 0.110412 -0.875350 -0.470713
vn 0.110412 -0.875350 -0.470713
vn 0.110412 -0.875350 -0.470713
vn -0.106687 0.838668 -0.534092
vn -0.106687 0.838668 -0.534092
vn -0.106687 0.838668 -0.534092
vn 0.054755 -0.457290 -0.887631
vn 0.054755 -0.457290 -0.887631
vn 0.054755 -0.457290 -0.887631
vn -0.995253 -0.097325 -0.000003
vn -0.995253 -0.097325 -0.000003
vn -0.995253 -0.097325 -0.000003
vn -0.069226 0.997601 -0.000189
vn -0.069226 0.997601 -0.000189
vn -0.069226 0.997601 -0.000189
vn -0.562675 0.006385 -0.826654
vn -0.562675 0.006385 -0.826654
vn -0.562675 0.006385 -0.826654
vn -0.068595 0.997645 -0.000004
vn -0.068595 0.997645 -0.000004
vn -0.068595 0.997645 -0.000004
vn -0.068425 0.997656 -0.000004
vn -0.068425 0.997656 -0.000004
vn -0.068425 0.997656 -0.000004
vn 0.532940 0.035627 -0.845402
vn 0.532940 0.035627 -0.845402
vn 0.532940 0.035627 -0.845402
vn -0.069290 0.997596 0.000895
vn -0.069290 0.997596 0.000895
vn -0.069290 0.997596 0.000895
vn -0.566771 -0.037709 -0.823012
vn -0.566771 -0.037709 -0.823012
vn -0.566771 -0.037709 -0.823012
vn 0.536382 0.107976 -0.837040
vn 0.536382 0.107976 -0.837040
vn 0.536382 0.107976 -0.837040
vn 0.411630 0.029064 -0.910887
vn 0.411630 0.029064 -0.910887
vn 0.411630 0.029064 -0.910887
vn -0.916577 -0.064432 -0.394632
vn -0.916577 -0.064432 -0.394632
vn -0.916577 -0.064432 -0.394632
vn 0.860749 0.060649 -0.505405
vn 0.860749 0.060649 -0.505405
vn 0.860749 0.060649 -0.505405
vn -0.494620 -0.034752 -0.868414
vn -0.494620 -0.034752 -0.868414
vn -0.494620 -0.034752 -0.868414
vn -0.069107 0.996433 0.048430
vn -0.069107 0.996433 0.048430
vn -0.069107 0.996433 0.048430
vn -0.069108 0.997608 -0.001400
vn -0.069108 0.997608 -0.001400
vn -0.069108 0.997608 -0.001400
vn 0.413153 0.029050 -0.910198
vn 0.413153 0.029050 -0.910198
vn 0.413153 0.029050 -0.910198
vn -0.916947 -0.064672 -0.393732
vn -0.916947 -0.064672 -0.393732
vn -0.916947 -0.064672 -0.393732
vn 0.861166 0.060519 -0.504709
vn 0.861166 0.060519 -0.504709
vn 0.861166 0.060519 -0.504709
vn -0.496177 -0.035025 -0.867515
vn -0.496177 -0.035025 -0.867515
vn -0.496177 -0.035025 -0.867515
vn -0.069145 0.996429 0.048466
vn -0.069145 0.996429 0.048466
vn -0.069145 0.996429 0.048466
vn -0.073240 0.997314 0.000000
vn -0.073240 0.997314 0.000000
vn -0.073240 0.997314 0.000000
vn -0.073240 0.997314 0.000000
vn -0.073240 0.997314 0.000000
vn -0.073240 0.997314 0.000000
vn -0.000000 0.000003 -1.000000
vn -0.000000 0.000003 -1.000000
vn -0.000000 0.000003 -1.000000
vn -0.000000 0.000003 -1.000000
vn -0.000000 0.000003 -1.000000
vn -0.000000 0.000003 -1.000000
vn -0.997314 -0.073241 0.000000
vn -0.997314 -0.073241 0.000000
vn -0.997314 -0.073241 0.000000
vn -0.997314 -0.073241 0.000000
vn -0.997314 -0.073241 0.000000
vn -0.997314 -0.073241 0.000000
vn 0.000000 -0.000003 1.000000
vn 0.000000 -0.000003 1.000000
vn 0.000000 -0.000003 1.000000
vn 0.000000 -0.000003 1.000000
vn 0.000000 -0.000003 1.000000
vn 0.000000 -0.000003 1.000000
vn 0.997314 0.073239 -0.000000
vn 0.997314 0.073239 -0.000000
vn 0.997314 0.073239 -0.000000
vn 0.997314 0.073239 -0.000000
vn 0.997314 0.073239 -0.000000
vn 0.997314 0.073239 -0.000000
vn 0.948325 0.317302 -0.000000
vn 0.948325 0.317302 -0.000000
vn 0.948325 0.317302 -0.000000
vn 0.948324 0.317302 -0.000000
vn 0.948324 0.317302 -0.000000
vn 0.948324 0.317302 -0.000000
vn 0.948325 0.317302 -0.000000
vn 0.948325 0.317302 -0.000000
vn 0.948325 0.317302 -0.000000
vn 0.948344 0.317245 -0.000001
vn 0.948344 0.317245 -0.000001
vn 0.948344 0.317245 -0.000001
vn 0.948347 0.317235 0.000049
vn 0.948347 0.317235 0.000049
vn 0.948347 0.317235 0.000049
vn 0.948316 0.317328 -0.000015
vn 0.948316 0.317328 -0.000015
vn 0.948316 0.317328 -0.000015
vn 0.948210 0.317645 -0.000271
vn 0.948210 0.317645 -0.000271
vn 0.948210 0.317645 -0.000271
vn 0.948316 0.317327 -0.000012
vn 0.948316 0.317327 -0.000012
vn 0.948316 0.317327 -0.000012
vn 0.000000 -0.000000 1.000000
vn 0.000000 -0.000000 1.000000
vn 0.000000 -0.000000 1.000000
vn 0.000000 -0.000000 1.000000
vn 0.000000 -0.000000 1.000000
vn 0.000000 -0.000000 1.000000
vn 0.000000 -0.000000 1.000000
vn 0.000000 -0.000000 1.000000
vn 0.000000 -0.000000 1.000000
vn 0.000000 -0.000000 1.000000
vn 0.000000 -0.000000 1.000000
vn 0.000000 -0.000000 1.000000
vn 0.000000 -0.000000 1.000000
vn 0.000000 -0.000000 1.000000
vn 0.000000 -0.000000 1.000000
vn 0.000000 -0.000000 1.000000
vn 0.000000 -0.000000 1.000000
vn 0.000000 -0.000000 1.000000
vn 0.000000 -0.000000 1.000000
vn 0.000000 -0.000000 1.000000
vn 0.000000 -0.000000 1.000000
vn 0.000000 -0.000000 1.000000
vn 0.000000 -0.000000 1.000000
vn 0.000000 -0.000000 1.000000
vn -0.000000 0.000001 1.000000
vn -0.000000 0.000001 1.000000
vn -0.000001 0.000000 1.000000
vn -0.000001 0.000000 1.000000
vn -0.000001 -0.000000 1.000000
vn -0.000000 0.000001 1.000000
vn 0.043202 -0.445500 0.894239
vn 0.043202 -0.445500 0.894239
vn 0.043202 -0.445500 0.894239
vn -0.043160 0.465118 0.884196
vn -0.043160 0.465118 0.884196
vn -0.043160 0.465118 0.884196
vn 0.041534 -0.447484 0.893327
vn 0.041534 -0.447484 0.893327
vn 0.041534 -0.447484 0.893327
vn -0.045249 0.466811 0.883199
vn -0.045249 0.466811 0.883199
vn -0.045249 0.466811 0.883199
vn 0.046905 -0.445171 0.894216
vn 0.046905 -0.445171 0.894216
vn 0.046905 -0.445171 0.894216
vn -0.046382 0.464383 0.884419
vn -0.046382 0.464383 0.884419
vn -0.046382 0.464383 0.884419
vn 0.044721 -0.447661 0.893085
vn 0.044721 -0.447661 0.893085
vn 0.044721 -0.447661 0.893085
vn -0.049124 0.466463 0.883176
vn -0.049124 0.466463 0.883176
vn -0.049124 0.466463 0.883176
vn 0.018180 -0.418979 0.907814
vn 0.018180 -0.418979 0.907814
vn 0.018180 -0.418979 0.907814
vn -0.018209 0.419374 0.907631
vn -0.018209 0.419374 0.907631
vn -0.018209 0.419374 0.907631
vn 0.018178 -0.418982 0.907813
vn 0.018178 -0.418982 0.907813
vn 0.018178 -0.418982 0.907813
vn -0.018211 0.419376 0.907630
vn -0.018211 0.419376 0.907630
vn -0.018211 0.419376 0.907630
vn 0.052490 -0.416212 0.907751
vn 0.052490 -0.416212 0.907751
vn 0.052490 -0.416212 0.907751
vn -0.049671 0.414070 0.908889
vn -0.049671 0.414070 0.908889
vn -0.049671 0.414070 0.908889
vn 0.050291 -0.419347 0.906432
vn 0.050291 -0.419347 0.906432
vn 0.050291 -0.419347 0.906432
vn -0.052547 0.416607 0.907567
vn -0.052547 0.416607 0.907567
vn -0.052547 0.416607 0.907567
vn -0.513623 -0.036232 0.857251
vn -0.513623 -0.036232 0.857251
vn -0.513623 -0.036232 0.857251
vn 0.555450 0.038919 0.830639
vn 0.555450 0.038919 0.830639
vn 0.555450 0.038919 0.830639
vn -0.513892 -0.036016 0.857099
vn -0.513892 -0.036016 0.857099
vn -0.513892 -0.036016 0.857099
vn 0.555649 0.039145 0.830495
vn 0.555649 0.039145 0.830495
vn 0.555649 0.039145 0.830495
vn 0.948214 0.317632 -0.000192
vn 0.948214 0.317632 -0.000192
vn 0.948214 0.317632 -0.000192
vn 0.948281 0.317432 -0.000293
vn 0.948281 0.317432 -0.000293
vn 0.948281 0.317432 -0.000293
vn 0.948327 0.317293 -0.000263
vn 0.948327 0.317293 -0.000263
vn 0.948327 0.317293 -0.000263
vn 0.948308 0.317352 -0.000330
vn 0.948308 0.317352 -0.000330
vn 0.948308 0.317352 -0.000330
vn 0.948343 0.317246 -0.000041
vn 0.948343 0.317246 -0.000041
vn 0.948343 0.317246 -0.000041
vn 0.948325 0.317300 -0.000327
vn 0.948325 0.317300 -0.000327
vn 0.948325 0.317300 -0.000327
vn 0.948423 0.317008 -0.000491
vn 0.948423 0.317008 -0.000491
vn 0.948423 0.317008 -0.000491
vn 0.948339 0.317257 -0.000086
vn 0.948339 0.317257 -0.000086
vn 0.948339 0.317257 -0.000086
vn 0.947112 0.320888 -0.003292
vn 0.947112 0.320888 -0.003292
vn 0.947112 0.320888 -0.003292
vn 0.948343 0.317246 -0.000208
vn 0.948343 0.317246 -0.000208
vn 0.948343 0.317246 -0.000208
vn 0.948326 0.317298 -0.000327
vn 0.948326 0.317298 -0.000327
vn 0.948326 0.317298 -0.000327
vn 0.948328 0.317291 -0.000259
vn 0.948328 0.317291 -0.000259
vn 0.948328 0.317291 -0.000259
vn -0.998533 -0.054155 0.000000
vn -0.998533 -0.054155 0.000000
vn -0.998533 -0.054155 0.000000
vn -0.998533 -0.054155 0.000000
vn -0.998533 -0.054155 0.000000
vn -0.998533 -0.054155 0.000000
vn 0.631080 0.211115 0.746437
vn 0.631080 0.211115 0.746437
vn 0.631080 0.211115 0.746437
vn -0.585701 -0.195930 0.786490
vn -0.585701 -0.195930 0.786490
vn -0.585701 -0.195930 0.786490
vn 0.306154 -0.910165 0.279052
vn 0.306154 -0.910165 0.279052
vn 0.306154 -0.910165 0.279052
vn 0.305252 -0.912327 0.272913
vn 0.305252 -0.912327 0.272913
vn 0.305252 -0.912327 0.272913
vn -0.000007 -0.000004 1.000000
vn -0.000007 -0.000004 1.000000
vn -0.000007 -0.000004 1.000000
vn -0.000000 0.000001 1.000000
vn -0.000000 0.000001 1.000000
vn -0.000000 0.000001 1.000000
vn -0.756279 -0.028169 0.653643
vn -0.749739 -0.057182 0.659259
vn -0.756618 -0.028395 0.653241
vn -0.741194 -0.056667 0.668895
vn -0.737093 -0.031896 0.675039
vn -0.740969 -0.053931 0.669370
vn -0.742169 -0.076183 0.665869
vn -0.742167 -0.076177 0.665872
vn -0.742155 -0.076182 0.665884
vn 0.304330 -0.669236 0.677869
vn 0.207524 -0.634331 0.744687
vn 0.209623 -0.631761 0.746281
vn 0.209871 -0.626737 0.750436
vn 0.207524 -0.634331 0.744687
vn 0.209672 -0.641799 0.737653
vn 0.206097 -0.633889 0.745458
vn 0.209623 -0.631761 0.746281
vn 0.207524 -0.634331 0.744687
vn -0.273822 0.868109 0.414014
vn -0.273822 0.868109 0.414014
vn -0.273822 0.868109 0.414014
vn 0.218313 -0.628955 0.746160
vn 0.161988 -0.720193 0.674597
vn 0.210956 -0.635909 0.742373
vn 0.247808 -0.683089 0.687009
vn 0.371911 -0.673325 0.638996
vn 0.304330 -0.669236 0.677869
vn 0.210809 -0.637508 0.741042
vn 0.211161 -0.706337 0.675647
vn 0.120609 -0.757927 0.641093
vn 0.194735 -0.581830 0.789653
vn 0.371911 -0.673325 0.638996
vn 0.212116 -0.632106 0.745284
vn 0.210809 -0.637508 0.741042
vn 0.120609 -0.757927 0.641093
vn 0.195305 -0.585493 0.786800
vn -0.059993 0.816928 0.573611
vn -0.059987 0.816933 0.573605
vn -0.059990 0.816931 0.573607
vn 0.207524 -0.634331 0.744687
vn 0.304330 -0.669236 0.677869
vn 0.161988 -0.720193 0.674597
vn 0.207524 -0.634331 0.744687
vn 0.161988 -0.720193 0.674597
vn 0.209672 -0.641799 0.737653
vn 0.304330 -0.669236 0.677869
vn 0.371911 -0.673325 0.638996
vn 0.626657 -0.635265 0.451375
vn -0.084537 -0.884139 0.459512
vn 0.120609 -0.757927 0.641093
vn 0.161988 -0.720193 0.674597
vn -0.750306 -0.056115 0.658705
vn -0.751459 -0.055236 0.657464
vn -0.749739 -0.057182 0.659259
vn -0.751246 -0.055734 0.657665
vn -0.751239 -0.052710 0.657923
vn -0.751459 -0.055236 0.657464
vn -0.751239 -0.052710 0.657923
vn -0.751290 -0.052302 0.657897
vn -0.752050 -0.047324 0.657405
vn -0.752169 -0.015038 0.658798
vn -0.756618 -0.028395 0.653241
vn -0.749639 -0.020047 0.661543
vn -0.752169 -0.015038 0.658798
vn -0.749639 -0.020047 0.661543
vn -0.739906 -0.036520 0.671719
vn -0.742406 -0.075199 0.665717
vn -0.740969 -0.053931 0.669370
vn -0.742382 -0.075327 0.665729
vn 0.209672 -0.641799 0.737653
vn 0.161988 -0.720193 0.674597
vn 0.218313 -0.628955 0.746160
vn 0.209871 -0.626737 0.750436
vn 0.209672 -0.641799 0.737653
vn 0.218313 -0.628955 0.746160
vn 0.209871 -0.626737 0.750436
vn 0.218313 -0.628955 0.746160
vn 0.206097 -0.633889 0.745458
vn 0.202013 -0.640456 0.740950
vn 0.202022 -0.640410 0.740987
vn 0.210956 -0.635909 0.742373
vn 0.210956 -0.635909 0.742373
vn 0.211161 -0.706337 0.675647
vn 0.210809 -0.637508 0.741042
vn 0.210956 -0.635909 0.742373
vn 0.161988 -0.720193 0.674597
vn 0.211161 -0.706337 0.675647
vn 0.211161 -0.706337 0.675647
vn 0.161988 -0.720193 0.674597
vn 0.120609 -0.757927 0.641093
vn 0.211132 -0.632043 0.745617
vn 0.209623 -0.631761 0.746281
vn 0.209687 -0.631402 0.746567
vn -0.742167 -0.076177 0.665872
vn -0.741904 -0.054184 0.668313
vn -0.741636 -0.057705 0.668315
vn -0.741194 -0.056667 0.668895
vn -0.740969 -0.053931 0.669370
vn -0.742406 -0.075199 0.665717
vn -0.739906 -0.036520 0.671719
vn -0.737093 -0.031896 0.675039
vn -0.741194 -0.056667 0.668895
vn -0.741904 -0.054184 0.668313
vn -0.739441 -0.047757 0.671525
vn -0.746204 -0.041483 0.664424
vn -0.739906 -0.036520 0.671719
vn -0.749639 -0.020047 0.661543
vn -0.737093 -0.031896 0.675039
vn -0.756279 -0.028169 0.653643
vn -0.756618 -0.028395 0.653241
vn -0.752169 -0.015038 0.658798
vn -0.739441 -0.047757 0.671525
vn -0.751823 -0.051949 0.657315
vn -0.752023 -0.051631 0.657112
vn -0.750306 -0.056115 0.658705
vn -0.749739 -0.057182 0.659259
vn -0.756279 -0.028169 0.653643
vn -0.751246 -0.055734 0.657665
vn -0.751459 -0.055236 0.657464
vn -0.750306 -0.056115 0.658705
vn -0.751290 -0.052302 0.657897
vn -0.751239 -0.052710 0.657923
vn -0.751246 -0.055734 0.657665
vn -0.752028 -0.047324 0.657430
vn -0.752050 -0.047324 0.657405
vn -0.751290 -0.052302 0.657897
vn -0.752041 -0.047343 0.657413
vn -0.752023 -0.051631 0.657112
vn -0.751823 -0.051949 0.657315
vn -0.059992 0.816934 0.573602
vn -0.059993 0.816933 0.573603
vn -0.059987 0.816933 0.573605
vn 0.769220 0.044466 0.637435
vn 0.820564 0.048103 0.569527
vn 0.821329 0.047370 0.568485
vn 0.796925 0.099220 0.595875
vn 0.803342 0.089193 0.588800
vn 0.799378 0.087386 0.594439
vn 0.796050 0.099484 0.596998
vn 0.799378 0.087386 0.594439
vn 0.671397 0.087285 0.735940
vn 0.692826 0.037635 0.720122
vn 0.756723 0.060782 0.650904
vn 0.769220 0.044466 0.637435
vn -0.751290 -0.052302 0.657897
vn -0.751246 -0.055734 0.657665
vn -0.752023 -0.051631 0.657112
vn 0.218313 -0.628955 0.746160
vn 0.210956 -0.635909 0.742373
vn 0.206097 -0.633889 0.745458
vn 0.820564 0.048103 0.569527
vn 0.769220 0.044466 0.637435
vn 0.756723 0.060782 0.650904
vn 0.803342 0.089193 0.588800
vn 0.821329 0.047370 0.568485
vn 0.820564 0.048103 0.569527
vn -0.741194 -0.056667 0.668895
vn -0.742406 -0.075199 0.665717
vn -0.741636 -0.057705 0.668315
vn 0.202013 -0.640456 0.740950
vn 0.204588 -0.634285 0.745538
vn 0.202022 -0.640410 0.740987
vn 0.202022 -0.640410 0.740987
vn 0.204588 -0.634285 0.745538
vn 0.206097 -0.633889 0.745458
vn 0.769220 0.044466 0.637435
vn 0.692623 0.036724 0.720364
vn 0.692826 0.037635 0.720122
vn -0.059992 0.816934 0.573602
vn -0.060003 0.816934 0.573601
vn -0.059993 0.816933 0.573603
vn -0.059993 0.816933 0.573603
vn -0.059990 0.816931 0.573607
vn -0.059987 0.816933 0.573605
vn -0.752023 -0.051631 0.657112
vn -0.752028 -0.047324 0.657430
vn -0.751290 -0.052302 0.657897
vn -0.752050 -0.047325 0.657405
vn -0.752028 -0.047324 0.657430
vn -0.752041 -0.047343 0.657413
vn -0.752023 -0.051631 0.657112
vn -0.752041 -0.047343 0.657413
vn -0.752028 -0.047324 0.657430
vn -0.752028 -0.047324 0.657430
vn -0.752050 -0.047325 0.657405
vn -0.752050 -0.047324 0.657405
vn -0.750306 -0.056115 0.658705
vn -0.752023 -0.051631 0.657112
vn -0.751246 -0.055734 0.657665
vn -0.756279 -0.028169 0.653643
vn -0.752023 -0.051631 0.657112
vn -0.750306 -0.056115 0.658705
vn -0.752023 -0.051631 0.657112
vn -0.746204 -0.041483 0.664424
vn -0.739441 -0.047757 0.671525
vn -0.752169 -0.015038 0.658798
vn -0.746204 -0.041483 0.664424
vn -0.756279 -0.028169 0.653643
vn -0.752023 -0.051631 0.657112
vn -0.756279 -0.028169 0.653643
vn -0.746204 -0.041483 0.664424
vn -0.739906 -0.036520 0.671719
vn -0.746204 -0.041483 0.664424
vn -0.752169 -0.015038 0.658798
vn -0.746204 -0.041483 0.664424
vn -0.741636 -0.057705 0.668315
vn -0.741904 -0.054184 0.668313
vn -0.741194 -0.056667 0.668895
vn -0.741636 -0.057705 0.668315
vn -0.739906 -0.036520 0.671719
vn -0.746204 -0.041483 0.664424
vn -0.739906 -0.036520 0.671719
vn -0.741636 -0.057705 0.668315
vn -0.741636 -0.057705 0.668315
vn -0.742155 -0.076182 0.665884
vn -0.742167 -0.076177 0.665872
vn -0.742382 -0.075327 0.665729
vn -0.742155 -0.076182 0.665884
vn -0.742406 -0.075199 0.665717
vn -0.741636 -0.057705 0.668315
vn -0.742406 -0.075199 0.665717
vn -0.742155 -0.076182 0.665884
vn -0.742155 -0.076182 0.665884
vn -0.742382 -0.075327 0.665729
vn -0.742169 -0.076183 0.665869
vn -0.742155 -0.076182 0.665884
vn -0.742169 -0.076183 0.665869
vn -0.742169 -0.076183 0.665869
vn 0.207524 -0.634331 0.744687
vn 0.209871 -0.626737 0.750436
vn 0.206097 -0.633889 0.745458
vn 0.209687 -0.631402 0.746567
vn 0.206097 -0.633889 0.745458
vn 0.204588 -0.634285 0.745538
vn 0.206097 -0.633889 0.745458
vn 0.209687 -0.631402 0.746567
vn 0.209623 -0.631761 0.746281
vn 0.247808 -0.683089 0.687009
vn 0.304330 -0.669236 0.677869
vn 0.209623 -0.631761 0.746281
vn 0.209623 -0.631761 0.746281
vn 0.211132 -0.632043 0.745617
vn 0.212116 -0.632106 0.745284
vn 0.209623 -0.631761 0.746281
vn 0.212116 -0.632106 0.745284
vn 0.247808 -0.683089 0.687009
vn 0.371911 -0.673325 0.638996
vn 0.247808 -0.683089 0.687009
vn 0.212116 -0.632106 0.745284
vn 0.202022 -0.640410 0.740987
vn 0.206097 -0.633889 0.745458
vn 0.210956 -0.635909 0.742373
vn -0.273823 0.868109 0.414015
vn -0.273823 0.868109 0.414015
vn -0.273823 0.868109 0.414015
vn 0.693853 0.064493 0.717223
vn 0.799378 0.087386 0.594439
vn 0.756723 0.060782 0.650904
vn 0.692826 0.037635 0.720122
vn 0.693853 0.064493 0.717223
vn 0.756723 0.060782 0.650904
vn 0.820564 0.048103 0.569527
vn 0.756723 0.060782 0.650904
vn 0.799378 0.087386 0.594439
vn 0.820564 0.048103 0.569527
vn 0.799378 0.087386 0.594439
vn 0.803342 0.089193 0.588800
vn 0.671397 0.087285 0.735940
vn 0.799378 0.087386 0.594439
vn 0.693853 0.064493 0.717223
vn 0.799378 0.087386 0.594439
vn 0.796050 0.099484 0.596998
vn 0.796925 0.099220 0.595875
vn -0.059988 0.816928 0.573612
vn -0.059997 0.816931 0.573606
vn -0.060003 0.816934 0.573601
vn -0.059993 0.816933 0.573603
vn -0.060003 0.816934 0.573601
vn -0.059997 0.816931 0.573606
vn -0.059997 0.816931 0.573606
vn -0.059988 0.816928 0.573612
vn -0.059986 0.816926 0.573614
vn -0.059986 0.816926 0.573614
vn -0.059990 0.816931 0.573607
vn -0.059997 0.816931 0.573606
vn -0.059993 0.816933 0.573603
vn -0.059997 0.816931 0.573606
vn -0.059990 0.816931 0.573607
vn -0.059990 0.816931 0.573607
vn -0.059986 0.816926 0.573614
vn -0.059994 0.816927 0.573613
vn -0.059990 0.816931 0.573607
vn -0.059994 0.816927 0.573613
vn -0.059993 0.816928 0.573611
vn -0.273823 0.868109 0.414014
vn -0.273823 0.868109 0.414014
vn -0.273823 0.868109 0.414014
vn -0.273824 0.868110 0.414011
vn -0.273824 0.868110 0.414011
vn -0.273824 0.868110 0.414011
vn -0.273825 0.868110 0.414011
vn -0.273825 0.868110 0.414011
vn -0.273825 0.868110 0.414011
vn -0.273823 0.868107 0.414019
vn -0.273823 0.868107 0.414019
vn -0.273823 0.868107 0.414019
vn 0.359390 0.120245 0.925408
vn 0.359390 0.120245 0.925408
vn 0.359390 0.120245 0.925408
vn 0.359390 0.120245 0.925408
vn 0.359390 0.120245 0.925408
vn 0.359390 0.120245 0.925408
vn 0.000000 -0.000000 1.000000
vn 0.000000 -0.000000 1.000000
vn 0.000000 -0.000000 1.000000
vn 0.000001 -0.000003 1.000000
vn 0.000001 -0.000003 1.000000
vn 0.000001 -0.000003 1.000000
vn -0.000000 0.000001 1.000000
vn -0.000000 0.000001 1.000000
vn -0.000000 0.000001 1.000000
vn 0.000000 -0.000000 1.000000
vn 0.000000 -0.000000 1.000000
vn 0.000000 -0.000000 1.000000
vn 0.000000 -0.000000 1.000000
vn 0.000000 -0.000000 1.000000
vn 0.000000 -0.000000 1.000000
vn 0.000003 0.000000 1.000000
vn 0.000003 0.000000 1.000000
vn 0.000003 0.000000 1.000000
vn 0.000000 -0.000000 1.000000
vn 0.000000 -0.000000 1.000000
vn 0.000000 -0.000000 1.000000
vn 0.000000 -0.000000 1.000000
vn 0.000000 -0.000000 1.000000
vn 0.000000 -0.000000 1.000000
vn 0.000000 -0.000000 1.000000
vn 0.000000 -0.000000 1.000000
vn 0.000000 -0.000000 1.000000
vn 0.000000 -0.000000 1.000000
vn 0.000000 -0.000000 1.000000
vn 0.000000 -0.000000 1.000000
vn -0.043363 0.999059 0.000004
vn -0.043363 0.999059 0.000004
vn -0.043363 0.999059 0.000004
vn 0.043368 -0.999059 -0.000000
vn 0.043368 -0.999059 -0.000000
vn 0.043368 -0.999059 -0.000000
vn -0.118883 0.992908 0.000005
vn -0.118883 0.992908 0.000005
vn -0.118883 0.992908 0.000005
vn 0.118898 -0.992907 -0.000000
vn 0.118898 -0.992907 -0.000000
vn 0.118898 -0.992907 -0.000000
vn 0.997518 0.070415 -0.000137
vn 0.997518 0.070415 -0.000137
vn 0.997518 0.070415 -0.000137
vn -0.997517 -0.070431 0.000135
vn -0.997517 -0.070431 0.000135
vn -0.997517 -0.070431 0.000135
vn -0.098289 0.995158 0.000001
vn -0.098289 0.995158 0.000001
vn -0.098289 0.995158 0.000001
vn 0.098310 -0.995156 -0.000003
vn 0.098310 -0.995156 -0.000003
vn 0.098310 -0.995156 -0.000003
vn -0.106555 0.994307 -0.000001
vn -0.106555 0.994307 -0.000001
vn -0.106555 0.994307 -0.000001
vn 0.106580 -0.994304 0.000001
vn 0.106580 -0.994304 0.000001
vn 0.106580 -0.994304 0.000001
vn -0.657826 -0.075966 0.749329
vn -0.657827 -0.075967 0.749328
vn -0.657827 -0.075967 0.749328
vn -0.657826 -0.075966 0.749329
vn -0.657827 -0.075967 0.749328
vn -0.657826 -0.075966 0.749329
vn 0.114724 -0.993397 0.000005
vn 0.114724 -0.993397 0.000005
vn 0.114724 -0.993397 0.000005
vn 0.114724 -0.993397 0.000005
vn 0.114724 -0.993397 0.000005
vn 0.114724 -0.993397 0.000005
vn 0.657832 0.075966 -0.749323
vn 0.657826 0.075966 -0.749329
vn 0.657826 0.075967 -0.749329
vn 0.657832 0.075966 -0.749323
vn 0.657826 0.075967 -0.749329
vn 0.657833 0.075966 -0.749323
vn -0.114726 0.993397 -0.000005
vn -0.114710 0.993399 0.000007
vn -0.114711 0.993399 0.000007
vn -0.114726 0.993397 -0.000005
vn -0.114711 0.993399 0.000007
vn -0.114726 0.993397 -0.000006
vn 0.744379 0.085961 0.662201
vn 0.744379 0.085961 0.662201
vn 0.744379 0.085961 0.662201
vn 0.744379 0.085961 0.662201
vn 0.744379 0.085961 0.662201
vn 0.744379 0.085961 0.662201
vn -0.581541 -0.036306 0.812707
vn -0.581545 -0.036307 0.812704
vn -0.581545 -0.036307 0.812704
vn -0.581541 -0.036306 0.812707
vn -0.581545 -0.036307 0.812704
vn -0.581541 -0.036306 0.812707
vn 0.062310 -0.998057 0.000000
vn 0.062310 -0.998057 -0.000000
vn 0.062310 -0.998057 -0.000000
vn 0.062310 -0.998057 0.000000
vn 0.062310 -0.998057 -0.000000
vn 0.062310 -0.998057 0.000000
vn 0.581542 0.036306 -0.812706
vn 0.581541 0.036306 -0.812707
vn 0.581541 0.036306 -0.812707
vn 0.581542 0.036306 -0.812706
vn 0.581541 0.036306 -0.812707
vn 0.581542 0.036306 -0.812706
vn -0.062312 0.998057 -0.000001
vn -0.062312 0.998057 -0.000001
vn -0.062312 0.998057 -0.000001
vn -0.062312 0.998057 -0.000001
vn -0.062312 0.998057 -0.000001
vn -0.062312 0.998057 -0.000001
vn 0.811127 0.050639 0.582674
vn 0.811127 0.050639 0.582674
vn 0.811127 0.050639 0.582674
vn 0.811127 0.050639 0.582674
vn 0.811127 0.050639 0.582674
vn 0.811127 0.050639 0.582674
vn -0.664962 -0.071053 0.743490
vn -0.664969 -0.071055 0.743483
vn -0.664968 -0.071055 0.743484
vn -0.664962 -0.071053 0.743490
vn -0.664968 -0.071055 0.743484
vn -0.664961 -0.071053 0.743490
vn 0.106248 -0.994340 -0.000001
vn 0.106248 -0.994340 -0.000001
vn 0.106248 -0.994340 -0.000001
vn 0.106248 -0.994340 -0.000001
vn 0.106248 -0.994340 -0.000001
vn 0.106248 -0.994340 -0.000001
vn 0.664969 0.071055 -0.743483
vn 0.664969 0.071055 -0.743483
vn 0.664969 0.071055 -0.743483
vn 0.664969 0.071055 -0.743483
vn 0.664969 0.071055 -0.743483
vn 0.664969 0.071055 -0.743483
vn -0.106248 0.994340 0.000001
vn -0.106249 0.994340 0.000000
vn -0.106249 0.994340 0.000000
vn -0.106248 0.994340 0.000001
vn -0.106249 0.994340 0.000000
vn -0.106248 0.994340 0.000001
vn 0.739277 0.078995 0.668752
vn 0.739277 0.078995 0.668752
vn 0.739277 0.078995 0.668752
vn 0.739277 0.078995 0.668752
vn 0.739277 0.078995 0.668752
vn 0.739277 0.078995 0.668752
vn -0.657145 -0.061206 0.751275
vn -0.657147 -0.061206 0.751273
vn -0.657147 -0.061206 0.751274
vn -0.657145 -0.061206 0.751275
vn -0.657147 -0.061206 0.751274
vn -0.657145 -0.061206 0.751275
vn 0.092741 -0.995690 0.000002
vn 0.092741 -0.995690 0.000002
vn 0.092741 -0.995690 0.000002
vn 0.092741 -0.995690 0.000002
vn 0.092741 -0.995690 0.000002
vn 0.092741 -0.995690 0.000002
vn 0.657147 0.061206 -0.751273
vn 0.657147 0.061206 -0.751273
vn 0.657147 0.061206 -0.751273
vn 0.657147 0.061206 -0.751273
vn 0.657147 0.061206 -0.751273
vn 0.657147 0.061206 -0.751274
vn -0.092741 0.995690 -0.000002
vn -0.092742 0.995690 -0.000003
vn -0.092742 0.995690 -0.000003
vn -0.092741 0.995690 -0.000002
vn -0.092742 0.995690 -0.000003
vn -0.092741 0.995690 -0.000002
vn 0.748038 0.069671 0.659989
vn 0.748038 0.069672 0.659989
vn 0.748038 0.069671 0.659989
vn 0.748038 0.069671 0.659989
vn 0.748038 0.069671 0.659989
vn 0.748038 0.069671 0.659989
vn -0.668253 -0.068803 0.740745
vn -0.668256 -0.068804 0.740743
vn -0.668256 -0.068804 0.740743
vn -0.668253 -0.068803 0.740745
vn -0.668256 -0.068804 0.740743
vn -0.668253 -0.068803 0.740745
vn 0.102420 -0.994741 0.000001
vn 0.102420 -0.994741 0.000001
vn 0.102420 -0.994741 0.000001
vn 0.102420 -0.994741 0.000001
vn 0.102420 -0.994741 0.000001
vn 0.102420 -0.994741 0.000001
vn 0.668255 0.068803 -0.740743
vn 0.668253 0.068804 -0.740745
vn 0.668253 0.068804 -0.740745
vn 0.668255 0.068803 -0.740743
vn 0.668253 0.068804 -0.740745
vn 0.668256 0.068803 -0.740743
vn -0.102421 0.994741 -0.000002
vn -0.102421 0.994741 -0.000002
vn -0.102421 0.994741 -0.000002
vn -0.102421 0.994741 -0.000002
vn -0.102421 0.994741 -0.000002
vn -0.102421 0.994741 -0.000002
vn 0.736848 0.075867 0.671788
vn 0.736848 0.075867 0.671788
vn 0.736848 0.075867 0.671788
vn 0.736848 0.075867 0.671788
vn 0.736848 0.075867 0.671788
vn 0.736848 0.075867 0.671788
vn -0.674100 -0.058031 0.736357
vn -0.674101 -0.058031 0.736356
vn -0.674101 -0.058031 0.736356
vn -0.674100 -0.058031 0.736357
vn -0.674101 -0.058031 0.736356
vn -0.674100 -0.058031 0.736357
vn 0.085771 -0.996315 0.000002
vn 0.085765 -0.996315 -0.000004
vn 0.085766 -0.996315 -0.000004
vn 0.085771 -0.996315 0.000002
vn 0.085766 -0.996315 -0.000004
vn 0.085772 -0.996315 0.000002
vn 0.674100 0.058031 -0.736357
vn 0.674100 0.058031 -0.736357
vn 0.674100 0.058031 -0.736357
vn 0.674100 0.058031 -0.736357
vn 0.674100 0.058031 -0.736357
vn 0.674100 0.058031 -0.736357
vn -0.085765 0.996315 0.000004
vn -0.085773 0.996315 -0.000002
vn -0.085772 0.996315 -0.000002
vn -0.085765 0.996315 0.000004
vn -0.085772 0.996315 -0.000002
vn -0.085765 0.996315 0.000004
vn 0.733644 0.063157 0.676592
vn 0.733644 0.063157 0.676592
vn 0.733644 0.063157 0.676592
vn 0.733644 0.063157 0.676593
vn 0.733644 0.063157 0.676592
vn 0.733644 0.063157 0.676592
vn -0.671495 -0.066898 0.737983
vn -0.671495 -0.066898 0.737983
vn -0.671495 -0.066898 0.737983
vn -0.671495 -0.066898 0.737983
vn -0.671495 -0.066898 0.737983
vn -0.671495 -0.066898 0.737983
vn 0.099136 -0.995074 0.000001
vn 0.099136 -0.995074 0.000001
vn 0.099136 -0.995074 0.000001
vn 0.099136 -0.995074 0.000001
vn 0.099136 -0.995074 0.000001
vn 0.099136 -0.995074 0.000001
vn 0.671495 0.066897 -0.737983
vn 0.671488 0.066898 -0.737990
vn 0.671488 0.066898 -0.737989
vn 0.671495 0.066897 -0.737983
vn 0.671488 0.066898 -0.737989
vn 0.671495 0.066897 -0.737983
vn -0.099137 0.995074 -0.000001
vn -0.099136 0.995074 -0.000001
vn -0.099136 0.995074 -0.000001
vn -0.099137 0.995074 -0.000001
vn -0.099136 0.995074 -0.000001
vn -0.099137 0.995074 -0.000001
vn 0.734350 0.073160 0.674817
vn 0.734350 0.073160 0.674817
vn 0.734350 0.073160 0.674817
vn 0.734350 0.073160 0.674817
vn 0.734350 0.073160 0.674817
vn 0.734350 0.073160 0.674817
vn -0.689061 -0.054500 0.722651
vn -0.689061 -0.054500 0.722651
vn -0.689061 -0.054500 0.722651
vn -0.689061 -0.054500 0.722651
vn -0.689061 -0.054500 0.722651
vn -0.689061 -0.054500 0.722651
vn 0.078847 -0.996887 0.000001
vn 0.078847 -0.996887 0.000001
vn 0.078847 -0.996887 0.000001
vn 0.078847 -0.996887 0.000001
vn 0.078847 -0.996887 0.000001
vn 0.078847 -0.996887 0.000001
vn 0.689061 0.054499 -0.722651
vn 0.689060 0.054500 -0.722652
vn 0.689060 0.054500 -0.722652
vn 0.689061 0.054499 -0.722651
vn 0.689060 0.054500 -0.722652
vn 0.689062 0.054499 -0.722651
vn -0.078848 0.996887 -0.000002
vn -0.078847 0.996887 -0.000001
vn -0.078847 0.996887 -0.000001
vn -0.078848 0.996887 -0.000002
vn -0.078847 0.996887 -0.000001
vn -0.078848 0.996887 -0.000002
vn 0.720402 0.056978 0.691212
vn 0.720402 0.056978 0.691212
vn 0.720402 0.056978 0.691212
vn 0.720402 0.056978 0.691212
vn 0.720402 0.056978 0.691212
vn 0.720402 0.056978 0.691212
vn -0.683063 -0.064333 0.727520
vn -0.683069 -0.064334 0.727515
vn -0.683069 -0.064334 0.727515
vn -0.683063 -0.064333 0.727520
vn -0.683069 -0.064334 0.727515
vn -0.683063 -0.064333 0.727521
vn 0.093773 -0.995594 0.000004
vn 0.093773 -0.995594 0.000004
vn 0.093773 -0.995594 0.000004
vn 0.093773 -0.995594 0.000004
vn 0.093773 -0.995594 0.000004
vn 0.093773 -0.995594 0.000004
vn 0.683069 0.064334 -0.727515
vn 0.683068 0.064334 -0.727516
vn 0.683068 0.064334 -0.727516
vn 0.683069 0.064334 -0.727515
vn 0.683068 0.064334 -0.727516
vn 0.683069 0.064334 -0.727515
vn -0.093766 0.995594 0.000003
vn -0.093766 0.995594 0.000003
vn -0.093766 0.995594 0.000003
vn -0.093766 0.995594 0.000003
vn -0.093766 0.995594 0.000003
vn -0.093766 0.995594 0.000003
vn 0.724312 0.068219 0.686090
vn 0.724311 0.068218 0.686090
vn 0.724312 0.068219 0.686090
vn 0.724312 0.068219 0.686089
vn 0.724312 0.068219 0.686090
vn 0.724312 0.068219 0.686090
vn 0.124541 -0.394834 0.910272
vn 0.124541 -0.394834 0.910272
vn 0.124541 -0.394834 0.910272
vn 0.124541 -0.394834 0.910272
vn 0.124541 -0.394834 0.910272
vn 0.124541 -0.394834 0.910272
vn 0.953682 0.300818 0.000001
vn 0.953683 0.300814 -0.000001
vn 0.953683 0.300814 -0.000001
vn 0.953682 0.300818 0.000001
vn 0.953683 0.300814 -0.000001
vn 0.953681 0.300818 0.000001
vn -0.124543 0.394841 -0.910269
vn -0.124543 0.394841 -0.910269
vn -0.124543 0.394841 -0.910269
vn -0.124543 0.394841 -0.910269
vn -0.124543 0.394841 -0.910269
vn -0.124543 0.394841 -0.910269
vn -0.953683 -0.300814 0.000001
vn -0.953681 -0.300818 -0.000001
vn -0.953681 -0.300818 -0.000001
vn -0.953683 -0.300814 0.000001
vn -0.953681 -0.300818 -0.000001
vn -0.953683 -0.300814 0.000001
vn -0.273823 0.868109 0.414015
vn -0.273823 0.868109 0.414015
vn -0.273823 0.868109 0.414015
vn -0.273823 0.868109 0.414015
vn -0.273823 0.868109 0.414015
vn -0.273823 0.868109 0.414015
vn 0.124541 -0.394834 0.910272
vn 0.124541 -0.394834 0.910272
vn 0.124541 -0.394834 0.910272
vn 0.124541 -0.394834 0.910272
vn 0.124541 -0.394834 0.910272
vn 0.124541 -0.394834 0.910272
vn 0.953683 0.300814 -0.000001
vn 0.953683 0.300814 -0.000001
vn 0.953683 0.300814 -0.000001
vn 0.953683 0.300814 -0.000001
vn 0.953683 0.300814 -0.000001
vn 0.953683 0.300814 -0.000001
vn -0.124543 0.394841 -0.910269
vn -0.124543 0.394841 -0.910269
vn -0.124543 0.394841 -0.910269
vn -0.124543 0.394841 -0.910269
vn -0.124543 0.394841 -0.910269
vn -0.124543 0.394841 -0.910269
vn -0.953683 -0.300814 0.000001
vn -0.953682 -0.300816 -0.000000
vn -0.953682 -0.300816 -0.000000
vn -0.953683 -0.300814 0.000001
vn -0.953682 -0.300816 -0.000000
vn -0.953683 -0.300814 0.000001
vn -0.273823 0.868109 0.414015
vn -0.273823 0.868109 0.414015
vn -0.273823 0.868109 0.414015
vn -0.273823 0.868109 0.414015
vn -0.273823 0.868109 0.414015
vn -0.273823 0.868109 0.414015
# 4500 vertex normals

vt 0.942180 0.455413 -5.862071
vt 0.923753 0.639875 -5.862072
vt 0.956073 0.466938 -5.862072
vt 0.993307 0.092085 -5.862074
vt 0.906191 0.969284 -5.862072
vt 0.937647 0.651399 -5.862074
vt 0.915817 0.667151 -5.132071
vt 0.939976 0.423843 -5.132069
vt 0.919528 0.406882 -4.338687
vt 0.895368 0.650188 -4.338687
vt 0.735411 0.048876 -5.862072
vt 0.014008 0.722153 -5.862068
vt 0.745575 0.836148 0.377940
vt 0.781673 0.447315 0.377933
vt 0.128818 0.412408 0.500003
vt 0.021296 0.023607 -5.862060
vt 0.476841 0.060897 -5.862065
vt 0.694764 0.793868 -4.412072
vt 0.945544 0.419915 -5.394298
vt 0.919763 0.680034 -5.394301
vt 0.469407 0.438649 0.377929
vt 0.352874 0.048172 -5.862064
vt 0.245650 0.039319 -5.862063
vt 0.157287 0.030931 -5.862062
vt 0.574427 0.048165 -5.862068
vt 0.663324 0.046894 -5.862070
vt 0.832996 0.064750 -5.862073
vt 0.892197 0.957674 -5.862072
vt 0.904617 0.985127 -5.862072
vt 0.890624 0.973516 -5.862072
vt 0.021292 0.723094 -5.845984
vt 0.907188 0.531157 -3.982894
vt 0.877899 0.511593 -3.238071
vt 0.143403 0.942238 0.383602
vt 0.016091 0.942238 0.525901
vt 0.011386 0.126162 0.525899
vt 0.143403 0.130942 0.383600
vt 0.143403 0.958086 0.934380
vt 0.009023 0.958086 1.078167
vt 0.143403 0.979414 0.934380
vt 0.009149 0.979414 1.078167
vt 0.115184 0.133260 0.403387
vt 0.077728 0.133260 0.425839
vt 0.077729 0.278924 0.425839
vt 0.115185 0.278924 0.403387
vt 0.115925 0.354865 0.402897
vt 0.080441 0.354865 0.424381
vt 0.080442 0.519136 0.424381
vt 0.115927 0.519136 0.402896
vt 0.115925 0.662507 0.402897
vt 0.080441 0.662507 0.424382
vt 0.080442 0.826777 0.424381
vt 0.115927 0.826777 0.402897
vt 0.115185 0.278924 0.265692
vt 0.077729 0.278924 0.288144
vt 0.077728 0.133260 0.288145
vt 0.115184 0.133260 0.265693
vt 0.115927 0.519136 0.265202
vt 0.080442 0.519136 0.286686
vt 0.080441 0.354865 0.286687
vt 0.115925 0.354865 0.265202
vt 0.115927 0.826777 0.265202
vt 0.080442 0.826777 0.286687
vt 0.080441 0.662507 0.286687
vt 0.115925 0.662507 0.265203
vt 0.834943 0.942238 -0.280268
vt 0.834943 0.028394 -0.280270
vt 0.834943 0.958086 0.270510
vt 0.834943 0.979414 0.270510
vt 0.980954 0.942238 -0.756890
vt 0.980954 -0.005810 -0.756892
vt 0.999010 0.958086 -0.266127
vt 0.999010 0.979413 -0.266127
vt 0.899265 0.078112 -0.489963
vt 0.865061 0.078113 -0.378460
vt 0.865062 0.179679 -0.378464
vt 0.899266 0.179678 -0.489967
vt 0.895101 0.340519 -0.476387
vt 0.861894 0.340519 -0.368134
vt 0.861895 0.515196 -0.368138
vt 0.895102 0.515196 -0.476391
vt 0.894784 0.650757 -0.475353
vt 0.861221 0.650757 -0.365940
vt 0.861222 0.824294 -0.365943
vt 0.894785 0.824294 -0.475357
vt 0.894785 0.824294 -0.613051
vt 0.861222 0.824294 -0.503638
vt 0.861220 0.650757 -0.503634
vt 0.894784 0.650757 -0.613048
vt 0.895102 0.515196 -0.614085
vt 0.861895 0.515196 -0.505832
vt 0.861894 0.340519 -0.505829
vt 0.895101 0.340519 -0.614082
vt 0.899266 0.179678 -0.627661
vt 0.865062 0.179679 -0.516158
vt 0.865061 0.078113 -0.516155
vt 0.899265 0.078112 -0.627657
vt 0.735071 0.942238 0.031324
vt 0.735071 0.050237 0.031322
vt 0.735071 0.958086 0.582101
vt 0.735071 0.979414 0.582101
vt 0.803284 0.048428 -0.179882
vt 0.765750 0.048428 -0.060881
vt 0.765751 0.211648 -0.060884
vt 0.803285 0.211648 -0.179886
vt 0.802352 0.340844 -0.176929
vt 0.767210 0.340844 -0.065508
vt 0.767211 0.514146 -0.065511
vt 0.802354 0.514146 -0.176933
vt 0.802830 0.654872 -0.178442
vt 0.767638 0.654871 -0.066864
vt 0.767639 0.820523 -0.066867
vt 0.802831 0.820522 -0.178446
vt 0.804135 0.864497 -0.182581
vt 0.768741 0.864497 -0.070363
vt 0.768741 0.909687 -0.070362
vt 0.804135 0.909687 -0.182580
vt 0.804135 0.909687 -0.320274
vt 0.768741 0.909687 -0.208056
vt 0.768741 0.864497 -0.208057
vt 0.804135 0.864497 -0.320275
vt 0.802831 0.820522 -0.316140
vt 0.767639 0.820523 -0.204562
vt 0.767638 0.654872 -0.204558
vt 0.802830 0.654872 -0.316137
vt 0.802354 0.514146 -0.314627
vt 0.767211 0.514146 -0.203205
vt 0.767210 0.340844 -0.203202
vt 0.802352 0.340844 -0.314624
vt 0.803285 0.211648 -0.317580
vt 0.765751 0.211648 -0.198579
vt 0.765750 0.048428 -0.198575
vt 0.803284 0.048428 -0.317577
vt 0.661296 0.942238 0.070261
vt 0.661296 0.066798 0.070259
vt 0.661296 0.958086 0.621038
vt 0.661296 0.979414 0.621039
vt 0.701214 0.161964 0.060540
vt 0.669097 0.161964 0.070954
vt 0.669098 0.261362 0.070954
vt 0.701215 0.261362 0.060540
vt 0.704622 0.340965 0.058179
vt 0.669948 0.340965 0.070953
vt 0.669950 0.513089 0.070954
vt 0.704623 0.514537 0.058178
vt 0.704547 0.651410 0.058234
vt 0.669282 0.651410 0.070956
vt 0.669283 0.824744 0.070957
vt 0.704548 0.824743 0.058233
vt 0.704670 0.864497 0.058144
vt 0.668977 0.864497 0.070955
vt 0.668976 0.909687 0.070955
vt 0.704670 0.909687 0.058145
vt 0.704670 0.909687 -0.079550
vt 0.668977 0.909687 -0.066740
vt 0.668977 0.864497 -0.066740
vt 0.704670 0.864497 -0.079550
vt 0.704548 0.824743 -0.079461
vt 0.669283 0.824744 -0.066738
vt 0.669282 0.651410 -0.066738
vt 0.704547 0.651410 -0.079461
vt 0.704623 0.514537 -0.079516
vt 0.669950 0.513089 -0.066741
vt 0.669948 0.340965 -0.066741
vt 0.704622 0.340965 -0.079516
vt 0.701215 0.261362 -0.077155
vt 0.669098 0.261362 -0.066740
vt 0.669097 0.161964 -0.066740
vt 0.701214 0.161964 -0.077154
vt 0.570317 0.942238 0.045231
vt 0.570317 0.087915 0.045230
vt 0.570317 0.958086 0.596009
vt 0.570317 0.979414 0.596009
vt 0.631126 0.160444 0.080356
vt 0.601072 0.160445 0.072165
vt 0.601074 0.261732 0.072166
vt 0.631127 0.261731 0.080356
vt 0.633924 0.337294 0.080195
vt 0.600651 0.337294 0.071923
vt 0.600652 0.512098 0.071924
vt 0.633925 0.512935 0.080196
vt 0.633841 0.652147 0.080203
vt 0.601489 0.652147 0.072403
vt 0.601490 0.823916 0.072405
vt 0.633843 0.823916 0.080203
vt 0.635608 0.864497 0.080023
vt 0.599914 0.864497 0.071490
vt 0.599914 0.909687 0.071490
vt 0.635607 0.909687 0.080024
vt 0.635607 0.909687 -0.057671
vt 0.599914 0.909687 -0.066204
vt 0.599914 0.864497 -0.066204
vt 0.635608 0.864497 -0.057671
vt 0.633843 0.823916 -0.057491
vt 0.601490 0.823916 -0.065290
vt 0.601489 0.652146 -0.065291
vt 0.633841 0.652146 -0.057491
vt 0.633925 0.512935 -0.057499
vt 0.600652 0.512098 -0.065771
vt 0.600651 0.337294 -0.065772
vt 0.633924 0.337294 -0.057499
vt 0.631127 0.261731 -0.057339
vt 0.601074 0.261732 -0.065528
vt 0.601072 0.160445 -0.065529
vt 0.631126 0.160444 -0.057339
vt 0.470444 0.942238 -0.204630
vt 0.470444 0.107128 -0.204632
vt 0.470444 0.958086 0.346147
vt 0.470444 0.979414 0.346147
vt 0.543920 0.119571 -0.003365
vt 0.505091 0.119837 -0.097514
vt 0.504702 0.322317 -0.097511
vt 0.543617 0.322805 -0.003363
vt 0.540902 0.347592 -0.008477
vt 0.508493 0.347592 -0.087014
vt 0.508494 0.523471 -0.087011
vt 0.540903 0.523471 -0.008474
vt 0.541172 0.651496 -0.007907
vt 0.508461 0.651496 -0.087102
vt 0.508462 0.823635 -0.087098
vt 0.541173 0.823635 -0.007905
vt 0.542647 0.864497 -0.004819
vt 0.506954 0.864497 -0.091242
vt 0.506954 0.909686 -0.091243
vt 0.542647 0.909687 -0.004820
vt 0.542647 0.909687 -0.142514
vt 0.506954 0.909687 -0.228937
vt 0.506954 0.864497 -0.228937
vt 0.542647 0.864497 -0.142513
vt 0.541173 0.823635 -0.145599
vt 0.508462 0.823635 -0.224793
vt 0.508461 0.651496 -0.224796
vt 0.541172 0.651496 -0.145602
vt 0.540903 0.523471 -0.146169
vt 0.508494 0.523471 -0.224706
vt 0.508493 0.347592 -0.224709
vt 0.540902 0.347592 -0.146172
vt 0.543617 0.322805 -0.141057
vt 0.504702 0.322317 -0.235205
vt 0.505091 0.119837 -0.235209
vt 0.543920 0.119571 -0.141060
vt 0.343573 0.942238 0.045162
vt 0.343573 0.117203 0.045160
vt 0.343573 0.958086 0.595940
vt 0.343573 0.979414 0.595940
vt 0.378395 0.203854 -0.028622
vt 0.364601 0.203854 0.000259
vt 0.364602 0.255944 0.000215
vt 0.378396 0.255944 -0.028666
vt 0.392329 0.354865 -0.057244
vt 0.356844 0.354865 0.016717
vt 0.356846 0.519136 0.016673
vt 0.392330 0.519136 -0.057288
vt 0.392329 0.662507 -0.057243
vt 0.356845 0.662507 0.016718
vt 0.356846 0.826777 0.016673
vt 0.392330 0.826777 -0.057287
vt 0.378396 0.255944 -0.166361
vt 0.364602 0.255944 -0.137479
vt 0.364601 0.203854 -0.137435
vt 0.378395 0.203854 -0.166316
vt 0.392330 0.519136 -0.194983
vt 0.356846 0.519136 -0.121022
vt 0.356844 0.354865 -0.120978
vt 0.392329 0.354865 -0.194938
vt 0.392330 0.826777 -0.194982
vt 0.356846 0.826777 -0.121021
vt 0.356844 0.662507 -0.120977
vt 0.392329 0.662507 -0.194938
vt 0.233837 0.942238 0.218913
vt 0.233837 0.128215 0.218911
vt 0.233837 0.958086 0.769691
vt 0.233837 0.979414 0.769691
vt 0.286115 0.130217 0.134867
vt 0.257080 0.130217 0.181466
vt 0.257081 0.276036 0.181465
vt 0.286117 0.276035 0.134865
vt 0.300092 0.354865 0.112642
vt 0.264608 0.354865 0.169351
vt 0.264609 0.519136 0.169349
vt 0.300093 0.519136 0.112640
vt 0.300092 0.662507 0.112642
vt 0.264608 0.662507 0.169351
vt 0.264609 0.826777 0.169350
vt 0.300093 0.826777 0.112641
vt 0.286117 0.276035 -0.002829
vt 0.257081 0.276036 0.043770
vt 0.257080 0.130217 0.043772
vt 0.286115 0.130217 -0.002828
vt 0.300093 0.519136 -0.025054
vt 0.264609 0.519136 0.031655
vt 0.264608 0.354865 0.031656
vt 0.300092 0.354865 -0.025053
vt 0.300093 0.826777 -0.025054
vt 0.264609 0.826777 0.031655
vt 0.264608 0.662507 0.031657
vt 0.300092 0.662507 -0.025052
vt 0.195604 0.217849 0.289874
vt 0.183830 0.217849 0.311417
vt 0.183831 0.252738 0.311415
vt 0.195605 0.252737 0.289872
vt 0.208676 0.354865 0.265758
vt 0.173192 0.354865 0.330705
vt 0.173193 0.519136 0.330703
vt 0.208677 0.519136 0.265756
vt 0.208676 0.662507 0.265759
vt 0.173192 0.662507 0.330706
vt 0.173193 0.826777 0.330704
vt 0.208677 0.826777 0.265757
vt 0.195605 0.252737 0.152177
vt 0.183831 0.252738 0.173720
vt 0.183830 0.217849 0.173722
vt 0.195604 0.217849 0.152179
vt 0.208677 0.519136 0.128062
vt 0.173193 0.519136 0.193009
vt 0.173192 0.354865 0.193011
vt 0.208676 0.354865 0.128064
vt 0.208677 0.826777 0.128063
vt 0.173193 0.826777 0.193010
vt 0.173192 0.662507 0.193012
vt 0.208676 0.662507 0.128065
vt 0.545047 0.115795 -0.002881
vt 0.502333 0.115795 -0.111448
vt 0.502333 0.106426 -0.121286
vt 0.545047 0.104560 -0.010255
vt 0.521625 0.115795 -0.064435
vt 0.553326 0.091273 0.002782
vt 0.553326 0.104636 0.011552
vt 0.494455 0.107048 -0.141582
vt 0.494455 0.102579 -0.144515
vt 0.502333 0.101114 -0.124772
vt 0.544464 0.114291 0.267763
vt 0.501750 0.114291 0.159195
vt 0.501750 0.104921 0.149358
vt 0.544464 0.103055 0.260389
vt 0.552390 0.088967 0.691162
vt 0.552390 0.100654 0.699932
vt 0.494212 0.103868 0.560525
vt 0.494212 0.101074 0.557592
vt 0.501750 0.099609 0.562384
vt 0.803284 0.035255 -0.182221
vt 0.765751 0.043475 -0.064203
vt 0.802828 0.046767 0.134255
vt 0.766626 0.046610 0.253256
vt 0.802758 0.035363 0.131916
vt 0.766624 0.043184 0.249934
vt 0.951599 0.826701 0.208836
vt 0.616844 0.826701 0.208835
vt 0.422306 0.826701 0.208835
vt 0.066000 0.826701 0.208801
vt 0.065998 0.031369 0.208781
vt 0.928617 0.014833 0.208837
vt 0.941994 0.090170 0.208836
vt 0.949712 0.164160 0.208836
vt 0.951599 0.239019 0.208836
vt 0.422354 0.839997 0.208835
vt 0.330503 0.775639 0.208834
vt 0.232939 0.775639 0.208834
vt 0.232939 0.810779 0.208837
vt 0.330503 0.810779 0.208837
vt 0.330430 0.586245 0.208835
vt 0.233082 0.586245 0.208835
vt 0.234782 0.737443 0.208837
vt 0.332407 0.737442 0.208837
vt 0.330482 0.313177 0.208836
vt 0.230931 0.313177 0.208836
vt 0.231985 0.466704 0.208838
vt 0.330482 0.466704 0.208838
vt 0.574433 0.776272 0.208834
vt 0.473151 0.776272 0.208834
vt 0.474330 0.814613 0.208837
vt 0.574433 0.814613 0.208837
vt 0.571988 0.586245 0.208835
vt 0.470456 0.586245 0.208835
vt 0.472663 0.737911 0.208837
vt 0.571988 0.737911 0.208837
vt 0.568961 0.313177 0.208836
vt 0.469680 0.313177 0.208836
vt 0.469680 0.466340 0.208838
vt 0.568961 0.466340 0.208838
vt 0.802090 0.773290 0.208834
vt 0.701801 0.774564 0.208834
vt 0.702854 0.809277 0.208837
vt 0.802090 0.809277 0.208837
vt 0.805165 0.586244 0.208815
vt 0.704757 0.586244 0.208835
vt 0.706526 0.737911 0.208837
vt 0.806132 0.737911 0.208829
vt 0.802081 0.313177 0.208839
vt 0.703383 0.313177 0.208836
vt 0.704527 0.467122 0.208838
vt 0.803511 0.466482 0.208841
vt 0.849341 0.055981 0.208837
vt 0.760277 0.055981 0.208837
vt 0.760783 0.177106 0.208839
vt 0.849341 0.177106 0.208839
vt 0.637613 0.023432 0.208837
vt 0.534048 0.023432 0.208837
vt 0.534053 0.148946 0.208839
vt 0.636428 0.148946 0.208839
vt 0.422357 0.857889 0.215438
vt 0.370299 0.857889 0.208833
vt 0.442141 0.024077 0.208836
vt 0.968290 0.839997 0.208835
vt 0.616376 0.839997 0.208835
vt 0.968290 0.857889 0.208837
vt 0.675954 0.857889 0.208832
vt 0.616785 0.857889 0.208819
vt 0.649745 0.903772 0.208836
vt 0.649745 0.952106 0.208835
vt 0.393414 0.952106 0.208835
vt 0.393415 0.903772 0.208836
vt 0.601454 0.871632 0.208834
vt 0.441819 0.871477 0.208834
vt 0.434670 0.886946 0.208836
vt 0.521285 0.920707 0.208836
vt 0.606150 0.889954 0.208836
vt 0.522370 0.905014 0.208836
vt 0.457973 0.878941 0.208834
vt 0.583156 0.879076 0.208834
vt 0.666281 0.952106 0.681282
vt 0.666283 0.976001 0.681282
vt 0.649746 0.976001 0.208835
vt 0.393415 0.976001 0.208835
vt 0.375303 0.976001 0.681282
vt 0.375304 0.952106 0.681282
vt 0.649746 0.994323 0.208836
vt 0.393414 0.994323 0.208836
vt 0.583156 0.879076 0.360777
vt 0.457973 0.878941 0.360776
vt 0.522370 0.905014 0.360779
vt 0.606150 0.889954 0.360779
vt 0.521285 0.920707 0.360779
vt 0.434670 0.886946 0.360779
vt 0.441819 0.871477 0.360776
vt 0.601454 0.871632 0.360777
vt 0.803511 0.466482 0.056899
vt 0.704527 0.467122 0.056895
vt 0.703383 0.313177 0.056893
vt 0.802081 0.313177 0.056897
vt 0.806132 0.737911 0.056885
vt 0.706526 0.737911 0.056895
vt 0.704757 0.586244 0.056893
vt 0.805165 0.586244 0.056873
vt 0.802090 0.809277 0.056895
vt 0.702854 0.809277 0.056894
vt 0.701801 0.774564 0.056892
vt 0.802090 0.773290 0.056892
vt 0.568961 0.466340 0.056895
vt 0.469680 0.466340 0.056895
vt 0.469680 0.313177 0.056893
vt 0.568961 0.313177 0.056893
vt 0.571988 0.737911 0.056895
vt 0.472663 0.737911 0.056894
vt 0.470456 0.586245 0.056892
vt 0.571988 0.586245 0.056893
vt 0.574433 0.814613 0.056894
vt 0.474330 0.814613 0.056894
vt 0.473151 0.776272 0.056892
vt 0.574433 0.776272 0.056892
vt 0.330482 0.466704 0.056895
vt 0.231985 0.466704 0.056895
vt 0.230931 0.313177 0.056893
vt 0.330482 0.313177 0.056893
vt 0.332407 0.737442 0.056894
vt 0.234782 0.737443 0.056894
vt 0.233082 0.586245 0.056892
vt 0.330430 0.586245 0.056892
vt 0.330503 0.810779 0.056894
vt 0.232939 0.810779 0.056894
vt 0.232939 0.775639 0.056892
vt 0.330503 0.775639 0.056892
vt 0.636428 0.148946 0.086944
vt 0.534053 0.148946 0.086943
vt 0.534048 0.023432 0.086941
vt 0.637613 0.023432 0.086941
vt 0.849341 0.177106 0.056896
vt 0.760783 0.177106 0.056896
vt 0.760277 0.055981 0.056894
vt 0.849341 0.055981 0.056894
vt 0.422354 0.839997 1.120490
vt 0.027419 0.839997 1.121222
vt 0.422353 0.857889 1.120484
vt 0.370299 0.857889 1.113865
vt 0.027419 0.857889 1.121216
vt 0.968290 0.839997 1.120467
vt 0.616781 0.839997 1.113882
vt 0.968290 0.857889 1.120455
vt 0.676019 0.857889 1.113882
vt 0.616782 0.857889 1.113882
vt 0.649743 0.903772 -0.105831
vt 0.393408 0.903772 -0.105866
vt 0.393414 0.952106 -1.437901
vt 0.649746 0.952106 -1.437907
vt 0.649746 0.994323 -1.135638
vt 0.393414 0.994323 -1.135638
vt 0.393415 0.976001 -1.135661
vt 0.649746 0.976001 -1.135661
vt 0.666281 0.952106 -1.437883
vt 0.666283 0.976001 -1.437888
vt 0.375304 0.976001 -1.437888
vt 0.375305 0.952106 -1.437884
vt 0.065999 0.274046 0.208780
vt 0.951599 0.014833 0.208848
vt 0.929148 0.936931 -75589.500000
vt 0.928640 -0.000552 -49451.000000
vt 0.964313 0.979639 -35366.000000
vt 0.964301 0.955138 -34664.500000
vt 0.070660 0.938815 -75412.500000
vt 0.070751 0.204860 -54925.000000
vt 0.248661 0.627822 -66731.500000
vt 0.120218 0.627822 -66731.500000
vt 0.120196 0.801108 -71568.500000
vt 0.248640 0.801108 -71568.500000
vt 0.497101 0.627822 -66730.500000
vt 0.364671 0.627822 -66730.500000
vt 0.364649 0.801108 -71568.000000
vt 0.497079 0.801108 -71567.500000
vt 0.752765 0.617509 -66443.000000
vt 0.624102 0.619393 -66495.000000
vt 0.624080 0.801108 -71567.500000
vt 0.752742 0.801108 -71567.500000
vt 0.289868 0.270221 -56748.500000
vt 0.177779 0.270221 -56749.500000
vt 0.177764 0.392310 -60157.000000
vt 0.289853 0.392310 -60156.500000
vt 0.142638 0.342482 -58765.500000
vt 0.120315 0.342482 -58766.000000
vt 0.120308 0.372904 -59615.000000
vt 0.142631 0.372905 -59615.000000
vt 0.265313 0.081966 -51493.500000
vt 0.174224 0.081966 -51494.500000
vt 0.174211 0.183654 -54333.000000
vt 0.265300 0.183654 -54332.500000
vt 0.666500 0.064604 -51009.000000
vt 0.567912 0.064604 -51009.500000
vt 0.567898 0.182671 -54305.000000
vt 0.666486 0.182671 -54305.000000
vt 0.070655 0.981023 -76591.500000
vt 0.070768 0.076727 -51348.000000
vt 0.211909 0.077702 -51375.000000
vt 0.583950 0.055011 -50741.500000
vt 0.660193 0.052388 -50668.500000
vt 0.830511 0.035140 -50186.500000
vt 0.461362 0.069865 -51156.000000
vt 0.248661 0.627822 -80533.500000
vt 0.120218 0.627822 -80533.500000
vt 0.120196 0.801108 -85371.000000
vt 0.248640 0.801108 -85370.500000
vt 0.497101 0.627822 -80534.000000
vt 0.364671 0.627822 -80533.500000
vt 0.364649 0.801108 -85371.000000
vt 0.497079 0.801108 -85371.000000
vt 0.752765 0.619393 -80299.000000
vt 0.624102 0.619393 -80298.000000
vt 0.624080 0.801108 -85371.000000
vt 0.752742 0.801108 -85371.000000
vt 0.289868 0.270221 -70552.000000
vt 0.177779 0.270221 -70551.500000
vt 0.177764 0.392310 -73959.500000
vt 0.289853 0.392310 -73959.500000
vt 0.142638 0.342482 -72569.000000
vt 0.120315 0.342482 -72568.500000
vt 0.120308 0.372904 -73418.000000
vt 0.142631 0.372904 -73419.000000
vt 0.265313 0.081966 -65297.000000
vt 0.174224 0.081966 -65296.500000
vt 0.174211 0.183654 -68135.000000
vt 0.265300 0.183654 -68135.000000
vt 0.666500 0.064604 -64811.500000
vt 0.567912 0.064604 -64812.500000
vt 0.567898 0.182671 -68108.000000
vt 0.666486 0.182671 -68107.500000
vt 0.071052 0.955137 -34395.500000
vt 0.071050 0.979639 -35080.500000
vt 0.904618 0.985127 11.641195
vt 0.743529 0.857423 17.881207
vt 0.694830 0.793205 13.091196
vt 0.890722 0.972414 11.737241
vt 0.021560 0.722941 11.657284
vt 0.890722 0.972414 11.737241
vt 0.694830 0.793205 13.091196
vt 0.021560 0.722941 11.657284
vt 0.890722 0.972414 11.737241
vt 0.694830 0.793205 13.091196
vt 0.890722 0.972414 11.737241
vt 0.021560 0.722941 11.657284
vt 0.021560 0.722941 11.657285
vt 0.890722 0.972414 11.737241
vt 0.358500 0.991978 0.460445
vt 0.609075 0.991978 0.455727
vt 0.369697 0.991978 0.545633
vt 0.620271 0.991978 0.540916
vt 0.344479 0.421615 0.457364
vt 0.622179 0.424519 0.452359
vt 0.361884 0.653710 0.547641
vt 0.628525 0.656227 0.542729
vt 0.511332 0.654949 0.544821
vt 0.343554 0.976768 0.459910
vt 0.627172 0.976768 0.456426
vt 0.638167 0.976768 0.540089
vt 0.354550 0.976768 0.543574
vt 0.354549 0.956103 0.543574
vt 0.343554 0.741302 0.459910
vt 0.638167 0.963237 0.540089
vt 0.627171 0.748436 0.456426
vt 0.369038 0.984344 0.468116
vt 0.615155 0.984343 0.464072
vt 0.624132 0.984344 0.532375
vt 0.378015 0.984344 0.536419
vt 0.360676 0.272008 0.466352
vt 0.622983 0.276064 0.462137
vt 0.630291 0.459615 0.533675
vt 0.457530 0.456962 0.536458
vt 0.372172 0.455729 0.537863
vt 0.362340 0.298607 0.476705
vt 0.393730 0.982001 0.467178
vt 0.589413 0.982001 0.464181
vt 0.601912 0.982001 0.533893
vt 0.406229 0.982001 0.536890
vt 0.399447 0.769512 0.518986
vt 0.387470 0.631071 0.465172
vt 0.594863 0.634733 0.462017
vt 0.600754 0.745846 0.505290
vt 0.403477 0.806646 0.537983
vt 0.605092 0.803719 0.534912
vt 0.387907 0.975782 0.469936
vt 0.551259 0.975782 0.464094
vt 0.582130 0.975782 0.531720
vt 0.418777 0.975782 0.537562
vt 0.409153 0.622055 0.541332
vt 0.370123 0.479269 0.465864
vt 0.595211 0.610540 0.534715
vt 0.565109 0.466707 0.458668
vt 0.582496 0.973013 0.482870
vt 0.590185 0.973013 0.513459
vt 0.444467 0.973013 0.516799
vt 0.436777 0.973013 0.486210
vt 0.585409 0.764867 0.481940
vt 0.594810 0.693108 0.514517
vt 0.440515 0.690701 0.518060
vt 0.433298 0.762534 0.485414
vt 0.476904 0.763198 0.484420
vt 0.590185 0.973013 0.513459
vt 0.582496 0.973013 0.482870
vt 0.436777 0.973013 0.486210
vt 0.444467 0.973013 0.516799
vt 0.590185 0.973013 0.513459
vt 0.582496 0.973013 0.482870
vt 0.436777 0.973013 0.486210
vt 0.444467 0.973013 0.516799
vt 0.590185 0.973013 0.513459
vt 0.582496 0.973013 0.482870
vt 0.436777 0.973013 0.486210
vt 0.444467 0.973013 0.516799
vt 0.590185 0.973013 0.513459
vt 0.582496 0.973013 0.482870
vt 0.436777 0.973013 0.486210
vt 0.444467 0.973013 0.516799
vt 0.590185 0.973013 0.513459
vt 0.582496 0.973013 0.482870
vt 0.436777 0.973013 0.486210
vt 0.444467 0.973013 0.516799
vt 0.848989 0.674770 0.818775
vt 0.499588 0.850319 0.816914
vt 0.150195 0.674770 0.815052
vt 0.955624 0.621928 0.999386
vt 1.001201 0.726108 0.999506
vt 0.499118 0.970165 0.996868
vt 0.003850 0.711700 0.994207
vt 0.048242 0.620497 0.994335
vt 0.499119 0.850327 0.996868
vt 0.501744 0.970160 -0.200001
vt 1.002956 0.726104 0.055098
vt 0.957279 0.621925 0.164608
vt 0.850394 0.674770 0.109491
vt 0.150194 0.000500 0.815044
vt 0.151600 0.674770 0.109589
vt 0.049898 0.620494 0.165874
vt 0.005607 0.711696 0.071058
vt 0.848989 0.000992 0.818769
vt 0.445630 0.706225 0.818779
vt 0.556170 0.706225 0.818779
vt 0.445630 0.806187 0.818779
vt 0.556170 0.806187 0.818779
vt 0.445629 0.706226 1.456684
vt 0.556170 0.706226 1.456684
vt 0.445629 0.806188 1.456684
vt 0.556170 0.806188 1.456684
vt 0.844139 0.689154 0.845860
vt 0.506583 0.844132 0.845860
vt 0.169267 0.691621 0.845858
vt 0.899051 0.663391 0.966356
vt 0.951710 0.753993 0.966272
vt 0.506588 0.955727 0.966297
vt 0.056602 0.739365 0.966284
vt 0.110535 0.662068 0.966213
vt 0.506589 0.844140 0.966299
vt 0.943908 0.753987 0.206374
vt 0.891250 0.663385 0.231551
vt 0.836339 0.689151 0.175138
vt 0.169266 0.040671 0.845860
vt 0.161468 0.691618 0.174779
vt 0.102733 0.662062 0.230901
vt 0.048801 0.739359 0.205850
vt 0.844139 0.041130 0.845858
vt 0.498785 0.955719 -0.015395
vt 0.844139 0.689154 0.845860
vt 0.506583 0.844132 0.845860
vt 0.169267 0.691621 0.845858
vt 0.899051 0.663391 0.966356
vt 0.951710 0.753993 0.966272
vt 0.506588 0.955727 0.966297
vt 0.056602 0.739365 0.966284
vt 0.110535 0.662068 0.966213
vt 0.506589 0.844140 0.966299
vt 0.943908 0.753987 0.206374
vt 0.891250 0.663385 0.231551
vt 0.836339 0.689151 0.175138
vt 0.169266 0.040671 0.845860
vt 0.161468 0.691618 0.174779
vt 0.102733 0.662062 0.230901
vt 0.048801 0.739359 0.205850
vt 0.844139 0.041130 0.845858
vt 0.498785 0.955719 -0.015395
vt 0.807331 0.737552 0.898169
vt 0.502901 0.866846 0.898170
vt 0.187017 0.739610 0.898167
vt 0.872097 0.701778 0.999502
vt 0.913422 0.777366 0.999434
vt 0.502907 0.959947 0.999453
vt 0.086578 0.774567 0.999438
vt 0.128911 0.710079 0.999383
vt 0.502907 0.866852 0.999454
vt 0.913423 0.777366 0.176330
vt 0.872106 0.701777 0.197502
vt 0.807329 0.737552 0.150066
vt 0.187014 0.008518 0.898171
vt 0.187017 0.739608 0.149765
vt 0.128907 0.710080 0.196958
vt 0.086577 0.774568 0.175891
vt 0.807330 0.008902 0.898169
vt 0.502908 0.959948 0.000501
vt 0.807331 0.737552 0.898169
vt 0.502901 0.866846 0.898170
vt 0.187017 0.739610 0.898167
vt 0.872097 0.701778 0.999502
vt 0.913422 0.777366 0.999434
vt 0.502907 0.959947 0.999453
vt 0.086578 0.774567 0.999438
vt 0.128911 0.710079 0.999383
vt 0.502907 0.866852 0.999454
vt 0.913423 0.777366 0.176330
vt 0.872106 0.701777 0.197502
vt 0.807329 0.737552 0.150066
vt 0.187014 0.008518 0.898171
vt 0.187017 0.739608 0.149765
vt 0.128907 0.710080 0.196958
vt 0.086577 0.774568 0.175891
vt 0.807330 0.008902 0.898169
vt 0.502908 0.959948 0.000501
vt 0.901881 0.982623 11.660113
vt 0.904618 0.985127 11.641195
vt 0.743529 0.857423 17.881207
vt 0.694830 0.793205 13.091196
vt 0.890722 0.972414 11.737241
vt 0.021560 0.722941 11.657284
vt 0.890722 0.972414 11.737241
vt 0.694830 0.793205 13.091196
vt 0.021560 0.722941 11.657284
vt 0.890722 0.972414 11.737241
vt 0.694830 0.793205 13.091196
vt 0.890722 0.972414 11.737241
vt 0.021560 0.722941 11.657284
vt 0.021560 0.722941 11.657285
vt 0.890722 0.972414 11.737241
vt 0.901881 0.982623 11.660113
vt 0.743529 0.857423 17.881207
vt 0.694830 0.793205 13.091196
vt 0.890722 0.972414 11.737241
vt 0.901881 0.982623 11.660113
vt 0.890722 0.972414 11.737241
vt 0.694830 0.793205 13.091196
vt 0.743529 0.857423 17.881207
vt 0.901881 0.982623 11.660113
vt 0.743529 0.857423 17.881207
vt 0.901881 0.982623 11.660113
vt 0.890722 0.972414 11.737241
vt 0.694830 0.793205 13.091196
vt 0.500000 0.500000 0.000000
vt 0.500000 0.500000 0.000000
vt 0.500000 0.500000 0.000000
vt 0.721743 0.817827 12.905178
vt 0.853624 0.938476 11.993648
vt 0.697559 0.795702 13.072330
vt 0.641156 0.712429 9.484663
vt 0.844139 0.689154 0.845860
vt 0.506583 0.844132 0.845860
vt 0.169267 0.691621 0.845858
vt 0.899051 0.663391 0.966356
vt 0.951710 0.753993 0.966272
vt 0.506588 0.955727 0.966297
vt 0.056602 0.739365 0.966284
vt 0.110535 0.662068 0.966213
vt 0.506589 0.844140 0.966299
vt 0.943908 0.753987 0.206374
vt 0.891250 0.663385 0.231551
vt 0.836339 0.689151 0.175138
vt 0.169266 0.040671 0.845860
vt 0.161468 0.691618 0.174779
vt 0.102733 0.662062 0.230901
vt 0.048801 0.739359 0.205850
vt 0.844139 0.041130 0.845858
vt 0.498785 0.955719 -0.015395
vt 0.844139 0.689154 0.845860
vt 0.506583 0.844132 0.845860
vt 0.169267 0.691621 0.845858
vt 0.899051 0.663391 0.966356
vt 0.951710 0.753993 0.966272
vt 0.506588 0.955727 0.966297
vt 0.056602 0.739365 0.966284
vt 0.110535 0.662068 0.966213
vt 0.506589 0.844140 0.966299
vt 0.943908 0.753987 0.206374
vt 0.891250 0.663385 0.231551
vt 0.836339 0.689151 0.175138
vt 0.169266 0.040671 0.845860
vt 0.161468 0.691618 0.174779
vt 0.102733 0.662062 0.230901
vt 0.048801 0.739359 0.205850
vt 0.844139 0.041130 0.845858
vt 0.498785 0.955719 -0.015395
vt 0.807331 0.737552 0.898169
vt 0.502901 0.866846 0.898170
vt 0.187017 0.739610 0.898167
vt 0.872097 0.701778 0.999502
vt 0.913422 0.777366 0.999434
vt 0.502907 0.959947 0.999453
vt 0.086578 0.774567 0.999438
vt 0.128911 0.710079 0.999383
vt 0.502907 0.866852 0.999454
vt 0.913423 0.777366 0.176330
vt 0.872106 0.701777 0.197502
vt 0.807329 0.737552 0.150066
vt 0.187014 0.008518 0.898171
vt 0.187017 0.739608 0.149765
vt 0.128907 0.710080 0.196958
vt 0.086577 0.774568 0.175891
vt 0.807330 0.008902 0.898169
vt 0.502908 0.959948 0.000501
vt 0.807331 0.737552 0.898169
vt 0.502901 0.866846 0.898170
vt 0.187017 0.739610 0.898167
vt 0.872097 0.701778 0.999502
vt 0.913422 0.777366 0.999434
vt 0.502907 0.959947 0.999453
vt 0.086578 0.774567 0.999438
vt 0.128911 0.710079 0.999383
vt 0.502907 0.866852 0.999454
vt 0.913423 0.777366 0.176330
vt 0.872106 0.701777 0.197502
vt 0.807329 0.737552 0.150066
vt 0.187014 0.008518 0.898171
vt 0.187017 0.739608 0.149765
vt 0.128907 0.710080 0.196958
vt 0.086577 0.774568 0.175891
vt 0.807330 0.008902 0.898169
vt 0.502908 0.959948 0.000501
vt 0.848989 0.674770 0.818775
vt 0.499588 0.850319 0.816914
vt 0.150195 0.674770 0.815052
vt 0.955624 0.621928 0.999386
vt 1.001201 0.726108 0.999506
vt 0.499118 0.970165 0.996868
vt 0.003850 0.711700 0.994207
vt 0.048242 0.620497 0.994335
vt 0.499119 0.850327 0.996868
vt 0.501744 0.970160 -0.200001
vt 1.002956 0.726104 0.055098
vt 0.957279 0.621925 0.164608
vt 0.850394 0.674770 0.109491
vt 0.150194 0.000500 0.815044
vt 0.151600 0.674770 0.109589
vt 0.049898 0.620494 0.165874
vt 0.005607 0.711696 0.071058
vt 0.848989 0.000992 0.818769
vt 0.445630 0.706225 0.818779
vt 0.556170 0.706225 0.818779
vt 0.445630 0.806187 0.818779
vt 0.556170 0.806187 0.818779
vt 0.445629 0.706226 1.456684
vt 0.556170 0.706226 1.456684
vt 0.445629 0.806188 1.456684
vt 0.556170 0.806188 1.456684
vt 0.942180 0.455413 -5.862071
vt 0.923753 0.639875 -5.862072
vt 0.956073 0.466938 -5.862072
vt 0.993307 0.092085 -5.862074
vt 0.906191 0.969284 -5.862072
vt 0.937647 0.651399 -5.862074
vt 0.915817 0.667151 -5.132071
vt 0.939976 0.423843 -5.132069
vt 0.919528 0.406882 -4.338687
vt 0.895368 0.650188 -4.338687
vt 0.735411 0.048876 -5.862072
vt 0.014008 0.722153 -5.862068
vt 0.745575 0.836148 0.377940
vt 0.781673 0.447315 0.377933
vt 0.128818 0.412408 0.500003
vt 0.021296 0.023607 -5.862060
vt 0.476841 0.060897 -5.862065
vt 0.694764 0.793868 -4.412072
vt 0.945544 0.419915 -5.394298
vt 0.919763 0.680034 -5.394301
vt 0.469407 0.438649 0.377929
vt 0.352874 0.048172 -5.862064
vt 0.245650 0.039319 -5.862063
vt 0.157287 0.030931 -5.862062
vt 0.574427 0.048165 -5.862068
vt 0.663324 0.046894 -5.862070
vt 0.832996 0.064750 -5.862073
vt 0.021292 0.723094 -5.845984
vt 0.907188 0.531157 -3.982894
vt 0.877899 0.511593 -3.238071
vt 0.694830 0.793205 13.091196
vt 0.890722 0.972414 11.737241
vt 0.694830 0.793205 13.091196
vt 0.890722 0.972414 11.737241
vt 0.694830 0.793205 13.091196
vt 0.890722 0.972414 11.737241
vt 0.890722 0.972414 11.737241
vt 0.743529 0.857423 17.881207
vt 0.694830 0.793205 13.091196
vt 0.890722 0.972414 11.737241
vt 0.901881 0.982623 11.660113
vt 0.890722 0.972414 11.737241
vt 0.694830 0.793205 13.091196
vt 0.743529 0.857423 17.881207
vt 0.901881 0.982623 11.660113
vt 0.500000 0.500000 0.000000
vt 0.500000 0.500000 0.000000
vt 0.500000 0.500000 0.000000
vt 0.721743 0.817827 12.905178
vt 0.853624 0.938476 11.993648
vt 0.697559 0.795702 13.072330
vt -0.001548 -0.005285 0.460445
vt -0.000405 1.000628 0.455727
vt 1.005826 0.001080 0.545633
vt 0.997783 0.998469 0.540916
vt 0.001361 -0.004087 0.459910
vt 0.002025 1.001284 0.456426
vt 0.993420 0.998833 0.540089
vt 0.999175 -0.000321 0.543574
vt 0.004145 -0.011047 0.468116
vt 0.002942 0.997912 0.464072
vt 0.992685 0.996882 0.532375
vt 1.005351 -0.007343 0.536419
vt -0.008267 0.998649 0.467178
vt 0.003065 -0.010090 0.464181
vt 1.005377 -0.006908 0.533893
vt 0.990863 1.005014 0.536890
vt 0.003198 -0.009240 0.469936
vt 0.000374 0.999391 0.464094
vt 0.993392 0.999391 0.531720
vt 1.001112 -0.004344 0.537562
vt 0.000000 0.000000 0.492459
vt 0.000000 0.500000 0.507941
vt 0.000000 1.000000 0.491337
vt 0.780576 0.000000 0.492459
vt 0.780576 1.000000 0.491337
vt 1.042798 0.500000 0.507941
vt 0.000000 0.000000 0.490683
vt 0.000000 0.500000 0.506165
vt 0.000000 1.000000 0.489561
vt 0.780576 0.000000 0.490683
vt 0.780576 1.000000 0.489560
vt 1.042798 0.500000 0.506165
vt 0.000000 0.000000 0.501585
vt 0.000000 0.500000 0.516665
vt 0.000000 1.000000 0.501354
vt 0.780576 0.000000 0.501585
vt 0.780576 1.000000 0.501354
vt 0.999717 0.500000 0.516666
vt 0.000000 0.000000 0.500788
vt 0.000000 0.500000 0.515869
vt 0.000000 1.000000 0.500557
vt 0.780576 0.000000 0.500789
vt 0.780576 1.000000 0.500558
vt 1.000000 0.500000 0.515870
vt 0.140867 0.000000 0.485123
vt 0.140867 0.500000 0.504342
vt 0.140867 1.000000 0.483334
vt 1.161750 0.500000 0.504342
vt 0.921444 0.000000 0.485123
vt 0.921444 1.000000 0.483334
vt -2.620004 5.032385 0.499143
vt -1.170008 -4.032385 0.499157
vt -2.620005 4.432415 0.499145
vt 3.620006 -1.853406 0.500857
vt -2.503138 4.442352 0.499183
vt -1.190413 -3.913291 0.499195
vt 3.425941 -1.813297 0.500805
vt -2.503137 4.729384 0.499166
vt 3.425941 -1.813297 0.500805
vt -1.170008 -4.032385 0.499157
vt 3.620006 -1.853406 0.500857
vt 3.425941 -1.813297 0.500805
vt -2.503137 4.729384 0.499166
vt 3.620006 -1.853406 0.500857
vt -2.620004 5.032385 0.499143
vt -2.503137 4.729384 0.499166
vt -2.503138 4.442352 0.499183
vt -2.620004 5.032385 0.499143
vt -2.522973 4.524369 0.499179
vt -2.406105 4.534306 0.499218
vt -1.093381 -3.821338 0.499229
vt 3.522973 -1.721344 0.500839
vt -2.406105 4.821338 0.499200
vt 1.270459 -0.180401 0.499252
vt -1.273796 -2.768100 0.499161
vt -2.242149 2.884953 0.499283
vt -1.093381 -3.821338 0.499229
vt 3.522973 -1.721344 0.500839
vt 1.270459 -0.180401 0.499252
vt 1.270459 -0.180401 0.499252
vt -2.242149 2.884953 0.499283
vt 3.522973 -1.721344 0.500839
vt 3.522973 -1.721344 0.500839
vt -2.406105 4.534306 0.499218
vt -2.406105 4.534306 0.499218
vt -2.242149 2.884953 0.499283
vt 0.114642 0.277940 0.265692
vt 0.078490 0.277941 0.288144
vt 0.078488 0.134900 0.288145
vt 0.114641 0.134899 0.265693
vt 7.673345 0.041805 0.417802
vt 9.041946 0.050991 0.417802
vt 7.674851 -0.256007 0.417802
vt 11.093033 -1.857928 0.417802
vt 11.400303 -0.236942 0.417802
vt 9.043449 -0.246834 0.417802
vt 9.273413 0.155720 0.436665
vt 7.469029 0.146504 0.436665
vt 5.772742 -2.025330 0.417802
vt 0.448999 -1.798812 0.417802
vt -7.206437 0.947039 0.455270
vt 7.410983 0.043640 0.429889
vt 9.339785 0.052564 0.429889
vt -2.106865 -1.821953 0.417802
vt -4.317128 -1.826615 0.417802
vt -6.138822 -1.838254 0.417802
vt 2.456679 -1.942687 0.417802
vt 4.287529 -2.000186 0.417802
vt 7.785802 -1.965381 0.417802
vt 11.398769 0.063039 0.417802
vt 11.517790 -0.236336 0.417802
vt 11.516255 0.063646 0.417802
vt -8.883468 -1.819122 0.417802
vt 6.618168 0.727126 0.418218
vt -10.273417 -0.449588 0.417802
vt 7.466819 0.584829 0.457166
vt 9.271199 0.594065 0.457166
vt 4.615626 2.667678 0.579044
vt 6.800746 0.788694 0.579044
vt -6.665528 0.940695 0.582198
vt 0.367069 0.897056 0.579044
vt 8.388453 0.589548 0.458236
vt 8.417737 1.208256 0.485606
vt 11.398813 0.068867 0.432124
vt 9.794661 0.059489 0.432042
vt 10.776312 -1.662639 0.429700
vt 6.486888 -0.012589 0.429468
vt 7.714787 -1.766830 0.429426
vt 5.848168 -1.818862 0.429632
vt 4.504586 -1.759323 0.431728
vt 2.265080 -1.682306 0.432586
vt 0.442249 -1.576671 0.431088
vt -2.458742 -1.608707 0.430491
vt -4.494836 -1.617208 0.430242
vt -6.180390 -1.618929 0.430777
vt -8.718970 -1.614437 0.429995
vt -10.079278 -0.253737 0.432174
vt -7.386250 1.224495 0.468682
vt -6.616731 0.814884 0.574746
vt 8.561111 3.115403 0.573256
vt 4.589905 2.883127 0.572830
vt 6.767707 0.664228 0.571891
vt 11.382015 3.080920 0.573189
vt -8.784746 3.382408 0.572997
vt -8.065725 1.652566 0.572013
vt -8.596866 -1.614653 0.430032
vt -8.764195 -1.819953 0.417802
vt 0.486368 0.734931 0.569838
vt 10.581093 -1.669282 0.429682
vt 10.899643 -1.864212 0.417802
vt 5.316710 -0.011514 0.429673
vt 5.048849 -0.269677 0.417802
vt 4.616653 2.642052 0.576131
vt -2.333777 3.140130 0.573470
vt 6.454828 0.928157 0.432499
vt -9.955507 -0.253828 0.432115
vt -10.148859 -0.448881 0.417802
vt -5.646178 -0.257060 0.430067
vt -5.437279 -0.421935 0.417812
vt -5.437106 -0.422071 0.417802
vt 7.351674 2.706489 0.576623
vt 4.894842 -0.270478 0.417802
vt 11.383544 3.205913 0.579044
vt 8.513947 3.240988 0.579044
vt 5.161889 -0.011372 0.429700
vt 4.659289 1.579064 0.455270
vt 7.484744 2.730723 0.579044
vt 4.965460 1.703859 0.468682
vt 7.346703 2.674458 0.572997
vt 6.769287 0.725957 0.417802
vt -8.865817 3.507503 0.579044
vt 4.592063 3.008393 0.582198
vt -2.437072 3.233318 0.579044
vt 6.578944 0.925501 0.432174
vt -5.288101 -0.421224 0.417802
vt -8.052789 1.790640 0.582198
vt -5.493147 -0.257178 0.429995
vt 0.521285 0.920707 0.208836
vt 0.606150 0.889954 0.208836
vt 0.634238 0.629565 0.000000
vt 0.457260 0.629565 0.000000
vt 0.444756 0.614316 0.000000
vt 0.645656 0.614316 0.000000
vt 0.621734 0.730500 0.000000
vt 0.444756 0.730500 0.000000
vt 0.606150 0.889954 0.360779
vt 0.521285 0.920707 0.360779
vt 0.444756 0.687105 0.000000
vt 0.621734 0.687105 0.000000
vt 0.645656 0.682715 0.000000
vt 0.634238 0.672960 0.000000
vt 0.457260 0.672960 0.000000
vt 0.444757 0.682715 0.000000
vt 0.764004 0.597655 0.898169
vt 0.764004 0.597655 0.898167
vt 1.219094 0.597417 0.150066
vt 0.765639 0.000223 0.898171
vt 1.219094 0.597417 0.149765
vt 0.765639 0.000223 0.898169
vt 0.764004 0.597655 0.898169
vt 0.764004 0.597655 0.898167
vt 1.219094 0.597417 0.150066
vt 0.765639 0.000223 0.898171
vt 1.219094 0.597417 0.149765
vt 0.765639 0.000223 0.898169
vt 0.773207 0.011267 0.000000
vt 1.393165 0.615917 0.000000
vt 1.393165 0.615917 0.000000
vt 0.773207 0.011267 0.000000
vt 0.775868 0.618492 0.000000
vt 0.775868 0.618492 0.000000
vt 0.762577 0.591828 0.845860
vt 0.762577 0.591828 0.845858
vt 1.362630 0.595734 0.175138
vt 0.764554 -0.000991 0.845860
vt 1.362630 0.595734 0.174779
vt 0.764554 -0.000991 0.845858
vt 0.762577 0.591828 0.845860
vt 0.762577 0.591828 0.845858
vt 1.362630 0.595734 0.175138
vt 0.764554 -0.000991 0.845860
vt 1.362630 0.595734 0.174779
vt 0.764554 -0.000991 0.845858
vt 0.000000 0.000000 0.000000
vt 0.181471 0.000000 0.000000
vt 0.500000 0.000000 0.000000
vt 0.681471 0.000000 0.000000
vt 1.000000 0.000000 0.000000
vt 0.000000 1.000000 0.000000
vt 0.181471 1.000000 0.000000
vt 0.500000 1.000000 0.000000
vt 0.681471 1.000000 0.000000
vt 1.000000 1.000000 0.000000
vt 1.000000 1.000000 0.000000
vt 0.000000 1.000000 0.000000
vt 0.000000 0.000000 0.000000
vt 1.000000 0.000000 0.000000
vt 0.000000 0.000000 0.000000
vt 0.184073 0.000000 0.000000
vt 0.500000 0.000000 0.000000
vt 0.684073 0.000000 0.000000
vt 1.000000 0.000000 0.000000
vt 0.000000 1.000000 0.000000
vt 0.184073 1.000000 0.000000
vt 0.500000 1.000000 0.000000
vt 0.684073 1.000000 0.000000
vt 1.000000 1.000000 0.000000
vt 1.000000 1.000000 0.000000
vt 0.000000 1.000000 0.000000
vt 0.000000 0.000000 0.000000
vt 1.000000 0.000000 0.000000
vt 0.000000 0.000000 0.000000
vt 0.193511 0.000000 0.000000
vt 0.500000 0.000000 0.000000
vt 0.693511 0.000000 0.000000
vt 1.000000 0.000000 0.000000
vt 0.000000 1.000000 0.000000
vt 0.193511 1.000000 0.000000
vt 0.500000 1.000000 0.000000
vt 0.693511 1.000000 0.000000
vt 1.000000 1.000000 0.000000
vt 1.000000 1.000000 0.000000
vt 0.000000 1.000000 0.000000
vt 0.000000 0.000000 0.000000
vt 1.000000 0.000000 0.000000
vt 0.000000 0.000000 0.000000
vt 0.196280 0.000000 0.000000
vt 0.500000 0.000000 0.000000
vt 0.696280 0.000000 0.000000
vt 1.000000 0.000000 0.000000
vt 0.000000 1.000000 0.000000
vt 0.196280 1.000000 0.000000
vt 0.500000 1.000000 0.000000
vt 0.696280 1.000000 0.000000
vt 1.000000 1.000000 0.000000
vt 1.000000 1.000000 0.000000
vt 0.000000 1.000000 0.000000
vt 0.000000 0.000000 0.000000
vt 1.000000 0.000000 0.000000
vt 0.000000 0.000000 0.000000
vt 0.195079 0.000000 0.000000
vt 0.500000 0.000000 0.000000
vt 0.695079 0.000000 0.000000
vt 1.000000 0.000000 0.000000
vt 0.000000 1.000000 0.000000
vt 0.195079 1.000000 0.000000
vt 0.500000 1.000000 0.000000
vt 0.695079 1.000000 0.000000
vt 1.000000 1.000000 0.000000
vt 1.000000 1.000000 0.000000
vt 0.000000 1.000000 0.000000
vt 0.000000 0.000000 0.000000
vt 1.000000 0.000000 0.000000
vt 0.000000 0.000000 0.000000
vt 0.204815 0.000000 0.000000
vt 0.500000 0.000000 0.000000
vt 0.704815 0.000000 0.000000
vt 1.000000 0.000000 0.000000
vt 0.000000 1.000000 0.000000
vt 0.204815 1.000000 0.000000
vt 0.500000 1.000000 0.000000
vt 0.704815 1.000000 0.000000
vt 1.000000 1.000000 0.000000
vt 1.000000 1.000000 0.000000
vt 0.000000 1.000000 0.000000
vt 0.000000 0.000000 0.000000
vt 1.000000 0.000000 0.000000
vt 0.000000 0.000000 0.000000
vt 0.189354 0.000000 0.000000
vt 0.500000 0.000000 0.000000
vt 0.689354 0.000000 0.000000
vt 1.000000 0.000000 0.000000
vt 0.000000 1.000000 0.000000
vt 0.189354 1.000000 0.000000
vt 0.500000 1.000000 0.000000
vt 0.689354 1.000000 0.000000
vt 1.000000 1.000000 0.000000
vt 1.000000 1.000000 0.000000
vt 0.000000 1.000000 0.000000
vt 0.000000 0.000000 0.000000
vt 1.000000 0.000000 0.000000
vt 0.000000 0.000000 0.000000
vt 0.201749 0.000000 0.000000
vt 0.500000 0.000000 0.000000
vt 0.701750 0.000000 0.000000
vt 1.000000 0.000000 0.000000
vt 0.000000 1.000000 0.000000
vt 0.201749 1.000000 0.000000
vt 0.500000 1.000000 0.000000
vt 0.701750 1.000000 0.000000
vt 1.000000 1.000000 0.000000
vt 1.000000 1.000000 0.000000
vt 0.000000 1.000000 0.000000
vt 0.000000 0.000000 0.000000
vt 1.000000 0.000000 0.000000
vt 0.000000 0.000000 0.000000
vt 0.198457 0.000000 0.000000
vt 0.500000 0.000000 0.000000
vt 0.698457 0.000000 0.000000
vt 1.000000 0.000000 0.000000
vt 0.000000 1.000000 0.000000
vt 0.198457 1.000000 0.000000
vt 0.500000 1.000000 0.000000
vt 0.698457 1.000000 0.000000
vt 1.000000 1.000000 0.000000
vt 1.000000 1.000000 0.000000
vt 0.000000 1.000000 0.000000
vt 0.000000 0.000000 0.000000
vt 1.000000 0.000000 0.000000
vt 0.000000 0.000000 0.000000
vt 0.209133 0.000000 0.000000
vt 0.500000 0.000000 0.000000
vt 0.709133 0.000000 0.000000
vt 1.000000 0.000000 0.000000
vt 0.000000 1.000000 0.000000
vt 0.209133 1.000000 0.000000
vt 0.500000 1.000000 0.000000
vt 0.709133 1.000000 0.000000
vt 1.000000 1.000000 0.000000
vt 1.000000 1.000000 0.000000
vt 0.000000 1.000000 0.000000
vt 0.000000 0.000000 0.000000
vt 1.000000 0.000000 0.000000
vt 0.000000 0.000000 0.000000
vt 0.200956 0.000000 0.000000
vt 0.500000 0.000000 0.000000
vt 0.700956 0.000000 0.000000
vt 1.000000 0.000000 0.000000
vt 0.000000 1.000000 0.000000
vt 0.200956 1.000000 0.000000
vt 0.500000 1.000000 0.000000
vt 0.700956 1.000000 0.000000
vt 1.000000 1.000000 0.000000
vt 1.000000 1.000000 0.000000
vt 0.000000 1.000000 0.000000
vt 0.000000 0.000000 0.000000
vt 1.000000 0.000000 0.000000
# 1322 texture coords

g Lossi_plats_3
usemtl LP3_fas_02
s off
f -823/-1278/-4500 -826/-1281/-4499 -833/-1289/-4498 
f -830/-1286/-4497 -833/-1289/-4496 -826/-1281/-4495 
f -831/-1287/-4494 -830/-1286/-4493 -826/-1281/-4492 
f -831/-1287/-4491 -826/-1281/-4490 -825/-1280/-4489 
f -824/-1279/-4488 -822/-1277/-4487 -821/-1276/-4486 
f -822/-1277/-4485 -824/-1279/-4484 -823/-1278/-4483 
f -822/-1277/-4482 -823/-1278/-4481 -833/-1289/-4480 
f -819/-1274/-4479 -822/-1277/-4478 -833/-1289/-4477 
f -818/-1273/-4476 -820/-1275/-4475 -819/-1274/-4474 
f -818/-1273/-4473 -819/-1274/-4472 -833/-1289/-4471 
f -815/-1270/-4470 -818/-1273/-4469 -833/-1289/-4468 
f -820/-1275/-4467 -818/-1273/-4466 -817/-1272/-4465 
f -815/-1270/-4464 -833/-1289/-4463 -832/-1288/-4462 
f -816/-1271/-4461 -815/-1270/-4460 -832/-1288/-4459 
f -816/-1271/-4458 -832/-1288/-4457 -831/-1287/-4456 
f -817/-1272/-4455 -816/-1271/-4454 -831/-1287/-4453 
f -820/-1275/-4452 -817/-1272/-4451 -831/-1287/-4450 
f -821/-1276/-4449 -820/-1275/-4448 -831/-1287/-4447 
f -824/-1279/-4446 -821/-1276/-4445 -831/-1287/-4444 
f -824/-1279/-4443 -831/-1287/-4442 -825/-1280/-4441 
f -829/-1285/-4440 -828/-1284/-4439 -832/-1288/-4438 
f -829/-1285/-4437 -832/-1288/-4436 -833/-1289/-4435 
f -827/-1282/-4434 -828/-1284/-4433 -829/-1285/-4432 
f -840/-1283/-4431 -827/-1282/-4430 -829/-1285/-4429 
f -813/-1268/-4428 -814/-1269/-4427 -824/-1279/-4426 
f -824/-1279/-4425 -814/-1269/-4424 -823/-1278/-4423 
f -812/-1267/-4422 -813/-1268/-4421 -825/-1280/-4420 
f -825/-1280/-4419 -813/-1268/-4418 -824/-1279/-4417 
f -811/-1266/-4416 -812/-1267/-4415 -826/-1281/-4414 
f -826/-1281/-4413 -812/-1267/-4412 -825/-1280/-4411 
f -814/-1269/-4410 -811/-1266/-4409 -823/-1278/-4408 
f -823/-1278/-4407 -811/-1266/-4406 -826/-1281/-4405 
f -809/-1264/-4404 -810/-1265/-4403 -820/-1275/-4402 
f -820/-1275/-4401 -810/-1265/-4400 -819/-1274/-4399 
f -808/-1263/-4398 -809/-1264/-4397 -821/-1276/-4396 
f -821/-1276/-4395 -809/-1264/-4394 -820/-1275/-4393 
f -807/-1262/-4392 -808/-1263/-4391 -822/-1277/-4390 
f -822/-1277/-4389 -808/-1263/-4388 -821/-1276/-4387 
f -810/-1265/-4386 -807/-1262/-4385 -819/-1274/-4384 
f -819/-1274/-4383 -807/-1262/-4382 -822/-1277/-4381 
f -805/-1260/-4380 -806/-1261/-4379 -816/-1271/-4378 
f -816/-1271/-4377 -806/-1261/-4376 -815/-1270/-4375 
f -804/-1259/-4374 -805/-1260/-4373 -817/-1272/-4372 
f -817/-1272/-4371 -805/-1260/-4370 -816/-1271/-4369 
f -803/-1258/-4368 -804/-1259/-4367 -818/-1273/-4366 
f -818/-1273/-4365 -804/-1259/-4364 -817/-1272/-4363 
f -806/-1261/-4362 -803/-1258/-4361 -815/-1270/-4360 
f -815/-1270/-4359 -803/-1258/-4358 -818/-1273/-4357 
f -807/-1262/-4356 -809/-1264/-4355 -808/-1263/-4354 
f -810/-1265/-4353 -809/-1264/-4352 -807/-1262/-4351 
f -803/-1258/-4350 -805/-1260/-4349 -804/-1259/-4348 
f -806/-1261/-4347 -805/-1260/-4346 -803/-1258/-4345 
f -791/-1244/-4344 -801/-1256/-4343 -794/-1247/-4342 
f -801/-1256/-4341 -798/-1252/-4340 -796/-1249/-4339 
f -801/-1256/-4338 -796/-1249/-4337 -795/-1248/-4336 
f -788/-1241/-4335 -790/-1243/-4334 -789/-1242/-4333 
f -790/-1243/-4332 -788/-1241/-4331 -787/-1240/-4330 
f -802/-1257/-4329 -791/-1244/-4328 -790/-1243/-4327 
f -802/-1257/-4326 -790/-1243/-4325 -787/-1240/-4324 
f -802/-1257/-4323 -787/-1240/-4322 -786/-1239/-4321 
f -799/-1253/-4320 -802/-1257/-4319 -786/-1239/-4318 
f -799/-1253/-4317 -786/-1239/-4316 -785/-1238/-4315 
f -788/-1241/-4314 -799/-1253/-4313 -785/-1238/-4312 
f -798/-1252/-4311 -788/-1241/-4310 -789/-1242/-4309 
f -798/-1252/-4308 -789/-1242/-4307 -792/-1245/-4306 
f -794/-1247/-4305 -793/-1246/-4304 -792/-1245/-4303 
f -791/-1244/-4302 -794/-1247/-4301 -792/-1245/-4300 
f -799/-1253/-4299 -797/-1251/-4298 -800/-1255/-4297 
f -802/-1257/-4296 -799/-1253/-4295 -800/-1255/-4294 
f -837/-1254/-4293 -800/-1255/-4292 -797/-1251/-4291 
f -850/-1250/-4290 -837/-1254/-4289 -797/-1251/-4288 
f -793/-1246/-4287 -798/-1252/-4286 -792/-1245/-4285 
f -793/-1246/-4284 -796/-1249/-4283 -798/-1252/-4282 
f -802/-1257/-4281 -801/-1256/-4280 -791/-1244/-4279 
f -801/-1256/-4278 -795/-1248/-4277 -794/-1247/-4276 
f -798/-1252/-4275 -799/-1253/-4274 -788/-1241/-4273 
s 1
f -783/-1236/-4272 -784/-1237/-4271 -786/-1239/-4270 
f -786/-1239/-4269 -784/-1237/-4268 -785/-1238/-4267 
s 4
f -782/-1235/-4266 -783/-1236/-4265 -787/-1240/-4264 
f -787/-1240/-4263 -783/-1236/-4262 -786/-1239/-4261 
s 2
f -781/-1234/-4260 -782/-1235/-4259 -788/-1241/-4258 
f -788/-1241/-4257 -782/-1235/-4256 -787/-1240/-4255 
s 4
f -784/-1237/-4254 -781/-1234/-4253 -785/-1238/-4252 
f -785/-1238/-4251 -781/-1234/-4250 -788/-1241/-4249 
s 1
f -779/-1232/-4248 -780/-1233/-4247 -790/-1243/-4246 
f -790/-1243/-4245 -780/-1233/-4244 -789/-1242/-4243 
s 4
f -778/-1231/-4242 -779/-1232/-4241 -791/-1244/-4240 
f -791/-1244/-4239 -779/-1232/-4238 -790/-1243/-4237 
s 2
f -777/-1230/-4236 -778/-1231/-4235 -792/-1245/-4234 
f -792/-1245/-4233 -778/-1231/-4232 -791/-1244/-4231 
s 4
f -780/-1233/-4230 -777/-1230/-4229 -789/-1242/-4228 
f -789/-1242/-4227 -777/-1230/-4226 -792/-1245/-4225 
s 1
f -775/-1228/-4224 -776/-1229/-4223 -794/-1247/-4222 
f -794/-1247/-4221 -776/-1229/-4220 -793/-1246/-4219 
s 4
f -774/-1227/-4218 -775/-1228/-4217 -795/-1248/-4216 
f -795/-1248/-4215 -775/-1228/-4214 -794/-1247/-4213 
s 2
f -773/-1226/-4212 -774/-1227/-4211 -796/-1249/-4210 
f -796/-1249/-4209 -774/-1227/-4208 -795/-1248/-4207 
s 4
f -776/-1229/-4206 -773/-1226/-4205 -793/-1246/-4204 
f -793/-1246/-4203 -773/-1226/-4202 -796/-1249/-4201 
s 16
f -781/-1234/-4200 -783/-1236/-4199 -782/-1235/-4198 
f -784/-1237/-4197 -783/-1236/-4196 -781/-1234/-4195 
f -777/-1230/-4194 -779/-1232/-4193 -778/-1231/-4192 
f -780/-1233/-4191 -779/-1232/-4190 -777/-1230/-4189 
f -773/-1226/-4188 -775/-1228/-4187 -774/-1227/-4186 
f -773/-1226/-4185 -776/-1229/-4184 -775/-1228/-4183 
s off
f -766/-1218/-4182 -769/-1221/-4181 -801/-1256/-4180 
f -757/-1209/-4179 -759/-1211/-4178 -758/-1210/-4177 
f -759/-1211/-4176 -757/-1209/-4175 -756/-1208/-4174 
f -767/-1219/-4173 -765/-1217/-4172 -764/-1216/-4171 
f -765/-1217/-4170 -767/-1219/-4169 -766/-1218/-4168 
f -765/-1217/-4167 -766/-1218/-4166 -801/-1256/-4165 
f -762/-1214/-4164 -765/-1217/-4163 -802/-1257/-4162 
f -761/-1213/-4161 -763/-1215/-4160 -762/-1214/-4159 
f -761/-1213/-4158 -762/-1214/-4157 -802/-1257/-4156 
f -758/-1210/-4155 -761/-1213/-4154 -802/-1257/-4153 
f -757/-1209/-4152 -758/-1210/-4151 -802/-1257/-4150 
f -754/-1206/-4149 -757/-1209/-4148 -802/-1257/-4147 
f -754/-1206/-4146 -802/-1257/-4145 -772/-1225/-4144 
f -755/-1207/-4143 -754/-1206/-4142 -772/-1225/-4141 
f -763/-1215/-4140 -761/-1213/-4139 -760/-1212/-4138 
f -763/-1215/-4137 -772/-1225/-4136 -771/-1224/-4135 
f -764/-1216/-4134 -763/-1215/-4133 -771/-1224/-4132 
f -767/-1219/-4131 -764/-1216/-4130 -771/-1224/-4129 
f -768/-1220/-4128 -767/-1219/-4127 -771/-1224/-4126 
f -769/-1221/-4125 -535/-982/-4124 -801/-1256/-4123 
f -770/-1223/-4122 -772/-1225/-4121 -802/-1257/-4120 
f -800/-1255/-4119 -770/-1223/-4118 -802/-1257/-4117 
f -845/-1222/-4116 -770/-1223/-4115 -800/-1255/-4114 
f -837/-1254/-4113 -845/-1222/-4112 -800/-1255/-4111 
f -765/-1217/-4110 -801/-1256/-4109 -802/-1257/-4108 
f -756/-1208/-4107 -755/-1207/-4106 -772/-1225/-4105 
f -759/-1211/-4104 -756/-1208/-4103 -772/-1225/-4102 
f -760/-1212/-4101 -759/-1211/-4100 -772/-1225/-4099 
f -763/-1215/-4098 -760/-1212/-4097 -772/-1225/-4096 
s 1
f -752/-1204/-4095 -753/-1205/-4094 -755/-1207/-4093 
f -755/-1207/-4092 -753/-1205/-4091 -754/-1206/-4090 
s 4
f -751/-1203/-4089 -752/-1204/-4088 -756/-1208/-4087 
f -756/-1208/-4086 -752/-1204/-4085 -755/-1207/-4084 
s 2
f -750/-1202/-4083 -751/-1203/-4082 -757/-1209/-4081 
f -757/-1209/-4080 -751/-1203/-4079 -756/-1208/-4078 
s 4
f -753/-1205/-4077 -750/-1202/-4076 -754/-1206/-4075 
f -754/-1206/-4074 -750/-1202/-4073 -757/-1209/-4072 
s 1
f -748/-1200/-4071 -749/-1201/-4070 -759/-1211/-4069 
f -759/-1211/-4068 -749/-1201/-4067 -758/-1210/-4066 
s 4
f -747/-1199/-4065 -748/-1200/-4064 -760/-1212/-4063 
f -760/-1212/-4062 -748/-1200/-4061 -759/-1211/-4060 
s 2
f -746/-1198/-4059 -747/-1199/-4058 -761/-1213/-4057 
f -761/-1213/-4056 -747/-1199/-4055 -760/-1212/-4054 
s 4
f -749/-1201/-4053 -746/-1198/-4052 -758/-1210/-4051 
f -758/-1210/-4050 -746/-1198/-4049 -761/-1213/-4048 
s 1
f -744/-1196/-4047 -745/-1197/-4046 -763/-1215/-4045 
f -763/-1215/-4044 -745/-1197/-4043 -762/-1214/-4042 
s 4
f -743/-1195/-4041 -744/-1196/-4040 -764/-1216/-4039 
f -764/-1216/-4038 -744/-1196/-4037 -763/-1215/-4036 
s 2
f -742/-1194/-4035 -743/-1195/-4034 -765/-1217/-4033 
f -765/-1217/-4032 -743/-1195/-4031 -764/-1216/-4030 
s 4
f -745/-1197/-4029 -742/-1194/-4028 -762/-1214/-4027 
f -762/-1214/-4026 -742/-1194/-4025 -765/-1217/-4024 
s 1
f -740/-1192/-4023 -741/-1193/-4022 -767/-1219/-4021 
f -767/-1219/-4020 -741/-1193/-4019 -766/-1218/-4018 
s 4
f -739/-1191/-4017 -740/-1192/-4016 -768/-1220/-4015 
f -768/-1220/-4014 -740/-1192/-4013 -767/-1219/-4012 
s 2
f -738/-1190/-4011 -739/-1191/-4010 -769/-1221/-4009 
f -769/-1221/-4008 -739/-1191/-4007 -768/-1220/-4006 
s 4
f -741/-1193/-4005 -738/-1190/-4004 -766/-1218/-4003 
f -766/-1218/-4002 -738/-1190/-4001 -769/-1221/-4000 
s 16
f -753/-1205/-3999 -751/-1203/-3998 -750/-1202/-3997 
f -752/-1204/-3996 -751/-1203/-3995 -753/-1205/-3994 
f -746/-1198/-3993 -748/-1200/-3992 -747/-1199/-3991 
f -749/-1201/-3990 -748/-1200/-3989 -746/-1198/-3988 
f -742/-1194/-3987 -744/-1196/-3986 -743/-1195/-3985 
f -745/-1197/-3984 -744/-1196/-3983 -742/-1194/-3982 
f -738/-1190/-3981 -740/-1192/-3980 -739/-1191/-3979 
f -741/-1193/-3978 -740/-1192/-3977 -738/-1190/-3976 
s off
f -771/-1224/-3975 -731/-1182/-3974 -734/-1185/-3973 
f -732/-1183/-3972 -730/-1181/-3971 -729/-1180/-3970 
f -730/-1181/-3969 -732/-1183/-3968 -731/-1182/-3967 
f -727/-1178/-3966 -730/-1181/-3965 -772/-1225/-3964 
f -736/-1188/-3963 -771/-1224/-3962 -734/-1185/-3961 
f -736/-1188/-3960 -734/-1185/-3959 -733/-1184/-3958 
f -732/-1183/-3957 -736/-1188/-3956 -733/-1184/-3955 
f -737/-1189/-3954 -721/-1172/-3953 -720/-1171/-3952 
f -772/-1225/-3951 -737/-1189/-3950 -720/-1171/-3949 
f -772/-1225/-3948 -720/-1171/-3947 -719/-1170/-3946 
f -726/-1177/-3945 -725/-1176/-3944 -728/-1179/-3943 
f -726/-1177/-3942 -728/-1179/-3941 -727/-1178/-3940 
f -726/-1177/-3939 -727/-1178/-3938 -772/-1225/-3937 
f -723/-1174/-3936 -726/-1177/-3935 -772/-1225/-3934 
f -772/-1225/-3933 -719/-1170/-3932 -722/-1173/-3931 
f -723/-1174/-3930 -772/-1225/-3929 -722/-1173/-3928 
f -723/-1174/-3927 -722/-1173/-3926 -721/-1172/-3925 
f -724/-1175/-3924 -723/-1174/-3923 -721/-1172/-3922 
f -735/-1187/-3921 -737/-1189/-3920 -772/-1225/-3919 
f -770/-1223/-3918 -735/-1187/-3917 -772/-1225/-3916 
f -838/-1186/-3915 -735/-1187/-3914 -770/-1223/-3913 
f -845/-1222/-3912 -838/-1186/-3911 -770/-1223/-3910 
f -717/-1168/-3909 -718/-1169/-3908 -720/-1171/-3907 
f -720/-1171/-3906 -718/-1169/-3905 -719/-1170/-3904 
f -716/-1167/-3903 -717/-1168/-3902 -721/-1172/-3901 
f -721/-1172/-3900 -717/-1168/-3899 -720/-1171/-3898 
f -715/-1166/-3897 -716/-1167/-3896 -722/-1173/-3895 
f -722/-1173/-3894 -716/-1167/-3893 -721/-1172/-3892 
f -718/-1169/-3891 -715/-1166/-3890 -719/-1170/-3889 
f -719/-1170/-3888 -715/-1166/-3887 -722/-1173/-3886 
f -713/-1164/-3885 -714/-1165/-3884 -724/-1175/-3883 
f -724/-1175/-3882 -714/-1165/-3881 -723/-1174/-3880 
f -712/-1163/-3879 -713/-1164/-3878 -725/-1176/-3877 
f -725/-1176/-3876 -713/-1164/-3875 -724/-1175/-3874 
f -711/-1162/-3873 -712/-1163/-3872 -726/-1177/-3871 
f -726/-1177/-3870 -712/-1163/-3869 -725/-1176/-3868 
f -714/-1165/-3867 -711/-1162/-3866 -723/-1174/-3865 
f -723/-1174/-3864 -711/-1162/-3863 -726/-1177/-3862 
f -709/-1160/-3861 -710/-1161/-3860 -728/-1179/-3859 
f -728/-1179/-3858 -710/-1161/-3857 -727/-1178/-3856 
f -708/-1159/-3855 -709/-1160/-3854 -729/-1180/-3853 
f -729/-1180/-3852 -709/-1160/-3851 -728/-1179/-3850 
f -707/-1158/-3849 -708/-1159/-3848 -730/-1181/-3847 
f -730/-1181/-3846 -708/-1159/-3845 -729/-1180/-3844 
f -710/-1161/-3843 -707/-1158/-3842 -727/-1178/-3841 
f -727/-1178/-3840 -707/-1158/-3839 -730/-1181/-3838 
f -705/-1156/-3837 -706/-1157/-3836 -732/-1183/-3835 
f -732/-1183/-3834 -706/-1157/-3833 -731/-1182/-3832 
f -704/-1155/-3831 -705/-1156/-3830 -733/-1184/-3829 
f -733/-1184/-3828 -705/-1156/-3827 -732/-1183/-3826 
f -703/-1154/-3825 -704/-1155/-3824 -734/-1185/-3823 
f -734/-1185/-3822 -704/-1155/-3821 -733/-1184/-3820 
f -706/-1157/-3819 -703/-1154/-3818 -731/-1182/-3817 
f -731/-1182/-3816 -703/-1154/-3815 -734/-1185/-3814 
f -718/-1169/-3813 -716/-1167/-3812 -715/-1166/-3811 
f -717/-1168/-3810 -716/-1167/-3809 -718/-1169/-3808 
f -711/-1162/-3807 -713/-1164/-3806 -712/-1163/-3805 
f -714/-1165/-3804 -713/-1164/-3803 -711/-1162/-3802 
f -707/-1158/-3801 -709/-1160/-3800 -708/-1159/-3799 
f -710/-1161/-3798 -709/-1160/-3797 -707/-1158/-3796 
f -703/-1154/-3795 -705/-1156/-3794 -704/-1155/-3793 
f -706/-1157/-3792 -705/-1156/-3791 -703/-1154/-3790 
f -725/-1176/-3789 -736/-1188/-3788 -728/-1179/-3787 
f -771/-1224/-3786 -730/-1181/-3785 -731/-1182/-3784 
f -771/-1224/-3783 -772/-1225/-3782 -730/-1181/-3781 
f -737/-1189/-3780 -724/-1175/-3779 -721/-1172/-3778 
f -737/-1189/-3777 -725/-1176/-3776 -724/-1175/-3775 
f -737/-1189/-3774 -736/-1188/-3773 -725/-1176/-3772 
f -728/-1179/-3771 -736/-1188/-3770 -729/-1180/-3769 
f -729/-1180/-3768 -736/-1188/-3767 -732/-1183/-3766 
f -686/-1136/-3765 -690/-1140/-3764 -689/-1139/-3763 
f -701/-1152/-3762 -736/-1188/-3761 -699/-1149/-3760 
f -701/-1152/-3759 -699/-1149/-3758 -698/-1148/-3757 
f -697/-1147/-3756 -701/-1152/-3755 -698/-1148/-3754 
f -702/-1153/-3753 -697/-1147/-3752 -694/-1144/-3751 
f -702/-1153/-3750 -694/-1144/-3749 -693/-1143/-3748 
f -691/-1141/-3747 -693/-1143/-3746 -692/-1142/-3745 
f -693/-1143/-3744 -691/-1141/-3743 -690/-1140/-3742 
f -702/-1153/-3741 -693/-1143/-3740 -690/-1140/-3739 
f -702/-1153/-3738 -690/-1140/-3737 -686/-1136/-3736 
f -702/-1153/-3735 -686/-1136/-3734 -685/-1135/-3733 
f -737/-1189/-3732 -702/-1153/-3731 -685/-1135/-3730 
f -737/-1189/-3729 -685/-1135/-3728 -684/-1134/-3727 
f -687/-1137/-3726 -686/-1136/-3725 -689/-1139/-3724 
f -687/-1137/-3723 -689/-1139/-3722 -688/-1138/-3721 
f -695/-1145/-3720 -694/-1144/-3719 -697/-1147/-3718 
f -695/-1145/-3717 -697/-1147/-3716 -696/-1146/-3715 
f -695/-1145/-3714 -736/-1188/-3713 -737/-1189/-3712 
f -692/-1142/-3711 -695/-1145/-3710 -737/-1189/-3709 
f -691/-1141/-3708 -692/-1142/-3707 -737/-1189/-3706 
f -688/-1138/-3705 -691/-1141/-3704 -737/-1189/-3703 
f -687/-1137/-3702 -688/-1138/-3701 -737/-1189/-3700 
f -687/-1137/-3699 -737/-1189/-3698 -684/-1134/-3697 
f -700/-1151/-3696 -702/-1153/-3695 -737/-1189/-3694 
f -735/-1187/-3693 -700/-1151/-3692 -737/-1189/-3691 
f -839/-1150/-3690 -700/-1151/-3689 -735/-1187/-3688 
f -838/-1186/-3687 -839/-1150/-3686 -735/-1187/-3685 
f -682/-1132/-3684 -683/-1133/-3683 -685/-1135/-3682 
f -685/-1135/-3681 -683/-1133/-3680 -684/-1134/-3679 
f -681/-1131/-3678 -682/-1132/-3677 -686/-1136/-3676 
f -686/-1136/-3675 -682/-1132/-3674 -685/-1135/-3673 
f -680/-1130/-3672 -681/-1131/-3671 -687/-1137/-3670 
f -687/-1137/-3669 -681/-1131/-3668 -686/-1136/-3667 
f -683/-1133/-3666 -680/-1130/-3665 -684/-1134/-3664 
f -684/-1134/-3663 -680/-1130/-3662 -687/-1137/-3661 
f -678/-1128/-3660 -679/-1129/-3659 -689/-1139/-3658 
f -689/-1139/-3657 -679/-1129/-3656 -688/-1138/-3655 
f -677/-1127/-3654 -678/-1128/-3653 -690/-1140/-3652 
f -690/-1140/-3651 -678/-1128/-3650 -689/-1139/-3649 
f -676/-1126/-3648 -677/-1127/-3647 -691/-1141/-3646 
f -691/-1141/-3645 -677/-1127/-3644 -690/-1140/-3643 
f -679/-1129/-3642 -676/-1126/-3641 -688/-1138/-3640 
f -688/-1138/-3639 -676/-1126/-3638 -691/-1141/-3637 
f -674/-1124/-3636 -675/-1125/-3635 -693/-1143/-3634 
f -693/-1143/-3633 -675/-1125/-3632 -692/-1142/-3631 
f -673/-1123/-3630 -674/-1124/-3629 -694/-1144/-3628 
f -694/-1144/-3627 -674/-1124/-3626 -693/-1143/-3625 
f -672/-1122/-3624 -673/-1123/-3623 -695/-1145/-3622 
f -695/-1145/-3621 -673/-1123/-3620 -694/-1144/-3619 
f -675/-1125/-3618 -672/-1122/-3617 -692/-1142/-3616 
f -692/-1142/-3615 -672/-1122/-3614 -695/-1145/-3613 
f -670/-1120/-3612 -671/-1121/-3611 -697/-1147/-3610 
f -697/-1147/-3609 -671/-1121/-3608 -696/-1146/-3607 
f -669/-1119/-3606 -670/-1120/-3605 -698/-1148/-3604 
f -698/-1148/-3603 -670/-1120/-3602 -697/-1147/-3601 
f -668/-1118/-3600 -669/-1119/-3599 -699/-1149/-3598 
f -699/-1149/-3597 -669/-1119/-3596 -698/-1148/-3595 
f -671/-1121/-3594 -668/-1118/-3593 -696/-1146/-3592 
f -696/-1146/-3591 -668/-1118/-3590 -699/-1149/-3589 
f -683/-1133/-3588 -681/-1131/-3587 -680/-1130/-3586 
f -682/-1132/-3585 -681/-1131/-3584 -683/-1133/-3583 
f -676/-1126/-3582 -678/-1128/-3581 -677/-1127/-3580 
f -679/-1129/-3579 -678/-1128/-3578 -676/-1126/-3577 
f -672/-1122/-3576 -674/-1124/-3575 -673/-1123/-3574 
f -675/-1125/-3573 -674/-1124/-3572 -672/-1122/-3571 
f -668/-1118/-3570 -670/-1120/-3569 -669/-1119/-3568 
f -671/-1121/-3567 -670/-1120/-3566 -668/-1118/-3565 
f -696/-1146/-3564 -699/-1149/-3563 -736/-1188/-3562 
f -695/-1145/-3561 -696/-1146/-3560 -736/-1188/-3559 
f -702/-1153/-3558 -701/-1152/-3557 -697/-1147/-3556 
f -701/-1152/-3555 -702/-1153/-3554 -661/-1110/-3553 
f -662/-1111/-3552 -660/-1109/-3551 -659/-1108/-3550 
f -660/-1109/-3549 -662/-1111/-3548 -661/-1110/-3547 
f -554/-1001/-3546 -664/-1113/-3545 -550/-997/-3544 
f -666/-1116/-3543 -553/-1000/-3542 -663/-1112/-3541 
f -660/-1109/-3540 -661/-1110/-3539 -702/-1153/-3538 
f -657/-1106/-3537 -660/-1109/-3536 -702/-1153/-3535 
f -656/-1105/-3534 -658/-1107/-3533 -657/-1106/-3532 
f -656/-1105/-3531 -657/-1106/-3530 -702/-1153/-3529 
f -653/-1102/-3528 -656/-1105/-3527 -702/-1153/-3526 
f -658/-1107/-3525 -656/-1105/-3524 -655/-1104/-3523 
f -652/-1101/-3522 -651/-1100/-3521 -654/-1103/-3520 
f -652/-1101/-3519 -654/-1103/-3518 -653/-1102/-3517 
f -652/-1101/-3516 -653/-1102/-3515 -702/-1153/-3514 
f -649/-1098/-3513 -652/-1101/-3512 -702/-1153/-3511 
f -649/-1098/-3510 -702/-1153/-3509 -667/-1117/-3508 
f -650/-1099/-3507 -649/-1098/-3506 -667/-1117/-3505 
f -655/-1104/-3504 -667/-1117/-3503 -666/-1116/-3502 
f -658/-1107/-3501 -655/-1104/-3500 -666/-1116/-3499 
f -662/-1111/-3498 -658/-1107/-3497 -666/-1116/-3496 
f -663/-1112/-3495 -662/-1111/-3494 -666/-1116/-3493 
f -665/-1115/-3492 -667/-1117/-3491 -702/-1153/-3490 
f -700/-1151/-3489 -665/-1115/-3488 -702/-1153/-3487 
f -844/-1114/-3486 -665/-1115/-3485 -700/-1151/-3484 
f -839/-1150/-3483 -844/-1114/-3482 -700/-1151/-3481 
f -647/-1096/-3480 -648/-1097/-3479 -650/-1099/-3478 
f -650/-1099/-3477 -648/-1097/-3476 -649/-1098/-3475 
f -646/-1095/-3474 -647/-1096/-3473 -651/-1100/-3472 
f -651/-1100/-3471 -647/-1096/-3470 -650/-1099/-3469 
f -645/-1094/-3468 -646/-1095/-3467 -652/-1101/-3466 
f -652/-1101/-3465 -646/-1095/-3464 -651/-1100/-3463 
f -648/-1097/-3462 -645/-1094/-3461 -649/-1098/-3460 
f -649/-1098/-3459 -645/-1094/-3458 -652/-1101/-3457 
f -643/-1092/-3456 -644/-1093/-3455 -654/-1103/-3454 
f -654/-1103/-3453 -644/-1093/-3452 -653/-1102/-3451 
f -642/-1091/-3450 -643/-1092/-3449 -655/-1104/-3448 
f -655/-1104/-3447 -643/-1092/-3446 -654/-1103/-3445 
f -641/-1090/-3444 -642/-1091/-3443 -656/-1105/-3442 
f -656/-1105/-3441 -642/-1091/-3440 -655/-1104/-3439 
f -644/-1093/-3438 -641/-1090/-3437 -653/-1102/-3436 
f -653/-1102/-3435 -641/-1090/-3434 -656/-1105/-3433 
f -639/-1088/-3432 -640/-1089/-3431 -658/-1107/-3430 
f -658/-1107/-3429 -640/-1089/-3428 -657/-1106/-3427 
f -638/-1087/-3426 -639/-1088/-3425 -659/-1108/-3424 
f -659/-1108/-3423 -639/-1088/-3422 -658/-1107/-3421 
f -637/-1086/-3420 -638/-1087/-3419 -660/-1109/-3418 
f -660/-1109/-3417 -638/-1087/-3416 -659/-1108/-3415 
f -640/-1089/-3414 -637/-1086/-3413 -657/-1106/-3412 
f -657/-1106/-3411 -637/-1086/-3410 -660/-1109/-3409 
f -635/-1084/-3408 -636/-1085/-3407 -662/-1111/-3406 
f -662/-1111/-3405 -636/-1085/-3404 -661/-1110/-3403 
f -634/-1083/-3402 -635/-1084/-3401 -663/-1112/-3400 
f -663/-1112/-3399 -635/-1084/-3398 -662/-1111/-3397 
f -633/-1082/-3396 -634/-1083/-3395 -664/-1113/-3394 
f -664/-1113/-3393 -634/-1083/-3392 -663/-1112/-3391 
f -636/-1085/-3390 -633/-1082/-3389 -661/-1110/-3388 
f -661/-1110/-3387 -633/-1082/-3386 -664/-1113/-3385 
f -648/-1097/-3384 -646/-1095/-3383 -645/-1094/-3382 
f -647/-1096/-3381 -646/-1095/-3380 -648/-1097/-3379 
f -641/-1090/-3378 -643/-1092/-3377 -642/-1091/-3376 
f -644/-1093/-3375 -643/-1092/-3374 -641/-1090/-3373 
f -637/-1086/-3372 -639/-1088/-3371 -638/-1087/-3370 
f -640/-1089/-3369 -639/-1088/-3368 -637/-1086/-3367 
f -633/-1082/-3366 -635/-1084/-3365 -634/-1083/-3364 
f -636/-1085/-3363 -635/-1084/-3362 -633/-1082/-3361 
f -548/-995/-3360 -661/-1110/-3359 -664/-1113/-3358 
f -659/-1108/-3357 -658/-1107/-3356 -662/-1111/-3355 
f -650/-1099/-3354 -667/-1117/-3353 -651/-1100/-3352 
f -651/-1100/-3351 -667/-1117/-3350 -654/-1103/-3349 
f -654/-1103/-3348 -667/-1117/-3347 -655/-1104/-3346 
f -624/-1072/-3345 -628/-1076/-3344 -627/-1075/-3343 
f -631/-1080/-3342 -666/-1116/-3341 -629/-1077/-3340 
f -631/-1080/-3339 -629/-1077/-3338 -628/-1076/-3337 
f -621/-1069/-3336 -623/-1071/-3335 -622/-1070/-3334 
f -623/-1071/-3333 -621/-1069/-3332 -620/-1068/-3331 
f -625/-1073/-3330 -624/-1072/-3329 -627/-1075/-3328 
f -625/-1073/-3327 -627/-1075/-3326 -626/-1074/-3325 
f -631/-1080/-3324 -628/-1076/-3323 -624/-1072/-3322 
f -632/-1081/-3321 -631/-1080/-3320 -624/-1072/-3319 
f -632/-1081/-3318 -624/-1072/-3317 -623/-1071/-3316 
f -632/-1081/-3315 -623/-1071/-3314 -620/-1068/-3313 
f -632/-1081/-3312 -620/-1068/-3311 -619/-1067/-3310 
f -667/-1117/-3309 -632/-1081/-3308 -619/-1067/-3307 
f -667/-1117/-3306 -619/-1067/-3305 -618/-1066/-3304 
f -667/-1117/-3303 -618/-1066/-3302 -621/-1069/-3301 
f -667/-1117/-3300 -621/-1069/-3299 -622/-1070/-3298 
f -667/-1117/-3297 -622/-1070/-3296 -625/-1073/-3295 
f -666/-1116/-3294 -667/-1117/-3293 -625/-1073/-3292 
f -629/-1077/-3291 -625/-1073/-3290 -626/-1074/-3289 
f -630/-1079/-3288 -632/-1081/-3287 -667/-1117/-3286 
f -665/-1115/-3285 -630/-1079/-3284 -667/-1117/-3283 
f -842/-1078/-3282 -630/-1079/-3281 -665/-1115/-3280 
f -844/-1114/-3279 -842/-1078/-3278 -665/-1115/-3277 
f -616/-1064/-3276 -617/-1065/-3275 -627/-1075/-3274 
f -627/-1075/-3273 -617/-1065/-3272 -626/-1074/-3271 
f -615/-1063/-3270 -616/-1064/-3269 -628/-1076/-3268 
f -628/-1076/-3267 -616/-1064/-3266 -627/-1075/-3265 
f -614/-1062/-3264 -615/-1063/-3263 -629/-1077/-3262 
f -629/-1077/-3261 -615/-1063/-3260 -628/-1076/-3259 
f -617/-1065/-3258 -614/-1062/-3257 -626/-1074/-3256 
f -626/-1074/-3255 -614/-1062/-3254 -629/-1077/-3253 
f -612/-1060/-3252 -613/-1061/-3251 -623/-1071/-3250 
f -623/-1071/-3249 -613/-1061/-3248 -622/-1070/-3247 
f -611/-1059/-3246 -612/-1060/-3245 -624/-1072/-3244 
f -624/-1072/-3243 -612/-1060/-3242 -623/-1071/-3241 
f -610/-1058/-3240 -611/-1059/-3239 -625/-1073/-3238 
f -625/-1073/-3237 -611/-1059/-3236 -624/-1072/-3235 
f -613/-1061/-3234 -610/-1058/-3233 -622/-1070/-3232 
f -622/-1070/-3231 -610/-1058/-3230 -625/-1073/-3229 
f -608/-1056/-3228 -609/-1057/-3227 -619/-1067/-3226 
f -619/-1067/-3225 -609/-1057/-3224 -618/-1066/-3223 
f -607/-1055/-3222 -608/-1056/-3221 -620/-1068/-3220 
f -620/-1068/-3219 -608/-1056/-3218 -619/-1067/-3217 
f -606/-1054/-3216 -607/-1055/-3215 -621/-1069/-3214 
f -621/-1069/-3213 -607/-1055/-3212 -620/-1068/-3211 
f -609/-1057/-3210 -606/-1054/-3209 -618/-1066/-3208 
f -618/-1066/-3207 -606/-1054/-3206 -621/-1069/-3205 
f -614/-1062/-3204 -616/-1064/-3203 -615/-1063/-3202 
f -617/-1065/-3201 -616/-1064/-3200 -614/-1062/-3199 
f -610/-1058/-3198 -612/-1060/-3197 -611/-1059/-3196 
f -613/-1061/-3195 -612/-1060/-3194 -610/-1058/-3193 
f -606/-1054/-3192 -608/-1056/-3191 -607/-1055/-3190 
f -609/-1057/-3189 -608/-1056/-3188 -606/-1054/-3187 
f -629/-1077/-3186 -666/-1116/-3185 -625/-1073/-3184 
f -604/-1052/-3183 -631/-1080/-3182 -602/-1049/-3181 
f -604/-1052/-3180 -602/-1049/-3179 -601/-1048/-3178 
f -600/-1047/-3177 -598/-1045/-3176 -597/-1044/-3175 
f -598/-1045/-3174 -600/-1047/-3173 -599/-1046/-3172 
f -594/-1041/-3171 -596/-1043/-3170 -595/-1042/-3169 
f -596/-1043/-3168 -594/-1041/-3167 -593/-1040/-3166 
f -605/-1053/-3165 -604/-1052/-3164 -601/-1048/-3163 
f -605/-1053/-3162 -601/-1048/-3161 -600/-1047/-3160 
f -605/-1053/-3159 -600/-1047/-3158 -597/-1044/-3157 
f -605/-1053/-3156 -597/-1044/-3155 -596/-1043/-3154 
f -605/-1053/-3153 -596/-1043/-3152 -593/-1040/-3151 
f -605/-1053/-3150 -593/-1040/-3149 -592/-1039/-3148 
f -632/-1081/-3147 -605/-1053/-3146 -592/-1039/-3145 
f -632/-1081/-3144 -592/-1039/-3143 -591/-1038/-3142 
f -632/-1081/-3141 -591/-1038/-3140 -594/-1041/-3139 
f -598/-1045/-3138 -599/-1046/-3137 -602/-1049/-3136 
f -598/-1045/-3135 -631/-1080/-3134 -632/-1081/-3133 
f -595/-1042/-3132 -598/-1045/-3131 -632/-1081/-3130 
f -595/-1042/-3129 -632/-1081/-3128 -594/-1041/-3127 
f -603/-1051/-3126 -605/-1053/-3125 -632/-1081/-3124 
f -630/-1079/-3123 -603/-1051/-3122 -632/-1081/-3121 
f -841/-1050/-3120 -603/-1051/-3119 -630/-1079/-3118 
f -842/-1078/-3117 -841/-1050/-3116 -630/-1079/-3115 
f -589/-1036/-3114 -590/-1037/-3113 -600/-1047/-3112 
f -600/-1047/-3111 -590/-1037/-3110 -599/-1046/-3109 
f -588/-1035/-3108 -589/-1036/-3107 -601/-1048/-3106 
f -601/-1048/-3105 -589/-1036/-3104 -600/-1047/-3103 
f -587/-1034/-3102 -588/-1035/-3101 -602/-1049/-3100 
f -602/-1049/-3099 -588/-1035/-3098 -601/-1048/-3097 
f -590/-1037/-3096 -587/-1034/-3095 -599/-1046/-3094 
f -599/-1046/-3093 -587/-1034/-3092 -602/-1049/-3091 
f -585/-1032/-3090 -586/-1033/-3089 -596/-1043/-3088 
f -596/-1043/-3087 -586/-1033/-3086 -595/-1042/-3085 
f -584/-1031/-3084 -585/-1032/-3083 -597/-1044/-3082 
f -597/-1044/-3081 -585/-1032/-3080 -596/-1043/-3079 
f -583/-1030/-3078 -584/-1031/-3077 -598/-1045/-3076 
f -598/-1045/-3075 -584/-1031/-3074 -597/-1044/-3073 
f -586/-1033/-3072 -583/-1030/-3071 -595/-1042/-3070 
f -595/-1042/-3069 -583/-1030/-3068 -598/-1045/-3067 
f -581/-1028/-3066 -582/-1029/-3065 -592/-1039/-3064 
f -592/-1039/-3063 -582/-1029/-3062 -591/-1038/-3061 
f -580/-1027/-3060 -581/-1028/-3059 -593/-1040/-3058 
f -593/-1040/-3057 -581/-1028/-3056 -592/-1039/-3055 
f -579/-1026/-3054 -580/-1027/-3053 -594/-1041/-3052 
f -594/-1041/-3051 -580/-1027/-3050 -593/-1040/-3049 
f -582/-1029/-3048 -579/-1026/-3047 -591/-1038/-3046 
f -591/-1038/-3045 -579/-1026/-3044 -594/-1041/-3043 
f -587/-1034/-3042 -589/-1036/-3041 -588/-1035/-3040 
f -590/-1037/-3039 -589/-1036/-3038 -587/-1034/-3037 
f -583/-1030/-3036 -585/-1032/-3035 -584/-1031/-3034 
f -586/-1033/-3033 -585/-1032/-3032 -583/-1030/-3031 
f -579/-1026/-3030 -581/-1028/-3029 -580/-1027/-3028 
f -582/-1029/-3027 -581/-1028/-3026 -579/-1026/-3025 
f -598/-1045/-3024 -602/-1049/-3023 -631/-1080/-3022 
f -571/-1018/-3021 -574/-1021/-3020 -605/-1053/-3019 
f -604/-1052/-3018 -605/-1053/-3017 -574/-1021/-3016 
f -830/-1286/-3015 -578/-1025/-3014 -577/-1024/-3013 
f -578/-1025/-3012 -830/-1286/-3011 -604/-1052/-3010 
f -578/-1025/-3009 -604/-1052/-3008 -574/-1021/-3007 
f -575/-1022/-3006 -578/-1025/-3005 -574/-1021/-3004 
f -570/-1017/-3003 -572/-1019/-3002 -571/-1018/-3001 
f -570/-1017/-3000 -571/-1018/-2999 -605/-1053/-2998 
f -567/-1014/-2997 -570/-1017/-2996 -605/-1053/-2995 
f -572/-1019/-2994 -570/-1017/-2993 -569/-1016/-2992 
f -567/-1014/-2991 -605/-1053/-2990 -833/-1289/-2989 
f -568/-1015/-2988 -567/-1014/-2987 -833/-1289/-2986 
f -568/-1015/-2985 -833/-1289/-2984 -830/-1286/-2983 
f -569/-1016/-2982 -568/-1015/-2981 -830/-1286/-2980 
f -572/-1019/-2979 -569/-1016/-2978 -830/-1286/-2977 
f -573/-1020/-2976 -572/-1019/-2975 -830/-1286/-2974 
f -573/-1020/-2973 -830/-1286/-2972 -577/-1024/-2971 
f -573/-1020/-2970 -577/-1024/-2969 -576/-1023/-2968 
f -575/-1022/-2967 -574/-1021/-2966 -573/-1020/-2965 
f -575/-1022/-2964 -573/-1020/-2963 -576/-1023/-2962 
f -829/-1285/-2961 -833/-1289/-2960 -605/-1053/-2959 
f -603/-1051/-2958 -829/-1285/-2957 -605/-1053/-2956 
f -840/-1283/-2955 -829/-1285/-2954 -603/-1051/-2953 
f -841/-1050/-2952 -840/-1283/-2951 -603/-1051/-2950 
f -565/-1012/-2949 -566/-1013/-2948 -576/-1023/-2947 
f -576/-1023/-2946 -566/-1013/-2945 -575/-1022/-2944 
f -564/-1011/-2943 -565/-1012/-2942 -577/-1024/-2941 
f -577/-1024/-2940 -565/-1012/-2939 -576/-1023/-2938 
f -563/-1010/-2937 -564/-1011/-2936 -578/-1025/-2935 
f -578/-1025/-2934 -564/-1011/-2933 -577/-1024/-2932 
f -566/-1013/-2931 -563/-1010/-2930 -575/-1022/-2929 
f -575/-1022/-2928 -563/-1010/-2927 -578/-1025/-2926 
f -561/-1008/-2925 -562/-1009/-2924 -572/-1019/-2923 
f -572/-1019/-2922 -562/-1009/-2921 -571/-1018/-2920 
f -560/-1007/-2919 -561/-1008/-2918 -573/-1020/-2917 
f -573/-1020/-2916 -561/-1008/-2915 -572/-1019/-2914 
f -559/-1006/-2913 -560/-1007/-2912 -574/-1021/-2911 
f -574/-1021/-2910 -560/-1007/-2909 -573/-1020/-2908 
f -562/-1009/-2907 -559/-1006/-2906 -571/-1018/-2905 
f -571/-1018/-2904 -559/-1006/-2903 -574/-1021/-2902 
f -557/-1004/-2901 -558/-1005/-2900 -568/-1015/-2899 
f -568/-1015/-2898 -558/-1005/-2897 -567/-1014/-2896 
f -556/-1003/-2895 -557/-1004/-2894 -569/-1016/-2893 
f -569/-1016/-2892 -557/-1004/-2891 -568/-1015/-2890 
f -555/-1002/-2889 -556/-1003/-2888 -570/-1017/-2887 
f -570/-1017/-2886 -556/-1003/-2885 -569/-1016/-2884 
f -558/-1005/-2883 -555/-1002/-2882 -567/-1014/-2881 
f -567/-1014/-2880 -555/-1002/-2879 -570/-1017/-2878 
f -563/-1010/-2877 -565/-1012/-2876 -564/-1011/-2875 
f -563/-1010/-2874 -566/-1013/-2873 -565/-1012/-2872 
f -559/-1006/-2871 -561/-1008/-2870 -560/-1007/-2869 
f -562/-1009/-2868 -561/-1008/-2867 -559/-1006/-2866 
f -555/-1002/-2865 -557/-1004/-2864 -556/-1003/-2863 
f -558/-1005/-2862 -557/-1004/-2861 -555/-1002/-2860 
f -542/-989/-2859 -544/-991/-2858 -543/-990/-2857 
f -548/-995/-2856 -664/-1113/-2855 -554/-1001/-2854 
f -553/-1000/-2853 -550/-997/-2852 -664/-1113/-2851 
f -664/-1113/-2850 -663/-1112/-2849 -553/-1000/-2848 
f -544/-991/-2847 -542/-989/-2846 -541/-988/-2845 
f -554/-1001/-2844 -550/-997/-2843 -553/-1000/-2842 
f -666/-1116/-2841 -701/-1152/-2840 -549/-996/-2839 
f -554/-1001/-2838 -551/-998/-2837 -548/-995/-2836 
f -552/-999/-2835 -553/-1000/-2834 -547/-994/-2833 
f -553/-1000/-2832 -666/-1116/-2831 -547/-994/-2830 
f -666/-1116/-2829 -549/-996/-2828 -546/-993/-2827 
f -549/-996/-2826 -545/-992/-2825 -546/-993/-2824 
f -540/-987/-2823 -538/-985/-2822 -537/-984/-2821 
f -539/-986/-2820 -538/-985/-2819 -540/-987/-2818 
f -549/-996/-2817 -701/-1152/-2816 -548/-995/-2815 
f -546/-993/-2814 -547/-994/-2813 -666/-1116/-2812 
f -701/-1152/-2811 -661/-1110/-2810 -548/-995/-2809 
f -554/-1001/-2808 -553/-1000/-2807 -543/-990/-2806 
f -543/-990/-2805 -544/-991/-2804 -554/-1001/-2803 
f -553/-1000/-2802 -552/-999/-2801 -542/-989/-2800 
f -542/-989/-2799 -543/-990/-2798 -553/-1000/-2797 
f -552/-999/-2796 -547/-994/-2795 -538/-985/-2794 
f -538/-985/-2793 -542/-989/-2792 -552/-999/-2791 
f -547/-994/-2790 -546/-993/-2789 -537/-984/-2788 
f -537/-984/-2787 -538/-985/-2786 -547/-994/-2785 
f -549/-996/-2784 -548/-995/-2783 -539/-986/-2782 
f -539/-986/-2781 -540/-987/-2780 -549/-996/-2779 
f -548/-995/-2778 -551/-998/-2777 -541/-988/-2776 
f -541/-988/-2775 -539/-986/-2774 -548/-995/-2773 
f -551/-998/-2772 -554/-1001/-2771 -544/-991/-2770 
f -544/-991/-2769 -541/-988/-2768 -551/-998/-2767 
f -545/-992/-2766 -549/-996/-2765 -540/-987/-2764 
f -540/-987/-2763 -536/-983/-2762 -545/-992/-2761 
f -546/-993/-2760 -545/-992/-2759 -536/-983/-2758 
f -536/-983/-2757 -537/-984/-2756 -546/-993/-2755 
f -541/-988/-2754 -542/-989/-2753 -538/-985/-2752 
f -538/-985/-2751 -539/-986/-2750 -541/-988/-2749 
f -540/-987/-2748 -537/-984/-2747 -536/-983/-2746 
f -533/-980/-2745 -532/-979/-2744 -531/-978/-2743 
f -532/-979/-2742 -530/-977/-2741 -531/-978/-2740 
f -768/-1220/-2739 -771/-1224/-2738 -534/-981/-2737 
f -535/-982/-2736 -769/-1221/-2735 -533/-980/-2734 
f -533/-980/-2733 -531/-978/-2732 -535/-982/-2731 
f -769/-1221/-2730 -768/-1220/-2729 -532/-979/-2728 
f -532/-979/-2727 -533/-980/-2726 -769/-1221/-2725 
f -768/-1220/-2724 -534/-981/-2723 -530/-977/-2722 
f -530/-977/-2721 -532/-979/-2720 -768/-1220/-2719 
f -534/-981/-2718 -535/-982/-2717 -531/-978/-2716 
f -531/-978/-2715 -530/-977/-2714 -534/-981/-2713 
usemtl LP3_fas_01
f -510/-955/-2712 -514/-959/-2711 -517/-962/-2710 
f -502/-947/-2709 -505/-950/-2708 -509/-954/-2707 
f -529/-976/-2706 -494/-939/-2705 -497/-942/-2704 
f -519/-964/-2703 -527/-974/-2702 -799/-973/-2701 
f -481/-926/-2700 -485/-930/-2699 -484/-929/-2698 
f -491/-936/-2697 -497/-942/-2696 -496/-941/-2695 
f -497/-942/-2694 -491/-936/-2693 -490/-935/-2692 
f -486/-931/-2691 -529/-976/-2690 -493/-938/-2689 
f -521/-966/-2688 -515/-960/-2687 -514/-959/-2686 
f -515/-960/-2685 -521/-966/-2684 -520/-965/-2683 
f -487/-932/-2682 -493/-938/-2681 -492/-937/-2680 
f -493/-938/-2679 -487/-932/-2678 -486/-931/-2677 
f -482/-927/-2676 -486/-931/-2675 -489/-934/-2674 
f -496/-941/-2673 -506/-951/-2672 -509/-954/-2671 
f -506/-951/-2670 -496/-941/-2669 -495/-940/-2668 
f -483/-928/-2667 -482/-927/-2666 -489/-934/-2665 
f -478/-923/-2664 -481/-926/-2663 -484/-929/-2662 
f -478/-923/-2661 -484/-929/-2660 -483/-928/-2659 
f -508/-953/-2658 -518/-963/-2657 -521/-966/-2656 
f -483/-928/-2655 -489/-934/-2654 -488/-933/-2653 
f -527/-974/-2652 -508/-953/-2651 -507/-952/-2650 
f -478/-923/-2649 -483/-928/-2648 -488/-933/-2647 
f -799/-973/-2646 -385/-820/-2645 -798/-972/-2644 
f -516/-961/-2643 -799/-973/-2642 -798/-972/-2641 
f -502/-947/-2640 -509/-954/-2639 -508/-953/-2638 
f -503/-948/-2637 -502/-947/-2636 -508/-953/-2635 
f -503/-948/-2634 -508/-953/-2633 -521/-966/-2632 
f -503/-948/-2631 -521/-966/-2630 -514/-959/-2629 
f -504/-949/-2628 -503/-948/-2627 -514/-959/-2626 
f -504/-949/-2625 -514/-959/-2624 -510/-955/-2623 
f -499/-944/-2622 -504/-949/-2621 -510/-955/-2620 
f -511/-956/-2619 -510/-955/-2618 -517/-962/-2617 
f -511/-956/-2616 -517/-962/-2615 -516/-961/-2614 
f -511/-956/-2613 -516/-961/-2612 -798/-972/-2611 
f -512/-957/-2610 -511/-956/-2609 -798/-972/-2608 
f -496/-941/-2607 -509/-954/-2606 -505/-950/-2605 
f -491/-936/-2604 -496/-941/-2603 -505/-950/-2602 
f -492/-937/-2601 -491/-936/-2600 -505/-950/-2599 
f -487/-932/-2598 -492/-937/-2597 -505/-950/-2596 
f -499/-944/-2595 -510/-955/-2594 -513/-958/-2593 
f -500/-945/-2592 -499/-944/-2591 -513/-958/-2590 
f -505/-950/-2589 -504/-949/-2588 -499/-944/-2587 
f -505/-950/-2586 -499/-944/-2585 -498/-943/-2584 
f -487/-932/-2583 -505/-950/-2582 -498/-943/-2581 
f -488/-933/-2580 -487/-932/-2579 -498/-943/-2578 
f -488/-933/-2577 -498/-943/-2576 -501/-946/-2575 
f -478/-923/-2574 -488/-933/-2573 -501/-946/-2572 
f -479/-924/-2571 -478/-923/-2570 -501/-946/-2569 
f -479/-924/-2568 -501/-946/-2567 -500/-945/-2566 
f -479/-924/-2565 -500/-945/-2564 -513/-958/-2563 
f -513/-958/-2562 -512/-957/-2561 -798/-972/-2560 
f -479/-924/-2559 -513/-958/-2558 -798/-972/-2557 
f -476/-920/-2556 -479/-924/-2555 -798/-972/-2554 
f -476/-920/-2553 -798/-972/-2552 -526/-971/-2551 
f -480/-925/-2550 -476/-920/-2549 -526/-971/-2548 
f -481/-926/-2547 -480/-925/-2546 -526/-971/-2545 
f -485/-930/-2544 -481/-926/-2543 -526/-971/-2542 
f -485/-930/-2541 -526/-971/-2540 -525/-970/-2539 
f -482/-927/-2538 -485/-930/-2537 -525/-970/-2536 
f -482/-927/-2535 -525/-970/-2534 -524/-969/-2533 
f -482/-927/-2532 -524/-969/-2531 -523/-968/-2530 
f -495/-940/-2529 -494/-939/-2528 -529/-976/-2527 
f -528/-975/-2526 -495/-940/-2525 -529/-976/-2524 
f -518/-963/-2523 -527/-974/-2522 -519/-964/-2521 
f -400/-842/-2520 -797/-841/-2519 -799/-973/-2518 
f -400/-842/-2517 -799/-973/-2516 -527/-974/-2515 
f -850/-838/-2514 -797/-841/-2513 -400/-842/-2512 
f -399/-839/-2511 -850/-838/-2510 -400/-842/-2509 
f -851/-840/-2508 -399/-839/-2507 -400/-842/-2506 
f -529/-976/-2505 -398/-837/-2504 -397/-836/-2503 
f -528/-975/-2502 -529/-976/-2501 -397/-836/-2500 
f -848/-833/-2499 -397/-836/-2498 -398/-837/-2497 
f -396/-834/-2496 -848/-833/-2495 -398/-837/-2494 
f -835/-835/-2493 -396/-834/-2492 -398/-837/-2491 
f -464/-906/-2490 -468/-910/-2489 -472/-914/-2488 
f -852/-915/-2487 -473/-916/-2486 -472/-914/-2485 
f -852/-915/-2484 -472/-914/-2483 -468/-910/-2482 
f -469/-911/-2481 -477/-921/-2480 -853/-922/-2479 
f -853/-922/-2478 -527/-974/-2477 -528/-975/-2476 
f -853/-922/-2475 -528/-975/-2474 -474/-918/-2473 
f -853/-922/-2472 -474/-918/-2471 -852/-915/-2470 
f -853/-922/-2469 -852/-915/-2468 -468/-910/-2467 
f -853/-922/-2466 -468/-910/-2465 -467/-909/-2464 
f -469/-911/-2463 -853/-922/-2462 -467/-909/-2461 
f -469/-911/-2460 -467/-909/-2459 -466/-908/-2458 
f -464/-906/-2457 -472/-914/-2456 -471/-913/-2455 
f -465/-907/-2454 -464/-906/-2453 -471/-913/-2452 
f -465/-907/-2451 -470/-912/-2450 -469/-911/-2449 
f -466/-908/-2448 -465/-907/-2447 -469/-911/-2446 
f -463/-905/-2445 -462/-904/-2444 -461/-903/-2443 
f -459/-901/-2442 -456/-898/-2441 -455/-897/-2440 
f -459/-901/-2439 -455/-897/-2438 -460/-902/-2437 
f -454/-896/-2436 -453/-895/-2435 -457/-899/-2434 
f -454/-896/-2433 -457/-899/-2432 -458/-900/-2431 
f -443/-885/-2430 -442/-884/-2429 -441/-883/-2428 
f -443/-885/-2427 -441/-883/-2426 -444/-886/-2425 
f -439/-881/-2424 -438/-880/-2423 -437/-879/-2422 
f -439/-881/-2421 -437/-879/-2420 -440/-882/-2419 
f -434/-876/-2418 -433/-875/-2417 -436/-878/-2416 
f -434/-876/-2415 -436/-878/-2414 -435/-877/-2413 
f -431/-873/-2412 -430/-872/-2411 -429/-871/-2410 
f -431/-873/-2409 -429/-871/-2408 -432/-874/-2407 
f -427/-869/-2406 -426/-868/-2405 -425/-867/-2404 
f -427/-869/-2403 -425/-867/-2402 -428/-870/-2401 
f -423/-865/-2400 -422/-864/-2399 -421/-863/-2398 
f -424/-866/-2397 -423/-865/-2396 -421/-863/-2395 
f -419/-861/-2394 -418/-860/-2393 -417/-859/-2392 
f -419/-861/-2391 -417/-859/-2390 -420/-862/-2389 
f -415/-857/-2388 -414/-856/-2387 -413/-855/-2386 
f -415/-857/-2385 -413/-855/-2384 -416/-858/-2383 
f -411/-853/-2382 -410/-852/-2381 -409/-851/-2380 
f -412/-854/-2379 -411/-853/-2378 -409/-851/-2377 
f -479/-924/-2376 -476/-920/-2375 -480/-925/-2374 
f -406/-848/-2373 -405/-847/-2372 -408/-850/-2371 
f -407/-849/-2370 -406/-848/-2369 -408/-850/-2368 
f -403/-845/-2367 -402/-844/-2366 -401/-843/-2365 
f -403/-845/-2364 -401/-843/-2363 -404/-846/-2362 
f -452/-894/-2361 -449/-891/-2360 -448/-890/-2359 
f -450/-892/-2358 -452/-894/-2357 -448/-890/-2356 
f -445/-887/-2355 -449/-891/-2354 -452/-894/-2353 
f -446/-888/-2352 -445/-887/-2351 -452/-894/-2350 
f -446/-888/-2349 -452/-894/-2348 -451/-893/-2347 
f -450/-892/-2346 -448/-890/-2345 -447/-889/-2344 
f -451/-893/-2343 -450/-892/-2342 -447/-889/-2341 
f -446/-888/-2340 -451/-893/-2339 -447/-889/-2338 
f -463/-905/-2337 -461/-903/-2336 -452/-894/-2335 
f -452/-894/-2334 -450/-892/-2333 -463/-905/-2332 
f -468/-910/-2331 -464/-906/-2330 -449/-891/-2329 
f -449/-891/-2328 -445/-887/-2327 -468/-910/-2326 
f -467/-909/-2325 -468/-910/-2324 -445/-887/-2323 
f -445/-887/-2322 -446/-888/-2321 -467/-909/-2320 
usemtl LP3_plekk_punane
f -461/-903/-2319 -462/-904/-2318 -451/-893/-2317 
f -451/-893/-2316 -452/-894/-2315 -461/-903/-2314 
f -465/-907/-2313 -466/-908/-2312 -447/-889/-2311 
f -447/-889/-2310 -448/-890/-2309 -465/-907/-2308 
usemtl LP3_fas_01
f -462/-904/-2307 -463/-905/-2306 -450/-892/-2305 
f -450/-892/-2304 -451/-893/-2303 -462/-904/-2302 
f -466/-908/-2301 -467/-909/-2300 -446/-888/-2299 
f -446/-888/-2298 -447/-889/-2297 -466/-908/-2296 
f -487/-932/-2295 -488/-933/-2294 -442/-884/-2293 
f -442/-884/-2292 -443/-885/-2291 -487/-932/-2290 
f -488/-933/-2289 -489/-934/-2288 -441/-883/-2287 
f -441/-883/-2286 -442/-884/-2285 -488/-933/-2284 
f -489/-934/-2283 -486/-931/-2282 -444/-886/-2281 
f -444/-886/-2280 -441/-883/-2279 -489/-934/-2278 
f -486/-931/-2277 -487/-932/-2276 -443/-885/-2275 
f -443/-885/-2274 -444/-886/-2273 -486/-931/-2272 
f -491/-936/-2271 -492/-937/-2270 -438/-880/-2269 
f -438/-880/-2268 -439/-881/-2267 -491/-936/-2266 
f -492/-937/-2265 -493/-938/-2264 -437/-879/-2263 
f -437/-879/-2262 -438/-880/-2261 -492/-937/-2260 
f -493/-938/-2259 -490/-935/-2258 -440/-882/-2257 
f -440/-882/-2256 -437/-879/-2255 -493/-938/-2254 
f -490/-935/-2253 -491/-936/-2252 -439/-881/-2251 
f -439/-881/-2250 -440/-882/-2249 -490/-935/-2248 
f -496/-941/-2247 -497/-942/-2246 -433/-875/-2245 
f -433/-875/-2244 -434/-876/-2243 -496/-941/-2242 
f -497/-942/-2241 -494/-939/-2240 -436/-878/-2239 
f -436/-878/-2238 -433/-875/-2237 -497/-942/-2236 
f -494/-939/-2235 -495/-940/-2234 -435/-877/-2233 
f -435/-877/-2232 -436/-878/-2231 -494/-939/-2230 
f -495/-940/-2229 -496/-941/-2228 -434/-876/-2227 
f -434/-876/-2226 -435/-877/-2225 -495/-940/-2224 
f -499/-944/-2223 -500/-945/-2222 -430/-872/-2221 
f -430/-872/-2220 -431/-873/-2219 -499/-944/-2218 
f -500/-945/-2217 -501/-946/-2216 -429/-871/-2215 
f -429/-871/-2214 -430/-872/-2213 -500/-945/-2212 
f -501/-946/-2211 -498/-943/-2210 -432/-874/-2209 
f -432/-874/-2208 -429/-871/-2207 -501/-946/-2206 
f -498/-943/-2205 -499/-944/-2204 -431/-873/-2203 
f -431/-873/-2202 -432/-874/-2201 -498/-943/-2200 
f -503/-948/-2199 -504/-949/-2198 -426/-868/-2197 
f -426/-868/-2196 -427/-869/-2195 -503/-948/-2194 
f -504/-949/-2193 -505/-950/-2192 -425/-867/-2191 
f -425/-867/-2190 -426/-868/-2189 -504/-949/-2188 
f -505/-950/-2187 -502/-947/-2186 -428/-870/-2185 
f -428/-870/-2184 -425/-867/-2183 -505/-950/-2182 
f -502/-947/-2181 -503/-948/-2180 -427/-869/-2179 
f -427/-869/-2178 -428/-870/-2177 -502/-947/-2176 
f -507/-952/-2175 -508/-953/-2174 -422/-864/-2173 
f -422/-864/-2172 -423/-865/-2171 -507/-952/-2170 
f -508/-953/-2169 -509/-954/-2168 -421/-863/-2167 
f -421/-863/-2166 -422/-864/-2165 -508/-953/-2164 
f -506/-951/-2163 -507/-952/-2162 -423/-865/-2161 
f -423/-865/-2160 -424/-866/-2159 -506/-951/-2158 
f -509/-954/-2157 -506/-951/-2156 -424/-866/-2155 
f -424/-866/-2154 -421/-863/-2153 -509/-954/-2152 
f -511/-956/-2151 -512/-957/-2150 -418/-860/-2149 
f -418/-860/-2148 -419/-861/-2147 -511/-956/-2146 
f -512/-957/-2145 -513/-958/-2144 -417/-859/-2143 
f -417/-859/-2142 -418/-860/-2141 -512/-957/-2140 
f -513/-958/-2139 -510/-955/-2138 -420/-862/-2137 
f -420/-862/-2136 -417/-859/-2135 -513/-958/-2134 
f -510/-955/-2133 -511/-956/-2132 -419/-861/-2131 
f -419/-861/-2130 -420/-862/-2129 -510/-955/-2128 
f -515/-960/-2127 -516/-961/-2126 -414/-856/-2125 
f -414/-856/-2124 -415/-857/-2123 -515/-960/-2122 
f -516/-961/-2121 -517/-962/-2120 -413/-855/-2119 
f -413/-855/-2118 -414/-856/-2117 -516/-961/-2116 
f -517/-962/-2115 -514/-959/-2114 -416/-858/-2113 
f -416/-858/-2112 -413/-855/-2111 -517/-962/-2110 
f -514/-959/-2109 -515/-960/-2108 -415/-857/-2107 
f -415/-857/-2106 -416/-858/-2105 -514/-959/-2104 
f -519/-964/-2103 -520/-965/-2102 -410/-852/-2101 
f -410/-852/-2100 -411/-853/-2099 -519/-964/-2098 
f -520/-965/-2097 -521/-966/-2096 -409/-851/-2095 
f -409/-851/-2094 -410/-852/-2093 -520/-965/-2092 
f -518/-963/-2091 -519/-964/-2090 -411/-853/-2089 
f -411/-853/-2088 -412/-854/-2087 -518/-963/-2086 
f -521/-966/-2085 -518/-963/-2084 -412/-854/-2083 
f -412/-854/-2082 -409/-851/-2081 -521/-966/-2080 
f -480/-925/-2079 -481/-926/-2078 -405/-847/-2077 
f -405/-847/-2076 -406/-848/-2075 -480/-925/-2074 
f -481/-926/-2073 -478/-923/-2072 -408/-850/-2071 
f -408/-850/-2070 -405/-847/-2069 -481/-926/-2068 
f -479/-924/-2067 -480/-925/-2066 -406/-848/-2065 
f -406/-848/-2064 -407/-849/-2063 -479/-924/-2062 
f -478/-923/-2061 -479/-924/-2060 -407/-849/-2059 
f -407/-849/-2058 -408/-850/-2057 -478/-923/-2056 
f -483/-928/-2055 -484/-929/-2054 -402/-844/-2053 
f -402/-844/-2052 -403/-845/-2051 -483/-928/-2050 
f -484/-929/-2049 -485/-930/-2048 -401/-843/-2047 
f -401/-843/-2046 -402/-844/-2045 -484/-929/-2044 
f -485/-930/-2043 -482/-927/-2042 -404/-846/-2041 
f -404/-846/-2040 -401/-843/-2039 -485/-930/-2038 
f -482/-927/-2037 -483/-928/-2036 -403/-845/-2035 
f -403/-845/-2034 -404/-846/-2033 -482/-927/-2032 
f -527/-974/-2031 -522/-967/-2030 -400/-842/-2029 
f -522/-967/-2028 -853/-922/-2027 -851/-840/-2026 
f -851/-840/-2025 -400/-842/-2024 -522/-967/-2023 
f -529/-976/-2022 -475/-919/-2021 -398/-837/-2020 
f -528/-975/-2019 -397/-836/-2018 -474/-918/-2017 
f -852/-915/-2016 -474/-918/-2015 -397/-836/-2014 
f -397/-836/-2013 -848/-833/-2012 -852/-915/-2011 
f -475/-919/-2010 -834/-917/-2009 -835/-835/-2008 
f -835/-835/-2007 -398/-837/-2006 -475/-919/-2005 
f -470/-912/-2004 -471/-913/-2003 -460/-902/-2002 
f -460/-902/-2001 -455/-897/-2000 -470/-912/-1999 
f -473/-916/-1998 -847/-832/-1997 -472/-914/-1996 
f -477/-921/-1995 -469/-911/-1994 -846/-831/-1993 
f -395/-830/-1992 -846/-831/-1991 -469/-911/-1990 
f -469/-911/-1989 -470/-912/-1988 -395/-830/-1987 
f -847/-832/-1986 -394/-829/-1985 -471/-913/-1984 
f -471/-913/-1983 -472/-914/-1982 -847/-832/-1981 
f -392/-827/-1980 -391/-826/-1979 -457/-899/-1978 
f -457/-899/-1977 -453/-895/-1976 -392/-827/-1975 
f -390/-825/-1974 -393/-828/-1973 -454/-896/-1972 
f -454/-896/-1971 -458/-900/-1970 -390/-825/-1969 
f -389/-824/-1968 -388/-823/-1967 -459/-901/-1966 
f -459/-901/-1965 -460/-902/-1964 -389/-824/-1963 
f -394/-829/-1962 -389/-824/-1961 -460/-902/-1960 
f -460/-902/-1959 -471/-913/-1958 -394/-829/-1957 
f -387/-822/-1956 -386/-821/-1955 -455/-897/-1954 
f -455/-897/-1953 -456/-898/-1952 -387/-822/-1951 
f -386/-821/-1950 -395/-830/-1949 -470/-912/-1948 
f -470/-912/-1947 -455/-897/-1946 -386/-821/-1945 
f -507/-952/-1944 -506/-951/-1943 -528/-975/-1942 
f -506/-951/-1941 -495/-940/-1940 -528/-975/-1939 
f -507/-952/-1938 -528/-975/-1937 -527/-974/-1936 
f -518/-963/-1935 -508/-953/-1934 -527/-974/-1933 
f -516/-961/-1932 -515/-960/-1931 -799/-973/-1930 
f -515/-960/-1929 -520/-965/-1928 -799/-973/-1927 
f -520/-965/-1926 -519/-964/-1925 -799/-973/-1924 
f -529/-976/-1923 -497/-942/-1922 -490/-935/-1921 
f -529/-976/-1920 -490/-935/-1919 -493/-938/-1918 
f -529/-976/-1917 -482/-927/-1916 -523/-968/-1915 
f -482/-927/-1914 -529/-976/-1913 -486/-931/-1912 
f -465/-907/-1911 -471/-913/-1910 -470/-912/-1909 
f -525/-970/-1908 -526/-971/-1907 -384/-819/-1906 
f -384/-819/-1905 -523/-968/-1904 -524/-969/-1903 
f -524/-969/-1902 -525/-970/-1901 -384/-819/-1900 
f -395/-830/-1899 -386/-821/-1898 -389/-824/-1897 
f -389/-824/-1896 -394/-829/-1895 -395/-830/-1894 
f -386/-821/-1893 -387/-822/-1892 -388/-823/-1891 
f -388/-823/-1890 -389/-824/-1889 -386/-821/-1888 
f -391/-826/-1887 -392/-827/-1886 -393/-828/-1885 
f -393/-828/-1884 -390/-825/-1883 -391/-826/-1882 
usemtl LP3_fas_03
f -832/-818/-1881 -379/-810/-1880 -378/-809/-1879 
f -379/-810/-1878 -832/-818/-1877 -383/-814/-1876 
f -379/-810/-1875 -383/-814/-1874 -382/-813/-1873 
f -380/-811/-1872 -379/-810/-1871 -382/-813/-1870 
f -365/-796/-1869 -368/-799/-1868 -367/-798/-1867 
f -376/-807/-1866 -378/-809/-1865 -381/-812/-1864 
f -378/-809/-1863 -376/-807/-1862 -375/-806/-1861 
f -832/-818/-1860 -378/-809/-1859 -375/-806/-1858 
f -832/-818/-1857 -375/-806/-1856 -374/-805/-1855 
f -372/-803/-1854 -374/-805/-1853 -377/-808/-1852 
f -374/-805/-1851 -372/-803/-1850 -371/-802/-1849 
f -832/-818/-1848 -374/-805/-1847 -371/-802/-1846 
f -832/-818/-1845 -371/-802/-1844 -370/-801/-1843 
f -362/-793/-1842 -365/-796/-1841 -367/-798/-1840 
f -369/-800/-1839 -373/-804/-1838 -372/-803/-1837 
f -366/-797/-1836 -369/-800/-1835 -372/-803/-1834 
f -366/-797/-1833 -372/-803/-1832 -377/-808/-1831 
f -366/-797/-1830 -377/-808/-1829 -376/-807/-1828 
f -832/-818/-1827 -370/-801/-1826 -373/-804/-1825 
f -366/-797/-1824 -376/-807/-1823 -381/-812/-1822 
f -382/-813/-1821 -369/-800/-1820 -368/-799/-1819 
f -367/-798/-1818 -366/-797/-1817 -381/-812/-1816 
f -367/-798/-1815 -381/-812/-1814 -380/-811/-1813 
f -382/-813/-1812 -368/-799/-1811 -365/-796/-1810 
f -382/-813/-1809 -365/-796/-1808 -364/-795/-1807 
f -380/-811/-1806 -382/-813/-1805 -364/-795/-1804 
f -380/-811/-1803 -364/-795/-1802 -363/-794/-1801 
f -367/-798/-1800 -380/-811/-1799 -363/-794/-1798 
f -362/-793/-1797 -367/-798/-1796 -363/-794/-1795 
f -383/-814/-1794 -832/-818/-1793 -828/-815/-1792 
f -828/-815/-1791 -827/-816/-1790 -317/-748/-1789 
f -318/-749/-1788 -828/-815/-1787 -317/-748/-1786 
f -373/-804/-1785 -369/-800/-1784 -358/-789/-1783 
f -359/-790/-1782 -369/-800/-1781 -382/-813/-1780 
f -356/-787/-1779 -358/-789/-1778 -361/-792/-1777 
f -358/-789/-1776 -356/-787/-1775 -355/-786/-1774 
f -373/-804/-1773 -358/-789/-1772 -355/-786/-1771 
f -373/-804/-1770 -355/-786/-1769 -354/-785/-1768 
f -359/-790/-1767 -382/-813/-1766 -352/-783/-1765 
f -360/-791/-1764 -359/-790/-1763 -352/-783/-1762 
f -348/-779/-1761 -831/-817/-1760 -832/-818/-1759 
f -357/-788/-1758 -832/-818/-1757 -354/-785/-1756 
f -383/-814/-1755 -828/-815/-1754 -318/-749/-1753 
f -327/-758/-1752 -328/-759/-1751 -329/-760/-1750 
f -330/-761/-1749 -327/-758/-1748 -329/-760/-1747 
f -333/-764/-1746 -334/-765/-1745 -331/-762/-1744 
f -332/-763/-1743 -333/-764/-1742 -331/-762/-1741 
f -337/-768/-1740 -338/-769/-1739 -335/-766/-1738 
f -336/-767/-1737 -337/-768/-1736 -335/-766/-1735 
f -341/-772/-1734 -342/-773/-1733 -339/-770/-1732 
f -340/-771/-1731 -341/-772/-1730 -339/-770/-1729 
f -345/-776/-1728 -346/-777/-1727 -343/-774/-1726 
f -344/-775/-1725 -345/-776/-1724 -343/-774/-1723 
f -321/-752/-1722 -322/-753/-1721 -319/-750/-1720 
f -320/-751/-1719 -321/-752/-1718 -319/-750/-1717 
f -325/-756/-1716 -326/-757/-1715 -323/-754/-1714 
f -324/-755/-1713 -325/-756/-1712 -323/-754/-1711 
f -361/-792/-1710 -360/-791/-1709 -351/-782/-1708 
f -360/-791/-1707 -352/-783/-1706 -351/-782/-1705 
f -361/-792/-1704 -351/-782/-1703 -356/-787/-1702 
f -356/-787/-1701 -347/-778/-1700 -350/-781/-1699 
f -357/-788/-1698 -356/-787/-1697 -349/-780/-1696 
f -356/-787/-1695 -350/-781/-1694 -349/-780/-1693 
f -349/-780/-1692 -348/-779/-1691 -357/-788/-1690 
f -356/-787/-1689 -351/-782/-1688 -347/-778/-1687 
f -378/-809/-1686 -379/-810/-1685 -344/-775/-1684 
f -344/-775/-1683 -343/-774/-1682 -378/-809/-1681 
f -379/-810/-1680 -380/-811/-1679 -345/-776/-1678 
f -345/-776/-1677 -344/-775/-1676 -379/-810/-1675 
f -367/-798/-1674 -368/-799/-1673 -333/-764/-1672 
f -333/-764/-1671 -332/-763/-1670 -367/-798/-1669 
f -381/-812/-1668 -378/-809/-1667 -343/-774/-1666 
f -343/-774/-1665 -346/-777/-1664 -381/-812/-1663 
f -375/-806/-1662 -376/-807/-1661 -341/-772/-1660 
f -341/-772/-1659 -340/-771/-1658 -375/-806/-1657 
f -374/-805/-1656 -375/-806/-1655 -340/-771/-1654 
f -340/-771/-1653 -339/-770/-1652 -374/-805/-1651 
f -377/-808/-1650 -374/-805/-1649 -339/-770/-1648 
f -339/-770/-1647 -342/-773/-1646 -377/-808/-1645 
f -371/-802/-1644 -372/-803/-1643 -337/-768/-1642 
f -337/-768/-1641 -336/-767/-1640 -371/-802/-1639 
f -370/-801/-1638 -371/-802/-1637 -336/-767/-1636 
f -336/-767/-1635 -335/-766/-1634 -370/-801/-1633 
f -365/-796/-1632 -362/-793/-1631 -327/-758/-1630 
f -327/-758/-1629 -330/-761/-1628 -365/-796/-1627 
f -372/-803/-1626 -373/-804/-1625 -338/-769/-1624 
f -338/-769/-1623 -337/-768/-1622 -372/-803/-1621 
f -369/-800/-1620 -366/-797/-1619 -331/-762/-1618 
f -331/-762/-1617 -334/-765/-1616 -369/-800/-1615 
f -376/-807/-1614 -377/-808/-1613 -342/-773/-1612 
f -342/-773/-1611 -341/-772/-1610 -376/-807/-1609 
f -373/-804/-1608 -370/-801/-1607 -335/-766/-1606 
f -335/-766/-1605 -338/-769/-1604 -373/-804/-1603 
f -368/-799/-1602 -369/-800/-1601 -334/-765/-1600 
f -334/-765/-1599 -333/-764/-1598 -368/-799/-1597 
f -366/-797/-1596 -367/-798/-1595 -332/-763/-1594 
f -332/-763/-1593 -331/-762/-1592 -366/-797/-1591 
f -380/-811/-1590 -381/-812/-1589 -346/-777/-1588 
f -346/-777/-1587 -345/-776/-1586 -380/-811/-1585 
f -364/-795/-1584 -365/-796/-1583 -330/-761/-1582 
f -330/-761/-1581 -329/-760/-1580 -364/-795/-1579 
f -363/-794/-1578 -364/-795/-1577 -329/-760/-1576 
f -329/-760/-1575 -328/-759/-1574 -363/-794/-1573 
f -362/-793/-1572 -363/-794/-1571 -328/-759/-1570 
f -328/-759/-1569 -327/-758/-1568 -362/-793/-1567 
f -358/-789/-1566 -359/-790/-1565 -324/-755/-1564 
f -324/-755/-1563 -323/-754/-1562 -358/-789/-1561 
f -361/-792/-1560 -358/-789/-1559 -323/-754/-1558 
f -323/-754/-1557 -326/-757/-1556 -361/-792/-1555 
f -355/-786/-1554 -356/-787/-1553 -321/-752/-1552 
f -321/-752/-1551 -320/-751/-1550 -355/-786/-1549 
f -354/-785/-1548 -355/-786/-1547 -320/-751/-1546 
f -320/-751/-1545 -319/-750/-1544 -354/-785/-1543 
f -359/-790/-1542 -360/-791/-1541 -325/-756/-1540 
f -325/-756/-1539 -324/-755/-1538 -359/-790/-1537 
f -357/-788/-1536 -354/-785/-1535 -319/-750/-1534 
f -319/-750/-1533 -322/-753/-1532 -357/-788/-1531 
f -356/-787/-1530 -357/-788/-1529 -322/-753/-1528 
f -322/-753/-1527 -321/-752/-1526 -356/-787/-1525 
f -360/-791/-1524 -361/-792/-1523 -326/-757/-1522 
f -326/-757/-1521 -325/-756/-1520 -360/-791/-1519 
f -383/-814/-1518 -318/-749/-1517 -353/-784/-1516 
f -318/-749/-1515 -317/-748/-1514 -353/-784/-1513 
f -832/-818/-1512 -373/-804/-1511 -354/-785/-1510 
f -369/-800/-1509 -359/-790/-1508 -358/-789/-1507 
f -357/-788/-1506 -348/-779/-1505 -832/-818/-1504 
usemtl LP3_KORSTEN
s 1
f -316/-733/-1503 -315/-732/-1502 -311/-728/-1501 
f -311/-728/-1500 -312/-729/-1499 -316/-733/-1498 
s 4
f -310/-727/-1497 -314/-731/-1496 -316/-733/-1495 
f -316/-733/-1494 -312/-729/-1493 -310/-727/-1492 
s 2
f -308/-725/-1491 -309/-726/-1490 -313/-730/-1489 
f -308/-725/-1488 -313/-730/-1487 -314/-731/-1486 
f -308/-725/-1485 -314/-731/-1484 -310/-727/-1483 
s 4
f -309/-726/-1482 -311/-728/-1481 -315/-732/-1480 
f -315/-732/-1479 -313/-730/-1478 -309/-726/-1477 
f -303/-720/-1476 -304/-721/-1475 -307/-724/-1474 
f -307/-724/-1473 -302/-719/-1472 -303/-720/-1471 
s 2
f -301/-718/-1470 -305/-722/-1469 -304/-721/-1468 
f -304/-721/-1467 -303/-720/-1466 -301/-718/-1465 
s 1
f -300/-717/-1464 -302/-719/-1463 -307/-724/-1462 
f -307/-724/-1461 -306/-723/-1460 -300/-717/-1459 
s 4
f -301/-718/-1458 -300/-717/-1457 -306/-723/-1456 
f -306/-723/-1455 -305/-722/-1454 -301/-718/-1453 
s 1
f -299/-716/-1452 -298/-715/-1451 -294/-711/-1450 
f -294/-711/-1449 -295/-712/-1448 -299/-716/-1447 
s 4
f -293/-710/-1446 -294/-711/-1445 -298/-715/-1444 
f -298/-715/-1443 -297/-714/-1442 -293/-710/-1441 
s 2
f -292/-709/-1440 -293/-710/-1439 -297/-714/-1438 
f -292/-709/-1437 -297/-714/-1436 -296/-713/-1435 
f -292/-709/-1434 -296/-713/-1433 -291/-708/-1432 
s 4
f -290/-707/-1431 -291/-708/-1430 -296/-713/-1429 
f -290/-707/-1428 -296/-713/-1427 -299/-716/-1426 
f -290/-707/-1425 -299/-716/-1424 -295/-712/-1423 
s 1
f -284/-701/-1422 -289/-706/-1421 -288/-705/-1420 
f -288/-705/-1419 -283/-700/-1418 -284/-701/-1417 
s 4
f -282/-699/-1416 -283/-700/-1415 -288/-705/-1414 
f -288/-705/-1413 -287/-704/-1412 -280/-697/-1411 
f -282/-699/-1410 -288/-705/-1409 -280/-697/-1408 
f -289/-706/-1407 -284/-701/-1406 -285/-702/-1405 
f -286/-703/-1404 -289/-706/-1403 -285/-702/-1402 
f -286/-703/-1401 -285/-702/-1400 -281/-698/-1399 
s 2
f -280/-697/-1398 -287/-704/-1397 -286/-703/-1396 
f -286/-703/-1395 -281/-698/-1394 -280/-697/-1393 
s 4
f -275/-692/-1392 -276/-693/-1391 -279/-696/-1390 
f -279/-696/-1389 -274/-691/-1388 -275/-692/-1387 
s 2
f -275/-692/-1386 -273/-690/-1385 -277/-694/-1384 
f -277/-694/-1383 -276/-693/-1382 -275/-692/-1381 
s 4
f -273/-690/-1380 -272/-689/-1379 -278/-695/-1378 
f -278/-695/-1377 -277/-694/-1376 -273/-690/-1375 
s 1
f -279/-696/-1374 -278/-695/-1373 -272/-689/-1372 
f -272/-689/-1371 -274/-691/-1370 -279/-696/-1369 
s 16
f -244/-661/-1368 -243/-660/-1367 -246/-663/-1366 
f -246/-663/-1365 -245/-662/-1364 -244/-661/-1363 
s 1
f -267/-684/-1362 -271/-688/-1361 -270/-687/-1360 
f -270/-687/-1359 -266/-683/-1358 -267/-684/-1357 
s 4
f -266/-683/-1356 -270/-687/-1355 -269/-686/-1354 
f -269/-686/-1353 -265/-682/-1352 -266/-683/-1351 
s 2
f -264/-681/-1350 -265/-682/-1349 -269/-686/-1348 
f -269/-686/-1347 -268/-685/-1346 -264/-681/-1345 
s 4
f -263/-680/-1344 -264/-681/-1343 -268/-685/-1342 
f -263/-680/-1341 -268/-685/-1340 -271/-688/-1339 
f -263/-680/-1338 -271/-688/-1337 -267/-684/-1336 
s off
f -265/-682/-1335 -264/-681/-1334 -263/-680/-1333 
f -265/-682/-1332 -263/-680/-1331 -267/-684/-1330 
f -265/-682/-1329 -267/-684/-1328 -266/-683/-1327 
f -270/-687/-1326 -271/-688/-1325 -261/-678/-1324 
f -261/-678/-1323 -262/-679/-1322 -270/-687/-1321 
f -271/-688/-1320 -268/-685/-1319 -260/-677/-1318 
f -260/-677/-1317 -261/-678/-1316 -271/-688/-1315 
f -268/-685/-1314 -269/-686/-1313 -259/-676/-1312 
f -259/-676/-1311 -260/-677/-1310 -268/-685/-1309 
f -269/-686/-1308 -270/-687/-1307 -262/-679/-1306 
f -262/-679/-1305 -259/-676/-1304 -269/-686/-1303 
f -262/-679/-1302 -261/-678/-1301 -257/-674/-1300 
f -257/-674/-1299 -258/-675/-1298 -262/-679/-1297 
f -261/-678/-1296 -260/-677/-1295 -256/-673/-1294 
f -256/-673/-1293 -257/-674/-1292 -261/-678/-1291 
f -260/-677/-1290 -259/-676/-1289 -255/-672/-1288 
f -255/-672/-1287 -256/-673/-1286 -260/-677/-1285 
f -259/-676/-1284 -262/-679/-1283 -258/-675/-1282 
f -258/-675/-1281 -255/-672/-1280 -259/-676/-1279 
f -258/-675/-1278 -257/-674/-1277 -253/-670/-1276 
f -253/-670/-1275 -254/-671/-1274 -258/-675/-1273 
f -257/-674/-1272 -256/-673/-1271 -252/-669/-1270 
f -252/-669/-1269 -253/-670/-1268 -257/-674/-1267 
f -256/-673/-1266 -255/-672/-1265 -251/-668/-1264 
f -251/-668/-1263 -252/-669/-1262 -256/-673/-1261 
f -255/-672/-1260 -258/-675/-1259 -254/-671/-1258 
f -254/-671/-1257 -251/-668/-1256 -255/-672/-1255 
f -254/-671/-1254 -253/-670/-1253 -249/-666/-1252 
f -249/-666/-1251 -250/-667/-1250 -254/-671/-1249 
f -253/-670/-1248 -252/-669/-1247 -248/-665/-1246 
f -248/-665/-1245 -249/-666/-1244 -253/-670/-1243 
f -252/-669/-1242 -251/-668/-1241 -247/-664/-1240 
f -247/-664/-1239 -248/-665/-1238 -252/-669/-1237 
f -251/-668/-1236 -254/-671/-1235 -250/-667/-1234 
f -250/-667/-1233 -247/-664/-1232 -251/-668/-1231 
f -250/-667/-1230 -249/-666/-1229 -245/-662/-1228 
f -245/-662/-1227 -246/-663/-1226 -250/-667/-1225 
f -249/-666/-1224 -248/-665/-1223 -244/-661/-1222 
f -244/-661/-1221 -245/-662/-1220 -249/-666/-1219 
f -248/-665/-1218 -247/-664/-1217 -243/-660/-1216 
f -243/-660/-1215 -244/-661/-1214 -248/-665/-1213 
f -247/-664/-1212 -250/-667/-1211 -246/-663/-1210 
f -246/-663/-1209 -243/-660/-1208 -247/-664/-1207 
usemtl xxx
f -242/-554/-1206 -383/-549/-1205 -353/-556/-1204 
f -353/-556/-1203 -843/-558/-1202 -242/-554/-1201 
f -352/-553/-1200 -242/-554/-1199 -241/-551/-1198 
f -242/-554/-1197 -382/-548/-1196 -383/-549/-1195 
f -242/-554/-1194 -352/-553/-1193 -382/-548/-1192 
usemtl LP3_uuk_tume
f -240/-526/-1191 -239/-525/-1190 -238/-524/-1189 
f -238/-524/-1188 -232/-518/-1187 -233/-519/-1186 
f -234/-520/-1185 -232/-518/-1184 -235/-521/-1183 
f -232/-518/-1182 -237/-523/-1181 -235/-521/-1180 
f -239/-525/-1179 -237/-523/-1178 -232/-518/-1177 
f -237/-523/-1176 -236/-522/-1175 -235/-521/-1174 
f -238/-524/-1173 -239/-525/-1172 -232/-518/-1171 
f -239/-525/-1170 -240/-526/-1169 -237/-523/-1168 
f -230/-516/-1167 -240/-526/-1166 -229/-515/-1165 
f -230/-516/-1164 -236/-522/-1163 -237/-523/-1162 
f -226/-512/-1161 -234/-520/-1160 -225/-511/-1159 
f -226/-512/-1158 -238/-524/-1157 -233/-519/-1156 
f -224/-510/-1155 -238/-524/-1154 -228/-514/-1153 
f -232/-518/-1152 -234/-520/-1151 -233/-519/-1150 
f -240/-526/-1149 -230/-516/-1148 -237/-523/-1147 
f -236/-522/-1146 -230/-516/-1145 -231/-517/-1144 
f -234/-520/-1143 -226/-512/-1142 -233/-519/-1141 
f -238/-524/-1140 -226/-512/-1139 -227/-513/-1138 
f -238/-524/-1137 -224/-510/-1136 -240/-526/-1135 
f -223/-508/-1134 -222/-507/-1133 -221/-506/-1132 
f -221/-506/-1131 -215/-500/-1130 -216/-501/-1129 
f -217/-502/-1128 -215/-500/-1127 -218/-503/-1126 
f -215/-500/-1125 -220/-505/-1124 -218/-503/-1123 
f -222/-507/-1122 -220/-505/-1121 -215/-500/-1120 
f -220/-505/-1119 -219/-504/-1118 -218/-503/-1117 
f -221/-506/-1116 -222/-507/-1115 -215/-500/-1114 
f -222/-507/-1113 -223/-508/-1112 -220/-505/-1111 
f -213/-498/-1110 -223/-508/-1109 -212/-497/-1108 
f -213/-498/-1107 -219/-504/-1106 -220/-505/-1105 
f -209/-494/-1104 -217/-502/-1103 -208/-493/-1102 
f -209/-494/-1101 -221/-506/-1100 -216/-501/-1099 
f -207/-492/-1098 -221/-506/-1097 -211/-496/-1096 
f -215/-500/-1095 -217/-502/-1094 -216/-501/-1093 
f -223/-508/-1092 -213/-498/-1091 -220/-505/-1090 
f -219/-504/-1089 -213/-498/-1088 -214/-499/-1087 
f -217/-502/-1086 -209/-494/-1085 -216/-501/-1084 
f -221/-506/-1083 -209/-494/-1082 -210/-495/-1081 
f -221/-506/-1080 -207/-492/-1079 -223/-508/-1078 
usemtl LP3_uuk_tume_2
f -206/-490/-1077 -205/-489/-1076 -204/-488/-1075 
f -204/-488/-1074 -198/-482/-1073 -199/-483/-1072 
f -200/-484/-1071 -198/-482/-1070 -201/-485/-1069 
f -198/-482/-1068 -203/-487/-1067 -201/-485/-1066 
f -205/-489/-1065 -203/-487/-1064 -198/-482/-1063 
f -203/-487/-1062 -202/-486/-1061 -201/-485/-1060 
f -204/-488/-1059 -205/-489/-1058 -198/-482/-1057 
f -205/-489/-1056 -206/-490/-1055 -203/-487/-1054 
f -196/-480/-1053 -206/-490/-1052 -195/-479/-1051 
f -196/-480/-1050 -202/-486/-1049 -203/-487/-1048 
f -192/-476/-1047 -200/-484/-1046 -191/-475/-1045 
f -192/-476/-1044 -204/-488/-1043 -199/-483/-1042 
f -190/-474/-1041 -204/-488/-1040 -194/-478/-1039 
f -198/-482/-1038 -200/-484/-1037 -199/-483/-1036 
f -206/-490/-1035 -196/-480/-1034 -203/-487/-1033 
f -202/-486/-1032 -196/-480/-1031 -197/-481/-1030 
f -200/-484/-1029 -192/-476/-1028 -199/-483/-1027 
f -204/-488/-1026 -192/-476/-1025 -193/-477/-1024 
f -204/-488/-1023 -190/-474/-1022 -206/-490/-1021 
f -189/-472/-1020 -188/-471/-1019 -187/-470/-1018 
f -187/-470/-1017 -181/-464/-1016 -182/-465/-1015 
f -183/-466/-1014 -181/-464/-1013 -184/-467/-1012 
f -181/-464/-1011 -186/-469/-1010 -184/-467/-1009 
f -188/-471/-1008 -186/-469/-1007 -181/-464/-1006 
f -186/-469/-1005 -185/-468/-1004 -184/-467/-1003 
f -187/-470/-1002 -188/-471/-1001 -181/-464/-1000 
f -188/-471/-999 -189/-472/-998 -186/-469/-997 
f -179/-462/-996 -189/-472/-995 -178/-461/-994 
f -179/-462/-993 -185/-468/-992 -186/-469/-991 
f -175/-458/-990 -183/-466/-989 -174/-457/-988 
f -175/-458/-987 -187/-470/-986 -182/-465/-985 
f -173/-456/-984 -187/-470/-983 -177/-460/-982 
f -181/-464/-981 -183/-466/-980 -182/-465/-979 
f -189/-472/-978 -179/-462/-977 -186/-469/-976 
f -185/-468/-975 -179/-462/-974 -180/-463/-973 
f -183/-466/-972 -175/-458/-971 -182/-465/-970 
f -187/-470/-969 -175/-458/-968 -176/-459/-967 
f -187/-470/-966 -173/-456/-965 -189/-472/-964 
usemtl LP3_uuk_hele
f -172/-454/-963 -171/-453/-962 -170/-452/-961 
f -170/-452/-960 -164/-446/-959 -165/-447/-958 
f -166/-448/-957 -164/-446/-956 -167/-449/-955 
f -164/-446/-954 -169/-451/-953 -167/-449/-952 
f -171/-453/-951 -169/-451/-950 -164/-446/-949 
f -169/-451/-948 -168/-450/-947 -167/-449/-946 
f -170/-452/-945 -171/-453/-944 -164/-446/-943 
f -171/-453/-942 -172/-454/-941 -169/-451/-940 
f -162/-443/-939 -172/-454/-938 -161/-442/-937 
f -162/-443/-936 -168/-450/-935 -169/-451/-934 
f -158/-439/-933 -166/-448/-932 -157/-438/-931 
f -158/-439/-930 -170/-452/-929 -165/-447/-928 
f -156/-437/-927 -170/-452/-926 -160/-441/-925 
f -164/-446/-924 -166/-448/-923 -165/-447/-922 
f -172/-454/-921 -162/-443/-920 -169/-451/-919 
f -168/-450/-918 -162/-443/-917 -163/-444/-916 
f -166/-448/-915 -158/-439/-914 -165/-447/-913 
f -170/-452/-912 -158/-439/-911 -159/-440/-910 
f -170/-452/-909 -156/-437/-908 -172/-454/-907 
s 4
f -151/-432/-906 -150/-431/-905 -148/-429/-904 
f -148/-429/-903 -149/-430/-902 -151/-432/-901 
s 8
f -155/-436/-900 -154/-435/-899 -150/-431/-898 
f -150/-431/-897 -151/-432/-896 -155/-436/-895 
s 16
f -154/-435/-894 -152/-433/-893 -148/-429/-892 
f -148/-429/-891 -150/-431/-890 -154/-435/-889 
s 32
f -152/-433/-888 -153/-434/-887 -149/-430/-886 
f -149/-430/-885 -148/-429/-884 -152/-433/-883 
s 64
f -153/-434/-882 -155/-436/-881 -151/-432/-880 
f -151/-432/-879 -149/-430/-878 -153/-434/-877 
usemtl xxx
s off
f -523/-397/-876 -242/-396/-875 -843/-398/-874 
f -384/-395/-873 -241/-394/-872 -242/-396/-871 
f -242/-396/-870 -523/-397/-869 -384/-395/-868 
f -143/-379/-867 -836/-393/-866 -523/-392/-865 
f -146/-378/-864 -144/-380/-863 -523/-392/-862 
f -144/-380/-861 -143/-379/-860 -523/-392/-859 
f -843/-398/-858 -146/-378/-857 -523/-392/-856 
f -145/-383/-855 -143/-379/-854 -144/-382/-853 
usemtl LP3_krstn_auk
s 16
f -313/-374/-852 -315/-376/-851 -316/-377/-850 
f -316/-377/-849 -314/-375/-848 -313/-374/-847 
f -305/-371/-846 -306/-372/-845 -307/-373/-844 
f -307/-373/-843 -304/-370/-842 -305/-371/-841 
f -297/-367/-840 -298/-368/-839 -299/-369/-838 
f -299/-369/-837 -296/-366/-836 -297/-367/-835 
f -286/-362/-834 -287/-363/-833 -288/-364/-832 
f -288/-364/-831 -289/-365/-830 -286/-362/-829 
f -276/-358/-828 -277/-359/-827 -278/-360/-826 
f -278/-360/-825 -279/-361/-824 -276/-358/-823 
usemtl LP3_plekk_punane
s off
f -231/-354/-822 -235/-356/-821 -236/-357/-820 
f -225/-353/-819 -235/-356/-818 -142/-352/-817 
f -235/-356/-816 -231/-354/-815 -142/-352/-814 
f -235/-356/-813 -225/-353/-812 -234/-355/-811 
f -214/-348/-810 -218/-350/-809 -219/-351/-808 
f -208/-347/-807 -218/-350/-806 -141/-346/-805 
f -218/-350/-804 -214/-348/-803 -141/-346/-802 
f -218/-350/-801 -208/-347/-800 -217/-349/-799 
usemtl LP3_plekk_hall
f -197/-342/-798 -201/-344/-797 -202/-345/-796 
f -191/-341/-795 -201/-344/-794 -140/-340/-793 
f -201/-344/-792 -197/-342/-791 -140/-340/-790 
f -201/-344/-789 -191/-341/-788 -200/-343/-787 
f -180/-336/-786 -184/-338/-785 -185/-339/-784 
f -174/-335/-783 -184/-338/-782 -139/-334/-781 
f -184/-338/-780 -180/-336/-779 -139/-334/-778 
f -184/-338/-777 -174/-335/-776 -183/-337/-775 
usemtl LP3_plekk_punane
f -163/-329/-774 -167/-332/-773 -168/-333/-772 
f -157/-328/-771 -167/-332/-770 -138/-330/-769 
f -167/-332/-768 -163/-329/-767 -138/-330/-766 
f -167/-332/-765 -157/-328/-764 -166/-331/-763 
usemtl LP3_PRUUN
f -136/-319/-762 -146/-322/-761 -843/-318/-760 
f -843/-326/-759 -147/-317/-758 -136/-316/-757 
f -135/-315/-756 -136/-321/-755 -147/-314/-754 
f -147/-324/-753 -849/-313/-752 -135/-312/-751 
f -137/-311/-750 -135/-320/-749 -849/-310/-748 
f -849/-327/-747 -836/-325/-746 -137/-323/-745 
usemtl LP3_VALGE
f -146/-301/-744 -136/-300/-743 -145/-299/-742 
f -146/-307/-741 -145/-298/-740 -144/-303/-739 
f -143/-297/-738 -145/-304/-737 -136/-296/-736 
f -136/-295/-735 -135/-305/-734 -137/-294/-733 
f -137/-293/-732 -836/-309/-731 -143/-292/-730 
f -136/-306/-729 -137/-308/-728 -143/-302/-727 
usemtl LP3_fas_02
f -811/-288/-726 -813/-290/-725 -812/-289/-724 
f -814/-291/-723 -813/-290/-722 -811/-288/-721 
usemtl LP3_plekk_punane
f -851/-285/-720 -853/-287/-719 -134/-276/-718 
f -852/-286/-717 -848/-282/-716 -133/-275/-715 
f -846/-280/-714 -853/-287/-713 -852/-286/-712 
f -847/-281/-711 -846/-280/-710 -852/-286/-709 
f -835/-267/-708 -834/-266/-707 -836/-268/-706 
f -836/-268/-705 -849/-283/-704 -835/-267/-703 
s 2
f -117/-246/-702 -842/-274/-701 -844/-278/-700 
f -120/-249/-699 -838/-270/-698 -845/-279/-697 
usemtl LP3_katus_kivi_valge
f -850/-284/-696 -123/-252/-695 -100/-229/-694 
usemtl LP3_KATUS
s 8
f -846/-280/-693 -132/-262/-692 -98/-227/-691 
f -126/-255/-690 -132/-262/-689 -127/-256/-688 
f -109/-238/-687 -98/-227/-686 -132/-262/-685 
s off
f -843/-212/-684 -111/-210/-683 -96/-225/-682 
s 8
f -131/-261/-681 -847/-281/-680 -125/-254/-679 
usemtl LP3_plekk_punane
f -122/-251/-678 -134/-276/-677 -846/-280/-676 
f -849/-283/-675 -124/-253/-674 -133/-275/-673 
f -851/-285/-672 -134/-276/-671 -97/-226/-670 
f -849/-283/-669 -133/-275/-668 -848/-282/-667 
usemtl LP3_katus_kivi_valge
s 4
f -827/-203/-666 -113/-201/-665 -91/-220/-664 
usemtl LP3_KATUS
s 8
f -132/-262/-663 -846/-280/-662 -847/-281/-661 
f -132/-262/-660 -847/-281/-659 -127/-256/-658 
usemtl LP3_plekk_punane
f -846/-280/-657 -134/-276/-656 -853/-287/-655 
f -852/-286/-654 -133/-275/-653 -847/-281/-652 
s 2
f -116/-245/-651 -841/-273/-650 -842/-274/-649 
f -115/-244/-648 -840/-272/-647 -841/-273/-646 
f -840/-272/-645 -114/-243/-644 -102/-231/-643 
f -118/-247/-642 -844/-278/-641 -839/-271/-640 
f -118/-247/-639 -839/-271/-638 -119/-248/-637 
f -121/-250/-636 -845/-279/-635 -837/-269/-634 
usemtl LP3_KATUS
s 8
f -127/-256/-633 -847/-281/-632 -131/-261/-631 
f -126/-255/-630 -127/-256/-629 -131/-261/-628 
f -126/-255/-627 -131/-261/-626 -109/-238/-625 
f -147/-215/-624 -106/-235/-623 -125/-254/-622 
usemtl LP3_plekk_punane
f -125/-254/-621 -124/-253/-620 -849/-283/-619 
usemtl LP3_KATUS
f -125/-254/-618 -847/-281/-617 -124/-253/-616 
usemtl LP3_plekk_punane
f -124/-253/-615 -847/-281/-614 -133/-275/-613 
usemtl LP3_katus_kivi_valge
f -850/-216/-612 -98/-227/-611 -123/-213/-610 
s 2
f -123/-252/-609 -130/-259/-608 -107/-236/-607 
usemtl LP3_plekk_punane
f -120/-249/-606 -845/-279/-605 -121/-250/-604 
f -119/-248/-603 -838/-270/-602 -120/-249/-601 
usemtl LP3_katus_kivi_valge
f -130/-259/-600 -128/-257/-599 -101/-230/-598 
usemtl LP3_plekk_punane
f -119/-248/-597 -839/-271/-596 -838/-270/-595 
f -117/-246/-594 -844/-278/-593 -118/-247/-592 
usemtl LP3_katus_kivi_valge
f -128/-257/-591 -129/-258/-590 -110/-239/-589 
usemtl LP3_plekk_punane
f -116/-245/-588 -842/-274/-587 -117/-246/-586 
f -115/-244/-585 -841/-273/-584 -116/-245/-583 
f -114/-243/-582 -840/-272/-581 -115/-244/-580 
f -103/-232/-579 -102/-231/-578 -114/-243/-577 
usemtl LP3_katus_kivi_valge
f -113/-242/-576 -110/-239/-575 -129/-258/-574 
s 4
f -129/-202/-573 -104/-233/-572 -113/-201/-571 
s 1
f -128/-205/-570 -108/-237/-569 -129/-206/-568 
f -317/-208/-567 -112/-204/-566 -94/-223/-565 
usemtl LP3_plekk_punane
f -353/-264/-564 -94/-223/-563 -843/-277/-562 
usemtl LP3_katus_kivi_valge
f -105/-234/-561 -95/-224/-560 -128/-205/-559 
usemtl LP3_KATUS
s 2
f -114/-243/-558 -115/-244/-557 -110/-239/-556 
s 8
f -131/-261/-555 -125/-254/-554 -109/-238/-553 
usemtl LP3_katus_kivi_valge
s 1
f -108/-237/-552 -128/-205/-551 -95/-224/-550 
f -112/-204/-549 -129/-206/-548 -108/-237/-547 
usemtl LP3_KATUS
s 2
f -120/-249/-546 -121/-250/-545 -107/-236/-544 
usemtl LP3_katus_kivi_valge
s 8
f -147/-215/-543 -130/-214/-542 -106/-235/-541 
f -106/-235/-540 -130/-214/-539 -109/-238/-538 
s 1
f -128/-205/-537 -130/-207/-536 -105/-234/-535 
s 4
f -129/-202/-534 -112/-241/-533 -104/-233/-532 
f -104/-233/-531 -91/-220/-530 -113/-201/-529 
usemtl LP3_KATUS
s 2
f -110/-239/-528 -103/-232/-527 -114/-243/-526 
usemtl LP3_katus_kivi_valge
f -827/-265/-525 -103/-232/-524 -113/-242/-523 
f -110/-239/-522 -113/-242/-521 -103/-232/-520 
f -103/-232/-519 -827/-265/-518 -102/-231/-517 
usemtl LP3_KATUS
f -116/-245/-516 -110/-239/-515 -115/-244/-514 
f -117/-246/-513 -110/-239/-512 -116/-245/-511 
usemtl LP3_katus_kivi_valge
f -110/-239/-510 -101/-230/-509 -128/-257/-508 
usemtl LP3_KATUS
f -118/-247/-507 -101/-230/-506 -117/-246/-505 
f -110/-239/-504 -117/-246/-503 -101/-230/-502 
f -119/-248/-501 -101/-230/-500 -118/-247/-499 
usemtl LP3_katus_kivi_valge
f -101/-230/-498 -107/-236/-497 -130/-259/-496 
usemtl LP3_KATUS
f -120/-249/-495 -107/-236/-494 -119/-248/-493 
f -101/-230/-492 -119/-248/-491 -107/-236/-490 
usemtl LP3_katus_kivi_valge
f -107/-236/-489 -100/-229/-488 -123/-252/-487 
usemtl LP3_plekk_punane
f -837/-269/-486 -100/-229/-485 -121/-250/-484 
usemtl LP3_KATUS
f -107/-236/-483 -121/-250/-482 -100/-229/-481 
usemtl LP3_plekk_punane
f -100/-229/-480 -837/-269/-479 -99/-228/-478 
usemtl LP3_katus_kivi_valge
f -100/-229/-477 -99/-228/-476 -850/-284/-475 
usemtl LP3_KATUS
s 8
f -132/-262/-474 -126/-255/-473 -109/-238/-472 
usemtl LP3_katus_kivi_valge
f -123/-213/-471 -109/-238/-470 -130/-214/-469 
f -109/-238/-468 -123/-213/-467 -98/-227/-466 
usemtl LP3_KATUS
f -122/-251/-465 -846/-280/-464 -98/-227/-463 
usemtl LP3_katus_kivi_valge
f -98/-227/-462 -850/-216/-461 -97/-226/-460 
usemtl LP3_plekk_punane
f -98/-227/-459 -97/-226/-458 -122/-251/-457 
f -134/-276/-456 -122/-251/-455 -97/-226/-454 
usemtl LP3_KATUS
f -106/-235/-453 -109/-238/-452 -125/-254/-451 
s off
f -105/-209/-450 -96/-225/-449 -111/-210/-448 
s 1
f -111/-240/-447 -94/-223/-446 -95/-224/-445 
f -105/-234/-444 -111/-240/-443 -95/-224/-442 
f -108/-237/-441 -95/-224/-440 -94/-223/-439 
usemtl LP3_katus_kivi_valge
f -108/-237/-438 -94/-223/-437 -112/-204/-436 
usemtl LP3_plekk_punane
f -843/-277/-435 -94/-223/-434 -111/-240/-433 
usemtl LP3_katus_kivi_valge
f -94/-223/-432 -353/-264/-431 -317/-208/-430 
s 4
f -317/-263/-429 -93/-222/-428 -112/-241/-427 
f -104/-233/-426 -112/-241/-425 -93/-222/-424 
f -93/-222/-423 -317/-263/-422 -92/-221/-421 
usemtl LP3_plekk_punane
f -92/-221/-420 -91/-220/-419 -93/-222/-418 
usemtl LP3_KATUS
f -104/-233/-417 -93/-222/-416 -91/-220/-415 
usemtl LP3_plekk_punane
f -91/-220/-414 -92/-221/-413 -90/-219/-412 
usemtl LP3_katus_kivi_valge
f -91/-220/-411 -90/-219/-410 -827/-203/-409 
s off
f -147/-260/-408 -89/-217/-407 -130/-211/-406 
usemtl LP3_KATUS
f -96/-225/-405 -105/-209/-404 -89/-217/-403 
usemtl LP3_katus_kivi_valge
f -89/-217/-402 -105/-209/-401 -130/-211/-400 
f -147/-260/-399 -96/-225/-398 -89/-217/-397 
usemtl LP3_plekk_punane
f -464/-199/-396 -465/-200/-395 -448/-191/-394 
f -448/-191/-393 -449/-192/-392 -464/-199/-391 
f -458/-198/-390 -457/-197/-389 -456/-196/-388 
f -456/-196/-387 -459/-195/-386 -458/-198/-385 
f -393/-194/-384 -392/-193/-383 -453/-190/-382 
f -453/-190/-381 -454/-189/-380 -393/-194/-379 
f -388/-188/-378 -390/-187/-377 -458/-198/-376 
f -458/-198/-375 -459/-195/-374 -388/-188/-373 
f -391/-186/-372 -387/-185/-371 -456/-196/-370 
f -456/-196/-369 -457/-197/-368 -391/-186/-367 
f -387/-185/-366 -391/-186/-365 -390/-187/-364 
f -390/-187/-363 -388/-188/-362 -387/-185/-361 
usemtl LP3_uuk_tume_2
f -193/-180/-360 -194/-181/-359 -204/-183/-358 
f -190/-179/-357 -195/-182/-356 -206/-184/-355 
f -176/-174/-354 -177/-175/-353 -187/-177/-352 
f -173/-173/-351 -178/-176/-350 -189/-178/-349 
usemtl LP3_uuk_hele
f -159/-171/-348 -160/-169/-347 -170/-168/-346 
f -156/-172/-345 -161/-170/-344 -172/-167/-343 
usemtl LP3_uuk_tume
f -227/-162/-342 -228/-163/-341 -238/-165/-340 
f -224/-161/-339 -229/-164/-338 -240/-166/-337 
f -210/-156/-336 -211/-157/-335 -221/-159/-334 
f -207/-155/-333 -212/-158/-332 -223/-160/-331 
usemtl LP3_katusaken
s 1
f -88/-154/-330 -87/-153/-329 -83/-148/-328 
f -88/-154/-327 -83/-148/-326 -84/-149/-325 
s 4
f -87/-153/-324 -86/-152/-323 -82/-147/-322 
f -87/-153/-321 -82/-147/-320 -83/-148/-319 
s 2
f -86/-152/-318 -85/-151/-317 -81/-146/-316 
f -86/-152/-315 -81/-146/-314 -82/-147/-313 
s 4
f -85/-151/-312 -88/-150/-311 -84/-145/-310 
f -85/-151/-309 -84/-145/-308 -81/-146/-307 
s 16
f -82/-142/-306 -81/-141/-305 -84/-144/-304 
f -83/-143/-303 -82/-142/-302 -84/-144/-301 
s 1
f -80/-140/-300 -79/-139/-299 -75/-134/-298 
f -80/-140/-297 -75/-134/-296 -76/-135/-295 
s 4
f -79/-139/-294 -78/-138/-293 -74/-133/-292 
f -79/-139/-291 -74/-133/-290 -75/-134/-289 
s 2
f -78/-138/-288 -77/-137/-287 -73/-132/-286 
f -78/-138/-285 -73/-132/-284 -74/-133/-283 
s 4
f -77/-137/-282 -80/-136/-281 -76/-131/-280 
f -77/-137/-279 -76/-131/-278 -73/-132/-277 
s 16
f -74/-128/-276 -73/-127/-275 -76/-130/-274 
f -75/-129/-273 -74/-128/-272 -76/-130/-271 
s 1
f -72/-126/-270 -71/-125/-269 -67/-120/-268 
f -72/-126/-267 -67/-120/-266 -68/-121/-265 
s 4
f -71/-125/-264 -70/-124/-263 -66/-119/-262 
f -71/-125/-261 -66/-119/-260 -67/-120/-259 
s 2
f -70/-124/-258 -69/-123/-257 -65/-118/-256 
f -70/-124/-255 -65/-118/-254 -66/-119/-253 
s 4
f -69/-123/-252 -72/-122/-251 -68/-117/-250 
f -69/-123/-249 -68/-117/-248 -65/-118/-247 
s 16
f -66/-114/-246 -65/-113/-245 -68/-116/-244 
f -67/-115/-243 -66/-114/-242 -68/-116/-241 
s 1
f -64/-112/-240 -63/-111/-239 -59/-106/-238 
f -64/-112/-237 -59/-106/-236 -60/-107/-235 
s 4
f -63/-111/-234 -62/-110/-233 -58/-105/-232 
f -63/-111/-231 -58/-105/-230 -59/-106/-229 
s 2
f -62/-110/-228 -61/-109/-227 -57/-104/-226 
f -62/-110/-225 -57/-104/-224 -58/-105/-223 
s 4
f -61/-109/-222 -64/-108/-221 -60/-103/-220 
f -61/-109/-219 -60/-103/-218 -57/-104/-217 
s 16
f -58/-100/-216 -57/-99/-215 -60/-102/-214 
f -59/-101/-213 -58/-100/-212 -60/-102/-211 
s 1
f -56/-98/-210 -55/-97/-209 -51/-92/-208 
f -56/-98/-207 -51/-92/-206 -52/-93/-205 
s 4
f -55/-97/-204 -54/-96/-203 -50/-91/-202 
f -55/-97/-201 -50/-91/-200 -51/-92/-199 
s 2
f -54/-96/-198 -53/-95/-197 -49/-90/-196 
f -54/-96/-195 -49/-90/-194 -50/-91/-193 
s 4
f -53/-95/-192 -56/-94/-191 -52/-89/-190 
f -53/-95/-189 -52/-89/-188 -49/-90/-187 
s 16
f -50/-86/-186 -49/-85/-185 -52/-88/-184 
f -51/-87/-183 -50/-86/-182 -52/-88/-181 
s 1
f -48/-84/-180 -47/-83/-179 -43/-78/-178 
f -48/-84/-177 -43/-78/-176 -44/-79/-175 
s 4
f -47/-83/-174 -46/-82/-173 -42/-77/-172 
f -47/-83/-171 -42/-77/-170 -43/-78/-169 
s 2
f -46/-82/-168 -45/-81/-167 -41/-76/-166 
f -46/-82/-165 -41/-76/-164 -42/-77/-163 
s 4
f -45/-81/-162 -48/-80/-161 -44/-75/-160 
f -45/-81/-159 -44/-75/-158 -41/-76/-157 
s 16
f -42/-72/-156 -41/-71/-155 -44/-74/-154 
f -43/-73/-153 -42/-72/-152 -44/-74/-151 
s 1
f -40/-70/-150 -39/-69/-149 -35/-64/-148 
f -40/-70/-147 -35/-64/-146 -36/-65/-145 
s 4
f -39/-69/-144 -38/-68/-143 -34/-63/-142 
f -39/-69/-141 -34/-63/-140 -35/-64/-139 
s 2
f -38/-68/-138 -37/-67/-137 -33/-62/-136 
f -38/-68/-135 -33/-62/-134 -34/-63/-133 
s 4
f -37/-67/-132 -40/-66/-131 -36/-61/-130 
f -37/-67/-129 -36/-61/-128 -33/-62/-127 
s 16
f -34/-58/-126 -33/-57/-125 -36/-60/-124 
f -35/-59/-123 -34/-58/-122 -36/-60/-121 
s 1
f -32/-56/-120 -31/-55/-119 -27/-50/-118 
f -32/-56/-117 -27/-50/-116 -28/-51/-115 
s 4
f -31/-55/-114 -30/-54/-113 -26/-49/-112 
f -31/-55/-111 -26/-49/-110 -27/-50/-109 
s 2
f -30/-54/-108 -29/-53/-107 -25/-48/-106 
f -30/-54/-105 -25/-48/-104 -26/-49/-103 
s 4
f -29/-53/-102 -32/-52/-101 -28/-47/-100 
f -29/-53/-99 -28/-47/-98 -25/-48/-97 
s 16
f -26/-44/-96 -25/-43/-95 -28/-46/-94 
f -27/-45/-93 -26/-44/-92 -28/-46/-91 
s 1
f -24/-42/-90 -23/-41/-89 -19/-36/-88 
f -24/-42/-87 -19/-36/-86 -20/-37/-85 
s 4
f -23/-41/-84 -22/-40/-83 -18/-35/-82 
f -23/-41/-81 -18/-35/-80 -19/-36/-79 
s 2
f -22/-40/-78 -21/-39/-77 -17/-34/-76 
f -22/-40/-75 -17/-34/-74 -18/-35/-73 
s 4
f -21/-39/-72 -24/-38/-71 -20/-33/-70 
f -21/-39/-69 -20/-33/-68 -17/-34/-67 
s 16
f -18/-30/-66 -17/-29/-65 -20/-32/-64 
f -19/-31/-63 -18/-30/-62 -20/-32/-61 
s 1
f -16/-28/-60 -15/-27/-59 -11/-22/-58 
f -16/-28/-57 -11/-22/-56 -12/-23/-55 
s 4
f -15/-27/-54 -14/-26/-53 -10/-21/-52 
f -15/-27/-51 -10/-21/-50 -11/-22/-49 
s 2
f -14/-26/-48 -13/-25/-47 -9/-20/-46 
f -14/-26/-45 -9/-20/-44 -10/-21/-43 
s 4
f -13/-25/-42 -16/-24/-41 -12/-19/-40 
f -13/-25/-39 -12/-19/-38 -9/-20/-37 
s 16
f -10/-16/-36 -9/-15/-35 -12/-18/-34 
f -11/-17/-33 -10/-16/-32 -12/-18/-31 
s 1
f -8/-14/-30 -7/-13/-29 -3/-8/-28 
f -8/-14/-27 -3/-8/-26 -4/-9/-25 
s 4
f -7/-13/-24 -6/-12/-23 -2/-7/-22 
f -7/-13/-21 -2/-7/-20 -3/-8/-19 
s 2
f -6/-12/-18 -5/-11/-17 -1/-6/-16 
f -6/-12/-15 -1/-6/-14 -2/-7/-13 
s 4
f -5/-11/-12 -8/-10/-11 -4/-5/-10 
f -5/-11/-9 -4/-5/-8 -1/-6/-7 
s 16
f -2/-2/-6 -1/-1/-5 -4/-4/-4 
f -3/-3/-3 -2/-2/-2 -4/-4/-1 
# 1500 faces

